Timestamp,GSR_Filtered,PPG_Filtered
2025-03-08 14:23:37.039,-6.624844235844423e-06,-3.966011215434425
2025-03-08 14:23:37.058,0.0001598412115471,-4.379261619035022
2025-03-08 14:23:37.078,0.0003233830492068,-4.730168938135224
2025-03-08 14:23:37.097,0.0004806033530597,-4.999707754677091
2025-03-08 14:23:37.117,0.0006285490972112,-5.170483751778135
2025-03-08 14:23:37.136,0.0007646913365655,-5.227955811029516
2025-03-08 14:23:37.156,0.0008867698533359,-5.161582649598434
2025-03-08 14:23:37.175,0.0009926858288694,-4.965966349688802
2025-03-08 14:23:37.195,0.0010806329776071,-4.642012844746296
2025-03-08 14:23:37.214,0.0011495326793448,-4.197985501885404
2025-03-08 14:23:37.234,0.0011996533476749,-3.65018825442155
2025-03-08 14:23:37.253,0.0012331536474875,-3.022951730802838
2025-03-08 14:23:37.273,0.0012542642869208,-2.347637543590244
2025-03-08 14:23:37.292,0.0012689350727611,-1.6605244559921235
2025-03-08 14:23:37.312,0.0012839761528975,-0.9996772055578824
2025-03-08 14:23:37.331,0.0013059045665966,-0.4011683936641214
2025-03-08 14:23:37.351,0.0013397769249964,0.104763675917252
2025-03-08 14:23:37.371,0.0013882469496421,0.4969614611213643
2025-03-08 14:23:37.390,0.0014510045171414,0.7654221545553331
2025-03-08 14:23:37.410,0.0015246934011403,0.9118357168394396
2025-03-08 14:23:37.429,0.0016033651754522,0.9485101766590234
2025-03-08 14:23:37.449,0.0016794545387971,0.8958976525628745
2025-03-08 14:23:37.468,0.0017451282418303,0.7791569403733362
2025-03-08 14:23:37.488,0.0017937153203251,0.6243015270263143
2025-03-08 14:23:37.507,0.0018208693842374,0.4545016410004742
2025-03-08 14:23:37.527,0.0018252009511858,0.2870812643785795
2025-03-08 14:23:37.546,0.0018083066731383,0.1316866515990396
2025-03-08 14:23:37.566,0.0017743059546119,-0.0100399289825599
2025-03-08 14:23:37.585,0.0017290779183046,-0.1432054725203723
2025-03-08 14:23:37.605,0.0016793511970588,-0.2770984228664092
2025-03-08 14:23:37.624,0.0016317128842734,-0.4219105230245358
2025-03-08 14:23:37.644,0.0015915785998062,-0.5855627454022653
2025-03-08 14:23:37.664,0.0015622246572081,-0.7714474310348001
2025-03-08 14:23:37.683,0.0015440555929361,-0.9776506100060086
2025-03-08 14:23:37.703,0.0015343062647504,-1.1977780769851385
2025-03-08 14:23:37.722,0.0015273536502508,-1.4230114117378574
2025-03-08 14:23:37.742,0.0015157391336659,-1.644637682404847
2025-03-08 14:23:37.761,0.001491845956443,-1.8561696899851423
2025-03-08 14:23:37.781,0.0014499307764832,-2.054350116113699
2025-03-08 14:23:37.800,0.0013879667983235,-2.238746117117754
2025-03-08 14:23:37.820,0.0013086843919577,-2.4101418141439
2025-03-08 14:23:37.839,0.001219384009228,-2.56835307106766
2025-03-08 14:23:37.859,0.0011304681058991,-2.7102832535610646
2025-03-08 14:23:37.878,0.0010530256238453,-2.8289514145456245
2025-03-08 14:23:37.898,0.000996073775521,-2.9139008080652107
2025-03-08 14:23:37.917,0.0009641542525501,-2.95295943766392
2025-03-08 14:23:37.937,0.0009558802873977,-2.934913882896884
2025-03-08 14:23:37.956,0.0009637839047771,-2.852378703950639
2025-03-08 14:23:37.976,0.000975506202991,-2.704062494096574
2025-03-08 14:23:37.996,0.0009760714764994,-2.495776108610939
2025-03-08 14:23:38.015,0.0009507299573095,-2.239870044887118
2025-03-08 14:23:38.035,0.0008877110890606,-1.98428702819241
2025-03-08 14:23:38.054,0.0007802677239902,-1.6791774051700867
2025-03-08 14:23:38.074,0.0006276033489301,-1.3403454770172976
2025-03-08 14:23:38.093,0.0004345648784303,-0.9790959023549364
2025-03-08 14:23:38.113,0.0002102454048097,-0.6016358402612227
2025-03-08 14:23:38.132,-3.417840864498263e-05,-0.2102420768377226
2025-03-08 14:23:38.152,-0.0002879464430264,0.1941037313286001
2025-03-08 14:23:38.171,-0.0005430739474884,0.6083895242798099
2025-03-08 14:23:38.191,-0.0007960847778617,1.024609833107573
2025-03-08 14:23:38.210,-0.0010487026716227,1.4281680131639225
2025-03-08 14:23:38.230,-0.0013072587424552,1.7982685252525292
2025-03-08 14:23:38.249,-0.0015808413379934,2.1103378334426157
2025-03-08 14:23:38.269,-0.0018785103233872,2.3399129308785915
2025-03-08 14:23:38.289,-0.0022061474506311,2.467019089858893
2025-03-08 14:23:38.308,-0.0025636637154582,2.4799452659424888
2025-03-08 14:23:38.328,-0.0029432964898985,2.377524784271577
2025-03-08 14:23:38.347,-0.0033295818123143,2.1694475313343724
2025-03-08 14:23:38.367,-0.003701291201929,1.874624968123982
2025-03-08 14:23:38.386,-0.0040352342769982,1.5180611694414994
2025-03-08 14:23:38.406,-0.0043114186073016,1.1269536392758954
2025-03-08 14:23:38.425,-0.004518665799866,0.7268213526578132
2025-03-08 14:23:38.445,-0.004659454153906,0.3383567645313279
2025-03-08 14:23:38.464,-0.0047526252884628,-0.0245218616479888
2025-03-08 14:23:38.484,-0.0048328137513417,-0.3552195614096077
2025-03-08 14:23:38.503,-0.0049460443051433,-0.6536974812156111
2025-03-08 14:23:38.523,-0.0051417079150303,-0.9247085961777332
2025-03-08 14:23:38.542,-0.0054618584832916,-1.1755058644950442
2025-03-08 14:23:38.562,-0.0059293665947577,-1.4135159151943346
2025-03-08 14:23:38.582,-0.0065369238006132,-1.6443556850315215
2025-03-08 14:23:38.601,-0.0072392099801604,-1.870365874911012
2025-03-08 14:23:38.621,-0.0079506151279594,-2.0896557299815024
2025-03-08 14:23:38.640,-0.0085505192847626,-2.295599855033448
2025-03-08 14:23:38.660,-0.0088970605198546,-2.476805214309272
2025-03-08 14:23:38.679,-0.0088485616671961,-2.6176775046882157
2025-03-08 14:23:38.699,-0.0082896659281092,-2.699743067751742
2025-03-08 14:23:38.718,-0.007157316884879,-2.703777668179039
2025-03-08 14:23:38.738,-0.0054606415229524,-2.61259643711099
2025-03-08 14:23:38.757,-0.0032890823642064,-2.4141479586912955
2025-03-08 14:23:38.777,-0.0008050802107793,-2.10439368536922
2025-03-08 14:23:38.796,0.0017788615725705,-1.6893789361939466
2025-03-08 14:23:38.816,0.0042345665222533,-1.185940247916725
2025-03-08 14:23:38.835,0.006356223626457,-0.6206691309830251
2025-03-08 14:23:38.855,0.007992957488393,-0.0270673238525907
2025-03-08 14:23:38.874,0.009068560715892,0.5587614302577084
2025-03-08 14:23:38.894,0.0095850669882534,1.1031361337610637
2025-03-08 14:23:38.914,0.0096114088642764,1.579532443427036
2025-03-08 14:23:38.933,0.0092618087836912,1.9720052437886428
2025-03-08 14:23:38.953,0.0086700058558401,2.276537615093224
2025-03-08 14:23:38.972,0.0079650470330586,2.5000140075195505
2025-03-08 14:23:38.992,0.0072527955797982,2.6570491686042046
2025-03-08 14:23:39.011,0.0066052676216964,2.7653743259246584
2025-03-08 14:23:39.031,0.0060579997212763,2.840780414221019
2025-03-08 14:23:39.050,0.0056142208500419,2.892693646404313
2025-03-08 14:23:39.070,0.0052537259348212,2.921323329194039
2025-03-08 14:23:39.089,0.0049439466757835,2.9170215093089014
2025-03-08 14:23:39.109,0.0046507249617967,2.862071078484914
2025-03-08 14:23:39.128,0.0043467236395734,2.7346133418555683
2025-03-08 14:23:39.148,0.0040162300180218,2.513916649470348
2025-03-08 14:23:39.167,0.0036561339593695,2.185813312557292
2025-03-08 14:23:39.187,0.0032737921924329,1.7470412348757636
2025-03-08 14:23:39.207,0.0028830628712358,1.2074833322305525
2025-03-08 14:23:39.226,0.0024999039774488,0.5898283298741243
2025-03-08 14:23:39.246,0.0021386339702906,-0.0731924650524257
2025-03-08 14:23:39.265,0.0018094342635003,-0.7432940432681118
2025-03-08 14:23:39.285,0.0015171683752233,-1.381833691759477
2025-03-08 14:23:39.304,0.0012612893690115,-1.9546543541903447
2025-03-08 14:23:39.324,0.0010365468814011,-2.435722078754748
2025-03-08 14:23:39.343,0.0008342835561502,-2.809063641850486
2025-03-08 14:23:39.363,0.0006441756595982,-3.068911101797561
2025-03-08 14:23:39.382,0.000456232584598,-3.2183114404886943
2025-03-08 14:23:39.402,0.0002627465198346,-3.266700396594411
2025-03-08 14:23:39.421,5.978631095219624e-05,-3.227037241789885
2025-03-08 14:23:39.441,-0.0001521331565885,-3.1130594116832864
2025-03-08 14:23:39.460,-0.0003683846758181,-2.937096582129826
2025-03-08 14:23:39.480,-0.000581481410644,-2.7087474215979186
2025-03-08 14:23:39.500,-0.0007829349437093,-2.43458838218131
2025-03-08 14:23:39.519,-0.0009652726840885,-2.1189204923428044
2025-03-08 14:23:39.539,-0.0011237464534359,-1.7653428587879514
2025-03-08 14:23:39.558,-0.0012573397596775,-1.378708258041123
2025-03-08 14:23:39.578,-0.0013688359323081,-0.9668521607582402
2025-03-08 14:23:39.597,-0.0014639222546248,-0.5414710006789311
2025-03-08 14:23:39.617,-0.0015495499551679,-0.1176997858637659
2025-03-08 14:23:39.636,-0.0016319978189654,0.2877074506823281
2025-03-08 14:23:39.656,-0.0017152105391609,0.6592394752316335
2025-03-08 14:23:39.675,-0.0017999050941954,0.9857712137877144
2025-03-08 14:23:39.695,-0.0018836486187092,1.263019625985956
2025-03-08 14:23:39.714,-0.0019617478863526,1.4944309497209167
2025-03-08 14:23:39.734,-0.002028560276892,1.6900086338172684
2025-03-08 14:23:39.753,-0.0020788379595495,1.863186321623794
2025-03-08 14:23:39.773,-0.0021088570337595,2.0264703348560134
2025-03-08 14:23:39.792,-0.002117186745484,2.1870167801713745
2025-03-08 14:23:39.812,-0.0021049621530671,2.343408282336368
2025-03-08 14:23:39.832,-0.0020755453513201,2.484599313353047
2025-03-08 14:23:39.851,-0.0020336090978374,2.5913964915009817
2025-03-08 14:23:39.871,-0.0019839062308832,2.640138852300117
2025-03-08 14:23:39.890,-0.0019301340172835,2.607673241199722
2025-03-08 14:23:39.910,-0.0018742563622021,2.4764329222427697
2025-03-08 14:23:39.929,-0.0018164456994296,2.238459459269809
2025-03-08 14:23:39.949,-0.001755568686127,1.8975099384205123
2025-03-08 14:23:39.968,-0.0016899662021692,1.468869965961942
2025-03-08 14:23:39.988,-0.0016182169063911,0.9770287737933676
2025-03-08 14:23:40.007,-0.0015396311063333,0.4518406736597133
2025-03-08 14:23:40.027,-0.001454366480093,-0.0759032434914054
2025-03-08 14:23:40.046,-0.0013632216858189,-0.5784904078334854
2025-03-08 14:23:40.066,-0.0012672774070042,-1.0340370617826615
2025-03-08 14:23:40.085,-0.0011675841027275,-1.4274769102771043
2025-03-08 14:23:40.105,-0.0010650432022428,-1.7497856160745278
2025-03-08 14:23:40.125,-0.0009605111619062,-1.9959523191141844
2025-03-08 14:23:40.144,-0.0008550200845979,-2.162584980445022
2025-03-08 14:23:40.164,-0.0007499290344917,-2.246131876308459
2025-03-08 14:23:40.183,-0.0006468533592554,-2.242459183735248
2025-03-08 14:23:40.203,-0.0005473581767478,-2.1480112956899173
2025-03-08 14:23:40.222,-0.000452565627352,-1.9621728353747343
2025-03-08 14:23:40.242,-0.0003629002774578,-1.689968928620572
2025-03-08 14:23:40.261,-0.0002781259561802,-1.3440583038120275
2025-03-08 14:23:40.281,-0.0001976606743077,-0.9451543209482342
2025-03-08 14:23:40.300,-0.0001210027243251,-0.5204829907933778
2025-03-08 14:23:40.320,-4.804376146464178e-05,-0.1004877220592164
2025-03-08 14:23:40.339,2.089196430734716e-05,0.2854851660837623
2025-03-08 14:23:40.359,8.529223799155274e-05,0.6135073495597573
2025-03-08 14:23:40.378,0.0001448438748038,0.8684207895165039
2025-03-08 14:23:40.398,0.0001997629483258,1.0455483058403952
2025-03-08 14:23:40.417,0.0002509213100992,1.150516016542516
2025-03-08 14:23:40.437,0.0002997137536804,1.1973437492869186
2025-03-08 14:23:40.457,0.0003476854405386,1.2052499194904234
2025-03-08 14:23:40.476,0.0003960089411341,1.194787438663217
2025-03-08 14:23:40.496,0.0004449718836895,1.184003696244858
2025-03-08 14:23:40.515,0.0004936686389148,1.1853013854451726
2025-03-08 14:23:40.535,0.0005400377578873,1.20353630786828
2025-03-08 14:23:40.554,0.0005812576931214,1.2356141302330774
2025-03-08 14:23:40.574,0.0006143766289558,1.2715021448760842
2025-03-08 14:23:40.593,0.0006369919896102,1.2962692101081106
2025-03-08 14:23:40.613,0.0006478233855503,1.2926079003740754
2025-03-08 14:23:40.632,0.0006470730920297,1.243312422654296
2025-03-08 14:23:40.652,0.0006364980240733,1.133351082120466
2025-03-08 14:23:40.671,0.0006191553437958,0.9514103670475578
2025-03-08 14:23:40.691,0.000598857446445,0.691014057388761
2025-03-08 14:23:40.710,0.0005794556080954,0.3514537197035067
2025-03-08 14:23:40.730,0.0005641230237825,-0.0612565389507742
2025-03-08 14:23:40.750,0.0005548064146767,-0.5333861061603759
2025-03-08 14:23:40.769,0.0005519614780424,-1.0427513852232506
2025-03-08 14:23:40.789,0.0005546032182258,-1.5588125282632312
2025-03-08 14:23:40.808,0.0005606303031781,-2.0442472188865466
2025-03-08 14:23:40.828,0.0005673485321288,-2.458391380793718
2025-03-08 14:23:40.847,0.0005720943655827,-2.7623952621392545
2025-03-08 14:23:40.867,0.0005728150601977,-2.9252962061626837
2025-03-08 14:23:40.886,0.0005684380445989,-2.929708267059551
2025-03-08 14:23:40.906,0.0005589232791187,-2.7756856614881444
2025-03-08 14:23:40.925,0.0005450252025822,-2.48161842821732
2025-03-08 14:23:40.945,0.0005279113026622,-2.081695323188113
2025-03-08 14:23:40.964,0.0005088207999606,-1.6203214737374128
2025-03-08 14:23:40.984,0.0004888822424026,-1.1446481390008754
2025-03-08 14:23:41.003,0.0004690799216851,-0.6968352334900161
2025-03-08 14:23:41.023,0.0004502513978107,-0.3077085902771569
2025-03-08 14:23:41.043,0.0004329995432025,0.0068936504833403
2025-03-08 14:23:41.062,0.0004175131597374,0.2464539350303617
2025-03-08 14:23:41.082,0.0004034077167006,0.4229466969869742
2025-03-08 14:23:41.101,0.0003897198516068,0.5557444264202067
2025-03-08 14:23:41.121,0.0003751095221737,0.6656619345308467
2025-03-08 14:23:41.140,0.0003582164687551,0.7696765625573057
2025-03-08 14:23:41.160,0.0003380581881301,0.8775661977865545
2025-03-08 14:23:41.179,0.0003143608798838,0.991064194169627
2025-03-08 14:23:41.199,0.0002877454995321,1.105355198955281
2025-03-08 14:23:41.218,0.0002597111648037,1.2120879558221571
2025-03-08 14:23:41.238,0.000232372443038,1.302753290472238
2025-03-08 14:23:41.257,0.0002079566703387,1.371325771577521
2025-03-08 14:23:41.277,0.0001881739850173,1.415425005883147
2025-03-08 14:23:41.296,0.0001736807466126,1.4357745028580045
2025-03-08 14:23:41.316,0.0001638669927639,1.4342689935633095
2025-03-08 14:23:41.335,0.0001570698809351,1.4113755012856897
2025-03-08 14:23:41.355,0.0001511124022253,1.3637986926963874
2025-03-08 14:23:41.375,0.0001439175519734,1.283296233963074
2025-03-08 14:23:41.394,0.0001339559044087,1.157250283093079
2025-03-08 14:23:41.414,0.0001204320743142,0.9711496194932516
2025-03-08 14:23:41.433,0.0001032590273833,0.7126051242541296
2025-03-08 14:23:41.453,8.288718787596486e-05,0.3760209044979749
2025-03-08 14:23:41.472,5.999184303405782e-05,-0.0332942411853312
2025-03-08 14:23:41.492,3.502210721138656e-05,-0.4968304371766958
2025-03-08 14:23:41.511,7.726540218104088e-06,-0.98331129326169
2025-03-08 14:23:41.531,-2.311802956684197e-05,-1.4521011306389815
2025-03-08 14:23:41.550,-5.9568749240628174e-05,-1.859018080878168
2025-03-08 14:23:41.570,-0.0001039243618077,-2.1633239213801154
2025-03-08 14:23:41.589,-0.0001578330233331,-2.334365420893378
2025-03-08 14:23:41.609,-0.0002213923525905,-2.356473146539971
2025-03-08 14:23:41.628,-0.000292550199706,-2.231186526814059
2025-03-08 14:23:41.648,-0.0003670077055824,-1.9764922989967375
2025-03-08 14:23:41.668,-0.0004386550406135,-1.623370967224878
2025-03-08 14:23:41.687,-0.0005004284910137,-1.210434219526994
2025-03-08 14:23:41.707,-0.0005454156500308,-0.7777407415112846
2025-03-08 14:23:41.726,-0.0005680175255474,-0.3609500896234432
2025-03-08 14:23:41.746,-0.00056494550937,0.0132020137714361
2025-03-08 14:23:41.765,-0.0005358055341748,0.3294958645605328
2025-03-08 14:23:41.785,-0.0004830876465923,0.584726989043532
2025-03-08 14:23:41.804,-0.0004115740029572,0.7863483753620467
2025-03-08 14:23:41.824,-0.0003274045364873,0.9497398140993736
2025-03-08 14:23:41.843,-0.0002371341564518,1.0946622335398153
2025-03-08 14:23:41.863,-0.0001470147500968,1.2414004705945323
2025-03-08 14:23:41.882,-6.254443354560044e-05,1.4070077528185911
2025-03-08 14:23:41.902,1.1798522351055586e-05,1.6020234250302636
2025-03-08 14:23:41.921,7.272935337337773e-05,1.8280619333897576
2025-03-08 14:23:41.941,0.0001182855470474,2.0767058969652985
2025-03-08 14:23:41.961,0.0001479168801593,2.330076578322624
2025-03-08 14:23:41.980,0.0001625092517158,2.563220629789376
2025-03-08 14:23:42.000,0.0001642815771499,2.748046371097812
2025-03-08 14:23:42.019,0.0001564778697092,2.8580818508934307
2025-03-08 14:23:42.039,0.0001428032935685,2.8729992127852664
2025-03-08 14:23:42.058,0.0001266408358534,2.7818188145936684
2025-03-08 14:23:42.078,0.0001102180795484,2.5840215951888013
2025-03-08 14:23:42.097,9.400289956827096e-05,2.2883750801883376
2025-03-08 14:23:42.117,7.659953249452508e-05,1.9099363892302517
2025-03-08 14:23:42.136,5.525669097331096e-05,1.466215228894565
2025-03-08 14:23:42.156,2.6858278199794384e-05,0.9736773636180536
2025-03-08 14:23:42.175,-1.0928404629195595e-05,0.4455763105421523
2025-03-08 14:23:42.195,-5.872782454646205e-05,-0.1084000687136886
2025-03-08 14:23:42.214,-0.0001150348998495,-0.6808011891379729
2025-03-08 14:23:42.234,-0.0001763839644216,-1.264061186218808
2025-03-08 14:23:42.253,-0.0002380124315944,-1.848043930433372
2025-03-08 14:23:42.273,-0.0002948151341191,-2.418345978545384
2025-03-08 14:23:42.293,-0.0003423386707423,-2.955890247483468
2025-03-08 14:23:42.312,-0.0003775590894917,-3.4379046745153072
2025-03-08 14:23:42.332,-0.0003992456677134,-3.839998095880133
2025-03-08 14:23:42.351,-0.000407856339428,-4.138819440611592
2025-03-08 14:23:42.371,-0.0004050827592362,-4.314730216313147
2025-03-08 14:23:42.390,-0.0003932732470044,-4.353999422609271
2025-03-08 14:23:42.410,-0.0003749551883979,-4.2501991992468815
2025-03-08 14:23:42.429,-0.000352563017865,-4.004693090500666
2025-03-08 14:23:42.449,-0.0003283156577244,-3.626313359307032
2025-03-08 14:23:42.468,-0.0003040828730926,-3.130462829247274
2025-03-08 14:23:42.488,-0.0002811272408152,-2.537915874446369
2025-03-08 14:23:42.507,-0.000259788721713,-1.8735375036397208
2025-03-08 14:23:42.527,-0.0002393400268298,-1.1650252362557092
2025-03-08 14:23:42.546,-0.0002182317090048,-0.4416557605570658
2025-03-08 14:23:42.566,-0.000194753232403,0.2670625953832645
2025-03-08 14:23:42.586,-0.0001678790909464,0.9329356491197648
2025-03-08 14:23:42.605,-0.0001379101152184,1.5308560543531846
2025-03-08 14:23:42.625,-0.0001065764397845,2.0406970324858804
2025-03-08 14:23:42.644,-7.652212894083264e-05,2.449063161854909
2025-03-08 14:23:42.664,-5.038049079357997e-05,2.750501769615371
2025-03-08 14:23:42.683,-2.98043544888284e-05,2.9477404476847977
2025-03-08 14:23:42.703,-1.4794402652102223e-05,3.0506418433999243
2025-03-08 14:23:42.722,-3.536400291709936e-06,3.073872496128377
2025-03-08 14:23:42.742,7.208005462464532e-06,3.0336870431812035
2025-03-08 14:23:42.761,2.1266344592922003e-05,2.944572147080362
2025-03-08 14:23:42.781,4.200222530482694e-05,2.8166143441297025
2025-03-08 14:23:42.800,7.133113250183277e-05,2.6542745337557365
2025-03-08 14:23:42.820,0.0001090849736182,2.456817752850445
2025-03-08 14:23:42.839,0.0001529233343974,2.220121090794261
2025-03-08 14:23:42.859,0.0001988379837114,1.9391738138588843
2025-03-08 14:23:42.879,0.0002421090302899,1.610457697231526
2025-03-08 14:23:42.898,0.0002784210034322,1.2335904031456189
2025-03-08 14:23:42.918,0.0003048146579114,0.8120120212030898
2025-03-08 14:23:42.937,0.0003202388838252,0.3528841486409491
2025-03-08 14:23:42.957,0.0003255990527737,-0.1334228797591188
2025-03-08 14:23:42.976,0.0003233176759919,-0.6338994128428712
2025-03-08 14:23:42.996,0.0003165420359277,-1.133331314894939
2025-03-08 14:23:43.015,0.0003082479168543,-1.614593101590637
2025-03-08 14:23:43.035,0.0003005287478059,-2.058920590011002
2025-03-08 14:23:43.054,0.000294268711793,-2.446349842869072
2025-03-08 14:23:43.074,0.0002892232603308,-2.756528037788256
2025-03-08 14:23:43.093,0.0002843835604596,-2.9700601850865525
2025-03-08 14:23:43.113,0.000278449116857,-3.0704173693878807
2025-03-08 14:23:43.132,0.0002702584399389,-3.046204484205236
2025-03-08 14:23:43.152,0.0002590850757333,-2.8933585974886062
2025-03-08 14:23:43.171,0.0002447652595128,-2.6167462104835706
2025-03-08 14:23:43.191,0.0002276705454815,-2.2307063996748417
2025-03-08 14:23:43.211,0.0002085684555141,-1.7582995263717658
2025-03-08 14:23:43.230,0.0001884258763532,-1.229268931176108
2025-03-08 14:23:43.250,0.0001682068302881,-0.6769337083271373
2025-03-08 14:23:43.269,0.000148703707258,-0.1343882084140822
2025-03-08 14:23:43.289,0.0001304248335032,0.369493700409688
2025-03-08 14:23:43.308,0.0001135460970554,0.8136503565803079
2025-03-08 14:23:43.328,9.792311336389298e-05,1.187359662390738
2025-03-08 14:23:43.347,8.315388120992009e-05,1.4910796268764297
2025-03-08 14:23:43.367,6.867913821926469e-05,1.7351895559668031
2025-03-08 14:23:43.386,5.390683314425604e-05,1.93663270616447
2025-03-08 14:23:43.406,3.834642006959059e-05,2.1140123807525786
2025-03-08 14:23:43.425,2.173695032466458e-05,2.2822106552052546
2025-03-08 14:23:43.445,4.1503408386331e-06,2.447864811545638
2025-03-08 14:23:43.464,-1.395084151033172e-05,2.6068934269659123
2025-03-08 14:23:43.484,-3.1720960710326275e-05,2.744710794823173
2025-03-08 14:23:43.504,-4.801826528937218e-05,2.838993457647849
2025-03-08 14:23:43.523,-6.15729713921555e-05,2.8641701520015324
2025-03-08 14:23:43.543,-7.122024214390119e-05,2.796453225617188
2025-03-08 14:23:43.562,-7.616122850912114e-05,2.618284715196816
2025-03-08 14:23:43.582,-7.619768263689169e-05,2.321411582571008
2025-03-08 14:23:43.601,-7.187811627547123e-05,1.908241183287436
2025-03-08 14:23:43.621,-6.450324852883098e-05,1.3915234138268238
2025-03-08 14:23:43.640,-5.597065670317388e-05,0.7927025772712162
2025-03-08 14:23:43.660,-4.849104816272406e-05,0.1394506868472124
2025-03-08 14:23:43.679,-4.425996275178499e-05,-0.5370948607688893
2025-03-08 14:23:43.699,-4.5175893810427575e-05,-1.2050066848169676
2025-03-08 14:23:43.718,-5.263622284121773e-05,-1.833982897897655
2025-03-08 14:23:43.738,-6.736622773437783e-05,-2.397477584632014
2025-03-08 14:23:43.757,-8.923060387402031e-05,-2.8745150975843474
2025-03-08 14:23:43.777,-0.0001170565723055,-3.251014338176107
2025-03-08 14:23:43.796,-0.0001485755022283,-3.520297068759193
2025-03-08 14:23:43.816,-0.0001805778680389,-3.6824539306515143
2025-03-08 14:23:43.836,-0.0002092871179702,-3.7424820306772286
2025-03-08 14:23:43.855,-0.0002308761913643,-3.7075359546804174
2025-03-08 14:23:43.875,-0.0002420257354694,-3.58406879595333
2025-03-08 14:23:43.894,-0.0002404360627658,-3.3758555529677454
2025-03-08 14:23:43.914,-0.0002252200602368,-3.0837265186516856
2025-03-08 14:23:43.933,-0.0001971119643073,-2.7072876250470914
2025-03-08 14:23:43.953,-0.0001584391657773,-2.2481522475427846
2025-03-08 14:23:43.972,-0.0001128362737649,-1.7135636111454964
2025-03-08 14:23:43.992,-6.4731251805916e-05,-1.1190332483612908
2025-03-08 14:23:44.011,-1.8676676216274943e-05,-0.488876134773978
2025-03-08 14:23:44.031,2.138155153450305e-05,0.1458081846160478
2025-03-08 14:23:44.050,5.278291874228303e-05,0.7513263256073625
2025-03-08 14:23:44.070,7.461538422130624e-05,1.2966752194030358
2025-03-08 14:23:44.089,8.778070384953487e-05,1.7585252197501111
2025-03-08 14:23:44.109,9.456735127370989e-05,2.124657184997233
2025-03-08 14:23:44.129,9.782246365227384e-05,2.3951099449670634
2025-03-08 14:23:44.148,9.99977465859212e-05,2.5809143600810307
2025-03-08 14:23:44.168,0.0001024108319883,2.7008225565412265
2025-03-08 14:23:44.187,0.0001049667398167,2.7767922235699576
2025-03-08 14:23:44.207,0.0001063852061417,2.8291477464176604
2025-03-08 14:23:44.226,0.0001047989463751,2.8723275020613848
2025-03-08 14:23:44.246,9.849963448692678e-05,2.911957606473568
2025-03-08 14:23:44.265,8.660543935356025e-05,2.943700338612881
2025-03-08 14:23:44.285,6.947017958045811e-05,2.953967594490128
2025-03-08 14:23:44.304,4.872725508180648e-05,2.9222420132307336
2025-03-08 14:23:44.324,2.695193909504248e-05,2.824495372425017
2025-03-08 14:23:44.343,7.025306848864796e-06,2.637101804591876
2025-03-08 14:23:44.363,-8.62145426181544e-06,2.3407150525892075
2025-03-08 14:23:44.382,-1.864263236075069e-05,1.9237314174911249
2025-03-08 14:23:44.402,-2.3075435983970777e-05,1.3850716508562584
2025-03-08 14:23:44.422,-2.3207986463705223e-05,0.7360188620669078
2025-03-08 14:23:44.441,-2.1101207975101103e-05,0.0007895807931543
2025-03-08 14:23:44.461,-1.896633007733626e-05,-0.7844884895860109
2025-03-08 14:23:44.480,-1.860870011407536e-05,-1.5745627049136548
2025-03-08 14:23:44.500,-2.1077632800700357e-05,-2.319450366959186
2025-03-08 14:23:44.519,-2.6567415513121264e-05,-2.969885602987065
2025-03-08 14:23:44.539,-3.4533506798622264e-05,-3.482940421299464
2025-03-08 14:23:44.558,-4.393718201075695e-05,-3.8268397108437777
2025-03-08 14:23:44.578,-5.351730673081191e-05,-3.984156726315516
2025-03-08 14:23:44.597,-6.200803252514052e-05,-3.95295066141864
2025-03-08 14:23:44.617,-6.826865233650849e-05,-3.74585797245292
2025-03-08 14:23:44.636,-7.135268464009133e-05,-3.387536635044569
2025-03-08 14:23:44.656,-7.058862024064805e-05,-2.9110956349555552
2025-03-08 14:23:44.675,-6.573127443123498e-05,-2.354191745771102
2025-03-08 14:23:44.695,-5.715541028239381e-05,-1.7553715669399674
2025-03-08 14:23:44.714,-4.5966662122944126e-05,-1.151044153203982
2025-03-08 14:23:44.734,-3.3903020929499254e-05,-0.573254110533954
2025-03-08 14:23:44.754,-2.3021237402348585e-05,-0.0482315413385443
2025-03-08 14:23:44.773,-1.5308836571424042e-05,0.4044466176554058
2025-03-08 14:23:44.793,-1.239540270671662e-05,0.772313396530628
2025-03-08 14:23:44.812,-1.5415598251017492e-05,1.0502835555806942
2025-03-08 14:23:44.832,-2.491708323648811e-05,1.240810809959161
2025-03-08 14:23:44.851,-4.067811163576832e-05,1.3538225487522346
2025-03-08 14:23:44.871,-6.144160464472635e-05,1.4061751368510562
2025-03-08 14:23:44.890,-8.474757353356517e-05,1.4203424509325473
2025-03-08 14:23:44.910,-0.0001070909471725,1.42217407642713
2025-03-08 14:23:44.929,-0.0001245102643933,1.437785534340836
2025-03-08 14:23:44.949,-0.0001335036200315,1.4898709196709268
2025-03-08 14:23:44.968,-0.0001319821422827,1.593891092916759
2025-03-08 14:23:44.988,-0.0001199056501092,1.7546872287301325
2025-03-08 14:23:45.007,-9.934810074517429e-05,1.964122211919171
2025-03-08 14:23:45.027,-7.39634176986994e-05,2.200344718327796
2025-03-08 14:23:45.047,-4.8042048118801e-05,2.4291374059431146
2025-03-08 14:23:45.066,-2.545999993058552e-05,2.6074943015789267
2025-03-08 14:23:45.086,-8.801443866517046e-06,2.689105592937622
2025-03-08 14:23:45.105,1.165759961878441e-06,2.6309570533671485
2025-03-08 14:23:45.125,5.588435918184023e-06,2.399961929606398
2025-03-08 14:23:45.144,7.196464815369775e-06,1.978541708458614
2025-03-08 14:23:45.164,9.589393101606988e-06,1.3683252366802785
2025-03-08 14:23:45.183,1.626360108166228e-05,0.5915089410579383
2025-03-08 14:23:45.203,2.9593688101754462e-05,-0.3102279636987169
2025-03-08 14:23:45.222,5.003681571276379e-05,-1.2791048656375796
2025-03-08 14:23:45.242,7.5797238547877e-05,-2.246596906486769
2025-03-08 14:23:45.261,0.0001030677876117,-3.140290213542811
2025-03-08 14:23:45.281,0.0001268039004187,-3.891565760467461
2025-03-08 14:23:45.300,0.0001418451098093,-4.443230292446274
2025-03-08 14:23:45.320,0.0001441132155899,-4.756057787957071
2025-03-08 14:23:45.340,0.0001315985902061,-4.8132062140755485
2025-03-08 14:23:45.359,0.0001049042131921,-4.621702561494054
2025-03-08 14:23:45.379,6.723597481929424e-05,-4.21064625705788
2025-03-08 14:23:45.398,2.3862108603358334e-05,-3.626381413679446
2025-03-08 14:23:45.418,-1.8827526293543584e-05,-2.9254772840743817
2025-03-08 14:23:45.437,-5.446470602976901e-05,-2.1667687789695096
2025-03-08 14:23:45.457,-7.782257408487145e-05,-1.403837985391296
2025-03-08 14:23:45.476,-8.569183100807463e-05,-0.6791482358687623
2025-03-08 14:23:45.496,-7.733448419997367e-05,-0.0206404301347083
2025-03-08 14:23:45.515,-5.441712447641933e-05,0.5589198286326874
2025-03-08 14:23:45.535,-2.0448932609163867e-05,1.0600733485174731
2025-03-08 14:23:45.554,2.0102990310325235e-05,1.4929196625536405
2025-03-08 14:23:45.574,6.273651096772546e-05,1.872384017585735
2025-03-08 14:23:45.593,0.0001035933952887,2.2134623337415964
2025-03-08 14:23:45.613,0.0001397502956983,2.5273113779256944
2025-03-08 14:23:45.632,0.0001691738638131,2.818819399524592
2025-03-08 14:23:45.652,0.0001905264922021,3.0859586050094645
2025-03-08 14:23:45.672,0.0002030181182623,3.3208334396972408
2025-03-08 14:23:45.691,0.000206408838748,3.511974219448162
2025-03-08 14:23:45.711,0.0002011458474351,3.647172037579167
2025-03-08 14:23:45.730,0.0001885208003137,3.716070850902491
2025-03-08 14:23:45.750,0.0001706935610574,3.711850365737255
2025-03-08 14:23:45.769,0.000150467385078,3.631637570553651
2025-03-08 14:23:45.789,0.0001308072686329,3.4757130086753416
2025-03-08 14:23:45.808,0.0001142146406929,3.246000461784733
2025-03-08 14:23:45.828,0.0001021514275093,2.944584817061154
2025-03-08 14:23:45.847,9.471485956066868e-05,2.572978069987833
2025-03-08 14:23:45.867,9.069502114823708e-05,2.132535689581177
2025-03-08 14:23:45.886,8.801122684728366e-05,1.6259165835203155
2025-03-08 14:23:45.906,8.436047411982733e-05,1.058974531499285
2025-03-08 14:23:45.925,7.780371122560333e-05,0.4421923588203112
2025-03-08 14:23:45.945,6.705629922792358e-05,-0.2091289633760726
2025-03-08 14:23:45.965,5.144661554910767e-05,-0.8762501896292673
2025-03-08 14:23:45.984,3.07277771244381e-05,-1.5396186261267253
2025-03-08 14:23:46.004,4.9914675339094375e-06,-2.1818481838593864
2025-03-08 14:23:46.023,-2.5206730890037087e-05,-2.7899282168327577
2025-03-08 14:23:46.043,-5.8608634517437e-05,-3.355753281045054
2025-03-08 14:23:46.062,-9.310786583692776e-05,-3.874676489836816
2025-03-08 14:23:46.082,-0.0001258658384331,-4.34254685895672
2025-03-08 14:23:46.101,-0.0001537341495175,-4.752282317707166
2025-03-08 14:23:46.121,-0.0001738937365271,-5.0912294760788885
2025-03-08 14:23:46.140,-0.0001845219882973,-5.340323848282171
2025-03-08 14:23:46.160,-0.0001852615253338,-5.475509800500849
2025-03-08 14:23:46.179,-0.0001773049533993,-5.471210329103667
2025-03-08 14:23:46.199,-0.0001630311806878,-5.305051253431615
2025-03-08 14:23:46.218,-0.0001453030864092,-4.962687623000096
2025-03-08 14:23:46.238,-0.0001266883197742,-4.44153435191599
2025-03-08 14:23:46.257,-0.0001088992871031,-3.752485080742837
2025-03-08 14:23:46.277,-9.262914373367057e-05,-2.919247974836502
2025-03-08 14:23:46.297,-7.775810969126399e-05,-1.9755794680356773
2025-03-08 14:23:46.316,-6.374150070906836e-05,-0.961245358449448
2025-03-08 14:23:46.336,-4.995378395744663e-05,0.0822060754137849
2025-03-08 14:23:46.355,-3.585687432729882e-05,1.114893391254634
2025-03-08 14:23:46.375,-2.101028930795732e-05,2.100733955126059
2025-03-08 14:23:46.394,-5.034665495780962e-06,3.008264806669569
2025-03-08 14:23:46.414,1.2379582459598388e-05,3.810605375390077
2025-03-08 14:23:46.433,3.141391063970707e-05,4.48520458197898
2025-03-08 14:23:46.453,5.206624991068516e-05,5.013908483521712
2025-03-08 14:23:46.472,7.412679609087623e-05,5.383563401749599
2025-03-08 14:23:46.492,9.714660023262884e-05,5.5869908233518455
2025-03-08 14:23:46.511,0.0001203397793505,5.623901122027766
2025-03-08 14:23:46.531,0.0001424267157639,5.50126119969379
2025-03-08 14:23:46.550,0.0001615233510971,5.232804319776494
2025-03-08 14:23:46.570,0.0001752113563328,4.837682798652682
2025-03-08 14:23:46.590,0.0001808412597775,4.338578655904022
2025-03-08 14:23:46.609,0.000175980522472,3.759768404398645
2025-03-08 14:23:46.629,0.0001588308614202,3.125605012342918
2025-03-08 14:23:46.648,0.0001284698021619,2.459648927433182
2025-03-08 14:23:46.668,8.488668884537317e-05,1.7843645140407407
2025-03-08 14:23:46.687,2.8895872328723603e-05,1.121048291925752
2025-03-08 14:23:46.707,-3.794186620413029e-05,0.4895753166582665
2025-03-08 14:23:46.726,-0.0001132843638745,-0.0923418867757863
2025-03-08 14:23:46.746,-0.0001938319798597,-0.6104445549077596
2025-03-08 14:23:46.765,-0.0002750781404513,-1.0555454744978383
2025-03-08 14:23:46.785,-0.000351132135937,-1.4250247368512157
2025-03-08 14:23:46.804,-0.0004147916131665,-1.7236828312590555
2025-03-08 14:23:46.824,-0.0004580133663196,-1.9635467202624035
2025-03-08 14:23:46.843,-0.0004728451409232,-2.1624757874090377
2025-03-08 14:23:46.863,-0.0004527615360341,-2.3416828995010706
2025-03-08 14:23:46.883,-0.000394231298909,-2.522468626252557
2025-03-08 14:23:46.902,-0.0002982630927102,-2.7225484382093894
2025-03-08 14:23:46.922,-0.0001716324547597,-2.9524001202291106
2025-03-08 14:23:46.941,-2.746317688676567e-05,-3.2121371999516786
2025-03-08 14:23:46.961,0.0001151716449078,-3.489506672006684
2025-03-08 14:23:46.980,0.0002329037878428,-3.7596162741974952
2025-03-08 14:23:47.000,0.0003010843405773,-3.9868149834696776
2025-03-08 14:23:47.019,0.0002979680766782,-4.128759063670673
2025-03-08 14:23:47.039,0.0002094739984881,-4.142186968442874
2025-03-08 14:23:47.058,3.3523587187147115e-05,-3.989469613267711
2025-03-08 14:23:47.078,-0.0002172300937531,-3.6447681138775
2025-03-08 14:23:47.097,-0.0005152522287435,-3.0987072202600463
2025-03-08 14:23:47.117,-0.0008209285474264,-2.3608200762028737
2025-03-08 14:23:47.136,-0.0010879655468617,-1.4594960868638962
2025-03-08 14:23:47.156,-0.0012704518399238,-0.4396068011507408
2025-03-08 14:23:47.175,-0.0013303361851989,0.6417049650111158
2025-03-08 14:23:47.195,-0.0012440254016296,1.720426270565837
2025-03-08 14:23:47.215,-0.0010069571200559,2.731575323099488
2025-03-08 14:23:47.234,-0.0006353237125527,3.614953572033713
2025-03-08 14:23:47.254,-0.0001645665569568,4.320203384573785
2025-03-08 14:23:47.273,0.0003552325969308,4.810766406561395
2025-03-08 14:23:47.293,0.0008664132808299,5.066472735237451
2025-03-08 14:23:47.312,0.0013121410420227,5.084592372067248
2025-03-08 14:23:47.332,0.0016447615068407,4.879266181091306
2025-03-08 14:23:47.351,0.0018326786733017,4.479353052980747
2025-03-08 14:23:47.371,0.0018645534437062,3.92490749683538
2025-03-08 14:23:47.390,0.0017500597545461,3.2627058788293555
2025-03-08 14:23:47.410,0.001517060392255,2.54140289095328
2025-03-08 14:23:47.429,0.0012057881756854,1.8069552821273327
2025-03-08 14:23:47.449,0.0008612734351888,1.0988610919996036
2025-03-08 14:23:47.468,0.0005256391215448,0.4475552145753034
2025-03-08 14:23:47.488,0.0002318470474683,-0.1269374820800115
2025-03-08 14:23:47.508,3.105237364289264e-08,-0.6151730774793905
2025-03-08 14:23:47.527,-0.0001631475597112,-1.0174603751158364
2025-03-08 14:23:47.547,-0.0002624250629411,-1.3422435972265545
2025-03-08 14:23:47.566,-0.0003100299278408,-1.6039156487022028
2025-03-08 14:23:47.586,-0.0003211394704262,-1.820289135982058
2025-03-08 14:23:47.605,-0.0003098611432511,-2.009960745329898
2025-03-08 14:23:47.625,-0.0002865850679052,-2.1898064144888125
2025-03-08 14:23:47.644,-0.0002570723865854,-2.372829409488286
2025-03-08 14:23:47.664,-0.0002231389526243,-2.5665428101326824
2025-03-08 14:23:47.683,-0.0001843923690327,-2.772006167380776
2025-03-08 14:23:47.703,-0.0001402724847326,-2.9835767542651888
2025-03-08 14:23:47.722,-9.167289879148568e-05,-3.189400720437383
2025-03-08 14:23:47.742,-4.1661732752968585e-05,-3.3726405381202227
2025-03-08 14:23:47.761,4.823832215327075e-06,-3.5133614873195484
2025-03-08 14:23:47.781,4.210285696701028e-05,-3.590866053658266
2025-03-08 14:23:47.801,6.52796306287208e-05,-3.5861356443708656
2025-03-08 14:23:47.820,7.168541037574825e-05,-3.484005881593813
2025-03-08 14:23:47.840,6.178025899847774e-05,-3.2747894632663845
2025-03-08 14:23:47.859,3.92061321148162e-05,-2.9552066414582097
2025-03-08 14:23:47.879,9.92180275754385e-06,-2.528608154422966
2025-03-08 14:23:47.898,-1.935543158814181e-05,-2.004548479910705
2025-03-08 14:23:47.918,-4.291401268047034e-05,-1.3978076063456846
2025-03-08 14:23:47.937,-5.742811409709989e-05,-0.7269973307864172
2025-03-08 14:23:47.957,-6.250816306161937e-05,-0.012933982415077
2025-03-08 14:23:47.976,-6.032056882682164e-05,0.7230008174392016
2025-03-08 14:23:47.996,-5.453891146760834e-05,1.4602777209286577
2025-03-08 14:23:48.015,-4.90835342570616e-05,2.1802041390322886
2025-03-08 14:23:48.035,-4.706707451097671e-05,2.8663143677247582
2025-03-08 14:23:48.054,-5.018485020705148e-05,3.504090172393268
2025-03-08 14:23:48.074,-5.86154677475171e-05,4.0800851190343375
2025-03-08 14:23:48.093,-7.13786636814172e-05,4.580731300596701
2025-03-08 14:23:48.113,-8.699336000726234e-05,4.991287908130926
2025-03-08 14:23:48.133,-0.0001041797690955,5.295430317760305
2025-03-08 14:23:48.152,-0.0001223250727668,5.475821540460789
2025-03-08 14:23:48.172,-0.000141540435449,5.515715353103555
2025-03-08 14:23:48.191,-0.0001623297372495,5.401342835222693
2025-03-08 14:23:48.211,-0.000185050709829,5.124640059923543
2025-03-08 14:23:48.230,-0.0002094049381255,4.6858128320918055
2025-03-08 14:23:48.250,-0.0002341556226658,4.095263629986725
2025-03-08 14:23:48.269,-0.0002571841231702,3.3744713748921797
2025-03-08 14:23:48.289,-0.0002758900482813,2.555501151873802
2025-03-08 14:23:48.308,-0.0002878360587212,1.6789629591282482
2025-03-08 14:23:48.328,-0.0002914569549292,0.7904742392850183
2025-03-08 14:23:48.347,-0.0002866118040827,-0.0640083932882774
2025-03-08 14:23:48.367,-0.0002747735810768,-0.8433261906915379
2025-03-08 14:23:48.386,-0.0002587324541939,-1.5158878969512355
2025-03-08 14:23:48.406,-0.0002418329376591,-2.0632460986538392
2025-03-08 14:23:48.426,-0.0002269388025373,-2.4818422122340724
2025-03-08 14:23:48.445,-0.0002154472508239,-2.7825954624788185
2025-03-08 14:23:48.465,-0.0002066756078464,-2.988382193917123
2025-03-08 14:23:48.484,-0.0001978188234723,-3.129807860857777
2025-03-08 14:23:48.504,-0.0001845088258695,-3.239950978438042
2025-03-08 14:23:48.523,-0.0001618643673837,-3.348917576173457
2025-03-08 14:23:48.543,-0.0001258027180761,-3.4790718695873037
2025-03-08 14:23:48.562,-7.429503627298896e-05,-3.641696231361141
2025-03-08 14:23:48.582,-8.232892002150974e-06,-3.835579439704424
2025-03-08 14:23:48.601,6.833017580590479e-05,-4.047666333391352
2025-03-08 14:23:48.621,0.0001486268999257,-4.255502588986877
2025-03-08 14:23:48.640,0.0002242166591315,-4.4308805425283255
2025-03-08 14:23:48.660,0.0002864151990074,-4.543921354693504
2025-03-08 14:23:48.679,0.0003278441778614,-4.566848718850919
2025-03-08 14:23:48.699,0.0003437846538412,-4.476900742219135
2025-03-08 14:23:48.718,0.0003330306498805,-4.258129859773252
2025-03-08 14:23:48.738,0.0002980479588113,-3.9021596548504416
2025-03-08 14:23:48.758,0.0002444187749621,-3.408190430034224
2025-03-08 14:23:48.777,0.000179721588995,-2.782603013224916
2025-03-08 14:23:48.797,0.000112110953254,-2.0384266763740704
2025-03-08 14:23:48.816,4.891653417893778e-05,-1.194805031156822
2025-03-08 14:23:48.836,-4.426261612593457e-06,-0.2764899339938118
2025-03-08 14:23:48.855,-4.489018614014526e-05,0.6866775064427441
2025-03-08 14:23:48.875,-7.17627806686779e-05,1.6604180295097115
2025-03-08 14:23:48.894,-8.608489230163138e-05,2.6070143646110946
2025-03-08 14:23:48.914,-8.987025285570895e-05,3.486935424292461
2025-03-08 14:23:48.933,-8.534527608978016e-05,4.261281086538921
2025-03-08 14:23:48.953,-7.436639684386263e-05,4.894983968316405
2025-03-08 14:23:48.972,-5.809018350569088e-05,5.360340880959195
2025-03-08 14:23:48.992,-3.692209518824767e-05,5.640159828586657
2025-03-08 14:23:49.011,-1.07377925048297e-05,5.729768340453052
2025-03-08 14:23:49.031,2.0671742209968777e-05,5.637379241540043
2025-03-08 14:23:49.051,5.703541509469287e-05,5.382740519880581
2025-03-08 14:23:49.070,9.707205803452634e-05,4.994412984627925
2025-03-08 14:23:49.090,0.0001381769065109,4.506259740617908
2025-03-08 14:23:49.109,0.000176481004365,3.95375056711084
2025-03-08 14:23:49.129,0.0002073356893524,3.370558886399305
2025-03-08 14:23:49.148,0.000226121475877,2.7857766914165563
2025-03-08 14:23:49.168,0.0002291693172813,2.221963702733556
2025-03-08 14:23:49.187,0.00021457460314,1.6941759378982928
2025-03-08 14:23:49.207,0.0001827524335616,1.2100363129329512
2025-03-08 14:23:49.226,0.00013665163999,0.7707777829668067
2025-03-08 14:23:49.246,8.157211924135351e-05,0.3730259789086396
2025-03-08 14:23:49.265,2.4537004637903843e-05,0.0109603632804329
2025-03-08 14:23:49.285,-2.677889216411444e-05,-0.3215443860436447
2025-03-08 14:23:49.304,-6.543182658077307e-05,-0.6291447184913931
2025-03-08 14:23:49.324,-8.660824655277975e-05,-0.9138739853248482
2025-03-08 14:23:49.344,-8.866062112915993e-05,-1.174751811077188
2025-03-08 14:23:49.363,-7.345936322621979e-05,-1.4081903095011776
2025-03-08 14:23:49.383,-4.59270437297777e-05,-1.6091055089406094
2025-03-08 14:23:49.402,-1.287003664895823e-05,-1.7724963149814408
2025-03-08 14:23:49.422,1.8558923576369324e-05,-1.8951096231301732
2025-03-08 14:23:49.441,4.234418499721377e-05,-1.9767300505417944
2025-03-08 14:23:49.461,5.469028895974447e-05,-2.020682311662682
2025-03-08 14:23:49.480,5.453752133477713e-05,-2.033337565367781
2025-03-08 14:23:49.500,4.351212487365119e-05,-2.022730398884661
2025-03-08 14:23:49.519,2.5399756912210327e-05,-1.9967156956026264
2025-03-08 14:23:49.539,5.238981928877697e-06,-1.9612852683731556
2025-03-08 14:23:49.558,-1.1864249608367833e-05,-1.919616415876302
2025-03-08 14:23:49.578,-2.202032487138256e-05,-1.872141785243555
2025-03-08 14:23:49.597,-2.362200567109437e-05,-1.817540460760448
2025-03-08 14:23:49.617,-1.782764589203964e-05,-1.7542318587548378
2025-03-08 14:23:49.636,-8.248812564963292e-06,-1.6818250687842815
2025-03-08 14:23:49.656,7.450750499046647e-08,-1.6020443102208497
2025-03-08 14:23:49.676,2.0727911774718367e-06,-1.5188509393881997
2025-03-08 14:23:49.695,-5.999692430732967e-06,-1.4377406554939285
2025-03-08 14:23:49.715,-2.5594039942424364e-05,-1.3644484434555662
2025-03-08 14:23:49.734,-5.545980346408833e-05,-1.3034738776691248
2025-03-08 14:23:49.754,-9.183205372033142e-05,-1.256876676791112
2025-03-08 14:23:49.773,-0.0001291267377376,-1.2236630823237051
2025-03-08 14:23:49.793,-0.0001609825439474,-1.1998436834164323
2025-03-08 14:23:49.812,-0.0001814459193249,-1.179007763197522
2025-03-08 14:23:49.832,-0.0001860835124786,-1.1531361267880813
2025-03-08 14:23:49.851,-0.0001728219530917,-1.1134054085155414
2025-03-08 14:23:49.871,-0.0001423629553883,-1.050883748113301
2025-03-08 14:23:49.890,-9.81075259323046e-05,-0.9571902321995908
2025-03-08 14:23:49.910,-4.56345030939745e-05,-0.8252929212594541
2025-03-08 14:23:49.929,8.13211807429029e-06,-0.6505947441404988
2025-03-08 14:23:49.949,5.591831489430057e-05,-0.4323037534366541
2025-03-08 14:23:49.969,9.115264181116976e-05,-0.1748563493178196
2025-03-08 14:23:49.988,0.0001089885843796,0.1110540966615872
2025-03-08 14:23:50.008,0.0001071578638613,0.408387494393081
2025-03-08 14:23:50.027,8.645792407897198e-05,0.6950323786434065
2025-03-08 14:23:50.047,5.070320033138472e-05,0.946525758919231
2025-03-08 14:23:50.066,6.102853256418042e-06,1.1398382617054124
2025-03-08 14:23:50.086,-3.9802393220186e-05,1.2574742086856343
2025-03-08 14:23:50.105,-7.940357552081301e-05,1.2910051465814891
2025-03-08 14:23:50.125,-0.0001062384073101,1.2432777533791843
2025-03-08 14:23:50.144,-0.0001159644330307,1.1288140976607333
2025-03-08 14:23:50.164,-0.0001069635810807,0.9722432272218094
2025-03-08 14:23:50.183,-8.050796985685224e-05,0.8049152457550747
2025-03-08 14:23:50.203,-4.047000525552555e-05,0.6601486593633439
2025-03-08 14:23:50.222,7.376091082412529e-06,0.5678411913838043
2025-03-08 14:23:50.242,5.633875042302374e-05,0.5493825309151507
2025-03-08 14:23:50.262,9.989728301073632e-05,0.6138573015647146
2025-03-08 14:23:50.281,0.0001327011386906,0.7563471080881038
2025-03-08 14:23:50.301,0.0001513308331863,0.9587402934658892
2025-03-08 14:23:50.320,0.0001547417605529,1.192940690413033
2025-03-08 14:23:50.340,0.0001443687114966,1.4258785249295705
2025-03-08 14:23:50.359,0.0001238796478847,1.625383363109658
2025-03-08 14:23:50.379,9.855274655357838e-05,1.765832465574093
2025-03-08 14:23:50.398,7.428116559771584e-05,1.8325386763816909
2025-03-08 14:23:50.418,5.632393629978184e-05,1.8240645663948616
2025-03-08 14:23:50.437,4.80709815552126e-05,1.7520090452730437
2025-03-08 14:23:50.457,5.017645171111448e-05,1.6382664644388094
2025-03-08 14:23:50.476,6.036052580257328e-05,1.5102466387962217
2025-03-08 14:23:50.496,7.398509182444019e-05,1.3949818427403011
2025-03-08 14:23:50.515,8.52527451295742e-05,1.313328944995561
2025-03-08 14:23:50.535,8.86750852308551e-05,1.2755065076862728
2025-03-08 14:23:50.554,8.03897080599205e-05,1.278944502028131
2025-03-08 14:23:50.574,5.898623510526336e-05,1.308905663858413
2025-03-08 14:23:50.594,2.5678429342438145e-05,1.3416847667266318
2025-03-08 14:23:50.613,-1.613262146540805e-05,1.3495880830419344
2025-03-08 14:23:50.633,-6.167879489477381e-05,1.30652170773445
2025-03-08 14:23:50.652,-0.0001057208065923,1.1929745522328812
2025-03-08 14:23:50.672,-0.0001432827689964,0.9994458311635634
2025-03-08 14:23:50.691,-0.0001701689507293,0.7278159924061791
2025-03-08 14:23:50.711,-0.0001833500511511,0.390640915281279
2025-03-08 14:23:50.730,-0.0001813068224248,0.0087374147246105
2025-03-08 14:23:50.750,-0.0001643124670806,-0.3923366171599865
2025-03-08 14:23:50.769,-0.0001345357852256,-0.7862150531653382
2025-03-08 14:23:50.789,-9.583507251543598e-05,-1.1493941469104485
2025-03-08 14:23:50.808,-5.319608678766153e-05,-1.4640612924886818
2025-03-08 14:23:50.828,-1.1896461978257204e-05,-1.7196747950274025
2025-03-08 14:23:50.847,2.3411768598871715e-05,-1.9131345690448007
2025-03-08 14:23:50.867,4.94683026958679e-05,-2.0476686425880937
2025-03-08 14:23:50.887,6.48316745907463e-05,-2.130809374540694
2025-03-08 14:23:50.906,6.98914068700216e-05,-2.171971514494808
2025-03-08 14:23:50.926,6.651219255920052e-05,-2.180146452975626
2025-03-08 14:23:50.945,5.744216652280504e-05,-2.162133078063711
2025-03-08 14:23:50.965,4.564831983079284e-05,-2.121596651831493
2025-03-08 14:23:50.984,3.3727136117786e-05,-2.059109158826228
2025-03-08 14:23:51.004,2.349436007724168e-05,-1.9731612822128364
2025-03-08 14:23:51.023,1.5802048523346242e-05,-1.8619278763974512
2025-03-08 14:23:51.043,1.0578305053347956e-05,-1.7253373430341636
2025-03-08 14:23:51.062,7.044859221240583e-06,-1.5668231124602048
2025-03-08 14:23:51.082,4.043951167336625e-06,-1.3941345100475817
2025-03-08 14:23:51.101,3.983723557218305e-07,-1.218815807685368
2025-03-08 14:23:51.121,-4.766202679843174e-06,-1.054370983666114
2025-03-08 14:23:51.140,-1.179337859162054e-05,-0.9135656520012212
2025-03-08 14:23:51.160,-2.0400194544976734e-05,-0.8056130272853301
2025-03-08 14:23:51.179,-2.9728692305959505e-05,-0.734046382850828
2025-03-08 14:23:51.199,-3.8536804920214125e-05,-0.6958871846545442
2025-03-08 14:23:51.219,-4.549656618763012e-05,-0.6823514513452699
2025-03-08 14:23:51.238,-4.954500871984757e-05,-0.6809191426852338
2025-03-08 14:23:51.258,-5.021481609724782e-05,-0.6782424029829096
2025-03-08 14:23:51.277,-4.786241182159395e-05,-0.6631712610066691
2025-03-08 14:23:51.297,-4.3716150419786666e-05,-0.6291624897437654
2025-03-08 14:23:51.316,-3.969143550856641e-05,-0.5754955520943281
2025-03-08 14:23:51.336,-3.796508538089168e-05,-0.5070060853317178
2025-03-08 14:23:51.355,-4.03655925544196e-05,-0.4324008163912513
2025-03-08 14:23:51.375,-4.7710565865439205e-05,-0.3615603912697911
2025-03-08 14:23:51.394,-5.92902918459863e-05,-0.3024846161289181
2025-03-08 14:23:51.414,-7.272227398886789e-05,-0.2586211853800777
2025-03-08 14:23:51.433,-8.433579011564977e-05,-0.227215903018522
2025-03-08 14:23:51.453,-9.00690901719934e-05,-0.1990560505811476
2025-03-08 14:23:51.472,-8.664219977511893e-05,-0.1596337224096121
2025-03-08 14:23:51.492,-7.262571407085643e-05,-0.0914451949258977
2025-03-08 14:23:51.512,-4.903224706448759e-05,0.0230540637918006
2025-03-08 14:23:51.531,-1.919895350703599e-05,0.1983874116952597
2025-03-08 14:23:51.551,1.2045221671279362e-05,0.4434044329138942
2025-03-08 14:23:51.570,3.968866727898935e-05,0.75944872133645
2025-03-08 14:23:51.590,5.9907522735117786e-05,1.139599424248294
2025-03-08 14:23:51.609,7.106178376604427e-05,1.569060973365169
2025-03-08 14:23:51.629,7.402092373090505e-05,2.026612762735902
2025-03-08 14:23:51.648,7.173830176228889e-05,2.4869004216771926
2025-03-08 14:23:51.668,6.821265131812029e-05,2.9232395539646605
2025-03-08 14:23:51.687,6.71724356292075e-05,3.310504187852564
2025-03-08 14:23:51.707,7.093521987908251e-05,3.627619618171785
2025-03-08 14:23:51.726,7.982964212609368e-05,3.859227565598868
2025-03-08 14:23:51.746,9.231688962492797e-05,3.996261057220666
2025-03-08 14:23:51.765,0.0001056596637742,4.035420815086191
2025-03-08 14:23:51.785,0.0001168250698508,3.977816396903707
2025-03-08 14:23:51.805,0.0001233133406324,3.8272535835042008
2025-03-08 14:23:51.824,0.000123708397123,3.5887499432025667
2025-03-08 14:23:51.844,0.0001178713226213,3.267789983148819
2025-03-08 14:23:51.863,0.0001068022527922,2.870571554519301
2025-03-08 14:23:51.883,9.226482235882288e-05,2.405098173168333
2025-03-08 14:23:51.902,7.629790964635612e-05,1.8825764288404303
2025-03-08 14:23:51.922,6.073744196014029e-05,1.3183668351707467
2025-03-08 14:23:51.941,4.684626195978912e-05,0.7318361714923255
2025-03-08 14:23:51.961,3.511330674595772e-05,0.1448503322743556
2025-03-08 14:23:51.980,2.524389010025536e-05,-0.4208317241480617
2025-03-08 14:23:52.000,1.63271204815489e-05,-0.9465667469153332
2025-03-08 14:23:52.019,7.1378780126761866e-06,-1.4193678047918985
2025-03-08 14:23:52.039,-3.489416999474108e-06,-1.8332579792231196
2025-03-08 14:23:52.058,-1.628948038460717e-05,-2.1891267031029957
2025-03-08 14:23:52.078,-3.127385647279369e-05,-2.493263216778262
2025-03-08 14:23:52.097,-4.758637078209272e-05,-2.7551017652100995
2025-03-08 14:23:52.117,-6.355574135788469e-05,-2.984827594690012
2025-03-08 14:23:52.137,-7.696321769496813e-05,-3.1913693364375826
2025-03-08 14:23:52.156,-8.550086457720949e-05,-3.3810476381929244
2025-03-08 14:23:52.176,-8.734803781225329e-05,-3.556890590891417
2025-03-08 14:23:52.195,-8.174865624512544e-05,-3.718452795666265
2025-03-08 14:23:52.215,-6.944242449899524e-05,-3.86191714742731
2025-03-08 14:23:52.234,-5.2802882382032574e-05,-3.9803026949804376
2025-03-08 14:23:52.254,-3.5575592403749195e-05,-4.0637130734295575
2025-03-08 14:23:52.273,-2.2196119378557186e-05,-4.0996962342070455
2025-03-08 14:23:52.293,-1.6791789650168074e-05,-4.073900747411583
2025-03-08 14:23:52.312,-2.209960516214726e-05,-3.971250338162408
2025-03-08 14:23:52.332,-3.860385096223075e-05,-3.777764207345222
2025-03-08 14:23:52.351,-6.416456615927809e-05,-3.48292256563351
2025-03-08 14:23:52.371,-9.428735867837468e-05,-3.0821951504088383
2025-03-08 14:23:52.390,-0.0001230236955417,-2.5791482419849223
2025-03-08 14:23:52.410,-0.0001443180131488,-1.986523081652925
2025-03-08 14:23:52.430,-0.0001534688461707,-1.3258480234189731
2025-03-08 14:23:52.449,-0.0001483093348518,-0.6254528583490477
2025-03-08 14:23:52.469,-0.0001297748586939,0.0828802417714282
2025-03-08 14:23:52.488,-0.000101686804586,0.7680514111408822
2025-03-08 14:23:52.508,-6.97905684424284e-05,1.40375443359975
2025-03-08 14:23:52.527,-4.029170184505734e-05,1.9717103933375424
2025-03-08 14:23:52.547,-1.827614384025932e-05,2.4633293457797474
2025-03-08 14:23:52.566,-6.427129857859199e-06,2.879425678644063
2025-03-08 14:23:52.586,-4.363521615392728e-06,3.22801562440597
2025-03-08 14:23:52.605,-8.77116410209105e-06,3.5206401282705064
2025-03-08 14:23:52.625,-1.4321762281597796e-05,3.7680137259047433
2025-03-08 14:23:52.644,-1.5182493260584784e-05,3.976009084110181
2025-03-08 14:23:52.664,-6.736226821285331e-06,4.14295815784311
2025-03-08 14:23:52.683,1.297624532520069e-05,4.25896594530545
2025-03-08 14:23:52.703,4.254052587267621e-05,4.307470414246324
2025-03-08 14:23:52.723,7.741895376030815e-05,4.268764550962928
2025-03-08 14:23:52.742,0.0001110933708105,4.124728911915634
2025-03-08 14:23:52.762,0.0001367460370569,3.863691706763957
2025-03-08 14:23:52.781,0.0001489968194381,3.4842246558941548
2025-03-08 14:23:52.801,0.0001452554436605,2.996867368094936
2025-03-08 14:23:52.820,0.0001263868964544,2.423256890456245
2025-03-08 14:23:52.840,9.655767612064508e-05,1.7928202611016877
2025-03-08 14:23:52.859,6.230076902598956e-05,1.1378635026838937
2025-03-08 14:23:52.879,3.100058266560671e-05,0.4883352375690074
2025-03-08 14:23:52.898,9.147923044238815e-06,-0.1323888807362751
2025-03-08 14:23:52.918,8.192970597637481e-07,-0.7096761693717003
2025-03-08 14:23:52.937,6.826507613219188e-06,-1.2373382149691308
2025-03-08 14:23:52.957,2.479755095645864e-05,-1.715138082283745
2025-03-08 14:23:52.976,5.012542197019872e-05,-2.1449733132524216
2025-03-08 14:23:52.996,7.741862331262154e-05,-2.5269391664356
2025-03-08 14:23:53.015,0.0001019616931907,-2.856465552306613
2025-03-08 14:23:53.035,0.0001207680060723,-3.123368943669257
2025-03-08 14:23:53.055,0.000132993815898,-3.313070937294686
2025-03-08 14:23:53.074,0.0001396881600816,-3.409595575561734
2025-03-08 14:23:53.094,0.000143023298134,-3.3994722765978587
2025-03-08 14:23:53.113,0.0001452602657024,-3.275473879190443
2025-03-08 14:23:53.133,0.0001477454860503,-3.039229810468186
2025-03-08 14:23:53.152,0.0001502097565895,-2.702098760901362
2025-03-08 14:23:53.172,0.0001505610100822,-2.2841425394011163
2025-03-08 14:23:53.191,0.0001452435931377,-1.8114870726303576
2025-03-08 14:23:53.211,0.0001301004129952,-1.3126879699819227
2025-03-08 14:23:53.230,0.000101544723686,-0.8148827660469464
2025-03-08 14:23:53.250,5.775244368851553e-05,-0.3405036204359825
2025-03-08 14:23:53.269,-4.494253486034878e-07,0.0948346389298172
2025-03-08 14:23:53.289,-6.92747777226158e-05,0.4829346223219986
2025-03-08 14:23:53.308,-0.0001423861097474,0.8221217560037938
2025-03-08 14:23:53.328,-0.0002119412773944,1.1152263918330352
2025-03-08 14:23:53.348,-0.0002699947531936,1.3670733191700122
2025-03-08 14:23:53.367,-0.0003098682263972,1.5821932432565775
2025-03-08 14:23:53.387,-0.0003271642203024,1.7633459063856896
2025-03-08 14:23:53.406,-0.0003202679678064,1.911138956123245
2025-03-08 14:23:53.426,-0.0002903680317119,2.0246362002827936
2025-03-08 14:23:53.445,-0.0002411429473061,2.1025160769008004
2025-03-08 14:23:53.465,-0.000178266191358,2.144191836203799
2025-03-08 14:23:53.484,-0.0001087891102159,2.1503815009368954
2025-03-08 14:23:53.504,-4.036570373744919e-05,2.1228658043895297
2025-03-08 14:23:53.523,1.970420577074637e-05,2.063493563832256
2025-03-08 14:23:53.543,6.55131323701349e-05,1.9727819340601616
2025-03-08 14:23:53.562,9.344727506409104e-05,1.8486295646793944
2025-03-08 14:23:53.582,0.0001027238959415,1.6856634766572285
2025-03-08 14:23:53.601,9.543045617141454e-05,1.47557514152105
2025-03-08 14:23:53.621,7.605375156780876e-05,1.2085209949647326
2025-03-08 14:23:53.640,5.058696481803266e-05,0.8753569300374798
2025-03-08 14:23:53.660,2.537022081162364e-05,0.4702426657041795
2025-03-08 14:23:53.680,5.867074407725444e-06,-0.0069367216993402
2025-03-08 14:23:53.699,-4.387072943579819e-06,-0.5488116821206234
2025-03-08 14:23:53.719,-4.423139767197834e-06,-1.1397297016804775
2025-03-08 14:23:53.738,4.11556470068168e-06,-1.756023410084064
2025-03-08 14:23:53.758,1.7545506531946496e-05,-2.36732662230692
2025-03-08 14:23:53.777,3.1170729265718974e-05,-2.938866320984739
2025-03-08 14:23:53.797,4.047807790773057e-05,-3.4346048522661494
2025-03-08 14:23:53.816,4.219910178596727e-05,-3.820970904866855
2025-03-08 14:23:53.836,3.500960142305089e-05,-4.070697695302533
2025-03-08 14:23:53.855,1.9741980622279992e-05,-4.166091891183
2025-03-08 14:23:53.875,-9.078853551477436e-07,-4.101038875879566
2025-03-08 14:23:53.894,-2.309886192964684e-05,-3.881281635436376
2025-03-08 14:23:53.914,-4.2820027531446415e-05,-3.522925011271377
2025-03-08 14:23:53.933,-5.688547082361189e-05,-3.04955697629409
2025-03-08 14:23:53.953,-6.368001639724593e-05,-2.488692808191056
2025-03-08 14:23:53.973,-6.343823458545798e-05,-1.868349685517897
2025-03-08 14:23:53.992,-5.798907496194174e-05,-1.2144305505826951
2025-03-08 14:23:54.012,-5.00884953792169e-05,-0.5492815769329861
2025-03-08 14:23:54.031,-4.258804989016912e-05,0.1086073151842697
2025-03-08 14:23:54.051,-3.769619642342629e-05,0.7441209259465671
2025-03-08 14:23:54.070,-3.651150727713358e-05,1.3447628613583091
2025-03-08 14:23:54.090,-3.890013514963555e-05,1.9000509690151464
2025-03-08 14:23:54.109,-4.369158833403451e-05,2.4012521202529333
2025-03-08 14:23:54.129,-4.909466581015594e-05,2.8413848682371547
2025-03-08 14:23:54.148,-5.319675409085987e-05,3.215260275939391
2025-03-08 14:23:54.168,-5.440587100532188e-05,3.519325325379608
2025-03-08 14:23:54.187,-5.1722726953987374e-05,3.751193908302541
2025-03-08 14:23:54.207,-4.4783780866159e-05,3.908928246935797
2025-03-08 14:23:54.226,-3.3688251361634666e-05,3.990292952443675
2025-03-08 14:23:54.246,-1.870073650780887e-05,3.992284800632488
2025-03-08 14:23:54.266,1.9503702036520432e-08,3.9112086690210823
2025-03-08 14:23:54.285,2.251336708002484e-05,3.743422649237769
2025-03-08 14:23:54.305,4.887338743306597e-05,3.4866595749378155
2025-03-08 14:23:54.324,7.890130016140888e-05,3.1416359031775225
2025-03-08 14:23:54.344,0.0001117045096998,2.713560884126881
2025-03-08 14:23:54.363,0.0001453919064166,2.213172339305095
2025-03-08 14:23:54.383,0.0001770126328276,1.657001348418977
2025-03-08 14:23:54.402,0.000202817595933,1.0666625964656031
2025-03-08 14:23:54.422,0.0002188150841773,0.467090887171966
2025-03-08 14:23:54.441,0.0002214839605501,-0.1161658413472019
2025-03-08 14:23:54.461,0.0002084615073007,-0.6602369614275357
2025-03-08 14:23:54.480,0.0001790556154929,-1.1482028224738707
2025-03-08 14:23:54.500,0.000134507956511,-1.571609620374823
2025-03-08 14:23:54.519,7.800406262481392e-05,-1.9315050386820467
2025-03-08 14:23:54.539,1.444496373387132e-05,-2.237493298890464
2025-03-08 14:23:54.558,-5.003871420041583e-05,-2.504726017708768
2025-03-08 14:23:54.578,-0.0001088655462325,-2.749301972369808
2025-03-08 14:23:54.598,-0.000156025441755,-2.9830969641100955
2025-03-08 14:23:54.617,-0.0001871317751079,-3.209376714635701
2025-03-08 14:23:54.637,-0.0002001819699306,-3.420485150176631
2025-03-08 14:23:54.656,-0.0001957612774861,-3.5984038578324458
2025-03-08 14:23:54.676,-0.0001766281556139,-3.7181752871589175
2025-03-08 14:23:54.695,-0.0001468590610642,-3.753334042603953
2025-03-08 14:23:54.715,-0.0001108753721389,-3.681890449697511
2025-03-08 14:23:54.734,-7.264518400954025e-05,-3.4912631823066262
2025-03-08 14:23:54.754,-3.5189724227357025e-05,-3.180899490130908
2025-03-08 14:23:54.773,-3.77827790417652e-07,-2.7620226210688843
2025-03-08 14:23:54.793,3.103664859713694e-05,-2.254777291084786
2025-03-08 14:23:54.812,5.914565589287863e-05,-1.6837600523335978
2025-03-08 14:23:54.832,8.441097300366429e-05,-1.073326243673955
2025-03-08 14:23:54.851,0.0001070856684917,-0.4440512733551192
2025-03-08 14:23:54.871,0.0001267126050597,0.1887074038290471
2025-03-08 14:23:54.891,0.0001418864314071,0.8139262508017012
2025-03-08 14:23:54.910,0.0001503887329587,1.4222752427084324
2025-03-08 14:23:54.930,0.0001496781856454,2.0028695824447498
2025-03-08 14:23:54.949,0.0001376047962735,2.5407440281999
2025-03-08 14:23:54.969,0.000113170434475,3.0161073052207423
2025-03-08 14:23:54.988,7.715852869244797e-05,3.4058075937592105
2025-03-08 14:23:55.008,3.245557895959384e-05,3.686682090453345
2025-03-08 14:23:55.027,-1.6097895190766856e-05,3.839841048929525
2025-03-08 14:23:55.047,-6.239526039076021e-05,3.854659789923324
2025-03-08 14:23:55.066,-0.0001001865823511,3.7313884939353232
2025-03-08 14:23:55.086,-0.0001243661507311,3.481745132513216
2025-03-08 14:23:55.105,-0.0001320744728386,3.127436724423991
2025-03-08 14:23:55.125,-0.0001233042090173,2.69705751598105
2025-03-08 14:23:55.144,-0.0001008504036725,2.222107865098363
2025-03-08 14:23:55.164,-6.964259811412467e-05,1.7329356036233592
2025-03-08 14:23:55.184,-3.5645731547841145e-05,1.255285569886915
2025-03-08 14:23:55.203,-4.576733976376661e-06,0.8079495555727264
2025-03-08 14:23:55.223,1.931109112328656e-05,0.4017949554677842
2025-03-08 14:23:55.242,3.412542521899691e-05,0.0402116304272973
2025-03-08 14:23:55.262,4.0671142379541145e-05,-0.2792579593607854
2025-03-08 14:23:55.281,4.2053291734374544e-05,-0.5626033246740506
2025-03-08 14:23:55.301,4.256931123917265e-05,-0.8169965541446793
2025-03-08 14:23:55.320,4.619224738433235e-05,-1.049024576425913
2025-03-08 14:23:55.340,5.514993834496114e-05,-1.2638871790111696
2025-03-08 14:23:55.359,6.908329258574176e-05,-1.465580851007312
2025-03-08 14:23:55.379,8.502820117712491e-05,-1.6576999175538547
2025-03-08 14:23:55.398,9.816605262884476e-05,-1.844208419408838
2025-03-08 14:23:55.418,0.0001030906938599,-2.02949938348836
2025-03-08 14:23:55.437,9.527928238601552e-05,-2.2173222903189838
2025-03-08 14:23:55.457,7.244017114670596e-05,-2.4086524948471104
2025-03-08 14:23:55.476,3.538633871446297e-05,-2.599103590289256
2025-03-08 14:23:55.496,-1.1873347277088167e-05,-2.776820668349019
2025-03-08 14:23:55.516,-6.292679309455794e-05,-2.9217973576957905
2025-03-08 14:23:55.535,-0.0001104258153611,-3.007229927146785
2025-03-08 14:23:55.555,-0.0001477784523106,-3.0029715640664176
2025-03-08 14:23:55.574,-0.0001705727923553,-2.8805469213398363
2025-03-08 14:23:55.594,-0.0001773718974587,-2.6187021587850694
2025-03-08 14:23:55.613,-0.000169732328393,-2.2082440126063685
2025-03-08 14:23:55.633,-0.0001515090546322,-1.6550461886396848
2025-03-08 14:23:55.652,-0.0001276803572065,-0.980549237696414
2025-03-08 14:23:55.672,-0.0001030453204923,-0.2197090371197428
2025-03-08 14:23:55.691,-8.119365855614715e-05,0.5830522232348706
2025-03-08 14:23:55.711,-6.407542579195298e-05,1.3789626950194631
2025-03-08 14:23:55.730,-5.22686464024786e-05,2.120094747578116
2025-03-08 14:23:55.750,-4.571908395599803e-05,2.76385627751581
2025-03-08 14:23:55.769,-4.448771518019408e-05,3.27633586485892
2025-03-08 14:23:55.789,-4.904808536522367e-05,3.6343694779885327
2025-03-08 14:23:55.809,-5.9932625354195546e-05,3.826409485224472
2025-03-08 14:23:55.828,-7.689473316499792e-05,3.852392998450004
2025-03-08 14:23:55.848,-9.80412042065615e-05,3.722844641765472
2025-03-08 14:23:55.867,-0.0001194475925546,3.4574155943063545
2025-03-08 14:23:55.887,-0.0001355724731914,3.082974958025316
2025-03-08 14:23:55.906,-0.0001404471212604,2.6312848213732685
2025-03-08 14:23:55.926,-0.0001292922216713,2.1362705858305824
2025-03-08 14:23:55.945,-0.0001000235675971,1.630966771171437
2025-03-08 14:23:55.965,-5.411969506036032e-05,1.1443421489349532
2025-03-08 14:23:55.984,3.465817861029275e-06,0.6983278966736879
2025-03-08 14:23:56.004,6.533491631859417e-05,0.3054473325919826
2025-03-08 14:23:56.023,0.0001232892964024,-0.0325325086965872
2025-03-08 14:23:56.043,0.0001700875063982,-0.3245367888193226
2025-03-08 14:23:56.062,0.0002008443680708,-0.5884207850794239
2025-03-08 14:23:56.082,0.0002137802312653,-0.8474557789187096
2025-03-08 14:23:56.101,0.0002102442079957,-1.1253874995435944
2025-03-08 14:23:56.121,0.0001941094828212,-1.440843565428785
2025-03-08 14:23:56.141,0.0001707434575506,-1.802222097022848
2025-03-08 14:23:56.160,0.0001457985818098,-2.204272510373519
2025-03-08 14:23:56.180,0.0001240713798102,-2.6272965945394184
2025-03-08 14:23:56.199,0.0001086552700384,-3.039313860696272
2025-03-08 14:23:56.219,0.0001005653274142,-3.4008236764060484
2025-03-08 14:23:56.238,9.891328246894756e-05,-3.671169906027826
2025-03-08 14:23:56.258,0.0001015489021533,-3.815150058131679
2025-03-08 14:23:56.277,0.0001059202642234,-3.8085042636467454
2025-03-08 14:23:56.297,0.000109840431954,-3.641253563972824
2025-03-08 14:23:56.316,0.0001119242927838,-3.3184158961810524
2025-03-08 14:23:56.336,0.0001116294208674,-2.8582430852880445
2025-03-08 14:23:56.355,0.0001090081507142,-2.288631666423636
2025-03-08 14:23:56.375,0.0001043672346745,-1.6426556796339935
2025-03-08 14:23:56.394,9.799736521262984e-05,-0.9542109793319068
2025-03-08 14:23:56.414,9.002954780967393e-05,-0.254568074638932
2025-03-08 14:23:56.434,8.040140904157019e-05,0.4297284201226724
2025-03-08 14:23:56.453,6.891472671509358e-05,1.077590387568058
2025-03-08 14:23:56.473,5.5378254795947e-05,1.6730622787799612
2025-03-08 14:23:56.492,3.979646093439928e-05,2.2044220918340085
2025-03-08 14:23:56.512,2.251366857812421e-05,2.6631616542581567
2025-03-08 14:23:56.531,4.227119947531371e-06,3.043158319709088
2025-03-08 14:23:56.551,-1.4152684509475468e-05,3.340193967400051
2025-03-08 14:23:56.570,-3.174805746732628e-05,3.551868499372948
2025-03-08 14:23:56.590,-4.7977265160700686e-05,3.6778777510541913
2025-03-08 14:23:56.609,-6.272608966369384e-05,3.7205240191286144
2025-03-08 14:23:56.629,-7.635002746156689e-05,3.685189874656405
2025-03-08 14:23:56.648,-8.951386372023004e-05,3.580408887599189
2025-03-08 14:23:56.668,-0.0001029367792014,3.4172167076860296
2025-03-08 14:23:56.687,-0.0001170951950198,3.2076930202683247
2025-03-08 14:23:56.707,-0.0001319109114062,2.9629226068395966
2025-03-08 14:23:56.727,-0.0001465044916947,2.6908691370796785
2025-03-08 14:23:56.746,-0.0001591720814029,2.394761441667864
2025-03-08 14:23:56.766,-0.0001677105681014,2.0725121548625056
2025-03-08 14:23:56.785,-0.0001700389725384,1.7174582064469075
2025-03-08 14:23:56.805,-0.0001648785333281,1.3203907325891608
2025-03-08 14:23:56.824,-0.0001522146599169,0.8724980293305207
2025-03-08 14:23:56.844,-0.0001333857022689,0.3685702407864881
2025-03-08 14:23:56.863,-0.0001108123707925,-0.1902892089251719
2025-03-08 14:23:56.883,-8.748224375397767e-05,-0.7950757121771221
2025-03-08 14:23:56.902,-6.631226292314866e-05,-1.428739077058593
2025-03-08 14:23:56.922,-4.948996742125846e-05,-2.067435222817586
2025-03-08 14:23:56.941,-3.791328361539528e-05,-2.6828359765286764
2025-03-08 14:23:56.961,-3.090642670252032e-05,-3.2450129191306503
2025-03-08 14:23:56.980,-2.6392629229934e-05,-3.725404708270972
2025-03-08 14:23:57.000,-2.1566830187960552e-05,-4.099468979510346
2025-03-08 14:23:57.019,-1.3871316649438912e-05,-4.348757636255071
2025-03-08 14:23:57.039,-1.8924286673060944e-06,-4.462284241972444
2025-03-08 14:23:57.059,1.4185359350139525e-05,-4.437138050061007
2025-03-08 14:23:57.078,3.270999231084118e-05,-4.278341300105291
2025-03-08 14:23:57.098,5.115000810075182e-05,-3.997975230187852
2025-03-08 14:23:57.117,6.686299858107349e-05,-3.613653772296777
2025-03-08 14:23:57.137,7.777502068681337e-05,-3.146523519109284
2025-03-08 14:23:57.156,8.280110712714676e-05,-2.6190936537970604
2025-03-08 14:23:57.176,8.195273245459962e-05,-2.053281227805462
2025-03-08 14:23:57.195,7.617082743234981e-05,-1.469018597691784
2025-03-08 14:23:57.215,6.69795908147706e-05,-0.8835913231151049
2025-03-08 14:23:57.234,5.6076127223448366e-05,-0.3116234884964101
2025-03-08 14:23:57.254,4.496026216725543e-05,0.2345797055880903
2025-03-08 14:23:57.273,3.4678234057238654e-05,0.7446912902987366
2025-03-08 14:23:57.293,2.5714767459464148e-05,1.2102942886650323
2025-03-08 14:23:57.312,1.803021465392206e-05,1.625159257379718
2025-03-08 14:23:57.332,1.1209976694523324e-05,1.985713518859579
2025-03-08 14:23:57.352,4.675854648854164e-06,2.291366954351347
2025-03-08 14:23:57.371,-2.096093338125073e-06,2.544295848628146
2025-03-08 14:23:57.391,-9.400781495113929e-06,2.748398452730661
2025-03-08 14:23:57.410,-1.7208028826866314e-05,2.907432057540411
2025-03-08 14:23:57.430,-2.5161852747751056e-05,3.022738197623016
2025-03-08 14:23:57.449,-3.267094429520464e-05,3.0912904693267715
2025-03-08 14:23:57.469,-3.906634275282222e-05,3.104876975823061
2025-03-08 14:23:57.488,-4.378636571749208e-05,3.0509672688984613
2025-03-08 14:23:57.508,-4.6539515725850645e-05,2.9152801625322824
2025-03-08 14:23:57.527,-4.739605848436039e-05,2.68547113763495
2025-03-08 14:23:57.547,-4.6770450790959765e-05,2.354941172447424
2025-03-08 14:23:57.566,-4.528084179508709e-05,1.9256941602999136
2025-03-08 14:23:57.586,-4.35075756935749e-05,1.4094542774857404
2025-03-08 14:23:57.605,-4.1716427376294095e-05,0.8267869878422079
2025-03-08 14:23:57.625,-3.96549379018068e-05,0.2045616166434414
2025-03-08 14:23:57.645,-3.6546741557078817e-05,-0.4274545938014584
2025-03-08 14:23:57.664,-3.135836558533481e-05,-1.039924954206911
2025-03-08 14:23:57.684,-2.3282384515092887e-05,-1.6064256988297094
2025-03-08 14:23:57.703,-1.223643940279575e-05,-2.104726073881168
2025-03-08 14:23:57.723,8.698156888678698e-07,-2.516971527738708
2025-03-08 14:23:57.742,1.4248015818609807e-05,-2.8292060287371323
2025-03-08 14:23:57.762,2.5683858169957024e-05,-3.030778740815997
2025-03-08 14:23:57.781,3.3134772989804914e-05,-3.1140895121674697
2025-03-08 14:23:57.801,3.5263108422111286e-05,-3.0749242951219937
2025-03-08 14:23:57.820,3.180640937283501e-05,-2.913397567237104
2025-03-08 14:23:57.840,2.378582933009336e-05,-2.6352907039871307
2025-03-08 14:23:57.859,1.3528392271872405e-05,-2.253362702204164
2025-03-08 14:23:57.879,4.38393167621924e-06,-1.7880452686582833
2025-03-08 14:23:57.898,2.0634056481476443e-08,-1.2668997858459892
2025-03-08 14:23:57.918,3.367509276429538e-06,-0.7224020476902004
2025-03-08 14:23:57.937,1.5528510256502552e-05,-0.1880520080892594
2025-03-08 14:23:57.957,3.511383517757291e-05,0.3066250436700771
2025-03-08 14:23:57.977,5.8309041965067353e-05,0.741105887411479
2025-03-08 14:23:57.996,7.971727718149859e-05,1.1075812110150722
2025-03-08 14:23:58.016,9.374526617165577e-05,1.412121636446619
2025-03-08 14:23:58.035,9.615908301921702e-05,1.6725901240566967
2025-03-08 14:23:58.055,8.539026808219381e-05,1.9134300898618943
2025-03-08 14:23:58.074,6.320102706947198e-05,2.158384739091237
2025-03-08 14:23:58.094,3.444895852520604e-05,2.4229125179059907
2025-03-08 14:23:58.113,5.938900336719291e-06,2.7082872151916977
2025-03-08 14:23:58.133,-1.535580769716375e-05,2.9990019843867266
2025-03-08 14:23:58.152,-2.419309265566636e-05,3.2642427163361565
2025-03-08 14:23:58.172,-1.850712119825476e-05,3.46313104618994
2025-03-08 14:23:58.191,5.1735293542650894e-08,3.552483697125437
2025-03-08 14:23:58.211,2.6646934648450583e-05,3.4952540716472544
2025-03-08 14:23:58.230,5.466817030059132e-05,3.267746519297566
2025-03-08 14:23:58.250,7.756030081879865e-05,2.8641055067140906
2025-03-08 14:23:58.270,9.051443536753436e-05,2.2973319847089395
2025-03-08 14:23:58.289,9.157128205799576e-05,1.5969439801544505
2025-03-08 14:23:58.309,8.189823323967008e-05,0.804147418994146
2025-03-08 14:23:58.328,6.523299052548558e-05,-0.0341641834875181
2025-03-08 14:23:58.348,4.669015608968072e-05,-0.8711938473865182
2025-03-08 14:23:58.367,3.1278897994957434e-05,-1.664711721357859
2025-03-08 14:23:58.387,2.255173203759741e-05,-2.379642073129415
2025-03-08 14:23:58.406,2.175757482820333e-05,-2.9887880294537728
2025-03-08 14:23:58.426,2.7695978952386523e-05,-3.472200089034012
2025-03-08 14:23:58.445,3.72327101698577e-05,-3.815953531887629
2025-03-08 14:23:58.465,4.625387983747864e-05,-4.011093556983775
2025-03-08 14:23:58.484,5.0768070266214985e-05,-4.053271942558577
2025-03-08 14:23:58.504,4.78910118239912e-05,-3.9432293574355937
2025-03-08 14:23:58.523,3.651591336199704e-05,-3.687894765758525
2025-03-08 14:23:58.543,1.7554102072806874e-05,-3.3015854874417814
2025-03-08 14:23:58.563,-6.285700839321313e-06,-2.806663204781915
2025-03-08 14:23:58.582,-3.112816517776791e-05,-2.233059471617275
2025-03-08 14:23:58.602,-5.283930913635495e-05,-1.6163301735741842
2025-03-08 14:23:58.621,-6.800392596961071e-05,-0.9942890844526546
2025-03-08 14:23:58.641,-7.472044769598916e-05,-0.4027003906704189
2025-03-08 14:23:58.660,-7.299205914590093e-05,0.1291578839490184
2025-03-08 14:23:58.680,-6.462139348371243e-05,0.5821180509369392
2025-03-08 14:23:58.699,-5.268836055902073e-05,0.9491069831026092
2025-03-08 14:23:58.719,-4.0807215230260986e-05,1.235003559151417
2025-03-08 14:23:58.738,-3.237153151759196e-05,1.4543804721985634
2025-03-08 14:23:58.758,-2.9936559139324145e-05,1.6276700770005552
2025-03-08 14:23:58.777,-3.48132985255496e-05,1.7766855409972482
2025-03-08 14:23:58.797,-4.689027114068672e-05,1.920532362497977
2025-03-08 14:23:58.816,-6.466629555880355e-05,2.0727062537734744
2025-03-08 14:23:58.836,-8.54668566786402e-05,2.2396832584300115
2025-03-08 14:23:58.855,-0.0001058174328902,2.420779923755493
2025-03-08 14:23:58.875,-0.0001219469131426,2.6087273462213987
2025-03-08 14:23:58.895,-0.0001303832718161,2.790394421315337
2025-03-08 14:23:58.914,-0.0001285789484182,2.9473802429868714
2025-03-08 14:23:58.934,-0.0001154705489335,3.0566020398582903
2025-03-08 14:23:58.953,-9.18503212168762e-05,3.091313240679101
2025-03-08 14:23:58.973,-6.0424097158270825e-05,3.023028878190696
2025-03-08 14:23:58.992,-2.5470430842552344e-05,2.824570918359411
2025-03-08 14:23:59.012,7.89267527362768e-06,2.4739814451294806
2025-03-08 14:23:59.031,3.470101245541301e-05,1.958598693421589
2025-03-08 14:23:59.051,5.115617447017638e-05,1.2783659227484
2025-03-08 14:23:59.070,5.538214192198522e-05,0.447562645107953
2025-03-08 14:23:59.090,4.771856563030961e-05,-0.505430230496853
2025-03-08 14:23:59.109,3.048893987993873e-05,-1.5401827743005714
2025-03-08 14:23:59.129,7.355348741977157e-06,-2.6075244696192668
2025-03-08 14:23:59.148,-1.7502421727523654e-05,-3.65341362187422
2025-03-08 14:23:59.168,-4.012982597265547e-05,-4.622807794673038
2025-03-08 14:23:59.188,-5.731081963190314e-05,-5.463237775642141
2025-03-08 14:23:59.207,-6.685168309466384e-05,-6.128015573294622
2025-03-08 14:23:59.227,-6.772751547567542e-05,-6.579109318045611
2025-03-08 14:23:59.246,-6.015838048276535e-05,-6.789691775472892
2025-03-08 14:23:59.266,-4.55949643478152e-05,-6.746262832560637
2025-03-08 14:23:59.285,-2.6538659458862208e-05,-6.450118055738581
2025-03-08 14:23:59.305,-6.1391127991347136e-06,-5.917836119912063
2025-03-08 14:23:59.324,1.2408453780142838e-05,-5.180432748905216
2025-03-08 14:23:59.344,2.6539465893843864e-05,-4.280922788605766
2025-03-08 14:23:59.363,3.487055607936089e-05,-3.2702807354630568
2025-03-08 14:23:59.383,3.743751317143932e-05,-2.2021805776680163
2025-03-08 14:23:59.402,3.553199634091226e-05,-1.1273223148207847
2025-03-08 14:23:59.422,3.1181119475088946e-05,-0.088427441033788
2025-03-08 14:23:59.441,2.642475965658958e-05,0.8830667165023891
2025-03-08 14:23:59.461,2.260479556237211e-05,1.768006344377642
2025-03-08 14:23:59.480,1.988113373747197e-05,2.558255752109517
2025-03-08 14:23:59.500,1.7134676901543832e-05,3.2538229686307467
2025-03-08 14:23:59.520,1.2317618886642693e-05,3.8593762702112735
2025-03-08 14:23:59.539,3.1832040045279984e-06,4.38112992240536
2025-03-08 14:23:59.559,-1.180466725632002e-05,4.82474986580935
2025-03-08 14:23:59.578,-3.2674497567492314e-05,5.194458483524459
2025-03-08 14:23:59.598,-5.755089996953706e-05,5.493089409261317
2025-03-08 14:23:59.617,-8.281600857055288e-05,5.7225978781805455
2025-03-08 14:23:59.637,-0.0001037843165438,5.884511599648447
2025-03-08 14:23:59.656,-0.0001156843763514,5.979959964504693
2025-03-08 14:23:59.676,-0.0001146820819852,6.009154247899246
2025-03-08 14:23:59.695,-9.871194695216486e-05,5.970435578292388
2025-03-08 14:23:59.715,-6.796412686570601e-05,5.859221287922045
2025-03-08 14:23:59.734,-2.4969201234536068e-05,5.6673326416307415
2025-03-08 14:23:59.754,2.570766342862912e-05,5.383231494166892
2025-03-08 14:23:59.773,7.812057460758564e-05,4.993572629553945
2025-03-08 14:23:59.793,0.0001258706113528,4.486158360334925
2025-03-08 14:23:59.813,0.0001631634807481,3.853902195833109
2025-03-08 14:23:59.832,0.0001857861204086,3.0989079697485917
2025-03-08 14:23:59.852,0.0001917996725782,2.2354521998787265
2025-03-08 14:23:59.871,0.0001818334384332,1.2907003168560138
2025-03-08 14:23:59.891,0.0001589674226357,0.3024569431401001
2025-03-08 14:23:59.910,0.0001282592041718,-0.6859522697669445
2025-03-08 14:23:59.930,9.5998131481534e-05,-1.6326837231903466
2025-03-08 14:23:59.949,6.877504408827968e-05,-2.5045950370852847
2025-03-08 14:23:59.969,5.246017440669181e-05,-3.2827607290299183
2025-03-08 14:23:59.988,5.119866338123111e-05,-3.964655822408547
2025-03-08 14:24:00.008,6.656219631034158e-05,-4.56216852321889
2025-03-08 14:24:00.027,9.702280811010097e-05,-5.095707584773994
2025-03-08 14:24:00.047,0.0001379171324561,-5.585794792353985
2025-03-08 14:24:00.066,0.0001820201338249,-6.044336316175155
2025-03-08 14:24:00.086,0.0002207307287166,-6.467967159031424
2025-03-08 14:24:00.106,0.000245701994154,-6.835362348818498
2025-03-08 14:24:00.125,0.0002505816186564,-7.1093521442997165
2025-03-08 14:24:00.145,0.0002324345071927,-7.243399214956425
2025-03-08 14:24:00.164,0.0001924444212389,-7.190878434811603
2025-03-08 14:24:00.184,0.0001356512601398,-6.914950475403112
2025-03-08 14:24:00.203,6.975744875342976e-05,-6.396783849005725
2025-03-08 14:24:00.223,3.3402713340210945e-06,-5.640413214703736
2025-03-08 14:24:00.242,-5.600961510971437e-05,-4.673423457407572
2025-03-08 14:24:00.262,-0.0001031282321718,-3.5436386788209218
2025-03-08 14:24:00.281,-0.000135992263442,-2.3128074505623
2025-03-08 14:24:00.301,-0.000155643215189,-1.048739337044344
2025-03-08 14:24:00.320,-0.0001654568010125,0.1825752657553361
2025-03-08 14:24:00.340,-0.0001700117093583,1.3235629640200108
2025-03-08 14:24:00.359,-0.0001738503770429,2.329503132204371
2025-03-08 14:24:00.379,-0.0001803979813341,3.170425544629552
2025-03-08 14:24:00.398,-0.0001912366485353,3.8306178200175225
2025-03-08 14:24:00.418,-0.0002058417237391,4.306366619344231
2025-03-08 14:24:00.438,-0.0002217934633339,4.602874606885904
2025-03-08 14:24:00.457,-0.0002353928240397,4.731335306922872
2025-03-08 14:24:00.477,-0.0002425418843661,4.706869512052961
2025-03-08 14:24:00.496,-0.0002397035974647,4.547532556101255
2025-03-08 14:24:00.516,-0.0002247380734525,4.274102908526254
2025-03-08 14:24:00.535,-0.0001974307601797,3.9100643782595688
2025-03-08 14:24:00.555,-0.0001595893971027,3.481190986154254
2025-03-08 14:24:00.574,-0.0001146936798158,3.0143907333960915
2025-03-08 14:24:00.594,-6.721350775922276e-05,2.5358261081298266
2025-03-08 14:24:00.613,-2.1808748096159583e-05,2.068654060999602
2025-03-08 14:24:00.633,1.7378647621641117e-05,1.63090742256282
2025-03-08 14:24:00.652,4.722100959414378e-05,1.2340310654503588
2025-03-08 14:24:00.672,6.586653328603246e-05,0.8824154674504606
2025-03-08 14:24:00.691,7.278741595420059e-05,0.5740135515483974
2025-03-08 14:24:00.711,6.865350728528951e-05,0.3018730053921193
2025-03-08 14:24:00.731,5.50931985908008e-05,0.056233090282825
2025-03-08 14:24:00.750,3.441945066378236e-05,-0.1732465097704921
2025-03-08 14:24:00.770,9.386834235340862e-06,-0.3955362628809671
2025-03-08 14:24:00.789,-1.6992363693241216e-05,-0.6168706307727162
2025-03-08 14:24:00.809,-4.158936053475395e-05,-0.8400958947883705
2025-03-08 14:24:00.828,-6.130506439181603e-05,-1.0646563749377556
2025-03-08 14:24:00.848,-7.327389916480238e-05,-1.286965844745219
2025-03-08 14:24:00.867,-7.515355741901461e-05,-1.500843893572892
2025-03-08 14:24:00.887,-6.548261017943013e-05,-1.6977842925519997
2025-03-08 14:24:00.906,-4.40362244660159e-05,-1.867017978190826
2025-03-08 14:24:00.926,-1.2075525241192005e-05,-1.995524505164268
2025-03-08 14:24:00.945,2.761175965226103e-05,-2.0682376248694663
2025-03-08 14:24:00.965,7.094197975556847e-05,-2.068664736645141
2025-03-08 14:24:00.984,0.000113048442391,-1.980040513552863
2025-03-08 14:24:01.004,0.0001490417268426,-1.787016605809166
2025-03-08 14:24:01.024,0.0001749188695557,-1.4777834415882714
2025-03-08 14:24:01.043,0.0001884245768348,-1.046429593668203
2025-03-08 14:24:01.063,0.0001895965914946,-0.4952528830088376
2025-03-08 14:24:01.082,0.0001807712116401,0.1633608799713323
2025-03-08 14:24:01.102,0.0001659898398665,0.905942009487014
2025-03-08 14:24:01.121,0.0001499559932541,1.69823299673675
2025-03-08 14:24:01.141,0.0001368520216313,2.4969911608702837
2025-03-08 14:24:01.160,0.0001293635628341,3.2532107838553284
2025-03-08 14:24:01.180,0.0001281544729609,3.916384083791478
2025-03-08 14:24:01.199,0.000131849190886,4.439237517079561
2025-03-08 14:24:01.219,0.0001374254792833,4.782336361772619
2025-03-08 14:24:01.238,0.000140859292499,4.918010628711842
2025-03-08 14:24:01.258,0.0001378733812448,4.833166876942805
2025-03-08 14:24:01.277,0.0001246739370909,4.530677070565395
2025-03-08 14:24:01.297,9.858758504476794e-05,4.029163628563032
2025-03-08 14:24:01.316,5.852939565605807e-05,3.361139492577552
2025-03-08 14:24:01.336,5.24876675100549e-06,2.569638449319364
2025-03-08 14:24:01.356,-5.86745502943499e-05,1.7036926455432404
2025-03-08 14:24:01.375,-0.0001290776756024,0.8132417106423415
2025-03-08 14:24:01.395,-0.0002006754127577,-0.0557908472029036
2025-03-08 14:24:01.414,-0.000267700777117,-0.8655228851866937
2025-03-08 14:24:01.434,-0.0003246687398782,-1.5886959734730133
2025-03-08 14:24:01.453,-0.0003671365631658,-2.209589237551454
2025-03-08 14:24:01.473,-0.000392268617804,-2.723387637755418
2025-03-08 14:24:01.492,-0.0003990364068728,-3.134402791012905
2025-03-08 14:24:01.512,-0.0003880051257794,-3.453684495654286
2025-03-08 14:24:01.531,-0.0003608103408442,-3.696549453963789
2025-03-08 14:24:01.551,-0.0003195378801556,-3.880406301569344
2025-03-08 14:24:01.570,-0.0002662365655051,-4.0230215826723725
2025-03-08 14:24:01.590,-0.0002027128109011,-4.141132603872484
2025-03-08 14:24:01.609,-0.0001306388076639,-4.249166158789524
2025-03-08 14:24:01.629,-5.191846101573728e-05,-4.357835029745829
2025-03-08 14:24:01.649,3.080821112178433e-05,-4.472558445469609
2025-03-08 14:24:01.668,0.0001137165154888,-4.591913323111606
2025-03-08 14:24:01.688,0.0001916547546097,-4.706551878044793
2025-03-08 14:24:01.707,0.0002585138920488,-4.79910932703487
2025-03-08 14:24:01.727,0.0003081370025533,-4.84551006609164
2025-03-08 14:24:01.746,0.0003355564808056,-4.81776682765492
2025-03-08 14:24:01.766,0.0003381777983978,-4.687942466487595
2025-03-08 14:24:01.785,0.0003165216434367,-4.432554389982898
2025-03-08 14:24:01.805,0.0002742812132476,-4.036485205911303
2025-03-08 14:24:01.824,0.0002176730335929,-3.495499023036293
2025-03-08 14:24:01.844,0.0001542774924254,-2.81676504391159
2025-03-08 14:24:01.863,9.170216071717656e-05,-2.0173039642833497
2025-03-08 14:24:01.883,3.639918400491603e-05,-1.120858650321719
2025-03-08 14:24:01.902,-7.149850087312507e-06,-0.1541469823722726
2025-03-08 14:24:01.922,-3.680383578102336e-05,0.8563943300577495
2025-03-08 14:24:01.941,-5.269667082371165e-05,1.886479881501256
2025-03-08 14:24:01.961,-5.680302154505601e-05,2.9140656602589146
2025-03-08 14:24:01.981,-5.225649590971346e-05,3.917887146379791
2025-03-08 14:24:02.000,-4.258008138896098e-05,4.875217873325442
2025-03-08 14:24:02.020,-3.098874082892311e-05,5.759906538434173
2025-03-08 14:24:02.039,-1.988624456682317e-05,6.541676353930684
2025-03-08 14:24:02.059,-1.0619735839035493e-05,7.187266818904654
2025-03-08 14:24:02.078,-3.4943241414719604e-06,7.663414460284903
2025-03-08 14:24:02.098,2.000461222831529e-06,7.941095071409006
2025-03-08 14:24:02.117,6.832828889121295e-06,8.000042548747649
2025-03-08 14:24:02.137,1.2032187461523365e-05,7.832414703473757
2025-03-08 14:24:02.156,1.834085395994875e-05,7.444629352983616
2025-03-08 14:24:02.176,2.598156572114188e-05,6.856816406299043
2025-03-08 14:24:02.195,3.45803283853118e-05,6.099924544022379
2025-03-08 14:24:02.215,4.325214162010607e-05,5.211123611378968
2025-03-08 14:24:02.234,5.0825241297260393e-05,4.228580707777602
2025-03-08 14:24:02.254,5.615134790826822e-05,3.186836795385034
2025-03-08 14:24:02.274,5.84287222191706e-05,2.1138421958685343
2025-03-08 14:24:02.293,5.745559649547615e-05,1.0302804848709046
2025-03-08 14:24:02.313,5.373782323989833e-05,-0.048770890328063
2025-03-08 14:24:02.332,4.8399617989598346e-05,-1.1104030805177292
2025-03-08 14:24:02.352,4.289117328938678e-05,-2.139726859641181
2025-03-08 14:24:02.371,3.854912951941962e-05,-3.1163474516632927
2025-03-08 14:24:02.391,3.61352564061642e-05,-4.01271689275707
2025-03-08 14:24:02.410,3.552686668600945e-05,-4.795147383262884
2025-03-08 14:24:02.430,3.5712542044700547e-05,-5.427508503027593
2025-03-08 14:24:02.449,3.513732050675111e-05,-5.876809284780328
2025-03-08 14:24:02.469,3.229749183997566e-05,-6.1192596455888095
2025-03-08 14:24:02.488,2.639414370089236e-05,-6.145226422571353
2025-03-08 14:24:02.508,1.7835868780247078e-05,-5.961809143605593
2025-03-08 14:24:02.527,8.39440146359679e-06,-5.592445490558305
2025-03-08 14:24:02.547,8.674048219367683e-07,-5.073771393835713
2025-03-08 14:24:02.567,-1.7536643637728014e-06,-4.450628862402461
2025-03-08 14:24:02.586,2.618061974714155e-06,-3.770429077144255
2025-03-08 14:24:02.606,1.4222335149129026e-05,-3.0779757860696337
2025-03-08 14:24:02.625,3.1086789232449495e-05,-2.411444644945829
2025-03-08 14:24:02.645,4.9421087519632587e-05,-1.7997319321442449
2025-03-08 14:24:02.664,6.460243434203706e-05,-1.2610575497239096
2025-03-08 14:24:02.684,7.234334580996792e-05,-0.8026203267670897
2025-03-08 14:24:02.703,6.963220884499474e-05,-0.4211799234701017
2025-03-08 14:24:02.723,5.523370706385276e-05,-0.1045254066560416
2025-03-08 14:24:02.742,2.976223909442686e-05,0.1662162396958476
2025-03-08 14:24:02.762,-4.554039732131041e-06,0.4135711453064759
2025-03-08 14:24:02.781,-4.432706916464352e-05,0.6602590530439015
2025-03-08 14:24:02.801,-8.562363921341937e-05,0.9256148439033608
2025-03-08 14:24:02.820,-0.0001246385644717,1.2222766324170102
2025-03-08 14:24:02.840,-0.0001582560479941,1.5535603514226055
2025-03-08 14:24:02.859,-0.0001843449417758,1.9119339859450752
2025-03-08 14:24:02.879,-0.0002017439171735,2.278920361441951
2025-03-08 14:24:02.899,-0.0002100207052334,2.626584815109249
2025-03-08 14:24:02.918,-0.0002091654262528,2.9205375727483
2025-03-08 14:24:02.938,-0.0001993791865678,3.1241585918613493
2025-03-08 14:24:02.957,-0.0001810569642619,3.203574354203732
2025-03-08 14:24:02.977,-0.0001549657532757,3.132783335951102
2025-03-08 14:24:02.996,-0.0001225194476172,2.8982312919063857
2025-03-08 14:24:03.016,-8.598556084620688e-05,2.5021008780745504
2025-03-08 14:24:03.035,-4.84532865606879e-05,1.9636595949300084
2025-03-08 14:24:03.055,-1.346237410991102e-05,1.3182559842218473
2025-03-08 14:24:03.074,1.5667575516708215e-05,0.6139540694426224
2025-03-08 14:24:03.094,3.659814834255056e-05,-0.0937451937763772
2025-03-08 14:24:03.113,4.850426603587969e-05,-0.74826844850034
2025-03-08 14:24:03.133,5.2110834267710674e-05,-1.2984086469157003
2025-03-08 14:24:03.152,4.920064957567081e-05,-1.7038724960620355
2025-03-08 14:24:03.172,4.184269437095538e-05,-1.9392085487853885
2025-03-08 14:24:03.192,3.1721108705468255e-05,-1.9957295201154912
2025-03-08 14:24:03.211,1.9834257194686196e-05,-1.88139581463951
2025-03-08 14:24:03.231,6.5868014295328085e-06,-1.618919829971913
2025-03-08 14:24:03.250,-7.888692937929267e-06,-1.2425346842404237
2025-03-08 14:24:03.270,-2.337264634081992e-05,-0.7939279780591029
2025-03-08 14:24:03.289,-3.928074690545184e-05,-0.3177942347913264
2025-03-08 14:24:03.309,-5.451764938017495e-05,0.1426271339791534
2025-03-08 14:24:03.328,-6.749775165970314e-05,0.5497139800568941
2025-03-08 14:24:03.348,-7.637575254896549e-05,0.8749912555045357
2025-03-08 14:24:03.367,-7.948121849766395e-05,1.1016430836684723
2025-03-08 14:24:03.387,-7.58321896389693e-05,1.2256258240440472
2025-03-08 14:24:03.406,-6.551744730091404e-05,1.2551410221452135
2025-03-08 14:24:03.426,-4.979203968340482e-05,1.2084988167482162
2025-03-08 14:24:03.445,-3.088481159797509e-05,1.110715836322968
2025-03-08 14:24:03.465,-1.1627995410289684e-05,0.9894323857339248
2025-03-08 14:24:03.485,4.980458781717384e-06,0.8708252501495929
2025-03-08 14:24:03.504,1.6225748743012122e-05,0.7761228454999499
2025-03-08 14:24:03.524,2.011784418617884e-05,0.7191434138037427
2025-03-08 14:24:03.543,1.5803808282995796e-05,0.7050448403678365
2025-03-08 14:24:03.563,3.885250820886254e-06,0.7302599602932713
2025-03-08 14:24:03.582,-1.3476184430325176e-05,0.7834340119200235
2025-03-08 14:24:03.602,-3.277653496045722e-05,0.8470949476562266
2025-03-08 14:24:03.621,-4.9726054665832446e-05,0.8997680658206939
2025-03-08 14:24:03.641,-6.002438201429148e-05,0.9182873516718638
2025-03-08 14:24:03.660,-6.015082235543066e-05,0.8801504172855599
2025-03-08 14:24:03.680,-4.79887674843996e-05,0.7658801219949248
2025-03-08 14:24:03.699,-2.319364762249684e-05,0.5614207256006276
2025-03-08 14:24:03.719,1.2715215496080788e-05,0.2605322494620873
2025-03-08 14:24:03.738,5.6544098379530657e-05,-0.1330570918197834
2025-03-08 14:24:03.758,0.0001039021582808,-0.6042292102640733
2025-03-08 14:24:03.777,0.000149933304797,-1.1264041150306878
2025-03-08 14:24:03.797,0.0001901806234209,-1.6633094491989926
2025-03-08 14:24:03.817,0.0002213792613993,-2.172679476254715
2025-03-08 14:24:03.836,0.0002419720590166,-2.611422357277872
2025-03-08 14:24:03.856,0.0002522270076344,-2.9413254822256136
2025-03-08 14:24:03.875,0.0002539377519455,-3.134171580964081
2025-03-08 14:24:03.895,0.0002497636187772,-3.17527083200513
2025-03-08 14:24:03.914,0.0002423403212561,-3.064799893693323
2025-03-08 14:24:03.934,0.0002333863649099,-2.816842789281845
2025-03-08 14:24:03.953,0.0002230954861367,-2.456516117681721
2025-03-08 14:24:03.973,0.0002100633203417,-2.015914714237202
2025-03-08 14:24:03.992,0.0001918189811233,-1.5297525818881537
2025-03-08 14:24:04.012,0.0001657927545862,-1.0314815397495551
2025-03-08 14:24:04.031,0.0001303783547974,-0.5504000073055938
2025-03-08 14:24:04.051,8.572047560269942e-05,-0.1099164381783899
2025-03-08 14:24:04.070,3.396682400564103e-05,0.2731810953073413
2025-03-08 14:24:04.090,-2.1080463456802667e-05,0.5887885146834927
2025-03-08 14:24:04.110,-7.47569747403802e-05,0.8332566500719661
2025-03-08 14:24:04.129,-0.0001224550254116,1.00913987539963
2025-03-08 14:24:04.149,-0.0001603520093775,1.1250009611618106
2025-03-08 14:24:04.168,-0.0001858019148592,1.195136301544116
2025-03-08 14:24:04.188,-0.0001974595245185,1.2389169098654405
2025-03-08 14:24:04.207,-0.0001952929398433,1.2793794139322612
2025-03-08 14:24:04.227,-0.0001805556329973,1.34079590967778
2025-03-08 14:24:04.246,-0.0001556691584113,1.4452100930361655
2025-03-08 14:24:04.266,-0.0001239560947621,1.6082856244517092
2025-03-08 14:24:04.285,-8.924760080302892e-05,1.8351464534609645
2025-03-08 14:24:04.305,-5.545141368717456e-05,2.117076712104774
2025-03-08 14:24:04.324,-2.615028039909655e-05,2.4299316162178943
2025-03-08 14:24:04.344,-4.263764006320007e-06,2.734901443097306
2025-03-08 14:24:04.363,8.20281937926601e-06,2.981916669730805
2025-03-08 14:24:04.383,1.030211493166552e-05,3.11554029314536
2025-03-08 14:24:04.402,2.1851126227166965e-06,3.0827176426732428
2025-03-08 14:24:04.422,-1.4931530797386e-05,2.841310896520741
2025-03-08 14:24:04.442,-3.884026916753473e-05,2.3680335384104496
2025-03-08 14:24:04.461,-6.645457388185864e-05,1.6643327136229649
2025-03-08 14:24:04.481,-9.398718838728795e-05,0.7590111835312797
2025-03-08 14:24:04.500,-0.0001172448850951,-0.2930926815530895
2025-03-08 14:24:04.520,-0.0001320819354242,-1.416350593430154
2025-03-08 14:24:04.539,-0.0001350124827119,-2.522788278464446
2025-03-08 14:24:04.559,-0.0001239134758759,-3.522441599116811
2025-03-08 14:24:04.578,-9.86745314052153e-05,-4.334055609619147
2025-03-08 14:24:04.598,-6.159731002006238e-05,-4.894578695121405
2025-03-08 14:24:04.617,-1.7345069158431956e-05,-5.166167038028537
2025-03-08 14:24:04.637,2.76828628405924e-05,-5.139821595079297
2025-03-08 14:24:04.656,6.652026488416379e-05,-4.835253705558684
2025-03-08 14:24:04.676,9.310728553538633e-05,-4.297074553671486
2025-03-08 14:24:04.695,0.0001036553990625,-3.587898366015306
2025-03-08 14:24:04.715,9.746763678253434e-05,-2.7793899807560325
2025-03-08 14:24:04.735,7.695485804115444e-05,-1.942596291931272
2025-03-08 14:24:04.754,4.689214366101247e-05,-1.1389995986205326
2025-03-08 14:24:04.774,1.3220565908030986e-05,-0.4135817905068867
2025-03-08 14:24:04.793,-1.822247318207778e-05,0.2091807022118881
2025-03-08 14:24:04.813,-4.276306713127304e-05,0.7259722973667903
2025-03-08 14:24:04.832,-5.760452411493541e-05,1.152045493975013
2025-03-08 14:24:04.852,-6.213207650239675e-05,1.5159370834493695
2025-03-08 14:24:04.871,-5.776348400681324e-05,1.852409521036313
2025-03-08 14:24:04.891,-4.734717137679779e-05,2.194781226181412
2025-03-08 14:24:04.910,-3.422845625414601e-05,2.5679029426534314
2025-03-08 14:24:04.930,-2.125256095738732e-05,2.982919812739602
2025-03-08 14:24:04.949,-1.0040846738689578e-05,3.4346191228565583
2025-03-08 14:24:04.969,-7.794696717942244e-07,3.901668888122296
2025-03-08 14:24:04.988,7.462800044282273e-06,4.349526165863317
2025-03-08 14:24:05.008,1.607568113784588e-05,4.7353667767458205
2025-03-08 14:24:05.028,2.6168943425730977e-05,5.014147284999562
2025-03-08 14:24:05.047,3.796790721824042e-05,5.144863148676389
2025-03-08 14:24:05.067,5.047616232684904e-05,5.096147120331051
2025-03-08 14:24:05.086,6.148204022057239e-05,4.850479907639476
2025-03-08 14:24:05.106,6.793707765229093e-05,4.406440084754887
2025-03-08 14:24:05.125,6.666239738782074e-05,3.7786492678081287
2025-03-08 14:24:05.145,5.5239214664382845e-05,2.9954207385278964
2025-03-08 14:24:05.164,3.28475237616425e-05,2.094569612696645
2025-03-08 14:24:05.184,7.944490408182781e-07,1.1182714425384557
2025-03-08 14:24:05.203,-3.743973571325236e-05,0.1081021447542216
2025-03-08 14:24:05.223,-7.665489612264656e-05,-0.8986679740238236
2025-03-08 14:24:05.242,-0.0001107693584899,-1.8708420113480444
2025-03-08 14:24:05.262,-0.0001338707472448,-2.7830580869587624
2025-03-08 14:24:05.281,-0.0001412988007617,-3.614112458877041
2025-03-08 14:24:05.301,-0.0001305831185945,-4.344825218518575
2025-03-08 14:24:05.320,-0.0001020632717444,-4.956467749177064
2025-03-08 14:24:05.340,-5.903850670490763e-05,-5.430454184611237
2025-03-08 14:24:05.360,-7.352138039310656e-06,-5.749484349329582
2025-03-08 14:24:05.379,4.557167163429764e-05,-5.899801034844568
2025-03-08 14:24:05.399,9.20659429323997e-05,-5.873841364845111
2025-03-08 14:24:05.418,0.0001256269795869,-5.672421978089233
2025-03-08 14:24:05.438,0.0001420580631095,-5.305738518988076
2025-03-08 14:24:05.457,0.0001401316878255,-4.7928312256830745
2025-03-08 14:24:05.477,0.0001217088851134,-4.15963411941225
2025-03-08 14:24:05.496,9.134554389511506e-05,-3.436110266613351
2025-03-08 14:24:05.516,5.543478538912692e-05,-2.6531428639865595
2025-03-08 14:24:05.535,2.0969385497917796e-05,-1.839771099728269
2025-03-08 14:24:05.555,-5.885179660527364e-06,-1.0211198876672472
2025-03-08 14:24:05.574,-2.1082548951799303e-05,-0.217125416372465
2025-03-08 14:24:05.594,-2.347662286800362e-05,0.5579734250028611
2025-03-08 14:24:05.613,-1.483984362442685e-05,1.2954001763629912
2025-03-08 14:24:05.633,8.60917298536291e-07,1.990815871342518
2025-03-08 14:24:05.653,1.8642612687396347e-05,2.642449107376444
2025-03-08 14:24:05.672,3.373903503942517e-05,3.248468151221829
2025-03-08 14:24:05.692,4.255565913703292e-05,3.803970193137918
2025-03-08 14:24:05.711,4.317236403796748e-05,4.298281806787763
2025-03-08 14:24:05.731,3.538221488252733e-05,4.71343696574584
2025-03-08 14:24:05.750,2.0372488990747996e-05,5.024582810082499
2025-03-08 14:24:05.770,2.1324176124201765e-07,5.202637526883375
2025-03-08 14:24:05.789,-2.2678046367757143e-05,5.218909785651151
2025-03-08 14:24:05.809,-4.596588751209922e-05,5.0507972693238905
2025-03-08 14:24:05.828,-6.765151298858974e-05,4.687318548293288
2025-03-08 14:24:05.848,-8.614780311145398e-05,4.13320493202078
2025-03-08 14:24:05.867,-0.000100219546357,3.410569041821971
2025-03-08 14:24:05.887,-0.0001088615785338,2.557673592298928
2025-03-08 14:24:05.906,-0.0001111901457221,1.6249202360414077
2025-03-08 14:24:05.926,-0.0001064061809015,0.6687431234169082
2025-03-08 14:24:05.946,-9.386349584333647e-05,-0.2554842952211603
2025-03-08 14:24:05.965,-7.325043761639805e-05,-1.1002316893521409
2025-03-08 14:24:05.985,-4.486708281623751e-05,-1.8310825039115013
2025-03-08 14:24:06.004,-9.930276998320568e-06,-2.429640947961436
2025-03-08 14:24:06.024,2.9234704038475324e-05,-2.89371334125826
2025-03-08 14:24:06.043,6.928909885263569e-05,-3.2349091067885825
2025-03-08 14:24:06.063,0.0001063465080895,-3.4742523548278346
2025-03-08 14:24:06.082,0.0001367079356126,-3.636733118875264
2025-03-08 14:24:06.102,0.0001576140034769,-3.74590448874232
2025-03-08 14:24:06.121,0.0001677533229589,-3.8195846944108336
2025-03-08 14:24:06.141,0.0001673821596932,-3.867424163205188
2025-03-08 14:24:06.160,0.0001580622199972,-3.890605606876211
2025-03-08 14:24:06.180,0.0001421383060683,-3.8834035220465934
2025-03-08 14:24:06.199,0.0001221303739969,-3.835900039462932
2025-03-08 14:24:06.219,0.0001002092250986,-3.736945596616266
2025-03-08 14:24:06.238,7.787743540906012e-05,-3.576502090335916
2025-03-08 14:24:06.258,5.590701905831256e-05,-3.346797762524076
2025-03-08 14:24:06.278,3.451238040679242e-05,-3.0421929047441902
2025-03-08 14:24:06.297,1.3677703825032187e-05,-2.6581712519155003
2025-03-08 14:24:06.317,-6.476681141830676e-06,-2.190250221479644
2025-03-08 14:24:06.336,-2.5408818208429217e-05,-1.6336869627451531
2025-03-08 14:24:06.356,-4.204496443626072e-05,-0.9845980582339848
2025-03-08 14:24:06.375,-5.488968513844715e-05,-0.2425917787427995
2025-03-08 14:24:06.395,-6.23378446922501e-05,0.5855937129125756
2025-03-08 14:24:06.414,-6.310682946361334e-05,1.4824516273496646
2025-03-08 14:24:06.434,-5.665973084496878e-05,2.417309565579812
2025-03-08 14:24:06.453,-4.3473792390190974e-05,3.3463015227439983
2025-03-08 14:24:06.473,-2.503565264934812e-05,4.215358061913889
2025-03-08 14:24:06.492,-3.522029213373488e-06,4.96611202548489
2025-03-08 14:24:06.512,1.875437399101033e-05,5.543791018444051
2025-03-08 14:24:06.531,3.99220924866487e-05,5.9055301377874585
2025-03-08 14:24:06.551,5.8872741783748455e-05,6.027309410886382
2025-03-08 14:24:06.571,7.513339217070058e-05,5.907977770517455
2025-03-08 14:24:06.590,8.833335966868317e-05,5.569475038826957
2025-03-08 14:24:06.610,9.756063887074012e-05,5.053195422255948
2025-03-08 14:24:06.629,0.0001009810474029,4.413227269301216
2025-03-08 14:24:06.649,9.594585124575514e-05,3.707797437306466
2025-03-08 14:24:06.668,7.957468938400415e-05,2.990561676866306
2025-03-08 14:24:06.688,4.963701468965577e-05,2.303372230830373
2025-03-08 14:24:06.707,5.507081447013933e-06,1.6718113032757014
2025-03-08 14:24:06.727,-5.1041264179686815e-05,1.104160522057675
2025-03-08 14:24:06.746,-0.0001154614585603,0.5937231567888732
2025-03-08 14:24:06.766,-0.0001807430216999,0.1237230147969009
2025-03-08 14:24:06.785,-0.0002385333553306,-0.3264520642025535
2025-03-08 14:24:06.805,-0.0002809292972491,-0.7750319952018613
2025-03-08 14:24:06.824,-0.0003024952601305,-1.2328973436377018
2025-03-08 14:24:06.844,-0.0003019104472857,-1.7007600030896362
2025-03-08 14:24:06.863,-0.0002827215353373,-2.1689480610311818
2025-03-08 14:24:06.883,-0.0002529164972205,-2.619732232953824
2025-03-08 14:24:06.903,-0.0002233229371862,-3.0315801162057814
2025-03-08 14:24:06.922,-0.0002051153717955,-3.384252436724474
2025-03-08 14:24:06.942,-0.000206971152047,-3.663418249901064
2025-03-08 14:24:06.961,-0.0002325712193623,-3.863584813353022
2025-03-08 14:24:06.981,-0.000279107316619,-3.988614054882916
2025-03-08 14:24:07.000,-0.0003372226855237,-4.049783581415198
2025-03-08 14:24:07.020,-0.0003924565780972,-4.0620088534826655
2025-03-08 14:24:07.039,-0.0004278880320637,-4.039263760104704
2025-03-08 14:24:07.059,-0.0004273926592049,-3.990327058457465
2025-03-08 14:24:07.078,-0.0003788335425302,-3.915782795926644
2025-03-08 14:24:07.098,-0.0002766057744903,-3.806837224602116
2025-03-08 14:24:07.117,-0.0001231339622989,-3.646119387028484
2025-03-08 14:24:07.137,7.091732573650214e-05,-3.4103056625086445
2025-03-08 14:24:07.156,0.0002878080894917,-3.074186459635976
2025-03-08 14:24:07.176,0.0005051467215853,-2.6156512710194737
2025-03-08 14:24:07.196,0.0006992046591964,-2.020946218877634
2025-03-08 14:24:07.215,0.0008485303568146,-1.289415596223497
2025-03-08 14:24:07.235,0.0009371781554634,-0.4368175622313635
2025-03-08 14:24:07.254,0.0009569622997343,0.5036698672174911
2025-03-08 14:24:07.274,0.0009083908885084,1.483343578542209
2025-03-08 14:24:07.293,0.0008002142793836,2.4427974891601725
2025-03-08 14:24:07.313,0.0006477425020378,3.319001260793298
2025-03-08 14:24:07.332,0.0004702373371449,4.053361145927865
2025-03-08 14:24:07.352,0.000287807451609,4.599201950026246
2025-03-08 14:24:07.371,0.0001183401298934,4.927261079085366
2025-03-08 14:24:07.391,-2.495893822444036e-05,5.028326461904215
2025-03-08 14:24:07.410,-0.0001349421760934,4.912871907676013
2025-03-08 14:24:07.430,-0.0002105832609651,4.608181657519148
2025-03-08 14:24:07.449,-0.000255828784198,4.1538185208143465
2025-03-08 14:24:07.469,-0.0002776395370207,3.5963383327233798
2025-03-08 14:24:07.489,-0.0002837854114353,2.9839908776463413
2025-03-08 14:24:07.508,-0.0002809479336108,2.361929712598604
2025-03-08 14:24:07.528,-0.0002735316422447,1.7682887080417664
2025-03-08 14:24:07.547,-0.0002633527916192,1.2313888732197515
2025-03-08 14:24:07.567,-0.0002501291384073,0.7682655794516432
2025-03-08 14:24:07.586,-0.0002324968858652,0.3845950924974887
2025-03-08 14:24:07.606,-0.0002091731592866,0.0759340559025317
2025-03-08 14:24:07.625,-0.0001798879079995,-0.1699951976870055
2025-03-08 14:24:07.645,-0.0001458275183482,-0.370374749179638
2025-03-08 14:24:07.664,-0.0001095271356153,-0.5441644267157776
2025-03-08 14:24:07.684,-7.4336949531741e-05,-0.7091863615392028
2025-03-08 14:24:07.703,-4.368088063503661e-05,-0.8797327371044114
2025-03-08 14:24:07.723,-2.0312828617946462e-05,-1.0648906437298806
2025-03-08 14:24:07.742,-5.726695640854245e-06,-1.267664208275603
2025-03-08 14:24:07.762,1.5943666845759246e-07,-1.4848844748287393
2025-03-08 14:24:07.781,-1.0295447358598988e-06,-1.7078417086164392
2025-03-08 14:24:07.801,-6.50209346769558e-06,-1.923543880405033
2025-03-08 14:24:07.821,-1.2926463408191069e-05,-2.116471740294805
2025-03-08 14:24:07.840,-1.715650315845841e-05,-2.2706363695772005
2025-03-08 14:24:07.860,-1.6894917851574975e-05,-2.371647146286586
2025-03-08 14:24:07.879,-1.1164590483893511e-05,-2.40841268590716
2025-03-08 14:24:07.899,-5.22689340770873e-07,-2.3741042791688063
2025-03-08 14:24:07.918,1.297894317935922e-05,-2.2661670106677443
2025-03-08 14:24:07.938,2.605370332447404e-05,-2.0854484401008646
2025-03-08 14:24:07.957,3.465485036365377e-05,-1.834832785453948
2025-03-08 14:24:07.977,3.4689822564245687e-05,-1.5179921769876827
2025-03-08 14:24:07.996,2.294353391794924e-05,-1.13888621035926
2025-03-08 14:24:08.016,-1.970474053330069e-06,-0.7024065079617107
2025-03-08 14:24:08.035,-3.8942229511450536e-05,-0.2161149169411051
2025-03-08 14:24:08.055,-8.426365881049122e-05,0.3074965332073017
2025-03-08 14:24:08.074,-0.0001321742249002,0.8491807305253709
2025-03-08 14:24:08.094,-0.0001758950929671,1.3825584716398311
2025-03-08 14:24:08.114,-0.0002088619318295,1.875846571341116
2025-03-08 14:24:08.133,-0.000225872822553,2.2956650237387324
2025-03-08 14:24:08.153,-0.0002239447538478,2.6121207934293262
2025-03-08 14:24:08.172,-0.0002027557571586,2.803800922720324
2025-03-08 14:24:08.192,-0.0001646203125525,2.8612086138660646
2025-03-08 14:24:08.211,-0.0001140129035872,2.787624851396377
2025-03-08 14:24:08.231,-5.673400253338691e-05,2.5972208030576645
2025-03-08 14:24:08.250,1.0997117441376791e-06,2.3111459408593378
2025-03-08 14:24:08.270,5.400773755392848e-05,1.9529152254231283
2025-03-08 14:24:08.289,9.78455426299216e-05,1.544506053006102
2025-03-08 14:24:08.309,0.0001301690214514,1.1041664333407075
2025-03-08 14:24:08.328,0.0001502827806271,0.646227519054786
2025-03-08 14:24:08.348,0.0001590316694317,0.182481764293853
2025-03-08 14:24:08.367,0.0001584041556532,-0.2758180819509006
2025-03-08 14:24:08.387,0.0001510321364096,-0.7164131735148132
2025-03-08 14:24:08.407,0.0001396862450411,-1.125755159041959
2025-03-08 14:24:08.426,0.0001268571059128,-1.490250924228106
2025-03-08 14:24:08.446,0.00011448050091,-1.7986831986971978
2025-03-08 14:24:08.465,0.000103821889299,-2.0449766609752014
2025-03-08 14:24:08.485,9.54974726969116e-05,-2.2302886254315326
2025-03-08 14:24:08.504,8.958457748057802e-05,-2.3635433791110376
2025-03-08 14:24:08.524,8.576739901603482e-05,-2.459947888746317
2025-03-08 14:24:08.543,8.347365211566356e-05,-2.537604156488085
2025-03-08 14:24:08.563,8.197795622828644e-05,-2.612907824489978
2025-03-08 14:24:08.582,8.047131638752555e-05,-2.695829087494701
2025-03-08 14:24:08.602,7.81152327202623e-05,-2.7862957826425627
2025-03-08 14:24:08.621,7.410789729014717e-05,-2.872702834713282
2025-03-08 14:24:08.641,6.778577075899934e-05,-2.933094580701942
2025-03-08 14:24:08.660,5.876742289976917e-05,-2.938914926518247
2025-03-08 14:24:08.680,4.712232846044188e-05,-2.8605689721244585
2025-03-08 14:24:08.699,3.3522556083109724e-05,-2.673584499138093
2025-03-08 14:24:08.719,1.93184453584736e-05,-2.364032458175996
2025-03-08 14:24:08.739,6.478159510226471e-06,-1.9320626780102044
2025-03-08 14:24:08.758,-2.649770619820502e-06,-1.3928304359741346
2025-03-08 14:24:08.778,-5.752188586962534e-06,-0.7746096422347244
2025-03-08 14:24:08.797,-1.0927557649347949e-06,-0.1144251288490986
2025-03-08 14:24:08.817,1.1929401255701163e-05,0.5479730749333184
2025-03-08 14:24:08.836,3.235354135034745e-05,1.176605467560479
2025-03-08 14:24:08.856,5.7521682833844345e-05,1.7448932265176371
2025-03-08 14:24:08.875,8.335184164452742e-05,2.239220846429074
2025-03-08 14:24:08.895,0.0001050437635276,2.6596398982886678
2025-03-08 14:24:08.914,0.0001180994523347,3.01753192494043
2025-03-08 14:24:08.934,0.0001193925637352,3.330727590706599
2025-03-08 14:24:08.953,0.000107948059252,3.617180802243523
2025-03-08 14:24:08.973,8.517727500404235e-05,3.888684192115696
2025-03-08 14:24:08.992,5.453353739343255e-05,4.1461805752010426
2025-03-08 14:24:09.012,2.0764890663897276e-05,4.377916049603467
2025-03-08 14:24:09.032,-1.0994595568268735e-05,4.561010982287144
2025-03-08 14:24:09.051,-3.612843130258485e-05,4.6661222864171865
2025-03-08 14:24:09.071,-5.135820892688217e-05,4.663983669295109
2025-03-08 14:24:09.090,-5.540423182598554e-05,4.532049434270812
2025-03-08 14:24:09.110,-4.934685411156913e-05,4.259462832815635
2025-03-08 14:24:09.129,-3.65247630074708e-05,3.8491415109968585
2025-03-08 14:24:09.149,-2.1884025618333764e-05,3.316702158618499
2025-03-08 14:24:09.168,-1.0850832887603888e-05,2.68687964153749
2025-03-08 14:24:09.188,-7.973605748393116e-06,1.9887060434199189
2025-03-08 14:24:09.207,-1.5689645824094722e-05,1.2508411081554478
2025-03-08 14:24:09.227,-3.3570537636629666e-05,0.4981410926095091
2025-03-08 14:24:09.246,-5.8305123106154975e-05,-0.2499757283016448
2025-03-08 14:24:09.266,-8.453224810207714e-05,-0.9793398801377216
2025-03-08 14:24:09.285,-0.0001064461508457,-1.6794014971839082
2025-03-08 14:24:09.305,-0.0001198629109092,-2.340816876730787
2025-03-08 14:24:09.324,-0.0001242096035651,-2.9530482407887333
2025-03-08 14:24:09.344,-0.0001237835799613,-3.502761091101639
2025-03-08 14:24:09.364,-0.0001277136886624,-3.9735977267330713
2025-03-08 14:24:09.383,-0.00014834288892,-4.347513940742196
2025-03-08 14:24:09.403,-0.0001981668906589,-4.607374157761753
2025-03-08 14:24:09.422,-0.0002858990067617,-4.740061233766616
2025-03-08 14:24:09.442,-0.0004125834419379,-4.739143558997046
2025-03-08 14:24:09.461,-0.0005688523363242,-4.606266015941569
2025-03-08 14:24:09.481,-0.0007343348264773,-4.350863684698249
2025-03-08 14:24:09.500,-0.0008798340318936,-3.988362580360955
2025-03-08 14:24:09.520,-0.0009722178808259,-3.5375039900770053
2025-03-08 14:24:09.539,-0.0009811617462093,-3.0176492536383863
2025-03-08 14:24:09.559,-0.0008861903964532,-2.446847359946713
2025-03-08 14:24:09.578,-0.0006821898051456,-1.841127379231946
2025-03-08 14:24:09.598,-0.0003818747678509,-1.2150152030463963
2025-03-08 14:24:09.617,-1.451923657280905e-05,-0.5828149707201986
2025-03-08 14:24:09.637,0.0003787455850448,0.0400913417178612
2025-03-08 14:24:09.657,0.0007519411476216,0.6366610935637329
2025-03-08 14:24:09.676,0.0010619924178663,1.188748753226985
2025-03-08 14:24:09.696,0.0012756196596855,1.6787593529516025
2025-03-08 14:24:09.715,0.0013740943607595,2.0919301991031354
2025-03-08 14:24:09.735,0.0013551499892395,2.418549406155244
2025-03-08 14:24:09.754,0.0012319829030656,2.6554377288336437
2025-03-08 14:24:09.774,0.0010298318035554,2.8062344909741563
2025-03-08 14:24:09.793,0.0007809887763661,2.8803519104426285
2025-03-08 14:24:09.813,0.0005192541609547,2.89079896553563
2025-03-08 14:24:09.832,0.0002748182501165,2.851343264812671
2025-03-08 14:24:09.852,7.036540359416993e-05,2.773623021194672
2025-03-08 14:24:09.871,-8.110043642760036e-05,2.6648206412427333
2025-03-08 14:24:09.891,-0.0001765588580641,2.5263779586692485
2025-03-08 14:24:09.910,-0.0002216039946984,2.354016938343619
2025-03-08 14:24:09.930,-0.0002278928235958,2.139090942391719
2025-03-08 14:24:09.950,-0.0002100626639877,1.8710755651456676
2025-03-08 14:24:09.969,-0.0001827641916906,1.5408209332631837
2025-03-08 14:24:09.989,-0.000158304024123,1.144010866254371
2025-03-08 14:24:10.008,-0.0001451619538952,0.6841117086334372
2025-03-08 14:24:10.028,-0.0001474197516799,0.174011314745128
2025-03-08 14:24:10.047,-0.0001649671601242,-0.3643371243798299
2025-03-08 14:24:10.067,-0.00019426128956,-0.9025554353306504
2025-03-08 14:24:10.086,-0.0002294039744365,-1.4104183030579542
2025-03-08 14:24:10.106,-0.0002633427945596,-1.8613494287046533
2025-03-08 14:24:10.125,-0.0002890614140031,-2.237391109220245
2025-03-08 14:24:10.145,-0.000300672729419,-2.532235650732405
2025-03-08 14:24:10.164,-0.000294345861054,-2.7514171695386613
2025-03-08 14:24:10.184,-0.0002689850106491,-2.909564814868602
2025-03-08 14:24:10.203,-0.0002265521541413,-3.0254316883355936
2025-03-08 14:24:10.223,-0.0001719162873263,-3.115991720814595
2025-03-08 14:24:10.242,-0.0001121522587988,-3.1911062654347098
2025-03-08 14:24:10.262,-5.532356824694119e-05,-3.2500875059552694
2025-03-08 14:24:10.282,-8.952080981766931e-06,-3.28099604235637
2025-03-08 14:24:10.301,2.146767739088856e-05,-3.2628308223414706
2025-03-08 14:24:10.321,3.351428664592321e-05,-3.170067923924929
2025-03-08 14:24:10.340,2.8179472795948177e-05,-2.9784583273665146
2025-03-08 14:24:10.360,9.46850694937308e-06,-2.670736586882985
2025-03-08 14:24:10.379,-1.6574796541003252e-05,-2.24096606577145
2025-03-08 14:24:10.399,-4.3177367163200414e-05,-1.6966067942266272
2025-03-08 14:24:10.418,-6.424850918865268e-05,-1.0579380842660735
2025-03-08 14:24:10.438,-7.565768893133364e-05,-0.3550793339018585
2025-03-08 14:24:10.457,-7.609352112157575e-05,0.3765959448496552
2025-03-08 14:24:10.477,-6.721341988098741e-05,1.1014965492148745
2025-03-08 14:24:10.496,-5.2941094205553176e-05,1.7880906692411327
2025-03-08 14:24:10.516,-3.805923831408584e-05,2.4115145789028363
2025-03-08 14:24:10.535,-2.652245018511671e-05,2.9541783689931096
2025-03-08 14:24:10.555,-2.002142705822401e-05,3.404683523320946
2025-03-08 14:24:10.575,-1.7234102904716278e-05,3.755856535488616
2025-03-08 14:24:10.594,-1.3981471079510678e-05,4.002866869288655
2025-03-08 14:24:10.614,-4.255693122425792e-06,4.142207319031298
2025-03-08 14:24:10.633,1.8135509067824853e-05,4.171876598804284
2025-03-08 14:24:10.653,5.772325841708971e-05,4.092600400087042
2025-03-08 14:24:10.672,0.0001158107241637,3.909532114399622
2025-03-08 14:24:10.692,0.0001896138258153,3.6336897428227983
2025-03-08 14:24:10.711,0.0002723630610152,3.282434932946196
2025-03-08 14:24:10.731,0.0003543471651181,2.878560004570111
2025-03-08 14:24:10.750,0.0004245916156476,2.447959350865186
2025-03-08 14:24:10.770,0.0004726900891927,2.016312711218777
2025-03-08 14:24:10.789,0.0004903407426142,1.6055535069824003
2025-03-08 14:24:10.809,0.0004723571413611,1.231011091529508
2025-03-08 14:24:10.828,0.0004171795108292,0.8999525340003101
2025-03-08 14:24:10.848,0.0003270518447096,0.6118546930044353
2025-03-08 14:24:10.868,0.0002080115633898,0.3602446714226869
2025-03-08 14:24:10.887,6.972447201391232e-05,0.1355311921064309
2025-03-08 14:24:10.907,-7.493114990937778e-05,-0.0719534921984076
2025-03-08 14:24:10.926,-0.0002107141672057,-0.269440031308609
2025-03-08 14:24:10.946,-0.0003214802925449,-0.4602559273744351
2025-03-08 14:24:10.965,-0.0003922969740134,-0.6436298264813308
2025-03-08 14:24:10.985,-0.0004120187544567,-0.8156903980329266
2025-03-08 14:24:11.004,-0.0003758430269073,-0.9713144960260552
2025-03-08 14:24:11.024,-0.0002871461070525,-1.106263785687031
2025-03-08 14:24:11.043,-0.0001578911873121,-1.2189471779690595
2025-03-08 14:24:11.063,-7.1921227072205306e-06,-1.3112325031054357
2025-03-08 14:24:11.082,0.0001418577622588,-1.388023727468242
2025-03-08 14:24:11.102,0.0002664243596136,-1.4557414969162334
2025-03-08 14:24:11.121,0.0003481981486779,-1.5202420420617506
2025-03-08 14:24:11.141,0.0003766099607071,-1.5849151630906966
2025-03-08 14:24:11.160,0.0003502551731717,-1.6496139531822849
2025-03-08 14:24:11.180,0.0002763476364337,-1.7107236999924305
2025-03-08 14:24:11.200,0.0001685559669641,-1.7622467696206423
2025-03-08 14:24:11.219,4.387812013354557e-05,-1.7974628484550856
2025-03-08 14:24:11.239,-8.072288593134055e-05,-1.8106227422072887
2025-03-08 14:24:11.258,-0.0001912653843979,-1.798226185685481
2025-03-08 14:24:11.278,-0.0002787547540815,-1.7596297629633757
2025-03-08 14:24:11.297,-0.0003399355412118,-1.6969408060151483
2025-03-08 14:24:11.317,-0.0003767634382839,-1.6143195094102705
2025-03-08 14:24:11.336,-0.0003948644019789,-1.516915814236852
2025-03-08 14:24:11.356,-0.0004014532661163,-1.4097252866490164
2025-03-08 14:24:11.375,-0.0004032483216452,-1.2966774110923192
2025-03-08 14:24:11.395,-0.0004048495032341,-1.180249447848872
2025-03-08 14:24:11.414,-0.0004078867082812,-1.0617779598109978
2025-03-08 14:24:11.434,-0.0004110398548436,-0.9424064451892952
2025-03-08 14:24:11.453,-0.0004108286274567,-0.8243349333893838
2025-03-08 14:24:11.473,-0.0004029044718361,-0.7118445451361488
2025-03-08 14:24:11.493,-0.0003834776702739,-0.6115450147173666
2025-03-08 14:24:11.512,-0.0003504961280861,-0.5314646745042094
2025-03-08 14:24:11.532,-0.000304268392846,-0.4789511563457711
2025-03-08 14:24:11.551,-0.0002473871703996,-0.4578055377711972
2025-03-08 14:24:11.571,-0.0001840291003304,-0.4654896942696627
2025-03-08 14:24:11.590,-0.0001189049403983,-0.4914381736185659
2025-03-08 14:24:11.610,-5.6215522419084287e-05,-0.5173349596124676
2025-03-08 14:24:11.629,1.1043512821084006e-06,-0.5196939648341607
2025-03-08 14:24:11.649,5.1733433924817486e-05,-0.4743829170761253
2025-03-08 14:24:11.668,9.59200429815602e-05,-0.3621011570586431
2025-03-08 14:24:11.688,0.0001351180497879,-0.1734668647194963
2025-03-08 14:24:11.707,0.0001713797790553,0.0876227026353805
2025-03-08 14:24:11.727,0.0002066111154821,0.4033434351323784
2025-03-08 14:24:11.746,0.0002418547116113,0.7443850673022446
2025-03-08 14:24:11.766,0.000276793974456,1.075113740161303
2025-03-08 14:24:11.785,0.0003096225078142,1.3603836974120125
2025-03-08 14:24:11.805,0.0003373336059063,1.572452941232858
2025-03-08 14:24:11.825,0.0003563886748128,1.6963804846151396
2025-03-08 14:24:11.844,0.0003636178559397,1.732646171455446
2025-03-08 14:24:11.864,0.0003570976784563,1.696433030224184
2025-03-08 14:24:11.883,0.0003367066272279,1.6138391132993393
2025-03-08 14:24:11.903,0.0003041605537397,1.516014352340153
2025-03-08 14:24:11.922,0.0002625583048853,1.432663830226316
2025-03-08 14:24:11.942,0.0002156810865745,1.3864188379852076
2025-03-08 14:24:11.961,0.000167347351015,1.389260593172608
2025-03-08 14:24:11.981,0.0001210197429081,1.4416052379420123
2025-03-08 14:24:12.000,7.968827534339073e-05,1.5339894991677758
2025-03-08 14:24:12.020,4.591273251775207e-05,1.6506907154887696
2025-03-08 14:24:12.039,2.1848771315641387e-05,1.7742004056249252
2025-03-08 14:24:12.059,9.1181288611434e-06,1.889342740393413
2025-03-08 14:24:12.078,8.495895949431373e-06,1.9860214389259971
2025-03-08 14:24:12.098,1.9525471352120797e-05,2.060027077362641
2025-03-08 14:24:12.118,4.025494418478168e-05,2.1118962917229585
2025-03-08 14:24:12.137,6.726060080169141e-05,2.1443205165039494
2025-03-08 14:24:12.157,9.601108689768364e-05,2.1589310857372666
2025-03-08 14:24:12.176,0.000121513637379,2.153386205222798
2025-03-08 14:24:12.196,0.0001391187069643,2.11957040021119
2025-03-08 14:24:12.215,0.0001453242566268,2.0434485349605542
2025-03-08 14:24:12.235,0.0001384000583803,1.906757099013425
2025-03-08 14:24:12.254,0.0001186751179417,1.6903132525094953
2025-03-08 14:24:12.274,8.84261482783984e-05,1.3783296607367554
2025-03-08 14:24:12.293,5.143209301059302e-05,0.9628211107194288
2025-03-08 14:24:12.313,1.2335824752206664e-05,0.4470757075954043
2025-03-08 14:24:12.332,-2.405413196422748e-05,-0.152693320450955
2025-03-08 14:24:12.352,-5.343903573971283e-05,-0.8080137300974489
2025-03-08 14:24:12.371,-7.263229434370958e-05,-1.4811137533694807
2025-03-08 14:24:12.391,-8.002883113912748e-05,-2.129640746740118
2025-03-08 14:24:12.411,-7.585031749734145e-05,-2.7122414530343617
2025-03-08 14:24:12.430,-6.207770081219546e-05,-3.1939616674916067
2025-03-08 14:24:12.450,-4.205792668058868e-05,-3.550504535175871
2025-03-08 14:24:12.469,-1.9884139499237257e-05,-3.770655945678158
2025-03-08 14:24:12.489,2.859733489181889e-07,-3.856574663800208
2025-03-08 14:24:12.508,1.4828616988629235e-05,-3.8220648868594393
2025-03-08 14:24:12.528,2.10921299060208e-05,-3.6893055502814662
2025-03-08 14:24:12.547,1.766062537372218e-05,-3.484731926732573
2025-03-08 14:24:12.567,4.4594740524107065e-06,-3.2348247176767644
2025-03-08 14:24:12.586,-1.7281140167781007e-05,-2.962483461244688
2025-03-08 14:24:12.606,-4.520524707278427e-05,-2.6844975774492754
2025-03-08 14:24:12.625,-7.616679438755918e-05,-2.410425937950204
2025-03-08 14:24:12.645,-0.0001067266275792,-2.142969340283181
2025-03-08 14:24:12.664,-0.000133770340379,-1.8796677816239875
2025-03-08 14:24:12.684,-0.0001551280171938,-1.6154977543800175
2025-03-08 14:24:12.703,-0.000169996598274,-1.3457462950173105
2025-03-08 14:24:12.723,-0.0001789561765421,-1.0684728785283957
2025-03-08 14:24:12.743,-0.0001835018312142,-0.7859802909502315
2025-03-08 14:24:12.762,-0.0001852492299829,-0.5049834948441515
2025-03-08 14:24:12.782,-0.0001851585188178,-0.2355081402031265
2025-03-08 14:24:12.801,-0.0001831119698641,0.0111489204371525
2025-03-08 14:24:12.821,-0.0001779851269446,0.2248895299198518
2025-03-08 14:24:12.840,-0.0001681122647202,0.3991606908250562
2025-03-08 14:24:12.860,-0.0001519096571765,0.5326583249854892
2025-03-08 14:24:12.879,-0.0001284313625449,0.6299576374580815
2025-03-08 14:24:12.899,-9.773889609221922e-05,0.7008100266008248
2025-03-08 14:24:12.918,-6.107310083517296e-05,0.7581394835973131
2025-03-08 14:24:12.938,-2.0854863019793864e-05,0.8151576835297476
2025-03-08 14:24:12.957,1.9486984417001734e-05,0.8823576823886415
2025-03-08 14:24:12.977,5.589805817396712e-05,0.9652585014061278
2025-03-08 14:24:12.996,8.431289506572719e-05,1.063565358440315
2025-03-08 14:24:13.016,0.000101437339463,1.1719588337513276
2025-03-08 14:24:13.036,0.0001055119992729,1.2822189953848813
2025-03-08 14:24:13.055,9.67957879391488e-05,1.3860096587162716
2025-03-08 14:24:13.075,7.757091339287054e-05,1.4774940652218391
2025-03-08 14:24:13.094,5.165821146219837e-05,1.5550374059218786
2025-03-08 14:24:13.114,2.361130898842266e-05,1.6215222339677575
2025-03-08 14:24:13.133,-2.1876604018722306e-06,1.683178009818711
2025-03-08 14:24:13.153,-2.235254464558193e-05,1.747215980435672
2025-03-08 14:24:13.172,-3.5100121704938024e-05,1.818878576662837
2025-03-08 14:24:13.192,-4.05126882058529e-05,1.898686161596077
2025-03-08 14:24:13.211,-4.0373216108240144e-05,1.9806509765740576
2025-03-08 14:24:13.231,-3.760290336477774e-05,2.0520266679200825
2025-03-08 14:24:13.250,-3.546413484480255e-05,2.094810779133057
2025-03-08 14:24:13.270,-3.675762583234778e-05,2.0887922999024138
2025-03-08 14:24:13.289,-4.319777084553027e-05,2.015540388596889
2025-03-08 14:24:13.309,-5.504607885661573e-05,1.862474388328346
2025-03-08 14:24:13.329,-7.101603719927948e-05,1.6261154733155214
2025-03-08 14:24:13.348,-8.846372913531058e-05,1.313798723121376
2025-03-08 14:24:13.368,-0.0001038774087458,0.9434515128666277
2025-03-08 14:24:13.387,-0.0001136063791948,0.5414275867818733
2025-03-08 14:24:13.407,-0.0001146549969009,0.1387551567187003
2025-03-08 14:24:13.426,-0.0001053091967995,-0.2335391986051259
2025-03-08 14:24:13.446,-8.541643882552034e-05,-0.5491819293985928
2025-03-08 14:24:13.465,-5.627906716127003e-05,-0.7906029842848982
2025-03-08 14:24:13.485,-2.027510024067344e-05,-0.9513545658432172
2025-03-08 14:24:13.504,1.9595832152801414e-05,-1.036561025784038
2025-03-08 14:24:13.524,6.0091985407892896e-05,-1.0613472009871794
2025-03-08 14:24:13.543,9.802509335622432e-05,-1.0475826484995117
2025-03-08 14:24:13.563,0.0001305546127767,-1.019584008955589
2025-03-08 14:24:13.582,0.0001555191583603,-0.9995757679478532
2025-03-08 14:24:13.602,0.0001717345381535,-1.0037065456663108
2025-03-08 14:24:13.621,0.00017914014427,-1.0392784456330806
2025-03-08 14:24:13.641,0.0001787227310735,-1.1036222342406483
2025-03-08 14:24:13.661,0.0001722320334822,-1.1847983026695224
2025-03-08 14:24:13.680,0.0001617687481573,-1.264050141162916
2025-03-08 14:24:13.700,0.0001493527248135,-1.319669351108092
2025-03-08 14:24:13.719,0.0001365719082197,-1.3316391119150168
2025-03-08 14:24:13.739,0.0001243817440132,-1.2861626249830769
2025-03-08 14:24:13.758,0.0001130826099881,-1.179072367273141
2025-03-08 14:24:13.778,0.000102460282206,-1.0172554353845562
2025-03-08 14:24:13.797,9.20397829739366e-05,-0.8176288504573604
2025-03-08 14:24:13.817,8.138140896031203e-05,-0.6037709994941508
2025-03-08 14:24:13.836,7.034166611621459e-05,-0.4009243793156102
2025-03-08 14:24:13.856,5.9231239168366016e-05,-0.230571307667597
2025-03-08 14:24:13.875,4.882509121744584e-05,-0.1059845801072114
2025-03-08 14:24:13.895,4.021278857626043e-05,-0.0299532009117846
2025-03-08 14:24:13.914,3.451510499267867e-05,0.0047083285220493
2025-03-08 14:24:13.934,3.252935002673765e-05,0.01206557224399
2025-03-08 14:24:13.954,3.4393038906976044e-05,0.0083328861113359
2025-03-08 14:24:13.973,3.9365530093510896e-05,0.0068998281800328
2025-03-08 14:24:13.993,4.581328915529116e-05,0.0145281097681272
2025-03-08 14:24:14.012,5.144273681525504e-05,0.0297475936599058
2025-03-08 14:24:14.032,5.375656553871316e-05,0.0438350902780227
2025-03-08 14:24:14.051,5.062583950571973e-05,0.044050117437909
2025-03-08 14:24:14.071,4.080242967269001e-05,0.0182111273392115
2025-03-08 14:24:14.090,2.41963998319814e-05,-0.0406419431939306
2025-03-08 14:24:14.110,1.8389851228125567e-06,-0.1307637197948432
2025-03-08 14:24:14.129,-2.440661687915459e-05,-0.2403446467560971
2025-03-08 14:24:14.149,-5.2234656416847386e-05,-0.3486631273701699
2025-03-08 14:24:14.168,-7.924339303535083e-05,-0.4294940228425526
2025-03-08 14:24:14.188,-0.0001031692819956,-0.45598190991736
2025-03-08 14:24:14.207,-0.0001220188073143,-0.4058837873577501
2025-03-08 14:24:14.227,-0.0001341574771158,-0.2660574983609019
2025-03-08 14:24:14.247,-0.0001384232670573,-0.0352882890290601
2025-03-08 14:24:14.266,-0.000134301175727,0.2750603661305942
2025-03-08 14:24:14.286,-0.0001221407285157,0.6426016947001588
2025-03-08 14:24:14.305,-0.0001033408610584,1.0372505506045635
2025-03-08 14:24:14.325,-8.039077537341267e-05,1.425548451092712
2025-03-08 14:24:14.344,-5.666203467606908e-05,1.7751007094688436
2025-03-08 14:24:14.364,-3.5908453756676915e-05,2.0583578385608705
2025-03-08 14:24:14.383,-2.1542212778122888e-05,2.2552749664239493
2025-03-08 14:24:14.403,-1.5881338656185993e-05,2.3547381100233395
2025-03-08 14:24:14.422,-1.9626641702463117e-05,2.354906133637141
2025-03-08 14:24:14.442,-3.174809739235021e-05,2.2626944944988496
2025-03-08 14:24:14.461,-4.976446588197273e-05,2.0925509779092533
2025-03-08 14:24:14.481,-7.023113716444052e-05,1.8645627720333204
2025-03-08 14:24:14.500,-8.924518571376607e-05,1.6019016614338295
2025-03-08 14:24:14.520,-0.0001029170629824,1.3277020515249387
2025-03-08 14:24:14.539,-0.0001078914956744,1.0616569544700822
2025-03-08 14:24:14.559,-0.0001019795711042,0.8168591356318174
2025-03-08 14:24:14.579,-8.479299484586102e-05,0.5976116144208368
2025-03-08 14:24:14.598,-5.811101968141625e-05,0.3989392358403267
2025-03-08 14:24:14.618,-2.572538778390908e-05,0.2082371397251063
2025-03-08 14:24:14.637,7.288165829469272e-06,0.0089203605874908
2025-03-08 14:24:14.657,3.567079218632766e-05,-0.2147113189565853
2025-03-08 14:24:14.676,5.511736095078252e-05,-0.4726383202313128
2025-03-08 14:24:14.696,6.315491009899424e-05,-0.7656346736200174
2025-03-08 14:24:14.715,5.960384335570147e-05,-1.0841077179200886
2025-03-08 14:24:14.735,4.656961483386271e-05,-1.409614715445307
2025-03-08 14:24:14.754,2.796734788903613e-05,-1.7186981940394224
2025-03-08 14:24:14.774,8.650893043439142e-06,-1.9880847459644004
2025-03-08 14:24:14.793,-6.671904922150602e-06,-2.199942314452137
2025-03-08 14:24:14.813,-1.4469625693604428e-05,-2.3458645483455824
2025-03-08 14:24:14.832,-1.3103477452490304e-05,-2.4285647630969427
2025-03-08 14:24:14.852,-3.0642949304586494e-06,-2.4608555785181614
2025-03-08 14:24:14.872,1.3304410935019602e-05,-2.462212466292413
2025-03-08 14:24:14.891,3.2496557319533414e-05,-2.453859741852836
2025-03-08 14:24:14.911,5.073361881675506e-05,-2.453675437443082
2025-03-08 14:24:14.930,6.480279699660869e-05,-2.4721748780149104
2025-03-08 14:24:14.950,7.264572590553232e-05,-2.510431878469257
2025-03-08 14:24:14.969,7.360708625343743e-05,-2.560195456598351
2025-03-08 14:24:14.989,6.835553133873815e-05,-2.605876449448945
2025-03-08 14:24:15.008,5.855859500260262e-05,-2.627685765015302
2025-03-08 14:24:15.028,4.642352738275987e-05,-2.60508163222085
2025-03-08 14:24:15.047,3.421378278741091e-05,-2.519806105780055
2025-03-08 14:24:15.067,2.382771201814676e-05,-2.3580655850564263
2025-03-08 14:24:15.086,1.649439663066186e-05,-2.111712885007993
2025-03-08 14:24:15.106,1.261163780563034e-05,-1.7785249756416417
2025-03-08 14:24:15.125,1.1728661399031482e-05,-1.3618063742161155
2025-03-08 14:24:15.145,1.2662158941697794e-05,-0.8695971052646284
2025-03-08 14:24:15.164,1.3726156546259964e-05,-0.3137515786557188
2025-03-08 14:24:15.184,1.3049446984152968e-05,0.2909071329711949
2025-03-08 14:24:15.204,8.945072275092659e-06,0.92725496897112
2025-03-08 14:24:15.223,2.833365075194478e-07,1.5763641804706303
2025-03-08 14:24:15.243,-1.319448296685634e-05,2.217908520867699
2025-03-08 14:24:15.262,-3.069411192828383e-05,2.830560894067358
2025-03-08 14:24:15.282,-5.038690972866543e-05,3.392437017967276
2025-03-08 14:24:15.301,-6.967390241993371e-05,3.88162627648184
2025-03-08 14:24:15.321,-8.569061681383505e-05,4.276886365363119
2025-03-08 14:24:15.340,-9.597566718140951e-05,4.558628926860401
2025-03-08 14:24:15.360,-9.914347868634829e-05,4.710317061970103
2025-03-08 14:24:15.379,-9.53430775650918e-05,4.720283214460454
2025-03-08 14:24:15.399,-8.630509410334646e-05,4.583775644632614
2025-03-08 14:24:15.418,-7.490673659687904e-05,4.304830749907723
2025-03-08 14:24:15.438,-6.43663542358731e-05,3.897442445027251
2025-03-08 14:24:15.457,-5.731117126131764e-05,3.3855318813002264
2025-03-08 14:24:15.477,-5.49865663034868e-05,2.801425692869184
2025-03-08 14:24:15.497,-5.681478999049646e-05,2.182868467089643
2025-03-08 14:24:15.516,-6.041283090210228e-05,1.5689232130372326
2025-03-08 14:24:15.536,-6.207337130344514e-05,0.9953681703831316
2025-03-08 14:24:15.555,-5.761387586557218e-05,0.4903361599164845
2025-03-08 14:24:15.575,-4.3417544069384646e-05,0.0709451258001632
2025-03-08 14:24:15.594,-1.7437438390360996e-05,-0.2584663797283584
2025-03-08 14:24:15.614,2.0076096208002437e-05,-0.5061386415237101
2025-03-08 14:24:15.633,6.632271852818668e-05,-0.6907061381398685
2025-03-08 14:24:15.653,0.0001162719989854,-0.8373954771765475
2025-03-08 14:24:15.672,0.0001635124900172,-0.9733252022883307
2025-03-08 14:24:15.692,0.0002014518278891,-1.122830639352767
2025-03-08 14:24:15.711,0.0002246128345664,-1.303697851622031
2025-03-08 14:24:15.731,0.0002297596125489,-1.5249135127702536
2025-03-08 14:24:15.750,0.00021661183237,-1.7861317791468656
2025-03-08 14:24:15.770,0.0001879531457214,-2.0786654775915543
2025-03-08 14:24:15.790,0.0001490470302328,-2.38752769182914
2025-03-08 14:24:15.809,0.0001064670394415,-2.6939273748881702
2025-03-08 14:24:15.829,6.666361373409924e-05,-2.977663026279997
2025-03-08 14:24:15.848,3.4689376608565906e-05,-3.219027907284933
2025-03-08 14:24:15.868,1.3409175058138228e-05,-3.4000718517214725
2025-03-08 14:24:15.887,3.2951673523312957e-06,-3.505280429101
2025-03-08 14:24:15.907,2.705595391296762e-06,-3.5218737915259224
2025-03-08 14:24:15.926,8.475043464347014e-06,-3.439975474394377
2025-03-08 14:24:15.946,1.6679078865001444e-05,-3.2528713793391666
2025-03-08 14:24:15.965,2.3473121759989424e-05,-2.95750134157338
2025-03-08 14:24:15.985,2.588311785154186e-05,-2.555220221380698
2025-03-08 14:24:16.004,2.2378457796969117e-05,-2.0527358981390007
2025-03-08 14:24:16.024,1.3066767623259727e-05,-1.4629897113132029
2025-03-08 14:24:16.043,-5.421513299057151e-07,-0.8056366458640423
2025-03-08 14:24:16.063,-1.6099943885385544e-05,-0.1067705379769928
2025-03-08 14:24:16.082,-3.110383852769212e-05,0.6023443860724906
2025-03-08 14:24:16.102,-4.349364785092061e-05,1.2875551174268138
2025-03-08 14:24:16.122,-5.202676608321899e-05,1.914878382752876
2025-03-08 14:24:16.141,-5.638773654460186e-05,2.453883087103545
2025-03-08 14:24:16.161,-5.706497071381995e-05,2.880824346067814
2025-03-08 14:24:16.180,-5.507490333394119e-05,3.1809656643580366
2025-03-08 14:24:16.200,-5.16311484244722e-05,3.349664761896764
2025-03-08 14:24:16.219,-4.7847358158166886e-05,3.39203934201586
2025-03-08 14:24:16.239,-4.45357400436808e-05,3.3213168283921664
2025-03-08 14:24:16.258,-4.212825419813336e-05,3.15623900854359
2025-03-08 14:24:16.278,-4.071338242737948e-05,2.918073487923033
2025-03-08 14:24:16.297,-4.01548786111613e-05,2.62782721874638
2025-03-08 14:24:16.317,-4.024410052213267e-05,2.304141858653856
2025-03-08 14:24:16.336,-4.083557249541563e-05,1.9621092338538608
2025-03-08 14:24:16.356,-4.192510168105091e-05,1.6129691363178114
2025-03-08 14:24:16.375,-4.364804298438931e-05,1.2644521710394263
2025-03-08 14:24:16.395,-4.619803108461164e-05,0.9214729173242222
2025-03-08 14:24:16.415,-4.968901761733386e-05,0.5869436970690437
2025-03-08 14:24:16.434,-5.400116981059262e-05,0.2625864332539724
2025-03-08 14:24:16.454,-5.866011846602197e-05,-0.0503039441800918
2025-03-08 14:24:16.473,-6.279641264565244e-05,-0.3501695206731018
2025-03-08 14:24:16.493,-6.521691467585609e-05,-0.634619737449963
2025-03-08 14:24:16.512,-6.45937534877085e-05,-0.9000774509970347
2025-03-08 14:24:16.532,-5.9743652247663785e-05,-1.141781035743717
2025-03-08 14:24:16.551,-4.993800163901239e-05,-1.3542716821133858
2025-03-08 14:24:16.571,-3.5161037354651494e-05,-1.532387396460527
2025-03-08 14:24:16.590,-1.6229545190871283e-05,-1.672600270411558
2025-03-08 14:24:16.610,5.2892637977009166e-06,-1.774350722644337
2025-03-08 14:24:16.629,2.7370714122580454e-05,-1.8409404692430544
2025-03-08 14:24:16.649,4.7965278895332974e-05,-1.8795919884190215
2025-03-08 14:24:16.668,6.542019285053752e-05,-1.9004601418686256
2025-03-08 14:24:16.688,7.87128587636703e-05,-1.9146492126560808
2025-03-08 14:24:16.708,8.739012504968618e-05,-1.9315809517731304
2025-03-08 14:24:16.727,9.126213221970846e-05,-1.9562944872740156
2025-03-08 14:24:16.747,9.005399628114147e-05,-1.9873546411190357
2025-03-08 14:24:16.766,8.326808765608103e-05,-2.0159509150626844
2025-03-08 14:24:16.786,7.039672068562547e-05,-2.0265009314265527
2025-03-08 14:24:16.805,5.1397244387618496e-05,-1.998717016697976
2025-03-08 14:24:16.825,2.7147364701827694e-05,-1.9107707942989245
2025-03-08 14:24:16.844,-4.138178641564692e-07,-1.7429840942049153
2025-03-08 14:24:16.864,-2.857187595970284e-05,-1.4814111020420302
2025-03-08 14:24:16.883,-5.4431079800383886e-05,-1.1207403982920567
2025-03-08 14:24:16.903,-7.557300038766771e-05,-0.6660989072760085
2025-03-08 14:24:16.922,-9.055631085988692e-05,-0.1335280851455412
2025-03-08 14:24:16.942,-9.91330122800337e-05,0.4509277580970725
2025-03-08 14:24:16.961,-0.0001021623588008,1.0534481887318716
2025-03-08 14:24:16.981,-0.0001012832972677,1.635783144575755
2025-03-08 14:24:17.000,-9.845087654145449e-05,2.159377352632432
2025-03-08 14:24:17.020,-9.545403075413903e-05,2.5897639606880256
2025-03-08 14:24:17.040,-9.3518557847178e-05,2.9005873542383904
2025-03-08 14:24:17.059,-9.306910061714924e-05,3.076595613118908
2025-03-08 14:24:17.079,-9.368614224224492e-05,3.115081765249217
2025-03-08 14:24:17.098,-9.425530184324775e-05,3.0255330319015337
2025-03-08 14:24:17.118,-9.327135346854637e-05,2.827589377236854
2025-03-08 14:24:17.137,-8.923170570020452e-05,2.5477139022227693
2025-03-08 14:24:17.157,-8.103631516129791e-05,2.2151682764190337
2025-03-08 14:24:17.176,-6.830608010603631e-05,1.8579591385325
2025-03-08 14:24:17.196,-5.154287143587287e-05,1.4994044798414796
2025-03-08 14:24:17.215,-3.208429651513797e-05,1.1558754855135145
2025-03-08 14:24:17.235,-1.1856005397845168e-05,0.8360811839051605
2025-03-08 14:24:17.254,7.011589551216416e-06,0.5419689373495681
2025-03-08 14:24:17.274,2.258059900290348e-05,0.2709551206384284
2025-03-08 14:24:17.293,3.339400232664087e-05,0.0188765138394411
2025-03-08 14:24:17.313,3.860602444422312e-05,-0.217124438191648
2025-03-08 14:24:17.333,3.800224526421541e-05,-0.4365329635914358
2025-03-08 14:24:17.352,3.198606405368946e-05,-0.6347322909304183
2025-03-08 14:24:17.372,2.154914189018793e-05,-0.8037695128664504
2025-03-08 14:24:17.391,8.17826927015911e-06,-0.934385872679124
2025-03-08 14:24:17.411,-6.3370413005800456e-06,-1.0187540856565531
2025-03-08 14:24:17.430,-2.01590113033062e-05,-1.0531835402228735
2025-03-08 14:24:17.450,-3.163133522007316e-05,-1.0400675896125045
2025-03-08 14:24:17.469,-3.941668364827857e-05,-0.98855321414437
2025-03-08 14:24:17.489,-4.2534024732602776e-05,-0.9137512933767092
2025-03-08 14:24:17.508,-4.03393343697125e-05,-0.8346718230912097
2025-03-08 14:24:17.528,-3.251229105372792e-05,-0.771350724138664
2025-03-08 14:24:17.547,-1.90966363348954e-05,-0.7417600165909721
2025-03-08 14:24:17.567,-6.029153874386915e-07,-0.7590534820049251
2025-03-08 14:24:17.586,2.1864916086738463e-05,-0.8295413163962191
2025-03-08 14:24:17.606,4.653494956002136e-05,-0.951579948059562
2025-03-08 14:24:17.625,7.103208464220935e-05,-1.1153818663409227
2025-03-08 14:24:17.645,9.2643936087032e-05,-1.3036544814214863
2025-03-08 14:24:17.665,0.0001087859246994,-1.492980858669438
2025-03-08 14:24:17.684,0.0001175731351892,-1.6559092812276248
2025-03-08 14:24:17.704,0.0001183248779371,-1.763735896458816
2025-03-08 14:24:17.723,0.0001118131883049,-1.789880162172204
2025-03-08 14:24:17.743,0.0001001532609636,-1.7135677902173656
2025-03-08 14:24:17.762,8.637657831528867e-05,-1.523316615020141
2025-03-08 14:24:17.782,7.383091309776514e-05,-1.2195665936490103
2025-03-08 14:24:17.801,6.55667978549107e-05,-0.8158012367466003
2025-03-08 14:24:17.821,6.382589572433005e-05,-0.3377248352928131
2025-03-08 14:24:17.840,6.969281565837702e-05,0.1795448771001741
2025-03-08 14:24:17.860,8.293436881440141e-05,0.6958530588366187
2025-03-08 14:24:17.879,0.0001020319536156,1.1711695847811103
2025-03-08 14:24:17.899,0.0001244055986629,1.5705864012182864
2025-03-08 14:24:17.918,0.0001468197714496,1.8682787659875315
2025-03-08 14:24:17.938,0.0001659395483209,2.049845306331664
2025-03-08 14:24:17.958,0.0001789646459685,2.11283035768209
2025-03-08 14:24:17.977,0.0001842131801872,2.065593882505146
2025-03-08 14:24:17.997,0.0001814849733645,1.924944128993788
2025-03-08 14:24:18.016,0.0001720568493373,1.7130683108975406
2025-03-08 14:24:18.036,0.0001582778728839,1.4543065830124744
2025-03-08 14:24:18.055,0.0001428902833285,1.1722383560967975
2025-03-08 14:24:18.075,0.0001283029703298,0.8874135888073398
2025-03-08 14:24:18.094,0.00011603857356,0.615902517850711
2025-03-08 14:24:18.114,0.0001064924755352,0.3686972770498478
2025-03-08 14:24:18.133,9.903691170234148e-05,0.1519026234400087
2025-03-08 14:24:18.153,9.241109334243736e-05,-0.0324082807289559
2025-03-08 14:24:18.172,8.527377742291656e-05,-0.1848564682537977
2025-03-08 14:24:18.192,7.676406068876697e-05,-0.3072016744064211
2025-03-08 14:24:18.211,6.691990539655478e-05,-0.400912985712232
2025-03-08 14:24:18.231,5.683849575442849e-05,-0.4662342741297826
2025-03-08 14:24:18.251,4.852124658063353e-05,-0.5020306306007025
2025-03-08 14:24:18.270,4.441960593293817e-05,-0.5065088952307047
2025-03-08 14:24:18.290,4.6773491772810246e-05,-0.478651404114572
2025-03-08 14:24:18.309,5.689767791637623e-05,-0.4199700151015056
2025-03-08 14:24:18.329,7.460676132513309e-05,-0.3360589602003684
2025-03-08 14:24:18.348,9.796141863867476e-05,-0.2374432713600611
2025-03-08 14:24:18.368,0.0001234566248458,-0.1393703310469467
2025-03-08 14:24:18.387,0.0001466565509297,-0.0604223912679688
2025-03-08 14:24:18.407,0.0001631364593707,-0.0200826297906417
2025-03-08 14:24:18.426,0.0001694764169166,-0.0356242803621762
2025-03-08 14:24:18.446,0.0001640227214249,-0.1188680949489262
2025-03-08 14:24:18.465,0.0001471989775044,-0.2734190011440716
2025-03-08 14:24:18.485,0.0001212701216064,-0.4929218460074914
2025-03-08 14:24:18.504,8.960613894533458e-05,-0.7606922529025191
2025-03-08 14:24:18.524,5.565104722683264e-05,-1.0508462233946918
2025-03-08 14:24:18.543,2.194296768588026e-05,-1.3308358164171807
2025-03-08 14:24:18.563,-1.0441758906614757e-05,-1.5651268592006289
2025-03-08 14:24:18.583,-4.180831696790458e-05,-1.7196169808148851
2025-03-08 14:24:18.602,-7.320963261732697e-05,-1.7662650645839135
2025-03-08 14:24:18.622,-0.0001055961111899,-1.6872874242940097
2025-03-08 14:24:18.641,-0.0001391386205091,-1.4782132503044585
2025-03-08 14:24:18.661,-0.0001729551412689,-1.14914979557232
2025-03-08 14:24:18.680,-0.0002052501540208,-0.7238417447889178
2025-03-08 14:24:18.700,-0.0002337521157314,-0.2365182735728378
2025-03-08 14:24:18.719,-0.0002563297639026,0.2729800257612182
2025-03-08 14:24:18.739,-0.0002716835477672,0.7648721066672857
2025-03-08 14:24:18.758,-0.0002799643340177,1.2047857527472283
2025-03-08 14:24:18.778,-0.0002831017157211,1.5677780145882116
2025-03-08 14:24:18.797,-0.0002846300917777,1.8403863748348732
2025-03-08 14:24:18.817,-0.000288934420311,2.020548253351793
2025-03-08 14:24:18.836,-0.0003000596953867,2.1156708551390557
2025-03-08 14:24:18.856,-0.0003204457056989,2.1394497507696624
2025-03-08 14:24:18.876,-0.0003500481544738,2.1081840538814767
2025-03-08 14:24:18.895,-0.0003861999805027,2.037322963045834
2025-03-08 14:24:18.915,-0.000424278352123,1.938838972060787
2025-03-08 14:24:18.934,-0.000458933391486,1.819809125009722
2025-03-08 14:24:18.954,-0.0004854681629305,1.682340776931352
2025-03-08 14:24:18.973,-0.0005009726588604,1.52472466556923
2025-03-08 14:24:18.993,-0.0005049388335589,1.3434553201219055
2025-03-08 14:24:19.012,-0.000499243252455,1.1355730799263408
2025-03-08 14:24:19.032,-0.0004875386533775,0.9007196196283509
2025-03-08 14:24:19.051,-0.0004742293828127,0.6423991800668665
2025-03-08 14:24:19.071,-0.0004633069302961,0.3681733149838923
2025-03-08 14:24:19.090,-0.0004573674510531,0.0888033437259313
2025-03-08 14:24:19.110,-0.0004570841347415,-0.1834013971607274
2025-03-08 14:24:19.129,-0.0004612496469144,-0.4366259553906373
2025-03-08 14:24:19.149,-0.0004673010542025,-0.6615382182143774
2025-03-08 14:24:19.169,-0.0004720993735038,-0.852819794543113
2025-03-08 14:24:19.188,-0.000472712313621,-1.0099389358705595
2025-03-08 14:24:19.208,-0.0004670120586621,-1.1370218324207904
2025-03-08 14:24:19.227,-0.000453992994297,-1.2418715957041275
2025-03-08 14:24:19.247,-0.000433799713813,-1.334372181344851
2025-03-08 14:24:19.266,-0.000407517388461,-1.424645732076572
2025-03-08 14:24:19.286,-0.000376810069525,-1.521369145856467
2025-03-08 14:24:19.305,-0.0003435003660701,-1.6305861056331743
2025-03-08 14:24:19.325,-0.0003091733617898,-1.7551875107797832
2025-03-08 14:24:19.344,-0.0002748671498204,-1.8950199904258849
2025-03-08 14:24:19.364,-0.0002408893078359,-2.047384761392553
2025-03-08 14:24:19.383,-0.0002067775110059,-2.207571484414067
2025-03-08 14:24:19.403,-0.0001714046005172,-2.369078424297409
2025-03-08 14:24:19.422,-0.0001332126900066,-2.5233168459086865
2025-03-08 14:24:19.442,-9.05453313111729e-05,-2.658856539372311
2025-03-08 14:24:19.461,-4.2030302685133647e-05,-2.7605603668484626
2025-03-08 14:24:19.481,1.3050534450466985e-05,-2.8091661140438915
2025-03-08 14:24:19.501,7.44795269173408e-05,-2.7819042174042035
2025-03-08 14:24:19.520,0.0001409856771604,-2.654545652307911
2025-03-08 14:24:19.540,0.0002103501609726,-2.404887326870373
2025-03-08 14:24:19.559,0.0002797537792759,-2.0172097083744456
2025-03-08 14:24:19.579,0.0003463218375837,-1.4868366061721932
2025-03-08 14:24:19.598,0.0004077446022073,-0.8237346758960749
2025-03-08 14:24:19.618,0.000462790470117,-0.0541843310489542
2025-03-08 14:24:19.637,0.0005115359138207,0.7800948454495679
2025-03-08 14:24:19.657,0.0005552392003768,1.6254831633837643
2025-03-08 14:24:19.676,0.0005959333591305,2.4222689281962904
2025-03-08 14:24:19.696,0.0006359100751308,3.111895790196221
2025-03-08 14:24:19.715,0.000677262189687,3.644522566433318
2025-03-08 14:24:19.735,0.0007215808389164,3.985653331617889
2025-03-08 14:24:19.754,0.0007698207769168,4.120703064130601
2025-03-08 14:24:19.774,0.0008222889025177,4.056703728297432
2025-03-08 14:24:19.794,0.0008786880175324,3.820865290541653
2025-03-08 14:24:19.813,0.0009381588165637,3.4562608799764867
2025-03-08 14:24:19.833,0.0009992977783199,3.015379268879901
2025-03-08 14:24:19.852,0.0010601712170031,2.552603929989836
2025-03-08 14:24:19.872,0.0011183789864615,2.1168036594244173
2025-03-08 14:24:19.891,0.0011712306203418,1.7451487540014847
2025-03-08 14:24:19.911,0.00121607380078,1.45902277073467
2025-03-08 14:24:19.930,0.0012507606274985,1.2625380419311787
2025-03-08 14:24:19.950,0.0012741616338166,1.1437450136277796
2025-03-08 14:24:19.969,0.0012865627108277,1.0782011705045085
2025-03-08 14:24:19.989,0.0012897464663682,1.034188347334259
2025-03-08 14:24:20.008,0.0012866224075772,0.978607940472124
2025-03-08 14:24:20.028,0.001280449521373,0.8825039740438219
2025-03-08 14:24:20.047,0.0012739083477611,0.7252834991743332
2025-03-08 14:24:20.067,0.0012683751185304,0.4969970526968066
2025-03-08 14:24:20.086,0.00126364820095,0.1984561872203407
2025-03-08 14:24:20.106,0.0012581565444274,-0.1605722100579701
2025-03-08 14:24:20.126,0.0012494937508614,-0.5644374712752295
2025-03-08 14:24:20.145,0.0012350528066201,-0.9950206790864056
2025-03-08 14:24:20.165,0.0012125673657312,-1.4345553130857789
2025-03-08 14:24:20.184,0.001180442523988,-1.8671744798907424
2025-03-08 14:24:20.204,0.0011378426229943,-2.278969224396094
2025-03-08 14:24:20.223,0.0010845744882819,-2.6568497353465013
2025-03-08 14:24:20.243,0.0010208497974213,-2.986884624583745
2025-03-08 14:24:20.262,0.0009470255245598,-3.252941632692975
2025-03-08 14:24:20.282,0.0008634088002736,-3.436334649697831
2025-03-08 14:24:20.301,0.0007701792606706,-3.516843311716451
2025-03-08 14:24:20.321,0.0006674382107536,-3.4750285314538014
2025-03-08 14:24:20.340,0.0005553507768186,-3.295370952257104
2025-03-08 14:24:20.360,0.0004343148179,-2.969529208008613
2025-03-08 14:24:20.379,0.000305076393281,-2.4989896705327883
2025-03-08 14:24:20.399,0.0001687200938923,-1.8965258581940736
2025-03-08 14:24:20.419,2.6493166414534688e-05,-1.1861440616105206
2025-03-08 14:24:20.438,-0.0001205300307099,-0.4015030142963606
2025-03-08 14:24:20.458,-0.0002718816673885,0.4169053171894456
2025-03-08 14:24:20.477,-0.0004281210646375,1.2253191131770305
2025-03-08 14:24:20.497,-0.0005911013865496,1.9804699751395995
2025-03-08 14:24:20.516,-0.0007639441557068,2.643108803848008
2025-03-08 14:24:20.536,-0.0009506262933577,3.181030976558325
2025-03-08 14:24:20.555,-0.0011551672090804,3.571457232664653
2025-03-08 14:24:20.575,-0.0013805151981905,3.802633137461969
2025-03-08 14:24:20.594,-0.001627351075032,3.874451779119173
2025-03-08 14:24:20.614,-0.0018931218493881,3.797889717122174
2025-03-08 14:24:20.633,-0.0021716541627911,3.593150931783871
2025-03-08 14:24:20.653,-0.0024536464958757,3.2866312826553843
2025-03-08 14:24:20.672,-0.0027281851623708,2.907076592628799
2025-03-08 14:24:20.692,-0.0029851789498817,2.4815216165363414
2025-03-08 14:24:20.712,-0.0032182992921767,2.0316926091185614
2025-03-08 14:24:20.731,-0.0034277268280018,1.5715016327143263
2025-03-08 14:24:20.751,-0.0036218559156634,1.1060735153242622
2025-03-08 14:24:20.770,-0.0038171885822428,0.6324797872094712
2025-03-08 14:24:20.790,-0.0040359566105044,0.1420711784074014
2025-03-08 14:24:20.809,-0.0043014617759761,-0.3759533844735893
2025-03-08 14:24:20.829,-0.0046316373627258,-0.9303131045911098
2025-03-08 14:24:20.848,-0.005031851917852,-1.5234795632969849
2025-03-08 14:24:20.868,-0.005488417614211,-2.1483924277692097
2025-03-08 14:24:20.887,-0.0059645020251131,-2.7868128563427352
2025-03-08 14:24:20.907,-0.0064000345552625,-3.409829795532048
2025-03-08 14:24:20.926,-0.0067166558585386,-3.98061984659927
2025-03-08 14:24:20.946,-0.0068277892761578,-4.459057127165607
2025-03-08 14:24:20.965,-0.0066526652800921,-4.807320146796082
2025-03-08 14:24:20.985,-0.0061318957716834,-4.995400356499765
2025-03-08 14:24:21.004,-0.0052413538373555,-5.005459751847713
2025-03-08 14:24:21.024,-0.0040009988348249,-4.834270764916012
2025-03-08 14:24:21.044,-0.0024760520780224,-4.493379246803491
2025-03-08 14:24:21.063,-0.00076950136355,-4.007045502696017
2025-03-08 14:24:21.083,0.0009930264564585,-3.4083783124660023
2025-03-08 14:24:21.102,0.0026829911593771,-2.734361283178509
2025-03-08 14:24:21.122,0.0041889324995149,-2.0206587823887694
2025-03-08 14:24:21.141,0.0054322429749296,-1.2971416859878286
2025-03-08 14:24:21.161,0.0063752986693639,-0.5849536165423683
2025-03-08 14:24:21.180,0.0070205282776892,0.1043580171625404
2025-03-08 14:24:21.200,0.0074013473291353,0.7675517010633786
2025-03-08 14:24:21.219,0.0075678800459629,1.4066289507925334
2025-03-08 14:24:21.239,0.0075714887530857,2.024810488900103
2025-03-08 14:24:21.258,0.0074521074199481,2.6226118952970903
2025-03-08 14:24:21.278,0.0072313406411763,3.195052929164896
2025-03-08 14:24:21.297,0.0069125795127777,3.7307071795802433
2025-03-08 14:24:21.317,0.0064874471522917,4.212751832793705
2025-03-08 14:24:21.337,0.0059461835153476,4.621583866312631
2025-03-08 14:24:21.356,0.0052885364920904,4.938128269638461
2025-03-08 14:24:21.376,0.0045316595576069,5.146826436242244
2025-03-08 14:24:21.395,0.0037124990517088,5.237500832471815
2025-03-08 14:24:21.415,0.0028839021630695,5.205754015730431
2025-03-08 14:24:21.434,0.0021056166980534,5.052082188983
2025-03-08 14:24:21.454,0.0014328614581964,4.780258488403261
2025-03-08 14:24:21.473,0.0009057651929102,4.395650091091697
2025-03-08 14:24:21.493,0.0005425416452431,3.903997154478703
2025-03-08 14:24:21.512,0.0003379894467096,3.310929845323733
2025-03-08 14:24:21.532,0.0002672771190812,2.6222725836981424
2025-03-08 14:24:21.551,0.0002935524336933,1.845044349126844
2025-03-08 14:24:21.571,0.0003770801853657,0.9889824473588936
2025-03-08 14:24:21.590,0.0004834862831061,0.0683349775594549
2025-03-08 14:24:21.610,0.000589179731981,-0.8964414198311755
2025-03-08 14:24:21.630,0.0006829240864057,-1.8775465154009376
2025-03-08 14:24:21.649,0.0007635934896546,-2.8397657815909287
2025-03-08 14:24:21.669,0.0008351425961832,-3.741864539602619
2025-03-08 14:24:21.688,0.000900520315723,-4.539589778870807
2025-03-08 14:24:21.708,0.0009564890717662,-5.1900516899289775
2025-03-08 14:24:21.727,0.0009910117464607,-5.656871598554038
2025-03-08 14:24:21.747,0.00098410643509,-5.9151940549810185
2025-03-08 14:24:21.766,0.0009120286090802,-5.955551184827352
2025-03-08 14:24:21.786,0.0007536028263873,-5.785682542419809
2025-03-08 14:24:21.805,0.0004968152547901,-5.429763625773552
2025-03-08 14:24:21.825,0.0001436451768733,-4.925033387256716
2025-03-08 14:24:21.844,-0.0002883683026965,-4.31640649609719
2025-03-08 14:24:21.864,-0.0007683082922334,-3.650127433544069
2025-03-08 14:24:21.883,-0.0012571341309134,-2.9677142624121733
2025-03-08 14:24:21.903,-0.0017144817577983,-2.301293840566073
2025-03-08 14:24:21.922,-0.0021052489020555,-1.671017049879704
2025-03-08 14:24:21.942,-0.0024045540182384,-1.084724569029454
2025-03-08 14:24:21.962,-0.0026003148050719,-0.5395846546488535
2025-03-08 14:24:21.981,-0.0026933527788497,-0.0251445348058139
2025-03-08 14:24:22.001,-0.0026954239323119,0.4728744287788561
2025-03-08 14:24:22.020,-0.0026258621932866,0.9687050310733754
2025-03-08 14:24:22.040,-0.0025076266060797,1.473177045323102
2025-03-08 14:24:22.059,-0.0023635024640205,1.9913211677027507
2025-03-08 14:24:22.079,-0.0022130512942242,2.521169742974949
2025-03-08 14:24:22.098,-0.0020706682486941,3.0537494050219807
2025-03-08 14:24:22.118,-0.00194484217569,3.5740578272832697
2025-03-08 14:24:22.137,-0.0018384860681544,4.062704149612997
2025-03-08 14:24:22.157,-0.0017500560230815,4.497875011710139
2025-03-08 14:24:22.176,-0.0016751137517119,4.857335388319763
2025-03-08 14:24:22.196,-0.0016079912443579,5.120257952418537
2025-03-08 14:24:22.215,-0.0015432545751539,5.268782075792449
2025-03-08 14:24:22.235,-0.0014767209077106,5.289306288009266
2025-03-08 14:24:22.255,-0.001405882160074,5.173563651330658
2025-03-08 14:24:22.274,-0.0013297611836127,4.919484028410038
2025-03-08 14:24:22.294,-0.0012484222893791,4.53174498330549
2025-03-08 14:24:22.313,-0.0011624444727518,4.021837530159604
2025-03-08 14:24:22.333,-0.0010725725335599,3.4074837840419074
2025-03-08 14:24:22.352,-0.0009795809385103,2.711336427506845
2025-03-08 14:24:22.372,-0.0008842645140775,1.9590223867559728
2025-03-08 14:24:22.391,-0.0007874571979461,1.1767291023867503
2025-03-08 14:24:22.411,-0.0006900261443271,0.3886534496572881
2025-03-08 14:24:22.430,-0.0005928371203454,-0.3852777361597787
2025-03-08 14:24:22.450,-0.0004967152214861,-1.1309829423455091
2025-03-08 14:24:22.469,-0.0004024304693535,-1.8407390650268047
2025-03-08 14:24:22.489,-0.0003107258254926,-2.5124531724171777
2025-03-08 14:24:22.508,-0.0002223833308239,-3.147761981807822
2025-03-08 14:24:22.528,-0.0001383013270322,-3.7492839095690216
2025-03-08 14:24:22.547,-5.954028052001575e-05,-4.3175539597737815
2025-03-08 14:24:22.567,1.2707323460801586e-05,-4.848284987648459
2025-03-08 14:24:22.587,7.725357115358626e-05,-5.330587057966193
2025-03-08 14:24:22.606,0.0001331602470342,-5.746620783179124
2025-03-08 14:24:22.626,0.0001800572472044,-6.072876752983548
2025-03-08 14:24:22.645,0.000218462132605,-6.282915068046671
2025-03-08 14:24:22.665,0.000250003254069,-6.351041035761977
2025-03-08 14:24:22.684,0.0002774454889914,-6.25612530211052
2025-03-08 14:24:22.704,0.0003044434284004,-5.984701363986877
2025-03-08 14:24:22.723,0.0003350027683549,-5.53266466663128
2025-03-08 14:24:22.743,0.0003727092473558,-4.905334014231768
2025-03-08 14:24:22.762,0.0004198692628101,-4.116172745700449
2025-03-08 14:24:22.782,0.0004767732637096,-3.1848893176198665
2025-03-08 14:24:22.801,0.000541314468909,-2.135765710978144
2025-03-08 14:24:22.821,0.0006091462127392,-0.9968408007478118
2025-03-08 14:24:22.840,0.0006744288946742,0.1999071559777857
2025-03-08 14:24:22.860,0.0007310231370327,1.417786278752859
2025-03-08 14:24:22.880,0.0007738037810866,2.614833558878704
2025-03-08 14:24:22.899,0.0007997021427573,3.744372782215864
2025-03-08 14:24:22.919,0.0008081809847598,4.757318667892999
2025-03-08 14:24:22.938,0.0008010551940537,5.606308429160054
2025-03-08 14:24:22.958,0.000781784883044,6.25108273918832
2025-03-08 14:24:22.977,0.0007545072635965,6.663984603367024
2025-03-08 14:24:22.997,0.0007231128319291,6.834193373400909
2025-03-08 14:24:23.016,0.0006906179748696,6.769477766566852
2025-03-08 14:24:23.036,0.0006589632532305,6.494820526689527
2025-03-08 14:24:23.055,0.0006292072581678,6.048076842128122
2025-03-08 14:24:23.075,0.0006019383706772,5.473620530057133
2025-03-08 14:24:23.094,0.0005776552622915,4.815452918258997
2025-03-08 14:24:23.114,0.0005569179755365,4.111349721489817
2025-03-08 14:24:23.133,0.0005402228944951,3.38929557844347
2025-03-08 14:24:23.153,0.0005277131354535,2.6668178552025226
2025-03-08 14:24:23.173,0.0005189002134227,1.9530594816272937
2025-03-08 14:24:23.192,0.0005125213473185,1.2527228892227484
2025-03-08 14:24:23.212,0.000506567246845,0.5705570811477783
2025-03-08 14:24:23.231,0.0004984753631142,-0.0850265075747374
2025-03-08 14:24:23.251,0.0004854914521385,-0.7003190185693566
2025-03-08 14:24:23.270,0.0004651880785486,-1.257178105283014
2025-03-08 14:24:23.290,0.0004360560124126,-1.736202412111835
2025-03-08 14:24:23.309,0.0003980020141572,-2.1213749867094545
2025-03-08 14:24:23.329,0.0003525758963121,-2.4048751000610102
2025-03-08 14:24:23.348,0.0003028260579773,-2.5906186297587364
2025-03-08 14:24:23.368,0.0002527813424172,-2.695345793874456
2025-03-08 14:24:23.387,0.0002066325359318,-2.746685809861414
2025-03-08 14:24:23.407,0.0001677586612363,-2.7783993964041245
2025-03-08 14:24:23.426,0.0001378239862608,-2.8236908991224734
2025-03-08 14:24:23.446,0.000116219509864,-2.907933627367017
2025-03-08 14:24:23.465,0.0001000831322591,-3.042327374570062
2025-03-08 14:24:23.485,8.498554997928168e-05,-3.219919761576402
2025-03-08 14:24:23.505,6.614445781912295e-05,-3.4150648261644974
2025-03-08 14:24:23.524,3.981538750621558e-05,-3.5867530654043907
2025-03-08 14:24:23.544,4.417133762528262e-06,-3.685404161880527
2025-03-08 14:24:23.563,-3.895988415310344e-05,-3.661874747179573
2025-03-08 14:24:23.583,-8.679336625429942e-05,-3.4768618500270883
2025-03-08 14:24:23.602,-0.0001340070043191,-3.1087630244242668
2025-03-08 14:24:23.622,-0.0001752030754437,-2.5584162436714912
2025-03-08 14:24:23.641,-0.0002058992471935,-1.849871143678992
2025-03-08 14:24:23.661,-0.0002234614239321,-1.0272284899499602
2025-03-08 14:24:23.680,-0.0002275490376259,-0.1483875069497195
2025-03-08 14:24:23.700,-0.0002200391991524,0.7229311101757157
2025-03-08 14:24:23.719,-0.0002045150000016,1.5253512200672226
2025-03-08 14:24:23.739,-0.0001854710174197,2.2068324271249047
2025-03-08 14:24:23.758,-0.0001674136887336,2.729543579309839
2025-03-08 14:24:23.778,-0.0001540260077537,3.072225021637988
2025-03-08 14:24:23.798,-0.0001475379665086,3.230185922353013
2025-03-08 14:24:23.817,-0.0001484077805945,3.21347924830999
2025-03-08 14:24:23.837,-0.0001553734668295,3.0439584487815035
2025-03-08 14:24:23.856,-0.0001658770954588,2.7518406634410093
2025-03-08 14:24:23.876,-0.0001767937401237,2.3721731351640467
2025-03-08 14:24:23.895,-0.0001853120890652,1.9413726386774104
2025-03-08 14:24:23.915,-0.0001897351726046,1.4939121773397586
2025-03-08 14:24:23.934,-0.0001899484829854,1.0593022955691054
2025-03-08 14:24:23.954,-0.000187378435905,0.6596780230056978
2025-03-08 14:24:23.973,-0.0001844247291939,0.3084087477990409
2025-03-08 14:24:23.993,-0.0001835324617319,0.0100728898188065
2025-03-08 14:24:24.012,-0.0001862003971254,-0.2381357825314375
2025-03-08 14:24:24.032,-0.0001922599214211,-0.4438775943500586
2025-03-08 14:24:24.051,-0.0001996952916469,-0.6166392451698447
2025-03-08 14:24:24.071,-0.0002051156810796,-0.7649766215534811
2025-03-08 14:24:24.091,-0.0002047726104006,-0.8947034161431779
2025-03-08 14:24:24.110,-0.0001958190976632,-1.0083945213251413
2025-03-08 14:24:24.130,-0.0001774028533665,-1.106144044222853
2025-03-08 14:24:24.149,-0.0001512137587044,-1.187120018232651
2025-03-08 14:24:24.169,-0.0001212678897233,-1.2512543517834722
2025-03-08 14:24:24.188,-9.29671380207442e-05,-1.3004732861529182
2025-03-08 14:24:24.208,-7.17314308058418e-05,-1.3391424540182018
2025-03-08 14:24:24.227,-6.164051257580869e-05,-1.3737105963866756
2025-03-08 14:24:24.247,-6.448197086082616e-05,-1.4117507168631769
2025-03-08 14:24:24.266,-7.942608320260391e-05,-1.4606748033328707
2025-03-08 14:24:24.286,-0.0001033382025194,-1.5263698164839394
2025-03-08 14:24:24.305,-0.0001315744727245,-1.6119215144202397
2025-03-08 14:24:24.325,-0.0001590157892005,-1.7165083415729376
2025-03-08 14:24:24.344,-0.0001810765250092,-1.8345016866952728
2025-03-08 14:24:24.364,-0.0001944654558513,-1.9548242910573697
2025-03-08 14:24:24.383,-0.0001975601107983,-2.060687653175617
2025-03-08 14:24:24.403,-0.0001903666620747,-2.129914737767684
2025-03-08 14:24:24.423,-0.000174159074129,-2.1360993676873385
2025-03-08 14:24:24.442,-0.0001509928913658,-2.050798658825573
2025-03-08 14:24:24.462,-0.0001233121330905,-1.8467688708184773
2025-03-08 14:24:24.481,-9.376381819299582e-05,-1.5019678754826895
2025-03-08 14:24:24.501,-6.515290002794374e-05,-1.0037499345743113
2025-03-08 14:24:24.520,-4.035768214120302e-05,-0.3524847756455317
2025-03-08 14:24:24.540,-2.2073892987384247e-05,0.4361721099075232
2025-03-08 14:24:24.559,-1.2394453666024896e-05,1.3309312726490408
2025-03-08 14:24:24.579,-1.2331847927687922e-05,2.286669339715516
2025-03-08 14:24:24.598,-2.14101243592498e-05,3.248206062134785
2025-03-08 14:24:24.618,-3.743941995471724e-05,4.155533351533818
2025-03-08 14:24:24.637,-5.657795083868802e-05,4.949733423161812
2025-03-08 14:24:24.657,-7.37729486916403e-05,5.57875191788373
2025-03-08 14:24:24.676,-8.3605271257584e-05,6.002296620349553
2025-03-08 14:24:24.696,-8.142011053088372e-05,6.195355938677547
2025-03-08 14:24:24.716,-6.447048789734721e-05,6.150073413497475
2025-03-08 14:24:24.735,-3.274155725926675e-05,5.875900981835115
2025-03-08 14:24:24.755,1.0791664443248843e-05,5.3980791358266575
2025-03-08 14:24:24.774,6.055261612742804e-05,4.754598956475277
2025-03-08 14:24:24.794,0.0001093147281841,3.991931716123988
2025-03-08 14:24:24.813,0.0001495183227688,3.159975068147209
2025-03-08 14:24:24.833,0.0001746924452901,2.3068241891132346
2025-03-08 14:24:24.852,0.0001807117608891,1.4740643301772125
2025-03-08 14:24:24.872,0.0001666507132886,0.6932420843341877
2025-03-08 14:24:24.891,0.0001350529158121,-0.0160000502313021
2025-03-08 14:24:24.911,9.152489094368966e-05,-0.6459071693394369
2025-03-08 14:24:24.930,4.370995040888691e-05,-1.1988018977086667
2025-03-08 14:24:24.950,-1.3761704189773337e-07,-1.6838761853354338
2025-03-08 14:24:24.969,-3.265859278686604e-05,-2.113249530326522
2025-03-08 14:24:24.989,-4.866103438570442e-05,-2.498136909965838
2025-03-08 14:24:25.008,-4.592364081171772e-05,-2.845989562292085
2025-03-08 14:24:25.028,-2.5402063772504728e-05,-3.159273398002554
2025-03-08 14:24:25.048,9.174558746497652e-06,-3.4361296695211605
2025-03-08 14:24:25.067,5.2205957866119056e-05,-3.672612759257064
2025-03-08 14:24:25.087,9.739252274046464e-05,-3.8656973514950006
2025-03-08 14:24:25.106,0.0001388821013471,-4.015978329688479
2025-03-08 14:24:25.126,0.0001721389797043,-4.129056500122438
2025-03-08 14:24:25.145,0.0001944118040365,-4.214993103163687
2025-03-08 14:24:25.165,0.0002048040124115,-4.285805303395977
2025-03-08 14:24:25.184,0.0002040167336171,-4.3515870224215005
2025-03-08 14:24:25.204,0.0001938646396414,-4.41628971327244
2025-03-08 14:24:25.223,0.0001766931384312,-4.47434885481692
2025-03-08 14:24:25.243,0.0001548396172356,-4.509156816999914
2025-03-08 14:24:25.262,0.0001302603865199,-4.493932611730929
2025-03-08 14:24:25.282,0.0001043899665817,-4.394962447159887
2025-03-08 14:24:25.301,7.822877517923054e-05,-4.176633816387056
2025-03-08 14:24:25.321,5.258971130025538e-05,-3.807290884266537
2025-03-08 14:24:25.341,2.8390276332624908e-05,-3.264792424790385
2025-03-08 14:24:25.360,6.865243522994219e-06,-2.540787469481753
2025-03-08 14:24:25.380,-1.0401411011071409e-05,-1.6430830374945753
2025-03-08 14:24:25.399,-2.167216379122144e-05,-0.5959223749013435
2025-03-08 14:24:25.419,-2.5452582342014647e-05,0.5616461535042501
2025-03-08 14:24:25.438,-2.0987231627009494e-05,1.7789493677459296
2025-03-08 14:24:25.458,-8.696859923900002e-06,2.998027815305796
2025-03-08 14:24:25.477,9.618398556234352e-06,4.158729156956408
2025-03-08 14:24:25.497,3.094776604190754e-05,5.204053503242642
2025-03-08 14:24:25.516,5.165010951827466e-05,6.085086101230036
2025-03-08 14:24:25.536,6.833522740772496e-05,6.764767919333564
2025-03-08 14:24:25.555,7.8774031959585e-05,7.21988614512899
2025-03-08 14:24:25.575,8.247807126087209e-05,7.441045631102253
2025-03-08 14:24:25.594,8.067235196823649e-05,7.430898719891701
2025-03-08 14:24:25.614,7.565065515439746e-05,7.201365805665829
2025-03-08 14:24:25.634,6.980999694478443e-05,6.77078892342427
2025-03-08 14:24:25.653,6.480335507105032e-05,6.161844761823964
2025-03-08 14:24:25.673,6.113125517219065e-05,5.400645607306486
2025-03-08 14:24:25.692,5.8220184915096495e-05,4.516914635548929
2025-03-08 14:24:25.712,5.481968080673416e-05,3.5446209285912307
2025-03-08 14:24:25.731,4.951172254019295e-05,2.522182829931468
2025-03-08 14:24:25.751,4.120982278813959e-05,1.4914178705366945
2025-03-08 14:24:25.770,2.9593999498297e-05,0.4948341802711343
2025-03-08 14:24:25.790,1.541336398517497e-05,-0.4285200626719953
2025-03-08 14:24:25.809,5.341398896440122e-07,-1.247837023376318
2025-03-08 14:24:25.829,-1.238751286447413e-05,-1.9447935446066424
2025-03-08 14:24:25.848,-2.06098061177834e-05,-2.5160981684581007
2025-03-08 14:24:25.868,-2.2188306219069712e-05,-2.973535597880524
2025-03-08 14:24:25.887,-1.6690042532165172e-05,-3.3412974546755123
2025-03-08 14:24:25.907,-5.426632934452686e-06,-3.6510391771606248
2025-03-08 14:24:25.926,8.884876824957076e-06,-3.935619808807149
2025-03-08 14:24:25.946,2.2868750491074616e-05,-4.222729476201649
2025-03-08 14:24:25.966,3.334826976193382e-05,-4.5295519659925
2025-03-08 14:24:25.985,3.8043747848929486e-05,-4.8593085083358005
2025-03-08 14:24:26.005,3.595313729368774e-05,-5.200107981212722
2025-03-08 14:24:26.024,2.7380474939561436e-05,-5.5261212967888405
2025-03-08 14:24:26.044,1.3671457616481137e-05,-5.800792788078412
2025-03-08 14:24:26.063,-3.2308346833982056e-06,-5.981616929212533
2025-03-08 14:24:26.083,-2.128217921148563e-05,-6.025904573516353
2025-03-08 14:24:26.102,-3.8773009151932775e-05,-5.896882458867289
2025-03-08 14:24:26.122,-5.46254126862492e-05,-5.5693805462919
2025-03-08 14:24:26.141,-6.851387434199734e-05,-5.034280984543281
2025-03-08 14:24:26.161,-8.081079598759485e-05,-4.300905677462024
2025-03-08 14:24:26.180,-9.23882129553514e-05,-3.3967125937196188
2025-03-08 14:24:26.200,-0.0001043270998023,-2.364113636846349
2025-03-08 14:24:26.219,-0.0001175954321988,-1.2548536400002488
2025-03-08 14:24:26.239,-0.0001327570989665,-0.1230081286748193
2025-03-08 14:24:26.259,-0.0001497672239196,0.9819605392081372
2025-03-08 14:24:26.278,-0.0001678962400659,2.020647709078196
2025-03-08 14:24:26.298,-0.0001858054065644,2.966592801107502
2025-03-08 14:24:26.317,-0.0002017707845565,3.80619390544456
2025-03-08 14:24:26.337,-0.0002140226078215,4.535961365135071
2025-03-08 14:24:26.356,-0.0002211362722858,5.158036556748557
2025-03-08 14:24:26.376,-0.0002223861728485,5.675256333612664
2025-03-08 14:24:26.395,-0.000217962775621,6.087050052099024
2025-03-08 14:24:26.415,-0.0002089656271357,6.387127388093238
2025-03-08 14:24:26.434,-0.0001971275936503,6.563375197879331
2025-03-08 14:24:26.454,-0.0001843008650327,6.599817539724284
2025-03-08 14:24:26.473,-0.0001718353917205,6.480065877634505
2025-03-08 14:24:26.493,-0.0001600729232491,6.191468196151419
2025-03-08 14:24:26.512,-0.0001481959497488,5.729136319161489
2025-03-08 14:24:26.532,-0.0001345484168115,5.099124130144874
2025-03-08 14:24:26.552,-0.0001173218085103,4.320189652291092
2025-03-08 14:24:26.571,-9.532192533605504e-05,3.4237781417048763
2025-03-08 14:24:26.591,-6.851397415494885e-05,2.452100382894494
2025-03-08 14:24:26.610,-3.816719852122279e-05,1.4544288556200131
2025-03-08 14:24:26.630,-6.589183063268223e-06,0.4819754830991522
2025-03-08 14:24:26.649,2.3425985250857303e-05,-0.4180498362805887
2025-03-08 14:24:26.669,4.9250495077258754e-05,-1.208369553840715
2025-03-08 14:24:26.688,6.899719868777847e-05,-1.8665454360511808
2025-03-08 14:24:26.708,8.187932221717496e-05,-2.3878187361250585
2025-03-08 14:24:26.727,8.828997379501581e-05,-2.785064347920519
2025-03-08 14:24:26.747,8.963256896319687e-05,-3.085546601385308
2025-03-08 14:24:26.766,8.800691217612872e-05,-3.324860206613203
2025-03-08 14:24:26.786,8.58440391876133e-05,-3.539139916839359
2025-03-08 14:24:26.805,8.551448221466893e-05,-3.757124196309977
2025-03-08 14:24:26.825,8.891482453917174e-05,-3.9938045510045703
2025-03-08 14:24:26.844,9.709822198710093e-05,-4.247112211255338
2025-03-08 14:24:26.864,0.0001100621071577,-4.4984284794567815
2025-03-08 14:24:26.884,0.0001267650409639,-4.716805166654374
2025-03-08 14:24:26.903,0.0001453618492958,-4.865869950629767
2025-03-08 14:24:26.923,0.0001635931526544,-4.911710238026328
2025-03-08 14:24:26.942,0.0001792370200637,-4.829783662038392
2025-03-08 14:24:26.962,0.0001905070502106,-4.609195656803478
2025-03-08 14:24:26.981,0.0001962904594868,-4.253453077694877
2025-03-08 14:24:27.001,0.0001961811980438,-3.77781706472236
2025-03-08 14:24:27.020,0.0001903440069197,-3.204315086066302
2025-03-08 14:24:27.040,0.0001793003948953,-2.556044668848136
2025-03-08 14:24:27.059,0.0001637381665274,-1.852467791883215
2025-03-08 14:24:27.079,0.000144417499452,-1.1069839446720642
2025-03-08 14:24:27.098,0.0001221941182213,-0.3273319759285179
2025-03-08 14:24:27.118,9.812309325143231e-05,0.4814841939795656
2025-03-08 14:24:27.137,7.356423886812633e-05,1.3127951934197055
2025-03-08 14:24:27.157,5.01970842978818e-05,2.1538679815569868
2025-03-08 14:24:27.177,2.9878042230041916e-05,2.982973308057783
2025-03-08 14:24:27.196,1.4333774464924593e-05,3.768937046474076
2025-03-08 14:24:27.216,4.769454170939559e-06,4.47346319973723
2025-03-08 14:24:27.235,1.543352245195588e-06,5.055735893832542
2025-03-08 14:24:27.255,4.064027976950211e-06,5.478215744341187
2025-03-08 14:24:27.274,1.097277208851426e-05,5.712300502316607
2025-03-08 14:24:27.294,2.053189093706552e-05,5.742651690602554
2025-03-08 14:24:27.313,3.104807750500155e-05,5.569409292853203
2025-03-08 14:24:27.333,4.116959208724416e-05,5.208062343607366
2025-03-08 14:24:27.352,4.997560313027287e-05,4.687237519307232
2025-03-08 14:24:27.372,5.686949567798079e-05,4.04498355165449
2025-03-08 14:24:27.391,6.135892582139228e-05,3.324237199215728
2025-03-08 14:24:27.411,6.283874769826909e-05,2.568122136624849
2025-03-08 14:24:27.430,6.0485390999171165e-05,1.8156511193526343
2025-03-08 14:24:27.450,5.332835342349299e-05,1.098323066396617
2025-03-08 14:24:27.469,4.04991527552879e-05,0.4380119442175946
2025-03-08 14:24:27.489,2.158848710854655e-05,-0.1536089471309653
2025-03-08 14:24:27.509,-3.011191816253128e-06,-0.6740894181935119
2025-03-08 14:24:27.528,-3.191898095498618e-05,-1.1279176254062897
2025-03-08 14:24:27.548,-6.284560280902425e-05,-1.5234108709175498
2025-03-08 14:24:27.567,-9.296969606913222e-05,-1.869415256452542
2025-03-08 14:24:27.587,-0.0001195299967107,-2.172485409105529
2025-03-08 14:24:27.606,-0.0001404655606364,-2.4351351409366884
2025-03-08 14:24:27.626,-0.0001549095195764,-2.655541069213476
2025-03-08 14:24:27.645,-0.0001633623961666,-2.8287421843411265
2025-03-08 14:24:27.665,-0.0001674182830809,-2.948962881077032
2025-03-08 14:24:27.684,-0.0001690288427857,-3.0123223263080816
2025-03-08 14:24:27.704,-0.0001694973301043,-3.019029934177601
2025-03-08 14:24:27.723,-0.0001686053390756,-2.974293892611213
2025-03-08 14:24:27.743,-0.00016431232231,-2.8875600248888533
2025-03-08 14:24:27.762,-0.000153252141077,-2.7702227820094407
2025-03-08 14:24:27.782,-0.0001318986884495,-2.6324379464830368
2025-03-08 14:24:27.802,-9.799413810526152e-05,-2.47996379202094
2025-03-08 14:24:27.821,-5.174785940523668e-05,-2.3119684823819315
2025-03-08 14:24:27.841,3.5975246131503468e-06,-2.120465270949175
2025-03-08 14:24:27.860,6.203331808373223e-05,-1.8915820371801968
2025-03-08 14:24:27.880,0.0001158226810808,-1.6084118723951306
2025-03-08 14:24:27.899,0.0001570157468193,-1.2548744275109165
2025-03-08 14:24:27.919,0.0001790442575167,-0.8198942945276587
2025-03-08 14:24:27.938,0.0001780320697712,-0.3012259245855094
2025-03-08 14:24:27.958,0.0001535669505005,0.2916648295574778
2025-03-08 14:24:27.977,0.0001088075330645,0.9361767040512065
2025-03-08 14:24:27.997,4.9930763746766e-05,1.5970397226852493
2025-03-08 14:24:28.016,-1.4947272867530348e-05,2.228948052977312
2025-03-08 14:24:28.036,-7.71457439665725e-05,2.781334314497725
2025-03-08 14:24:28.055,-0.0001288155068676,3.204829240518501
2025-03-08 14:24:28.075,-0.0001641010230074,3.458488068996664
2025-03-08 14:24:28.095,-0.0001798729261487,3.516514150710904
2025-03-08 14:24:28.114,-0.0001759356873155,3.373104420481646
2025-03-08 14:24:28.134,-0.0001547324760401,3.044269030664156
2025-03-08 14:24:28.153,-0.0001206666266556,2.566041738192561
2025-03-08 14:24:28.173,-7.920914626974806e-05,1.9892779259381084
2025-03-08 14:24:28.192,-3.5969603233731034e-05,1.3720067123609443
2025-03-08 14:24:28.212,4.106154758800412e-06,0.7708267493292624
2025-03-08 14:24:28.231,3.727826046802044e-05,0.2329791133068888
2025-03-08 14:24:28.251,6.122890069392328e-05,-0.2094961912087005
2025-03-08 14:24:28.270,7.499741109361268e-05,-0.5426063576160167
2025-03-08 14:24:28.290,7.877889334249295e-05,-0.7699655120625891
2025-03-08 14:24:28.309,7.373286950536253e-05,-0.9094082969346552
2025-03-08 14:24:28.329,6.184531110763488e-05,-0.9875172003112576
2025-03-08 14:24:28.348,4.577625029661535e-05,-1.0332440622067371
2025-03-08 14:24:28.368,2.860440400245933e-05,-1.07188674162747
2025-03-08 14:24:28.387,1.3445241037648533e-05,-1.120537320274026
2025-03-08 14:24:28.407,2.9903715823764763e-06,-1.1857924421649602
2025-03-08 14:24:28.427,-9.538269870406182e-07,-1.2640549221243988
2025-03-08 14:24:28.446,2.156597057614579e-06,-1.344211249029318
2025-03-08 14:24:28.466,1.140862589596371e-05,-1.411928420262639
2025-03-08 14:24:28.485,2.452810826112433e-05,-1.4544063158779217
2025-03-08 14:24:28.505,3.83312530847176e-05,-1.4642934833001622
2025-03-08 14:24:28.524,4.947635307172266e-05,-1.4417127424752778
2025-03-08 14:24:28.544,5.531501437397105e-05,-1.393906952487031
2025-03-08 14:24:28.563,5.457482816672255e-05,-1.3327241328416466
2025-03-08 14:24:28.583,4.766568724549995e-05,-1.2707704338728751
2025-03-08 14:24:28.602,3.654255003382228e-05,-1.2173733909712707
2025-03-08 14:24:28.622,2.418546239600114e-05,-1.1754503175932045
2025-03-08 14:24:28.641,1.3819598341182035e-05,-1.1400381685063723
2025-03-08 14:24:28.661,8.027380004841502e-06,-1.0987611588641266
2025-03-08 14:24:28.680,7.962995491838218e-06,-1.034046164484037
2025-03-08 14:24:28.700,1.29395964924857e-05,-0.9265570762129371
2025-03-08 14:24:28.720,2.060471448750717e-05,-0.7591556655808043
2025-03-08 14:24:28.739,2.769495422717665e-05,-0.5206812671143186
2025-03-08 14:24:28.759,3.108126917791307e-05,-0.2089018343881409
2025-03-08 14:24:28.778,2.868246931226384e-05,0.167922072238833
2025-03-08 14:24:28.798,1.9936068972046556e-05,0.5912716536902242
2025-03-08 14:24:28.817,5.773156394733738e-06,1.034542747167403
2025-03-08 14:24:28.837,-1.1752305949008892e-05,1.4668921427243236
2025-03-08 14:24:28.856,-2.999026956834318e-05,1.8580439602775107
2025-03-08 14:24:28.876,-4.62527598403736e-05,2.183009571820677
2025-03-08 14:24:28.895,-5.8324173734785767e-05,2.4256100544484926
2025-03-08 14:24:28.915,-6.483799858960047e-05,2.5799676018868496
2025-03-08 14:24:28.934,-6.543592045166783e-05,2.649690157660946
2025-03-08 14:24:28.954,-6.067625881372435e-05,2.645121166262284
2025-03-08 14:24:28.973,-5.1734128130128696e-05,2.5795300163624426
2025-03-08 14:24:28.993,-3.999346156295375e-05,2.4653194240935714
2025-03-08 14:24:29.013,-2.665237813066052e-05,2.311203735287504
2025-03-08 14:24:29.032,-1.2449982826571654e-05,2.1209592298002886
2025-03-08 14:24:29.052,2.416241811564345e-06,1.893895509358107
2025-03-08 14:24:29.071,1.8166141031765143e-05,1.6267648162168071
2025-03-08 14:24:29.091,3.514403240761823e-05,1.3165052501846128
2025-03-08 14:24:29.110,5.344094039365028e-05,0.963063740346565
2025-03-08 14:24:29.130,7.254240032278421e-05,0.5715832610864802
2025-03-08 14:24:29.149,9.111443841070632e-05,0.1534385323744908
2025-03-08 14:24:29.169,0.0001070153416656,-0.2741015156139715
2025-03-08 14:24:29.188,0.0001175709938855,-0.689504905733086
2025-03-08 14:24:29.208,0.000120084521414,-1.0695863721984764
2025-03-08 14:24:29.227,0.0001124798806227,-1.3926396757276271
2025-03-08 14:24:29.247,9.392145497265998e-05,-1.641574533221005
2025-03-08 14:24:29.266,6.522750481506183e-05,-1.806530880421926
2025-03-08 14:24:29.286,2.892258533186921e-05,-1.886482082418864
2025-03-08 14:24:29.305,-1.113831120404626e-05,-1.8894491955965984
2025-03-08 14:24:29.325,-5.050902484819199e-05,-1.8311576450115576
2025-03-08 14:24:29.345,-8.506244259411268e-05,-1.7322743746431626
2025-03-08 14:24:29.364,-0.0001118114521029,-1.6147157653399118
2025-03-08 14:24:29.384,-0.0001293971391819,-1.4978095558635076
2025-03-08 14:24:29.403,-0.0001381000914343,-1.395198514136356
2025-03-08 14:24:29.423,-0.0001393980647078,-1.313200850996389
2025-03-08 14:24:29.442,-0.0001352736919282,-1.2509142819387145
2025-03-08 14:24:29.462,-0.0001275682490961,-1.2018181298789912
2025-03-08 14:24:29.481,-0.0001176148492084,-1.156205987193195
2025-03-08 14:24:29.501,-0.00010621386261,-1.1036363563042142
2025-03-08 14:24:29.520,-9.385420784245208e-05,-1.0347516168421995
2025-03-08 14:24:29.540,-8.101321814575847e-05,-0.9421801264522552
2025-03-08 14:24:29.559,-6.837907402690135e-05,-0.8206293262877813
2025-03-08 14:24:29.579,-5.689522142102839e-05,-0.6665458843268778
2025-03-08 14:24:29.598,-4.759848068231388e-05,-0.4777809659456569
2025-03-08 14:24:29.618,-4.129531892316461e-05,-0.2535614751352726
2025-03-08 14:24:29.638,-3.8179812976730906e-05,0.005183492375432
2025-03-08 14:24:29.657,-3.7529178113682257e-05,0.2953292657919755
2025-03-08 14:24:29.677,-3.760858018524288e-05,0.6111938886872177
2025-03-08 14:24:29.696,-3.587182660010676e-05,0.9445502763596428
2025-03-08 14:24:29.716,-2.946133822700585e-05,1.285082618130542
2025-03-08 14:24:29.735,-1.5903940035902797e-05,1.6211734180619597
2025-03-08 14:24:29.755,6.195136327026361e-06,1.940798709883468
2025-03-08 14:24:29.774,3.66810231505677e-05,2.23229800762594
2025-03-08 14:24:29.794,7.374012407959878e-05,2.484840136915179
2025-03-08 14:24:29.813,0.0001141512338184,2.688495554240244
2025-03-08 14:24:29.833,0.0001537885522221,2.8339556046907903
2025-03-08 14:24:29.852,0.0001882443265868,2.9121132994547514
2025-03-08 14:24:29.872,0.000213468204869,2.9138791361951304
2025-03-08 14:24:29.891,0.0002263538638552,2.8306336637078093
2025-03-08 14:24:29.911,0.000225217941369,2.655533745645572
2025-03-08 14:24:29.931,0.0002101144465919,2.385529323565464
2025-03-08 14:24:29.950,0.0001829255963152,2.023568028168574
2025-03-08 14:24:29.970,0.0001471858696904,1.5802505317393711
2025-03-08 14:24:29.989,0.0001076334052285,1.0742550404941769
2025-03-08 14:24:30.009,6.952108544559891e-05,0.5311536102634955
2025-03-08 14:24:30.028,3.774666583748456e-05,-0.0193210189908364
2025-03-08 14:24:30.048,1.5906881434795913e-05,-0.5470792070236264
2025-03-08 14:24:30.067,5.465159811930768e-06,-1.0257873079313455
2025-03-08 14:24:30.087,5.287238587134465e-06,-1.4364487520317366
2025-03-08 14:24:30.106,1.175704383313842e-05,-1.7697403247370926
2025-03-08 14:24:30.126,1.9530447227780303e-05,-2.0266755656087856
2025-03-08 14:24:30.145,2.279075412291905e-05,-2.2175193611828954
2025-03-08 14:24:30.165,1.6712252645736822e-05,-2.359199982641614
2025-03-08 14:24:30.184,-1.2429331720326375e-06,-2.4716946249407856
2025-03-08 14:24:30.204,-3.055691534167597e-05,-2.5739941896140666
2025-03-08 14:24:30.223,-6.766707604689705e-05,-2.680307613493885
2025-03-08 14:24:30.243,-0.0001068023179122,-2.797161028107749
2025-03-08 14:24:30.263,-0.0001414346448082,-2.9219644361579107
2025-03-08 14:24:30.282,-0.0001659157792647,-3.043420078817545
2025-03-08 14:24:30.302,-0.0001767941125262,-3.143811935941648
2025-03-08 14:24:30.321,-0.0001734302059432,-3.2027800937999484
2025-03-08 14:24:30.341,-0.000157792631129,-3.201754917310376
2025-03-08 14:24:30.360,-0.0001336019741071,-3.127963316309963
2025-03-08 14:24:30.380,-0.0001051907915194,-2.9769642153223934
2025-03-08 14:24:30.399,-7.648815969887648e-05,-2.753059331994109
2025-03-08 14:24:30.419,-5.0406272526091055e-05,-2.4675487101754228
2025-03-08 14:24:30.438,-2.8683892257696763e-05,-2.1354418032164646
2025-03-08 14:24:30.458,-1.205826745688459e-05,-1.7716707307806496
2025-03-08 14:24:30.477,-5.694874593426463e-07,-1.3879459885996237
2025-03-08 14:24:30.497,6.165754026267261e-06,-0.9911345258586498
2025-03-08 14:24:30.516,8.792577532822904e-06,-0.5835237816256025
2025-03-08 14:24:30.536,8.162948490091822e-06,-0.1647331798913124
2025-03-08 14:24:30.556,5.317780208197668e-06,0.2654620401909295
2025-03-08 14:24:30.575,1.4160487967216605e-06,0.7043713488833347
2025-03-08 14:24:30.595,-2.445960151631981e-06,1.1445994274115143
2025-03-08 14:24:30.614,-5.5002835484485765e-06,1.5737936281136309
2025-03-08 14:24:30.634,-7.536169106963848e-06,1.97600988154748
2025-03-08 14:24:30.653,-8.932167728153652e-06,2.334299001505114
2025-03-08 14:24:30.673,-1.041922387910215e-05,2.6337774173676927
2025-03-08 14:24:30.692,-1.2682878621648906e-05,2.8643243828582547
2025-03-08 14:24:30.712,-1.60335182169404e-05,3.0221446559867307
2025-03-08 14:24:30.731,-2.0311812702217348e-05,3.109716805907926
2025-03-08 14:24:30.751,-2.5004813192125653e-05,3.134070484681012
2025-03-08 14:24:30.770,-2.94045630476152e-05,3.1038333854119013
2025-03-08 14:24:30.790,-3.266465633433113e-05,3.025933213541992
2025-03-08 14:24:30.809,-3.375752214320034e-05,2.9030640917274524
2025-03-08 14:24:30.829,-3.1461030090030005e-05,2.7328973549185545
2025-03-08 14:24:30.848,-2.450163589484402e-05,2.50951421878367
2025-03-08 14:24:30.868,-1.1874283785907908e-05,2.2267936926167358
2025-03-08 14:24:30.888,6.751334435335213e-06,1.8827586151904403
2025-03-08 14:24:30.907,3.0674866235507543e-05,1.483448066373355
2025-03-08 14:24:30.927,5.798415808100728e-05,1.0449262409656617
2025-03-08 14:24:30.946,8.56327350932886e-05,0.5925526641041516
2025-03-08 14:24:30.966,0.0001098060163018,0.157452573107294
2025-03-08 14:24:30.985,0.0001265434809975,-0.2290213381184807
2025-03-08 14:24:31.005,0.0001325174922142,-0.5414138735888594
2025-03-08 14:24:31.024,0.0001258105821427,-0.7652434956684914
2025-03-08 14:24:31.044,0.000106498063409,-0.8996729721474612
2025-03-08 14:24:31.063,7.685058322226386e-05,-0.9571018725532174
2025-03-08 14:24:31.083,4.103798433089917e-05,-0.959865653850414
2025-03-08 14:24:31.102,4.346605923290904e-06,-0.93497174003993
2025-03-08 14:24:31.122,-2.7908372805070917e-05,-0.9082167656155048
2025-03-08 14:24:31.141,-5.146008829583932e-05,-0.899032013095163
2025-03-08 14:24:31.161,-6.383705804825752e-05,-0.9170612267010584
2025-03-08 14:24:31.181,-6.460873485549156e-05,-0.9609420007943296
2025-03-08 14:24:31.200,-5.5159784750768936e-05,-1.019217855865153
2025-03-08 14:24:31.220,-3.81505771863624e-05,-1.072902347642667
2025-03-08 14:24:31.239,-1.6848007975794662e-05,-1.0990272205506315
2025-03-08 14:24:31.259,5.505913025946349e-06,-1.0745191936112786
2025-03-08 14:24:31.278,2.615924173316312e-05,-0.9798804680272252
2025-03-08 14:24:31.298,4.310636918939694e-05,-0.8022976556920903
2025-03-08 14:24:31.317,5.519784992337727e-05,-0.5379023468935601
2025-03-08 14:24:31.337,6.22052581295215e-05,-0.1929363171816515
2025-03-08 14:24:31.356,6.487635493191958e-05,0.2164140731402876
2025-03-08 14:24:31.376,6.490430563692363e-05,0.665658414015072
2025-03-08 14:24:31.395,6.468307717336911e-05,1.1250226679870516
2025-03-08 14:24:31.415,6.678862131599697e-05,1.5634035990676642
2025-03-08 14:24:31.434,7.326853822175258e-05,1.9524852962707124
2025-03-08 14:24:31.454,8.49370585016272e-05,2.270107173607389
2025-03-08 14:24:31.474,0.0001008943535181,2.5021273646176985
2025-03-08 14:24:31.493,0.0001184331838924,2.6424660644543816
2025-03-08 14:24:31.513,0.0001334019887804,2.6915990725077394
2025-03-08 14:24:31.532,0.0001409878293563,2.6542659055516067
2025-03-08 14:24:31.552,0.0001367802302874,2.537336706476908
2025-03-08 14:24:31.571,0.0001178937257969,2.348565757583628
2025-03-08 14:24:31.591,8.388201721388805e-05,2.096456655206395
2025-03-08 14:24:31.610,3.71903447988403e-05,1.790915624921823
2025-03-08 14:24:31.630,-1.702122398211248e-05,1.4440194371035409
2025-03-08 14:24:31.649,-7.170184385629201e-05,1.0702055263696917
2025-03-08 14:24:31.669,-0.0001192311310476,0.6854766952368864
2025-03-08 14:24:31.688,-0.0001529538664461,0.3056503507481201
2025-03-08 14:24:31.708,-0.0001685761256114,-0.0559104631645599
2025-03-08 14:24:31.727,-0.0001650803087466,-0.3904023666715998
2025-03-08 14:24:31.747,-0.0001449141412876,-0.6948139485782602
2025-03-08 14:24:31.766,-0.0001133817431176,-0.9717658078586738
2025-03-08 14:24:31.786,-7.736755575379118e-05,-1.227817251423433
2025-03-08 14:24:31.806,-4.370601187220637e-05,-1.470588145807722
2025-03-08 14:24:31.825,-1.762880300831852e-05,-1.705494327774485
2025-03-08 14:24:31.845,-1.7291641206983318e-06,-1.9331179701346528
2025-03-08 14:24:31.864,4.25674438018645e-06,-2.14811125580912
2025-03-08 14:24:31.884,2.812781625823244e-06,-2.3400899754622078
2025-03-08 14:24:31.903,-2.5994719240231355e-06,-2.4963694504288
2025-03-08 14:24:31.923,-8.940471462237715e-06,-2.605828780459144
2025-03-08 14:24:31.942,-1.46755464406862e-05,-2.662827291868817
2025-03-08 14:24:31.962,-2.0206368300200328e-05,-2.6700338816154674
2025-03-08 14:24:31.981,-2.7549449361836505e-05,-2.639276208644392
2025-03-08 14:24:32.001,-3.939956772773704e-05,-2.590004523497909
2025-03-08 14:24:32.020,-5.790029695325865e-05,-2.5455763107374163
2025-03-08 14:24:32.040,-8.35353765330408e-05,-2.5281633938381605
2025-03-08 14:24:32.059,-0.0001145328655638,-2.553510550404268
2025-03-08 14:24:32.079,-0.0001470348529243,-2.62688757812454
2025-03-08 14:24:32.099,-0.0001760464632674,-2.7412963441010665
2025-03-08 14:24:32.118,-0.0001968924686151,-2.878378364900146
2025-03-08 14:24:32.138,-0.0002066812152336,-3.0117154704858216
2025-03-08 14:24:32.157,-0.0002052256594794,-3.11158622149148
2025-03-08 14:24:32.177,-0.0001950553110039,-3.149940524611879
2025-03-08 14:24:32.196,-0.0001805046763448,-3.1044528540742937
2025-03-08 14:24:32.216,-0.0001662312403572,-2.960927763785735
2025-03-08 14:24:32.235,-0.0001557325421859,-2.7138796621197905
2025-03-08 14:24:32.255,-0.0001503885642095,-2.3656003404478363
2025-03-08 14:24:32.274,-0.0001492825703737,-1.9243331533953767
2025-03-08 14:24:32.294,-0.0001497239571517,-1.4022524456590424
2025-03-08 14:24:32.313,-0.0001481883666282,-0.8138305812622011
2025-03-08 14:24:32.333,-0.0001413508574648,-0.1749281194358019
2025-03-08 14:24:32.352,-0.0001269550094549,0.4973548784749495
2025-03-08 14:24:32.372,-0.0001043610878623,1.1842965677334891
2025-03-08 14:24:32.392,-7.471098697309271e-05,1.8650436593223405
2025-03-08 14:24:32.411,-4.072295970365637e-05,2.5164178034593574
2025-03-08 14:24:32.431,-6.182871427574645e-06,3.113381944987223
2025-03-08 14:24:32.450,2.476572507735932e-05,3.6303052856696434
2025-03-08 14:24:32.470,4.840812106033204e-05,4.042925559802682
2025-03-08 14:24:32.489,6.218549886220106e-05,4.330716582006748
2025-03-08 14:24:32.509,6.522786206936411e-05,4.479278524216893
2025-03-08 14:24:32.528,5.857971434011861e-05,4.4823684808702176
2025-03-08 14:24:32.548,4.505643796649009e-05,4.343234034105289
2025-03-08 14:24:32.567,2.875493149696761e-05,4.074976671806599
2025-03-08 14:24:32.587,1.434417441390248e-05,3.699772263530647
2025-03-08 14:24:32.606,6.322611886809035e-06,3.2469406684658764
2025-03-08 14:24:32.626,8.390476224707981e-06,2.7500775317631776
2025-03-08 14:24:32.645,2.297498926323084e-05,2.243680268647984
2025-03-08 14:24:32.665,5.088518627978974e-05,1.7598372828247018
2025-03-08 14:24:32.684,9.112628003429065e-05,1.325541595318508
2025-03-08 14:24:32.704,0.0001409815527849,0.961018186013398
2025-03-08 14:24:32.724,0.000196439908057,0.6791608721396136
2025-03-08 14:24:32.743,0.0002528999807994,0.4858635441135546
2025-03-08 14:24:32.763,0.0003059419047763,0.3808286327186069
2025-03-08 14:24:32.782,0.0003519533917375,0.3584238983385985
2025-03-08 14:24:32.802,0.0003885233173814,0.4083263621249291
2025-03-08 14:24:32.821,0.000414633326942,0.5159487744512897
2025-03-08 14:24:32.841,0.0004306697176063,0.6628730221005802
2025-03-08 14:24:32.860,0.0004381963417089,0.8276245264656892
2025-03-08 14:24:32.880,0.0004394284457809,0.9870679698356204
2025-03-08 14:24:32.899,0.0004364835437506,1.1185023418916524
2025-03-08 14:24:32.919,0.0004306488376406,1.20225694814304
2025-03-08 14:24:32.938,0.0004219561178544,1.2243429723831445
2025-03-08 14:24:32.958,0.0004092587750529,1.178580018002899
2025-03-08 14:24:32.977,0.0003908094067537,1.0676330470575572
2025-03-08 14:24:32.997,0.0003651158134352,0.9025656662568474
2025-03-08 14:24:33.017,0.0003317141216448,0.7008156396783874
2025-03-08 14:24:33.036,0.0002915375159403,0.4828710848167776
2025-03-08 14:24:33.056,0.000246761990992,0.2682774191817669
2025-03-08 14:24:33.075,0.0002002426452241,0.071818708086461
2025-03-08 14:24:33.095,0.0001547878515892,-0.099297148887845
2025-03-08 14:24:33.114,0.0001125221888611,-0.2466673187490511
2025-03-08 14:24:33.134,7.450454104669367e-05,-0.3801508162716524
2025-03-08 14:24:33.153,4.065595727429901e-05,-0.5157836480816202
2025-03-08 14:24:33.173,9.95363152211951e-06,-0.6727009336631048
2025-03-08 14:24:33.192,-1.9220310648716338e-05,-0.8697540092406061
2025-03-08 14:24:33.212,-4.870370085857254e-05,-1.122447517343725
2025-03-08 14:24:33.231,-8.023005335919843e-05,-1.440598021032233
2025-03-08 14:24:33.251,-0.0001151465497403,-1.8268338237371584
2025-03-08 14:24:33.270,-0.0001541290940282,-2.275844104016811
2025-03-08 14:24:33.290,-0.0001969061693071,-2.7742342403360056
2025-03-08 14:24:33.309,-0.0002420988570083,-3.300943346390917
2025-03-08 14:24:33.329,-0.0002873164389943,-3.8283215719793366
2025-03-08 14:24:33.349,-0.0003295649460496,-4.32401827564883
2025-03-08 14:24:33.368,-0.0003658774237174,-4.75373018629562
2025-03-08 14:24:33.388,-0.0003939632284313,-5.084627435120072
2025-03-08 14:24:33.407,-0.0004126655574793,-5.289012619394836
2025-03-08 14:24:33.427,-0.0004220965140443,-5.347598882459511
2025-03-08 14:24:33.446,-0.0004234390944221,-5.251812093167482
2025-03-08 14:24:33.466,-0.0004185242406349,-5.004733237790624
2025-03-08 14:24:33.485,-0.0004093582651816,-4.62060041813246
2025-03-08 14:24:33.505,-0.0003977518195459,-4.123050583939946
2025-03-08 14:24:33.524,-0.0003851084665146,-3.542420048245511
2025-03-08 14:24:33.544,-0.0003723389597148,-2.912450492142922
2025-03-08 14:24:33.563,-0.0003598370862569,-2.2667345586747394
2025-03-08 14:24:33.583,-0.0003474946523352,-1.6352544307471266
2025-03-08 14:24:33.602,-0.000334788755557,-1.0414307229057536
2025-03-08 14:24:33.622,-0.0003209676147925,-0.5001397179773981
2025-03-08 14:24:33.642,-0.0003052936100246,-0.0170772364118957
2025-03-08 14:24:33.661,-0.0002872510630244,0.4103903870727131
2025-03-08 14:24:33.681,-0.0002666412142964,0.7910773361187614
2025-03-08 14:24:33.700,-0.0002435454558766,1.1370120095271037
2025-03-08 14:24:33.720,-0.0002181955385674,1.460280662661931
2025-03-08 14:24:33.739,-0.0001908222384364,1.77028564442103
2025-03-08 14:24:33.759,-0.0001615574040525,2.071879140748687
2025-03-08 14:24:33.778,-0.0001304424459512,2.364633639418671
2025-03-08 14:24:33.798,-9.75575964011364e-05,2.643299335310056
2025-03-08 14:24:33.817,-6.324177331774381e-05,2.899306652967044
2025-03-08 14:24:33.837,-2.8334514966656405e-05,3.1230251254658
2025-03-08 14:24:33.856,5.650132175562216e-06,3.3063934764374188
2025-03-08 14:24:33.876,3.65052499762982e-05,3.445465979815202
2025-03-08 14:24:33.895,6.152637777467404e-05,3.542360286435309
2025-03-08 14:24:33.915,7.792658045160281e-05,3.60607670039245
2025-03-08 14:24:33.935,8.341298965715708e-05,3.65176440360731
2025-03-08 14:24:33.954,7.680666784793754e-05,3.698292556675641
2025-03-08 14:24:33.974,5.855251008881736e-05,3.76442348085537
2025-03-08 14:24:33.993,3.097291442231937e-05,3.8643692571985055
2025-03-08 14:24:34.013,-1.8328583592326949e-06,4.003864685353616
2025-03-08 14:24:34.032,-3.4478655799219255e-05,4.177926874163037
2025-03-08 14:24:34.052,-6.11455059960939e-05,4.371094057461465
2025-03-08 14:24:34.071,-7.669218051667415e-05,4.560205686886086
2025-03-08 14:24:34.091,-7.77938420911754e-05,4.718950167772946
2025-03-08 14:24:34.110,-6.37846481326147e-05,4.822812190299215
2025-03-08 14:24:34.130,-3.690116321874489e-05,4.852968374776936
2025-03-08 14:24:34.149,-1.7732282537812516e-06,4.79814539250208
2025-03-08 14:24:34.169,3.5780057082115937e-05,4.654250274005185
2025-03-08 14:24:34.188,7.038967876581506e-05,4.422359576053143
2025-03-08 14:24:34.208,9.8800327611234e-05,4.106115758285927
2025-03-08 14:24:34.227,0.0001210830400126,3.709602768109943
2025-03-08 14:24:34.247,0.0001409919880001,3.2364239039675566
2025-03-08 14:24:34.267,0.000165281699453,2.690169717484473
2025-03-08 14:24:34.286,0.0002021027812913,2.075951041290291
2025-03-08 14:24:34.306,0.0002588512181794,1.4023336339164325
2025-03-08 14:24:34.325,0.0003399760048837,0.6829087008808683
2025-03-08 14:24:34.345,0.0004452465403583,-0.0631430625933289
2025-03-08 14:24:34.364,0.0005688689100693,-0.8118393748154855
2025-03-08 14:24:34.384,0.0006996486448047,-1.5364892351380213
2025-03-08 14:24:34.403,0.0008221860694122,-2.2106576468379084
2025-03-08 14:24:34.423,0.0009189375384799,-2.8113012674387634
2025-03-08 14:24:34.442,0.0009729021104219,-3.3213119919327947
2025-03-08 14:24:34.462,0.0009706211666973,-3.730873698271024
2025-03-08 14:24:34.481,0.0009050309345699,-4.037380080805709
2025-03-08 14:24:34.501,0.0007775390191321,-4.244063241505923
2025-03-08 14:24:34.520,0.0005986689124282,-4.357819075566705
2025-03-08 14:24:34.540,0.000386850010001,-4.386899612909301
2025-03-08 14:24:34.560,0.0001654013854129,-4.339142538073303
2025-03-08 14:24:34.579,-4.168288781114167e-05,-4.221237568161111
2025-03-08 14:24:34.599,-0.0002141068865898,-4.03922856663926
2025-03-08 14:24:34.618,-0.0003386700496171,-3.800080561476396
2025-03-08 14:24:34.638,-0.0004108789938653,-3.5137878526779285
2025-03-08 14:24:34.657,-0.00043456938296,-3.1952606901067804
2025-03-08 14:24:34.677,-0.0004199336287966,-2.865186930127809
2025-03-08 14:24:34.696,-0.0003807070362245,-2.549269660632433
2025-03-08 14:24:34.716,-0.0003312984584808,-2.2756779889011725
2025-03-08 14:24:34.735,-0.0002844286666227,-2.071106813841954
2025-03-08 14:24:34.755,-0.000249520944062,-1.9563283584045656
2025-03-08 14:24:34.774,-0.0002318516153025,-1.94233915273962
2025-03-08 14:24:34.794,-0.0002323945109732,-2.0280729810757183
2025-03-08 14:24:34.813,-0.0002483095592814,-2.2002239972781044
2025-03-08 14:24:34.833,-0.0002739999182599,-2.435166945034388
2025-03-08 14:24:34.853,-0.0003025523150339,-2.7024523809830483
2025-03-08 14:24:34.872,-0.0003272513704766,-2.9690322205929403
2025-03-08 14:24:34.892,-0.0003428145601637,-3.203306518306257
2025-03-08 14:24:34.911,-0.000346081084365,-3.378267722968449
2025-03-08 14:24:34.931,-0.0003360869205346,-3.4733670237982808
2025-03-08 14:24:34.950,-0.0003136792412857,-3.475107295671821
2025-03-08 14:24:34.970,-0.0002809536754441,-3.376661324278662
2025-03-08 14:24:34.989,-0.0002407765084778,-3.1769667776121686
2025-03-08 14:24:35.009,-0.0001965059319781,-2.8797618934584257
2025-03-08 14:24:35.028,-0.0001518521068011,-2.4929145509241213
2025-03-08 14:24:35.048,-0.0001107280822635,-2.0281810184961127
2025-03-08 14:24:35.067,-7.69732623961755e-05,-1.5012601945992357
2025-03-08 14:24:35.087,-5.39145185098021e-05,-0.931779807486498
2025-03-08 14:24:35.106,-4.380990590394855e-05,-0.3427622485448794
2025-03-08 14:24:35.126,-4.7296324705077614e-05,0.240778784547209
2025-03-08 14:24:35.145,-6.30275027115309e-05,0.7941805884664415
2025-03-08 14:24:35.165,-8.768885068966394e-05,1.2961057085015373
2025-03-08 14:24:35.185,-0.0001164724756615,1.7314892831757174
2025-03-08 14:24:35.204,-0.0001439270293448,2.093614578808097
2025-03-08 14:24:35.224,-0.0001649565345145,2.384562342592066
2025-03-08 14:24:35.243,-0.0001757004275994,2.613665151574912
2025-03-08 14:24:35.263,-0.0001740855018994,2.7941731720142258
2025-03-08 14:24:35.282,-0.0001599528303201,2.938909230941072
2025-03-08 14:24:35.302,-0.0001347777643194,3.056059364362562
2025-03-08 14:24:35.321,-0.0001010935690152,3.1462782462612147
2025-03-08 14:24:35.341,-6.17989409981155e-05,3.201962855516677
2025-03-08 14:24:35.360,-1.9566432478327437e-05,3.2089561957592827
2025-03-08 14:24:35.380,2.345957343961268e-05,3.150273815572396
2025-03-08 14:24:35.399,6.559831300789484e-05,3.0109143186846468
2025-03-08 14:24:35.419,0.0001052883251411,2.782574472113361
2025-03-08 14:24:35.438,0.0001406913522034,2.467173943129403
2025-03-08 14:24:35.458,0.0001695174648712,2.078428619818604
2025-03-08 14:24:35.478,0.0001892664675864,1.6411680521369942
2025-03-08 14:24:35.497,0.0001978995837539,1.1885506867760698
2025-03-08 14:24:35.517,0.0001947291694117,0.7577064427404611
2025-03-08 14:24:35.536,0.0001811506577276,0.3845886925123214
2025-03-08 14:24:35.556,0.0001608509383426,0.0989311151203905
2025-03-08 14:24:35.575,0.0001393221264618,-0.0798306076767933
2025-03-08 14:24:35.595,0.0001227848101025,-0.1449956704086737
2025-03-08 14:24:35.614,0.0001168462324253,-0.1030187688604451
2025-03-08 14:24:35.634,0.000125294471797,0.0280983447761339
2025-03-08 14:24:35.653,0.0001493423938489,0.2221044526297519
2025-03-08 14:24:35.673,0.0001874501089548,0.4488675411816167
2025-03-08 14:24:35.692,0.0002356725015973,0.6790418234296007
2025-03-08 14:24:35.712,0.0002883665228165,0.8882509059316515
2025-03-08 14:24:35.731,0.0003390648461786,1.0601328918635509
2025-03-08 14:24:35.751,0.0003813597055314,1.1878264568142454
2025-03-08 14:24:35.770,0.0004097121965312,1.2737639818861677
2025-03-08 14:24:35.790,0.0004201651987211,1.327920485327208
2025-03-08 14:24:35.810,0.0004109424362589,1.364901215640703
2025-03-08 14:24:35.829,0.0003828493447314,1.4004141043341516
2025-03-08 14:24:35.849,0.0003393241712654,1.447752161167038
2025-03-08 14:24:35.868,0.0002860200650687,1.514890429416871
2025-03-08 14:24:35.888,0.0002299364964557,1.6026766184466472
2025-03-08 14:24:35.907,0.0001782587995267,1.7043832418514169
2025-03-08 14:24:35.927,0.0001371249012737,1.806637748586112
2025-03-08 14:24:35.946,0.0001105388448129,1.8915119470616584
2025-03-08 14:24:35.966,9.964919220664308e-05,1.9393755855285328
2025-03-08 14:24:35.985,0.0001025954928239,1.932018554245318
2025-03-08 14:24:36.005,0.0001150216322187,1.855526793622792
2025-03-08 14:24:36.024,0.0001311364623852,1.7024657139717112
2025-03-08 14:24:36.044,0.000144977930832,1.4730768259721925
2025-03-08 14:24:36.063,0.0001514685826835,1.175388061738571
2025-03-08 14:24:36.083,0.0001469901264714,0.8243137649102846
2025-03-08 14:24:36.103,0.0001294528357344,0.4399387489337616
2025-03-08 14:24:36.122,9.804807262837052e-05,0.0452498760304899
2025-03-08 14:24:36.142,5.295757351410553e-05,-0.336379789308742
2025-03-08 14:24:36.161,-4.771465600574568e-06,-0.6836358896573905
2025-03-08 14:24:36.181,-7.31458896320229e-05,-0.9793498769150016
2025-03-08 14:24:36.200,-0.0001490794083223,-1.2120171887284457
2025-03-08 14:24:36.220,-0.0002284103456517,-1.3766266990404827
2025-03-08 14:24:36.239,-0.0003062735859095,-1.4747529429165858
2025-03-08 14:24:36.259,-0.0003778507888028,-1.5139036690671015
2025-03-08 14:24:36.278,-0.0004393168630739,-1.5061563668169902
2025-03-08 14:24:36.298,-0.000488673152087,-1.4662044974929411
2025-03-08 14:24:36.317,-0.0005261800994104,-1.409075245406138
2025-03-08 14:24:36.337,-0.0005542434764514,-1.3479181686445043
2025-03-08 14:24:36.356,-0.0005767802866776,-1.292313427744498
2025-03-08 14:24:36.376,-0.0005982251925488,-1.2474667878116257
2025-03-08 14:24:36.396,-0.0006224123263759,-1.2144719232224253
2025-03-08 14:24:36.415,-0.0006515827338684,-1.1915851966799824
2025-03-08 14:24:36.435,-0.0006857342325271,-1.1762180404418263
2025-03-08 14:24:36.454,-0.0007224594453923,-1.1671403841691868
2025-03-08 14:24:36.474,-0.0007573206662389,-1.166255482314123
2025-03-08 14:24:36.493,-0.0007846992790543,-1.179320745594913
2025-03-08 14:24:36.513,-0.0007989474808124,-1.2151969664154871
2025-03-08 14:24:36.532,-0.0007955799761254,-1.2835884839988454
2025-03-08 14:24:36.552,-0.0007721963179495,-1.3916926216010754
2025-03-08 14:24:36.571,-0.0007288457317031,-1.5405661609590149
2025-03-08 14:24:36.591,-0.0006676573958299,-1.7222059203182918
2025-03-08 14:24:36.610,-0.000591768836178,-1.918262997176416
2025-03-08 14:24:36.630,-0.0005038650585973,-2.100993112844213
2025-03-08 14:24:36.649,-0.0004048925363553,-2.2365773881282607
2025-03-08 14:24:36.669,-0.0002935764662536,-2.290425149215464
2025-03-08 14:24:36.688,-0.000167135810528,-2.233580742410271
2025-03-08 14:24:36.708,-2.311884583410013e-05,-2.048995045413889
2025-03-08 14:24:36.728,0.0001382156744308,-1.7362923145468243
2025-03-08 14:24:36.747,0.0003118550346006,-1.3138407664890963
2025-03-08 14:24:36.767,0.0004872111647556,-0.8174254715054926
2025-03-08 14:24:36.786,0.0006490827950544,-0.295532838496928
2025-03-08 14:24:36.806,0.0007804048082153,0.1979837883311294
2025-03-08 14:24:36.825,0.0008661814306778,0.6124742053347778
2025-03-08 14:24:36.845,0.0008975395078034,0.9086079507892356
2025-03-08 14:24:36.864,0.0008746552436421,1.0644356342254908
2025-03-08 14:24:36.884,0.0008074834290819,1.0782597751431324
2025-03-08 14:24:36.903,0.0007137945966377,0.9679034239454702
2025-03-08 14:24:36.923,0.0006149148388205,0.7667438031519457
2025-03-08 14:24:36.942,0.0005304457142066,0.5175064010985919
2025-03-08 14:24:36.962,0.000473665255568,0.2651560575504991
2025-03-08 14:24:36.981,0.0004490130626289,0.0502362592354957
2025-03-08 14:24:37.001,0.000452210857387,-0.096260826801797
2025-03-08 14:24:37.021,0.000472627152946,-0.1558641800722741
2025-03-08 14:24:37.040,0.0004968563365184,-0.1233178360505169
2025-03-08 14:24:37.060,0.0005122955157157,-0.0053395849084866
2025-03-08 14:24:37.079,0.0005097390553422,0.1819082570373332
2025-03-08 14:24:37.099,0.0004845424122204,0.4158909962421557
2025-03-08 14:24:37.118,0.0004365020409863,0.6706930777236773
2025-03-08 14:24:37.138,0.0003689926772539,0.919589798279556
2025-03-08 14:24:37.157,0.0002879552220045,1.137186082799275
2025-03-08 14:24:37.177,0.0002010921150001,1.3013308904578418
2025-03-08 14:24:37.196,0.0001172858833749,1.3950329504873529
2025-03-08 14:24:37.216,4.600822949787023e-05,1.4084185558907518
2025-03-08 14:24:37.235,-3.5517649203206624e-06,1.340488646726046
2025-03-08 14:24:37.255,-2.3759402842240893e-05,1.2001965776226045
2025-03-08 14:24:37.274,-1.009530573185562e-05,1.0062997428967566
2025-03-08 14:24:37.294,3.7308807625408894e-05,0.7855914599442044
2025-03-08 14:24:37.314,0.0001126006156872,0.5694711616345735
2025-03-08 14:24:37.333,0.0002040617379352,0.3892648275964053
2025-03-08 14:24:37.353,0.0002952136596492,0.2711155535810577
2025-03-08 14:24:37.372,0.0003672187468476,0.2314763936161241
2025-03-08 14:24:37.392,0.0004022501977027,0.2741681267974963
2025-03-08 14:24:37.411,0.0003871741562137,0.389631875857767
2025-03-08 14:24:37.431,0.0003167039017412,0.5565217080857412
2025-03-08 14:24:37.450,0.0001951956035263,0.7452953949619987
2025-03-08 14:24:37.470,3.647591590789757e-05,0.9230978225832078
2025-03-08 14:24:37.489,-0.0001384712811693,1.0590515343565143
2025-03-08 14:24:37.509,-0.0003055525994777,1.129066732814226
2025-03-08 14:24:37.528,-0.0004424066361618,1.1194155436841595
2025-03-08 14:24:37.548,-0.0005328279987045,1.028535243759259
2025-03-08 14:24:37.567,-0.0005696781426568,0.8668024933922966
2025-03-08 14:24:37.587,-0.000555641183372,0.6543410377002503
2025-03-08 14:24:37.606,-0.0005017950769892,0.4172612058882617
2025-03-08 14:24:37.626,-0.0004245349345754,0.1830161167976515
2025-03-08 14:24:37.646,-0.0003417483061986,-0.0242812158283936
2025-03-08 14:24:37.665,-0.0002692118847493,-0.1877456964113432
2025-03-08 14:24:37.685,-0.0002179642051501,-0.3001481079639817
2025-03-08 14:24:37.704,-0.000193029219853,-0.3645065147411954
2025-03-08 14:24:37.724,-0.0001934823904865,-0.3928164491964466
2025-03-08 14:24:37.743,-0.0002135761340094,-0.4032432615130398
2025-03-08 14:24:37.763,-0.0002445097442755,-0.416368853051542
2025-03-08 14:24:37.782,-0.0002764215114914,-0.4512154255610741
2025-03-08 14:24:37.802,-0.0003002542525278,-0.5217418929233958
2025-03-08 14:24:37.821,-0.0003092516512716,-0.6343497995325034
2025-03-08 14:24:37.841,-0.0002999432258945,-0.7867000945727929
2025-03-08 14:24:37.860,-0.000272550583027,-0.9678963627098368
2025-03-08 14:24:37.880,-0.0002307977939561,-1.1598935205308205
2025-03-08 14:24:37.899,-0.0001811513573168,-1.339873763922216
2025-03-08 14:24:37.919,-0.0001315743039555,-1.4832819392282408
2025-03-08 14:24:37.939,-8.997119218670821e-05,-1.5671907626000112
2025-03-08 14:24:37.958,-6.261161929667418e-05,-1.5736382927639354
2025-03-08 14:24:37.978,-5.2885470627307246e-05,-1.4925425745481633
2025-03-08 14:24:37.997,-6.068654297424161e-05,-1.323779095532892
2025-03-08 14:24:38.017,-8.25397123860494e-05,-1.078047593962656
2025-03-08 14:24:38.036,-0.0001123752546998,-0.7762899193029495
2025-03-08 14:24:38.056,-0.0001427190214205,-0.4476492376848746
2025-03-08 14:24:38.075,-0.0001660460918943,-0.1262289056245069
2025-03-08 14:24:38.095,-0.000176098112683,0.1528743592277629
2025-03-08 14:24:38.114,-0.0001690120083523,0.3577017514418431
2025-03-08 14:24:38.134,-0.0001441001331409,0.4632238308377036
2025-03-08 14:24:38.153,-0.0001040911998815,0.4544268103344612
2025-03-08 14:24:38.173,-5.4678120853871765e-05,0.3284520822678956
2025-03-08 14:24:38.192,-3.3810378717512663e-06,0.0955920852160906
2025-03-08 14:24:38.212,4.203390655669346e-05,-0.2210672079875761
2025-03-08 14:24:38.231,7.517709844112266e-05,-0.5875396251136857
2025-03-08 14:24:38.251,9.229969785710188e-05,-0.9623898217065984
2025-03-08 14:24:38.271,9.294181889502514e-05,-1.3014702209172293
2025-03-08 14:24:38.290,7.989068962369392e-05,-1.5633489431978616
2025-03-08 14:24:38.310,5.8526675967779007e-05,-1.7146130324600142
2025-03-08 14:24:38.329,3.5731188890482656e-05,-1.7341932538282527
2025-03-08 14:24:38.349,1.8576684000817415e-05,-1.616006929744538
2025-03-08 14:24:38.368,1.302902151084834e-05,-1.3695056806986867
2025-03-08 14:24:38.388,2.2877798115389812e-05,-1.0180723670083396
2025-03-08 14:24:38.407,4.907494818879269e-05,-0.5955590134448486
2025-03-08 14:24:38.427,8.960167257207198e-05,-0.1415338275208361
2025-03-08 14:24:38.446,0.0001398919499184,0.304020390194106
2025-03-08 14:24:38.466,0.0001937252539488,0.7057478284291906
2025-03-08 14:24:38.485,0.0002443956575546,1.036937253946302
2025-03-08 14:24:38.505,0.0002859078740366,1.2819184826330183
2025-03-08 14:24:38.524,0.0003139543346932,1.436528161294281
2025-03-08 14:24:38.544,0.000326484088134,1.5067004497948628
2025-03-08 14:24:38.564,0.0003237776929641,1.50559995777668
2025-03-08 14:24:38.583,0.0003080694882888,1.4499892363243967
2025-03-08 14:24:38.603,0.000282863487332,1.3566535276854663
2025-03-08 14:24:38.622,0.000252135893292,1.2396617012724174
2025-03-08 14:24:38.642,0.0002196036991347,1.1090231728739868
2025-03-08 14:24:38.661,0.0001881850959242,0.9709434568675624
2025-03-08 14:24:38.681,0.0001597083165647,0.829459426650895
2025-03-08 14:24:38.700,0.0001348621125665,0.6888425184890498
2025-03-08 14:24:38.720,0.0001133369378246,0.5558998335757467
2025-03-08 14:24:38.739,9.408618642467228e-05,0.4412863977539056
2025-03-08 14:24:38.759,7.56390203692427e-05,0.359219249578998
2025-03-08 14:24:38.778,5.641282955742662e-05,0.3254842700088667
2025-03-08 14:24:38.798,3.499460410380018e-05,0.3541629697332964
2025-03-08 14:24:38.817,1.0377913329352708e-05,0.4538817224245753
2025-03-08 14:24:38.837,-1.7849471987180792e-05,0.6245034235350708
2025-03-08 14:24:38.857,-4.937382274244015e-05,0.8550713446682046
2025-03-08 14:24:38.876,-8.309404821683241e-05,1.1235726178821144
2025-03-08 14:24:38.896,-0.0001171531706248,1.3987881674089315
2025-03-08 14:24:38.915,-0.000149086185662,1.6441502223288162
2025-03-08 14:24:38.935,-0.000176096457674,1.8231298275093923
2025-03-08 14:24:38.954,-0.0001954479361203,1.905267321372736
2025-03-08 14:24:38.974,-0.0002049265747569,1.8716581093581897
2025-03-08 14:24:38.993,-0.0002032916201707,1.7186645052173972
2025-03-08 14:24:39.013,-0.0001906204484697,1.4589351538839377
2025-03-08 14:24:39.032,-0.0001684623412893,1.119439255129528
2025-03-08 14:24:39.052,-0.0001397536943318,0.7369820316544966
2025-03-08 14:24:39.071,-0.0001084837758516,0.3522964700725711
2025-03-08 14:24:39.091,-7.912232533555324e-05,0.0040727280811155
2025-03-08 14:24:39.110,-5.586001582701772e-05,-0.2758914406616811
2025-03-08 14:24:39.130,-4.1796292148976734e-05,-0.4657445978915422
2025-03-08 14:24:39.149,-3.828427295643847e-05,-0.5547608841998187
2025-03-08 14:24:39.169,-4.462841202301921e-05,-0.5430123955600965
2025-03-08 14:24:39.189,-5.822274725965972e-05,-0.4400850485919562
2025-03-08 14:24:39.208,-7.508461998394552e-05,-0.2633314165731655
2025-03-08 14:24:39.228,-9.064383006744152e-05,-0.0359599209946198
2025-03-08 14:24:39.247,-0.000100612435502,0.2149615262674128
2025-03-08 14:24:39.267,-0.0001017797201278,0.4606659014651963
2025-03-08 14:24:39.286,-9.262268867344251e-05,0.6731132655338637
2025-03-08 14:24:39.306,-7.365021262853595e-05,0.8276554792759667
2025-03-08 14:24:39.325,-4.73900892898946e-05,0.9056883773280112
2025-03-08 14:24:39.345,-1.793733102330318e-05,0.8968379918647025
2025-03-08 14:24:39.364,9.9149634122155e-06,0.8001586366449105
2025-03-08 14:24:39.384,3.176494926143447e-05,0.6239392981504893
2025-03-08 14:24:39.403,4.459183583117889e-05,0.3840010401858396
2025-03-08 14:24:39.423,4.735434131581309e-05,0.1007402772445148
2025-03-08 14:24:39.442,4.1059826646574246e-05,-0.2044870582881207
2025-03-08 14:24:39.462,2.8348887075976663e-05,-0.5128498843666791
2025-03-08 14:24:39.482,1.277388432237846e-05,-0.8106183943574095
2025-03-08 14:24:39.501,-1.994683552384537e-06,-1.0902804109895283
2025-03-08 14:24:39.521,-1.282099025465863e-05,-1.3500246282086108
2025-03-08 14:24:39.540,-1.748458143559068e-05,-1.5918498842961153
2025-03-08 14:24:39.560,-1.4775678018709069e-05,-1.818911930961284
2025-03-08 14:24:39.579,-4.406147666807362e-06,-2.0328743369112936
2025-03-08 14:24:39.599,1.3108955355778976e-05,-2.2319512859015145
2025-03-08 14:24:39.618,3.6492054474121925e-05,-2.410079825666421
2025-03-08 14:24:39.638,6.368358664344364e-05,-2.55734863033874
2025-03-08 14:24:39.657,9.18905802648953e-05,-2.6615286580536406
2025-03-08 14:24:39.677,0.0001178342958107,-2.710338167830242
2025-03-08 14:24:39.696,0.0001382140035095,-2.693943292434327
2025-03-08 14:24:39.716,0.0001502681251646,-2.607159724971152
2025-03-08 14:24:39.735,0.0001522627654229,-2.450892809704698
2025-03-08 14:24:39.755,0.0001437857994136,-2.232520502593208
2025-03-08 14:24:39.775,0.0001258090577938,-1.965149021295442
2025-03-08 14:24:39.794,0.0001005441298341,-1.6659077490937029
2025-03-08 14:24:39.814,7.114290811197969e-05,-1.3536467154559977
2025-03-08 14:24:39.833,4.129213985578829e-05,-1.0465047948611923
2025-03-08 14:24:39.853,1.4739030727838155e-05,-0.7598025108144978
2025-03-08 14:24:39.872,-5.221963522046348e-06,-0.504598485067109
2025-03-08 14:24:39.892,-1.6263237429019086e-05,-0.2870797124833638
2025-03-08 14:24:39.911,-1.747837929494951e-05,-0.1087736025814876
2025-03-08 14:24:39.931,-9.687584542173877e-06,0.0325976740771182
2025-03-08 14:24:39.950,4.513237339593635e-06,0.1419194564762915
2025-03-08 14:24:39.970,2.1056524960579404e-05,0.2254782989381657
2025-03-08 14:24:39.989,3.510327913417363e-05,0.2900233982229885
2025-03-08 14:24:40.009,4.208030698196528e-05,0.3422408435499054
2025-03-08 14:24:40.028,3.885730241327004e-05,0.3886158518763091
2025-03-08 14:24:40.048,2.4736675379883385e-05,0.4354889113087833
2025-03-08 14:24:40.067,1.8928196667472928e-06,0.489001148452933
2025-03-08 14:24:40.087,-2.496489001443485e-05,0.5546364191993987
2025-03-08 14:24:40.107,-4.964631813390759e-05,0.6362282570200036
2025-03-08 14:24:40.126,-6.591875881639447e-05,0.7345651627814689
2025-03-08 14:24:40.146,-6.88914492000185e-05,0.8459956652120129
2025-03-08 14:24:40.165,-5.600147371389864e-05,0.961586667206549
2025-03-08 14:24:40.185,-2.745242061232327e-05,1.0673450038669123
2025-03-08 14:24:40.204,1.386392482598593e-05,1.145773067021824
2025-03-08 14:24:40.224,6.284518200901086e-05,1.1786707547642157
2025-03-08 14:24:40.243,0.0001129352332018,1.1507270405744063
2025-03-08 14:24:40.263,0.0001570593742685,1.0531695859606196
2025-03-08 14:24:40.282,0.0001886287195868,0.886640321656824
2025-03-08 14:24:40.302,0.0002024810191986,0.6625752171415344
2025-03-08 14:24:40.321,0.0001956256207899,0.4026626130528675
2025-03-08 14:24:40.341,0.0001676952948546,0.1363548528710411
2025-03-08 14:24:40.360,0.0001210510595353,-0.1031960812889332
2025-03-08 14:24:40.380,6.051868284179364e-05,-0.2841090039314051
2025-03-08 14:24:40.400,-7.232212545969773e-06,-0.380818636970138
2025-03-08 14:24:40.419,-7.460097322305199e-05,-0.3783318354551669
2025-03-08 14:24:40.439,-0.0001341186535117,-0.274911701238252
2025-03-08 14:24:40.458,-0.0001794670309387,-0.082610262001824
2025-03-08 14:24:40.478,-0.0002062917157175,0.1745787103017289
2025-03-08 14:24:40.497,-0.0002127412506739,0.4647012481744982
2025-03-08 14:24:40.517,-0.0001997149228371,0.7532279243867968
2025-03-08 14:24:40.536,-0.000170760425462,1.008775710379844
2025-03-08 14:24:40.556,-0.0001315278957994,1.2080375114269166
2025-03-08 14:24:40.575,-8.87801087071765e-05,1.3390052307320193
2025-03-08 14:24:40.595,-4.915047936236539e-05,1.4019684219186643
2025-03-08 14:24:40.614,-1.797842016606237e-05,1.4082200040602686
2025-03-08 14:24:40.634,1.4705723609729544e-06,1.3768169342643066
2025-03-08 14:24:40.653,8.245942080409024e-06,1.330089647621981
2025-03-08 14:24:40.673,3.4423811638386285e-06,1.2888336060970922
2025-03-08 14:24:40.692,-1.0420309132769144e-05,1.2681825385299412
2025-03-08 14:24:40.712,-3.0152433015527472e-05,1.2749910496041372
2025-03-08 14:24:40.732,-5.258385764975291e-05,1.3071569201833686
2025-03-08 14:24:40.751,-7.504911503844087e-05,1.354815821294634
2025-03-08 14:24:40.771,-9.5612794019607e-05,1.4029202175968831
2025-03-08 14:24:40.790,-0.0001130590437626,1.4344892234826552
2025-03-08 14:24:40.810,-0.0001267252876037,1.4337943133554176
2025-03-08 14:24:40.829,-0.0001362835941678,1.3888640889956003
2025-03-08 14:24:40.849,-0.0001415628503153,1.2928952047465654
2025-03-08 14:24:40.868,-0.000142468352867,1.1444271569677178
2025-03-08 14:24:40.888,-0.0001390059143524,0.9464503967652764
2025-03-08 14:24:40.907,-0.0001313710847864,0.7048967147665332
2025-03-08 14:24:40.927,-0.0001200361948203,0.4271100011873839
2025-03-08 14:24:40.946,-0.0001057706307561,0.1208499210080154
2025-03-08 14:24:40.966,-8.95660888926674e-05,-0.2058599988046398
2025-03-08 14:24:40.985,-7.249035215853904e-05,-0.5441032859002646
2025-03-08 14:24:41.005,-5.551883901791909e-05,-0.8831102494887625
2025-03-08 14:24:41.025,-3.937003926413288e-05,-1.2096472355080805
2025-03-08 14:24:41.044,-2.434423914827084e-05,-1.5083699295364317
2025-03-08 14:24:41.064,-1.0200992796333949e-05,-1.7633767354095284
2025-03-08 14:24:41.083,3.81588294518682e-06,-1.9606618345146216
2025-03-08 14:24:41.103,1.870341336222746e-05,-2.0907257347593147
2025-03-08 14:24:41.122,3.521674686325184e-05,-2.1504633635030657
2025-03-08 14:24:41.142,5.339880198937509e-05,-2.1436693580488764
2025-03-08 14:24:41.161,7.238158426022674e-05,-2.07996060706759
2025-03-08 14:24:41.181,9.05691858491554e-05,-1.9724176550007848
2025-03-08 14:24:41.200,0.0001061020130132,-1.834620545282006
2025-03-08 14:24:41.220,0.0001173870459989,-1.6779145563245086
2025-03-08 14:24:41.239,0.0001234992269173,-1.5096622118573757
2025-03-08 14:24:41.259,0.0001243517680557,-1.3329345671384525
2025-03-08 14:24:41.278,0.0001206296328129,-1.147636949158783
2025-03-08 14:24:41.298,0.0001135485454697,-0.9525890084102956
2025-03-08 14:24:41.318,0.0001045345266055,-0.7477545311383809
2025-03-08 14:24:41.337,9.491944296470476e-05,-0.5357753975049185
2025-03-08 14:24:41.357,8.572488677202023e-05,-0.3222397524143521
2025-03-08 14:24:41.376,7.757071553200821e-05,-0.1146092133337371
2025-03-08 14:24:41.396,7.070651287328003e-05,0.0797556132801201
2025-03-08 14:24:41.415,6.513282728187508e-05,0.2557049522170958
2025-03-08 14:24:41.435,6.0760052821594254e-05,0.4117528010403966
2025-03-08 14:24:41.454,5.754866324844757e-05,0.5503367424012139
2025-03-08 14:24:41.474,5.5584552289955e-05,0.6767652827771758
2025-03-08 14:24:41.493,5.506431670896016e-05,0.7971548313435275
2025-03-08 14:24:41.513,5.619251181204135e-05,0.9159531129987936
2025-03-08 14:24:41.532,5.902027808912318e-05,1.0337440794955264
2025-03-08 14:24:41.552,6.327616935438465e-05,1.1459326288769298
2025-03-08 14:24:41.571,6.825009186467397e-05,1.2426721350830163
2025-03-08 14:24:41.591,7.27862167257821e-05,1.3101020549908893
2025-03-08 14:24:41.610,7.541937211151065e-05,1.3326736495827478
2025-03-08 14:24:41.630,7.465396843298595e-05,1.2961042090241406
2025-03-08 14:24:41.650,6.934097560141579e-05,1.190350297585459
2025-03-08 14:24:41.669,5.906642482902531e-05,1.0119661638687658
2025-03-08 14:24:41.689,4.44363161995014e-05,0.7653404691165271
2025-03-08 14:24:41.708,2.7139926476610405e-05,0.4625696341254237
2025-03-08 14:24:41.728,9.705943891103655e-06,0.1220611986243917
2025-03-08 14:24:41.747,-5.062656219898113e-06,-0.2337456534399338
2025-03-08 14:24:41.767,-1.4883524403838184e-05,-0.581012712210603
2025-03-08 14:24:41.786,-1.880658050559085e-05,-0.8970110568205206
2025-03-08 14:24:41.806,-1.773540323584171e-05,-1.1622121623113215
2025-03-08 14:24:41.825,-1.436310368773469e-05,-1.3618540344410317
2025-03-08 14:24:41.845,-1.2411250185295095e-05,-1.4869580183106257
2025-03-08 14:24:41.864,-1.5372448448896308e-05,-1.5347544916571465
2025-03-08 14:24:41.884,-2.5223052223567764e-05,-1.5084439755148094
2025-03-08 14:24:41.903,-4.162190773357641e-05,-1.4162620209678074
2025-03-08 14:24:41.923,-6.191605187243283e-05,-1.269949950419209
2025-03-08 14:24:41.943,-8.194436241526585e-05,-1.082901834717801
2025-03-08 14:24:41.962,-9.732708908397194e-05,-0.868369789570333
2025-03-08 14:24:41.982,-0.00010478380689,-0.6380935186540675
2025-03-08 14:24:42.001,-0.0001030611551835,-0.4015692977488712
2025-03-08 14:24:42.021,-9.320358801460417e-05,-0.1659568573187939
2025-03-08 14:24:42.040,-7.809954205917329e-05,0.0635583504786973
2025-03-08 14:24:42.060,-6.146122727053286e-05,0.2832061600507873
2025-03-08 14:24:42.079,-4.659939580872897e-05,0.490103728361907
2025-03-08 14:24:42.099,-3.543965367787682e-05,0.6818962300635305
2025-03-08 14:24:42.118,-2.8133815254785528e-05,0.8566080557957433
2025-03-08 14:24:42.138,-2.3371364803105344e-05,1.012668265365503
2025-03-08 14:24:42.157,-1.9192349864176328e-05,1.1490100597290824
2025-03-08 14:24:42.177,-1.3894827389680674e-05,1.2650988906056235
2025-03-08 14:24:42.196,-6.63438125579464e-06,1.3607463929755748
2025-03-08 14:24:42.216,2.478835582916808e-06,1.4356426703634633
2025-03-08 14:24:42.236,1.2695323648729766e-05,1.4886769906399564
2025-03-08 14:24:42.255,2.306672160363635e-05,1.51726767852784
2025-03-08 14:24:42.275,3.2731835807224174e-05,1.5170146052459557
2025-03-08 14:24:42.294,4.095984259025946e-05,1.4819567119554682
2025-03-08 14:24:42.314,4.707602971211624e-05,1.4055428865793955
2025-03-08 14:24:42.333,5.046731934592316e-05,1.2821580568465245
2025-03-08 14:24:42.353,5.0766874591541904e-05,1.1087923777761477
2025-03-08 14:24:42.372,4.814909280659028e-05,0.8863142559449741
2025-03-08 14:24:42.392,4.355793457317634e-05,0.6198835647328187
2025-03-08 14:24:42.411,3.871257370481053e-05,0.3183181831894943
2025-03-08 14:24:42.431,3.584865319355245e-05,-0.0073882676769589
2025-03-08 14:24:42.450,3.7262934604749606e-05,-0.3458649019226028
2025-03-08 14:24:42.470,4.477534919532662e-05,-0.6868197381560425
2025-03-08 14:24:42.489,5.9220019182143245e-05,-1.021656898173206
2025-03-08 14:24:42.509,8.006111820191084e-05,-1.343145208241998
2025-03-08 14:24:42.528,0.0001052146366628,-1.6444479010505824
2025-03-08 14:24:42.548,0.0001311391764112,-1.918061281869032
2025-03-08 14:24:42.568,0.0001532293378708,-2.155170055161252
2025-03-08 14:24:42.587,0.0001664981846392,-2.3456753017377343
2025-03-08 14:24:42.607,0.0001664713892756,-2.478850790069239
2025-03-08 14:24:42.626,0.000150144885872,-2.544387623016389
2025-03-08 14:24:42.646,0.0001167993927948,-2.5335642759083776
2025-03-08 14:24:42.665,6.844460853689673e-05,-2.440384419443344
2025-03-08 14:24:42.685,9.709281372182055e-06,-2.262636213816477
2025-03-08 14:24:42.704,-5.288354493982765e-05,-2.002837473335205
2025-03-08 14:24:42.724,-0.0001121302223325,-1.6689335166600556
2025-03-08 14:24:42.743,-0.0001615428006147,-1.2744953867332889
2025-03-08 14:24:42.763,-0.0001965463842658,-0.8381313405582392
2025-03-08 14:24:42.782,-0.0002151749537625,-0.3819336483528238
2025-03-08 14:24:42.802,-0.0002181465535719,0.070971280085068
2025-03-08 14:24:42.821,-0.0002083870812486,0.4993926101510854
2025-03-08 14:24:42.841,-0.0001901949686768,0.8869422154044497
2025-03-08 14:24:42.861,-0.0001682803635047,1.2241154576682405
2025-03-08 14:24:42.880,-0.0001468878666212,1.509063275354938
2025-03-08 14:24:42.900,-0.0001291481239775,1.7468509697550565
2025-03-08 14:24:42.919,-0.0001167273436976,1.9473569377098396
2025-03-08 14:24:42.939,-0.0001097759732464,2.1222655101124586
2025-03-08 14:24:42.958,-0.0001071301943334,2.2817953420849126
2025-03-08 14:24:42.978,-0.0001066952276692,2.4318481748136374
2025-03-08 14:24:42.997,-0.0001059332435454,2.5721550773141213
2025-03-08 14:24:43.017,-0.0001023829203936,2.6957689877966784
2025-03-08 14:24:43.036,-9.414456452878746e-05,2.789971111951459
2025-03-08 14:24:43.056,-8.026965507751881e-05,2.838399322039777
2025-03-08 14:24:43.075,-6.099702326310128e-05,2.824016222615368
2025-03-08 14:24:43.095,-3.778455220002394e-05,2.7324184504711417
2025-03-08 14:24:43.114,-1.310288275593239e-05,2.554926858396233
2025-03-08 14:24:43.134,1.0006818478723875e-05,2.290884101575057
2025-03-08 14:24:43.153,2.8552517883093303e-05,1.9486598746541963
2025-03-08 14:24:43.173,4.025953547188012e-05,1.545074046398745
2025-03-08 14:24:43.193,4.4102903967824856e-05,1.10328152398462
2025-03-08 14:24:43.212,4.052966211157983e-05,0.6495199930986716
2025-03-08 14:24:43.232,3.130126452522992e-05,0.209375123701594
2025-03-08 14:24:43.251,1.903530235069672e-05,-0.1957102877642778
2025-03-08 14:24:43.271,6.622656847915324e-06,-0.5510662065831844
2025-03-08 14:24:43.290,-3.306072824013797e-06,-0.8501801864623794
2025-03-08 14:24:43.310,-8.759834266446352e-06,-1.0947304346681297
2025-03-08 14:24:43.329,-8.586229659596186e-06,-1.293411204383355
2025-03-08 14:24:43.349,-2.5207548232407947e-06,-1.4598691298638573
2025-03-08 14:24:43.368,8.860341622844066e-06,-1.6101435602237315
2025-03-08 14:24:43.388,2.423680568806887e-05,-1.7599844335293158
2025-03-08 14:24:43.407,4.1669757905439794e-05,-1.922342949357241
2025-03-08 14:24:43.427,5.876468906884967e-05,-2.105245790720683
2025-03-08 14:24:43.446,7.290044374356081e-05,-2.310220270418352
2025-03-08 14:24:43.466,8.155088344897485e-05,-2.5314463015048885
2025-03-08 14:24:43.486,8.269991884508239e-05,-2.755826638040645
2025-03-08 14:24:43.505,7.530567942688876e-05,-2.96411617895362
2025-03-08 14:24:43.525,5.971924952867292e-05,-3.1330968380220914
2025-03-08 14:24:43.544,3.79266175332434e-05,-3.2385625123928943
2025-03-08 14:24:43.564,1.347931604966068e-05,-3.2586720960206987
2025-03-08 14:24:43.583,-8.974711222117866e-06,-3.177114110715268
2025-03-08 14:24:43.603,-2.454763348683421e-05,-2.985545442207333
2025-03-08 14:24:43.622,-2.9199308596548505e-05,-2.6849188996506115
2025-03-08 14:24:43.642,-2.0756451779688044e-05,-2.2855558758885097
2025-03-08 14:24:43.661,4.920739205471699e-07,-1.806070574210596
2025-03-08 14:24:43.681,3.186560005342762e-05,-1.271427836023306
2025-03-08 14:24:43.700,6.900790310696107e-05,-0.7104740123202368
2025-03-08 14:24:43.720,0.000106971198171,-0.1532346858541331
2025-03-08 14:24:43.739,0.0001412851579334,0.3718113781245896
2025-03-08 14:24:43.759,0.0001686995211702,0.8403165818288815
2025-03-08 14:24:43.779,0.0001874528819276,1.234305631233668
2025-03-08 14:24:43.798,0.0001970893652651,1.5437942382207686
2025-03-08 14:24:43.818,0.0001979725196576,1.76747479550665
2025-03-08 14:24:43.837,0.0001907163634865,1.912237447249864
2025-03-08 14:24:43.857,0.0001757653524353,1.99148100184916
2025-03-08 14:24:43.876,0.000153303510361,2.0224098285036423
2025-03-08 14:24:43.896,0.0001235449191128,2.0227525350288365
2025-03-08 14:24:43.915,8.726860051661684e-05,2.007524387731856
2025-03-08 14:24:43.935,4.630053731683665e-05,1.9865290978027408
2025-03-08 14:24:43.954,3.6354588762918423e-06,1.96319571246238
2025-03-08 14:24:43.974,-3.69349235179004e-05,1.9350522723173
2025-03-08 14:24:43.993,-7.156624445087443e-05,1.8957083775192884
2025-03-08 14:24:44.013,-9.718282488072811e-05,1.8377836175269076
2025-03-08 14:24:44.032,-0.000112074308868,1.7559262366207335
2025-03-08 14:24:44.052,-0.000116094686104,1.6490231483958424
2025-03-08 14:24:44.071,-0.0001104574398458,1.5209361244698052
2025-03-08 14:24:44.091,-9.724847659447596e-05,1.3795488658971933
2025-03-08 14:24:44.111,-7.883932649779998e-05,1.234440712411044
2025-03-08 14:24:44.130,-5.737966873483298e-05,1.0939443228626715
2025-03-08 14:24:44.150,-3.449689669341597e-05,0.9625481013667486
2025-03-08 14:24:44.169,-1.1253144901759529e-05,0.8394962263073369
2025-03-08 14:24:44.189,1.167036441160561e-05,0.7190489665747435
2025-03-08 14:24:44.208,3.365609976919595e-05,0.5923215541280092
2025-03-08 14:24:44.228,5.382887869776631e-05,0.450113301757155
2025-03-08 14:24:44.247,7.085701930279008e-05,0.2858536635339187
2025-03-08 14:24:44.267,8.296528871668843e-05,0.0978189802304319
2025-03-08 14:24:44.286,8.818514025681934e-05,-0.1099281400189124
2025-03-08 14:24:44.306,8.479235181068483e-05,-0.3279926687737541
2025-03-08 14:24:44.325,7.181451236019419e-05,-0.5432079978127001
2025-03-08 14:24:44.345,4.945167801028771e-05,-0.7407763970146507
2025-03-08 14:24:44.364,1.92616372777473e-05,-0.9064370703916668
2025-03-08 14:24:44.384,-1.5973881190799333e-05,-1.0282638294120607
2025-03-08 14:24:44.404,-5.26783897813331e-05,-1.097919540577727
2025-03-08 14:24:44.423,-8.707762555061022e-05,-1.1113732680171904
2025-03-08 14:24:44.443,-0.0001157868169297,-1.0691528043845282
2025-03-08 14:24:44.462,-0.0001362334726403,-0.9761763891068882
2025-03-08 14:24:44.482,-0.0001468461741802,-0.8411617627660891
2025-03-08 14:24:44.501,-0.0001470562997024,-0.6756283809424278
2025-03-08 14:24:44.521,-0.0001372382057557,-0.4926096637615044
2025-03-08 14:24:44.540,-0.0001186859605371,-0.3053202754769762
2025-03-08 14:24:44.560,-9.361280459131332e-05,-0.1260797370890852
2025-03-08 14:24:44.579,-6.506545752186772e-05,0.0342993290423298
2025-03-08 14:24:44.599,-3.664192975615304e-05,0.1666816452220411
2025-03-08 14:24:44.618,-1.1981082358028957e-05,0.2636114352410638
2025-03-08 14:24:44.638,5.890727345336603e-06,0.319520941600709
2025-03-08 14:24:44.657,1.5168717591055734e-05,0.3313810098578831
2025-03-08 14:24:44.677,1.5621727874304766e-05,0.2997080924011452
2025-03-08 14:24:44.697,8.559443823919728e-06,0.2295131129928355
2025-03-08 14:24:44.716,-3.5634030211028754e-06,0.1306226373096917
2025-03-08 14:24:44.736,-1.7765471946509684e-05,0.0169143134231809
2025-03-08 14:24:44.755,-3.12010158992726e-05,-0.0956459354839378
2025-03-08 14:24:44.775,-4.1704027585403247e-05,-0.191838455620085
2025-03-08 14:24:44.794,-4.809347301190499e-05,-0.2602205109021473
2025-03-08 14:24:44.814,-5.0192062872589984e-05,-0.2955551433966655
2025-03-08 14:24:44.833,-4.86231861342662e-05,-0.2999792434249048
2025-03-08 14:24:44.853,-4.454406797828839e-05,-0.2825878095376349
2025-03-08 14:24:44.872,-3.945913366186192e-05,-0.2575201001282086
2025-03-08 14:24:44.892,-3.512641672613843e-05,-0.2409797311419643
2025-03-08 14:24:44.911,-3.34318243722398e-05,-0.2478144451776932
2025-03-08 14:24:44.931,-3.609357657519572e-05,-0.2883105761891651
2025-03-08 14:24:44.950,-4.419365286966692e-05,-0.3657722816501397
2025-03-08 14:24:44.970,-5.770588266224157e-05,-0.4753178309419813
2025-03-08 14:24:44.989,-7.526698916511234e-05,-0.6041664232624562
2025-03-08 14:24:45.009,-9.435677020419592e-05,-0.7335018201350025
2025-03-08 14:24:45.029,-0.0001118607038154,-0.8417568189493447
2025-03-08 14:24:45.048,-0.0001248068090228,-0.9088594055890556
2025-03-08 14:24:45.068,-0.0001310111861495,-0.920670087394757
2025-03-08 14:24:45.087,-0.0001294422225995,-0.8726327594364218
2025-03-08 14:24:45.107,-0.0001202463539433,-0.7716804055262824
2025-03-08 14:24:45.126,-0.0001044947659372,-0.635739595441243
2025-03-08 14:24:45.146,-8.377819870955704e-05,-0.4907125510015049
2025-03-08 14:24:45.165,-5.979270897026245e-05,-0.3654394846400526
2025-03-08 14:24:45.185,-3.40324941934997e-05,-0.2856826830771025
2025-03-08 14:24:45.204,-7.652608117596115e-06,-0.2684785501929282
2025-03-08 14:24:45.224,1.849730991466506e-05,-0.3181829111522834
2025-03-08 14:24:45.243,4.372066182242948e-05,-0.4251707663021311
2025-03-08 14:24:45.263,6.728801911654325e-05,-0.5675165873600903
2025-03-08 14:24:45.282,8.830825136255221e-05,-0.7152410321089806
2025-03-08 14:24:45.302,0.0001057248338889,-0.8360844419194216
2025-03-08 14:24:45.322,0.0001184614908782,-0.9014455605892104
2025-03-08 14:24:45.341,0.0001256867784155,-0.8911849579224316
2025-03-08 14:24:45.361,0.0001271167805212,-0.7963838493536787
2025-03-08 14:24:45.380,0.0001232445132961,-0.619720414088668
2025-03-08 14:24:45.400,0.0001153878020855,-0.3736971843502402
2025-03-08 14:24:45.419,0.0001054931709866,-0.0773825983411732
2025-03-08 14:24:45.439,9.571969905120768e-05,0.2474492997047361
2025-03-08 14:24:45.458,8.79284966224434e-05,0.5798860230246012
2025-03-08 14:24:45.478,8.326682178840326e-05,0.9024266143994404
2025-03-08 14:24:45.497,8.201162008414848e-05,1.2021067563714982
2025-03-08 14:24:45.517,8.372998263676166e-05,1.470194425581181
2025-03-08 14:24:45.536,8.768176823837617e-05,1.700841924863474
2025-03-08 14:24:45.556,9.329386579402762e-05,1.889340040385768
2025-03-08 14:24:45.575,0.0001005074330871,2.030671108210202
2025-03-08 14:24:45.595,0.0001098432608239,2.118898353887136
2025-03-08 14:24:45.615,0.0001221319570867,2.147620153253098
2025-03-08 14:24:45.634,0.000137979138939,2.1113514359074137
2025-03-08 14:24:45.654,0.0001571329668734,2.0073746787276447
2025-03-08 14:24:45.673,0.0001779679796089,1.837431536018008
2025-03-08 14:24:45.693,0.0001973044723015,1.6086689195643944
2025-03-08 14:24:45.712,0.000210739119812,1.3334995790438615
2025-03-08 14:24:45.732,0.0002135321913286,1.0283877544575624
2025-03-08 14:24:45.751,0.0002018812988111,0.7118814134033071
2025-03-08 14:24:45.771,0.0001741983921582,0.4023720331103406
2025-03-08 14:24:45.790,0.0001319219936781,0.1160419903318809
2025-03-08 14:24:45.810,7.951537645805992e-05,-0.1346891668421824
2025-03-08 14:24:45.829,2.3584498433931983e-05,-0.3420922609682437
2025-03-08 14:24:45.849,-2.863217534541414e-05,-0.5034467510458766
2025-03-08 14:24:45.868,-7.093217263060326e-05,-0.6208501710090146
2025-03-08 14:24:45.888,-9.947216730560807e-05,-0.7006546247969573
2025-03-08 14:24:45.907,-0.0001133950172916,-0.7526568654745839
2025-03-08 14:24:45.927,-0.0001146676817573,-0.7891111534273841
2025-03-08 14:24:45.947,-0.0001072819859081,-0.8235577002403797
2025-03-08 14:24:45.966,-9.61198643922782e-05,-0.8694263658806861
2025-03-08 14:24:45.986,-8.581446320883052e-05,-0.9384274337209526
2025-03-08 14:24:46.005,-7.98644455843085e-05,-1.038856798865931
2025-03-08 14:24:46.025,-8.012791587230568e-05,-1.1740529126250316
2025-03-08 14:24:46.044,-8.67036538788907e-05,-1.341284161469319
2025-03-08 14:24:46.064,-9.814740980063826e-05,-1.5312978677758091
2025-03-08 14:24:46.083,-0.0001119500411175,-1.728653243690908
2025-03-08 14:24:46.103,-0.0001251747629605,-1.9128429629855503
2025-03-08 14:24:46.122,-0.0001351101799892,-2.060121032964307
2025-03-08 14:24:46.142,-0.00013978412784,-2.1458972807756256
2025-03-08 14:24:46.161,-0.000138233983873,-2.147499946577245
2025-03-08 14:24:46.181,-0.0001305333592144,-2.047027821891959
2025-03-08 14:24:46.200,-0.0001176665789519,-1.833932105048928
2025-03-08 14:24:46.220,-0.0001013465213063,-1.5069306874565362
2025-03-08 14:24:46.240,-8.379851401916515e-05,-1.0748973043566448
2025-03-08 14:24:46.259,-6.747151476169164e-05,-0.5564894404651435
2025-03-08 14:24:46.279,-5.4646693450475615e-05,0.021534941227214
2025-03-08 14:24:46.298,-4.69746698302057e-05,0.6271410019882844
2025-03-08 14:24:46.318,-4.503889525646572e-05,1.226594228331636
2025-03-08 14:24:46.337,-4.8081305450614206e-05,1.788234715674225
2025-03-08 14:24:46.357,-5.402058482697882e-05,2.285805467524766
2025-03-08 14:24:46.376,-5.983528452182341e-05,2.70072450161222
2025-03-08 14:24:46.396,-6.227807967472758e-05,3.022871970153875
2025-03-08 14:24:46.415,-5.876328566012916e-05,3.249783544176456
2025-03-08 14:24:46.435,-4.818420882333862e-05,3.384522040673161
2025-03-08 14:24:46.454,-3.141306277734368e-05,3.43281747197442
2025-03-08 14:24:46.474,-1.1301406916391234e-05,3.4002216418587063
2025-03-08 14:24:46.493,7.89374863749088e-06,3.2899884646783604
2025-03-08 14:24:46.513,2.1571992009117772e-05,3.1021920487512067
2025-03-08 14:24:46.532,2.605363920987796e-05,2.834276527181541
2025-03-08 14:24:46.552,1.963435886734453e-05,2.4828584450603715
2025-03-08 14:24:46.572,3.079093228878121e-06,2.046273997336348
2025-03-08 14:24:46.591,-2.057830528015675e-05,1.5271899482622415
2025-03-08 14:24:46.611,-4.681933312028916e-05,0.9346314432828297
2025-03-08 14:24:46.630,-7.073042094597766e-05,0.2849766198306959
2025-03-08 14:24:46.650,-8.806361003117057e-05,-0.3982788411194504
2025-03-08 14:24:46.669,-9.59927298980622e-05,-1.0859611961462403
2025-03-08 14:24:46.689,-9.342912973549808e-05,-1.74567097329203
2025-03-08 14:24:46.708,-8.091526913559825e-05,-2.3449369878011224
2025-03-08 14:24:46.728,-6.022440361652194e-05,-2.854669785291362
2025-03-08 14:24:46.747,-3.383782686692088e-05,-3.252446461898742
2025-03-08 14:24:46.767,-4.4546040003977385e-06,-3.525125790995173
2025-03-08 14:24:46.786,2.536708444903391e-05,-3.670308474083433
2025-03-08 14:24:46.806,5.340812989508966e-05,-3.696250027958582
2025-03-08 14:24:46.825,7.785886376454089e-05,-3.620040452905852
2025-03-08 14:24:46.845,9.733013753139235e-05,-3.464204824173795
2025-03-08 14:24:46.865,0.0001108761957672,-3.25230571569074
2025-03-08 14:24:46.884,0.0001180718943827,-3.004504255149921
2025-03-08 14:24:46.904,0.0001191382943404,-2.73418080590952
2025-03-08 14:24:46.923,0.0001150593233494,-2.446510547930685
2025-03-08 14:24:46.943,0.0001075974152093,-2.139360584475766
2025-03-08 14:24:46.962,9.911488841759492e-05,-1.806193708178461
2025-03-08 14:24:46.982,9.21507064190191e-05,-1.4400683408902295
2025-03-08 14:24:47.001,8.878933313776967e-05,-1.0375242935549305
2025-03-08 14:24:47.021,8.99748991363298e-05,-0.6012389660672091
2025-03-08 14:24:47.040,9.5027382979073e-05,-0.1407792768876797
2025-03-08 14:24:47.060,0.000101629142437,0.3286090342087983
2025-03-08 14:24:47.079,0.0001064004339005,0.788653937835393
2025-03-08 14:24:47.099,0.0001059103526678,1.2212638781334844
2025-03-08 14:24:47.118,9.774244185370232e-05,1.6113365895718106
2025-03-08 14:24:47.138,8.121166830871672e-05,1.948447200766657
2025-03-08 14:24:47.158,5.751583262046802e-05,2.227123020704235
2025-03-08 14:24:47.177,2.9356481081663707e-05,2.4458961190150053
2025-03-08 14:24:47.197,2.270790544390762e-07,2.6056986696367788
2025-03-08 14:24:47.216,-2.6401548440373774e-05,2.708297062315157
2025-03-08 14:24:47.236,-4.7800633987417336e-05,2.7553055424833115
2025-03-08 14:24:47.255,-6.245194657556698e-05,2.74796266684458
2025-03-08 14:24:47.275,-7.017424281287236e-05,2.687475247633158
2025-03-08 14:24:47.294,-7.191589231678552e-05,2.575516052541134
2025-03-08 14:24:47.314,-6.932014569396348e-05,2.414483563048925
2025-03-08 14:24:47.333,-6.422216689374447e-05,2.207339719197053
2025-03-08 14:24:47.353,-5.822833084172633e-05,1.95709919913611
2025-03-08 14:24:47.372,-5.2467501933185496e-05,1.6662268077296054
2025-03-08 14:24:47.392,-4.75136409358325e-05,1.336252607340248
2025-03-08 14:24:47.411,-4.339889023909766e-05,0.9678502074847422
2025-03-08 14:24:47.431,-3.9620974760539656e-05,0.561488355886808
2025-03-08 14:24:47.450,-3.512333879976082e-05,0.1186098601291902
2025-03-08 14:24:47.470,-2.8333838730928546e-05,-0.3568439175104738
2025-03-08 14:24:47.490,-1.7384356624999827e-05,-0.8568368534808498
2025-03-08 14:24:47.509,-5.537714571991334e-07,-1.367890723388263
2025-03-08 14:24:47.529,2.316269983753676e-05,-1.8703165763925984
2025-03-08 14:24:47.548,5.3547648301875766e-05,-2.3383270377675003
2025-03-08 14:24:47.568,8.888991859305638e-05,-2.741257989539909
2025-03-08 14:24:47.587,0.0001260187483763,-3.0459994364864094
2025-03-08 14:24:47.607,0.0001606238771797,-3.220553275556317
2025-03-08 14:24:47.626,0.0001878060635468,-3.2384158569286883
2025-03-08 14:24:47.646,0.0002027971073344,-3.0832529648168725
2025-03-08 14:24:47.665,0.0002017729567105,-2.753126083453548
2025-03-08 14:24:47.685,0.0001826461201363,-2.263382546677426
2025-03-08 14:24:47.704,0.0001456800516908,-1.647308729675985
2025-03-08 14:24:47.724,9.374688699247332e-05,-0.9538596493083384
2025-03-08 14:24:47.743,3.208186572597322e-05,-0.2422753630247994
2025-03-08 14:24:47.763,-3.2505836014901466e-05,0.4258857500809179
2025-03-08 14:24:47.783,-9.283682553734044e-05,0.9960117201067208
2025-03-08 14:24:47.802,-0.0001426848020149,1.4291787313810187
2025-03-08 14:24:47.822,-0.0001778592740274,1.708456266390383
2025-03-08 14:24:47.841,-0.0001967715614977,1.8413028270663432
2025-03-08 14:24:47.861,-0.0002003920189516,1.8574491595632472
2025-03-08 14:24:47.880,-0.0001916915369241,1.8027002097033091
2025-03-08 14:24:47.900,-0.0001747771537407,1.7299795192103655
2025-03-08 14:24:47.919,-0.0001539641504532,1.68946446060669
2025-03-08 14:24:47.939,-0.0001329917368295,1.7197289297814238
2025-03-08 14:24:47.958,-0.0001145138527006,1.8414609963638704
2025-03-08 14:24:47.978,-9.9908814719787e-05,2.054688094502975
2025-03-08 14:24:47.997,-8.937444644221686e-05,2.3397008596864084
2025-03-08 14:24:48.017,-8.222337931537775e-05,2.661187188560138
2025-03-08 14:24:48.036,-7.727164338749336e-05,2.9745804855553177
2025-03-08 14:24:48.056,-7.3219840631059e-05,3.23334050432872
2025-03-08 14:24:48.076,-6.895217583572493e-05,3.395842973517656
2025-03-08 14:24:48.095,-6.371417945378542e-05,3.4307592904960496
2025-03-08 14:24:48.115,-5.716527438664674e-05,3.3202228436099586
2025-03-08 14:24:48.134,-4.932995053745112e-05,3.060603635791109
2025-03-08 14:24:48.154,-4.048709365550436e-05,2.661201505214154
2025-03-08 14:24:48.173,-3.104025963262498e-05,2.141483580956553
2025-03-08 14:24:48.193,-2.14044751691276e-05,1.527569860910264
2025-03-08 14:24:48.212,-1.1931331920209525e-05,0.8485545979259221
2025-03-08 14:24:48.232,-2.878210391795415e-06,0.1330623145072328
2025-03-08 14:24:48.251,5.586464538007974e-06,-0.5937038637067239
2025-03-08 14:24:48.271,1.3358969195064007e-05,-1.3122097347633286
2025-03-08 14:24:48.290,2.037650890945774e-05,-2.0099031533115705
2025-03-08 14:24:48.310,2.6609487877269917e-05,-2.681346164299522
2025-03-08 14:24:48.329,3.207662528942282e-05,-3.3269715681386494
2025-03-08 14:24:48.349,3.687869896511834e-05,-3.950440075999517
2025-03-08 14:24:48.368,4.123648254739739e-05,-4.554872930905907
2025-03-08 14:24:48.388,4.5512020440415366e-05,-5.138598054694125
2025-03-08 14:24:48.408,5.019204280821064e-05,-5.691344524170655
2025-03-08 14:24:48.427,5.581910091254539e-05,-6.191912928806335
2025-03-08 14:24:48.447,6.286929503396367e-05,-6.608165338919797
2025-03-08 14:24:48.466,7.159287297580608e-05,-6.8997388181419455
2025-03-08 14:24:48.486,8.185149868750351e-05,-7.023288215389323
2025-03-08 14:24:48.505,9.29986354368057e-05,-6.939453147022461
2025-03-08 14:24:48.525,0.000103852271282,-6.620280592138653
2025-03-08 14:24:48.544,0.0001127984508201,-6.055644799204049
2025-03-08 14:24:48.564,0.0001180387396408,-5.257338876799902
2025-03-08 14:24:48.583,0.0001179575745951,-4.259925620453964
2025-03-08 14:24:48.603,0.0001115434291516,-3.1180198051446717
2025-03-08 14:24:48.622,9.876160657465944e-05,-1.9003005146804623
2025-03-08 14:24:48.642,8.075916769762134e-05,-0.681115632986885
2025-03-08 14:24:48.661,5.97963205801651e-05,0.4690233326101405
2025-03-08 14:24:48.681,3.885179201889411e-05,1.492499425853368
2025-03-08 14:24:48.701,2.0942879355231423e-05,2.3516244736305625
2025-03-08 14:24:48.720,8.321520931905784e-06,3.032346033491304
2025-03-08 14:24:48.740,1.816076186627304e-06,3.543893087594772
2025-03-08 14:24:48.759,6.074316318891954e-07,3.914404020391376
2025-03-08 14:24:48.779,2.587637477727346e-06,4.183400185179429
2025-03-08 14:24:48.798,5.1852264827163375e-06,4.3926371170542176
2025-03-08 14:24:48.818,6.315717453099039e-06,4.577217647327424
2025-03-08 14:24:48.837,5.081530917978809e-06,4.758787746154249
2025-03-08 14:24:48.857,2.003812666934377e-06,4.942153210845885
2025-03-08 14:24:48.876,-1.2135152028388652e-06,5.115862862680944
2025-03-08 14:24:48.896,-2.2450540326384096e-06,5.256404549993642
2025-03-08 14:24:48.915,1.137740091740368e-06,5.334881910969537
2025-03-08 14:24:48.935,1.0323436620699352e-05,5.324557739620215
2025-03-08 14:24:48.954,2.521331298534104e-05,5.207548612300208
2025-03-08 14:24:48.974,4.3839311207639104e-05,4.979232852013939
2025-03-08 14:24:48.993,6.245627220691438e-05,4.649512940566442
2025-03-08 14:24:49.013,7.622803252152676e-05,4.240816008450126
2025-03-08 14:24:49.033,8.039207932325482e-05,3.783452713883596
2025-03-08 14:24:49.052,7.154903477809076e-05,3.3095245422387687
2025-03-08 14:24:49.072,4.864518710666899e-05,2.8468471330521585
2025-03-08 14:24:49.091,1.3336199128861972e-05,2.414272798158578
2025-03-08 14:24:49.111,-3.03475320136948e-05,2.0193592737102826
2025-03-08 14:24:49.130,-7.688814780166607e-05,1.6586551509939014
2025-03-08 14:24:49.150,-0.0001204408069122,1.3201591825265058
2025-03-08 14:24:49.169,-0.0001559683260097,0.9870008297678212
2025-03-08 14:24:49.189,-0.000180117361241,0.6412560183456738
2025-03-08 14:24:49.208,-0.0001917004224509,0.267062156236472
2025-03-08 14:24:49.228,-0.0001917218981802,-0.1473396283592825
2025-03-08 14:24:49.247,-0.0001829347925114,-0.6085709852026084
2025-03-08 14:24:49.267,-0.0001689894061445,-1.1177863688996532
2025-03-08 14:24:49.286,-0.0001533633215798,-1.6707108355943223
2025-03-08 14:24:49.306,-0.0001383920279734,-2.257796449903584
2025-03-08 14:24:49.326,-0.0001247476361849,-2.8643580144901866
2025-03-08 14:24:49.345,-0.0001115638576165,-3.4706582037626954
2025-03-08 14:24:49.365,-9.712458652958253e-05,-4.052043470575304
2025-03-08 14:24:49.384,-7.97923003368759e-05,-4.579381379680695
2025-03-08 14:24:49.404,-5.879922181107696e-05,-5.0201558778029005
2025-03-08 14:24:49.423,-3.464561557926646e-05,-5.340557726199361
2025-03-08 14:24:49.443,-9.023824338761548e-06,-5.5087157192569824
2025-03-08 14:24:49.462,1.5669947274967744e-05,-5.498869072378155
2025-03-08 14:24:49.482,3.706576822784498e-05,-5.295877825874295
2025-03-08 14:24:49.501,5.354331907195308e-05,-4.899160278611853
2025-03-08 14:24:49.521,6.468608436024712e-05,-4.325078552732972
2025-03-08 14:24:49.540,7.129598232924671e-05,-3.6070136530598087
2025-03-08 14:24:49.560,7.497966400113515e-05,-2.792806025076588
2025-03-08 14:24:49.579,7.750379553738585e-05,-1.939749633720972
2025-03-08 14:24:49.599,8.02016666595666e-05,-1.1077977280890337
2025-03-08 14:24:49.619,8.36481233977445e-05,-0.3519976754944088
2025-03-08 14:24:49.638,8.76592907727149e-05,0.2846179172672316
2025-03-08 14:24:49.658,9.153165287390923e-05,0.7764316285196878
2025-03-08 14:24:49.677,9.43793516391528e-05,1.1178777068132042
2025-03-08 14:24:49.697,9.544520397224478e-05,1.322696950063043
2025-03-08 14:24:49.716,9.43073289732373e-05,1.4198425288843688
2025-03-08 14:24:49.736,9.095224703929754e-05,1.446819286072638
2025-03-08 14:24:49.755,8.572556293859747e-05,1.4418814720193132
2025-03-08 14:24:49.775,7.919799294363726e-05,1.4368095573300257
2025-03-08 14:24:49.794,7.199627949923676e-05,1.4517948823972306
2025-03-08 14:24:49.814,6.464709820347428e-05,1.4933393864972977
2025-03-08 14:24:49.833,5.747087659062999e-05,1.5552616806430928
2025-03-08 14:24:49.853,5.054571972412189e-05,1.622175407756434
2025-03-08 14:24:49.872,4.374342630270628e-05,1.6743695729317714
2025-03-08 14:24:49.892,3.682322601168232e-05,1.6929210639687102
2025-03-08 14:24:49.911,2.9556791803511856e-05,1.6640286515223457
2025-03-08 14:24:49.931,2.1851785512175828e-05,1.5818472761519882
2025-03-08 14:24:49.951,1.3841389157150212e-05,1.449422874590463
2025-03-08 14:24:49.970,5.913949813335738e-06,1.2776547735085806
2025-03-08 14:24:49.990,-1.3307190870937404e-06,1.0825659316781162
2025-03-08 14:24:50.009,-7.195274175709708e-06,0.8815316726543619
2025-03-08 14:24:50.029,-1.1047766118067045e-05,0.6894081959377997
2025-03-08 14:24:50.048,-1.2496117933234593e-05,0.5155653034693616
2025-03-08 14:24:50.068,-1.1526756829843184e-05,0.3625728520844566
2025-03-08 14:24:50.087,-8.560591488720632e-06,0.2267672288647623
2025-03-08 14:24:50.107,-4.394147666943339e-06,0.1003168738469484
2025-03-08 14:24:50.126,-2.3734580585838035e-08,-0.0260449741843565
2025-03-08 14:24:50.146,3.6057680585089463e-06,-0.1605549946531393
2025-03-08 14:24:50.165,5.837027716782716e-06,-0.3088681611894333
2025-03-08 14:24:50.185,6.402350416960598e-06,-0.4735355677219325
2025-03-08 14:24:50.204,5.3079683811566175e-06,-0.6541316751362802
2025-03-08 14:24:50.224,2.532807999774796e-06,-0.847438662623288
2025-03-08 14:24:50.244,-2.290114155005696e-06,-1.0472515903112944
2025-03-08 14:24:50.263,-9.990870462952894e-06,-1.2437806567034813
2025-03-08 14:24:50.283,-2.16424856836314e-05,-1.4230623618358833
2025-03-08 14:24:50.302,-3.803980557892229e-05,-1.5670222447309232
2025-03-08 14:24:50.322,-5.908336225160124e-05,-1.6547436418168011
2025-03-08 14:24:50.341,-8.334845338752117e-05,-1.6651217686707247
2025-03-08 14:24:50.361,-0.0001080515997568,-1.5805635785381171
2025-03-08 14:24:50.380,-0.000129462031107,-1.3909234667487596
2025-03-08 14:24:50.400,-0.0001436495415827,-1.096623090014292
2025-03-08 14:24:50.419,-0.0001473768312216,-0.7100005645681119
2025-03-08 14:24:50.439,-0.0001389259542623,-0.254360352965602
2025-03-08 14:24:50.458,-0.0001186651805341,0.2391905677960819
2025-03-08 14:24:50.478,-8.920486231198425e-05,0.736444118637988
2025-03-08 14:24:50.497,-5.506468461665382e-05,1.2052681547121824
2025-03-08 14:24:50.517,-2.188312737443072e-05,1.6201024596342055
2025-03-08 14:24:50.537,4.675343906009906e-06,1.9648116405765583
2025-03-08 14:24:50.556,2.0067737444475788e-05,2.233354136123773
2025-03-08 14:24:50.576,2.181732415214084e-05,2.428263499433404
2025-03-08 14:24:50.595,1.0071215940582346e-05,2.557452939981888
2025-03-08 14:24:50.615,-1.231640254731208e-05,2.630225670206012
2025-03-08 14:24:50.634,-4.020047763656836e-05,2.6535285562157425
2025-03-08 14:24:50.654,-6.704994307916847e-05,2.6293963679562635
2025-03-08 14:24:50.673,-8.624653561715386e-05,2.5542098333370573
2025-03-08 14:24:50.693,-9.252583609809522e-05,2.419903165455254
2025-03-08 14:24:50.712,-8.318009274536716e-05,2.2167415417449603
2025-03-08 14:24:50.732,-5.866932185212146e-05,1.9368984355704515
2025-03-08 14:24:50.751,-2.247477089580522e-05,1.5778950172181143
2025-03-08 14:24:50.771,1.973820910330752e-05,1.1450355114049904
2025-03-08 14:24:50.790,6.14166198464726e-05,0.6522397954641436
2025-03-08 14:24:50.810,9.657566261016844e-05,0.1210634696875401
2025-03-08 14:24:50.829,0.0001211003286347,-0.4218854682217012
2025-03-08 14:24:50.849,0.0001335905034521,-0.9485734401214267
2025-03-08 14:24:50.869,0.0001355069668244,-1.4334479997096805
2025-03-08 14:24:50.888,0.0001305223494736,-1.8568377114396448
2025-03-08 14:24:50.908,0.0001232064804203,-2.2072012993496832
2025-03-08 14:24:50.927,0.0001174142007588,-2.4818444926074816
2025-03-08 14:24:50.947,0.0001149061968237,-2.6860415869063625
2025-03-08 14:24:50.966,0.0001147263414686,-2.8308081765172246
2025-03-08 14:24:50.986,0.0001136231766595,-2.929821828594525
2025-03-08 14:24:51.005,0.000107398359541,-2.9961487290152293
2025-03-08 14:24:51.025,9.26846559778663e-05,-3.039480171246148
2025-03-08 14:24:51.044,6.84912216301096e-05,-3.0644777093909723
2025-03-08 14:24:51.064,3.69558497429986e-05,-3.0705455059652
2025-03-08 14:24:51.083,3.038446794467973e-06,-3.052928371815771
2025-03-08 14:24:51.103,-2.674060931062801e-05,-3.0046026651715247
2025-03-08 14:24:51.122,-4.609949150574007e-05,-2.91817092622438
2025-03-08 14:24:51.142,-5.07679835558401e-05,-2.787030109561158
2025-03-08 14:24:51.162,-3.971936445022223e-05,-2.605454591625637
2025-03-08 14:24:51.181,-1.552090282527624e-05,-2.3677618776764566
2025-03-08 14:24:51.201,1.6295941974234836e-05,-2.0671774114000208
2025-03-08 14:24:51.220,4.865733028466858e-05,-1.6951875726942909
2025-03-08 14:24:51.240,7.470704582223259e-05,-1.2420022419010188
2025-03-08 14:24:51.259,8.93429842294148e-05,-0.698336570611786
2025-03-08 14:24:51.279,9.010093573457118e-05,-0.0582546666943265
2025-03-08 14:24:51.298,7.725926766455002e-05,0.6775371396449664
2025-03-08 14:24:51.318,5.333032679034842e-05,1.4987256095986154
2025-03-08 14:24:51.337,2.223082840450248e-05,2.383508102285829
2025-03-08 14:24:51.357,-1.1621758293811983e-05,3.298357263145241
2025-03-08 14:24:51.376,-4.412640226113569e-05,4.199679351625427
2025-03-08 14:24:51.396,-7.209757181197823e-05,5.03722482126382
2025-03-08 14:24:51.415,-9.353080010785804e-05,5.758749992107565
2025-03-08 14:24:51.435,-0.0001075136105438,6.315201201985102
2025-03-08 14:24:51.454,-0.0001139143293002,6.665659402825147
2025-03-08 14:24:51.474,-0.0001130744465084,6.781429090182105
2025-03-08 14:24:51.494,-0.000105677410565,6.648889141195491
2025-03-08 14:24:51.513,-9.28101010215791e-05,6.270924126347337
2025-03-08 14:24:51.533,-7.609292610607185e-05,5.666859594205675
2025-03-08 14:24:51.552,-5.770998066595447e-05,4.870876235304367
2025-03-08 14:24:51.572,-4.021830492644604e-05,3.9289705454488
2025-03-08 14:24:51.591,-2.6116592159119928e-05,2.894707452372919
2025-03-08 14:24:51.611,-1.7273900579378146e-05,1.824224334275654
2025-03-08 14:24:51.630,-1.4416006670850549e-05,0.771100658823778
2025-03-08 14:24:51.650,-1.6882596767047954e-05,-0.2182665595435544
2025-03-08 14:24:51.669,-2.277089373570437e-05,-1.1082491525057732
2025-03-08 14:24:51.689,-2.942121444304351e-05,-1.876194492348252
2025-03-08 14:24:51.708,-3.407901693407642e-05,-2.513119103800514
2025-03-08 14:24:51.728,-3.45410363219455e-05,-3.022939839868908
2025-03-08 14:24:51.747,-2.963633666166409e-05,-3.420441208474516
2025-03-08 14:24:51.767,-1.9458708772407992e-05,-3.7282855319519177
2025-03-08 14:24:51.787,-5.327382553125675e-06,-3.9734314311261936
2025-03-08 14:24:51.806,1.0499341928362335e-05,-4.183332278715757
2025-03-08 14:24:51.826,2.5298141712786512e-05,-4.3822582087001605
2025-03-08 14:24:51.845,3.645841048861183e-05,-4.588053321508374
2025-03-08 14:24:51.865,4.206303755569055e-05,-4.809618080357661
2025-03-08 14:24:51.884,4.1363072662068376e-05,-5.045381946999383
2025-03-08 14:24:51.904,3.504042781220773e-05,-5.282978490745916
2025-03-08 14:24:51.923,2.5174026082699165e-05,-5.50024183024384
2025-03-08 14:24:51.943,1.487022002723379e-05,-5.667513291115863
2025-03-08 14:24:51.962,7.590694520705797e-06,-5.751090495819251
2025-03-08 14:24:51.982,6.303713079615984e-06,-5.717478755866037
2025-03-08 14:24:52.001,1.2668546623282531e-05,-5.537937553287926
2025-03-08 14:24:52.021,2.648562548626449e-05,-5.192689377251594
2025-03-08 14:24:52.040,4.5574306945087146e-05,-4.674114868886719
2025-03-08 14:24:52.060,6.611714994131382e-05,-3.988327813253975
2025-03-08 14:24:52.080,8.340792697291785e-05,-3.154725756232506
2025-03-08 14:24:52.099,9.286999494032268e-05,-2.203455347710914
2025-03-08 14:24:52.119,9.11310788490655e-05,-1.1711868044639384
2025-03-08 14:24:52.138,7.686624565105698e-05,-0.0960549982566136
2025-03-08 14:24:52.158,5.11361915449382e-05,0.9870755298755284
2025-03-08 14:24:52.177,1.709798746889033e-05,2.0498876491718927
2025-03-08 14:24:52.197,-2.0803336247720115e-05,3.0716894704828355
2025-03-08 14:24:52.216,-5.786096737628221e-05,4.038195765558095
2025-03-08 14:24:52.236,-9.000763128563528e-05,4.938577720288776
2025-03-08 14:24:52.255,-0.0001143795705728,5.761797372204668
2025-03-08 14:24:52.275,-0.0001295221284032,6.493370396951109
2025-03-08 14:24:52.294,-0.000135328843117,7.113526054289782
2025-03-08 14:24:52.314,-0.0001328092450019,7.59735613517606
2025-03-08 14:24:52.333,-0.0001237470773351,7.917070531172499
2025-03-08 14:24:52.353,-0.0001103004659008,8.045986287309004
2025-03-08 14:24:52.372,-9.460373367417822e-05,7.963444228894802
2025-03-08 14:24:52.392,-7.843163117000291e-05,7.659560957713914
2025-03-08 14:24:52.412,-6.297310091436846e-05,7.138673116982967
2025-03-08 14:24:52.431,-4.87392989228381e-05,6.420562644995102
2025-03-08 14:24:52.451,-3.560667856009904e-05,5.539033310915215
2025-03-08 14:24:52.470,-2.2975228162360807e-05,4.538023303134291
2025-03-08 14:24:52.490,-1.0006678113520604e-05,3.4660223398959453
2025-03-08 14:24:52.509,4.101901428844099e-06,2.369957170126661
2025-03-08 14:24:52.529,1.9857558860181426e-05,1.2898099146186226
2025-03-08 14:24:52.548,3.727103191561253e-05,0.2550155600993253
2025-03-08 14:24:52.568,5.575656447623415e-05,-0.7167815933980823
2025-03-08 14:24:52.587,7.415895547846224e-05,-1.6186051491130682
2025-03-08 14:24:52.607,9.091500980473066e-05,-2.451165588491333
2025-03-08 14:24:52.626,0.0001043308599976,-3.218861978814958
2025-03-08 14:24:52.646,0.0001129279886306,-3.925707944482141
2025-03-08 14:24:52.665,0.0001157847981325,-4.572018908195711
2025-03-08 14:24:52.685,0.000112785176697,-5.152456988322488
2025-03-08 14:24:52.705,0.0001046896728192,-5.65572321936468
2025-03-08 14:24:52.724,9.29764535919938e-05,-6.065866868866892
2025-03-08 14:24:52.744,7.946214572425758e-05,-6.364889021989402
2025-03-08 14:24:52.763,6.58015977001021e-05,-6.536091021615772
2025-03-08 14:24:52.783,5.305092947957136e-05,-6.5674937974072645
2025-03-08 14:24:52.802,4.149399269358581e-05,-6.454651376243806
2025-03-08 14:24:52.822,3.081818337440656e-05,-6.20229720780625
2025-03-08 14:24:52.841,2.0521962935042395e-05,-5.824472270380152
2025-03-08 14:24:52.861,1.0300071143248847e-05,-5.343051508913468
2025-03-08 14:24:52.880,2.0843707985744602e-07,-4.784867365797552
2025-03-08 14:24:52.900,-9.393914388904908e-06,-4.177894739618851
2025-03-08 14:24:52.919,-1.797443293160426e-05,-3.5471860139360034
2025-03-08 14:24:52.939,-2.4886131942984965e-05,-2.911378036898961
2025-03-08 14:24:52.958,-2.9348184676432883e-05,-2.2805543858874944
2025-03-08 14:24:52.978,-3.0456639922954176e-05,-1.655982531926494
2025-03-08 14:24:52.998,-2.733003058631369e-05,-1.031802821686112
2025-03-08 14:24:53.017,-1.9392873360729104e-05,-0.3982725440274409
2025-03-08 14:24:53.037,-6.701501884449442e-06,0.254170451280372
2025-03-08 14:24:53.056,9.81338143395614e-06,0.9308797378671676
2025-03-08 14:24:53.076,2.8284452701038107e-05,1.6297901098789982
2025-03-08 14:24:53.095,4.607075421913916e-05,2.3396253721605165
2025-03-08 14:24:53.115,6.013519379643645e-05,3.0398983537366
2025-03-08 14:24:53.134,6.757395681600567e-05,3.70282054432364
2025-03-08 14:24:53.154,6.619365073145035e-05,4.296929221214077
2025-03-08 14:24:53.173,5.500946764387847e-05,4.791869401692896
2025-03-08 14:24:53.193,3.45443070027091e-05,5.163397261593461
2025-03-08 14:24:53.212,6.851087883205545e-06,5.397447779047491
2025-03-08 14:24:53.232,-2.4752680312148056e-05,5.492197044826696
2025-03-08 14:24:53.251,-5.619146069671076e-05,5.457507957934942
2025-03-08 14:24:53.271,-8.330556031190632e-05,5.31185777953178
2025-03-08 14:24:53.290,-0.0001025944274459,5.077558886065242
2025-03-08 14:24:53.310,-0.0001118857791442,4.775553151769777
2025-03-08 14:24:53.330,-0.0001107657503182,4.421151257655864
2025-03-08 14:24:53.349,-0.0001006652774319,4.021804209864054
2025-03-08 14:24:53.369,-8.460043301531558e-05,3.5774339425915014
2025-03-08 14:24:53.388,-6.662069860437763e-05,3.083159325383697
2025-03-08 14:24:53.408,-5.102196692529016e-05,2.533606770715905
2025-03-08 14:24:53.427,-4.140573923434439e-05,1.9275725521900824
2025-03-08 14:24:53.447,-3.975258600094258e-05,1.2717445877248108
2025-03-08 14:24:53.466,-4.577230548258404e-05,0.5825159465411174
2025-03-08 14:24:53.486,-5.67971618615978e-05,-0.1145000287941357
2025-03-08 14:24:53.505,-6.83458149566223e-05,-0.7870410136217083
2025-03-08 14:24:53.525,-7.525418890834046e-05,-1.4002202177215264
2025-03-08 14:24:53.544,-7.306080455517435e-05,-1.921212618334786
2025-03-08 14:24:53.564,-5.923809770485395e-05,-2.323859068845353
2025-03-08 14:24:53.583,-3.391038543241363e-05,-2.5925644577551923
2025-03-08 14:24:53.603,1.232046898916538e-07,-2.7249511406787743
2025-03-08 14:24:53.623,3.8013693676730914e-05,-2.732782009114928
2025-03-08 14:24:53.642,7.391620656816088e-05,-2.640790979342074
2025-03-08 14:24:53.662,0.0001021931641817,-2.483343372171873
2025-03-08 14:24:53.681,0.0001185103564871,-2.2992731091164598
2025-03-08 14:24:53.701,0.0001206278056296,-2.1256803988818884
2025-03-08 14:24:53.720,0.0001087545393163,-1.9917785254005984
2025-03-08 14:24:53.740,8.540958089091787e-05,-1.9139647184184363
2025-03-08 14:24:53.759,5.481718459798624e-05,-1.893135767792572
2025-03-08 14:24:53.779,2.1967369118562347e-05,-1.9148902254268712
2025-03-08 14:24:53.798,-8.423838894712445e-06,-1.9527047132658744
2025-03-08 14:24:53.818,-3.277255535513827e-05,-1.9735406329041116
2025-03-08 14:24:53.837,-4.909092704092539e-05,-1.9447760388024944
2025-03-08 14:24:53.857,-5.7013101174553305e-05,-1.841022675711715
2025-03-08 14:24:53.876,-5.7499482282866095e-05,-1.649392793530169
2025-03-08 14:24:53.896,-5.238804028278243e-05,-1.372143707533091
2025-03-08 14:24:53.915,-4.3910513403529615e-05,-1.026257120157846
2025-03-08 14:24:53.935,-3.422205950576844e-05,-0.6402265061251723
2025-03-08 14:24:53.955,-2.498324188301728e-05,-0.2489287788479552
2025-03-08 14:24:53.974,-1.7079440190301466e-05,0.1122089533076025
2025-03-08 14:24:53.994,-1.0582676980710044e-05,0.4125351938131809
2025-03-08 14:24:54.013,-4.988207587186301e-06,0.6300733442989688
2025-03-08 14:24:54.033,3.713438021981993e-07,0.7535403783217464
2025-03-08 14:24:54.052,5.91750395578096e-06,0.782507279181597
2025-03-08 14:24:54.072,1.1593439568165572e-05,0.7260749398948831
2025-03-08 14:24:54.091,1.6892083131480368e-05,0.6005970732609047
2025-03-08 14:24:54.111,2.1125046728289263e-05,0.4269593088658613
2025-03-08 14:24:54.130,2.3826045885424548e-05,0.2277987445926439
2025-03-08 14:24:54.150,2.51332770343746e-05,0.0249198325155423
2025-03-08 14:24:54.169,2.5992870593677188e-05,-0.1629032173317678
2025-03-08 14:24:54.189,2.8072268224519437e-05,-0.3215512002029184
2025-03-08 14:24:54.208,3.3361758683525124e-05,-0.4424236990262587
2025-03-08 14:24:54.228,4.355669282937187e-05,-0.522412321326612
2025-03-08 14:24:54.248,5.941346895747642e-05,-0.5630062629904172
2025-03-08 14:24:54.267,8.030064214365055e-05,-0.5687738870666681
2025-03-08 14:24:54.287,0.0001040893793619,-0.5456627160909698
2025-03-08 14:24:54.306,0.0001273926414223,-0.499619465611987
2025-03-08 14:24:54.326,0.0001460671739469,-0.4358877850961745
2025-03-08 14:24:54.345,0.0001558833770385,-0.3590434320900154
2025-03-08 14:24:54.365,0.0001533005373266,-0.2735148921268682
2025-03-08 14:24:54.384,0.0001362767380535,-0.1841546949169915
2025-03-08 14:24:54.404,0.0001049620123253,-0.0964356907780493
2025-03-08 14:24:54.423,6.20377122442024e-05,-0.0160139137114803
2025-03-08 14:24:54.443,1.248989614166732e-05,0.0523591313233752
2025-03-08 14:24:54.462,-3.72206116699209e-05,0.1063582181690939
2025-03-08 14:24:54.482,-8.039482137798649e-05,0.1476515878508176
2025-03-08 14:24:54.501,-0.000111393546865,0.1830439463761944
2025-03-08 14:24:54.521,-0.0001266639475478,0.2247477449866115
2025-03-08 14:24:54.541,-0.0001252951743711,0.28945914275351
2025-03-08 14:24:54.560,-0.0001090614546775,0.3961289117574948
2025-03-08 14:24:54.580,-8.202440299584081e-05,0.5625985790704238
2025-03-08 14:24:54.599,-4.981915208198744e-05,0.8015737247917681
2025-03-08 14:24:54.619,-1.875615756866644e-05,1.1166598663334644
2025-03-08 14:24:54.638,5.143462831516313e-06,1.49931564574217
2025-03-08 14:24:54.658,1.7074854372982334e-05,1.927534208922983
2025-03-08 14:24:54.677,1.4235965417632364e-05,2.366838993367457
2025-03-08 14:24:54.697,-3.63796016395932e-06,2.773795110425423
2025-03-08 14:24:54.716,-3.4109112439886166e-05,3.1017366354954907
2025-03-08 14:24:54.736,-7.233853063431968e-05,3.3078775508247764
2025-03-08 14:24:54.755,-0.0001118852256619,3.36053495644886
2025-03-08 14:24:54.775,-0.0001459113514091,3.2449842175015067
2025-03-08 14:24:54.794,-0.0001685464466858,2.9665903781727474
2025-03-08 14:24:54.814,-0.0001760517059223,2.5503431143223376
2025-03-08 14:24:54.833,-0.0001674543870711,2.036683261462757
2025-03-08 14:24:54.853,-0.000144516438085,1.47437463154534
2025-03-08 14:24:54.873,-0.0001111463131751,0.9119223724483072
2025-03-08 14:24:54.892,-7.249552892433727e-05,0.3894472152288589
2025-03-08 14:24:54.912,-3.3959922602526946e-05,-0.0671602270667894
2025-03-08 14:24:54.931,-2.384547811815336e-07,-0.44856932634848
2025-03-08 14:24:54.951,2.5416394956147023e-05,-0.7605084184207961
2025-03-08 14:24:54.970,4.162633100737937e-05,-1.019075517380087
2025-03-08 14:24:54.990,4.891480738137689e-05,-1.2442117467645548
2025-03-08 14:24:55.009,4.934471839678503e-05,-1.452993567282145
2025-03-08 14:24:55.029,4.586147174831115e-05,-1.654308069066272
2025-03-08 14:24:55.048,4.150317587330068e-05,-1.8460853509916284
2025-03-08 14:24:55.068,3.8669393130767264e-05,-2.015680066486204
2025-03-08 14:24:55.087,3.861260391711601e-05,-2.1433087175656094
2025-03-08 14:24:55.107,4.1246409692496336e-05,-2.207755838784239
2025-03-08 14:24:55.126,4.528878289707476e-05,-2.192989461067837
2025-03-08 14:24:55.146,4.8699934113206445e-05,-2.094025124522174
2025-03-08 14:24:55.166,4.932676044212953e-05,-1.9204728872482508
2025-03-08 14:24:55.185,4.561044280512628e-05,-1.6967218561718334
2025-03-08 14:24:55.205,3.715900801974497e-05,-1.4585449325150788
2025-03-08 14:24:55.224,2.4984969593484918e-05,-1.246804027865804
2025-03-08 14:24:55.244,1.130252925528872e-05,-1.099639328546917
2025-03-08 14:24:55.263,-1.0584100707756893e-06,-1.0448520922071938
2025-03-08 14:24:55.283,-9.419523226585938e-06,-1.0940901149963873
2025-03-08 14:24:55.302,-1.1950440695012134e-05,-1.2399958309486894
2025-03-08 14:24:55.322,-8.095900209897529e-06,-1.4568319701819112
2025-03-08 14:24:55.341,1.3555557213094675e-06,-1.704423611606897
2025-03-08 14:24:55.361,1.4541462800220734e-05,-1.9346786039012116
2025-03-08 14:24:55.380,2.903382904458867e-05,-2.099549232599496
2025-03-08 14:24:55.400,4.244225149500105e-05,-2.1591050169433386
2025-03-08 14:24:55.419,5.29595038676492e-05,-2.088388988457738
2025-03-08 14:24:55.439,5.971944839191242e-05,-1.8819021367080384
2025-03-08 14:24:55.459,6.288370381649769e-05,-1.554889942621129
2025-03-08 14:24:55.478,6.343810001300181e-05,-1.1410893555930672
2025-03-08 14:24:55.498,6.275571531929324e-05,-0.6872027639104388
2025-03-08 14:24:55.517,6.205943639435483e-05,-0.2449997625190533
2025-03-08 14:24:55.537,6.196753931962569e-05,0.1375403310321063
2025-03-08 14:24:55.556,6.228794798095766e-05,0.424384070262476
2025-03-08 14:24:55.576,6.212330636913696e-05,0.59733559781022
2025-03-08 14:24:55.595,6.02172605679366e-05,0.6585470562849842
2025-03-08 14:24:55.615,5.5399830202826566e-05,0.6292290393941458
2025-03-08 14:24:55.634,4.699262094009441e-05,0.5449357389093534
2025-03-08 14:24:55.654,3.506439995866638e-05,0.4485004531931737
2025-03-08 14:24:55.673,2.046669335147743e-05,0.3821393870432584
2025-03-08 14:24:55.693,4.647376446407808e-06,0.3803221419759792
2025-03-08 14:24:55.712,-1.0675302947137278e-05,0.4647159125016711
2025-03-08 14:24:55.732,-2.384573290682505e-05,0.641935218579365
2025-03-08 14:24:55.751,-3.350209072612985e-05,0.9041343512690844
2025-03-08 14:24:55.771,-3.868657979511917e-05,1.2318592998610358
2025-03-08 14:24:55.791,-3.890225335022304e-05,1.5981865120294527
2025-03-08 14:24:55.810,-3.41873042537824e-05,1.973082926561428
2025-03-08 14:24:55.830,-2.5202816465629687e-05,2.3270966686160834
2025-03-08 14:24:55.849,-1.3262004499257625e-05,2.633848233218369
2025-03-08 14:24:55.869,-2.2709978604747083e-07,2.8712374726517065
2025-03-08 14:24:55.888,1.1749829889131743e-05,3.021701036940645
2025-03-08 14:24:55.908,2.0604010923232735e-05,3.072128488905292
2025-03-08 14:24:55.927,2.4766434939534363e-05,3.014072769975126
2025-03-08 14:24:55.947,2.349300372335305e-05,2.8446405307419784
2025-03-08 14:24:55.966,1.701093412627583e-05,2.567995845829777
2025-03-08 14:24:55.986,6.42168226562025e-06,2.19693170013806
2025-03-08 14:24:56.005,-6.625495714917732e-06,1.7536654844179609
2025-03-08 14:24:56.025,-2.0390999696224747e-05,1.2690476875005057
2025-03-08 14:24:56.044,-3.348645966058533e-05,0.7797614176917517
2025-03-08 14:24:56.064,-4.516908868074238e-05,0.3237167035279188
2025-03-08 14:24:56.084,-5.541035796711869e-05,-0.0655138374139999
2025-03-08 14:24:56.103,-6.47140770712108e-05,-0.3639533882388122
2025-03-08 14:24:56.123,-7.372695659105244e-05,-0.5608755022169207
2025-03-08 14:24:56.142,-8.2778992786839e-05,-0.6599254345716381
2025-03-08 14:24:56.162,-9.155238372518064e-05,-0.6774316695463003
2025-03-08 14:24:56.181,-9.903529453562763e-05,-0.6383697506749801
2025-03-08 14:24:56.201,-0.0001037818953451,-0.5710429414849311
2025-03-08 14:24:56.220,-0.0001043589999904,-0.501825086377168
2025-03-08 14:24:56.240,-9.979474407977456e-05,-0.451187676038737
2025-03-08 14:24:56.259,-8.987342354214706e-05,-0.4317617640759155
2025-03-08 14:24:56.279,-7.520103128102844e-05,-0.4485352701861837
2025-03-08 14:24:56.298,-5.704849777065671e-05,-0.5006693176831599
2025-03-08 14:24:56.318,-3.703890945198564e-05,-0.5840170921986182
2025-03-08 14:24:56.337,-1.6775510538552062e-05,-0.6933526008362807
2025-03-08 14:24:56.357,2.488717258701231e-06,-0.8235694556637967
2025-03-08 14:24:56.376,2.005652445074007e-05,-0.9695906873847892
2025-03-08 14:24:56.396,3.581611363329227e-05,-1.1252686941404884
2025-03-08 14:24:56.416,5.008584925536105e-05,-1.281971775961373
2025-03-08 14:24:56.435,6.330956501713909e-05,-1.427717413568664
2025-03-08 14:24:56.455,7.568109094405819e-05,-1.5475606967145024
2025-03-08 14:24:56.474,8.681272913296178e-05,-1.6255053945856068
2025-03-08 14:24:56.494,9.558374735835251e-05,-1.6476021574948518
2025-03-08 14:24:56.513,0.000100290791562,-1.6053455816579774
2025-03-08 14:24:56.533,9.913824056429952e-05,-1.49821035436724
2025-03-08 14:24:56.552,9.094801408417892e-05,-1.3343219422967538
2025-03-08 14:24:56.572,7.581049597082549e-05,-1.1288169357988855
2025-03-08 14:24:56.591,5.535959091283396e-05,-0.9002207192455713
2025-03-08 14:24:56.611,3.249069492958617e-05,-0.665874679811553
2025-03-08 14:24:56.630,1.0592582474083827e-05,-0.4378209799605044
2025-03-08 14:24:56.650,-7.400469996052694e-06,-0.2204535684430087
2025-03-08 14:24:56.669,-1.9747209488861048e-05,-0.0106920106202462
2025-03-08 14:24:56.689,-2.6161527676267487e-05,0.1993832196537596
2025-03-08 14:24:56.709,-2.757757204226707e-05,0.4182955011935153
2025-03-08 14:24:56.728,-2.560777913144576e-05,0.650706549653548
2025-03-08 14:24:56.748,-2.1945850761770342e-05,0.8941444572590879
2025-03-08 14:24:56.767,-1.7898380308892916e-05,1.1379537659336971
2025-03-08 14:24:56.787,-1.4129832175267872e-05,1.3648015081824751
2025-03-08 14:24:56.806,-1.0641466434203958e-05,1.5543038808156848
2025-03-08 14:24:56.826,-6.9676572980485554e-06,1.687720412495451
2025-03-08 14:24:56.845,-2.532309559885632e-06,1.7523708594465464
2025-03-08 14:24:56.865,2.944320437164473e-06,1.74454344038096
2025-03-08 14:24:56.884,9.138527992603594e-06,1.6701335862653812
2025-03-08 14:24:56.904,1.5048927521601234e-05,1.5429159243701105
2025-03-08 14:24:56.923,1.9192928626748203e-05,1.3809898771083968
2025-03-08 14:24:56.943,1.9992128914823435e-05,1.2023641068534687
2025-03-08 14:24:56.962,1.6205637777660922e-05,1.020771070839602
2025-03-08 14:24:56.982,7.2861626170573476e-06,0.8426601205284834
2025-03-08 14:24:57.002,-6.424670163615402e-06,0.66600246190129
2025-03-08 14:24:57.021,-2.369838485934324e-05,0.4811457462094403
2025-03-08 14:24:57.041,-4.2597293391048326e-05,0.273539406051738
2025-03-08 14:24:57.060,-6.07644374940744e-05,0.0277643229199852
2025-03-08 14:24:57.080,-7.576353352127962e-05,-0.2679932042441536
2025-03-08 14:24:57.099,-8.541796341204651e-05,-0.6180101245971897
2025-03-08 14:24:57.119,-8.809171823494391e-05,-1.016530503706768
2025-03-08 14:24:57.138,-8.285945658113605e-05,-1.4472783827704347
2025-03-08 14:24:57.158,-6.955171148785935e-05,-1.8850830455112688
2025-03-08 14:24:57.177,-4.871003594388996e-05,-2.2992338979075857
2025-03-08 14:24:57.197,-2.1509723503986523e-05,-2.6578234725797505
2025-03-08 14:24:57.216,1.030474795447471e-05,-2.9321986464498173
2025-03-08 14:24:57.236,4.44620081874844e-05,-3.1007373512727083
2025-03-08 14:24:57.255,7.82140429891573e-05,-3.151439437569341
2025-03-08 14:24:57.275,0.0001084504983031,-3.0831468199329577
2025-03-08 14:24:57.294,0.000131932493934,-2.905458243818192
2025-03-08 14:24:57.314,0.0001456703134977,-2.6375015056937605
2025-03-08 14:24:57.334,0.0001474142064391,-2.3056977159758585
2025-03-08 14:24:57.353,0.000136164543737,-1.9406117273078285
2025-03-08 14:24:57.373,0.0001125598678913,-1.573048799438232
2025-03-08 14:24:57.392,7.899422089029681e-05,-1.229766718239437
2025-03-08 14:24:57.412,3.936674035645349e-05,-0.929448388049784
2025-03-08 14:24:57.431,-1.5291036825176012e-06,-0.6797702215290673
2025-03-08 14:24:57.451,-3.8852358418625e-05,-0.4763586173361891
2025-03-08 14:24:57.470,-6.8593381324053e-05,-0.3040892427687941
2025-03-08 14:24:57.490,-8.8260752246331e-05,-0.140622289097895
2025-03-08 14:24:57.509,-9.71951344633244e-05,0.0385356074831691
2025-03-08 14:24:57.529,-9.643163796041422e-05,0.2545794807421837
2025-03-08 14:24:57.548,-8.817035666148263e-05,0.5208030335408925
2025-03-08 14:24:57.568,-7.503495545022088e-05,0.8398370717834004
2025-03-08 14:24:57.587,-5.935532002500979e-05,1.2032228577161503
2025-03-08 14:24:57.607,-4.268956549977319e-05,1.5932188856502547
2025-03-08 14:24:57.627,-2.5715835573176338e-05,1.9862082223767228
2025-03-08 14:24:57.646,-8.499020146433974e-06,2.3567393875973703
2025-03-08 14:24:57.666,8.997430285125503e-06,2.681190574652792
2025-03-08 14:24:57.685,2.6384258569772845e-05,2.9403151536381644
2025-03-08 14:24:57.705,4.254121330266965e-05,3.1204099416114186
2025-03-08 14:24:57.724,5.566282378993477e-05,3.213347426563843
2025-03-08 14:24:57.744,6.362011556271592e-05,3.216023320241158
2025-03-08 14:24:57.763,6.44930906111982e-05,3.129792209162949
2025-03-08 14:24:57.783,5.711788345574307e-05,2.960242203794958
2025-03-08 14:24:57.802,4.152662351709945e-05,2.71733446838142
2025-03-08 14:24:57.822,1.9174945280137318e-05,2.415654469568293
2025-03-08 14:24:57.841,-7.134749584802982e-06,2.0743814826735294
2025-03-08 14:24:57.861,-3.366839691701025e-05,1.7165992966353998
2025-03-08 14:24:57.880,-5.644541021086442e-05,1.3677105935427687
2025-03-08 14:24:57.900,-7.202690536911904e-05,1.0529321172125754
2025-03-08 14:24:57.920,-7.819524626700121e-05,0.7940982354459197
2025-03-08 14:24:57.939,-7.434769174495724e-05,0.6062529856882913
2025-03-08 14:24:57.959,-6.152570718926813e-05,0.4947129512395388
2025-03-08 14:24:57.978,-4.211383941001255e-05,0.4533537503598123
2025-03-08 14:24:57.998,-1.9321176697269856e-05,0.4647362193796355
2025-03-08 14:24:58.017,3.411886848858253e-06,0.5023370323564916
2025-03-08 14:24:58.037,2.295231193557092e-05,0.5346669128778871
2025-03-08 14:24:58.056,3.687207599610638e-05,0.5305864409324377
2025-03-08 14:24:58.076,4.367645000685797e-05,0.4647986895927807
2025-03-08 14:24:58.095,4.2893246934661776e-05,0.3224015851966805
2025-03-08 14:24:58.115,3.508900234454205e-05,0.1015563107838586
2025-03-08 14:24:58.134,2.1855571473066023e-05,-0.1862611279552529
2025-03-08 14:24:58.154,5.724078432414943e-06,-0.5184139438194485
2025-03-08 14:24:58.173,-1.0116721835005266e-05,-0.8651265818919464
2025-03-08 14:24:58.193,-2.238843905852477e-05,-1.194472825593086
2025-03-08 14:24:58.212,-2.8501382886231e-05,-1.477312459393478
2025-03-08 14:24:58.232,-2.727515408953393e-05,-1.6912981007585186
2025-03-08 14:24:58.252,-1.927342435601871e-05,-1.8234018848894649
2025-03-08 14:24:58.271,-6.570205354169421e-06,-1.8708142344341772
2025-03-08 14:24:58.291,7.960195874260491e-06,-1.8404117533645097
2025-03-08 14:24:58.310,2.1510472445152965e-05,-1.7471759903893571
2025-03-08 14:24:58.330,3.201845317378754e-05,-1.6119517715084226
2025-03-08 14:24:58.349,3.848187721419051e-05,-1.4588372494758657
2025-03-08 14:24:58.369,4.095201411078295e-05,-1.312399326902684
2025-03-08 14:24:58.388,4.034692328411568e-05,-1.1948664847314143
2025-03-08 14:24:58.408,3.817756891797073e-05,-1.1234733667906132
2025-03-08 14:24:58.427,3.618146534882154e-05,-1.1082017797504935
2025-03-08 14:24:58.447,3.582893462948469e-05,-1.1502506720930277
2025-03-08 14:24:58.466,3.775840939951575e-05,-1.2416144906266076
2025-03-08 14:24:58.486,4.133896634583552e-05,-1.3660778800258968
2025-03-08 14:24:58.505,4.460324049958684e-05,-1.5017009673581612
2025-03-08 14:24:58.525,4.4665914596912406e-05,-1.624511069499898
2025-03-08 14:24:58.545,3.852533507399479e-05,-1.7127476399508474
2025-03-08 14:24:58.564,2.399240035985276e-05,-1.7507664602005526
2025-03-08 14:24:58.584,4.720573151497212e-07,-1.731700572773118
2025-03-08 14:24:58.603,-3.061013031156747e-05,-1.6582264422476098
2025-03-08 14:24:58.623,-6.585716155371815e-05,-1.5412347450910089
2025-03-08 14:24:58.642,-0.0001004407134053,-1.3967341298271885
2025-03-08 14:24:58.662,-0.0001290086571536,-1.241775693739584
2025-03-08 14:24:58.681,-0.0001467187740595,-1.090438557709644
2025-03-08 14:24:58.701,-0.0001501391246514,-0.9508806599566416
2025-03-08 14:24:58.720,-0.0001378376342228,-0.8241444094317693
2025-03-08 14:24:58.740,-0.000110596228769,-0.704912388206624
2025-03-08 14:24:58.759,-7.126908454368206e-05,-0.5838786906161347
2025-03-08 14:24:58.779,-2.434711753349955e-05,-0.4509868830672866
2025-03-08 14:24:58.798,2.469303694624902e-05,-0.2986042239370877
2025-03-08 14:24:58.818,7.016547479496606e-05,-0.123797229424359
2025-03-08 14:24:58.837,0.0001069643320257,0.070809387743774
2025-03-08 14:24:58.857,0.0001312296760025,0.27769424607473
2025-03-08 14:24:58.877,0.0001407676176477,0.4863405658557058
2025-03-08 14:24:58.896,0.0001351798707836,0.6858275446288777
2025-03-08 14:24:58.916,0.0001157578606838,0.8674535396786384
2025-03-08 14:24:58.935,8.523907102347737e-05,1.0267905125155214
2025-03-08 14:24:58.955,4.748402515141267e-05,1.1647535037336398
2025-03-08 14:24:58.974,7.066543334541697e-06,1.2875066494811276
2025-03-08 14:24:58.994,-3.125204537669331e-05,1.4052513275427534
2025-03-08 14:24:59.013,-6.314960989104475e-05,1.5301233962149217
2025-03-08 14:24:59.033,-8.537934739038422e-05,1.673571222777034
2025-03-08 14:24:59.052,-9.626996354683872e-05,1.8436973891232629
2025-03-08 14:24:59.072,-9.594528999132805e-05,2.0430903472767223
2025-03-08 14:24:59.091,-8.618213078300989e-05,2.2675982237661705
2025-03-08 14:24:59.111,-6.993717908053113e-05,2.5063007588215256
2025-03-08 14:24:59.130,-5.0676482477932336e-05,2.7426755335593125
2025-03-08 14:24:59.150,-3.166680590827451e-05,2.956710755735476
2025-03-08 14:24:59.170,-1.5348049482813334e-05,3.127549380726185
2025-03-08 14:24:59.189,-2.878078355282525e-06,3.2361931285651107
2025-03-08 14:24:59.209,6.044365683306375e-06,3.2678574037846704
2025-03-08 14:24:59.228,1.2981066917235425e-05,3.213715625951608
2025-03-08 14:24:59.248,2.017722847190406e-05,3.0719301250524627
2025-03-08 14:24:59.267,2.9750560338521427e-05,2.8479572738697807
2025-03-08 14:24:59.287,4.289174116812037e-05,2.55410476396251
2025-03-08 14:24:59.306,5.931820015256412e-05,2.208256320007425
2025-03-08 14:24:59.326,7.713887531716586e-05,1.8316715664919516
2025-03-08 14:24:59.345,9.317162653477296e-05,1.4459140726220192
2025-03-08 14:24:59.365,0.0001036406950157,1.0692678070477164
2025-03-08 14:24:59.384,0.0001050878146658,0.7133593692939297
2025-03-08 14:24:59.404,9.527225290410416e-05,0.3809186640412427
2025-03-08 14:24:59.423,7.382582518390544e-05,0.0655119701160835
2025-03-08 14:24:59.443,4.247957548987201e-05,-0.2463770200104317
2025-03-08 14:24:59.463,4.791538001460642e-06,-0.5712306695053267
2025-03-08 14:24:59.482,-3.4543664831723024e-05,-0.9233193560545848
2025-03-08 14:24:59.502,-7.059731504933913e-05,-1.3098143412990522
2025-03-08 14:24:59.521,-9.908637628531724e-05,-1.7275042408062946
2025-03-08 14:24:59.541,-0.0001170608616483,-2.1619983993610323
2025-03-08 14:24:59.560,-0.0001233091903259,-2.589630973865245
2025-03-08 14:24:59.580,-0.0001184365465818,-2.981567181164412
2025-03-08 14:24:59.599,-0.0001046072622772,-3.3090510037816347
2025-03-08 14:24:59.619,-8.500075554722287e-05,-3.5484802859324263
2025-03-08 14:24:59.638,-6.309463716221607e-05,-3.685131429480101
2025-03-08 14:24:59.658,-4.1927227056965074e-05,-3.714831921889739
2025-03-08 14:24:59.677,-2.349471858239453e-05,-3.643511250260326
2025-03-08 14:24:59.697,-8.411084537837306e-06,-3.485110846221923
2025-03-08 14:24:59.716,4.090263559322144e-06,-3.258621904649704
2025-03-08 14:24:59.736,1.579797101134996e-05,-2.98500459706472
2025-03-08 14:24:59.755,2.886459708031325e-05,-2.6845220790679463
2025-03-08 14:24:59.775,4.4979559677311824e-05,-2.374761103769808
2025-03-08 14:24:59.795,6.456941676779126e-05,-2.069429525549865
2025-03-08 14:24:59.814,8.626475539179493e-05,-1.7779365492514865
2025-03-08 14:24:59.834,0.0001068643873852,-1.505708599518336
2025-03-08 14:24:59.853,0.0001219250428818,-1.2551029873398862
2025-03-08 14:24:59.873,0.0001268982061921,-1.0266493753902006
2025-03-08 14:24:59.892,0.0001185012056238,-0.8202417470640225
2025-03-08 14:24:59.912,9.587468798472118e-05,-0.6358996970172184
2025-03-08 14:24:59.931,6.111911528032947e-05,-0.4738443705893976
2025-03-08 14:24:59.951,1.9002221052665724e-05,-0.3338536855422573
2025-03-08 14:24:59.970,-2.4086935566062507e-05,-0.2141065062814883
2025-03-08 14:24:59.990,-6.160050221711653e-05,-0.1099337582237412
2025-03-08 14:25:00.009,-8.824961946380636e-05,-0.0130114761897473
2025-03-08 14:25:00.029,-0.0001009800696872,0.088496042596246
2025-03-08 14:25:00.048,-9.930592213939998e-05,0.2085382328595122
2025-03-08 14:25:00.068,-8.502220940264949e-05,0.360580135753184
2025-03-08 14:25:00.088,-6.147916608486365e-05,0.5542854283027999
2025-03-08 14:25:00.107,-3.267435582277148e-05,0.7923175338673514
2025-03-08 14:25:00.127,-2.4123210118876997e-06,1.068238351805232
2025-03-08 14:25:00.146,2.6283191150255308e-05,1.366321595003555
2025-03-08 14:25:00.166,5.141417163082252e-05,1.663635961074344
2025-03-08 14:25:00.185,7.191897483518141e-05,1.934115792729145
2025-03-08 14:25:00.205,8.73395349499257e-05,2.1537304759965905
2025-03-08 14:25:00.224,9.738986158680716e-05,2.305495100426369
2025-03-08 14:25:00.244,0.0001015916832008,2.383053911276101
2025-03-08 14:25:00.263,9.913192187420352e-05,2.3919135406491927
2025-03-08 14:25:00.283,8.904517499757253e-05,2.348001454980288
2025-03-08 14:25:00.302,7.071272092135276e-05,2.2739071241973763
2025-03-08 14:25:00.322,4.4505421621515134e-05,2.1937316949182453
2025-03-08 14:25:00.341,1.2264221324245406e-05,2.127759115279197
2025-03-08 14:25:00.361,-2.267519030496015e-05,2.0881039726375565
2025-03-08 14:25:00.381,-5.6016574193700135e-05,2.076161478554729
2025-03-08 14:25:00.400,-8.34362657795575e-05,2.082239799903216
2025-03-08 14:25:00.420,-0.0001015794456294,2.0873328513580525
2025-03-08 14:25:00.439,-0.0001087826291366,2.0666504815078626
2025-03-08 14:25:00.459,-0.0001053242792487,1.9942626406917623
2025-03-08 14:25:00.478,-9.318577609762006e-05,1.8480399235160072
2025-03-08 14:25:00.498,-7.544871196244466e-05,1.6140220965967105
2025-03-08 14:25:00.517,-5.5531285764774685e-05,1.2894560505312458
2025-03-08 14:25:00.537,-3.647652491165568e-05,0.8840047292217832
2025-03-08 14:25:00.556,-2.046096901915765e-05,0.4189713206286719
2025-03-08 14:25:00.576,-8.612233791794836e-06,-0.0752799397606163
2025-03-08 14:25:00.595,-1.1265444307760996e-06,-0.5632582849579095
2025-03-08 14:25:00.615,2.416898993359578e-06,-1.0090187055714492
2025-03-08 14:25:00.634,2.7084448129394507e-06,-1.3808832915013252
2025-03-08 14:25:00.654,4.7600879729241363e-07,-1.6555392534199354
2025-03-08 14:25:00.673,-3.585843440337297e-06,-1.820931896299676
2025-03-08 14:25:00.693,-8.8038470860498e-06,-1.877529582510721
2025-03-08 14:25:00.713,-1.4546542788750096e-05,-1.8377648297552784
2025-03-08 14:25:00.732,-2.031329548660768e-05,-1.723737363184722
2025-03-08 14:25:00.752,-2.5822358392409924e-05,-1.5635550886201957
2025-03-08 14:25:00.771,-3.101431942266464e-05,-1.3869224055995997
2025-03-08 14:25:00.791,-3.596949470928073e-05,-1.2207115077916206
2025-03-08 14:25:00.810,-4.080308689189173e-05,-1.08525077650647
2025-03-08 14:25:00.830,-4.557485003290808e-05,-0.9919335158058472
2025-03-08 14:25:00.849,-5.019638321876614e-05,-0.9425019393104206
2025-03-08 14:25:00.869,-5.43328702399244e-05,-0.9300350627343444
2025-03-08 14:25:00.888,-5.735192315757047e-05,-0.9413378643907636
2025-03-08 14:25:00.908,-5.837639469761493e-05,-0.9601731729991688
2025-03-08 14:25:00.927,-5.643538629327718e-05,-0.9706515000901088
2025-03-08 14:25:00.947,-5.065110703857149e-05,-0.9601162588445732
2025-03-08 14:25:00.966,-4.039898275769485e-05,-0.921024736214652
2025-03-08 14:25:00.986,-2.5414942706777923e-05,-0.8515942244261726
2025-03-08 14:25:01.006,-5.857132923459724e-06,-0.7552857061469496
2025-03-08 14:25:01.025,1.765870978082467e-05,-0.6394370933243801
2025-03-08 14:25:01.045,4.403870954972466e-05,-0.5134645425507758
2025-03-08 14:25:01.064,7.171192451445461e-05,-0.3870272250458395
2025-03-08 14:25:01.084,9.867761649826288e-05,-0.2684562392267199
2025-03-08 14:25:01.103,0.0001226304406816,-0.1636379848651911
2025-03-08 14:25:01.123,0.0001411854925514,-0.0754416046346326
2025-03-08 14:25:01.142,0.0001521979655946,-0.0036946288314078
2025-03-08 14:25:01.162,0.0001541338178009,0.0543571459861907
2025-03-08 14:25:01.181,0.0001464106014695,0.1032147004754386
2025-03-08 14:25:01.201,0.0001296076074515,0.1480412074352086
2025-03-08 14:25:01.220,0.0001054580754682,0.1934503127402445
2025-03-08 14:25:01.240,7.659274575785914e-05,0.2423031504101807
2025-03-08 14:25:01.259,4.609076851247101e-05,0.2947112012131252
2025-03-08 14:25:01.279,1.6968338456430963e-05,0.347524295274223
2025-03-08 14:25:01.299,-8.248440922052451e-06,0.3945956319548399
2025-03-08 14:25:01.318,-2.777189971432302e-05,0.427976654368119
2025-03-08 14:25:01.338,-4.061741648123883e-05,0.4399101765841396
2025-03-08 14:25:01.357,-4.655356390303111e-05,0.4251661314339263
2025-03-08 14:25:01.377,-4.601732208506014e-05,0.3830511441401655
2025-03-08 14:25:01.396,-4.002482738452437e-05,0.3184384897359433
2025-03-08 14:25:01.416,-3.0060441431621484e-05,0.241429560452508
2025-03-08 14:25:01.435,-1.7924171523508714e-05,0.1656765065208621
2025-03-08 14:25:01.455,-5.544717833698788e-06,0.1058019785079451
2025-03-08 14:25:01.474,5.211746110326956e-06,0.0745922436905401
2025-03-08 14:25:01.494,1.2704598711625091e-05,0.0806431742481522
2025-03-08 14:25:01.513,1.5639467161315512e-05,0.1269375090319543
2025-03-08 14:25:01.533,1.316433037613928e-05,0.2105322787841089
2025-03-08 14:25:01.552,4.982673063899062e-06,0.3232560234481488
2025-03-08 14:25:01.572,-8.495759427757454e-06,0.4531358164073645
2025-03-08 14:25:01.591,-2.602324390181288e-05,0.5862145022814977
2025-03-08 14:25:01.611,-4.552950248597891e-05,0.7084524279638235
2025-03-08 14:25:01.631,-6.43912191039747e-05,0.807488923741432
2025-03-08 14:25:01.650,-7.994392561606232e-05,0.8741197325740433
2025-03-08 14:25:01.670,-9.009092578941018e-05,0.9033897314718
2025-03-08 14:25:01.689,-9.37935852744468e-05,0.8951965472302308
2025-03-08 14:25:01.709,-9.125311000415168e-05,0.8542843490833559
2025-03-08 14:25:01.728,-8.371614103217193e-05,0.7895315906143204
2025-03-08 14:25:01.748,-7.300483513855832e-05,0.712528329447464
2025-03-08 14:25:01.767,-6.098328493562418e-05,0.6355820895187325
2025-03-08 14:25:01.787,-4.915149213999447e-05,0.5694468681401679
2025-03-08 14:25:01.806,-3.844109504609213e-05,0.5211945469286894
2025-03-08 14:25:01.826,-2.9179586693029655e-05,0.4926999944464867
2025-03-08 14:25:01.845,-2.1155472939614947e-05,0.4801535337017893
2025-03-08 14:25:01.865,-1.3738905102725156e-05,0.4748258683641823
2025-03-08 14:25:01.884,-6.046260450026652e-06,0.4650075128856534
2025-03-08 14:25:01.904,2.84467522739148e-06,0.4387018982281114
2025-03-08 14:25:01.924,1.362929542401853e-05,0.3863922112097296
2025-03-08 14:25:01.943,2.649306148181674e-05,0.3031456982789923
2025-03-08 14:25:01.963,4.089047384361383e-05,0.1895095611143457
2025-03-08 14:25:01.982,5.549892361652581e-05,0.0510259221207318
2025-03-08 14:25:02.002,6.843141402377183e-05,-0.1033900385415795
2025-03-08 14:25:02.021,7.768072811871943e-05,-0.2636528647692724
2025-03-08 14:25:02.041,8.163344928879829e-05,-0.4206244292004844
2025-03-08 14:25:02.060,7.944199063928329e-05,-0.5675870360062756
2025-03-08 14:25:02.080,7.112646119701055e-05,-0.7007771559349075
2025-03-08 14:25:02.099,5.7441771883286185e-05,-0.8190094821590799
2025-03-08 14:25:02.119,3.967248398917767e-05,-0.922706830912015
2025-03-08 14:25:02.138,1.9512582213072704e-05,-1.0128172797741142
2025-03-08 14:25:02.158,-9.42029413616516e-07,-1.09009308225656
2025-03-08 14:25:02.177,-1.919871724310096e-05,-1.155020658497818
2025-03-08 14:25:02.197,-3.2516224590295226e-05,-1.2083891018212851
2025-03-08 14:25:02.216,-3.826089857335925e-05,-1.2521884174668183
2025-03-08 14:25:02.236,-3.441662735644015e-05,-1.290365908866286
2025-03-08 14:25:02.256,-2.011646442090773e-05,-1.3289993223998238
2025-03-08 14:25:02.275,3.945760647350678e-06,-1.3756293482258877
2025-03-08 14:25:02.295,3.533376785477978e-05,-1.4377344823563285
2025-03-08 14:25:02.314,6.998519779329e-05,-1.5205496512061876
2025-03-08 14:25:02.334,0.0001026508740965,-1.6246104060054554
2025-03-08 14:25:02.353,0.000127631973834,-1.7435602937221923
2025-03-08 14:25:02.373,0.0001397304150387,-1.8628651511812
2025-03-08 14:25:02.392,0.0001352633505276,-1.960056098478608
2025-03-08 14:25:02.412,0.0001129385419961,-2.006899922107522
2025-03-08 14:25:02.431,7.436650871125422e-05,-1.9734720451081145
2025-03-08 14:25:02.451,2.402321093615957e-05,-1.833577250885212
2025-03-08 14:25:02.470,-3.1408993150208904e-05,-1.5704830836007284
2025-03-08 14:25:02.490,-8.421717185109094e-05,-1.181664183473676
2025-03-08 14:25:02.509,-0.0001270705188384,-0.6813183655777182
2025-03-08 14:25:02.529,-0.000154312563702,-0.0998339391168544
2025-03-08 14:25:02.549,-0.0001628423607607,0.5199192110237311
2025-03-08 14:25:02.568,-0.0001524559784819,1.1288200467864022
2025-03-08 14:25:02.588,-0.0001256803779497,1.6789625161342636
2025-03-08 14:25:02.607,-8.722786585051796e-05,2.130792035542731
2025-03-08 14:25:02.627,-4.322272219654728e-05,2.4584872611292146
2025-03-08 14:25:02.646,-3.266956236477745e-07,2.6526419646395563
2025-03-08 14:25:02.666,3.515042388238057e-05,2.7199542280165554
2025-03-08 14:25:02.685,5.809713699720918e-05,2.68027686604465
2025-03-08 14:25:02.705,6.534631327273743e-05,2.5618779625254917
2025-03-08 14:25:02.724,5.623903237172998e-05,2.396011932684424
2025-03-08 14:25:02.744,3.28911517773549e-05,2.211887150604895
2025-03-08 14:25:02.763,3.415679892249236e-08,2.032878818916669
2025-03-08 14:25:02.783,-3.566239056312135e-05,1.874457336798635
2025-03-08 14:25:02.802,-6.677646408327863e-05,1.7438780272910503
2025-03-08 14:25:02.822,-8.66598488519667e-05,1.6413041020211734
2025-03-08 14:25:02.842,-9.098162767418882e-05,1.5617947263607783
2025-03-08 14:25:02.861,-7.887983179371086e-05,1.4975281355105714
2025-03-08 14:25:02.881,-5.334013181151977e-05,1.4397334596020377
2025-03-08 14:25:02.900,-2.0576976259452095e-05,1.380018624771648
2025-03-08 14:25:02.920,1.1528499122703477e-05,1.3110363211511953
2025-03-08 14:25:02.939,3.55422490400472e-05,1.2266587835635752
2025-03-08 14:25:02.959,4.6500044371561904e-05,1.1219694133185354
2025-03-08 14:25:02.978,4.318656030955364e-05,0.9933709586956286
2025-03-08 14:25:02.998,2.8290427841169853e-05,0.8389515984747159
2025-03-08 14:25:03.017,7.474735871340464e-06,0.6590172702355563
2025-03-08 14:25:03.037,-1.2250760241995983e-05,0.4565152169874217
2025-03-08 14:25:03.056,-2.433669870005613e-05,0.2370343263481865
2025-03-08 14:25:03.076,-2.42278443224693e-05,0.0081852972990073
2025-03-08 14:25:03.095,-1.0334381604187407e-05,-0.2216203929732255
2025-03-08 14:25:03.115,1.5676743172716516e-05,-0.4447492161657406
2025-03-08 14:25:03.134,4.9249168583876496e-05,-0.6558871477663165
2025-03-08 14:25:03.154,8.384419909757791e-05,-0.8531141307322497
2025-03-08 14:25:03.174,0.0001122059896771,-1.0381616762971992
2025-03-08 14:25:03.193,0.0001277654924378,-1.2156764817410983
2025-03-08 14:25:03.213,0.0001259444028062,-1.3915529714346342
2025-03-08 14:25:03.232,0.0001051207890724,-1.5706675105016106
2025-03-08 14:25:03.252,6.704911701343403e-05,-1.7545787001668836
2025-03-08 14:25:03.271,1.6605288566843053e-05,-1.939862524322831
2025-03-08 14:25:03.291,-3.91360094339066e-05,-2.117656112288018
2025-03-08 14:25:03.310,-9.230361765422704e-05,-2.274679333920969
2025-03-08 14:25:03.330,-0.0001357632676841,-2.395569098850379
2025-03-08 14:25:03.349,-0.0001643845532862,-2.465951361626562
2025-03-08 14:25:03.369,-0.0001757483293975,-2.47545193908146
2025-03-08 14:25:03.388,-0.0001702027855055,-2.419894970265026
2025-03-08 14:25:03.408,-0.0001503715209371,-2.302221507390989
2025-03-08 14:25:03.427,-0.0001203346870815,-2.13204397988788
2025-03-08 14:25:03.447,-8.473021666050837e-05,-1.9240763562967516
2025-03-08 14:25:03.467,-4.7976624758702254e-05,-1.6958513186358792
2025-03-08 14:25:03.486,-1.3734420415556673e-05,-1.4651597145207371
2025-03-08 14:25:03.506,1.536723555644202e-05,-1.247587912166751
2025-03-08 14:25:03.525,3.778232685075617e-05,-1.0544471778024471
2025-03-08 14:25:03.545,5.29575705755179e-05,-0.8913201085858242
2025-03-08 14:25:03.564,6.117817412751211e-05,-0.7574061528904125
2025-03-08 14:25:03.584,6.339988264968291e-05,-0.6458207495370002
2025-03-08 14:25:03.603,6.107875720600276e-05,-0.5449425910593348
2025-03-08 14:25:03.623,5.598050109096151e-05,-0.4407522161337476
2025-03-08 14:25:03.642,4.994750757191156e-05,-0.3198595471470628
2025-03-08 14:25:03.662,4.463115086844255e-05,-0.1726580976230707
2025-03-08 14:25:03.681,4.124277872677008e-05,0.0041193880161833
2025-03-08 14:25:03.701,4.039701104309526e-05,0.2061571289107555
2025-03-08 14:25:03.720,4.208689736072629e-05,0.4221200585541995
2025-03-08 14:25:03.740,4.577071566287862e-05,0.63610876653144
2025-03-08 14:25:03.760,5.051651612256437e-05,0.8315544087866895
2025-03-08 14:25:03.779,5.516004322319784e-05,0.995595320695966
2025-03-08 14:25:03.799,5.84751488010567e-05,1.1226947892259291
2025-03-08 14:25:03.818,5.940591816440126e-05,1.2163598689984538
2025-03-08 14:25:03.838,5.739974967377209e-05,1.2883303248876203
2025-03-08 14:25:03.857,5.2767440058656654e-05,1.3553768568892304
2025-03-08 14:25:03.877,4.686296783754906e-05,1.4346026666514036
2025-03-08 14:25:03.896,4.187675925078527e-05,1.5386000423682558
2025-03-08 14:25:03.916,4.021468413169502e-05,1.6718176678857095
2025-03-08 14:25:03.935,4.3660424273953696e-05,1.8290755735056023
2025-03-08 14:25:03.955,5.263138633841715e-05,1.996504419474856
2025-03-08 14:25:03.974,6.579665601869068e-05,2.1545217481101004
2025-03-08 14:25:03.994,8.019227054232473e-05,2.2819863676257026
2025-03-08 14:25:04.013,9.181661490601294e-05,2.360486851610407
2025-03-08 14:25:04.033,9.655768415254008e-05,2.377810060552693
2025-03-08 14:25:04.052,9.121517887946595e-05,2.329928304825547
2025-03-08 14:25:04.072,7.434840579692083e-05,2.2212484328525246
2025-03-08 14:25:04.092,4.6716087359702254e-05,2.0632880535730806
2025-03-08 14:25:04.111,1.1178029252186214e-05,1.872285381235449
2025-03-08 14:25:04.131,-2.791944247746042e-05,1.6664191980801215
2025-03-08 14:25:04.150,-6.57026409251188e-05,1.463263034286883
2025-03-08 14:25:04.170,-9.780926782803576e-05,1.277851032593632
2025-03-08 14:25:04.189,-0.0001212271471274,1.1214076311633656
2025-03-08 14:25:04.209,-0.0001347148278502,1.000543306191225
2025-03-08 14:25:04.228,-0.0001387140501018,0.9166542328070793
2025-03-08 14:25:04.248,-0.0001348263895253,0.8653909414600071
2025-03-08 14:25:04.267,-0.0001250630344329,0.8362892576274004
2025-03-08 14:25:04.287,-0.0001111372836777,0.8128608771524155
2025-03-08 14:25:04.306,-9.404019620017022e-05,0.7735212010320512
2025-03-08 14:25:04.326,-7.403593796820002e-05,0.6936402373215595
2025-03-08 14:25:04.345,-5.106377839731145e-05,0.5487486978652912
2025-03-08 14:25:04.365,-2.5376503752048195e-05,0.3185835058802241
2025-03-08 14:25:04.385,1.8670915832361487e-06,-0.0086793670535791
2025-03-08 14:25:04.404,2.8341318735989637e-05,-0.432870172878032
2025-03-08 14:25:04.424,5.077637908161501e-05,-0.9398214024606624
2025-03-08 14:25:04.443,6.560812785607409e-05,-1.5015644070965224
2025-03-08 14:25:04.463,6.983236621456894e-05,-2.078971741057257
2025-03-08 14:25:04.482,6.179157114646036e-05,-2.626595457530629
2025-03-08 14:25:04.502,4.167787285967675e-05,-3.0989606098726608
2025-03-08 14:25:04.521,1.1643188081806548e-05,-3.457180859585163
2025-03-08 14:25:04.541,-2.449312421867777e-05,-3.674588702013742
2025-03-08 14:25:04.560,-6.188465184966836e-05,-3.740229256307421
2025-03-08 14:25:04.580,-9.553530302545863e-05,-3.659563195805572
2025-03-08 14:25:04.599,-0.0001212249404835,-3.452409439928037
2025-03-08 14:25:04.619,-0.0001362410205475,-3.148784895793075
2025-03-08 14:25:04.638,-0.0001397162502568,-2.783665605865687
2025-03-08 14:25:04.658,-0.0001325060187138,-2.391742418928648
2025-03-08 14:25:04.677,-0.0001166890380201,-2.003051512482238
2025-03-08 14:25:04.697,-9.487418859893963e-05,-1.640057391031685
2025-03-08 14:25:04.717,-6.952539050668723e-05,-1.3164526167801276
2025-03-08 14:25:04.736,-4.248344616922478e-05,-1.037641649936487
2025-03-08 14:25:04.756,-1.4789539732765268e-05,-0.8025827425601318
2025-03-08 14:25:04.775,1.3176902028106349e-05,-0.6063925436931957
2025-03-08 14:25:04.795,4.132028706932875e-05,-0.4429608683130175
2025-03-08 14:25:04.814,6.934858778478974e-05,-0.306875011192836
2025-03-08 14:25:04.834,9.635569032146471e-05,-0.194227146760492
2025-03-08 14:25:04.853,0.0001206169794475,-0.102276629471299
2025-03-08 14:25:04.873,0.0001396949768541,-0.028312869946319
2025-03-08 14:25:04.892,0.000150868344872,0.03170443371754
2025-03-08 14:25:04.912,0.0001518010470207,0.0841153005921897
2025-03-08 14:25:04.931,0.0001412810403814,0.1376794790543003
2025-03-08 14:25:04.951,0.0001198043500003,0.2026673093417459
2025-03-08 14:25:04.970,8.978406471794797e-05,0.2890560533456194
2025-03-08 14:25:04.990,5.5241276351822646e-05,0.4042209987529782
2025-03-08 14:25:05.010,2.0987643803057507e-05,0.5506626006771631
2025-03-08 14:25:05.029,-8.494716264154052e-06,0.7243561573021171
2025-03-08 14:25:05.049,-3.011304020907013e-05,0.9142382229903196
2025-03-08 14:25:05.068,-4.278613455030888e-05,1.1031312744632178
2025-03-08 14:25:05.088,-4.742115401254711e-05,1.270075229259584
2025-03-08 14:25:05.107,-4.630758224840031e-05,1.3936784821006225
2025-03-08 14:25:05.127,-4.2204917004741e-05,1.4558482137261666
2025-03-08 14:25:05.146,-3.74506255341224e-05,1.4451821981601989
2025-03-08 14:25:05.166,-3.33252979135634e-05,1.3593903474434996
2025-03-08 14:25:05.185,-2.978755411304627e-05,1.2063063678057204
2025-03-08 14:25:05.205,-2.56015714687361e-05,1.0032973527573672
2025-03-08 14:25:05.224,-1.881973616152394e-05,0.7751502794571548
2025-03-08 14:25:05.244,-7.523290093035162e-06,0.5507735185839959
2025-03-08 14:25:05.263,9.343734960055838e-06,0.3592459578497047
2025-03-08 14:25:05.283,3.127431599676295e-05,0.2258305413385868
2025-03-08 14:25:05.303,5.588203053453392e-05,0.1685384733024008
2025-03-08 14:25:05.322,7.915196135369363e-05,0.1957241082757382
2025-03-08 14:25:05.342,9.626609289134914e-05,0.3050559190817598
2025-03-08 14:25:05.361,0.0001027895550234,0.4840598859982392
2025-03-08 14:25:05.381,9.585709710359588e-05,0.7122402686628908
2025-03-08 14:25:05.400,7.499680902994277e-05,0.9645173125396282
2025-03-08 14:25:05.420,4.2354903945753504e-05,1.2154043261892724
2025-03-08 14:25:05.439,2.279063393229896e-06,1.443080340620891
2025-03-08 14:25:05.459,-3.95948995831716e-05,1.6324405646949465
2025-03-08 14:25:05.478,-7.748681345139626e-05,1.7764146558495428
2025-03-08 14:25:05.498,-0.0001065455557745,1.8753026537517845
2025-03-08 14:25:05.517,-0.000123597833494,1.9344475598566957
2025-03-08 14:25:05.537,-0.0001274333162316,1.9610456569151744
2025-03-08 14:25:05.556,-0.0001186377904909,1.9611139969857383
2025-03-08 14:25:05.576,-9.911442852494085e-05,1.93750682077092
2025-03-08 14:25:05.595,-7.149412057380267e-05,1.8894576559804293
2025-03-08 14:25:05.615,-3.862170318975879e-05,1.813591335964268
2025-03-08 14:25:05.635,-3.2362453733247005e-06,1.7058922610559408
2025-03-08 14:25:05.654,3.212912309149254e-05,1.563868488183229
2025-03-08 14:25:05.674,6.508839972887843e-05,1.388163384449295
2025-03-08 14:25:05.693,9.330029500923348e-05,1.1830992800201796
2025-03-08 14:25:05.713,0.0001144470149435,0.9559978574964004
2025-03-08 14:25:05.732,0.0001263814994662,0.7155019802886671
2025-03-08 14:25:05.752,0.0001274569770592,0.4694218190488667
2025-03-08 14:25:05.771,0.0001169651024872,0.2227596992506422
2025-03-08 14:25:05.791,9.55353694075172e-05,-0.023511857242119
2025-03-08 14:25:05.810,6.531813494435803e-05,-0.2726086442445494
2025-03-08 14:25:05.830,2.9810129045743276e-05,-0.5310615645997945
2025-03-08 14:25:05.849,-6.706473202524539e-06,-0.8071221522525555
2025-03-08 14:25:05.869,-3.997720137481154e-05,-1.108874034578216
2025-03-08 14:25:05.888,-6.656824547759004e-05,-1.4424271511694309
2025-03-08 14:25:05.908,-8.435294292926833e-05,-1.8104292813195964
2025-03-08 14:25:05.928,-9.255432592934248e-05,-2.210992127433142
2025-03-08 14:25:05.947,-9.14357605210652e-05,-2.637059611727043
2025-03-08 14:25:05.967,-8.188919495968711e-05,-3.076250938655539
2025-03-08 14:25:05.986,-6.515838089209872e-05,-3.511249424766212
2025-03-08 14:25:06.006,-4.279034641873071e-05,-3.920816869499759
2025-03-08 14:25:06.025,-1.6753249262294775e-05,-4.281442802330592
2025-03-08 14:25:06.045,1.0423018232697992e-05,-4.569486892803548
2025-03-08 14:25:06.064,3.563076144805159e-05,-4.763496417175194
2025-03-08 14:25:06.084,5.539370158544136e-05,-4.84626144111466
2025-03-08 14:25:06.103,6.632628748699462e-05,-4.806173104904527
2025-03-08 14:25:06.123,6.577835071888169e-05,-4.637595286382688
2025-03-08 14:25:06.142,5.251737637766526e-05,-4.340219632072992
2025-03-08 14:25:06.162,2.724885845691756e-05,-3.917679759608782
2025-03-08 14:25:06.181,-7.221085780388676e-06,-3.375953675061829
2025-03-08 14:25:06.201,-4.630220034708724e-05,-2.722182186174625
2025-03-08 14:25:06.221,-8.440250826086342e-05,-1.964413390034692
2025-03-08 14:25:06.240,-0.0001160153062519,-1.1124661292074725
2025-03-08 14:25:06.260,-0.0001368441216983,-0.1796892114723476
2025-03-08 14:25:06.279,-0.0001446670299534,0.8149755053683043
2025-03-08 14:25:06.299,-0.0001396913239761,1.8454060269682548
2025-03-08 14:25:06.318,-0.0001242821207533,2.8779063136330643
2025-03-08 14:25:06.338,-0.0001021390740232,3.872425758282698
2025-03-08 14:25:06.357,-7.718226909133715e-05,4.785373725594183
2025-03-08 14:25:06.377,-5.251820391902711e-05,5.573569262261355
2025-03-08 14:25:06.396,-2.9829864383851285e-05,6.19856699063634
2025-03-08 14:25:06.416,-9.361142728385162e-06,6.630542044208567
2025-03-08 14:25:06.435,9.576678275652437e-06,6.851093439251787
2025-03-08 14:25:06.455,2.783353682465696e-05,6.854623284329996
2025-03-08 14:25:06.474,4.569640463854699e-05,6.648232552499161
2025-03-08 14:25:06.494,6.246586505488424e-05,6.250279908802643
2025-03-08 14:25:06.513,7.646669440987937e-05,5.687895279879059
2025-03-08 14:25:06.533,8.54853506953388e-05,4.993846069518567
2025-03-08 14:25:06.553,8.749705330591969e-05,4.203196693335123
2025-03-08 14:25:06.572,8.145111145966408e-05,3.350145265331609
2025-03-08 14:25:06.592,6.78474300804608e-05,2.4652833286870024
2025-03-08 14:25:06.611,4.887481613551898e-05,1.573391955263591
2025-03-08 14:25:06.631,2.799763667487281e-05,0.6918550556105854
2025-03-08 14:25:06.650,9.060036539851106e-06,-0.1701396429008649
2025-03-08 14:25:06.670,-4.816867612660247e-06,-1.0113149991938826
2025-03-08 14:25:06.689,-1.2129057462215032e-05,-1.8366235703872216
2025-03-08 14:25:06.709,-1.3290128822032046e-05,-2.6540759035338124
2025-03-08 14:25:06.728,-1.0190456963634828e-05,-3.470414992194059
2025-03-08 14:25:06.748,-5.21161404435016e-06,-4.286461370244059
2025-03-08 14:25:06.767,-1.5203972087619554e-07,-5.093261194385962
2025-03-08 14:25:06.787,4.464579416336013e-06,-5.870125904627242
2025-03-08 14:25:06.806,9.454144732466253e-06,-6.58524093148139
2025-03-08 14:25:06.826,1.6470876215311824e-05,-7.198879732180947
2025-03-08 14:25:06.846,2.720247985303703e-05,-7.668603483811689
2025-03-08 14:25:06.865,4.256781919197572e-05,-7.955357245686174
2025-03-08 14:25:06.885,6.216085784820922e-05,-8.029206031071363
2025-03-08 14:25:06.904,8.408162730963323e-05,-7.873594555868096
2025-03-08 14:25:06.924,0.0001051863777581,-7.48738647438851
2025-03-08 14:25:06.943,0.0001216910788177,-6.884435997878216
2025-03-08 14:25:06.963,0.0001299860466047,-6.090962751484296
2025-03-08 14:25:06.982,0.0001274743489268,-5.1414419589685885
2025-03-08 14:25:07.002,0.0001132417376364,-4.073988962322682
2025-03-08 14:25:07.021,8.840602558064286e-05,-2.926228999495825
2025-03-08 14:25:07.041,5.606727550060049e-05,-1.7323889352851136
2025-03-08 14:25:07.060,2.0853681147694405e-05,-0.5219258068337497
2025-03-08 14:25:07.080,-1.1887943921109429e-05,0.6804120451824892
2025-03-08 14:25:07.099,-3.714540447805039e-05,1.8534742982265575
2025-03-08 14:25:07.119,-5.133124846565948e-05,2.9780448220134086
2025-03-08 14:25:07.138,-5.312898434034607e-05,4.035137768190546
2025-03-08 14:25:07.158,-4.384352810258503e-05,5.004754450963023
2025-03-08 14:25:07.178,-2.7140300940736487e-05,5.865552235054825
2025-03-08 14:25:07.197,-8.230318856303683e-06,6.595724394175135
2025-03-08 14:25:07.217,7.29925863068874e-06,7.175101789013696
2025-03-08 14:25:07.236,1.4727609081540574e-05,7.588119182009539
2025-03-08 14:25:07.256,1.1218704028275577e-05,7.826960357178508
2025-03-08 14:25:07.275,-3.630848957353216e-06,7.894022032437303
2025-03-08 14:25:07.295,-2.7848402635729423e-05,7.802882963635139
2025-03-08 14:25:07.314,-5.77159197635529e-05,7.577241287206242
2025-03-08 14:25:07.334,-8.876254254473324e-05,7.247746017293343
2025-03-08 14:25:07.353,-0.0001167820584399,6.847200100510455
2025-03-08 14:25:07.373,-0.0001385567358328,6.405109636304974
2025-03-08 14:25:07.392,-0.0001521407441717,5.942834472860579
2025-03-08 14:25:07.412,-0.0001567683650146,5.470531097036563
2025-03-08 14:25:07.431,-0.0001525650253941,4.98665038001797
2025-03-08 14:25:07.451,-0.0001402242941083,4.480089771377527
2025-03-08 14:25:07.471,-0.0001207485776752,3.934428099445757
2025-03-08 14:25:07.490,-9.53008185007438e-05,3.3332004903735664
2025-03-08 14:25:07.510,-6.518060520709608e-05,2.6650062253480304
2025-03-08 14:25:07.529,-3.1902608600531666e-05,1.9273740923038405
2025-03-08 14:25:07.549,2.6817441830590072e-06,1.128655725623402
2025-03-08 14:25:07.568,3.630381029015438e-05,0.2876664616684319
2025-03-08 14:25:07.588,6.632441067757094e-05,-0.5687660876461607
2025-03-08 14:25:07.607,8.996543772185653e-05,-1.4098372927560314
2025-03-08 14:25:07.627,0.0001047291101855,-2.2056527759223186
2025-03-08 14:25:07.646,0.0001089370424224,-2.932124559263469
2025-03-08 14:25:07.666,0.0001022541573652,-3.575014360713864
2025-03-08 14:25:07.685,8.602191155039629e-05,-4.132343752543886
2025-03-08 14:25:07.705,6.323390308433443e-05,-4.614600921031375
2025-03-08 14:25:07.724,3.806081425605151e-05,-5.0425218410144375
2025-03-08 14:25:07.744,1.4971721784905274e-05,-5.442662867310369
2025-03-08 14:25:07.764,-2.3269688334636208e-06,-5.841417559548496
2025-03-08 14:25:07.783,-1.1786835448690245e-05,-6.25847111587035
2025-03-08 14:25:07.803,-1.3418462812953706e-05,-6.700874061771365
2025-03-08 14:25:07.822,-9.05869166522217e-06,-7.158915691064923
2025-03-08 14:25:07.842,-1.6185331502463382e-06,-7.604755410006184
2025-03-08 14:25:07.861,5.897779245677737e-06,-7.994328348225703
2025-03-08 14:25:07.881,1.1270208747501676e-05,-8.272448614032005
2025-03-08 14:25:07.900,1.35721156073913e-05,-8.380408815499324
2025-03-08 14:25:07.920,1.3190810225015522e-05,-8.264845914809097
2025-03-08 14:25:07.939,1.1414145928088975e-05,-7.8863287208547295
2025-03-08 14:25:07.959,9.770762342264434e-06,-7.226123708682446
2025-03-08 14:25:07.978,9.359319509254576e-06,-6.289962551569714
2025-03-08 14:25:07.998,1.0382965755405038e-05,-5.108298716061874
2025-03-08 14:25:08.017,1.204530266324986e-05,-3.733299649866076
2025-03-08 14:25:08.037,1.2854346795181957e-05,-2.233421439153414
2025-03-08 14:25:08.056,1.122048249145119e-05,-0.6866819934326575
2025-03-08 14:25:08.076,6.091959719410865e-06,0.8263254332567743
2025-03-08 14:25:08.096,-2.649112806174985e-06,2.2289340913879103
2025-03-08 14:25:08.115,-1.417817031458561e-05,3.454029234478563
2025-03-08 14:25:08.135,-2.7060833850281004e-05,4.448667112040467
2025-03-08 14:25:08.154,-3.973506991622179e-05,5.177644335708846
2025-03-08 14:25:08.174,-5.091191848467037e-05,5.625893159406909
2025-03-08 14:25:08.193,-5.973418802159615e-05,5.799427081078722
2025-03-08 14:25:08.213,-6.567848541992422e-05,5.724482738103271
2025-03-08 14:25:08.232,-6.832414978747213e-05,5.444603362010989
2025-03-08 14:25:08.252,-6.715263618962287e-05,5.015700384516816
2025-03-08 14:25:08.271,-6.147912705289269e-05,4.499541237316707
2025-03-08 14:25:08.291,-5.0534914095662445e-05,3.9565193864019856
2025-03-08 14:25:08.310,-3.367366160017403e-05,3.4388293979620808
2025-03-08 14:25:08.330,-1.0659053179836202e-05,2.985186010789144
2025-03-08 14:25:08.349,1.8022276055775727e-05,2.6179542402038845
2025-03-08 14:25:08.369,5.0897352662251646e-05,2.343053874729634
2025-03-08 14:25:08.389,8.538196728389187e-05,2.152404125155837
2025-03-08 14:25:08.408,0.0001178798394943,2.028156226935877
2025-03-08 14:25:08.428,0.0001441612622532,1.9476701271081844
2025-03-08 14:25:08.447,0.0001600176071994,1.8881936858841024
2025-03-08 14:25:08.467,0.0001621077654219,1.830467920642757
2025-03-08 14:25:08.486,0.0001488288406494,1.7608947569946982
2025-03-08 14:25:08.506,0.0001209821317178,1.6723111475477923
2025-03-08 14:25:08.525,8.199580202821438e-05,1.563687746010879
2025-03-08 14:25:08.545,3.75328415296068e-05,1.4391592943510738
2025-03-08 14:25:08.564,-5.532888901359496e-06,1.3067216385233764
2025-03-08 14:25:08.584,-4.057439206795045e-05,1.1767661112379917
2025-03-08 14:25:08.603,-6.270967255928002e-05,1.060457458261355
2025-03-08 14:25:08.623,-6.98817091109235e-05,0.9678921254073488
2025-03-08 14:25:08.642,-6.31823282299334e-05,0.9060564499794214
2025-03-08 14:25:08.662,-4.633848451103579e-05,0.8768095248611831
2025-03-08 14:25:08.682,-2.4559644254365337e-05,0.8753276274952697
2025-03-08 14:25:08.701,-3.1437493984093125e-06,0.8895274179775317
2025-03-08 14:25:08.721,1.3716984998894491e-05,0.900855849379792
2025-03-08 14:25:08.740,2.361775036829553e-05,0.8865262680672953
2025-03-08 14:25:08.760,2.6024858994470444e-05,0.8229101864123726
2025-03-08 14:25:08.779,2.187816689175398e-05,0.6894981292880038
2025-03-08 14:25:08.799,1.2934352208737714e-05,0.4727078168645789
2025-03-08 14:25:08.818,1.093666439645295e-06,0.1688577707838791
2025-03-08 14:25:08.838,-1.208260371868089e-05,-0.2142030178603054
2025-03-08 14:25:08.857,-2.5549652846590355e-05,-0.6570783019807871
2025-03-08 14:25:08.877,-3.868144862713841e-05,-1.1304423168495772
2025-03-08 14:25:08.896,-5.105290945362302e-05,-1.5981033649084706
2025-03-08 14:25:08.916,-6.227463350424426e-05,-2.02116784097694
2025-03-08 14:25:08.935,-7.195967312679473e-05,-2.3628397227790296
2025-03-08 14:25:08.955,-7.978370166774111e-05,-2.593278128094346
2025-03-08 14:25:08.974,-8.553680397498389e-05,-2.693831682403753
2025-03-08 14:25:08.994,-8.90860751549572e-05,-2.659930790669625
2025-03-08 14:25:09.014,-9.025645943903544e-05,-2.50202494717131
2025-03-08 14:25:09.033,-8.872275563946164e-05,-2.244231581161225
2025-03-08 14:25:09.053,-8.400829034301985e-05,-1.9207702868954024
2025-03-08 14:25:09.072,-7.560802760108969e-05,-1.570702754344833
2025-03-08 14:25:09.092,-6.317776018077291e-05,-1.231890144600326
2025-03-08 14:25:09.111,-4.671312846950966e-05,-0.9353237533397426
2025-03-08 14:25:09.131,-2.666820336058104e-05,-0.7009908334525786
2025-03-08 14:25:09.150,-3.996256745241546e-06,-0.5361481773279073
2025-03-08 14:25:09.170,1.988282778655117e-05,-0.4363231847678623
2025-03-08 14:25:09.189,4.317444966579745e-05,-0.3886873958953255
2025-03-08 14:25:09.209,6.384534445420272e-05,-0.3768544322118706
2025-03-08 14:25:09.228,7.979203585498769e-05,-0.3858242556221678
2025-03-08 14:25:09.248,8.903508976095464e-05,-0.4058221876798348
2025-03-08 14:25:09.267,8.993919470379776e-05,-0.4341443362325608
2025-03-08 14:25:09.287,8.146669486216471e-05,-0.4747002849260254
2025-03-08 14:25:09.307,6.346903667041463e-05,-0.5355645717291577
2025-03-08 14:25:09.326,3.698060531497598e-05,-0.625343708413276
2025-03-08 14:25:09.346,4.401558317963753e-06,-0.7494216050479341
2025-03-08 14:25:09.365,-3.0590964897807464e-05,-0.9071207745678578
2025-03-08 14:25:09.385,-6.349507691981919e-05,-1.0905370463008603
2025-03-08 14:25:09.404,-8.972347414411944e-05,-1.2853549545119307
2025-03-08 14:25:09.424,-0.0001054120943768,-1.473444292400757
2025-03-08 14:25:09.443,-0.0001080667528191,-1.6365967579726817
2025-03-08 14:25:09.463,-9.691348775158356e-05,-1.760491979542683
2025-03-08 14:25:09.482,-7.293955812937136e-05,-1.8379502018498892
2025-03-08 14:25:09.502,-3.86921603768915e-05,-1.8707261935547417
2025-03-08 14:25:09.521,2.0744324342545263e-06,-1.8694387250786049
2025-03-08 14:25:09.541,4.483060446700116e-05,-1.8515977584455685
2025-03-08 14:25:09.560,8.474423792923621e-05,-1.838011005381793
2025-03-08 14:25:09.580,0.0001171848663772,-1.848100943201524
2025-03-08 14:25:09.599,0.0001382540605413,-1.894842517032895
2025-03-08 14:25:09.619,0.0001453142451305,-1.980136179083093
2025-03-08 14:25:09.639,0.000137447245912,-2.0914547428192223
2025-03-08 14:25:09.658,0.0001157353556075,-2.200539586120797
2025-03-08 14:25:09.678,8.324818171313919e-05,-2.264751519354756
2025-03-08 14:25:09.697,4.46603278501409e-05,-2.231367362569687
2025-03-08 14:25:09.717,5.517374255372754e-06,-2.044632238161213
2025-03-08 14:25:09.736,-2.8724697181824155e-05,-1.654767597367411
2025-03-08 14:25:09.756,-5.368487921319439e-05,-1.0275264883765178
2025-03-08 14:25:09.775,-6.684240568575304e-05,-0.1524914599273211
2025-03-08 14:25:09.795,-6.793119423232517e-05,0.951664986081536
2025-03-08 14:25:09.814,-5.8845774399892976e-05,2.236216899259071
2025-03-08 14:25:09.834,-4.309282184484005e-05,3.626093160755687
2025-03-08 14:25:09.853,-2.494383447929033e-05,5.027663938278144
2025-03-08 14:25:09.873,-8.511520857091612e-06,6.339245936529059
2025-03-08 14:25:09.892,3.02860232819085e-06,7.462580811920289
2025-03-08 14:25:09.912,7.910951451942061e-06,8.313564992520698
2025-03-08 14:25:09.932,5.888876694644524e-06,8.83085352367171
2025-03-08 14:25:09.951,-1.9686885061222014e-06,8.981469403141373
2025-03-08 14:25:09.971,-1.3675073115161127e-05,8.763058894809488
2025-03-08 14:25:09.990,-2.680387769580499e-05,8.202829205142846
2025-03-08 14:25:10.010,-3.897072711283627e-05,7.353471778508728
2025-03-08 14:25:10.029,-4.825741912786002e-05,6.286583806345582
2025-03-08 14:25:10.049,-5.350341376443969e-05,5.084329524831575
2025-03-08 14:25:10.068,-5.438872676412878e-05,3.8303280879163855
2025-03-08 14:25:10.088,-5.128174841939856e-05,2.6009258048006445
2025-03-08 14:25:10.107,-4.492115060656102e-05,1.45800159581042
2025-03-08 14:25:10.127,-3.607951503764015e-05,0.4442186921195581
2025-03-08 14:25:10.146,-2.534387479334836e-05,-0.4187919771765402
2025-03-08 14:25:10.166,-1.3054384794389978e-05,-1.1293506904742698
2025-03-08 14:25:10.185,6.460371818139931e-07,-1.702262289727234
2025-03-08 14:25:10.205,1.5721933750973224e-05,-2.163791296647722
2025-03-08 14:25:10.225,3.216014278039702e-05,-2.5460017795318013
2025-03-08 14:25:10.244,4.989827600075349e-05,-2.8812959035622026
2025-03-08 14:25:10.264,6.875295114508277e-05,-3.19780380025699
2025-03-08 14:25:10.283,8.832910081326721e-05,-3.51608723753692
2025-03-08 14:25:10.303,0.0001079035799334,-3.8474462647507415
2025-03-08 14:25:10.322,0.0001262999927168,-4.193926508204008
2025-03-08 14:25:10.342,0.0001418000070878,-4.549864169606248
2025-03-08 14:25:10.361,0.00015216157685,-4.9044817869874064
2025-03-08 14:25:10.381,0.0001548269029263,-5.244765978734517
2025-03-08 14:25:10.400,0.0001473826555141,-5.557778745607863
2025-03-08 14:25:10.420,0.0001282512957917,-5.831773706879745
2025-03-08 14:25:10.439,9.744583128741644e-05,-6.055950934188437
2025-03-08 14:25:10.459,5.709178854821959e-05,-6.219196530204003
2025-03-08 14:25:10.478,1.14282574156286e-05,-6.3085026051552
2025-03-08 14:25:10.498,-3.38184368753891e-05,-6.307831045689013
2025-03-08 14:25:10.517,-7.253725267916375e-05,-6.197982930910204
2025-03-08 14:25:10.537,-9.947997056219138e-05,-5.957671310908031
2025-03-08 14:25:10.557,-0.0001113051109859,-5.565614496822921
2025-03-08 14:25:10.576,-0.0001071820146616,-5.003210217797147
2025-03-08 14:25:10.596,-8.886986705752745e-05,-4.257302104266227
2025-03-08 14:25:10.615,-6.030902466543085e-05,-3.3226893981316983
2025-03-08 14:25:10.635,-2.683840800722912e-05,-2.204235595558008
2025-03-08 14:25:10.654,5.806310160460672e-06,-0.9185472092627835
2025-03-08 14:25:10.674,3.253572087137916e-05,0.5048639404714987
2025-03-08 14:25:10.693,4.979615466573562e-05,2.023204516924637
2025-03-08 14:25:10.713,5.611225904325943e-05,3.581232529852285
2025-03-08 14:25:10.732,5.2146770837678e-05,5.113684347135998
2025-03-08 14:25:10.752,4.027584508505877e-05,6.549395211787254
2025-03-08 14:25:10.771,2.383755873193741e-05,7.816773653616881
2025-03-08 14:25:10.791,6.300731780774824e-06,8.849889695517664
2025-03-08 14:25:10.810,-9.421416317198206e-06,9.594249107632624
2025-03-08 14:25:10.830,-2.138448000501122e-05,10.011414074631588
2025-03-08 14:25:10.850,-2.8732529656167143e-05,10.081930218760077
2025-03-08 14:25:10.869,-3.158494837898772e-05,9.80639448796177
2025-03-08 14:25:10.889,-3.0791927450723504e-05,9.204811761187976
2025-03-08 14:25:10.908,-2.76609740914316e-05,8.314553849073485
2025-03-08 14:25:10.928,-2.372733100355677e-05,7.1872425023062645
2025-03-08 14:25:10.947,-2.0596408840571763e-05,5.884798257681074
2025-03-08 14:25:10.967,-1.9842497875099743e-05,4.474841627839212
2025-03-08 14:25:10.986,-2.291901303434909e-05,3.025677279597748
2025-03-08 14:25:11.006,-3.1029856833326056e-05,1.601219928179157
2025-03-08 14:25:11.025,-4.493069382882984e-05,0.2563530625755376
2025-03-08 14:25:11.045,-6.466735249098435e-05,-0.9667292848716804
2025-03-08 14:25:11.064,-8.930455654472675e-05,-2.040703602234025
2025-03-08 14:25:11.084,-0.0001167366123472,-2.953509848034183
2025-03-08 14:25:11.103,-0.0001436874212147,-3.70694205331005
2025-03-08 14:25:11.123,-0.0001659890841132,-4.313779133113956
2025-03-08 14:25:11.143,-0.0001791729597226,-4.794110233336544
2025-03-08 14:25:11.162,-0.0001793212739469,-5.171643712495049
2025-03-08 14:25:11.182,-0.0001640294486957,-5.470657153921986
2025-03-08 14:25:11.201,-0.000133246915012,-5.713875618605204
2025-03-08 14:25:11.221,-8.972988516832153e-05,-5.921118753279569
2025-03-08 14:25:11.240,-3.888363236236816e-05,-6.108255472122266
2025-03-08 14:25:11.260,1.2089418874893767e-05,-6.286000869657521
2025-03-08 14:25:11.279,5.560555410585292e-05,-6.458378293867522
2025-03-08 14:25:11.299,8.533655055109267e-05,-6.6210921566772445
2025-03-08 14:25:11.318,9.7620728179447e-05,-6.760396672953309
2025-03-08 14:25:11.338,9.226565752288164e-05,-6.853140894655199
2025-03-08 14:25:11.357,7.254972611385866e-05,-6.8684790351004565
2025-03-08 14:25:11.377,4.4449403456561326e-05,-6.771323107160571
2025-03-08 14:25:11.396,1.529604185928257e-05,-6.5271131686293735
2025-03-08 14:25:11.416,-7.825607333018904e-06,-6.107046360087975
2025-03-08 14:25:11.435,-1.9585852715543476e-05,-5.49268739154568
2025-03-08 14:25:11.455,-1.7498755231654986e-05,-4.678978518595598
2025-03-08 14:25:11.475,-2.347676272632549e-06,-3.675081654984931
2025-03-08 14:25:11.494,2.215738146638985e-05,-2.503099792990803
2025-03-08 14:25:11.514,5.0410930009665775e-05,-1.1953172636689506
2025-03-08 14:25:11.533,7.635200729686177e-05,0.2090610918100357
2025-03-08 14:25:11.553,9.489197889373954e-05,1.666726232998832
2025-03-08 14:25:11.572,0.0001029178285971,3.132066343700576
2025-03-08 14:25:11.592,9.964602913789164e-05,4.557939799823719
2025-03-08 14:25:11.611,8.637676128485853e-05,5.895929682395529
2025-03-08 14:25:11.631,6.590003486250384e-05,7.096877786314925
2025-03-08 14:25:11.650,4.1831170750325534e-05,8.112427517611003
2025-03-08 14:25:11.670,1.803687013340803e-05,8.89790100749844
2025-03-08 14:25:11.689,-1.827976384670935e-06,9.416261379102696
2025-03-08 14:25:11.709,-1.473506948370452e-05,9.642399047486007
2025-03-08 14:25:11.728,-1.8718481221671597e-05,9.566728746760916
2025-03-08 14:25:11.748,-1.3332442917983825e-05,9.197183996183025
2025-03-08 14:25:11.768,-4.546685955477639e-09,8.55910366255805
2025-03-08 14:25:11.787,1.7947103926383385e-05,7.693048300622442
2025-03-08 14:25:11.807,3.583173666309145e-05,6.65103223068812
2025-03-08 14:25:11.826,4.8637401712039855e-05,5.491846973812461
2025-03-08 14:25:11.846,5.2352825238159305e-05,4.276081597838727
2025-03-08 14:25:11.865,4.513444943733596e-05,3.061266342392305
2025-03-08 14:25:11.885,2.792155505972914e-05,1.8974568298781185
2025-03-08 14:25:11.904,4.286620090731207e-06,0.8236070476279725
2025-03-08 14:25:11.924,-2.0452441345898335e-05,-0.1348276650683767
2025-03-08 14:25:11.943,-4.062252048298683e-05,-0.9666102112096552
2025-03-08 14:25:11.963,-5.171761378383182e-05,-1.6735080567069525
2025-03-08 14:25:11.982,-5.164003089330726e-05,-2.267281816581672
2025-03-08 14:25:12.002,-4.130304188552878e-05,-2.7654838328818805
2025-03-08 14:25:12.021,-2.43889840705874e-05,-3.1870329862838758
2025-03-08 14:25:12.041,-6.28787935553462e-06,-3.5485998988143344
2025-03-08 14:25:12.060,7.493660066808859e-06,-3.862552563332539
2025-03-08 14:25:12.080,1.295695895358958e-05,-4.136671197625578
2025-03-08 14:25:12.100,8.73484030846998e-06,-4.375247549720128
2025-03-08 14:25:12.119,-3.643559521483181e-06,-4.580754772450514
2025-03-08 14:25:12.139,-2.038277403735978e-05,-4.755155540661869
2025-03-08 14:25:12.158,-3.6661071579460695e-05,-4.900145196566613
2025-03-08 14:25:12.178,-4.801667349611383e-05,-5.016121411187859
2025-03-08 14:25:12.197,-5.144174437715015e-05,-5.100247920269777
2025-03-08 14:25:12.217,-4.592494996346567e-05,-5.144412399033268
2025-03-08 14:25:12.236,-3.240024854980027e-05,-5.133998353450182
2025-03-08 14:25:12.256,-1.3235742157170806e-05,-5.0481637237427
2025-03-08 14:25:12.275,8.487493540591196e-06,-4.861856991148306
2025-03-08 14:25:12.295,2.9626090705263623e-05,-4.549299650543324
2025-03-08 14:25:12.314,4.736732976337253e-05,-4.088298325052224
2025-03-08 14:25:12.334,5.936346861605437e-05,-3.46460447147742
2025-03-08 14:25:12.353,6.376519526291178e-05,-2.675596141728197
2025-03-08 14:25:12.373,5.933566193177732e-05,-1.732735290164137
2025-03-08 14:25:12.393,4.571717032530757e-05,-0.6624707160847647
2025-03-08 14:25:12.412,2.3772543503887944e-05,0.4945418848887208
2025-03-08 14:25:12.432,-4.16952657994391e-06,1.685859670612214
2025-03-08 14:25:12.451,-3.433443110344793e-05,2.8511195205315443
2025-03-08 14:25:12.471,-6.188484238269216e-05,3.9270184173893057
2025-03-08 14:25:12.490,-8.16633618954807e-05,4.852932495701249
2025-03-08 14:25:12.510,-8.918469624929423e-05,5.576565062852041
2025-03-08 14:25:12.529,-8.167527897506278e-05,6.058921285841887
2025-03-08 14:25:12.549,-5.890074399240799e-05,6.277918074598039
2025-03-08 14:25:12.568,-2.3521657486178776e-05,6.230103184403792
2025-03-08 14:25:12.588,1.9204967458260772e-05,5.930273649928624
2025-03-08 14:25:12.607,6.240016877638853e-05,5.409173584449695
2025-03-08 14:25:12.627,9.901814752405031e-05,4.709789530171152
2025-03-08 14:25:12.646,0.0001233931375091,3.882930672992083
2025-03-08 14:25:12.666,0.000132426856661,2.982738956048642
2025-03-08 14:25:12.686,0.0001260870589599,2.0625805156992856
2025-03-08 14:25:12.705,0.0001071384930946,1.1715426395498596
2025-03-08 14:25:12.725,8.028185515985654e-05,0.351593277048733
2025-03-08 14:25:12.744,5.101609558593682e-05,-0.3646196523657881
2025-03-08 14:25:12.764,2.4521668036047474e-05,-0.9553569298269906
2025-03-08 14:25:12.783,4.750909578492647e-06,-1.4107328149662914
2025-03-08 14:25:12.803,-6.179264733267736e-06,-1.7328738837014968
2025-03-08 14:25:12.822,-8.222322578916543e-06,-1.935048330241634
2025-03-08 14:25:12.842,-3.2139258707567827e-06,-2.0395316292906376
2025-03-08 14:25:12.861,5.708939665346633e-06,-2.074169558180856
2025-03-08 14:25:12.881,1.4931706944772903e-05,-2.067953815692193
2025-03-08 14:25:12.900,2.1208095614868383e-05,-2.046310520486518
2025-03-08 14:25:12.920,2.232837712806061e-05,-2.027055053887592
2025-03-08 14:25:12.939,1.7491240955512747e-05,-2.017965623421316
2025-03-08 14:25:12.959,7.349033906887086e-06,-2.0166318782479813
2025-03-08 14:25:12.978,-6.2359507722270665e-06,-2.012698580801119
2025-03-08 14:25:12.998,-2.0645118193439583e-05,-1.9919921154909408
2025-03-08 14:25:13.018,-3.3069631345306395e-05,-1.941485630449718
2025-03-08 14:25:13.037,-4.108869932433021e-05,-1.853800827138948
2025-03-08 14:25:13.057,-4.3166429496668726e-05,-1.730037373432959
2025-03-08 14:25:13.076,-3.898564525174396e-05,-1.5801213396776856
2025-03-08 14:25:13.096,-2.9555061435953476e-05,-1.4204574236128036
2025-03-08 14:25:13.115,-1.7053709399335943e-05,-1.2693355352885494
2025-03-08 14:25:13.135,-4.417949831043122e-06,-1.1411661609093462
2025-03-08 14:25:13.154,5.266095283400663e-06,-1.0410629177217203
2025-03-08 14:25:13.174,9.434375481036556e-06,-0.9613961415641464
2025-03-08 14:25:13.193,6.599689308910841e-06,-0.8815930056942929
2025-03-08 14:25:13.213,-3.378228735726633e-06,-0.7716694697482183
2025-03-08 14:25:13.232,-1.9370662760102525e-05,-0.5989300230004987
2025-03-08 14:25:13.252,-3.932530978855129e-05,-0.3362818470461311
2025-03-08 14:25:13.271,-6.071134253707275e-05,0.0299759819828847
2025-03-08 14:25:13.291,-8.091102263998156e-05,0.4949841870931983
2025-03-08 14:25:13.311,-9.748491441944372e-05,1.0341882159526552
2025-03-08 14:25:13.330,-0.0001083228781542,1.6065390569451432
2025-03-08 14:25:13.350,-0.0001117456573618,2.1611592603513925
2025-03-08 14:25:13.369,-0.0001066298071099,2.6457451555661344
2025-03-08 14:25:13.389,-9.2595588149386e-05,3.01468660274648
2025-03-08 14:25:13.408,-7.023847179610978e-05,3.235203840373005
2025-03-08 14:25:13.428,-4.132309447291997e-05,3.290553855851926
2025-03-08 14:25:13.447,-8.819428569791583e-06,3.1802441673153976
2025-03-08 14:25:13.467,2.333342998734365e-05,2.917905361843848
2025-03-08 14:25:13.486,5.078770278126033e-05,2.527825065657843
2025-03-08 14:25:13.506,6.960822163858291e-05,2.0411124392651945
2025-03-08 14:25:13.525,7.715800646328486e-05,1.4921588436260629
2025-03-08 14:25:13.545,7.276808854133947e-05,0.9156668288775508
2025-03-08 14:25:13.564,5.794286170014156e-05,0.344212139703773
2025-03-08 14:25:13.584,3.600419765092459e-05,-0.1938019455107731
2025-03-08 14:25:13.604,1.1281850839229044e-05,-0.6758358546836766
2025-03-08 14:25:13.623,-1.1886313756910795e-05,-1.086393460479132
2025-03-08 14:25:13.643,-3.0043555924380745e-05,-1.417419351075934
2025-03-08 14:25:13.662,-4.117188407152735e-05,-1.6677264407300558
2025-03-08 14:25:13.682,-4.483257928431216e-05,-1.8415291454541485
2025-03-08 14:25:13.701,-4.193108344664098e-05,-1.946459367302431
2025-03-08 14:25:13.721,-3.423212723395952e-05,-1.9916160795987792
2025-03-08 14:25:13.740,-2.3785319974338356e-05,-1.986144954427102
2025-03-08 14:25:13.760,-1.2411611732887956e-05,-1.9385801706100008
2025-03-08 14:25:13.779,-1.3597490620174198e-06,-1.856831880761744
2025-03-08 14:25:13.799,8.815545156557544e-06,-1.7484465237801692
2025-03-08 14:25:13.818,1.8160767808911857e-05,-1.6207369234248383
2025-03-08 14:25:13.838,2.70719013446042e-05,-1.4805755192349803
2025-03-08 14:25:13.857,3.597018431364652e-05,-1.333928822052497
2025-03-08 14:25:13.877,4.500126308225052e-05,-1.1854068390393406
2025-03-08 14:25:13.896,5.384199077596683e-05,-1.038108787853851
2025-03-08 14:25:13.916,6.166974843949341e-05,-0.8938864508403825
2025-03-08 14:25:13.936,6.73076664415611e-05,-0.7539205135405699
2025-03-08 14:25:13.955,6.951309720317607e-05,-0.6193301919484078
2025-03-08 14:25:13.975,6.733510902131276e-05,-0.4914924583730773
2025-03-08 14:25:13.994,6.043928872171065e-05,-0.371852747096095
2025-03-08 14:25:14.014,4.929393501070069e-05,-0.2612226191887767
2025-03-08 14:25:14.033,3.5137824597034846e-05,-0.1587979256470272
2025-03-08 14:25:14.053,1.9708974836217346e-05,-0.0612975352072767
2025-03-08 14:25:14.072,4.800046303094695e-06,0.0373527686872365
2025-03-08 14:25:14.092,-8.207742929324256e-06,0.1454985225915426
2025-03-08 14:25:14.111,-1.864623284582787e-05,0.2723492750096762
2025-03-08 14:25:14.131,-2.6574155899866103e-05,0.4259201385793152
2025-03-08 14:25:14.150,-3.2524378404495986e-05,0.6107918909672867
2025-03-08 14:25:14.170,-3.71485192465501e-05,0.8262696100442807
2025-03-08 14:25:14.189,-4.096191222942709e-05,1.0654545884582858
2025-03-08 14:25:14.209,-4.4286302199739593e-05,1.3155152190122843
2025-03-08 14:25:14.229,-4.7316694379820325e-05,1.5591308621623694
2025-03-08 14:25:14.248,-5.0156147498647375e-05,1.7767941750066785
2025-03-08 14:25:14.268,-5.2745262123697e-05,1.9494690575100408
2025-03-08 14:25:14.287,-5.476747355157475e-05,2.061050556235683
2025-03-08 14:25:14.307,-5.566811705481607e-05,2.100168765650416
2025-03-08 14:25:14.326,-5.483244697693108e-05,2.061095028389724
2025-03-08 14:25:14.346,-5.1840753936934325e-05,1.94377570806686
2025-03-08 14:25:14.365,-4.668350807244261e-05,1.7532426242313324
2025-03-08 14:25:14.385,-3.986509881394039e-05,1.4987496578827026
2025-03-08 14:25:14.404,-3.2362265361576794e-05,1.1929294139198954
2025-03-08 14:25:14.424,-2.5414282419306265e-05,0.8510880910240829
2025-03-08 14:25:14.443,-2.016458410626048e-05,0.4905561328353398
2025-03-08 14:25:14.463,-1.726187534404173e-05,0.129894423280856
2025-03-08 14:25:14.482,-1.6586318088833302e-05,-0.2122170415706139
2025-03-08 14:25:14.502,-1.7220418700888903e-05,-0.5184235166101712
2025-03-08 14:25:14.521,-1.76634935981017e-05,-0.7742823709011813
2025-03-08 14:25:14.541,-1.6189858847748718e-05,-0.9696563216479908
2025-03-08 14:25:14.561,-1.1229702343485908e-05,-1.0995751760777852
2025-03-08 14:25:14.580,-1.6864552927184702e-06,-1.1643811054494244
2025-03-08 14:25:14.600,1.2849496161217806e-05,-1.1692036758146025
2025-03-08 14:25:14.619,3.199800645809914e-05,-1.1229990292415075
2025-03-08 14:25:14.639,5.458909848998855e-05,-1.0374425544394748
2025-03-08 14:25:14.658,7.875533206771533e-05,-0.9258774660738124
2025-03-08 14:25:14.678,0.0001021098106415,-0.8023593642959933
2025-03-08 14:25:14.697,0.0001220038975547,-0.6806983088547556
2025-03-08 14:25:14.717,0.0001358512216278,-0.5733685987551325
2025-03-08 14:25:14.736,0.0001414877290463,-0.4902582772284856
2025-03-08 14:25:14.756,0.0001375162571114,-0.4374170262651395
2025-03-08 14:25:14.775,0.000123568530239,-0.4161340896071058
2025-03-08 14:25:14.795,0.0001004208615976,-0.4227383437713927
2025-03-08 14:25:14.814,6.993217428389962e-05,-0.4494039468742239
2025-03-08 14:25:14.834,3.482624919878358e-05,-0.485975922898241
2025-03-08 14:25:14.854,-1.619998910175542e-06,-0.5224788956065766
2025-03-08 14:25:14.873,-3.592656493636869e-05,-0.5516637307714528
2025-03-08 14:25:14.893,-6.47815079344314e-05,-0.5708057712040668
2025-03-08 14:25:14.912,-8.543382392569569e-05,-0.5820735400773911
2025-03-08 14:25:14.932,-9.607676073486512e-05,-0.5911440138631285
2025-03-08 14:25:14.951,-9.614112533080808e-05,-0.6042713261755455
2025-03-08 14:25:14.971,-8.640740267994546e-05,-0.6245626098642015
2025-03-08 14:25:14.990,-6.888872904417805e-05,-0.6485827336819797
2025-03-08 14:25:15.010,-4.650155662977775e-05,-0.6644490757530807
2025-03-08 14:25:15.029,-2.259126954590241e-05,-0.6522560454249323
2025-03-08 14:25:15.049,-4.0456508718984877e-07,-0.587076441097483
2025-03-08 14:25:15.068,1.739610048501622e-05,-0.4440838985558729
2025-03-08 14:25:15.088,2.9091202680974238e-05,-0.2047118606473376
2025-03-08 14:25:15.107,3.407150555903974e-05,0.1376177647277466
2025-03-08 14:25:15.127,3.277927589372282e-05,0.5736796040173309
2025-03-08 14:25:15.147,2.6429703846007933e-05,1.0776487599668745
2025-03-08 14:25:15.166,1.6574021272965165e-05,1.6097300854708698
2025-03-08 14:25:15.186,4.632073066076766e-06,2.1217701622172216
2025-03-08 14:25:15.205,-8.42443487763825e-06,2.564652130361545
2025-03-08 14:25:15.225,-2.2074240227134367e-05,2.895849042288196
2025-03-08 14:25:15.244,-3.591076580270165e-05,3.08555302595869
2025-03-08 14:25:15.264,-4.915924711929364e-05,3.120262789644163
2025-03-08 14:25:15.283,-6.036475974147963e-05,3.003409956779091
2025-03-08 14:25:15.303,-6.74822557706937e-05,2.7532944390415794
2025-03-08 14:25:15.322,-6.835579050878885e-05,2.39909056293822
2025-03-08 14:25:15.342,-6.136277224916975e-05,1.975895834095498
2025-03-08 14:25:15.361,-4.5956995516845336e-05,1.5197472151045737
2025-03-08 14:25:15.381,-2.294854765826341e-05,1.063319209137811
2025-03-08 14:25:15.400,5.516507681691493e-06,0.6327560012924429
2025-03-08 14:25:15.420,3.626084424114751e-05,0.2458582891078737
2025-03-08 14:25:15.439,6.564418640457114e-05,-0.0883336724905654
2025-03-08 14:25:15.459,9.033032502618154e-05,-0.3686717878423396
2025-03-08 14:25:15.479,0.0001080805746122,-0.6000121040711757
2025-03-08 14:25:15.498,0.0001183110758433,-0.7907233944632859
2025-03-08 14:25:15.518,0.0001221762509451,-0.950114713831668
2025-03-08 14:25:15.537,0.0001220991630401,-1.0863157211568923
2025-03-08 14:25:15.557,0.0001208879436909,-1.2050345128657962
2025-03-08 14:25:15.576,0.0001207449843731,-1.3094051534278643
2025-03-08 14:25:15.596,0.0001225121611732,-1.4008697588694132
2025-03-08 14:25:15.615,0.0001253970375958,-1.4807703339939025
2025-03-08 14:25:15.635,0.0001272525662814,-1.5521046985597715
2025-03-08 14:25:15.654,0.000125307822071,-1.6207961914880975
2025-03-08 14:25:15.674,0.0001171172212649,-1.6959092352884528
2025-03-08 14:25:15.693,0.0001014360162899,-1.7885302387020825
2025-03-08 14:25:15.713,7.875318303464359e-05,-1.9094520280264968
2025-03-08 14:25:15.732,5.1317618547798434e-05,-2.0662066656968814
2025-03-08 14:25:15.752,2.2652569627981542e-05,-2.2602349688731027
2025-03-08 14:25:15.772,-3.2918021613610678e-06,-2.484970730588908
2025-03-08 14:25:15.791,-2.3107529352788533e-05,-2.725372013805871
2025-03-08 14:25:15.811,-3.477671670115651e-05,-2.9590677506913368
2025-03-08 14:25:15.830,-3.822008666338882e-05,-3.1589421236893647
2025-03-08 14:25:15.850,-3.545401679277712e-05,-3.296726575872419
2025-03-08 14:25:15.869,-3.032431464481396e-05,-3.347007871816536
2025-03-08 14:25:15.889,-2.781991351409581e-05,-3.2909636947847862
2025-03-08 14:25:15.908,-3.3027680704610775e-05,-3.119114891458436
2025-03-08 14:25:15.928,-4.9894092041747454e-05,-2.832496663284555
2025-03-08 14:25:15.947,-8.006929917515795e-05,-2.4419550508095527
2025-03-08 14:25:15.967,-0.000122160760237,-1.9657357495838208
2025-03-08 14:25:15.986,-0.0001716757279912,-1.426003777876403
2025-03-08 14:25:16.006,-0.0002217729807191,-0.845230248814071
2025-03-08 14:25:16.025,-0.0002647021314146,-0.2433865040217846
2025-03-08 14:25:16.045,-0.0002935677551665,0.3634051143669712
2025-03-08 14:25:16.065,-0.0003039298124999,0.962593269272749
2025-03-08 14:25:16.084,-0.0002948045074223,1.5436216204693065
2025-03-08 14:25:16.104,-0.0002688217816622,2.0957464242678303
2025-03-08 14:25:16.123,-0.0002315323178413,2.6060736646221803
2025-03-08 14:25:16.143,-0.0001900651575085,3.058541259617292
2025-03-08 14:25:16.162,-0.0001514855425326,3.4342882280236906
2025-03-08 14:25:16.182,-0.0001212702214738,3.713468859134506
2025-03-08 14:25:16.201,-0.0001022723189805,3.878190726378208
2025-03-08 14:25:16.221,-9.438231382426152e-05,3.915981670698589
2025-03-08 14:25:16.240,-9.48723786393487e-05,3.8230716423540816
2025-03-08 14:25:16.260,-9.924586636524196e-05,3.606790256219517
2025-03-08 14:25:16.279,-0.0001023539046042,3.2864848552958077
2025-03-08 14:25:16.299,-9.955496625844384e-05,2.8925441712921764
2025-03-08 14:25:16.318,-8.77248614633019e-05,2.463394329111474
2025-03-08 14:25:16.338,-6.594558152077884e-05,2.0407276427729384
2025-03-08 14:25:16.357,-3.5724145585395314e-05,1.663669386916319
2025-03-08 14:25:16.377,-6.603293243924102e-07,1.3629447454726562
2025-03-08 14:25:16.397,3.438002892481809e-05,1.156224303158578
2025-03-08 14:25:16.416,6.437216084165273e-05,1.0456249607775483
2025-03-08 14:25:16.436,8.52265752165411e-05,1.0178710934468684
2025-03-08 14:25:16.455,9.462083480811936e-05,1.0470240013238807
2025-03-08 14:25:16.475,9.243843039996632e-05,1.099143444710294
2025-03-08 14:25:16.494,8.078985760530321e-05,1.1378959328440528
2025-03-08 14:25:16.514,6.36361503759888e-05,1.130039122499474
2025-03-08 14:25:16.533,4.605231143470347e-05,1.0498784882851602
2025-03-08 14:25:16.553,3.321583631551628e-05,0.8821361854520215
2025-03-08 14:25:16.572,2.9289739749802708e-05,0.623079490147198
2025-03-08 14:25:16.592,3.6444186187788046e-05,0.2801060481831822
2025-03-08 14:25:16.611,5.427530696088818e-05,-0.1298165159798233
2025-03-08 14:25:16.631,7.980623341400475e-05,-0.582433079108166
2025-03-08 14:25:16.650,0.0001081078156278,-1.0488738218700713
2025-03-08 14:25:16.670,0.0001334085423216,-1.4984918775387284
2025-03-08 14:25:16.690,0.0001504304481637,-1.901682865357862
2025-03-08 14:25:16.709,0.0001556213593978,-2.2324775651405893
2025-03-08 14:25:16.729,0.0001479659966172,-2.4706586590023325
2025-03-08 14:25:16.748,0.000129153254607,-2.603160056734652
2025-03-08 14:25:16.768,0.0001030483075508,-2.624596893207733
2025-03-08 14:25:16.787,7.46333289192074e-05,-2.5369348869628428
2025-03-08 14:25:16.807,4.876223152737512e-05,-2.34848537760626
2025-03-08 14:25:16.826,2.91262035483208e-05,-2.072535211435545
2025-03-08 14:25:16.846,1.7710379787510524e-05,-1.7259364741276595
2025-03-08 14:25:16.865,1.4804983572497304e-05,-1.3278853104628638
2025-03-08 14:25:16.885,1.9435677053319848e-05,-0.8989593318367294
2025-03-08 14:25:16.904,2.998085230951236e-05,-0.460334911619807
2025-03-08 14:25:16.924,4.475610983804552e-05,-0.033032298019037
2025-03-08 14:25:16.943,6.241689181092642e-05,0.3629407262670668
2025-03-08 14:25:16.963,8.210711647822455e-05,0.7095821686595949
2025-03-08 14:25:16.983,0.0001033603263473,0.9919506656051176
2025-03-08 14:25:17.002,0.0001258444686142,1.199130978506757
2025-03-08 14:25:17.022,0.0001490890003725,1.3249492866342223
2025-03-08 14:25:17.041,0.0001723062897839,1.3683306686947734
2025-03-08 14:25:17.061,0.0001943500874717,1.333270203910943
2025-03-08 14:25:17.080,0.0002137940285685,1.2284356514159385
2025-03-08 14:25:17.100,0.0002290844963971,1.066404516344449
2025-03-08 14:25:17.119,0.0002387320673093,0.862502854125043
2025-03-08 14:25:17.139,0.0002415378706233,0.633235634321263
2025-03-08 14:25:17.158,0.0002368586475782,0.3944108211141739
2025-03-08 14:25:17.178,0.000224877784487,0.1592122623557345
2025-03-08 14:25:17.197,0.0002068068349358,-0.0634140198140327
2025-03-08 14:25:17.217,0.0001849314993491,-0.269686484481525
2025-03-08 14:25:17.236,0.0001624314072046,-0.4609583369189529
2025-03-08 14:25:17.256,0.0001429300625712,-0.6426611224724451
2025-03-08 14:25:17.275,0.0001297939975799,-0.8223998429152677
2025-03-08 14:25:17.295,0.0001253141808892,-1.0076047414324465
2025-03-08 14:25:17.315,0.0001300052696132,-1.2032736351232145
2025-03-08 14:25:17.334,0.0001422597681124,-1.410321479053394
2025-03-08 14:25:17.354,0.0001584846936775,-1.6248952138262822
2025-03-08 14:25:17.373,0.0001736961393096,-1.8387626917916944
2025-03-08 14:25:17.393,0.0001824194782174,-2.040615084041566
2025-03-08 14:25:17.412,0.0001796704799765,-2.217899714175961
2025-03-08 14:25:17.432,0.0001617834339527,-2.358681692859661
2025-03-08 14:25:17.451,0.000126907293346,-2.453059777341658
2025-03-08 14:25:17.471,7.510392499069925e-05,-2.4938387893323024
2025-03-08 14:25:17.490,8.126902564486077e-06,-2.476429949250854
2025-03-08 14:25:17.510,-7.09297320700124e-05,-2.398203338621388
2025-03-08 14:25:17.529,-0.000157923578228,-2.257651127351552
2025-03-08 14:25:17.549,-0.0002478348200522,-2.053702677073175
2025-03-08 14:25:17.568,-0.0003349208901685,-1.7854131955082724
2025-03-08 14:25:17.588,-0.0004130392215075,-1.4521097452653366
2025-03-08 14:25:17.608,-0.0004762516505154,-1.0539714824498287
2025-03-08 14:25:17.627,-0.0005196529654633,-0.5929418744613788
2025-03-08 14:25:17.647,-0.0005402143234941,-0.0737994776690643
2025-03-08 14:25:17.666,-0.0005373882590236,0.4948494292787743
2025-03-08 14:25:17.686,-0.0005132823179734,1.099925184445206
2025-03-08 14:25:17.705,-0.0004723167493571,1.7238149624694137
2025-03-08 14:25:17.725,-0.0004204003941263,2.345026960695528
2025-03-08 14:25:17.744,-0.0003637835499744,2.93951187026054
2025-03-08 14:25:17.764,-0.0003078679810903,3.482430525093372
2025-03-08 14:25:17.783,-0.0002563217218212,3.9500546628313447
2025-03-08 14:25:17.803,-0.0002107868827309,4.321519901613244
2025-03-08 14:25:17.822,-0.0001712641378137,4.58027343069661
2025-03-08 14:25:17.842,-0.0001369901272313,4.715187448743414
2025-03-08 14:25:17.861,-0.0001074232130789,4.721363418845861
2025-03-08 14:25:17.881,-8.29106301145882e-05,4.600612863591444
2025-03-08 14:25:17.900,-6.474682313434578e-05,4.361517957296517
2025-03-08 14:25:17.920,-5.460073789536217e-05,4.018927364104546
2025-03-08 14:25:17.940,-5.357589526336932e-05,3.59278170679294
2025-03-08 14:25:17.959,-6.133120538864497e-05,3.1062872476937557
2025-03-08 14:25:17.979,-7.565470478956601e-05,2.5836153267650714
2025-03-08 14:25:17.998,-9.268534288550884e-05,2.0474302999553005
2025-03-08 14:25:18.018,-0.0001077279389014,1.5165971057420429
2025-03-08 14:25:18.037,-0.0001163994982125,1.0043975972821857
2025-03-08 14:25:18.057,-0.0001157346945565,0.5175290621055653
2025-03-08 14:25:18.076,-0.0001048878478427,0.0560936157747062
2025-03-08 14:25:18.096,-8.519995629270377e-05,-0.3852976871260863
2025-03-08 14:25:18.115,-5.962032795908474e-05,-0.8153235828287205
2025-03-08 14:25:18.135,-3.17014006832754e-05,-1.2428960601211991
2025-03-08 14:25:18.154,-4.517937969384866e-06,-1.67377063092321
2025-03-08 14:25:18.174,2.0152613506862875e-05,-2.107579793924968
2025-03-08 14:25:18.193,4.217429696084154e-05,-2.5360948565331305
2025-03-08 14:25:18.213,6.28665261325495e-05,-2.9432978197226736
2025-03-08 14:25:18.233,8.438235550805284e-05,-3.307392446370224
2025-03-08 14:25:18.252,0.0001088554486678,-3.604363552362677
2025-03-08 14:25:18.272,0.00013756829322,-3.812292270950585
2025-03-08 14:25:18.291,0.0001703748551428,-3.915469824259053
2025-03-08 14:25:18.311,0.0002055270565094,-3.907441589733189
2025-03-08 14:25:18.330,0.0002399294828912,-3.7923978284603392
2025-03-08 14:25:18.350,0.0002697348749497,-3.5847047341385645
2025-03-08 14:25:18.369,0.0002911315406362,-3.3067302144688635
2025-03-08 14:25:18.389,0.0003011448711519,-2.985386614884324
2025-03-08 14:25:18.408,0.0002982599272031,-2.64796992025593
2025-03-08 14:25:18.428,0.0002827016104708,-2.317951989205451
2025-03-08 14:25:18.447,0.0002563093881127,-2.011405795878803
2025-03-08 14:25:18.467,0.0002220724721873,-1.7346944857326372
2025-03-08 14:25:18.486,0.0001834804403258,-1.483891548169849
2025-03-08 14:25:18.506,0.0001438751612963,-1.2461181308802474
2025-03-08 14:25:18.526,0.0001059781571224,-1.0026383005014083
2025-03-08 14:25:18.545,7.17040013849021e-05,-0.733218348559006
2025-03-08 14:25:18.565,4.2250582245239344e-05,-0.4209931968867984
2025-03-08 14:25:18.584,1.834488409643429e-05,-0.0569390906043873
2025-03-08 14:25:18.604,4.989404695834612e-07,0.3569327697664714
2025-03-08 14:25:18.623,-1.0810644969843978e-05,0.806352511491632
2025-03-08 14:25:18.643,-1.5065105969442243e-05,1.2658751012533351
2025-03-08 14:25:18.662,-1.174535496596642e-05,1.7021568731376266
2025-03-08 14:25:18.682,-5.291506201082745e-07,2.078850501554244
2025-03-08 14:25:18.701,1.8347575595942765e-05,2.362181934436758
2025-03-08 14:25:18.721,4.3653575952775954e-05,2.526119096107265
2025-03-08 14:25:18.740,7.283713697283004e-05,2.5561640047256877
2025-03-08 14:25:18.760,0.0001020101681226,2.451166191256258
2025-03-08 14:25:18.779,0.0001263434990173,2.223030676068468
2025-03-08 14:25:18.799,0.0001408431034043,1.8946105305163887
2025-03-08 14:25:18.818,0.0001413669571103,1.4963265632897582
2025-03-08 14:25:18.838,0.0001256559475255,1.0621400488565096
2025-03-08 14:25:18.858,9.409186946947692e-05,0.6254784423785366
2025-03-08 14:25:18.877,4.991241777235117e-05,0.2156395593749244
2025-03-08 14:25:18.897,-1.2521477500555912e-06,-0.1448973950264393
2025-03-08 14:25:18.916,-5.244462098133677e-05,-0.4419487189613049
2025-03-08 14:25:18.936,-9.677892797547416e-05,-0.6697445261367797
2025-03-08 14:25:18.955,-0.0001287981101657,-0.8297376590728998
2025-03-08 14:25:18.975,-0.0001454356314309,-0.9283742658677478
2025-03-08 14:25:18.994,-0.0001463535509803,-0.9743133579244964
2025-03-08 14:25:19.014,-0.000133639327712,-0.9757304390344014
2025-03-08 14:25:19.033,-0.0001110496213358,-0.9383430768781628
2025-03-08 14:25:19.053,-8.30973659687785e-05,-0.8646138538371209
2025-03-08 14:25:19.072,-5.424781095541153e-05,-0.7542544000899356
2025-03-08 14:25:19.092,-2.8369856629971204e-05,-0.6057767203919139
2025-03-08 14:25:19.111,-8.458971177708851e-06,-0.4185394426539287
2025-03-08 14:25:19.131,3.4458630512925133e-06,-0.1946121384030647
2025-03-08 14:25:19.151,6.265866124054378e-06,0.0601351817480562
2025-03-08 14:25:19.170,-1.0076601112511253e-07,0.3360505288569518
2025-03-08 14:25:19.190,-1.4719006090802327e-05,0.6208101758624739
2025-03-08 14:25:19.209,-3.555892087652852e-05,0.9012791845055044
2025-03-08 14:25:19.229,-5.954278124625307e-05,1.1655831851493077
2025-03-08 14:25:19.248,-8.281144349657494e-05,1.4048370228113072
2025-03-08 14:25:19.268,-0.0001012691255301,1.614124234401348
2025-03-08 14:25:19.287,-0.0001113494996024,1.7925551362254484
2025-03-08 14:25:19.307,-0.000110802184595,1.9424603984363231
2025-03-08 14:25:19.326,-9.921008807716456e-05,2.0679446890609574
2025-03-08 14:25:19.346,-7.800442788899254e-05,2.1731153104834493
2025-03-08 14:25:19.365,-4.994359038197046e-05,2.260318012960797
2025-03-08 14:25:19.385,-1.825687681518784e-05,2.328670709192919
2025-03-08 14:25:19.404,1.4201278320989075e-05,2.3731154054679324
2025-03-08 14:25:19.424,4.5460138481785855e-05,2.384145133942928
2025-03-08 14:25:19.444,7.445133417455459e-05,2.348318758354423
2025-03-08 14:25:19.463,0.0001006165025561,2.249628961804268
2025-03-08 14:25:19.483,0.0001233495389079,2.071700793083823
2025-03-08 14:25:19.502,0.0001415513125793,1.800652860383165
2025-03-08 14:25:19.522,0.0001534925386074,1.428267901591003
2025-03-08 14:25:19.541,0.0001570472042642,0.9549401564815966
2025-03-08 14:25:19.561,0.0001502254780604,0.3917573623728686
2025-03-08 14:25:19.580,0.0001318361875764,-0.2388972735283811
2025-03-08 14:25:19.600,0.0001020747878256,-0.9046278513367576
2025-03-08 14:25:19.619,6.28667705278804e-05,-1.5662185078897084
2025-03-08 14:25:19.639,1.786681121343688e-05,-2.1822997300452327
2025-03-08 14:25:19.658,-2.7912874759169627e-05,-2.7146434469360408
2025-03-08 14:25:19.678,-6.88061682572352e-05,-3.133015576142195
2025-03-08 14:25:19.697,-9.942965007072288e-05,-3.418551964064496
2025-03-08 14:25:19.717,-0.0001156971478723,-3.564944298778036
2025-03-08 14:25:19.736,-0.0001157122911521,-3.577271700081734
2025-03-08 14:25:19.756,-0.0001003200946634,-3.4689497938502774
2025-03-08 14:25:19.776,-7.312490436120379e-05,-3.2577879613363514
2025-03-08 14:25:19.795,-3.987175057394403e-05,-2.962357492533284
2025-03-08 14:25:19.815,-7.247230095961768e-06,-2.599690657947849
2025-03-08 14:25:19.834,1.864232827185201e-05,-2.1848090416147508
2025-03-08 14:25:19.854,3.369261476911011e-05,-1.7319004348549776
2025-03-08 14:25:19.873,3.667657810456587e-05,-1.256367732772498
2025-03-08 14:25:19.893,2.929258438467913e-05,-0.7766657880174
2025-03-08 14:25:19.912,1.539783135714938e-05,-0.3149131983472175
2025-03-08 14:25:19.932,-2.762928278971262e-07,0.1043308049192208
2025-03-08 14:25:19.951,-1.3483606030088723e-05,0.4571417230948493
2025-03-08 14:25:19.971,-2.14981522666594e-05,0.7245699652333889
2025-03-08 14:25:19.990,-2.3602388664978167e-05,0.8972030055291228
2025-03-08 14:25:20.010,-2.099647585233702e-05,0.9787129364385676
2025-03-08 14:25:20.029,-1.6227227248554405e-05,0.9872589637770802
2025-03-08 14:25:20.049,-1.231264961674181e-05,0.9539876565001164
2025-03-08 14:25:20.069,-1.179203853166713e-05,0.9184452784237744
2025-03-08 14:25:20.088,-1.595979663809773e-05,0.9214068220105446
2025-03-08 14:25:20.108,-2.450651830880163e-05,0.9963262109042524
2025-03-08 14:25:20.127,-3.567154240382221e-05,1.1611530157673091
2025-03-08 14:25:20.147,-4.6845865420425375e-05,1.4124436116500192
2025-03-08 14:25:20.166,-5.541898928448447e-05,1.7233842877418504
2025-03-08 14:25:20.186,-5.957570011178652e-05,2.0465603007031112
2025-03-08 14:25:20.205,-5.874883005971342e-05,2.321234821474959
2025-03-08 14:25:20.225,-5.356139678432684e-05,2.483832522332087
2025-03-08 14:25:20.244,-4.532745919464177e-05,2.47954683237034
2025-03-08 14:25:20.264,-3.540242531667162e-05,2.272717779204952
2025-03-08 14:25:20.283,-2.472967658434826e-05,1.853923763512897
2025-03-08 14:25:20.303,-1.3776986957383589e-05,1.2424956226036217
2025-03-08 14:25:20.322,-2.8061121638216354e-06,0.4841661126472099
2025-03-08 14:25:20.342,7.75514630161307e-06,-0.3554632415788126
2025-03-08 14:25:20.361,1.707716694247086e-05,-1.200249730502872
2025-03-08 14:25:20.381,2.3945874157071844e-05,-1.9739108431039385
2025-03-08 14:25:20.401,2.700093986196232e-05,-2.609811346692722
2025-03-08 14:25:20.420,2.507453710890751e-05,-3.058759691638248
2025-03-08 14:25:20.440,1.7505961628485116e-05,-3.2939114993499987
2025-03-08 14:25:20.459,4.350798850406506e-06,-3.3123957222279703
2025-03-08 14:25:20.479,-1.3548884259607414e-05,-3.1337477667720246
2025-03-08 14:25:20.498,-3.4633692466762085e-05,-2.7956115537264536
2025-03-08 14:25:20.518,-5.681741612430568e-05,-2.3474598440387813
2025-03-08 14:25:20.537,-7.777127196704236e-05,-1.843280758156416
2025-03-08 14:25:20.557,-9.526665491500252e-05,-1.334268252953936
2025-03-08 14:25:20.576,-0.0001075312383352,-0.8625167381658434
2025-03-08 14:25:20.596,-0.0001135606331028,-0.45655981139451
2025-03-08 14:25:20.615,-0.0001133168798152,-0.1293228543452859
2025-03-08 14:25:20.635,-0.000107743899807,0.1213158275983861
2025-03-08 14:25:20.654,-9.854813057619224e-05,0.3096136847373184
2025-03-08 14:25:20.674,-8.773746920704906e-05,0.4574027516568846
2025-03-08 14:25:20.694,-7.69855395743697e-05,0.588874676346719
2025-03-08 14:25:20.713,-6.69825587608364e-05,0.7257557333526529
2025-03-08 14:25:20.733,-5.7015029237452766e-05,0.8837140540302234
2025-03-08 14:25:20.752,-4.501476547592496e-05,1.0704755866961555
2025-03-08 14:25:20.772,-2.817200628384007e-05,1.2857016264240848
2025-03-08 14:25:20.791,-3.958291356999712e-06,1.5222907286003096
2025-03-08 14:25:20.811,2.879639104812293e-05,1.768496159817978
2025-03-08 14:25:20.830,6.915828116017105e-05,2.010171322083722
2025-03-08 14:25:20.850,0.000113934309453,2.232594851518549
2025-03-08 14:25:20.869,0.0001581679044817,2.4216227881341768
2025-03-08 14:25:20.889,0.0001961619128873,2.564233026641677
2025-03-08 14:25:20.908,0.0002227724120599,2.6487290334328173
2025-03-08 14:25:20.928,0.0002346452271537,2.664890964509873
2025-03-08 14:25:20.947,0.000231046990859,2.604242989424538
2025-03-08 14:25:20.967,0.0002140038656531,2.460457651076437
2025-03-08 14:25:20.987,0.0001876541930082,2.229846569910795
2025-03-08 14:25:21.006,0.0001570134154107,1.9119120117614912
2025-03-08 14:25:21.026,0.0001265890052425,1.5099789408775544
2025-03-08 14:25:21.045,9.932475492830064e-05,1.0318956912916568
2025-03-08 14:25:21.065,7.618740079242902e-05,0.490663277421907
2025-03-08 14:25:21.084,5.643710557404672e-05,-0.0952927062743078
2025-03-08 14:25:21.104,3.837196435627036e-05,-0.702540108804106
2025-03-08 14:25:21.123,2.0206944464634592e-05,-1.303955874499963
2025-03-08 14:25:21.143,7.830999368411024e-07,-1.870880513537149
2025-03-08 14:25:21.162,-2.005020415005446e-05,-2.375765261481973
2025-03-08 14:25:21.182,-4.139121392025821e-05,-2.794796253200231
2025-03-08 14:25:21.201,-6.151381990584857e-05,-3.1099999540719
2025-03-08 14:25:21.221,-7.828200883912642e-05,-3.3105130948126766
2025-03-08 14:25:21.240,-8.966476544408801e-05,-3.392938316336889
2025-03-08 14:25:21.260,-9.426400799539076e-05,-3.3609024942220014
2025-03-08 14:25:21.279,-9.176304767211958e-05,-3.2240367247947943
2025-03-08 14:25:21.299,-8.319987381304791e-05,-2.996606257653513
2025-03-08 14:25:21.319,-7.097760843136654e-05,-2.6959643290678184
2025-03-08 14:25:21.338,-5.8553768277024505e-05,-2.3409251917728
2025-03-08 14:25:21.358,-4.980725063165587e-05,-1.9500930840776445
2025-03-08 14:25:21.377,-4.8166724660851175e-05,-1.5401863162145224
2025-03-08 14:25:21.397,-5.568315992444764e-05,-1.1244767100465969
2025-03-08 14:25:21.416,-7.230582973510067e-05,-0.7115985254451725
2025-03-08 14:25:21.436,-9.561612795571056e-05,-0.3050936479829587
2025-03-08 14:25:21.455,-0.0001211523935688,0.0959487569093867
2025-03-08 14:25:21.475,-0.0001432693533916,0.4950034226196145
2025-03-08 14:25:21.494,-0.000156318829125,0.8952011313649593
2025-03-08 14:25:21.514,-0.0001558725131554,1.296071260693857
2025-03-08 14:25:21.533,-0.0001397178779345,1.690900707379952
2025-03-08 14:25:21.553,-0.0001084097878041,2.065658444336771
2025-03-08 14:25:21.572,-6.52401337572622e-05,2.400055163007689
2025-03-08 14:25:21.592,-1.55997218138394e-05,2.670672012714046
2025-03-08 14:25:21.612,3.414779165609976e-05,2.8554237538675467
2025-03-08 14:25:21.631,7.800469031576837e-05,2.9381585974285214
2025-03-08 14:25:21.651,0.000111519233565,2.9120992666667704
2025-03-08 14:25:21.670,0.0001324847744838,2.781135011747568
2025-03-08 14:25:21.690,0.0001410412676291,2.558600711520638
2025-03-08 14:25:21.709,0.000139299311618,2.263940364376055
2025-03-08 14:25:21.729,0.0001307063621532,1.918295842068724
2025-03-08 14:25:21.748,0.0001192999862476,1.540360289415919
2025-03-08 14:25:21.768,0.0001088819266531,1.1436896178927476
2025-03-08 14:25:21.787,0.0001021547713266,0.7361450998265263
2025-03-08 14:25:21.807,9.99974951397419e-05,0.3214447902329685
2025-03-08 14:25:21.826,0.0001011761861643,-0.0978270901161992
2025-03-08 14:25:21.846,0.0001027323465665,-0.5167806523350574
2025-03-08 14:25:21.865,0.0001010261570384,-0.9254405387552016
2025-03-08 14:25:21.885,9.3075465621032e-05,-1.3075111687478935
2025-03-08 14:25:21.905,7.764583452756174e-05,-1.641191672772507
2025-03-08 14:25:21.924,5.564506096550989e-05,-1.9020630908575824
2025-03-08 14:25:21.944,2.970421101194316e-05,-2.067552956873844
2025-03-08 14:25:21.963,3.197320431522116e-06,-2.1220226553013704
2025-03-08 14:25:21.983,-2.0834768437007382e-05,-2.0612416938857887
2025-03-08 14:25:22.002,-4.042531189134e-05,-1.8950130420461009
2025-03-08 14:25:22.022,-5.4883404633271926e-05,-1.647032595435951
2025-03-08 14:25:22.041,-6.452771796399858e-05,-1.3516620025362271
2025-03-08 14:25:22.061,-7.020030556166837e-05,-1.0480519164783044
2025-03-08 14:25:22.080,-7.281670746189908e-05,-0.7727879635827306
2025-03-08 14:25:22.100,-7.309292468325383e-05,-0.552721331140778
2025-03-08 14:25:22.119,-7.146214207425073e-05,-0.3997078716153155
2025-03-08 14:25:22.139,-6.81264988873038e-05,-0.308561745216393
2025-03-08 14:25:22.158,-6.31766621050889e-05,-0.2587406461978478
2025-03-08 14:25:22.178,-5.672213405259888e-05,-0.2193498512076707
2025-03-08 14:25:22.197,-4.8990443506077184e-05,-0.1562529634138006
2025-03-08 14:25:22.217,-4.036943367974305e-05,-0.0396293398244701
2025-03-08 14:25:22.237,-3.1382772853753446e-05,0.149678298724307
2025-03-08 14:25:22.256,-2.26038667333245e-05,0.4162690953963577
2025-03-08 14:25:22.276,-1.4526844049252782e-05,0.7493115321953994
2025-03-08 14:25:22.295,-7.424223224518145e-06,1.1245290525671592
2025-03-08 14:25:22.315,-1.22780425459005e-06,1.5082826216760497
2025-03-08 14:25:22.334,4.529512990960901e-06,1.862676148877449
2025-03-08 14:25:22.354,1.0679590481919322e-05,2.1506382181391768
2025-03-08 14:25:22.373,1.827587831276895e-05,2.340234810410604
2025-03-08 14:25:22.393,2.834689105015056e-05,2.4078734885976103
2025-03-08 14:25:22.412,4.157933172456372e-05,2.340382999862272
2025-03-08 14:25:22.432,5.799093969157113e-05,2.1360868987871973
2025-03-08 14:25:22.451,7.667300891943007e-05,1.8049519346143403
2025-03-08 14:25:22.471,9.568765473203464e-05,1.3677855900745275
2025-03-08 14:25:22.490,0.0001121891620778,0.8543980905952893
2025-03-08 14:25:22.510,0.0001227996759961,0.3007026839473746
2025-03-08 14:25:22.530,0.0001242104285533,-0.2550875821380842
2025-03-08 14:25:22.549,0.0001139109879273,-0.7767500793127747
2025-03-08 14:25:22.569,9.088775273753608e-05,-1.2341828019265413
2025-03-08 14:25:22.588,5.6100673979902726e-05,-1.6066346324340504
2025-03-08 14:25:22.608,1.2565751716465616e-05,-1.884400023583328
2025-03-08 14:25:22.627,-3.5046400830415994e-05,-2.068627530242558
2025-03-08 14:25:22.647,-8.125049726008568e-05,-2.169286068011202
2025-03-08 14:25:22.666,-0.0001208386467302,-2.2017444691823167
2025-03-08 14:25:22.686,-0.0001499471922239,-2.182755168194365
2025-03-08 14:25:22.705,-0.0001668083157111,-2.126800193697267
2025-03-08 14:25:22.725,-0.0001719672683932,-2.043680476614524
2025-03-08 14:25:22.744,-0.0001678976742327,-1.9378872446267084
2025-03-08 14:25:22.764,-0.0001581470753608,-1.809764756858578
2025-03-08 14:25:22.783,-0.0001463132120213,-1.657925888044255
2025-03-08 14:25:22.803,-0.0001351968904273,-1.482011786438391
2025-03-08 14:25:22.822,-0.0001263655987465,-1.2848298469922113
2025-03-08 14:25:22.842,-0.0001201616172061,-1.0731714364612588
2025-03-08 14:25:22.862,-0.0001160218653514,-0.8570826554108913
2025-03-08 14:25:22.881,-0.0001129151960915,-0.6478520840157722
2025-03-08 14:25:22.901,-0.0001097308295476,-0.4553298709505896
2025-03-08 14:25:22.920,-0.0001055209257422,-0.2853312028436597
2025-03-08 14:25:22.940,-9.957582245183797e-05,-0.1378161596104268
2025-03-08 14:25:22.959,-9.137257697955228e-05,-0.0063270999469267
2025-03-08 14:25:22.979,-8.047435765359609e-05,0.1211383256982209
2025-03-08 14:25:22.998,-6.646472261992044e-05,0.2599658389581112
2025-03-08 14:25:23.018,-4.8978561877705154e-05,0.4258900196457593
2025-03-08 14:25:23.037,-2.784823979664364e-05,0.6316532751502977
2025-03-08 14:25:23.057,-3.331548990875709e-06,0.883946355829774
2025-03-08 14:25:23.076,2.3657969491838532e-05,1.1811321609772856
2025-03-08 14:25:23.096,5.142382898467981e-05,1.5121024754504624
2025-03-08 14:25:23.115,7.756319978461817e-05,1.856451963446464
2025-03-08 14:25:23.135,9.93074976081184e-05,2.186017404934515
2025-03-08 14:25:23.155,0.000114114288678,2.46772168560431
2025-03-08 14:25:23.174,0.0001204050098725,2.667534984442133
2025-03-08 14:25:23.194,0.0001182508859075,2.755178071290757
2025-03-08 14:25:23.213,0.0001097469570405,2.7089631308144995
2025-03-08 14:25:23.233,9.882396365041924e-05,2.519977911961904
2025-03-08 14:25:23.252,9.03813578379225e-05,2.194765917260275
2025-03-08 14:25:23.272,8.889095619356082e-05,1.7557978502279543
2025-03-08 14:25:23.291,9.691784612271896e-05,1.2393664159583024
2025-03-08 14:25:23.311,0.0001141434604581,0.6910116142345327
2025-03-08 14:25:23.330,0.0001373230470331,0.1591034411929189
2025-03-08 14:25:23.350,0.0001612245343166,-0.3123373566781474
2025-03-08 14:25:23.369,0.0001801959349386,-0.6902236026464763
2025-03-08 14:25:23.389,0.000189795511622,-0.95703137581238
2025-03-08 14:25:23.408,0.0001879456840927,-1.1124393415476488
2025-03-08 14:25:23.428,0.0001752718083872,-1.1715674062417094
2025-03-08 14:25:23.448,0.0001545721594478,-1.1602042806460358
2025-03-08 14:25:23.467,0.0001296554928223,-1.1081755220195555
2025-03-08 14:25:23.487,0.0001039832576065,-1.0424920264269186
2025-03-08 14:25:23.506,7.958188791256159e-05,-0.9819632621868242
2025-03-08 14:25:23.526,5.655241040904552e-05,-0.9345251928473196
2025-03-08 14:25:23.545,3.3296669202940466e-05,-0.8977404717416501
2025-03-08 14:25:23.565,7.3827117065626064e-06,-0.8620196461061884
2025-03-08 14:25:23.584,-2.320168686500488e-05,-0.8153714669973681
2025-03-08 14:25:23.604,-5.879857977890908e-05,-0.7481444091128121
2025-03-08 14:25:23.623,-9.727757181020026e-05,-0.6563581142929347
2025-03-08 14:25:23.643,-0.0001340411944416,-0.542771597868977
2025-03-08 14:25:23.662,-0.0001629649670387,-0.4156007023930708
2025-03-08 14:25:23.682,-0.0001780721854101,-0.2855315980608313
2025-03-08 14:25:23.701,-0.0001754370030384,-0.1621557884537016
2025-03-08 14:25:23.721,-0.0001546656134319,-0.0510453606014716
2025-03-08 14:25:23.740,-0.0001194053488894,0.04760282993878
2025-03-08 14:25:23.760,-7.66388562028073e-05,0.1383753923239594
2025-03-08 14:25:23.780,-3.492172121579577e-05,0.2283433909806788
2025-03-08 14:25:23.799,-2.0910542839845607e-06,0.3237986167123913
2025-03-08 14:25:23.819,1.6816348115649394e-05,0.4270304425600695
2025-03-08 14:25:23.838,2.075379902780095e-05,0.5341295498459128
2025-03-08 14:25:23.858,1.2613995081821056e-05,0.6345267443436766
2025-03-08 14:25:23.877,-1.947098580166218e-06,0.7125097479621924
2025-03-08 14:25:23.897,-1.633123271093107e-05,0.7504218946736931
2025-03-08 14:25:23.916,-2.485935142523826e-05,0.7327745015072619
2025-03-08 14:25:23.936,-2.416972390819249e-05,0.6502328292559727
2025-03-08 14:25:23.955,-1.3864746359697602e-05,0.5024464382389785
2025-03-08 14:25:23.975,3.650277998642072e-06,0.2989862870353088
2025-03-08 14:25:23.994,2.400110011973486e-05,0.0581377239337055
2025-03-08 14:25:24.014,4.208631678676419e-05,-0.1961550583497434
2025-03-08 14:25:24.033,5.340180290419105e-05,-0.4384414516842996
2025-03-08 14:25:24.053,5.512977833311287e-05,-0.6460260270904495
2025-03-08 14:25:24.073,4.6742487714780685e-05,-0.8023979723911865
2025-03-08 14:25:24.092,2.999024171733847e-05,-0.899178202751757
2025-03-08 14:25:24.112,8.301120439356302e-06,-0.9363533168366336
2025-03-08 14:25:24.131,-1.4216142662790878e-05,-0.9209776993820936
2025-03-08 14:25:24.151,-3.385856194344824e-05,-0.8648254332890051
2025-03-08 14:25:24.170,-4.818100242553269e-05,-0.7816098447022516
2025-03-08 14:25:24.190,-5.638410410320869e-05,-0.6843643407453343
2025-03-08 14:25:24.209,-5.9175424844473256e-05,-0.5834431046778118
2025-03-08 14:25:24.229,-5.8217628178716986e-05,-0.4854162227863384
2025-03-08 14:25:24.248,-5.539539658576343e-05,-0.3929374753051752
2025-03-08 14:25:24.268,-5.215992551297062e-05,-0.3054626398340865
2025-03-08 14:25:24.287,-4.915355110740188e-05,-0.2205120403263702
2025-03-08 14:25:24.307,-4.619528807412557e-05,-0.1350620023656213
2025-03-08 14:25:24.326,-4.256261269776796e-05,-0.046676703041217
2025-03-08 14:25:24.346,-3.740779008781167e-05,0.0458451611370558
2025-03-08 14:25:24.366,-3.0139610125314573e-05,0.1423115556401021
2025-03-08 14:25:24.385,-2.0658857242944982e-05,0.2412930200194941
2025-03-08 14:25:24.405,-9.410546659683535e-06,0.3403687798495775
2025-03-08 14:25:24.424,2.7213863747148397e-06,0.4363218036164729
2025-03-08 14:25:24.444,1.461174961490838e-05,0.5252966018000617
2025-03-08 14:25:24.463,2.510568726944494e-05,0.6030515531016174
2025-03-08 14:25:24.483,3.317749989531023e-05,0.6654294983601122
2025-03-08 14:25:24.502,3.800198573344102e-05,0.7090367688195472
2025-03-08 14:25:24.522,3.894909226311161e-05,0.731954677614176
2025-03-08 14:25:24.541,3.556101283706361e-05,0.7342169237676239
2025-03-08 14:25:24.561,2.7597976502872016e-05,0.7178174233453458
2025-03-08 14:25:24.580,1.5206485922675308e-05,0.6861434283069439
2025-03-08 14:25:24.600,-8.390202690613911e-07,0.6429080888683137
2025-03-08 14:25:24.619,-1.897594099139553e-05,0.5908343333577863
2025-03-08 14:25:24.639,-3.693323771790777e-05,0.5304697133741517
2025-03-08 14:25:24.658,-5.20839136862789e-05,0.4595448313868912
2025-03-08 14:25:24.678,-6.194519233825393e-05,0.3731987887499896
2025-03-08 14:25:24.698,-6.464028367147406e-05,0.2651902264119605
2025-03-08 14:25:24.717,-5.9201487183792783e-05,0.1299356092494501
2025-03-08 14:25:24.737,-4.570153021869305e-05,-0.0350614319915921
2025-03-08 14:25:24.756,-2.525556314518928e-05,-0.2270198590377205
2025-03-08 14:25:24.776,7.622967413460945e-08,-0.4365927412083998
2025-03-08 14:25:24.795,2.74961779172966e-05,-0.6479779172712666
2025-03-08 14:25:24.815,5.381512216633585e-05,-0.8405965773323557
2025-03-08 14:25:24.834,7.592063410180304e-05,-0.9921142466717788
2025-03-08 14:25:24.854,9.126238005271266e-05,-1.082234808343106
2025-03-08 14:25:24.873,9.820743712595062e-05,-1.0964951103259113
2025-03-08 14:25:24.893,9.619226494167804e-05,-1.0292723849348124
2025-03-08 14:25:24.912,8.572459728802615e-05,-0.8853872301733401
2025-03-08 14:25:24.932,6.832966436763852e-05,-0.6799829566230166
2025-03-08 14:25:24.951,4.645556467587651e-05,-0.4366890224240434
2025-03-08 14:25:24.971,2.3265041259270995e-05,-0.1843486232470171
2025-03-08 14:25:24.991,2.253574400650692e-06,0.0472116282151612
2025-03-08 14:25:25.010,-1.3270574549848314e-05,0.2317432234654542
2025-03-08 14:25:25.030,-2.071975852847171e-05,0.3507371879636147
2025-03-08 14:25:25.049,-1.863508250102183e-05,0.3964413863482158
2025-03-08 14:25:25.069,-6.90094413849839e-06,0.3731300477607439
2025-03-08 14:25:25.088,1.3207279511251474e-05,0.2963261318063914
2025-03-08 14:25:25.108,3.908469664161757e-05,0.190078919899451
2025-03-08 14:25:25.127,6.697023711393724e-05,0.082783777444262
2025-03-08 14:25:25.147,9.231719732222328e-05,0.0022941262117554
2025-03-08 14:25:25.166,0.0001104448933924,-0.0288305664058957
2025-03-08 14:25:25.186,0.0001174223309387,0.0028399216681652
2025-03-08 14:25:25.205,0.0001109475242918,0.09929183333203
2025-03-08 14:25:25.225,9.090335307280512e-05,0.2506320628889131
2025-03-08 14:25:25.244,5.938099523927136e-05,0.436615946878552
2025-03-08 14:25:25.264,2.0184022441994544e-05,0.6299432363689403
2025-03-08 14:25:25.283,-2.2002301175808665e-05,0.8008563351687644
2025-03-08 14:25:25.303,-6.254340052339281e-05,0.9223244713949778
2025-03-08 14:25:25.323,-9.767897530415988e-05,0.974910688991482
2025-03-08 14:25:25.342,-0.0001250670477084,0.9503732555583017
2025-03-08 14:25:25.362,-0.0001439448673144,0.8532186054880895
2025-03-08 14:25:25.381,-0.0001549079538215,0.6998040824244235
2025-03-08 14:25:25.401,-0.0001594149504345,0.5151094210434306
2025-03-08 14:25:25.420,-0.0001591894077655,0.3278260444467867
2025-03-08 14:25:25.440,-0.0001556948549659,0.1648088320046216
2025-03-08 14:25:25.459,-0.0001498156692887,0.046079738375375
2025-03-08 14:25:25.479,-0.0001418022128568,-0.0185805500583831
2025-03-08 14:25:25.498,-0.000131456102667,-0.0308226094895723
2025-03-08 14:25:25.518,-0.0001184610629368,-0.0026042697295487
2025-03-08 14:25:25.537,-0.0001027235999885,0.0468334216616585
2025-03-08 14:25:25.557,-8.458697388609439e-05,0.0951158565677777
2025-03-08 14:25:25.576,-6.482564446894997e-05,0.1210842515608359
2025-03-08 14:25:25.596,-4.441151576262542e-05,0.1084774216597378
2025-03-08 14:25:25.616,-2.415286244826303e-05,0.0483147254461964
2025-03-08 14:25:25.635,-4.403340837000266e-06,-0.0602936022712205
2025-03-08 14:25:25.655,1.494980673938398e-05,-0.2107943581906844
2025-03-08 14:25:25.674,3.4144097556544105e-05,-0.3908818578901101
2025-03-08 14:25:25.694,5.3009825219313497e-05,-0.5846913874798628
2025-03-08 14:25:25.713,7.058358687314658e-05,-0.7750129122909963
2025-03-08 14:25:25.733,8.51595826535328e-05,-0.9452020608315282
2025-03-08 14:25:25.752,9.48226740976429e-05,-1.0806376426021231
2025-03-08 14:25:25.772,9.822199989070648e-05,-1.1697121967386692
2025-03-08 14:25:25.791,9.521307260282556e-05,-1.2044329702030792
2025-03-08 14:25:25.811,8.709095171261615e-05,-1.1807505449251865
2025-03-08 14:25:25.830,7.635491563671564e-05,-1.098719536147054
2025-03-08 14:25:25.850,6.611324712295245e-05,-0.9625430053210569
2025-03-08 14:25:25.869,5.9290520280013445e-05,-0.7804812119927039
2025-03-08 14:25:25.889,5.781815116251587e-05,-0.5645364157844476
2025-03-08 14:25:25.909,6.203382306121516e-05,-0.3297820971807459
2025-03-08 14:25:25.928,7.051788202510164e-05,-0.0932192986397257
2025-03-08 14:25:25.948,8.046612606778365e-05,0.1278591694682397
2025-03-08 14:25:25.967,8.848073429343399e-05,0.3178432757882294
2025-03-08 14:25:25.987,9.149117434759048e-05,0.4647809103460472
2025-03-08 14:25:26.006,8.749068276415861e-05,0.5619145012955353
2025-03-08 14:25:26.026,7.589441565668897e-05,0.608392935902809
2025-03-08 14:25:26.045,5.7517241589951554e-05,0.6089702498068937
2025-03-08 14:25:26.065,3.430826772466517e-05,0.5727598733862781
2025-03-08 14:25:26.084,8.984798944849903e-06,0.5113268684963183
2025-03-08 14:25:26.104,-1.536935472311612e-05,0.436510395989355
2025-03-08 14:25:26.123,-3.572356262693711e-05,0.3583793399935235
2025-03-08 14:25:26.143,-4.950405468639342e-05,0.2836775467903686
2025-03-08 14:25:26.162,-5.492648174697826e-05,0.2150423595704394
2025-03-08 14:25:26.182,-5.12188785730957e-05,0.1511754931268147
2025-03-08 14:25:26.201,-3.873096670861035e-05,0.0879828265137147
2025-03-08 14:25:26.221,-1.894378617019721e-05,0.0204734277065636
2025-03-08 14:25:26.241,5.612931008767948e-06,-0.0550332114883068
2025-03-08 14:25:26.260,3.154706195482219e-05,-0.1389988714757983
2025-03-08 14:25:26.280,5.491911437394171e-05,-0.2276369869867372
2025-03-08 14:25:26.299,7.17051506738895e-05,-0.3131045946665944
2025-03-08 14:25:26.319,7.839495702638544e-05,-0.3848900318713174
2025-03-08 14:25:26.338,7.265912475978398e-05,-0.4320162945816636
2025-03-08 14:25:26.358,5.3958245657884965e-05,-0.4454734892123925
2025-03-08 14:25:26.377,2.3923508167073767e-05,-0.4202843199718951
2025-03-08 14:25:26.397,-1.3663034735582643e-05,-0.3567492646960023
2025-03-08 14:25:26.416,-5.339624174772407e-05,-0.2606264447193567
2025-03-08 14:25:26.436,-8.9255050946478e-05,-0.142213070799032
2025-03-08 14:25:26.455,-0.0001158789595055,-0.0144997979042801
2025-03-08 14:25:26.475,-0.0001297573653972,0.1092271297170853
2025-03-08 14:25:26.494,-0.0001299661769708,0.2177921922624947
2025-03-08 14:25:26.514,-0.0001182446707837,0.3039518280723591
2025-03-08 14:25:26.534,-9.843807164368844e-05,0.3651777657254376
2025-03-08 14:25:26.553,-7.550669777825273e-05,0.4032621864378907
2025-03-08 14:25:26.573,-5.437405264459154e-05,0.4229701014039975
2025-03-08 14:25:26.592,-3.888233572953482e-05,0.4302332481080012
2025-03-08 14:25:26.612,-3.107017513857589e-05,0.4304576446170187
2025-03-08 14:25:26.631,-3.0899184794878805e-05,0.4274026040051466
2025-03-08 14:25:26.651,-3.645196069260639e-05,0.4228517928917394
2025-03-08 14:25:26.670,-4.451401611363927e-05,0.4170292728425112
2025-03-08 14:25:26.690,-5.135789610497541e-05,0.4094938870131778
2025-03-08 14:25:26.709,-5.35168695356786e-05,0.4001216265772331
2025-03-08 14:25:26.729,-4.838665601027472e-05,0.3897773478888592
2025-03-08 14:25:26.748,-3.4585966122999176e-05,0.3803861924536854
2025-03-08 14:25:26.768,-1.2086231672510095e-05,0.3743225336792026
2025-03-08 14:25:26.787,1.7837832253707057e-05,0.3732861091845846
2025-03-08 14:25:26.807,5.278140076186128e-05,0.3770461003532791
2025-03-08 14:25:26.827,8.947110657800331e-05,0.3825258225513667
2025-03-08 14:25:26.846,0.0001241052928725,0.3836405293715677
2025-03-08 14:25:26.866,0.0001527771776684,0.3721070549344485
2025-03-08 14:25:26.885,0.0001719764865445,0.3391665361326619
2025-03-08 14:25:26.905,0.0001791328213496,0.277867154132003
2025-03-08 14:25:26.924,0.0001731181062221,0.1853243376070677
2025-03-08 14:25:26.944,0.000154585164167,0.0642967027465601
2025-03-08 14:25:26.963,0.0001260090072184,-0.0764561072090453
2025-03-08 14:25:26.983,9.13394249295772e-05,-0.2232449298641238
2025-03-08 14:25:27.002,5.527896755396717e-05,-0.3597458615566219
2025-03-08 14:25:27.022,2.2349038632969212e-05,-0.469959153363818
2025-03-08 14:25:27.041,-3.972227130147909e-06,-0.5411247899956004
2025-03-08 14:25:27.061,-2.1757992418247883e-05,-0.5659822498459459
2025-03-08 14:25:27.080,-3.0662783908566395e-05,-0.5440139725253443
2025-03-08 14:25:27.100,-3.158225051067049e-05,-0.4815751703820092
2025-03-08 14:25:27.119,-2.6201710640364952e-05,-0.3909827491814392
2025-03-08 14:25:27.139,-1.6667225960173527e-05,-0.2887084793970261
2025-03-08 14:25:27.159,-5.450352766201214e-06,-0.1928655284382959
2025-03-08 14:25:27.178,4.696020212861953e-06,-0.1202651774543278
2025-03-08 14:25:27.198,1.0875183282876525e-05,-0.0834692880292748
2025-03-08 14:25:27.217,1.0413918614779572e-05,-0.0884149935480154
2025-03-08 14:25:27.237,1.4397841983103984e-06,-0.133225228355088
2025-03-08 14:25:27.256,-1.6525182539203935e-05,-0.2086382022654935
2025-03-08 14:25:27.276,-4.221748045588793e-05,-0.3000889838670774
2025-03-08 14:25:27.295,-7.271281140272943e-05,-0.3909893772222604
2025-03-08 14:25:27.315,-0.0001039468015796,-0.4663761481322147
2025-03-08 14:25:27.334,-0.000131532630263,-0.5159807429401245
2025-03-08 14:25:27.354,-0.0001516430069227,-0.5359486933204834
2025-03-08 14:25:27.373,-0.000161713708874,-0.5288346922932683
2025-03-08 14:25:27.393,-0.0001607955916426,-0.5019934217410545
2025-03-08 14:25:27.412,-0.0001495066491444,-0.4649262308786664
2025-03-08 14:25:27.432,-0.0001296603927972,-0.426390544237991
2025-03-08 14:25:27.452,-0.0001037238302324,-0.3920597593437354
2025-03-08 14:25:27.471,-7.427381055112164e-05,-0.3632712903335591
2025-03-08 14:25:27.491,-4.358598419961748e-05,-0.3370373037761404
2025-03-08 14:25:27.510,-1.342711792012923e-05,-0.3071439085403649
2025-03-08 14:25:27.530,1.4948692194953851e-05,-0.2659178076427279
2025-03-08 14:25:27.549,4.065715583547176e-05,-0.2061431779256068
2025-03-08 14:25:27.569,6.298403085719761e-05,-0.1226777715685274
2025-03-08 14:25:27.588,8.122028381751612e-05,-0.0135042523546996
2025-03-08 14:25:27.608,9.459809605436862e-05,0.1198329260758706
2025-03-08 14:25:27.627,0.0001023489341988,0.2723109085235203
2025-03-08 14:25:27.647,0.0001038550908109,0.4359035062068061
2025-03-08 14:25:27.666,9.882695815759904e-05,0.6003534283033903
2025-03-08 14:25:27.686,8.74247589474526e-05,0.7541738841085328
2025-03-08 14:25:27.705,7.026662091739329e-05,0.8857922769249142
2025-03-08 14:25:27.725,4.832646640646274e-05,0.9847067015060916
2025-03-08 14:25:27.744,2.280223069423174e-05,1.042509140035914
2025-03-08 14:25:27.764,-4.9330937738521766e-06,1.053662221511173
2025-03-08 14:25:27.784,-3.325569524836987e-05,1.015990007458755
2025-03-08 14:25:27.803,-6.01855072530882e-05,0.9309244312731608
2025-03-08 14:25:27.823,-8.341617393043435e-05,0.8035890148403348
2025-03-08 14:25:27.842,-0.000100568216365,0.6427593412442947
2025-03-08 14:25:27.862,-0.0001096059123555,0.4606255572924755
2025-03-08 14:25:27.881,-0.0001092728855695,0.2721735487214813
2025-03-08 14:25:27.901,-9.941528083160384e-05,0.0939974234586186
2025-03-08 14:25:27.920,-8.11216452609178e-05,-0.0574993837078257
2025-03-08 14:25:27.940,-5.666157400342213e-05,-0.1683169465762458
2025-03-08 14:25:27.959,-2.9235271161759988e-05,-0.2290746995702918
2025-03-08 14:25:27.979,-2.560634070473419e-06,-0.2367410000114256
2025-03-08 14:25:27.998,1.966467162292919e-05,-0.1954684143289601
2025-03-08 14:25:28.018,3.437214180319749e-05,-0.1163116156506061
2025-03-08 14:25:28.037,3.9723315705116325e-05,-0.0158180419499304
2025-03-08 14:25:28.057,3.5595244821044284e-05,0.086321933565754
2025-03-08 14:25:28.077,2.382405430965228e-05,0.1702135858760263
2025-03-08 14:25:28.096,8.086423850405957e-06,0.2188098356586029
2025-03-08 14:25:28.116,-6.65457087153584e-06,0.2205407113091087
2025-03-08 14:25:28.135,-1.5118497883394416e-05,0.1710188191181531
2025-03-08 14:25:28.155,-1.2936774437428289e-05,0.0734744651651532
2025-03-08 14:25:28.174,2.149411402008872e-06,-0.0621556027746291
2025-03-08 14:25:28.194,2.948426448546982e-05,-0.221233478551094
2025-03-08 14:25:28.213,6.53861586423408e-05,-0.3869903182338728
2025-03-08 14:25:28.233,0.0001038338895957,-0.543027923436942
2025-03-08 14:25:28.252,0.0001377959177033,-0.6752407250090923
2025-03-08 14:25:28.272,0.0001608381336985,-0.7729345298716075
2025-03-08 14:25:28.291,0.0001685678805614,-0.8292233844815088
2025-03-08 14:25:28.311,0.0001595398211615,-0.8409745839372549
2025-03-08 14:25:28.330,0.0001354165184713,-0.8085977217948225
2025-03-08 14:25:28.350,0.0001003855130288,-0.7358709735909125
2025-03-08 14:25:28.370,6.003534699806092e-05,-0.6298301996995008
2025-03-08 14:25:28.389,2.003111356328205e-05,-0.5005774142732073
2025-03-08 14:25:28.409,-1.5039242007464234e-05,-0.3607567230699602
2025-03-08 14:25:28.428,-4.235904756929998e-05,-0.2244529876882971
2025-03-08 14:25:28.448,-6.099692064018016e-05,-0.1054196270605776
2025-03-08 14:25:28.467,-7.1525190695372e-05,-0.0148138468957844
2025-03-08 14:25:28.487,-7.538328233499915e-05,0.041082887999455
2025-03-08 14:25:28.506,-7.425114292531383e-05,0.0624972831538232
2025-03-08 14:25:28.526,-6.960142510566502e-05,0.0565394458441251
2025-03-08 14:25:28.545,-6.247776062719706e-05,0.0360165475347867
2025-03-08 14:25:28.565,-5.347228338445033e-05,0.016835170300904
2025-03-08 14:25:28.584,-4.284791549461884e-05,0.01456907366768
2025-03-08 14:25:28.604,-3.0742495480193995e-05,0.0410064020857056
2025-03-08 14:25:28.623,-1.7389664420107883e-05,0.1014677359634849
2025-03-08 14:25:28.643,-3.295271964687005e-06,0.1934461981278033
2025-03-08 14:25:28.662,1.0680335007133616e-05,0.3067812834325771
2025-03-08 14:25:28.682,2.3363843115952867e-05,0.4252623651622296
2025-03-08 14:25:28.702,3.343683578629987e-05,0.5293346235038785
2025-03-08 14:25:28.721,3.970123751841977e-05,0.5994517186725838
2025-03-08 14:25:28.741,4.138366950967079e-05,0.6195538940452087
2025-03-08 14:25:28.760,3.839875916092163e-05,0.5801204792639948
2025-03-08 14:25:28.780,3.148685204673778e-05,0.4802537635019483
2025-03-08 14:25:28.799,2.2160746446805352e-05,0.3283336614913686
2025-03-08 14:25:28.819,1.244284813035893e-05,0.1409888251920126
2025-03-08 14:25:28.838,4.4441142180023125e-06,-0.0595324247649163
2025-03-08 14:25:28.858,-9.536861735223817e-08,-0.2491151317573405
2025-03-08 14:25:28.877,-1.641297839519144e-07,-0.4058694468134373
2025-03-08 14:25:28.897,4.350574739195263e-06,-0.5136751812645499
2025-03-08 14:25:28.916,1.2682996901705893e-05,-0.5644429791740049
2025-03-08 14:25:28.936,2.3363083824217675e-05,-0.5587023133725583
2025-03-08 14:25:28.955,3.451599275850373e-05,-0.5045525887925264
2025-03-08 14:25:28.975,4.425466420932301e-05,-0.4153870395369894
2025-03-08 14:25:28.995,5.109748920622364e-05,-0.3070184577306815
2025-03-08 14:25:29.014,5.430403446237973e-05,-0.1948603100327292
2025-03-08 14:25:29.034,5.40015659887849e-05,-0.0916712512515774
2025-03-08 14:25:29.053,5.0998737068703945e-05,-0.00613262340868
2025-03-08 14:25:29.073,4.629121506929688e-05,0.0577050379852625
2025-03-08 14:25:29.092,4.044428066396015e-05,0.1002274217827647
2025-03-08 14:25:29.112,3.317547220454799e-05,0.1254983233514239
2025-03-08 14:25:29.131,2.341740550856959e-05,0.1401219599497748
2025-03-08 14:25:29.151,9.89029425462628e-06,0.1518910162714481
2025-03-08 14:25:29.170,-8.098469960997462e-06,0.1683830325082204
2025-03-08 14:25:29.190,-3.006189687362097e-05,0.1956814425411938
2025-03-08 14:25:29.209,-5.426171348154542e-05,0.237396096288124
2025-03-08 14:25:29.229,-7.817354566132939e-05,0.2941109813368857
2025-03-08 14:25:29.248,-9.92407031171352e-05,0.3632994590987609
2025-03-08 14:25:29.268,-0.0001155808156325,0.4396589817269196
2025-03-08 14:25:29.288,-0.0001263925922463,0.515765286599985
2025-03-08 14:25:29.307,-0.0001319695152064,0.5829376299922407
2025-03-08 14:25:29.327,-0.0001333783100371,0.6322248486413709
2025-03-08 14:25:29.346,-0.0001319601165786,0.6554458388523976
2025-03-08 14:25:29.366,-0.0001288482116828,0.6462284987881152
2025-03-08 14:25:29.385,-0.0001246698638257,0.6009721138671498
2025-03-08 14:25:29.405,-0.0001195235713451,0.5196076922396957
2025-03-08 14:25:29.424,-0.0001132160142279,0.4059753998504705
2025-03-08 14:25:29.444,-0.0001056320596519,0.2676272212825978
2025-03-08 14:25:29.463,-9.703699366748254e-05,0.1149377975371158
2025-03-08 14:25:29.483,-8.812635923413107e-05,-0.0404305878053384
2025-03-08 14:25:29.502,-7.976685849492105e-05,-0.1874563940896524
2025-03-08 14:25:29.522,-7.254823994043328e-05,-0.3176548617488212
2025-03-08 14:25:29.541,-6.637735808230791e-05,-0.4264568181983776
2025-03-08 14:25:29.561,-6.032973989951901e-05,-0.5136869456719485
2025-03-08 14:25:29.580,-5.285585622700539e-05,-0.5829982827987664
2025-03-08 14:25:29.600,-4.2280620200744665e-05,-0.6404071987354368
2025-03-08 14:25:29.620,-2.7399823819670454e-05,-0.6922976609792159
2025-03-08 14:25:29.639,-7.932726045670511e-06,-0.7433610310446899
2025-03-08 14:25:29.659,1.5330863764288607e-05,-0.7949144128850193
2025-03-08 14:25:29.678,4.069935052495673e-05,-0.843942752139399
2025-03-08 14:25:29.698,6.595430743712467e-05,-0.8830745716352598
2025-03-08 14:25:29.717,8.8789732643727e-05,-0.9015409279656548
2025-03-08 14:25:29.737,0.0001072063084146,-0.8869932350704884
2025-03-08 14:25:29.756,0.0001198010376437,-0.8278974477224006
2025-03-08 14:25:29.776,0.000125932035483,-0.7161095877718505
2025-03-08 14:25:29.795,0.0001257607119395,-0.5491780816936438
2025-03-08 14:25:29.815,0.0001201824455624,-0.3319106245580205
2025-03-08 14:25:29.834,0.0001106606506017,-0.0768048493058559
2025-03-08 14:25:29.854,9.898830544695626e-05,0.1968975628221785
2025-03-08 14:25:29.873,8.70213593521158e-05,0.4655101269963509
2025-03-08 14:25:29.893,7.644747106589137e-05,0.7042136533444818
2025-03-08 14:25:29.913,6.863682381337819e-05,0.8907687233066963
2025-03-08 14:25:29.932,6.455395702007825e-05,1.0088960394582471
2025-03-08 14:25:29.952,6.464562860267824e-05,1.0506787081627111
2025-03-08 14:25:29.971,6.864796184947794e-05,1.0176003938684408
2025-03-08 14:25:29.991,7.538639883493663e-05,0.9201599746770576
2025-03-08 14:25:30.010,8.276437104846845e-05,0.7762723140585558
2025-03-08 14:25:30.030,8.811885372997094e-05,0.6087983174390524
2025-03-08 14:25:30.049,8.894237664289438e-05,0.44255492639362
2025-03-08 14:25:30.069,8.374296827138728e-05,0.301117724385772
2025-03-08 14:25:30.088,7.2678822687314e-05,0.2037253458764595
2025-03-08 14:25:30.108,5.764931310465895e-05,0.1626345496480031
2025-03-08 14:25:30.127,4.17477344140956e-05,0.1812927214317543
2025-03-08 14:25:30.147,2.827784944360788e-05,0.253621224030705
2025-03-08 14:25:30.166,1.9733653924614093e-05,0.3645381830642601
2025-03-08 14:25:30.186,1.712723890799708e-05,0.4916666746625541
2025-03-08 14:25:30.205,1.985389069452704e-05,0.6080491816485445
2025-03-08 14:25:30.225,2.603687007202793e-05,0.6856269595792095
2025-03-08 14:25:30.245,3.3132571552470026e-05,0.6991875336056418
2025-03-08 14:25:30.264,3.856478457940927e-05,0.6303882052320086
2025-03-08 14:25:30.284,4.024975971210489e-05,0.4713388754053922
2025-03-08 14:25:30.303,3.696633432281424e-05,0.2271294435310368
2025-03-08 14:25:30.323,2.8557048489612e-05,-0.0833201554140296
2025-03-08 14:25:30.342,1.5936819887045068e-05,-0.4285760826783388
2025-03-08 14:25:30.362,8.821290441789192e-07,-0.7683650148489201
2025-03-08 14:25:30.381,-1.4396249657381429e-05,-1.0593520969346146
2025-03-08 14:25:30.401,-2.7826415836691206e-05,-1.262234834725661
2025-03-08 14:25:30.420,-3.804225220319729e-05,-1.3488785541426076
2025-03-08 14:25:30.440,-4.474889135340487e-05,-1.3079661159442606
2025-03-08 14:25:30.459,-4.873605204537603e-05,-1.1477787950738212
2025-03-08 14:25:30.479,-5.151557521856144e-05,-0.8952957183904531
2025-03-08 14:25:30.498,-5.470958485763697e-05,-0.5916507855835252
2025-03-08 14:25:30.518,-5.942188307945733e-05,-0.2848627723116839
2025-03-08 14:25:30.538,-6.583902351017343e-05,-0.0213955952668353
2025-03-08 14:25:30.557,-7.320528992814202e-05,0.1616708747364439
2025-03-08 14:25:30.577,-8.013455329832453e-05,0.2423270229715745
2025-03-08 14:25:30.596,-8.507514365128306e-05,0.2162667662356271
2025-03-08 14:25:30.616,-8.673418860624488e-05,0.0963353323267575
2025-03-08 14:25:30.635,-8.437719886134869e-05,-0.0906648255710517
2025-03-08 14:25:30.655,-7.802453392031181e-05,-0.3088768154581285
2025-03-08 14:25:30.674,-6.857289761700977e-05,-0.5190086164353226
2025-03-08 14:25:30.694,-5.78013621650293e-05,-0.6838508279154105
2025-03-08 14:25:30.713,-4.817610622792448e-05,-0.7731151807540586
2025-03-08 14:25:30.733,-4.240337991822712e-05,-0.7671926386840298
2025-03-08 14:25:30.752,-4.277296052679976e-05,-0.6595201334947383
2025-03-08 14:25:30.772,-5.0431976234351264e-05,-0.457318381466633
2025-03-08 14:25:30.791,-6.479322020591992e-05,-0.1805980775811673
2025-03-08 14:25:30.811,-8.329077131620472e-05,0.1404579737058424
2025-03-08 14:25:30.831,-0.0001016364052399,0.4693994853852327
2025-03-08 14:25:30.850,-0.00011460452896,0.7681865805965415
2025-03-08 14:25:30.870,-0.0001172109769573,1.002040273270273
2025-03-08 14:25:30.889,-0.0001060130676901,1.1438568122856865
2025-03-08 14:25:30.909,-8.019697517726338e-05,1.1776281855168316
2025-03-08 14:25:30.928,-4.213459280357296e-05,1.100420678760663
2025-03-08 14:25:30.948,2.8252439955500828e-06,0.9226411847180606
2025-03-08 14:25:30.967,4.7389419602571184e-05,0.6665551056028002
2025-03-08 14:25:30.987,8.396822650929477e-05,0.3632663804706045
2025-03-08 14:25:31.006,0.0001064862859788,0.0485784324799279
2025-03-08 14:25:31.026,0.0001118251314973,-0.2417053000745893
2025-03-08 14:25:31.045,0.0001004803597992,-0.4764188037199132
2025-03-08 14:25:31.065,7.625630423253338e-05,-0.6329978605902442
2025-03-08 14:25:31.084,4.510607592869523e-05,-0.7002416100213692
2025-03-08 14:25:31.104,1.3487028551889045e-05,-0.6794805053098942
2025-03-08 14:25:31.123,-1.3242790207755871e-05,-0.5839433960505516
2025-03-08 14:25:31.143,-3.1899302637518006e-05,-0.4363409837702531
2025-03-08 14:25:31.163,-4.1765163245204746e-05,-0.2649482944905639
2025-03-08 14:25:31.182,-4.415587170990278e-05,-0.0987536670242125
2025-03-08 14:25:31.202,-4.153845707181964e-05,0.0375138114265529
2025-03-08 14:25:31.221,-3.655734897476086e-05,0.1275473481740919
2025-03-08 14:25:31.241,-3.1272486337877625e-05,0.165964277556559
2025-03-08 14:25:31.260,-2.6777940736569845e-05,0.1585968338013313
2025-03-08 14:25:31.280,-2.319850110538622e-05,0.1204983397607716
2025-03-08 14:25:31.299,-1.993683308955529e-05,0.0721256955131282
2025-03-08 14:25:31.319,-1.6011842408068686e-05,0.0345983683665087
2025-03-08 14:25:31.338,-1.0367681691836711e-05,0.025139983367304
2025-03-08 14:25:31.358,-2.0947963308874265e-06,0.0537146902024052
2025-03-08 14:25:31.377,9.44133570427658e-06,0.1215148936183649
2025-03-08 14:25:31.397,2.453429637524257e-05,0.2214617356746212
2025-03-08 14:25:31.416,4.309441182236769e-05,0.340391937877426
2025-03-08 14:25:31.436,6.460230857567619e-05,0.4622451924778937
2025-03-08 14:25:31.456,8.805552505584124e-05,0.5714095038202669
2025-03-08 14:25:31.475,0.0001119327710287,0.6554515192766549
2025-03-08 14:25:31.495,0.0001342192015672,0.7067222037687677
2025-03-08 14:25:31.514,0.0001525375896907,0.7226922189176149
2025-03-08 14:25:31.534,0.0001644108420616,0.7052067979475304
2025-03-08 14:25:31.553,0.0001676436794042,0.6590508130715398
2025-03-08 14:25:31.573,0.0001607650645254,0.5902551809193385
2025-03-08 14:25:31.592,0.0001434332710443,0.5045092670775321
2025-03-08 14:25:31.612,0.0001166903400193,0.4059463381273396
2025-03-08 14:25:31.631,8.297600933210333e-05,0.2964852314447326
2025-03-08 14:25:31.651,4.586764285629922e-05,0.1758432811136142
2025-03-08 14:25:31.670,9.571343485495604e-06,0.0422549856300473
2025-03-08 14:25:31.690,-2.1770862980516146e-05,-0.1061950654165209
2025-03-08 14:25:31.709,-4.484805303978052e-05,-0.2698863130908291
2025-03-08 14:25:31.729,-5.784249246816414e-05,-0.446040644952261
2025-03-08 14:25:31.749,-6.076912777048513e-05,-0.6276426549424575
2025-03-08 14:25:31.768,-5.5346431314150406e-05,-0.8032977667786253
2025-03-08 14:25:31.788,-4.4428431414682646e-05,-0.9582170370433276
2025-03-08 14:25:31.807,-3.12095293735431e-05,-1.0762439573426024
2025-03-08 14:25:31.827,-1.848993085453677e-05,-1.1425693067640408
2025-03-08 14:25:31.846,-8.21573303893928e-06,-1.1465761714808993
2025-03-08 14:25:31.866,-1.3449098876537517e-06,-1.0841661147437351
2025-03-08 14:25:31.885,2.045118962966176e-06,-0.9589772318418912
2025-03-08 14:25:31.905,2.53499631599936e-06,-0.7821322806512245
2025-03-08 14:25:31.924,1.1208905940565548e-06,-0.5705123111614139
2025-03-08 14:25:31.944,-1.0089713265846966e-06,-0.3439339513293305
2025-03-08 14:25:31.963,-2.6843086218145858e-06,-0.1218889825920205
2025-03-08 14:25:31.983,-2.971546521220765e-06,0.0794046462956904
2025-03-08 14:25:32.002,-1.405685201936896e-06,0.2490061767730152
2025-03-08 14:25:32.022,1.8068643805586053e-06,0.3819491672335459
2025-03-08 14:25:32.041,5.703656800436815e-06,0.4786239474902614
2025-03-08 14:25:32.061,8.686966167463081e-06,0.5431776822551315
2025-03-08 14:25:32.081,8.860136121797443e-06,0.5815037994358745
2025-03-08 14:25:32.100,4.487363704681582e-06,0.5994537583029316
2025-03-08 14:25:32.120,-5.5612545094468e-06,0.6017527934812589
2025-03-08 14:25:32.139,-2.1493770513088357e-05,0.5917806112582372
2025-03-08 14:25:32.159,-4.247886257915248e-05,0.5720136056862406
2025-03-08 14:25:32.178,-6.67487516252281e-05,0.5446746592361653
2025-03-08 14:25:32.198,-9.188668712896718e-05,0.5121058539645998
2025-03-08 14:25:32.217,-0.0001152217643875,0.4765674168392214
2025-03-08 14:25:32.237,-0.0001342538681669,0.4394773763762609
2025-03-08 14:25:32.256,-0.000147041646466,0.4004043198427565
2025-03-08 14:25:32.276,-0.000152480362762,0.3562866349538307
2025-03-08 14:25:32.295,-0.0001504041216623,0.3013106229995357
2025-03-08 14:25:32.315,-0.0001414940777795,0.2276631501188037
2025-03-08 14:25:32.334,-0.0001270363746974,0.1270878139100838
2025-03-08 14:25:32.354,-0.0001086133648477,-0.0070615514003023
2025-03-08 14:25:32.374,-8.781616614818519e-05,-0.1776900542919899
2025-03-08 14:25:32.393,-6.604297609366647e-05,-0.3821714506517979
2025-03-08 14:25:32.413,-4.44092667311352e-05,-0.6112524891249062
2025-03-08 14:25:32.432,-2.375673381802436e-05,-0.8489295251089873
2025-03-08 14:25:32.452,-4.718916066199174e-06,-1.073483477832972
2025-03-08 14:25:32.471,1.221027361475956e-05,-1.259708714155168
2025-03-08 14:25:32.491,2.6651327576253903e-05,-1.3821385166223796
2025-03-08 14:25:32.510,3.837974078566593e-05,-1.4188034426537772
2025-03-08 14:25:32.530,4.7422131804260175e-05,-1.354867244689716
2025-03-08 14:25:32.549,5.41653633915012e-05,-1.1854635760613252
2025-03-08 14:25:32.569,5.941477534848745e-05,-0.917218629455118
2025-03-08 14:25:32.588,6.433593798496993e-05,-0.5682121648138847
2025-03-08 14:25:32.608,7.023749410569269e-05,-0.16639105998828
2025-03-08 14:25:32.627,7.820059088295161e-05,0.2533624745284969
2025-03-08 14:25:32.647,8.862677540456564e-05,0.6531833564635551
2025-03-08 14:25:32.667,0.000100845856589,0.996763441866592
2025-03-08 14:25:32.686,0.0001129652563772,1.2539236695881255
2025-03-08 14:25:32.706,0.0001221037403035,1.4045673565182673
2025-03-08 14:25:32.725,0.0001250154298808,1.4413673245342462
2025-03-08 14:25:32.745,0.0001189384704476,1.3706860730969606
2025-03-08 14:25:32.764,0.0001024074621377,1.2114971558175551
2025-03-08 14:25:32.784,7.579594997855058e-05,0.9924097542095722
2025-03-08 14:25:32.803,4.1449616667361376e-05,0.7472354389256681
2025-03-08 14:25:32.823,3.3657206835485656e-06,0.5098170448721605
2025-03-08 14:25:32.842,-3.35286585426706e-05,0.3090035170804618
2025-03-08 14:25:32.862,-6.432999199138093e-05,0.1646470652728627
2025-03-08 14:25:32.881,-8.508636879133104e-05,0.0852968695892682
2025-03-08 14:25:32.901,-9.34589732103761e-05,0.0679021771498089
2025-03-08 14:25:32.920,-8.89899868556789e-05,0.0994145478581548
2025-03-08 14:25:32.940,-7.29872149237965e-05,0.1598196586193029
2025-03-08 14:25:32.959,-4.8130715358361816e-05,0.2259284563533207
2025-03-08 14:25:32.979,-1.7940796161918952e-05,0.2752377352885354
2025-03-08 14:25:32.999,1.3768384249927611e-05,0.2892860377786715
2025-03-08 14:25:33.018,4.33675782302956e-05,0.2561125564691706
2025-03-08 14:25:33.038,6.778798033366327e-05,0.1716178498152735
2025-03-08 14:25:33.057,8.479107571200909e-05,0.0397892538845512
2025-03-08 14:25:33.077,9.314175727318195e-05,-0.1281275470230093
2025-03-08 14:25:33.096,9.268526470705056e-05,-0.3153519112403469
2025-03-08 14:25:33.116,8.431118376902911e-05,-0.5019695133344633
2025-03-08 14:25:33.135,6.977777116135987e-05,-0.6677364379017853
2025-03-08 14:25:33.155,5.138387588164008e-05,-0.7949503596481846
2025-03-08 14:25:33.174,3.1522589114134524e-05,-0.871002979870314
2025-03-08 14:25:33.194,1.221658648059332e-05,-0.8902172474900071
2025-03-08 14:25:33.213,-5.223749016229369e-06,-0.8546357433479802
2025-03-08 14:25:33.233,-2.03044758906268e-05,-0.7735748229454051
2025-03-08 14:25:33.252,-3.318606305881686e-05,-0.6619682905769322
2025-03-08 14:25:33.272,-4.432077157266816e-05,-0.5377510958516322
2025-03-08 14:25:33.292,-5.401560026230051e-05,-0.4187349969299195
2025-03-08 14:25:33.311,-6.207143594320281e-05,-0.3195617103532441
2025-03-08 14:25:33.331,-6.763585809824971e-05,-0.2493402530886064
2025-03-08 14:25:33.350,-6.933840102212072e-05,-0.2104532963566135
2025-03-08 14:25:33.370,-6.566823036037874e-05,-0.198758621412236
2025-03-08 14:25:33.389,-5.546825265888708e-05,-0.2050702585644696
2025-03-08 14:25:33.409,-3.8399403630945e-05,-0.2174766628716761
2025-03-08 14:25:33.428,-1.5257822095534646e-05,-0.2238578883807507
2025-03-08 14:25:33.448,1.19291925231155e-05,-0.2139858137649328
2025-03-08 14:25:33.467,4.006061981491264e-05,-0.180820819321823
2025-03-08 14:25:33.487,6.536375541268318e-05,-0.1209390996231155
2025-03-08 14:25:33.506,8.398935432167969e-05,-0.0342899108396371
2025-03-08 14:25:33.526,9.27048329307746e-05,0.076396810534976
2025-03-08 14:25:33.545,8.955238328696738e-05,0.2062608163125083
2025-03-08 14:25:33.565,7.43181237059028e-05,0.3488622002718867
2025-03-08 14:25:33.584,4.867040916945553e-05,0.4966409596085059
2025-03-08 14:25:33.604,1.5884734411365366e-05,0.6414023299393549
2025-03-08 14:25:33.624,-1.9815232592840525e-05,0.7749277144082598
2025-03-08 14:25:33.643,-5.41283929820071e-05,0.8896814782438673
2025-03-08 14:25:33.663,-8.348243832052802e-05,0.9794381907102122
2025-03-08 14:25:33.682,-0.0001055199595945,1.0396058834257629
2025-03-08 14:25:33.702,-0.0001191685501258,1.067118518735776
2025-03-08 14:25:33.721,-0.0001243911667195,1.0599702364070192
2025-03-08 14:25:33.741,-0.0001218049318229,1.0166543098165048
2025-03-08 14:25:33.760,-0.0001123250640043,0.9358427123631818
2025-03-08 14:25:33.780,-9.69159749462068e-05,0.8165539979673889
2025-03-08 14:25:33.799,-7.647971166226976e-05,0.6588428739056714
2025-03-08 14:25:33.819,-5.188263286675205e-05,0.4647907305475375
2025-03-08 14:25:33.838,-2.4093099618577792e-05,0.2393876118898798
2025-03-08 14:25:33.858,5.627525756301886e-06,-0.0091344718372174
2025-03-08 14:25:33.877,3.55610305405636e-05,-0.2697911996180333
2025-03-08 14:25:33.897,6.348042772417733e-05,-0.5301224974180616
2025-03-08 14:25:33.917,8.677451493354533e-05,-0.7778967909399295
2025-03-08 14:25:33.936,0.0001027690483547,-1.0026962816358145
2025-03-08 14:25:33.956,0.0001092036698531,-1.1968704534098091
2025-03-08 14:25:33.975,0.0001047607005761,-1.3555822165197875
2025-03-08 14:25:33.995,8.949632562332007e-05,-1.4760100326753471
2025-03-08 14:25:34.014,6.501737459195837e-05,-1.5560799814714548
2025-03-08 14:25:34.034,3.429519053984806e-05,-1.5932751639479985
2025-03-08 14:25:34.053,1.1176013654210256e-06,-1.584046060053479
2025-03-08 14:25:34.073,-3.067341683638606e-05,-1.5241272345225807
2025-03-08 14:25:34.092,-5.7898857580940296e-05,-1.409724199435774
2025-03-08 14:25:34.112,-7.846730440758123e-05,-1.2391926583016428
2025-03-08 14:25:34.131,-9.141262043069506e-05,-1.0146217545065626
2025-03-08 14:25:34.151,-9.66383958281568e-05,-0.742737358623144
2025-03-08 14:25:34.170,-9.455354213593708e-05,-0.434761535262556
2025-03-08 14:25:34.190,-8.57525458740965e-05,-0.1052156555485438
2025-03-08 14:25:34.210,-7.082020229009803e-05,0.2299992228518703
2025-03-08 14:25:34.229,-5.028863089289303e-05,0.5557026290882845
2025-03-08 14:25:34.249,-2.474292198166676e-05,0.8591729913537941
2025-03-08 14:25:34.268,4.9604686337008006e-06,1.1311621978469917
2025-03-08 14:25:34.288,3.74339587062286e-05,1.3660809681075108
2025-03-08 14:25:34.307,7.05558554204812e-05,1.561463834887319
2025-03-08 14:25:34.327,0.0001014273868031,1.7169337223419003
2025-03-08 14:25:34.346,0.0001265684513916,1.832909795069935
2025-03-08 14:25:34.366,0.0001423761917224,1.909297927789376
2025-03-08 14:25:34.385,0.0001457944463717,1.944417759415864
2025-03-08 14:25:34.405,0.0001350621445602,1.934445179512584
2025-03-08 14:25:34.424,0.0001103490079157,1.8736262323280843
2025-03-08 14:25:34.444,7.407408850883323e-05,1.7553942957470383
2025-03-08 14:25:34.463,3.075661902885301e-05,1.5742966045341376
2025-03-08 14:25:34.483,-1.3634906780877252e-05,1.3283655775397958
2025-03-08 14:25:34.502,-5.2729953348103656e-05,1.0213461042355387
2025-03-08 14:25:34.522,-8.098189143979434e-05,0.6641091128834737
2025-03-08 14:25:34.542,-9.479741830521964e-05,0.2747061711939981
2025-03-08 14:25:34.561,-9.330000967824382e-05,-0.1231661083136032
2025-03-08 14:25:34.581,-7.8534517545291e-05,-0.5031137714420203
2025-03-08 14:25:34.600,-5.50530379575958e-05,-0.8398500847825868
2025-03-08 14:25:34.620,-2.896697478558264e-05,-1.1130644558835208
2025-03-08 14:25:34.639,-6.664396128952147e-06,-1.3105247383596987
2025-03-08 14:25:34.659,6.5415874099697855e-06,-1.4297472604282229
2025-03-08 14:25:34.678,7.549635296657751e-06,-1.47789279221126
2025-03-08 14:25:34.698,-3.861732223672222e-06,-1.4699402941536
2025-03-08 14:25:34.717,-2.5009508638636578e-05,-1.42554637326727
2025-03-08 14:25:34.737,-5.097022787028467e-05,-1.3652356693605414
2025-03-08 14:25:34.756,-7.580449612936893e-05,-1.3066585066286804
2025-03-08 14:25:34.776,-9.402959420701012e-05,-1.2616092825384342
2025-03-08 14:25:34.795,-0.0001019100104517,-1.234342072778083
2025-03-08 14:25:34.815,-9.817761817263676e-05,-1.2214662177352067
2025-03-08 14:25:34.835,-8.401155598268515e-05,-1.2133858146662044
2025-03-08 14:25:34.854,-6.23908550671508e-05,-1.1969225638497405
2025-03-08 14:25:34.874,-3.712203968161922e-05,-1.1585076779464365
2025-03-08 14:25:34.893,-1.1867397480044572e-05,-1.0872140122358709
2025-03-08 14:25:34.913,1.0594892035159196e-05,-0.976963899397424
2025-03-08 14:25:34.932,2.876835769481397e-05,-0.8274850630746303
2025-03-08 14:25:34.952,4.248024716979515e-05,-0.6439340972322597
2025-03-08 14:25:34.971,5.262967174469306e-05,-0.4354602419067372
2025-03-08 14:25:34.991,6.075089855345605e-05,-0.2132326217003817
2025-03-08 14:25:35.010,6.849735965844229e-05,0.0114734696770171
2025-03-08 14:25:35.030,7.712169527641197e-05,0.2286543928397097
2025-03-08 14:25:35.049,8.703097473011222e-05,0.4301976815777233
2025-03-08 14:25:35.069,9.753348406306176e-05,0.6098140645302301
2025-03-08 14:25:35.088,0.0001068935016887,0.7625865887215407
2025-03-08 14:25:35.108,0.0001127331262175,0.8845394565945809
2025-03-08 14:25:35.128,0.0001127000007507,0.9725549349841444
2025-03-08 14:25:35.147,0.0001052158459104,1.0247519269314422
2025-03-08 14:25:35.167,9.007255337586208e-05,1.0411861229779746
2025-03-08 14:25:35.186,6.866864087581634e-05,1.024553678878652
2025-03-08 14:25:35.206,4.378119308236544e-05,0.980539120494532
2025-03-08 14:25:35.225,1.8922348629361134e-05,0.9175396356886254
2025-03-08 14:25:35.245,-2.5224674328258e-06,0.8456813268359976
2025-03-08 14:25:35.264,-1.809668525959757e-05,0.7752600696909164
2025-03-08 14:25:35.284,-2.6751650508487597e-05,0.7149262929036364
2025-03-08 14:25:35.303,-2.8846367315099985e-05,0.670039701402363
2025-03-08 14:25:35.323,-2.5693428051029144e-05,0.6416224311492362
2025-03-08 14:25:35.342,-1.8872095167069004e-05,0.6262319317803202
2025-03-08 14:25:35.362,-9.631082148538372e-06,0.61687116296725
2025-03-08 14:25:35.381,1.3611796859716824e-06,0.604794534021543
2025-03-08 14:25:35.401,1.384821012131848e-05,0.5818180796910087
2025-03-08 14:25:35.420,2.7518443542792443e-05,0.5425685270733603
2025-03-08 14:25:35.440,4.1470339220387065e-05,0.4860614165147238
2025-03-08 14:25:35.460,5.3868747271446775e-05,0.4161195461411132
2025-03-08 14:25:35.479,6.200843536216195e-05,0.3404345979695848
2025-03-08 14:25:35.499,6.287210097383712e-05,0.2684749977793287
2025-03-08 14:25:35.518,5.406052507715935e-05,0.2088124271096672
2025-03-08 14:25:35.538,3.476519211390102e-05,0.1666243497353894
2025-03-08 14:25:35.557,6.3764280073522125e-06,0.142061105764656
2025-03-08 14:25:35.577,-2.7562740013062372e-05,0.1298953568711769
2025-03-08 14:25:35.596,-6.20855711052551e-05,0.1205203912443284
2025-03-08 14:25:35.616,-9.196602977724532e-05,0.1020462806940244
2025-03-08 14:25:35.635,-0.0001129176420211,0.0630220846955994
2025-03-08 14:25:35.655,-0.0001224584726687,-0.0048004985981247
2025-03-08 14:25:35.674,-0.0001202447128626,-0.1042614825184436
2025-03-08 14:25:35.694,-0.0001078773844119,-0.231660771152251
2025-03-08 14:25:35.713,-8.83370511148332e-05,-0.3770205783290488
2025-03-08 14:25:35.733,-6.526936609640773e-05,-0.5257582173706804
2025-03-08 14:25:35.753,-4.233338522210612e-05,-0.6614241707928785
2025-03-08 14:25:35.772,-2.275416300188276e-05,-0.7688480106423004
2025-03-08 14:25:35.792,-9.11708640046516e-06,-0.8368933542460394
2025-03-08 14:25:35.811,-3.332992637893744e-06,-0.8601287226723283
2025-03-08 14:25:35.831,-6.628981004811854e-06,-0.8390581876905188
2025-03-08 14:25:35.850,-1.94266174496557e-05,-0.7790134696367166
2025-03-08 14:25:35.870,-4.1071881389052665e-05,-0.6882214401564155
2025-03-08 14:25:35.889,-6.95239686044874e-05,-0.5757726842842095
2025-03-08 14:25:35.909,-0.0001012069692716,-0.4501518971631675
2025-03-08 14:25:35.928,-0.0001312300111571,-0.3186871903777439
2025-03-08 14:25:35.948,-0.0001540754067313,-0.187866080618937
2025-03-08 14:25:35.967,-0.0001646648756808,-0.0641176288770778
2025-03-08 14:25:35.987,-0.0001595303576448,0.04550039536871
2025-03-08 14:25:36.006,-0.0001377427699891,0.133201490919327
2025-03-08 14:25:36.026,-0.0001013125923565,0.1911948670744169
2025-03-08 14:25:36.045,-5.49158630553565e-05,0.2131318342737246
2025-03-08 14:25:36.065,-4.962506308821834e-06,0.1958655935653228
2025-03-08 14:25:36.085,4.181306303680776e-05,0.1409416967500997
2025-03-08 14:25:36.104,7.9909301959809e-05,0.0552485718909979
2025-03-08 14:25:36.124,0.0001063297164652,-0.0495389214333883
2025-03-08 14:25:36.143,0.0001211496804693,-0.1587448390372072
2025-03-08 14:25:36.163,0.0001271512754788,-0.2573487847312394
2025-03-08 14:25:36.182,0.0001286339380687,-0.3328751908529411
2025-03-08 14:25:36.202,0.0001298181938141,-0.3777891723660416
2025-03-08 14:25:36.221,0.0001333828892047,-0.3907920353002188
2025-03-08 14:25:36.241,0.0001395862375551,-0.3766814719341401
2025-03-08 14:25:36.260,0.0001462026268029,-0.3447922337185709
2025-03-08 14:25:36.280,0.0001492575841198,-0.3063902161083737
2025-03-08 14:25:36.299,0.0001443261914564,-0.2716768128575414
2025-03-08 14:25:36.319,0.0001280146239178,-0.2471878085373786
2025-03-08 14:25:36.338,9.919634882898203e-05,-0.2342880044451983
2025-03-08 14:25:36.358,5.963822018264726e-05,-0.2291775414355387
2025-03-08 14:25:36.378,1.3825001594386938e-05,-0.2244133600128456
2025-03-08 14:25:36.397,-3.1961047279406675e-05,-0.2115244463644141
2025-03-08 14:25:36.417,-7.10105491519567e-05,-0.1839780010543369
2025-03-08 14:25:36.436,-9.759196879666696e-05,-0.1396237194187495
2025-03-08 14:25:36.456,-0.0001080253894821,-0.0818561625522765
2025-03-08 14:25:36.475,-0.0001012279262087,-0.0190895478059373
2025-03-08 14:25:36.495,-7.871787254200155e-05,0.0373470112744771
2025-03-08 14:25:36.514,-4.419107856309984e-05,0.0762795075554719
2025-03-08 14:25:36.534,-2.8334166475536425e-06,0.0898043376038786
2025-03-08 14:25:36.553,3.947612037258391e-05,0.0755471668973731
2025-03-08 14:25:36.573,7.695757060078537e-05,0.0374886126477276
2025-03-08 14:25:36.592,0.0001046465962168,-0.0147403870613026
2025-03-08 14:25:36.612,0.0001189911407466,-0.0677591926156539
2025-03-08 14:25:36.631,0.0001182869827595,-0.1069598218386171
2025-03-08 14:25:36.651,0.0001028990341584,-0.1190566594133503
2025-03-08 14:25:36.671,7.520735366341061e-05,-0.0942090677631358
2025-03-08 14:25:36.690,3.9237268251292406e-05,-0.0274725545771212
2025-03-08 14:25:36.710,-2.586088936129136e-10,0.080472814353964
2025-03-08 14:25:36.729,-3.7328482891914544e-05,0.2232611831646801
2025-03-08 14:25:36.749,-6.817387950732358e-05,0.3893936919847999
2025-03-08 14:25:36.768,-8.90939501436467e-05,0.5634158863596155
2025-03-08 14:25:36.788,-9.800989289815212e-05,0.7277573833022916
2025-03-08 14:25:36.807,-9.424059943115102e-05,0.8651804715426055
2025-03-08 14:25:36.827,-7.847610602112523e-05,0.9615708014357948
2025-03-08 14:25:36.846,-5.275170589605987e-05,1.008551862933866
2025-03-08 14:25:36.866,-2.0382970730823905e-05,1.005255217352805
2025-03-08 14:25:36.885,1.4225085152858108e-05,0.9586554985922544
2025-03-08 14:25:36.905,4.596836640658139e-05,0.8822133701027614
2025-03-08 14:25:36.924,6.965771459747265e-05,0.7930581540227045
2025-03-08 14:25:36.944,8.081104789749964e-05,0.7083899857218335
2025-03-08 14:25:36.963,7.650117685569482e-05,0.6420030483825198
2025-03-08 14:25:36.983,5.607234594026216e-05,0.6017463778208274
2025-03-08 14:25:37.003,2.1512395916434104e-05,0.5884051957083232
2025-03-08 14:25:37.022,-2.269424338674972e-05,0.5960555431161212
2025-03-08 14:25:37.042,-7.028925888805346e-05,0.613580679105725
2025-03-08 14:25:37.061,-0.0001144138486302,0.6268449347324011
2025-03-08 14:25:37.081,-0.0001489329602039,0.6210208953485281
2025-03-08 14:25:37.100,-0.0001695414112736,0.5827059805118536
2025-03-08 14:25:37.120,-0.0001743678472869,0.5016500479550238
2025-03-08 14:25:37.139,-0.0001639804494042,0.3720531369271782
2025-03-08 14:25:37.159,-0.0001408878630629,0.1934316966530225
2025-03-08 14:25:37.178,-0.0001087481307279,-0.0289921885423234
2025-03-08 14:25:37.198,-7.152994022203627e-05,-0.2844827784504436
2025-03-08 14:25:37.217,-3.2830320887656544e-05,-0.5576633635088711
2025-03-08 14:25:37.237,4.530358849420815e-06,-0.8300677021199029
2025-03-08 14:25:37.256,3.8611135204540624e-05,-1.0822113119600452
2025-03-08 14:25:37.276,6.82085463965075e-05,-1.295895308049209
2025-03-08 14:25:37.296,9.25796954201764e-05,-1.4564131553081356
2025-03-08 14:25:37.315,0.0001111545154807,-1.5543681973286327
2025-03-08 14:25:37.335,0.0001233419582214,-1.586877456681998
2025-03-08 14:25:37.354,0.0001284924136318,-1.557989304466546
2025-03-08 14:25:37.374,0.000126029596042,-1.4781750239725358
2025-03-08 14:25:37.393,0.0001157243199822,-1.3628087477683255
2025-03-08 14:25:37.413,9.804971824103216e-05,-1.2296829674439893
2025-03-08 14:25:37.432,7.451221579044149e-05,-1.095840947598424
2025-03-08 14:25:37.452,4.7793450395527367e-05,-0.9742920298465044
2025-03-08 14:25:37.471,2.1527735021682003e-05,-0.8713833306920614
2025-03-08 14:25:37.491,-3.473800384885514e-07,-0.7855901942733547
2025-03-08 14:25:37.510,-1.45225399991377e-05,-0.7081959138099256
2025-03-08 14:25:37.530,-1.9221592192960415e-05,-0.6258228798454689
2025-03-08 14:25:37.549,-1.4762184847812728e-05,-0.5242191919720292
2025-03-08 14:25:37.569,-3.584573637918798e-06,-0.3923018957173693
2025-03-08 14:25:37.589,1.0258574266020522e-05,-0.2253697609808446
2025-03-08 14:25:37.608,2.200623795004905e-05,-0.0266598329302357
2025-03-08 14:25:37.628,2.7252009103878525e-05,0.1930776950706528
2025-03-08 14:25:37.647,2.2912383709439768e-05,0.4177652199222186
2025-03-08 14:25:37.667,7.894732466718366e-06,0.6293030186414823
2025-03-08 14:25:37.686,-1.6650009502616926e-05,0.8111456834388119
2025-03-08 14:25:37.706,-4.7515571246569946e-05,0.9513094141704452
2025-03-08 14:25:37.725,-8.003367024417292e-05,1.0441566592719724
2025-03-08 14:25:37.745,-0.0001089763916379,1.0906240388492137
2025-03-08 14:25:37.764,-0.0001295852085915,1.0969527239853765
2025-03-08 14:25:37.784,-0.0001384779749286,1.0723622984506118
2025-03-08 14:25:37.803,-0.000134212330497,1.0263760318230362
2025-03-08 14:25:37.823,-0.0001174025427744,0.9665691521660226
2025-03-08 14:25:37.842,-9.042470244905263e-05,0.8973396419256645
2025-03-08 14:25:37.862,-5.684028139106788e-05,0.8199417304285228
2025-03-08 14:25:37.881,-2.070337518447304e-05,0.73359750503182
2025-03-08 14:25:37.901,1.4096380033541124e-05,0.637162463893518
2025-03-08 14:25:37.921,4.434564557043566e-05,0.5306837397308566
2025-03-08 14:25:37.940,6.781687012331154e-05,0.4162945961275435
2025-03-08 14:25:37.960,8.336690040738959e-05,0.2981864772034149
2025-03-08 14:25:37.979,9.085425993662964e-05,0.1817715956023781
2025-03-08 14:25:37.999,9.093281771629436e-05,0.0724496054673517
2025-03-08 14:25:38.018,8.480066538082543e-05,-0.0254921321320308
2025-03-08 14:25:38.038,7.398831239131999e-05,-0.1094182000024361
2025-03-08 14:25:38.057,6.023436116532357e-05,-0.1781649105197638
2025-03-08 14:25:38.077,4.541590500401711e-05,-0.2312949387991132
2025-03-08 14:25:38.096,3.14382201936681e-05,-0.2681778042265036
2025-03-08 14:25:38.116,2.002342495504036e-05,-0.2873590454343773
2025-03-08 14:25:38.135,1.2450568850188372e-05,-0.2865714109945655
2025-03-08 14:25:38.155,9.368901403922696e-06,-0.2634984583878731
2025-03-08 14:25:38.174,1.0756572797777536e-05,-0.2171070515193241
2025-03-08 14:25:38.194,1.599459239189148e-05,-0.1491112835485585
2025-03-08 14:25:38.214,2.398507120587315e-05,-0.0650047604959606
2025-03-08 14:25:38.233,3.3282079745856244e-05,0.0258350293728149
2025-03-08 14:25:38.253,4.224796993872424e-05,0.1112080824075459
2025-03-08 14:25:38.272,4.924519733633089e-05,0.1781898022187339
2025-03-08 14:25:38.292,5.2842224856867785e-05,0.2157912408493947
2025-03-08 14:25:38.311,5.199341960763884e-05,0.2175026935319468
2025-03-08 14:25:38.331,4.616566775509993e-05,0.1830425136980019
2025-03-08 14:25:38.350,3.541487106888751e-05,0.1188352633076645
2025-03-08 14:25:38.370,2.042559687410387e-05,0.0370760414093198
2025-03-08 14:25:38.389,2.496459390688116e-06,-0.0464075396349676
2025-03-08 14:25:38.409,-1.6580427425904258e-05,-0.1150091649808813
2025-03-08 14:25:38.428,-3.4780313521784044e-05,-0.1542965140223959
2025-03-08 14:25:38.448,-5.021181483155745e-05,-0.1544797073464603
2025-03-08 14:25:38.467,-6.148032784286592e-05,-0.1119796864050224
2025-03-08 14:25:38.487,-6.791601070031259e-05,-0.0299134985142959
2025-03-08 14:25:38.506,-6.957993246233198e-05,0.0824600523554051
2025-03-08 14:25:38.526,-6.706114636384684e-05,0.211120394628013
2025-03-08 14:25:38.546,-6.117332172178854e-05,0.3391882139162727
2025-03-08 14:25:38.565,-5.2700504127989896e-05,0.4490461435702718
2025-03-08 14:25:38.585,-4.2309514912139e-05,0.5244311659230263
2025-03-08 14:25:38.604,-3.0654379582924895e-05,0.5523290174830623
2025-03-08 14:25:38.624,-1.8586991662081693e-05,0.5245511793077408
2025-03-08 14:25:38.643,-7.321485659233538e-06,0.4388816456176538
2025-03-08 14:25:38.663,1.5803782659064156e-06,0.2996557178628188
2025-03-08 14:25:38.682,6.453563267133759e-06,0.1176099876783848
2025-03-08 14:25:38.702,5.965546883988641e-06,-0.0911366064209844
2025-03-08 14:25:38.721,-3.722719492754637e-07,-0.3070118028883826
2025-03-08 14:25:38.741,-1.1800265088883116e-05,-0.5096867447964368
2025-03-08 14:25:38.760,-2.6215273716792296e-05,-0.6811686303525727
2025-03-08 14:25:38.780,-4.050216598533205e-05,-0.8087210344324789
2025-03-08 14:25:38.799,-5.123263619932684e-05,-0.886966080898326
2025-03-08 14:25:38.819,-5.550457818883079e-05,-0.918618171723156
2025-03-08 14:25:38.839,-5.16467641911892e-05,-0.9135696311427683
2025-03-08 14:25:38.858,-3.959301988364944e-05,-0.8864397807167649
2025-03-08 14:25:38.878,-2.086440581692204e-05,-0.8531032857821392
2025-03-08 14:25:38.897,1.7837235590679155e-06,-0.8269980796593817
2025-03-08 14:25:38.917,2.4920742022889007e-05,-0.8160744770449299
2025-03-08 14:25:38.936,4.505412242738071e-05,-0.8210632060787755
2025-03-08 14:25:38.956,5.916514679560492e-05,-0.8353834798697634
2025-03-08 14:25:38.975,6.508624873600358e-05,-0.846617787052965
2025-03-08 14:25:38.995,6.170792361771186e-05,-0.8391764432539521
2025-03-08 14:25:39.014,4.906292548382812e-05,-0.7976131145169576
2025-03-08 14:25:39.034,2.8347162231136936e-05,-0.7099958242829832
2025-03-08 14:25:39.053,1.8859492547057669e-06,-0.570732010876377
2025-03-08 14:25:39.073,-2.7010411628182417e-05,-0.3822907611597163
2025-03-08 14:25:39.092,-5.436809165397798e-05,-0.1554070708196665
2025-03-08 14:25:39.112,-7.60579083547315e-05,0.0923792913697781
2025-03-08 14:25:39.132,-8.841807135769576e-05,0.3396386661401503
2025-03-08 14:25:39.151,-8.886206673758803e-05,0.564850064279368
2025-03-08 14:25:39.171,-7.634042489853746e-05,0.7502665298799145
2025-03-08 14:25:39.190,-5.15735605021505e-05,0.8849830899704172
2025-03-08 14:25:39.210,-1.7033653467516665e-05,0.9665263133753784
2025-03-08 14:25:39.229,2.3306531620809047e-05,1.0006514321927555
2025-03-08 14:25:39.249,6.442503179569655e-05,0.9994682711472842
2025-03-08 14:25:39.268,0.0001008649651263,0.9783895408506784
2025-03-08 14:25:39.288,0.0001274646988755,0.952616068507018
2025-03-08 14:25:39.307,0.0001401336987491,0.9339146675764548
2025-03-08 14:25:39.327,0.0001365699076762,0.9283181029034095
2025-03-08 14:25:39.346,0.0001167839315499,0.9351241806489908
2025-03-08 14:25:39.366,8.32903033669783e-05,0.9472632559072528
2025-03-08 14:25:39.385,4.086779815885762e-05,0.9528287840560776
2025-03-08 14:25:39.405,-4.119366754451884e-06,0.9373931137871292
2025-03-08 14:25:39.424,-4.4740407291158375e-05,0.8866748568919403
2025-03-08 14:25:39.444,-7.467447002519902e-05,0.7891470841018722
2025-03-08 14:25:39.464,-8.932129640672605e-05,0.6382290758546272
2025-03-08 14:25:39.483,-8.662756531768762e-05,0.4337673652107121
2025-03-08 14:25:39.503,-6.746713697201336e-05,0.1825923277626061
2025-03-08 14:25:39.522,-3.551086567258117e-05,-0.1019506151196732
2025-03-08 14:25:39.542,3.376992051602677e-06,-0.4014502597382549
2025-03-08 14:25:39.561,4.210454238678237e-05,-0.6946555425057406
2025-03-08 14:25:39.581,7.352597085901154e-05,-0.9601350563598052
2025-03-08 14:25:39.600,9.164671729726844e-05,-1.178940159991856
2025-03-08 14:25:39.620,9.267441861317884e-05,-1.336833817647112
2025-03-08 14:25:39.639,7.573571835563446e-05,-1.4257331375266598
2025-03-08 14:25:39.659,4.311104677834421e-05,-1.444178657018593
2025-03-08 14:25:39.678,-8.89525676921727e-08,-1.3968367054667448
2025-03-08 14:25:39.698,-4.677299065863072e-05,-1.2932038102228052
2025-03-08 14:25:39.717,-8.909776393406122e-05,-1.1457891491365673
2025-03-08 14:25:39.737,-0.0001198473727072,-0.9681140638883786
2025-03-08 14:25:39.757,-0.0001337027016063,-0.7728954011183872
2025-03-08 14:25:39.776,-0.0001281568788264,-0.570748505840044
2025-03-08 14:25:39.796,-0.0001039033016733,-0.369620731632079
2025-03-08 14:25:39.815,-6.46349209220957e-05,-0.1749534487559174
2025-03-08 14:25:39.835,-1.6311067832303166e-05,0.00965491115683
2025-03-08 14:25:39.854,3.395934909956218e-05,0.1816436401045105
2025-03-08 14:25:39.874,7.920594107930586e-05,0.3388755948848993
2025-03-08 14:25:39.893,0.0001138028591652,0.4793877053944944
2025-03-08 14:25:39.913,0.0001343318244311,0.6014752557116049
2025-03-08 14:25:39.932,0.0001399037889845,0.7039287110684818
2025-03-08 14:25:39.952,0.0001318933048113,0.7862030503623879
2025-03-08 14:25:39.971,0.0001132301463284,0.848368933274661
2025-03-08 14:25:39.991,8.752394580034685e-05,0.8908279744906338
2025-03-08 14:25:40.010,5.83105009982156e-05,0.913914857533608
2025-03-08 14:25:40.030,2.8607812286723577e-05,0.917600669139135
2025-03-08 14:25:40.050,8.042674213587212e-07,0.901505771315619
2025-03-08 14:25:40.069,-2.324540203017801e-05,0.8653147455781155
2025-03-08 14:25:40.089,-4.209189467410648e-05,0.8095082684177376
2025-03-08 14:25:40.108,-5.465473150918702e-05,0.7361669352580235
2025-03-08 14:25:40.128,-6.030115608438997e-05,0.649518043304207
2025-03-08 14:25:40.147,-5.897990463791912e-05,0.5559106682961142
2025-03-08 14:25:40.167,-5.132248522134975e-05,0.4630292869452123
2025-03-08 14:25:40.186,-3.865605822339812e-05,0.3783935099595206
2025-03-08 14:25:40.206,-2.292257959936256e-05,0.3074907494364417
2025-03-08 14:25:40.225,-6.5287355497883056e-06,0.2521288207321292
2025-03-08 14:25:40.245,7.852944268396226e-06,0.2096392046333736
2025-03-08 14:25:40.264,1.7540185288699055e-05,0.1733445696151853
2025-03-08 14:25:40.284,2.0187088217327552e-05,0.134284255511695
2025-03-08 14:25:40.303,1.422895112349011e-05,0.0837271704200052
2025-03-08 14:25:40.323,-6.535356699382381e-07,0.0156800382393589
2025-03-08 14:25:40.342,-2.3219791292495604e-05,-0.0714451722397299
2025-03-08 14:25:40.362,-5.067289703680893e-05,-0.1745793792932844
2025-03-08 14:25:40.382,-7.904428809535342e-05,-0.2872538974169549
2025-03-08 14:25:40.401,-0.0001038847976098,-0.4019290608231085
2025-03-08 14:25:40.421,-0.0001210862011998,-0.5125661913184816
2025-03-08 14:25:40.440,-0.0001276226715371,-0.6165141376070504
2025-03-08 14:25:40.460,-0.0001220411846165,-0.7150066774356393
2025-03-08 14:25:40.479,-0.0001046242674601,-0.8120394826518681
2025-03-08 14:25:40.499,-7.72482392788165e-05,-0.9119610007212002
2025-03-08 14:25:40.518,-4.302293157187412e-05,-1.0165895839017107
2025-03-08 14:25:40.538,-5.815205953944904e-06,-1.122893507816219
2025-03-08 14:25:40.557,3.0257899125477022e-05,-1.2221392627714285
2025-03-08 14:25:40.577,6.13098827103646e-05,-1.30093984205168
2025-03-08 14:25:40.596,8.41077545991991e-05,-1.3439690825266777
2025-03-08 14:25:40.616,9.641636266779354e-05,-1.33750149634286
2025-03-08 14:25:40.635,9.723959080632188e-05,-1.2726403644793352
2025-03-08 14:25:40.655,8.692527580749381e-05,-1.14723828646814
2025-03-08 14:25:40.675,6.710231002387045e-05,-0.9660289501721732
2025-03-08 14:25:40.694,4.044411774981724e-05,-0.739146128175713
2025-03-08 14:25:40.714,1.0298534358443152e-05,-0.4797226649024529
2025-03-08 14:25:40.733,-1.9741385289482257e-05,-0.2014434978876287
2025-03-08 14:25:40.753,-4.625956165735023e-05,0.0832440344409581
2025-03-08 14:25:40.772,-6.640464008992813e-05,0.3639385520316694
2025-03-08 14:25:40.792,-7.823412963910483e-05,0.6321805999561678
2025-03-08 14:25:40.811,-8.097755853033733e-05,0.8807761918940531
2025-03-08 14:25:40.831,-7.51411906526417e-05,1.1029934351057071
2025-03-08 14:25:40.850,-6.238100444632123e-05,1.2920342650837977
2025-03-08 14:25:40.870,-4.51324108934178e-05,1.441031301113204
2025-03-08 14:25:40.889,-2.6067506719836656e-05,1.543612432171555
2025-03-08 14:25:40.909,-7.51110318293208e-06,1.5948772494008898
2025-03-08 14:25:40.928,9.032900535541053e-06,1.592503456277774
2025-03-08 14:25:40.948,2.3113175134746583e-05,1.53768333674048
2025-03-08 14:25:40.967,3.5243189652939906e-05,1.4356628429472786
2025-03-08 14:25:40.987,4.6496196597161256e-05,1.2957586882378571
2025-03-08 14:25:41.007,5.787898597259337e-05,1.1308053248042635
2025-03-08 14:25:41.026,6.967169541960241e-05,0.9560222852986836
2025-03-08 14:25:41.046,8.097748230172049e-05,0.7873280018557014
2025-03-08 14:25:41.065,8.969981874297536e-05,0.6392057239001641
2025-03-08 14:25:41.085,9.303441267325857e-05,0.5223660605928184
2025-03-08 14:25:41.104,8.837369580044698e-05,0.4416091577310297
2025-03-08 14:25:41.124,7.435418414065059e-05,0.3943860505625888
2025-03-08 14:25:41.143,5.168493363703824e-05,0.3705165923832895
2025-03-08 14:25:41.163,2.3420249081747398e-05,0.3533186015691669
2025-03-08 14:25:41.182,-5.48710289418583e-06,0.3220931161462197
2025-03-08 14:25:41.202,-2.9247529683620075e-05,0.2555975663913086
2025-03-08 14:25:41.221,-4.258649386474147e-05,0.1359164744052434
2025-03-08 14:25:41.241,-4.200076897665019e-05,-0.0479524613075515
2025-03-08 14:25:41.260,-2.661744426344624e-05,-0.2974457758178965
2025-03-08 14:25:41.280,1.5029508015066004e-06,-0.6032193129404267
2025-03-08 14:25:41.300,3.764524472193086e-05,-0.945634108357157
2025-03-08 14:25:41.319,7.522721236873274e-05,-1.2969069065756853
2025-03-08 14:25:41.339,0.0001069537169731,-1.6245958097175477
2025-03-08 14:25:41.358,0.000126146921669,-1.895869717771311
2025-03-08 14:25:41.378,0.0001280294209575,-2.081898670228936
2025-03-08 14:25:41.397,0.0001107233318843,-2.1617041865479014
2025-03-08 14:25:41.417,7.57459502295881e-05,-2.1249078560548225
2025-03-08 14:25:41.436,2.784962452910454e-05,-1.9729966652279736
2025-03-08 14:25:41.456,-2.581637587032901e-05,-1.7189646283388345
2025-03-08 14:25:41.475,-7.706430600058223e-05,-1.3854502842884031
2025-03-08 14:25:41.495,-0.0001182226213392,-1.0017103674561354
2025-03-08 14:25:41.514,-0.0001435015499382,-0.5999075167803476
2025-03-08 14:25:41.534,-0.0001498707300715,-0.2112375644351409
2025-03-08 14:25:41.553,-0.0001373311579616,0.1375968042985574
2025-03-08 14:25:41.573,-0.0001086399683525,0.427120037208483
2025-03-08 14:25:41.593,-6.865208466070131e-05,0.6466798464225377
2025-03-08 14:25:41.612,-2.3468032488608093e-05,0.7947128318647887
2025-03-08 14:25:41.632,2.04539845785652e-05,0.8776910045623398
2025-03-08 14:25:41.651,5.711811962001136e-05,0.907982649002138
2025-03-08 14:25:41.671,8.168776551909693e-05,0.9010468431238088
2025-03-08 14:25:41.690,9.102856294341386e-05,0.8724837482981165
2025-03-08 14:25:41.710,8.406540763618888e-05,0.8354630907172017
2025-03-08 14:25:41.729,6.190695993659132e-05,0.7989573772663056
2025-03-08 14:25:41.749,2.76871960062526e-05,0.7670319833854771
2025-03-08 14:25:41.768,-1.3896747974314071e-05,0.7392184656179858
2025-03-08 14:25:41.788,-5.73041705582716e-05,0.7117684003595514
2025-03-08 14:25:41.807,-9.700600364722355e-05,0.6794160494515888
2025-03-08 14:25:41.827,-0.0001283083404741,0.6372140847524606
2025-03-08 14:25:41.846,-0.000147976645343,0.5820467316168347
2025-03-08 14:25:41.866,-0.0001545356247772,0.5135335931136649
2025-03-08 14:25:41.885,-0.0001482035254192,0.4341788496840007
2025-03-08 14:25:41.905,-0.0001305248674232,0.3487750106312715
2025-03-08 14:25:41.925,-0.0001038477473225,0.2632233608247786
2025-03-08 14:25:41.944,-7.081574676725278e-05,0.1830578716567275
2025-03-08 14:25:41.964,-3.400871752671935e-05,0.1120205282667152
2025-03-08 14:25:41.983,4.206798164609117e-06,0.051012555699733
2025-03-08 14:25:42.003,4.163972893625277e-05,-0.0023525362901613
2025-03-08 14:25:42.022,7.613808737319602e-05,-0.0535050664346604
2025-03-08 14:25:42.042,0.0001054747204662,-0.1100264264876839
2025-03-08 14:25:42.061,0.0001273646929175,-0.180244884110993
2025-03-08 14:25:42.081,0.0001396729859552,-0.2715162679324753
2025-03-08 14:25:42.100,0.0001407950137002,-0.3884331798715968
2025-03-08 14:25:42.120,0.0001301135520116,-0.5312649750993167
2025-03-08 14:25:42.139,0.0001083809501772,-0.6949833322823129
2025-03-08 14:25:42.159,7.787071540606192e-05,-0.8692141310561672
2025-03-08 14:25:42.178,4.22034406765456e-05,-1.0393190505099072
2025-03-08 14:25:42.198,5.865164124963122e-06,-1.188550286735968
2025-03-08 14:25:42.218,-2.6457383353286243e-05,-1.3009062285855633
2025-03-08 14:25:42.237,-5.0569814529842e-05,-1.364050300326272
2025-03-08 14:25:42.257,-6.338185763405547e-05,-1.3715459094558369
2025-03-08 14:25:42.276,-6.337555386243229e-05,-1.3237756727031202
2025-03-08 14:25:42.296,-5.087330679896519e-05,-1.2272440712799777
2025-03-08 14:25:42.315,-2.8048162069251198e-05,-1.0924134974451842
2025-03-08 14:25:42.335,1.3502755744762205e-06,-0.9306500285582636
2025-03-08 14:25:42.354,3.25281232183604e-05,-0.7511256756321216
2025-03-08 14:25:42.374,6.036382353052701e-05,-0.5585601373619428
2025-03-08 14:25:42.393,8.020207254739178e-05,-0.3524747192550913
2025-03-08 14:25:42.413,8.859805756078654e-05,-0.1282264850307032
2025-03-08 14:25:42.432,8.387910193839982e-05,0.1204035658453212
2025-03-08 14:25:42.452,6.640593607782596e-05,0.3977519290584365
2025-03-08 14:25:42.471,3.846250758942205e-05,0.7029309159438115
2025-03-08 14:25:42.491,3.788447880245191e-06,1.0276487320018446
2025-03-08 14:25:42.511,-3.3123544003270566e-05,1.355991154788859
2025-03-08 14:25:42.530,-6.776734071917641e-05,1.6664294425801518
2025-03-08 14:25:42.550,-9.621959512883278e-05,1.935620507799677
2025-03-08 14:25:42.569,-0.0001155116787258,2.1429417213247617
2025-03-08 14:25:42.589,-0.0001237922736241,2.2744105379698216
2025-03-08 14:25:42.608,-0.0001203324953353,2.3248210942651477
2025-03-08 14:25:42.628,-0.0001054293295553,2.297537922162942
2025-03-08 14:25:42.647,-8.026831488872298e-05,2.202195056541295
2025-03-08 14:25:42.667,-4.68038980664609e-05,2.0512414662450844
2025-03-08 14:25:42.686,-7.687471239654855e-06,1.8565826640901133
2025-03-08 14:25:42.706,3.3775210667232846e-05,1.6273949276363413
2025-03-08 14:25:42.725,7.370121792402722e-05,1.3696375686081923
2025-03-08 14:25:42.745,0.0001078271054623,1.0871047446947908
2025-03-08 14:25:42.764,0.000131892523468,0.7833116732544115
2025-03-08 14:25:42.784,0.0001422216519984,0.4632872019007193
2025-03-08 14:25:42.803,0.0001364303673736,0.1344891047752027
2025-03-08 14:25:42.823,0.0001141027591091,-0.1935228175392775
2025-03-08 14:25:42.843,7.722755164369966e-05,-0.5105062069254638
2025-03-08 14:25:42.862,3.0195945626247656e-05,-0.8074811139831115
2025-03-08 14:25:42.882,-2.074121317790347e-05,-1.0784503824543712
2025-03-08 14:25:42.901,-6.848926398595435e-05,-1.3212358159057425
2025-03-08 14:25:42.921,-0.0001063548617686,-1.5370781911613218
2025-03-08 14:25:42.940,-0.0001291926613587,-1.7290615225985264
2025-03-08 14:25:42.960,-0.0001341836676487,-1.89981464624575
2025-03-08 14:25:42.979,-0.0001211283086775,-2.049206981039506
2025-03-08 14:25:42.999,-9.229044783669604e-05,-2.172807746141579
2025-03-08 14:25:43.018,-5.191841377102324e-05,-2.2616834242581576
2025-03-08 14:25:43.038,-5.586965881974584e-06,-2.303709734454015
2025-03-08 14:25:43.057,4.052657591903496e-05,-2.2860990313212177
2025-03-08 14:25:43.077,8.036566174560869e-05,-2.1984581715256506
2025-03-08 14:25:43.096,0.0001086855408413,-2.0355286985538723
2025-03-08 14:25:43.116,0.0001216860333278,-1.7988665800796173
2025-03-08 14:25:43.136,0.0001175365816371,-1.4970416410873413
2025-03-08 14:25:43.155,9.670672653260553e-05,-1.144362233120518
2025-03-08 14:25:43.175,6.199082688312157e-05,-0.758528589748773
2025-03-08 14:25:43.194,1.8135226093772097e-05,-0.3578815275557108
2025-03-08 14:25:43.214,-2.8939003914930905e-05,0.0410225647802421
2025-03-08 14:25:43.233,-7.318386991447676e-05,0.4249259730430993
2025-03-08 14:25:43.253,-0.000109475541664,0.784202837210341
2025-03-08 14:25:43.272,-0.0001343678955397,1.11212953113092
2025-03-08 14:25:43.292,-0.0001463562523277,1.4035476078787144
2025-03-08 14:25:43.311,-0.000145653262774,1.653540668866749
2025-03-08 14:25:43.331,-0.0001336531835508,1.8566793484001112
2025-03-08 14:25:43.350,-0.0001123415203126,2.007119610950453
2025-03-08 14:25:43.370,-8.387858624866768e-05,2.09948591214716
2025-03-08 14:25:43.389,-5.0470834233454895e-05,2.130178948179367
2025-03-08 14:25:43.409,-1.448640911224824e-05,2.098618400010273
2025-03-08 14:25:43.428,2.13656458491544e-05,2.007977602016481
2025-03-08 14:25:43.448,5.401430055238496e-05,1.8651336436526371
2025-03-08 14:25:43.468,8.029246179167118e-05,1.6797713155160054
2025-03-08 14:25:43.487,9.744681284413788e-05,1.462793351770051
2025-03-08 14:25:43.507,0.0001037121135309,1.224373562401128
2025-03-08 14:25:43.526,9.874207263864324e-05,0.9721141358379451
2025-03-08 14:25:43.546,8.375814040093791e-05,0.7098006964681729
2025-03-08 14:25:43.565,6.139019299679524e-05,0.4371644669535141
2025-03-08 14:25:43.585,3.527643225144355e-05,0.1508522723195455
2025-03-08 14:25:43.604,9.52083489343684e-06,-0.1535062267701526
2025-03-08 14:25:43.624,-1.1913886361412322e-05,-0.4785843972305743
2025-03-08 14:25:43.643,-2.581738079336768e-05,-0.8226967076000831
2025-03-08 14:25:43.663,-3.026788010086419e-05,-1.1779419219089922
2025-03-08 14:25:43.682,-2.4986857050683777e-05,-1.5297337835832543
2025-03-08 14:25:43.702,-1.1418243637560262e-05,-1.8579584952705923
2025-03-08 14:25:43.721,7.498267708445081e-06,-2.1395843251411217
2025-03-08 14:25:43.741,2.781325183997634e-05,-2.3521802663172218
2025-03-08 14:25:43.761,4.521494037380027e-05,-2.47757678405841
2025-03-08 14:25:43.780,5.57279187449289e-05,-2.504874921228872
2025-03-08 14:25:43.800,5.637329124226798e-05,-2.432174266056407
2025-03-08 14:25:43.819,4.5728669279178986e-05,-2.266692645373044
2025-03-08 14:25:43.839,2.43241588479972e-05,-2.023315628099952
2025-03-08 14:25:43.858,-5.2326367765369385e-06,-1.7219589325818427
2025-03-08 14:25:43.878,-3.8530836105186393e-05,-1.3843662489895217
2025-03-08 14:25:43.897,-7.007376135015491e-05,-1.0310321055403022
2025-03-08 14:25:43.917,-9.430982099649654e-05,-0.6788227243476257
2025-03-08 14:25:43.936,-0.0001067071586711,-0.3396245110458549
2025-03-08 14:25:43.956,-0.0001045956516208,-0.0200743592732479
2025-03-08 14:25:43.975,-8.760748001381166e-05,0.2777978419475795
2025-03-08 14:25:43.995,-5.768272207093453e-05,0.5553111700891165
2025-03-08 14:25:44.014,-1.8704326118178444e-05,0.8155848772998826
2025-03-08 14:25:44.034,2.4128104404859117e-05,1.06198419177499
2025-03-08 14:25:44.054,6.507061333444351e-05,1.2967844582557395
2025-03-08 14:25:44.073,9.865082727397851e-05,1.5202245539182129
2025-03-08 14:25:44.093,0.0001204378554257,1.7300732051145158
2025-03-08 14:25:44.112,0.0001276801504505,1.921764549115914
2025-03-08 14:25:44.132,0.0001197222703573,2.089060099111455
2025-03-08 14:25:44.151,9.811474423001784e-05,2.225081956212654
2025-03-08 14:25:44.171,6.635998685423145e-05,2.323468569096084
2025-03-08 14:25:44.190,2.930691074186344e-05,2.3793553663157176
2025-03-08 14:25:44.210,-7.691712991242886e-06,2.389900456130354
2025-03-08 14:25:44.229,-3.9664674552131415e-05,2.354179880055141
2025-03-08 14:25:44.249,-6.275932445578956e-05,2.2724618250952657
2025-03-08 14:25:44.268,-7.47199264885809e-05,2.145084123040073
2025-03-08 14:25:44.288,-7.507775038291509e-05,1.9713275054952568
2025-03-08 14:25:44.307,-6.505665048773389e-05,1.7487366501487174
2025-03-08 14:25:44.327,-4.721571233639998e-05,1.4732664896600736
2025-03-08 14:25:44.346,-2.4888786649638342e-05,1.140428850304984
2025-03-08 14:25:44.366,-1.5262783498455852e-06,0.7473213094061316
2025-03-08 14:25:44.386,1.9931157671444426e-05,0.2951126946384024
2025-03-08 14:25:44.405,3.752348835767006e-05,-0.2086587093995358
2025-03-08 14:25:44.425,5.04943176616644e-05,-0.7486637233292598
2025-03-08 14:25:44.444,5.922226015145076e-05,-1.301776062258021
2025-03-08 14:25:44.464,6.487706820860315e-05,-1.838706161859017
2025-03-08 14:25:44.483,6.888340245418017e-05,-2.3270959596626097
2025-03-08 14:25:44.503,7.233929639978095e-05,-2.735507623915008
2025-03-08 14:25:44.522,7.557438431020031e-05,-3.037489353307428
2025-03-08 14:25:44.542,7.800389705158249e-05,-3.214872025992779
2025-03-08 14:25:44.561,7.832253207534459e-05,-3.259641966247736
2025-03-08 14:25:44.581,7.494623255983415e-05,-3.1740851928337674
2025-03-08 14:25:44.600,6.6538053115229e-05,-2.9693222115260376
2025-03-08 14:25:44.620,5.246344253606408e-05,-2.662746349783195
2025-03-08 14:25:44.639,3.306210032112545e-05,-2.275120732898874
2025-03-08 14:25:44.659,9.677131201157935e-06,-1.8280830326367463
2025-03-08 14:25:44.679,-1.5547556085802177e-05,-1.3425481475159151
2025-03-08 14:25:44.698,-4.00344951030967e-05,-0.8380962468049705
2025-03-08 14:25:44.718,-6.12234397888323e-05,-0.3330594634245862
2025-03-08 14:25:44.737,-7.702372409483696e-05,0.1551828187852806
2025-03-08 14:25:44.757,-8.617366315447189e-05,0.6101729412537263
2025-03-08 14:25:44.776,-8.841838660672665e-05,1.0168828018213194
2025-03-08 14:25:44.796,-8.446741604360869e-05,1.3627489620911972
2025-03-08 14:25:44.815,-7.576197899393537e-05,1.6389604512621647
2025-03-08 14:25:44.835,-6.413101263790709e-05,1.8415752072177216
2025-03-08 14:25:44.854,-5.142969586788441e-05,1.9720427680239805
2025-03-08 14:25:44.874,-3.924068944415802e-05,2.036846611577427
2025-03-08 14:25:44.893,-2.868772697099884e-05,2.046200523399562
2025-03-08 14:25:44.913,-2.037564849637021e-05,2.011980643977458
2025-03-08 14:25:44.932,-1.444006478722864e-05,1.9452890083915328
2025-03-08 14:25:44.952,-1.0669676786889562e-05,1.8541699305168151
2025-03-08 14:25:44.972,-8.657049782905409e-06,1.7419978851624007
2025-03-08 14:25:44.991,-7.938171736932573e-06,1.6069194671353273
2025-03-08 14:25:45.011,-8.093887704164363e-06,1.442498072815216
2025-03-08 14:25:45.030,-8.802682019245995e-06,1.2394400233330043
2025-03-08 14:25:45.050,-9.849738433976904e-06,0.9880433061662272
2025-03-08 14:25:45.069,-1.1108188278647287e-05,0.680863779137536
2025-03-08 14:25:45.089,-1.2512929473345427e-05,0.3150714703777919
2025-03-08 14:25:45.108,-1.4045048196296307e-05,-0.1059315807822741
2025-03-08 14:25:45.128,-1.573696132270946e-05,-0.5718737910390846
2025-03-08 14:25:45.147,-1.769738346253375e-05,-1.0659760867319514
2025-03-08 14:25:45.167,-2.014423111470981e-05,-1.566139254420969
2025-03-08 14:25:45.186,-2.342576638040424e-05,-2.0466786316865715
2025-03-08 14:25:45.206,-2.8008204950454628e-05,-2.480335973505269
2025-03-08 14:25:45.225,-3.441303124138259e-05,-2.840379463076745
2025-03-08 14:25:45.245,-4.309912195997783e-05,-3.1026870865067973
2025-03-08 14:25:45.264,-5.430141761560534e-05,-3.247744240064745
2025-03-08 14:25:45.284,-6.785558833071895e-05,-3.2624622890071424
2025-03-08 14:25:45.304,-8.305211104127178e-05,-3.141659895400435
2025-03-08 14:25:45.323,-9.85684733014533e-05,-2.8889833707447305
2025-03-08 14:25:45.343,-0.0001125210480144,-2.5170291571742798
2025-03-08 14:25:45.362,-0.0001226572640751,-2.0465060275033142
2025-03-08 14:25:45.382,-0.0001266764412064,-1.5044210344685396
2025-03-08 14:25:45.401,-0.0001226307669811,-0.9214382046640276
2025-03-08 14:25:45.421,-0.0001093270457169,-0.3287018207395825
2025-03-08 14:25:45.440,-8.663820943636818e-05,0.2454697804167556
2025-03-08 14:25:45.460,-5.565138038822297e-05,0.7785342433695487
2025-03-08 14:25:45.479,-1.8619873756620868e-05,1.2558215620004929
2025-03-08 14:25:45.499,2.127887265473416e-05,1.6713722922952297
2025-03-08 14:25:45.518,6.036439765778208e-05,2.027311880045852
2025-03-08 14:25:45.538,9.501423016693374e-05,2.331826065719224
2025-03-08 14:25:45.557,0.0001222614674883,2.596097905466088
2025-03-08 14:25:45.577,0.0001402681571898,2.8308225487227427
2025-03-08 14:25:45.597,0.0001485377173869,3.0430438014250125
2025-03-08 14:25:45.616,0.0001478337896718,3.233989284521017
2025-03-08 14:25:45.636,0.0001398846580031,3.3983300392067344
2025-03-08 14:25:45.655,0.0001270087426121,3.524944023090975
2025-03-08 14:25:45.675,0.0001117809301806,3.5989261237524848
2025-03-08 14:25:45.694,9.678850972009344e-05,3.604335717657323
2025-03-08 14:25:45.714,8.444181188409991e-05,3.5270527292069134
2025-03-08 14:25:45.733,7.676937385685759e-05,3.357149217758252
2025-03-08 14:25:45.753,7.517302964492674e-05,3.0903631876301456
2025-03-08 14:25:45.772,8.019683411293405e-05,2.728523099214413
2025-03-08 14:25:45.792,9.139136184020108e-05,2.279027278887915
2025-03-08 14:25:45.811,0.0001073177091137,1.753656230658928
2025-03-08 14:25:45.831,0.0001256930958381,1.1670522309124012
2025-03-08 14:25:45.850,0.0001436666641622,0.535156397088501
2025-03-08 14:25:45.870,0.0001582021466474,-0.1261903230681476
2025-03-08 14:25:45.889,0.0001665076632703,-0.8023306307306535
2025-03-08 14:25:45.909,0.0001664174625367,-1.4804086408484198
2025-03-08 14:25:45.929,0.0001566401801983,-2.149365469765981
2025-03-08 14:25:45.948,0.000136846201089,-2.799225156291102
2025-03-08 14:25:45.968,0.0001076307725667,-3.419769920429492
2025-03-08 14:25:45.987,7.041944965475498e-05,-3.9989527851250695
2025-03-08 14:25:46.007,2.736975162236048e-05,-4.521578556380239
2025-03-08 14:25:46.026,-1.8717404683363897e-05,-4.968786669598293
2025-03-08 14:25:46.046,-6.450819536355887e-05,-5.318666671954267
2025-03-08 14:25:46.065,-0.0001063286649866,-5.548005378754239
2025-03-08 14:25:46.085,-0.000140497191623,-5.63483901718309
2025-03-08 14:25:46.104,-0.0001638150011303,-5.56129162861525
2025-03-08 14:25:46.124,-0.0001741658608107,-5.316178715932887
2025-03-08 14:25:46.143,-0.0001711001526003,-4.89700057298563
2025-03-08 14:25:46.163,-0.0001562214143203,-4.311138132282326
2025-03-08 14:25:46.182,-0.0001331847015156,-3.5761973823524174
2025-03-08 14:25:46.202,-0.0001071797215927,-2.719486247874023
2025-03-08 14:25:46.222,-8.391525488275483e-05,-1.7765813873133405
2025-03-08 14:25:46.241,-6.831647546636057e-05,-0.7889342941677642
2025-03-08 14:25:46.261,-6.331100483684542e-05,0.1994418958025385
2025-03-08 14:25:46.280,-6.910487462014574e-05,1.1459530818180534
2025-03-08 14:25:46.300,-8.318908109381496e-05,2.013557872712528
2025-03-08 14:25:46.319,-0.0001010472572389,2.774340496993939
2025-03-08 14:25:46.339,-0.0001173080898146,3.411784103910975
2025-03-08 14:25:46.358,-0.0001270088075209,3.921212411893746
2025-03-08 14:25:46.378,-0.0001266887454381,4.308275736830346
2025-03-08 14:25:46.397,-0.000115119684125,4.585843485679819
2025-03-08 14:25:46.417,-9.354719221990542e-05,4.770055862835204
2025-03-08 14:25:46.436,-6.538555742489271e-05,4.876441185783154
2025-03-08 14:25:46.456,-3.541681370261555e-05,4.91688967928426
2025-03-08 14:25:46.475,-8.687357630682718e-06,4.897975356272744
2025-03-08 14:25:46.495,1.0592133044418652e-05,4.8207633062045145
2025-03-08 14:25:46.515,1.98450118127448e-05,4.681923727472771
2025-03-08 14:25:46.534,1.8472110873633373e-05,4.475743279191148
2025-03-08 14:25:46.554,7.770522777197711e-06,4.196507913065422
2025-03-08 14:25:46.573,-9.44692065480845e-06,3.840744768332836
2025-03-08 14:25:46.593,-2.9417295149574773e-05,3.408935937353439
2025-03-08 14:25:46.612,-4.8100345485481786e-05,2.9064987411266223
2025-03-08 14:25:46.632,-6.18800237333587e-05,2.343996653126634
2025-03-08 14:25:46.651,-6.819061341754924e-05,1.7366523272104657
2025-03-08 14:25:46.671,-6.594941056435446e-05,1.1032707511653916
2025-03-08 14:25:46.690,-5.569851756303443e-05,0.4646779857349488
2025-03-08 14:25:46.710,-3.941757477873744e-05,-0.1582107956207072
2025-03-08 14:25:46.729,-2.00505466329393e-05,-0.7465252534123661
2025-03-08 14:25:46.749,-8.53712712639153e-07,-1.2855131599741576
2025-03-08 14:25:46.768,1.5306555814931266e-05,-1.766210683533367
2025-03-08 14:25:46.788,2.657382075714042e-05,-2.1863631543967523
2025-03-08 14:25:46.807,3.249491538908655e-05,-2.550348342051704
2025-03-08 14:25:46.827,3.4063082322813784e-05,-2.8680384301440056
2025-03-08 14:25:46.847,3.338942169309668e-05,-3.1527549054777357
2025-03-08 14:25:46.866,3.3113838167007784e-05,-3.418648797305491
2025-03-08 14:25:46.886,3.572872739927005e-05,-3.677911569021594
2025-03-08 14:25:46.905,4.296229708994192e-05,-3.938180709515039
2025-03-08 14:25:46.925,5.532394602594905e-05,-4.200414406969924
2025-03-08 14:25:46.944,7.18979479488428e-05,-4.457458684617993
2025-03-08 14:25:46.964,9.045985374908316e-05,-4.6935446363985
2025-03-08 14:25:46.983,0.0001079398056123,-4.884973249880118
2025-03-08 14:25:47.003,0.0001211552813841,-5.002179072151212
2025-03-08 14:25:47.022,0.0001276136290106,-5.013163734512274
2025-03-08 14:25:47.042,0.0001261186836897,-4.8879856608954615
2025-03-08 14:25:47.061,0.0001169819613607,-4.603675494291629
2025-03-08 14:25:47.081,0.0001018180589562,-4.148735315823715
2025-03-08 14:25:47.100,8.306982752242594e-05,-3.5263663075220326
2025-03-08 14:25:47.120,6.34600993807826e-05,-2.755772921292704
2025-03-08 14:25:47.140,4.551559188046883e-05,-1.871246086477497
2025-03-08 14:25:47.159,3.121728335295893e-05,-0.9191272971718244
2025-03-08 14:25:47.179,2.1755057708408196e-05,0.0468911077217327
2025-03-08 14:25:47.198,1.7360538453872245e-05,0.9714223425170608
2025-03-08 14:25:47.218,1.726719532835776e-05,1.8031725990056204
2025-03-08 14:25:47.237,1.9899717952670968e-05,2.5000599371290293
2025-03-08 14:25:47.257,2.332412366413131e-05,3.03301729553044
2025-03-08 14:25:47.276,2.584229455368113e-05,3.3880651128650685
2025-03-08 14:25:47.296,2.653278907685555e-05,3.5665032757287416
2025-03-08 14:25:47.315,2.5577125722692334e-05,3.583333329246957
2025-03-08 14:25:47.335,2.428078601786e-05,3.4642567679031333
2025-03-08 14:25:47.354,2.473108783947334e-05,3.241778542507653
2025-03-08 14:25:47.374,2.9088784999608848e-05,2.951045627676623
2025-03-08 14:25:47.393,3.8660789422158894e-05,2.6260396299818867
2025-03-08 14:25:47.413,5.30801245747311e-05,2.296608888335673
2025-03-08 14:25:47.433,6.99655927815284e-05,1.986594101277276
2025-03-08 14:25:47.452,8.527748623608962e-05,1.7130401130583195
2025-03-08 14:25:47.472,9.431183946893798e-05,1.4862846809321093
2025-03-08 14:25:47.491,9.302505266053512e-05,1.3106323116946634
2025-03-08 14:25:47.511,7.925653633590619e-05,1.1853454224071265
2025-03-08 14:25:47.530,5.3463818554246e-05,1.1057540634897145
2025-03-08 14:25:47.550,1.8771864918051144e-05,1.0643544061001198
2025-03-08 14:25:47.569,-1.963627029213294e-05,1.0518340649986355
2025-03-08 14:25:47.589,-5.559949913064995e-05,1.0580307805875786
2025-03-08 14:25:47.608,-8.327208763763588e-05,1.07287209714829
2025-03-08 14:25:47.628,-9.835731940842356e-05,1.0873276349990155
2025-03-08 14:25:47.647,-9.901847448089912e-05,1.0943402163039853
2025-03-08 14:25:47.667,-8.626080002727066e-05,1.08962872044464
2025-03-08 14:25:47.686,-6.370336128699961e-05,1.0722139039840706
2025-03-08 14:25:47.706,-3.681264565689953e-05,1.0445226451975147
2025-03-08 14:25:47.725,-1.1779100413128166e-05,1.0119690932195715
2025-03-08 14:25:47.745,5.732769696870225e-06,0.9819879268449612
2025-03-08 14:25:47.765,1.1711302899539972e-05,0.962612538081404
2025-03-08 14:25:47.784,4.5637232140228205e-06,0.9608420438588184
2025-03-08 14:25:47.804,-1.4649922190552291e-05,0.9811682391934192
2025-03-08 14:25:47.823,-4.256645588860193e-05,1.0246439405511298
2025-03-08 14:25:47.843,-7.436021364586894e-05,1.088709537600567
2025-03-08 14:25:47.862,-0.000104850392636,1.167699207689737
2025-03-08 14:25:47.882,-0.0001295801851072,1.253670148857145
2025-03-08 14:25:47.901,-0.0001456021778568,1.3371059181060116
2025-03-08 14:25:47.921,-0.0001518216473797,1.407204258939545
2025-03-08 14:25:47.940,-0.0001488934309267,1.4517720560678362
2025-03-08 14:25:47.960,-0.0001387803294456,1.4570255903211689
2025-03-08 14:25:47.979,-0.0001241369553462,1.4076957156674457
2025-03-08 14:25:47.999,-0.0001076853162465,1.287750621863924
2025-03-08 14:25:48.018,-9.171209721428604e-05,1.0818432297936966
2025-03-08 14:25:48.038,-7.776135531147289e-05,0.7773587256664639
2025-03-08 14:25:48.058,-6.65380078097594e-05,0.3667648252638192
2025-03-08 14:25:48.077,-5.7990518289455663e-05,-0.1501008791738112
2025-03-08 14:25:48.097,-5.151292666629024e-05,-0.7641567970539889
2025-03-08 14:25:48.116,-4.619812059003313e-05,-1.4559337379331443
2025-03-08 14:25:48.136,-4.108250092248572e-05,-2.195470474122088
2025-03-08 14:25:48.155,-3.5340637111051616e-05,-2.943547327380569
2025-03-08 14:25:48.175,-2.8410132318304463e-05,-3.654473054524519
2025-03-08 14:25:48.194,-2.0045807305317928e-05,-4.280419502064236
2025-03-08 14:25:48.214,-1.0314786266202936e-05,-4.776939783423206
2025-03-08 14:25:48.233,4.509203129891694e-07,-5.1088953303518885
2025-03-08 14:25:48.253,1.172889946708993e-05,-5.255703271966387
2025-03-08 14:25:48.272,2.2896952023654693e-05,-5.21474467347056
2025-03-08 14:25:48.292,3.3333453953071525e-05,-5.002027201995003
2025-03-08 14:25:48.311,4.252295824279205e-05,-4.649748839025573
2025-03-08 14:25:48.331,5.016045504242074e-05,-4.201125155596127
2025-03-08 14:25:48.351,5.624219542982579e-05,-3.703504750822856
2025-03-08 14:25:48.370,6.112429342935294e-05,-3.2011897628150643
2025-03-08 14:25:48.390,6.552585156761516e-05,-2.729383736160768
2025-03-08 14:25:48.409,7.045467298355937e-05,-2.310342337732399
2025-03-08 14:25:48.429,7.704328806491819e-05,-1.952251819253479
2025-03-08 14:25:48.448,8.63014888506063e-05,-1.6507710850169888
2025-03-08 14:25:48.468,9.881643925519236e-05,-1.3926591431634971
2025-03-08 14:25:48.487,0.0001144573777186,-1.160533993838735
2025-03-08 14:25:48.507,0.0001321613863964,-0.9376244255716558
2025-03-08 14:25:48.526,0.0001498814337173,-0.7114405386093614
2025-03-08 14:25:48.546,0.0001647612266007,-0.4756265021161147
2025-03-08 14:25:48.565,0.0001735606978939,-0.2298020557999345
2025-03-08 14:25:48.585,0.0001732947646718,0.0222212958748473
2025-03-08 14:25:48.604,0.0001619772222763,0.27504806419119
2025-03-08 14:25:48.624,0.0001392990121749,0.5242143942506441
2025-03-08 14:25:48.643,0.0001070376138124,0.7678955352905129
2025-03-08 14:25:48.663,6.901364838333218e-05,1.007495237201865
2025-03-08 14:25:48.683,3.049729209818355e-05,1.2472354618875183
2025-03-08 14:25:48.702,-2.879340030391339e-06,1.493140569819213
2025-03-08 14:25:48.722,-2.646089259912353e-05,1.7518486028266964
2025-03-08 14:25:48.741,-3.777707588605077e-05,2.0295223084006326
2025-03-08 14:25:48.761,-3.723837419384172e-05,2.33090669871643
2025-03-08 14:25:48.780,-2.8086058819515937e-05,2.6584393869505574
2025-03-08 14:25:48.800,-1.5584362727603645e-05,3.011346978306904
2025-03-08 14:25:48.819,-5.655905424535978e-06,3.3848139763233966
2025-03-08 14:25:48.839,-3.327941235712342e-06,3.769452738910792
2025-03-08 14:25:48.858,-1.1435642523314008e-05,4.151309894563871
2025-03-08 14:25:48.878,-2.9969380308055573e-05,4.512505225289371
2025-03-08 14:25:48.897,-5.624565812691504e-05,4.832410715595676
2025-03-08 14:25:48.917,-8.579384421320176e-05,5.089153605621976
2025-03-08 14:25:48.936,-0.0001136163630477,5.261217194187892
2025-03-08 14:25:48.956,-0.0001354097030074,5.328991735125522
2025-03-08 14:25:48.976,-0.0001484277465714,5.276230365552689
2025-03-08 14:25:48.995,-0.0001518399735027,5.091426652800065
2025-03-08 14:25:49.015,-0.0001465994914322,4.769115408458998
2025-03-08 14:25:49.034,-0.0001349479836552,4.311015427907308
2025-03-08 14:25:49.054,-0.0001197372577754,3.726826904799387
2025-03-08 14:25:49.073,-0.0001037469689694,3.03442508909113
2025-03-08 14:25:49.093,-8.91404515169418e-05,2.2592036847584183
2025-03-08 14:25:49.112,-7.714353852134976e-05,1.432439482979451
2025-03-08 14:25:49.132,-6.79713072815436e-05,0.5887545379099082
2025-03-08 14:25:49.151,-6.097687767107755e-05,-0.2370183072066319
2025-03-08 14:25:49.171,-5.4961169158238135e-05,-1.0130805745899678
2025-03-08 14:25:49.190,-4.85643236210312e-05,-1.7134601079950946
2025-03-08 14:25:49.210,-4.065632245037648e-05,-2.319839243789087
2025-03-08 14:25:49.229,-3.0652652331322034e-05,-2.822101229336184
2025-03-08 14:25:49.249,-1.8697307852721645e-05,-3.2175739784262576
2025-03-08 14:25:49.268,-5.67757780257867e-06,-3.509261907018578
2025-03-08 14:25:49.288,6.938420322389848e-06,-3.7035826328845314
2025-03-08 14:25:49.308,1.7420717106650732e-05,-3.808214000890632
2025-03-08 14:25:49.327,2.4201169417567117e-05,-3.8306036640240735
2025-03-08 14:25:49.347,2.6321493550944293e-05,-3.7775019436164894
2025-03-08 14:25:49.366,2.3805350473171667e-05,-3.655562895389778
2025-03-08 14:25:49.386,1.7850437007810856e-05,-3.4726843011201294
2025-03-08 14:25:49.405,1.0756503426829302e-05,-3.239452759512169
2025-03-08 14:25:49.425,5.5536929168004444e-06,-2.969966589629017
2025-03-08 14:25:49.444,5.371854236609987e-06,-2.681503697540789
2025-03-08 14:25:49.464,1.2684216000205395e-05,-2.392932943547289
2025-03-08 14:25:49.483,2.8634946043064587e-05,-2.1222582178230245
2025-03-08 14:25:49.503,5.266468290018575e-05,-1.8840174636064604
2025-03-08 14:25:49.522,8.25495829424262e-05,-1.687298779042434
2025-03-08 14:25:49.542,0.0001148154590581,-1.5348933598739072
2025-03-08 14:25:49.561,0.0001453758106302,-1.4237102414192286
2025-03-08 14:25:49.581,0.000170220194051,-1.3461975612730217
2025-03-08 14:25:49.601,0.0001860193380268,-1.2922795681815629
2025-03-08 14:25:49.620,0.0001905663999535,-1.2512830154052546
2025-03-08 14:25:49.640,0.0001830148726612,-1.2134615564010722
2025-03-08 14:25:49.659,0.0001639017785274,-1.170938405250703
2025-03-08 14:25:49.679,0.0001349700776263,-1.1180730253424338
2025-03-08 14:25:49.698,9.88379487109326e-05,-1.051364886189572
2025-03-08 14:25:49.718,5.860097403431068e-05,-0.9690472376032424
2025-03-08 14:25:49.737,1.746746942482693e-05,-0.8705312412278831
2025-03-08 14:25:49.757,-2.150962954048886e-05,-0.7558530967047133
2025-03-08 14:25:49.776,-5.5609748919752754e-05,-0.6252486075510911
2025-03-08 14:25:49.796,-8.257930031740134e-05,-0.4789253540368176
2025-03-08 14:25:49.815,-0.0001007576872689,-0.3170354564438524
2025-03-08 14:25:49.835,-0.0001091843447042,-0.1398001644865658
2025-03-08 14:25:49.854,-0.0001076569681148,0.0522771060776666
2025-03-08 14:25:49.874,-9.673115498446591e-05,0.2581574335619208
2025-03-08 14:25:49.894,-7.768064339091004e-05,0.4760103199634022
2025-03-08 14:25:49.913,-5.244392099137534e-05,0.7030103503176968
2025-03-08 14:25:49.933,-2.3563566057077077e-05,0.9352646236966186
2025-03-08 14:25:49.952,5.905388976450222e-06,1.167925913252145
2025-03-08 14:25:49.972,3.256377231061735e-05,1.395464248406051
2025-03-08 14:25:49.991,5.295849848265922e-05,1.6119781948768732
2025-03-08 14:25:50.011,6.401092157852473e-05,1.8113994985464084
2025-03-08 14:25:50.030,6.354633262366889e-05,1.987517214525183
2025-03-08 14:25:50.050,5.082493578904407e-05,2.133890156231093
2025-03-08 14:25:50.069,2.6924926131135044e-05,2.243845617489124
2025-03-08 14:25:50.089,-5.183126188803391e-06,2.3107885074344336
2025-03-08 14:25:50.108,-4.098283860386986e-05,2.3289371773416283
2025-03-08 14:25:50.128,-7.517512325370219e-05,2.294416592168731
2025-03-08 14:25:50.147,-0.0001026933222017,2.2064771436260013
2025-03-08 14:25:50.167,-0.0001196779138188,2.0685326049181607
2025-03-08 14:25:50.186,-0.0001241190174597,1.8887152247704608
2025-03-08 14:25:50.206,-0.0001160290307804,1.679695791465511
2025-03-08 14:25:50.226,-9.72147496300633e-05,1.4576143509429338
2025-03-08 14:25:50.245,-7.083366788158328e-05,1.240142484732234
2025-03-08 14:25:50.265,-4.088609926853243e-05,1.0439384243177017
2025-03-08 14:25:50.284,-1.1678494350082898e-05,0.8819761023659004
2025-03-08 14:25:50.304,1.27868187280095e-05,0.7613192350986039
2025-03-08 14:25:50.323,2.950083664909212e-05,0.6818219144720505
2025-03-08 14:25:50.343,3.7082292784389474e-05,0.6360173409955706
2025-03-08 14:25:50.362,3.610973180450498e-05,0.6102148513570369
2025-03-08 14:25:50.382,2.8947389167382743e-05,0.5866451668482189
2025-03-08 14:25:50.401,1.906726835955322e-05,0.5463805130217106
2025-03-08 14:25:50.421,1.009568426187902e-05,0.4726615050065718
2025-03-08 14:25:50.440,4.906853108197839e-06,0.3541480635217363
2025-03-08 14:25:50.460,5.022684817229159e-06,0.1874983133733467
2025-03-08 14:25:50.479,1.043376107974293e-05,-0.0213492922212991
2025-03-08 14:25:50.499,1.981318669318442e-05,-0.2576652653001367
2025-03-08 14:25:50.519,3.0994682525960725e-05,-0.5003050887226476
2025-03-08 14:25:50.538,4.154233937481847e-05,-0.7255918963679003
2025-03-08 14:25:50.558,4.925109872009143e-05,-0.9118507574503066
2025-03-08 14:25:50.577,5.247486242601594e-05,-1.0434690320497413
2025-03-08 14:25:50.597,5.026550058879335e-05,-1.1134361511239237
2025-03-08 14:25:50.616,4.238746138758725e-05,-1.123772181278022
2025-03-08 14:25:50.636,2.930063705690798e-05,-1.083943802655787
2025-03-08 14:25:50.655,1.2155178650431938e-05,-1.0080067771205556
2025-03-08 14:25:50.675,-7.241798709481383e-06,-0.9115244249202938
2025-03-08 14:25:50.694,-2.657664713043066e-05,-0.8091729049747776
2025-03-08 14:25:50.714,-4.336655013700708e-05,-0.7134628222881539
2025-03-08 14:25:50.733,-5.546602964472071e-05,-0.6344435459714081
2025-03-08 14:25:50.753,-6.159772450818615e-05,-0.5798806329861527
2025-03-08 14:25:50.772,-6.167967979967508e-05,-0.5553513479963728
2025-03-08 14:25:50.792,-5.676997614676231e-05,-0.5639497501870051
2025-03-08 14:25:50.812,-4.862243203379171e-05,-0.6056576654855184
2025-03-08 14:25:50.831,-3.9039610447759694e-05,-0.6767213307160653
2025-03-08 14:25:50.851,-2.930115299907364e-05,-0.7694441695782065
2025-03-08 14:25:50.870,-1.988339961179193e-05,-0.8726486752812653
2025-03-08 14:25:50.890,-1.0525240321893287e-05,-0.972776230944762
2025-03-08 14:25:50.909,-5.495997759116054e-07,-1.0553479445113172
2025-03-08 14:25:50.929,1.0711179960486726e-05,-1.106435592554274
2025-03-08 14:25:50.948,2.3526425094181635e-05,-1.1139097024345752
2025-03-08 14:25:50.968,3.751170972058429e-05,-1.0684401907945864
2025-03-08 14:25:50.987,5.155419610513149e-05,-0.9643735400139088
2025-03-08 14:25:51.007,6.392055615138311e-05,-0.8005980995049978
2025-03-08 14:25:51.026,7.251404499880139e-05,-0.5813402286690705
2025-03-08 14:25:51.046,7.522634191697626e-05,-0.3166137752344556
2025-03-08 14:25:51.065,7.032599123019606e-05,-0.0219258070656097
2025-03-08 14:25:51.085,5.683796076687663e-05,0.2830639907666997
2025-03-08 14:25:51.104,3.488320243707604e-05,0.5769238089233526
2025-03-08 14:25:51.124,5.932067553559696e-06,0.8394600558523885
2025-03-08 14:25:51.144,-2.712622115863269e-05,1.0546300366719883
2025-03-08 14:25:51.163,-6.022201577894892e-05,1.212560232737423
2025-03-08 14:25:51.183,-8.869676804944152e-05,1.3101210599250814
2025-03-08 14:25:51.202,-0.0001081301047098,1.3499920637485616
2025-03-08 14:25:51.222,-0.0001151666123518,1.3386553135551489
2025-03-08 14:25:51.241,-0.0001081299101233,1.2840512896163192
2025-03-08 14:25:51.261,-8.73388856048326e-05,1.1936208339579262
2025-03-08 14:25:51.280,-5.514644087279841e-05,1.0732035936782425
2025-03-08 14:25:51.300,-1.572378433025057e-05,0.9269147598595476
2025-03-08 14:25:51.319,2.544346745596172e-05,0.7578077149685508
2025-03-08 14:25:51.339,6.238477996391238e-05,0.5689270852715133
2025-03-08 14:25:51.358,8.972969639348542e-05,0.3642972540663842
2025-03-08 14:25:51.378,0.00010381160564,0.1494730996839786
2025-03-08 14:25:51.397,0.0001034502413502,-0.0685347352798254
2025-03-08 14:25:51.417,9.013844726128844e-05,-0.2819231218865448
2025-03-08 14:25:51.437,6.758201447403279e-05,-0.4831193668492816
2025-03-08 14:25:51.456,4.077982078676986e-05,-0.6658298043939304
2025-03-08 14:25:51.476,1.4941471199389264e-05,-0.8257838948826582
2025-03-08 14:25:51.495,-5.496317832500069e-06,-0.9609466611914615
2025-03-08 14:25:51.515,-1.7592302633127532e-05,-1.071143633346065
2025-03-08 14:25:51.534,-2.0283396966005378e-05,-1.1572380062541807
2025-03-08 14:25:51.554,-1.4398980311157376e-05,-1.2201637756991146
2025-03-08 14:25:51.573,-2.3298416126958154e-06,-1.260193055193855
2025-03-08 14:25:51.593,1.2545477298369708e-05,-1.2767612516199136
2025-03-08 14:25:51.612,2.650608210028244e-05,-1.2689876334981955
2025-03-08 14:25:51.632,3.605475459706053e-05,-1.2367527197070656
2025-03-08 14:25:51.651,3.836641333120267e-05,-1.1819176704969825
2025-03-08 14:25:51.671,3.1682129811580314e-05,-1.109119212459423
2025-03-08 14:25:51.690,1.5685730528006383e-05,-1.0256525473506175
2025-03-08 14:25:51.710,-8.240154915521977e-06,-0.94027407335144
2025-03-08 14:25:51.729,-3.708047600968674e-05,-0.8611922257370856
2025-03-08 14:25:51.749,-6.670003526850903e-05,-0.7938650762404899
2025-03-08 14:25:51.769,-9.27092304041182e-05,-0.7393217611285052
2025-03-08 14:25:51.788,-0.0001114076729546,-0.6935363962401646
2025-03-08 14:25:51.808,-0.0001205031093904,-0.6480098368395217
2025-03-08 14:25:51.827,-0.0001194169955662,-0.5913274209955621
2025-03-08 14:25:51.847,-0.0001091490806957,-0.5112117946731615
2025-03-08 14:25:51.866,-9.180410862018228e-05,-0.3965468551940406
2025-03-08 14:25:51.886,-6.99541812556169e-05,-0.2389780023625077
2025-03-08 14:25:51.905,-4.602083615877668e-05,-0.0339002905860255
2025-03-08 14:25:51.925,-2.1824841505152937e-05,0.2191583603261205
2025-03-08 14:25:51.944,1.6122956948192664e-06,0.5166093344570563
2025-03-08 14:25:51.964,2.4003805144521943e-05,0.8511040387442926
2025-03-08 14:25:51.983,4.552361905237506e-05,1.2118416854398746
2025-03-08 14:25:52.003,6.64213716172801e-05,1.5847741242157531
2025-03-08 14:25:52.022,8.664374766409125e-05,1.952797836771505
2025-03-08 14:25:52.042,0.0001055707460798,2.2962161645394987
2025-03-08 14:25:52.062,0.0001219425168641,2.593803742595685
2025-03-08 14:25:52.081,0.0001340026002177,2.8246320784202585
2025-03-08 14:25:52.101,0.0001398269661733,2.9704787599276306
2025-03-08 14:25:52.120,0.0001377577442137,3.018319408354335
2025-03-08 14:25:52.140,0.0001268294313821,2.962277414366734
2025-03-08 14:25:52.159,0.0001070763458864,2.804554056991642
2025-03-08 14:25:52.179,7.964982929879951e-05,2.555189667573988
2025-03-08 14:25:52.198,4.6739661263362414e-05,2.230829648701065
2025-03-08 14:25:52.218,1.1347601840622572e-05,1.85284540081385
2025-03-08 14:25:52.237,-2.3033891129063896e-05,1.4451740323666404
2025-03-08 14:25:52.257,-5.281562413660771e-05,1.03216333082458
2025-03-08 14:25:52.276,-7.476999989592097e-05,0.6366059069129552
2025-03-08 14:25:52.296,-8.651179175674414e-05,0.2780469287478504
2025-03-08 14:25:52.315,-8.690907195777086e-05,-0.028624263690648
2025-03-08 14:25:52.335,-7.631932745943682e-05,-0.274304425563548
2025-03-08 14:25:52.355,-5.658599946629553e-05,-0.4564797817935046
2025-03-08 14:25:52.374,-3.079228734087226e-05,-0.5795641705069275
2025-03-08 14:25:52.394,-2.818064523465662e-06,-0.6545767164020507
2025-03-08 14:25:52.413,2.322695990883083e-05,-0.6979977904059786
2025-03-08 14:25:52.433,4.360840937079746e-05,-0.729784226369923
2025-03-08 14:25:52.452,5.552041069380858e-05,-0.770740790639636
2025-03-08 14:25:52.472,5.749641195989123e-05,-0.8396550996767056
2025-03-08 14:25:52.491,4.959574723720639e-05,-0.9507130382317152
2025-03-08 14:25:52.511,3.330935876370367e-05,-1.1116640366768165
2025-03-08 14:25:52.530,1.117993664640506e-05,-1.3230168407409733
2025-03-08 14:25:52.550,-1.3786317733417806e-05,-1.5782903305979994
2025-03-08 14:25:52.569,-3.874745638254716e-05,-1.865102611704938
2025-03-08 14:25:52.589,-6.148241841900908e-05,-2.166718696534641
2025-03-08 14:25:52.608,-8.053610302772988e-05,-2.4636421434574456
2025-03-08 14:25:52.628,-9.507634902860896e-05,-2.734956282281591
2025-03-08 14:25:52.647,-0.0001046312577804,-2.9593637858469197
2025-03-08 14:25:52.667,-0.0001088988439237,-3.116129236140216
2025-03-08 14:25:52.687,-0.000107724405164,-3.1862554374910643
2025-03-08 14:25:52.706,-0.0001012110794907,-3.1541295740278827
2025-03-08 14:25:52.726,-8.985425053805962e-05,-3.0095829534804306
2025-03-08 14:25:52.745,-7.459686683544589e-05,-2.749954581152076
2025-03-08 14:25:52.765,-5.675721963746508e-05,-2.381517109416205
2025-03-08 14:25:52.784,-3.784020644813885e-05,-1.919649987712077
2025-03-08 14:25:52.804,-1.9285792013198975e-05,-1.3874524323625743
2025-03-08 14:25:52.823,-2.2289736662323557e-06,-0.8129723259054539
2025-03-08 14:25:52.843,1.2655902526550556e-05,-0.225687214339206
2025-03-08 14:25:52.862,2.517525617709197e-05,0.346893754345305
2025-03-08 14:25:52.882,3.5488022773062546e-05,0.8817355711552591
2025-03-08 14:25:52.901,4.386662246386566e-05,1.361490500848531
2025-03-08 14:25:52.921,5.043779549724448e-05,1.7744801765132745
2025-03-08 14:25:52.940,5.502555659591781e-05,2.1138582052990604
2025-03-08 14:25:52.960,5.718852703978854e-05,2.3764870909683045
2025-03-08 14:25:52.980,5.643863293952145e-05,2.561964244511883
2025-03-08 14:25:52.999,5.2511708220038136e-05,2.6720046435378744
2025-03-08 14:25:53.019,4.553638172553246e-05,2.710154059740514
2025-03-08 14:25:53.038,3.6044013789656e-05,2.6816650236128714
2025-03-08 14:25:53.058,2.488704914926837e-05,2.593353991933231
2025-03-08 14:25:53.077,1.3165813293141222e-05,2.453338605773533
2025-03-08 14:25:53.097,2.185926055591153e-06,2.270654056540365
2025-03-08 14:25:53.116,-6.6223310683819015e-06,2.0547975496322226
2025-03-08 14:25:53.136,-1.1896129861338243e-05,1.815224359462704
2025-03-08 14:25:53.155,-1.2633211847701578e-05,1.5607581031421132
2025-03-08 14:25:53.175,-8.480861748654635e-06,1.2988642609841992
2025-03-08 14:25:53.194,1.1263678393728844e-07,1.034827462567336
2025-03-08 14:25:53.214,1.196454577569461e-05,0.7710424504497745
2025-03-08 14:25:53.233,2.5431706748787177e-05,0.5067665803960066
2025-03-08 14:25:53.253,3.88028123530387e-05,0.2386656795578849
2025-03-08 14:25:53.273,5.0679074642724585e-05,-0.0377335039743104
2025-03-08 14:25:53.292,6.021692680989103e-05,-0.3259212243253294
2025-03-08 14:25:53.312,6.715097654023994e-05,-0.6261697641862968
2025-03-08 14:25:53.331,7.159284345594008e-05,-0.9338658009864476
2025-03-08 14:25:53.351,7.369618197662277e-05,-1.2389414890492976
2025-03-08 14:25:53.370,7.335771363518306e-05,-1.5265733137897908
2025-03-08 14:25:53.390,7.013628181868795e-05,-1.77891013421181
2025-03-08 14:25:53.409,6.347783513148132e-05,-1.9773307364043389
2025-03-08 14:25:53.429,5.315904818553197e-05,-2.10472443539872
2025-03-08 14:25:53.448,3.970242312559155e-05,-2.1474911349536567
2025-03-08 14:25:53.468,2.448556055085922e-05,-2.097200246335807
2025-03-08 14:25:53.487,9.415890621312394e-06,-1.9519529010660617
2025-03-08 14:25:53.507,-3.7087121896486072e-06,-1.7173947412229404
2025-03-08 14:25:53.526,-1.384843807472468e-05,-1.4071154021594312
2025-03-08 14:25:53.546,-2.1068685508218348e-05,-1.042022866633295
2025-03-08 14:25:53.565,-2.642784626864092e-05,-0.6483512789935133
2025-03-08 14:25:53.585,-3.145394539774574e-05,-0.2542908855767068
2025-03-08 14:25:53.605,-3.7424752830292815e-05,0.1142832553163316
2025-03-08 14:25:53.624,-4.474409539862996e-05,0.4380638658394838
2025-03-08 14:25:53.644,-5.26813964359556e-05,0.7074382314282559
2025-03-08 14:25:53.663,-5.961714585546918e-05,0.923568711330131
2025-03-08 14:25:53.683,-6.373947014205533e-05,1.0970284829681187
2025-03-08 14:25:53.702,-6.392304110125272e-05,1.2442756925793466
2025-03-08 14:25:53.722,-6.039019725669056e-05,1.3828615056835394
2025-03-08 14:25:53.741,-5.481070720427518e-05,1.526611205382357
2025-03-08 14:25:53.761,-4.9754666327098375e-05,1.681977805662667
2025-03-08 14:25:53.780,-4.773353202207237e-05,1.8463587879851
2025-03-08 14:25:53.800,-5.024696677341469e-05,2.008546571494296
2025-03-08 14:25:53.819,-5.720821957535118e-05,2.150891533863074
2025-03-08 14:25:53.839,-6.691979288536097e-05,2.252395520826465
2025-03-08 14:25:53.858,-7.654426414012864e-05,2.291908885199736
2025-03-08 14:25:53.878,-8.285761256979268e-05,2.250837855746561
2025-03-08 14:25:53.898,-8.302759238433088e-05,2.115150553588937
2025-03-08 14:25:53.917,-7.521628918565927e-05,1.876811860597503
2025-03-08 14:25:53.937,-5.890871207625676e-05,1.5349054847741446
2025-03-08 14:25:53.956,-3.496234443820809e-05,1.0965562782506912
2025-03-08 14:25:53.976,-5.430360200525488e-06,0.577462442509465
2025-03-08 14:25:53.995,2.6766975667349644e-05,0.0016161443489116
2025-03-08 14:25:54.015,5.8251915187966015e-05,-0.6001806459972959
2025-03-08 14:25:54.034,8.562427213706847e-05,-1.1930951935610852
2025-03-08 14:25:54.054,0.0001058804806384,-1.7420024654626431
2025-03-08 14:25:54.073,0.000116781029751,-2.2155088216849737
2025-03-08 14:25:54.093,0.0001171282347918,-2.589481857428989
2025-03-08 14:25:54.112,0.0001069132283501,-2.8494588695344545
2025-03-08 14:25:54.132,8.729981017487747e-05,-2.9916165404723363
2025-03-08 14:25:54.151,6.04440573985269e-05,-3.0222992026235977
2025-03-08 14:25:54.171,2.919586454239096e-05,-2.9563105559013314
2025-03-08 14:25:54.190,-3.2407749491880778e-06,-2.8142684845554995
2025-03-08 14:25:54.210,-3.362894351155634e-05,-2.6193764028357305
2025-03-08 14:25:54.230,-5.899115634901086e-05,-2.3940323344211465
2025-03-08 14:25:54.249,-7.689053004071155e-05,-2.1567590280786786
2025-03-08 14:25:54.269,-8.569439767549264e-05,-1.91993259671644
2025-03-08 14:25:54.288,-8.476923404629739e-05,-1.6886776608310956
2025-03-08 14:25:54.308,-7.454462606185914e-05,-1.461102933211192
2025-03-08 14:25:54.327,-5.642098222005225e-05,-1.2298233269201928
2025-03-08 14:25:54.347,-3.2547953512301e-05,-0.9844984689603044
2025-03-08 14:25:54.366,-5.5330063825453154e-06,-0.7149356455764558
2025-03-08 14:25:54.386,2.185686262854611e-05,-0.4141686978848444
2025-03-08 14:25:54.405,4.695381865195428e-05,-0.0808590970974799
2025-03-08 14:25:54.425,6.738611840122781e-05,0.279574786457836
2025-03-08 14:25:54.444,8.121346624910646e-05,0.6554538902584855
2025-03-08 14:25:54.464,8.701657207986026e-05,1.030897136442242
2025-03-08 14:25:54.483,8.396612738572904e-05,1.388894486467462
2025-03-08 14:25:54.503,7.190213333912185e-05,1.714476537063131
2025-03-08 14:25:54.523,5.144821154844991e-05,1.996979328608478
2025-03-08 14:25:54.542,2.4143824377768244e-05,2.2306768337464637
2025-03-08 14:25:54.562,-7.499864783676382e-06,2.4136134623733745
2025-03-08 14:25:54.581,-4.015995840742157e-05,2.545117493507145
2025-03-08 14:25:54.601,-7.014756716990893e-05,2.6229681609759377
2025-03-08 14:25:54.620,-9.404506725252644e-05,2.6413398393245267
2025-03-08 14:25:54.640,-0.0001093105591083,2.5904068036794787
2025-03-08 14:25:54.659,-0.000114631231295,2.457949437430573
2025-03-08 14:25:54.679,-0.0001099301081546,2.2326416679372625
2025-03-08 14:25:54.698,-9.607836357907493e-05,1.9081411202015293
2025-03-08 14:25:54.718,-7.446495263703623e-05,1.4868310875200987
2025-03-08 14:25:54.737,-4.6602601841801546e-05,0.9821504362011894
2025-03-08 14:25:54.757,-1.3911841035406282e-05,0.4188346460374849
2025-03-08 14:25:54.776,2.2255498211208253e-05,-0.1690731800579223
2025-03-08 14:25:54.796,6.038741117096661e-05,-0.7420667697464677
2025-03-08 14:25:54.816,9.849435094299916e-05,-1.2601276153789165
2025-03-08 14:25:54.835,0.0001338669628882,-1.6878524268093065
2025-03-08 14:25:54.855,0.0001630686823803,-1.9988391919415385
2025-03-08 14:25:54.874,0.0001822657609616,-2.178594436609436
2025-03-08 14:25:54.894,0.0001878970361847,-2.225538730083303
2025-03-08 14:25:54.913,0.000177565270149,-2.1500847843298323
2025-03-08 14:25:54.933,0.0001509236310629,-1.9721601941642
2025-03-08 14:25:54.952,0.0001102717392593,-1.7178349247006464
2025-03-08 14:25:54.972,6.05994068692396e-05,-1.4157959268277531
2025-03-08 14:25:54.991,8.94184637291025e-06,-1.0942662479594278
2025-03-08 14:25:55.011,-3.687971791689853e-05,-0.7786743858763734
2025-03-08 14:25:55.030,-6.983843823658606e-05,-0.4900840670931159
2025-03-08 14:25:55.050,-8.518826461429627e-05,-0.2442160022454071
2025-03-08 14:25:55.069,-8.147817186130265e-05,-0.0508648417685691
2025-03-08 14:25:55.089,-6.087234797189481e-05,0.0864177464865909
2025-03-08 14:25:55.108,-2.8740301450138088e-05,0.1704172128040479
2025-03-08 14:25:55.128,7.368666225189552e-06,0.2100996175467007
2025-03-08 14:25:55.148,3.915434960663224e-05,0.2201034639041392
2025-03-08 14:25:55.167,5.9133242023907945e-05,0.2196999648915342
2025-03-08 14:25:55.187,6.206327204301025e-05,0.2310137071507437
2025-03-08 14:25:55.206,4.595889011662691e-05,0.2764026889233807
2025-03-08 14:25:55.226,1.2481049082443543e-05,0.3751653950499246
2025-03-08 14:25:55.245,-3.341473198920704e-05,0.5400868869050032
2025-03-08 14:25:55.265,-8.453564152039467e-05,0.7745866555885098
2025-03-08 14:25:55.284,-0.0001329872993107,1.0712316451665111
2025-03-08 14:25:55.304,-0.0001717996925722,1.4120829303085582
2025-03-08 14:25:55.323,-0.000196214528686,1.7708556063812129
2025-03-08 14:25:55.343,-0.0002043256302787,2.116385921230691
2025-03-08 14:25:55.362,-0.0001969869372506,2.416607485399876
2025-03-08 14:25:55.382,-0.0001771208442965,2.642232553749114
2025-03-08 14:25:55.401,-0.0001486972452812,2.769580740234617
2025-03-08 14:25:55.421,-0.0001156912082258,2.782363498263038
2025-03-08 14:25:55.441,-8.128036462818293e-05,2.6725493257574
2025-03-08 14:25:55.460,-4.744157472369754e-05,2.4405723387546385
2025-03-08 14:25:55.480,-1.4983285560149464e-05,2.0950797948708373
2025-03-08 14:25:55.499,1.6064675875088204e-05,1.65223082953525
2025-03-08 14:25:55.519,4.58653480574447e-05,1.134402353981498
2025-03-08 14:25:55.538,7.419228685047684e-05,0.5681441180548801
2025-03-08 14:25:55.558,0.0001000382221736,-0.0186080265069681
2025-03-08 14:25:55.577,0.0001215454399003,-0.5997527836629275
2025-03-08 14:25:55.597,0.0001362989255704,-1.154066194481854
2025-03-08 14:25:55.616,0.0001419193741463,-1.6673054586872131
2025-03-08 14:25:55.636,0.0001367978755924,-2.132731139841065
2025-03-08 14:25:55.655,0.0001207520020919,-2.549795109969851
2025-03-08 14:25:55.675,9.537681008550448e-05,-2.9212919166475118
2025-03-08 14:25:55.694,6.393015436348164e-05,-3.249789821375072
2025-03-08 14:25:55.714,3.0731737501942973e-05,-3.5344329919091195
2025-03-08 14:25:55.734,2.397451687599561e-07,-3.769102832022611
2025-03-08 14:25:55.753,-2.3880982440430283e-05,-3.942473612644672
2025-03-08 14:25:55.773,-3.93697234736563e-05,-4.039884802530501
2025-03-08 14:25:55.792,-4.54864470625201e-05,-4.046416189506552
2025-03-08 14:25:55.812,-4.2705248197751934e-05,-3.9502550775770926
2025-03-08 14:25:55.831,-3.2232066051833e-05,-3.745440085181232
2025-03-08 14:25:55.851,-1.560154796102487e-05,-3.4333204270529576
2025-03-08 14:25:55.870,5.519479963320911e-06,-3.022489151288563
2025-03-08 14:25:55.890,2.9339359648208924e-05,-2.52739549729243
2025-03-08 14:25:55.909,5.385804541093448e-05,-1.9661710124375664
2025-03-08 14:25:55.929,7.68048759212061e-05,-1.3583245811134572
2025-03-08 14:25:55.948,9.568489510550691e-05,-0.7228711842088661
2025-03-08 14:25:55.968,0.0001079754869068,-0.0772295740152161
2025-03-08 14:25:55.987,0.0001114600530914,0.563048050058169
2025-03-08 14:25:56.007,0.0001046337667243,1.183882743077388
2025-03-08 14:25:56.026,8.708397496402067e-05,1.771923246389119
2025-03-08 14:25:56.046,5.9747737727036126e-05,2.3138089008491494
2025-03-08 14:25:56.066,2.497741342105732e-05,2.795777407122702
2025-03-08 14:25:56.085,-1.362434429861666e-05,3.2038656958320013
2025-03-08 14:25:56.105,-5.162043467449789e-05,3.524791348752336
2025-03-08 14:25:56.124,-8.438731993428585e-05,3.747376891965553
2025-03-08 14:25:56.144,-0.0001078896122681,3.864157848672016
2025-03-08 14:25:56.163,-0.0001193916270687,3.8727094238520574
2025-03-08 14:25:56.183,-0.0001179155963944,3.7763104905710394
2025-03-08 14:25:56.202,-0.0001043448852389,3.583803949455246
2025-03-08 14:25:56.222,-8.118337644784081e-05,3.308785185322851
2025-03-08 14:25:56.241,-5.206206068433137e-05,2.96842471423106
2025-03-08 14:25:56.261,-2.111624039673491e-05,2.5822434603164224
2025-03-08 14:25:56.280,7.647452035749416e-06,2.17102962980871
2025-03-08 14:25:56.300,3.0898831207643386e-05,1.755895080545592
2025-03-08 14:25:56.319,4.63801216394028e-05,1.357317745129659
2025-03-08 14:25:56.339,5.310882433495367e-05,0.9939846982047332
2025-03-08 14:25:56.359,5.136724076147472e-05,0.6813576183177033
2025-03-08 14:25:56.378,4.248078008559599e-05,0.4300753117987114
2025-03-08 14:25:56.398,2.841979563419087e-05,0.2444898417314503
2025-03-08 14:25:56.417,1.1307674895905965e-05,0.1217206074751366
2025-03-08 14:25:56.437,-7.032152262145531e-06,0.0515752600450961
2025-03-08 14:25:56.456,-2.5345017702179117e-05,0.0175473207028153
2025-03-08 14:25:56.476,-4.2944292160895534e-05,-0.0011058574671325
2025-03-08 14:25:56.495,-5.947235488283252e-05,-0.0264391716744107
2025-03-08 14:25:56.515,-7.456309719390174e-05,-0.078505498878269
2025-03-08 14:25:56.534,-8.758510394555412e-05,-0.1722379262367201
2025-03-08 14:25:56.554,-9.75937587320869e-05,-0.3150929998432095
2025-03-08 14:25:56.573,-0.0001035057969043,-0.5058474252305841
2025-03-08 14:25:56.593,-0.0001043966230237,-0.7347004265124801
2025-03-08 14:25:56.612,-9.97747597147308e-05,-0.9846244396015964
2025-03-08 14:25:56.632,-8.972274513208522e-05,-1.2337726545489227
2025-03-08 14:25:56.651,-7.486885202972309e-05,-1.4586679288430509
2025-03-08 14:25:56.671,-5.6221917921256673e-05,-1.637811470053689
2025-03-08 14:25:56.691,-3.494044329961932e-05,-1.7552372564112222
2025-03-08 14:25:56.710,-1.2115312227767078e-05,-1.803429772867331
2025-03-08 14:25:56.730,1.1370540292127931e-05,-1.784991399783355
2025-03-08 14:25:56.749,3.487300087112617e-05,-1.7125687054582437
2025-03-08 14:25:56.769,5.791106209642637e-05,-1.6068556328914716
2025-03-08 14:25:56.788,8.001824219886072e-05,-1.492936559708402
2025-03-08 14:25:56.808,0.000100574497095,-1.3956836458747233
2025-03-08 14:25:56.827,0.000118676911616,-1.3352150897036994
2025-03-08 14:25:56.847,0.0001330976912335,-1.3234240792358474
2025-03-08 14:25:56.866,0.0001423569141648,-1.362276458301764
2025-03-08 14:25:56.886,0.0001449114752436,-1.4440554960402343
2025-03-08 14:25:56.905,0.0001394390848035,-1.553209828025841
2025-03-08 14:25:56.925,0.0001251835908104,-1.6691431051371388
2025-03-08 14:25:56.944,0.0001023178192293,-1.7692668312502704
2025-03-08 14:25:56.964,7.224769064006975e-05,-1.8318475169169852
2025-03-08 14:25:56.984,3.7723557044016285e-05,-1.8384303889652551
2025-03-08 14:25:57.003,2.605371982335416e-06,-1.7757599173187402
2025-03-08 14:25:57.023,-2.8773782568315336e-05,-1.6371231952232077
2025-03-08 14:25:57.042,-5.251032480130372e-05,-1.4230111947763104
2025-03-08 14:25:57.062,-6.601260012795173e-05,-1.1410261804913469
2025-03-08 14:25:57.081,-6.857211570974584e-05,-0.8050773106611867
2025-03-08 14:25:57.101,-6.145848171493459e-05,-0.4340300348177471
2025-03-08 14:25:57.120,-4.753960293258719e-05,-0.0500248518133339
2025-03-08 14:25:57.140,-3.056238291512465e-05,0.3233620847076093
2025-03-08 14:25:57.159,-1.4301514140561552e-05,0.6630251167890688
2025-03-08 14:25:57.179,-1.7939071956754237e-06,0.94825597276535
2025-03-08 14:25:57.198,5.166610641471597e-06,1.1626206796966283
2025-03-08 14:25:57.218,6.182216318667228e-06,1.2956394756150982
2025-03-08 14:25:57.237,2.064175315429595e-06,1.34404726645191
2025-03-08 14:25:57.257,-5.585540238334178e-06,1.3123953445557468
2025-03-08 14:25:57.277,-1.4874722717304004e-05,1.212824149594144
2025-03-08 14:25:57.296,-2.4087917055912326e-05,1.0639662292026673
2025-03-08 14:25:57.316,-3.205997879793801e-05,0.889073123064988
2025-03-08 14:25:57.335,-3.839731814432164e-05,0.7135648317585926
2025-03-08 14:25:57.355,-4.345005099937525e-05,0.5622772034168233
2025-03-08 14:25:57.374,-4.797054556155455e-05,0.456738402317817
2025-03-08 14:25:57.394,-5.254992517724658e-05,0.4128288216689046
2025-03-08 14:25:57.413,-5.7098463445019904e-05,0.4391488392058386
2025-03-08 14:25:57.433,-6.065808206286285e-05,0.5363287191551108
2025-03-08 14:25:57.452,-6.166086307526144e-05,0.6973783304893615
2025-03-08 14:25:57.472,-5.851044088533257e-05,0.9090181190870992
2025-03-08 14:25:57.491,-5.022729966017266e-05,1.1537834574579555
2025-03-08 14:25:57.511,-3.690985494262293e-05,1.412565727176291
2025-03-08 14:25:57.530,-1.9862134613771943e-05,1.667152551725547
2025-03-08 14:25:57.550,-1.35796345574677e-06,1.9022831426069575
2025-03-08 14:25:57.569,1.588466618156089e-05,2.1067934864359548
2025-03-08 14:25:57.589,2.9371534660537503e-05,2.2736225786508983
2025-03-08 14:25:57.609,3.74587891631533e-05,2.3987520465653973
2025-03-08 14:25:57.628,3.976038832171161e-05,2.479461797974541
2025-03-08 14:25:57.648,3.7207627597435526e-05,2.51249363120778
2025-03-08 14:25:57.667,3.172148922943979e-05,2.49274883673901
2025-03-08 14:25:57.687,2.5577810578990084e-05,2.412994662807152
2025-03-08 14:25:57.706,2.0663629640434404e-05,2.26477117143504
2025-03-08 14:25:57.726,1.788523847859549e-05,2.040362145050914
2025-03-08 14:25:57.745,1.6946710553502216e-05,1.7354032418040517
2025-03-08 14:25:57.765,1.6580722510006583e-05,1.3514985421150854
2025-03-08 14:25:57.784,1.5145729607076003e-05,0.8981329429331489
2025-03-08 14:25:57.804,1.13740930258499e-05,0.3932401892700783
2025-03-08 14:25:57.823,5.003983447976722e-06,-0.1379457135575001
2025-03-08 14:25:57.843,-2.934183115518136e-06,-0.6656860460569254
2025-03-08 14:25:57.862,-1.0286890792366466e-05,-1.1596296179600103
2025-03-08 14:25:57.882,-1.4348522393700628e-05,-1.5929318481288752
2025-03-08 14:25:57.902,-1.263932903592536e-05,-1.9457049576501149
2025-03-08 14:25:57.921,-3.641316193999455e-06,-2.207148711802972
2025-03-08 14:25:57.941,1.271359793880686e-05,-2.376084657236423
2025-03-08 14:25:57.960,3.491180909298743e-05,-2.459966963610924
2025-03-08 14:25:57.980,6.009083302900367e-05,-2.4726919110374848
2025-03-08 14:25:57.999,8.456575308388991e-05,-2.4316760748326307
2025-03-08 14:25:58.019,0.0001045261533499,-2.354748135758484
2025-03-08 14:25:58.038,0.0001167547715812,-2.257406109977574
2025-03-08 14:25:58.058,0.000119219513178,-2.150906905491195
2025-03-08 14:25:58.077,0.0001114177015386,-2.041463167297727
2025-03-08 14:25:58.097,9.440762559375588e-05,-1.9305551352258012
2025-03-08 14:25:58.116,7.054636512077865e-05,-1.8161029556842017
2025-03-08 14:25:58.136,4.304368444968903e-05,-1.6940804056124334
2025-03-08 14:25:58.155,1.5483831522046294e-05,-1.5601405439989764
2025-03-08 14:25:58.175,-8.59241190205492e-06,-1.4109516851667514
2025-03-08 14:25:58.195,-2.6075759674563456e-05,-1.2451253730265386
2025-03-08 14:25:58.214,-3.473156295208259e-05,-1.0637575703866713
2025-03-08 14:25:58.234,-3.369567738299407e-05,-0.8706466735444098
2025-03-08 14:25:58.253,-2.3877200116135565e-05,-0.672213644716669
2025-03-08 14:25:58.273,-8.062818689107469e-06,-0.4770914630615847
2025-03-08 14:25:58.292,9.415971206219265e-06,-0.2953340503458023
2025-03-08 14:25:58.312,2.345537200471368e-05,-0.1372458799822698
2025-03-08 14:25:58.331,2.925470589911366e-05,-0.0119343293204305
2025-03-08 14:25:58.351,2.34527017629755e-05,0.0742111065896002
2025-03-08 14:25:58.370,5.0321146877043605e-06,0.1188485646097106
2025-03-08 14:25:58.390,-2.4279906503027684e-05,0.1245535049089679
2025-03-08 14:25:58.409,-6.0287642579525445e-05,0.0990059543684125
2025-03-08 14:25:58.429,-9.72721255452034e-05,0.0543748319671964
2025-03-08 14:25:58.448,-0.000129376590028,0.0059357910987401
2025-03-08 14:25:58.468,-0.0001520192768877,-0.0298683304626053
2025-03-08 14:25:58.487,-0.000162882495692,-0.0376001142476691
2025-03-08 14:25:58.507,-0.0001621803720367,-0.0049008492355543
2025-03-08 14:25:58.527,-0.0001521884914835,0.0757882201247482
2025-03-08 14:25:58.546,-0.0001362898756828,0.206014098748918
2025-03-08 14:25:58.566,-0.0001179251860127,0.3807201921727727
2025-03-08 14:25:58.585,-9.97814397432216e-05,0.5883928384342945
2025-03-08 14:25:58.605,-8.337706500836073e-05,0.8120734266695271
2025-03-08 14:25:58.624,-6.902720101055468e-05,1.0313016883734656
2025-03-08 14:25:58.644,-5.6080212292059927e-05,1.2248910191251063
2025-03-08 14:25:58.663,-4.3298688455849056e-05,1.3742007285854665
2025-03-08 14:25:58.683,-2.92776913216972e-05,1.4663430238608937
2025-03-08 14:25:58.702,-1.282387277976496e-05,1.4966358089713216
2025-03-08 14:25:58.722,6.7506422553712815e-06,1.4696570860077989
2025-03-08 14:25:58.741,2.9442198692118636e-05,1.3985015683942408
2025-03-08 14:25:58.761,5.4485246095925225e-05,1.302252640708684
2025-03-08 14:25:58.780,8.039772498555455e-05,1.202158427000752
2025-03-08 14:25:58.800,0.0001051369787599,1.1173815463117385
2025-03-08 14:25:58.820,0.0001263533872564,1.0613295797047773
2025-03-08 14:25:58.839,0.0001417160719414,1.0394059018718218
2025-03-08 14:25:58.859,0.0001492675691901,1.0486095374768438
2025-03-08 14:25:58.878,0.0001477474073766,1.0789092467723789
2025-03-08 14:25:58.898,0.0001368170660717,1.1158876014047368
2025-03-08 14:25:58.917,0.000117131824128,1.1439060768772098
2025-03-08 14:25:58.937,9.024560181622996e-05,1.149009891657594
2025-03-08 14:25:58.956,5.839217786629611e-05,1.1209437714366846
2025-03-08 14:25:58.976,2.42235473992268e-05,1.0539430739902846
2025-03-08 14:25:58.995,-9.429804543457332e-06,0.9463398883209514
2025-03-08 14:25:59.015,-3.976654923770858e-05,0.7993863268863964
2025-03-08 14:25:59.034,-6.42171996082141e-05,0.6159265149452727
2025-03-08 14:25:59.054,-8.065508648806079e-05,0.399547959050685
2025-03-08 14:25:59.073,-8.759056943826432e-05,0.1545958902558104
2025-03-08 14:25:59.093,-8.431101772797374e-05,-0.1129722375362772
2025-03-08 14:25:59.112,-7.095456703978685e-05,-0.3943237495799977
2025-03-08 14:25:59.132,-4.853647540684012e-05,-0.6767659509584688
2025-03-08 14:25:59.152,-1.895149304298049e-05,-0.94373204787022
2025-03-08 14:25:59.171,1.5048324969199911e-05,-1.17617481562063
2025-03-08 14:25:59.191,4.993569632903598e-05,-1.3553576965398073
2025-03-08 14:25:59.210,8.160929219892239e-05,-1.4665290545449507
2025-03-08 14:25:59.230,0.0001057693796696,-1.5025666907594848
2025-03-08 14:25:59.249,0.0001184844864223,-1.4665235785443975
2025-03-08 14:25:59.269,0.0001168971720905,-1.372169035523399
2025-03-08 14:25:59.288,9.99367264519577e-05,-1.2420988329647258
2025-03-08 14:25:59.308,6.884217577762735e-05,-1.1036774529125188
2025-03-08 14:25:59.327,2.7281900261005705e-05,-0.98376393893603
2025-03-08 14:25:59.347,-1.9086086849878092e-05,-0.9035980965472528
2025-03-08 14:25:59.366,-6.362478884387354e-05,-0.8751936129907175
2025-03-08 14:25:59.386,-0.0001001053107442,-0.900089158458732
2025-03-08 14:25:59.405,-0.0001240889699309,-0.9705437687114684
2025-03-08 14:25:59.425,-0.0001338649859187,-1.0725335364219664
2025-03-08 14:25:59.445,-0.0001306305088828,-1.1894709378697774
2025-03-08 14:25:59.464,-0.0001178593177878,-1.3055286365355676
2025-03-08 14:25:59.484,-0.0001000852032157,-1.4077482449858003
2025-03-08 14:25:59.503,-8.151950876520171e-05,-1.4866025336396296
2025-03-08 14:25:59.523,-6.495542375913865e-05,-1.5351930483961511
2025-03-08 14:25:59.542,-5.126789722402773e-05,-1.5476648225803051
2025-03-08 14:25:59.562,-3.95738671791664e-05,-1.5176091116205987
2025-03-08 14:25:59.581,-2.790144382817989e-05,-1.4371683441323049
2025-03-08 14:25:59.601,-1.4106563192157297e-05,-1.2972894069487717
2025-03-08 14:25:59.620,3.2363237730893027e-06,-1.0891799488495706
2025-03-08 14:25:59.640,2.419664578900244e-05,-0.8066187723526379
2025-03-08 14:25:59.659,4.725302751546903e-05,-0.4484648294304951
2025-03-08 14:25:59.679,6.951733815505951e-05,-0.0205898739381302
2025-03-08 14:25:59.698,8.737366294364473e-05,0.4634200310480693
2025-03-08 14:25:59.718,9.739479894466936e-05,0.9831032304172892
2025-03-08 14:25:59.738,9.73244266080037e-05,1.5133434503123748
2025-03-08 14:25:59.757,8.687262518467252e-05,2.0273968290559816
2025-03-08 14:25:59.777,6.808107391727873e-05,2.499935884196809
2025-03-08 14:25:59.796,4.5084425368011767e-05,2.9093797475292837
2025-03-08 14:25:59.816,2.323067816768848e-05,3.2390698687473143
2025-03-08 14:25:59.835,7.715230765236523e-06,3.477264282200706
2025-03-08 14:25:59.855,2.087679374118683e-06,3.6163285386668873
2025-03-08 14:25:59.874,7.116788181604246e-06,3.651761844112156
2025-03-08 14:25:59.894,2.04427709088747e-05,3.581704834417246
2025-03-08 14:25:59.913,3.718408989610214e-05,3.407305103374562
2025-03-08 14:25:59.933,5.131314312761381e-05,3.1338654979472023
2025-03-08 14:25:59.952,5.734602918640129e-05,2.772261860987296
2025-03-08 14:25:59.972,5.181665314499859e-05,2.339885177610572
2025-03-08 14:25:59.991,3.4133132884865546e-05,1.860431991783984
2025-03-08 14:26:00.011,6.668407525703929e-06,1.3621956422178476
2025-03-08 14:26:00.030,-2.581725392696544e-05,0.8749625167246647
2025-03-08 14:26:00.050,-5.7197797599658616e-05,0.4260329386669558
2025-03-08 14:26:00.070,-8.121867300230796e-05,0.03615107587854
2025-03-08 14:26:00.089,-9.27583704130187e-05,-0.2837973155372935
2025-03-08 14:26:00.109,-8.893123479045548e-05,-0.5345625801599033
2025-03-08 14:26:00.128,-6.98252610065463e-05,-0.7282826103550021
2025-03-08 14:26:00.148,-3.8668176924635366e-05,-0.8860944665053612
2025-03-08 14:26:00.167,-1.300077916115835e-06,-1.0339639105083158
2025-03-08 14:26:00.187,3.4991432217140446e-05,-1.1975330004431262
2025-03-08 14:26:00.206,6.301330793076411e-05,-1.3970507185859895
2025-03-08 14:26:00.226,7.719531405895592e-05,-1.6434325317924614
2025-03-08 14:26:00.245,7.472608833644467e-05,-1.936194784551006
2025-03-08 14:26:00.265,5.6059565241360777e-05,-2.2635436279070245
2025-03-08 14:26:00.284,2.4732444445175697e-05,-2.6044321355923388
2025-03-08 14:26:00.304,-1.3428512584978626e-05,-2.93206634024991
2025-03-08 14:26:00.323,-5.1528417196855416e-05,-3.218179817893471
2025-03-08 14:26:00.343,-8.298080435625704e-05,-3.437357306288164
2025-03-08 14:26:00.363,-0.0001027159221593,-3.570705664728428
2025-03-08 14:26:00.382,-0.0001079559881337,-3.608240858919385
2025-03-08 14:26:00.402,-9.8443354189239e-05,-3.5495389475312926
2025-03-08 14:26:00.421,-7.616978853855896e-05,-3.4025298325679416
2025-03-08 14:26:00.441,-4.476227924521527e-05,-3.1807520438620687
2025-03-08 14:26:00.460,-8.715993088413989e-06,-2.899800723992142
2025-03-08 14:26:00.480,2.735676849880384e-05,-2.573922286782151
2025-03-08 14:26:00.499,5.934604486082986e-05,-2.2136273217925573
2025-03-08 14:26:00.519,8.407601728579618e-05,-1.8248271201739537
2025-03-08 14:26:00.538,9.954007575378584e-05,-1.4095041286469046
2025-03-08 14:26:00.558,0.0001049564338597,-0.9675132165275392
2025-03-08 14:26:00.577,0.0001006698160691,-0.498921114152038
2025-03-08 14:26:00.597,8.792605222138783e-05,-0.0063252288003843
2025-03-08 14:26:00.616,6.855610652636377e-05,0.5032654233092548
2025-03-08 14:26:00.636,4.463536716257732e-05,1.0172844248118451
2025-03-08 14:26:00.656,1.8221642800209708e-05,1.5174417585403446
2025-03-08 14:26:00.675,-8.728287720711883e-06,1.9807356616354463
2025-03-08 14:26:00.695,-3.425796086087058e-05,2.3817001603356784
2025-03-08 14:26:00.714,-5.626531697616366e-05,2.695666815771123
2025-03-08 14:26:00.734,-7.251256318541572e-05,2.902475350897772
2025-03-08 14:26:00.753,-8.089591926333986e-05,2.9898220560770663
2025-03-08 14:26:00.773,-7.990763366527924e-05,2.9554370716139373
2025-03-08 14:26:00.792,-6.911562303645591e-05,2.807563824373291
2025-03-08 14:26:00.812,-4.94884630709731e-05,2.5636679239673343
2025-03-08 14:26:00.831,-2.3457005590055422e-05,2.24775228095698
2025-03-08 14:26:00.851,5.323851572274395e-06,1.8869494300270824
2025-03-08 14:26:00.870,3.248745530257943e-05,1.5081310552759335
2025-03-08 14:26:00.890,5.366396459758737e-05,1.135139914404138
2025-03-08 14:26:00.909,6.526450749471241e-05,0.7869951665486341
2025-03-08 14:26:00.929,6.518950523112982e-05,0.4771401690783817
2025-03-08 14:26:00.948,5.3299468907331786e-05,0.2135546997401287
2025-03-08 14:26:00.968,3.15088040995236e-05,-0.0006137462582676
2025-03-08 14:26:00.988,3.4298596589598768e-06,-0.1662882678196187
2025-03-08 14:26:01.007,-2.6390613920933648e-05,-0.287856988090819
2025-03-08 14:26:01.027,-5.346043550621755e-05,-0.372798342665729
2025-03-08 14:26:01.046,-7.427514985213274e-05,-0.4313794022921594
2025-03-08 14:26:01.066,-8.692846285010787e-05,-0.4761111401828365
2025-03-08 14:26:01.085,-9.125853032552404e-05,-0.5206217631923373
2025-03-08 14:26:01.105,-8.854297051505755e-05,-0.5777454598249203
2025-03-08 14:26:01.124,-8.087608673361725e-05,-0.6569093979702072
2025-03-08 14:26:01.144,-7.044416881871503e-05,-0.7612733449709985
2025-03-08 14:26:01.163,-5.893938043605192e-05,-0.8853992547887826
2025-03-08 14:26:01.183,-4.727815718055066e-05,-1.0143333392748684
2025-03-08 14:26:01.202,-3.564194015656413e-05,-1.1247583526581493
2025-03-08 14:26:01.222,-2.373261165364556e-05,-1.1883448462439297
2025-03-08 14:26:01.241,-1.1095273034450946e-05,-1.1767667975937826
2025-03-08 14:26:01.261,2.6084773647406496e-06,-1.067290640235704
2025-03-08 14:26:01.281,1.743701776930938e-05,-0.8476042073814847
2025-03-08 14:26:01.300,3.312117432616359e-05,-0.5187095602694831
2025-03-08 14:26:01.320,4.910008143000905e-05,-0.0951998663020609
2025-03-08 14:26:01.339,6.458983433698236e-05,0.3970917457671669
2025-03-08 14:26:01.359,7.863859613493143e-05,0.9254431626759636
2025-03-08 14:26:01.378,9.014579924434148e-05,1.4555219853092298
2025-03-08 14:26:01.398,9.786124076554216e-05,1.956372612554952
2025-03-08 14:26:01.417,0.0001004220289261,2.4040538671655685
2025-03-08 14:26:01.437,9.650749488532506e-05,2.783270978401581
2025-03-08 14:26:01.456,8.515622195213982e-05,3.0868759271738795
2025-03-08 14:26:01.476,6.61854713009629e-05,3.313648213026438
2025-03-08 14:26:01.495,4.054765791100566e-05,3.4651900237704565
2025-03-08 14:26:01.515,1.0445528725341713e-05,3.542958546267644
2025-03-08 14:26:01.534,-2.087789591933224e-05,3.5463509124101944
2025-03-08 14:26:01.554,-4.9628785002014746e-05,3.472388184763089
2025-03-08 14:26:01.573,-7.208992969334461e-05,3.317029325238469
2025-03-08 14:26:01.593,-8.521233950654692e-05,3.0776282572191658
2025-03-08 14:26:01.613,-8.703489505068325e-05,2.755663811424709
2025-03-08 14:26:01.632,-7.68824588633598e-05,2.35873947553382
2025-03-08 14:26:01.652,-5.537759596526133e-05,1.901036502184456
2025-03-08 14:26:01.671,-2.434175871534669e-05,1.4018856353510365
2025-03-08 14:26:01.691,1.334888423806843e-05,0.8827537917531251
2025-03-08 14:26:01.710,5.393132254329516e-05,0.3634938756034481
2025-03-08 14:26:01.730,9.297489801271934e-05,-0.1410310499122672
2025-03-08 14:26:01.749,0.0001257090084784,-0.6229527167247835
2025-03-08 14:26:01.769,0.0001475093747829,-1.081466443365417
2025-03-08 14:26:01.788,0.0001545452558687,-1.5209869974837522
2025-03-08 14:26:01.808,0.000144513105021,-1.9479788033284688
2025-03-08 14:26:01.827,0.0001173010007003,-2.36742793776438
2025-03-08 14:26:01.847,7.537643439514252e-05,-2.780006758253531
2025-03-08 14:26:01.866,2.370223721499729e-05,-3.1807380288166804
2025-03-08 14:26:01.886,-3.091540514061829e-05,-3.559475440766304
2025-03-08 14:26:01.906,-8.096803858241489e-05,-3.9029506734408335
2025-03-08 14:26:01.925,-0.0001196133756949,-4.197676915497063
2025-03-08 14:26:01.945,-0.0001419184067589,-4.432777199162771
2025-03-08 14:26:01.964,-0.0001456784243117,-4.6018781123182855
2025-03-08 14:26:01.984,-0.0001316682385337,-4.703546998973343
2025-03-08 14:26:02.003,-0.0001033454992102,-4.740242349108711
2025-03-08 14:26:02.023,-6.613524856232993e-05,-4.716226859209386
2025-03-08 14:26:02.042,-2.6468695377820075e-05,-4.635201329205613
2025-03-08 14:26:02.062,9.25390468405796e-06,-4.498464124067596
2025-03-08 14:26:02.081,3.563163860729317e-05,-4.30419024740752
2025-03-08 14:26:02.101,4.9045576052569214e-05,-4.048042944272527
2025-03-08 14:26:02.120,4.8159522963214696e-05,-3.724908605467596
2025-03-08 14:26:02.140,3.406028586835693e-05,-3.331212534738687
2025-03-08 14:26:02.159,9.986344885238646e-06,-2.867124401564047
2025-03-08 14:26:02.179,-1.935135816994696e-05,-2.338032795097698
2025-03-08 14:26:02.199,-4.875989364420799e-05,-1.754923239997319
2025-03-08 14:26:02.218,-7.365498665924733e-05,-1.1336412641834723
2025-03-08 14:26:02.238,-9.096587131401304e-05,-0.4933385636825512
2025-03-08 14:26:02.257,-9.960305924401024e-05,0.145428058590623
2025-03-08 14:26:02.277,-0.0001003789054878,0.7624963814877177
2025-03-08 14:26:02.296,-9.543647281151844e-05,1.3395078925501742
2025-03-08 14:26:02.316,-8.736998018341303e-05,1.8608154441397116
2025-03-08 14:26:02.335,-7.83049699002167e-05,2.313882616976274
2025-03-08 14:26:02.355,-6.92272249405779e-05,2.6891968010354894
2025-03-08 14:26:02.374,-5.97629324600149e-05,2.9797505365331745
2025-03-08 14:26:02.394,-4.8442841938055327e-05,3.180259489365265
2025-03-08 14:26:02.413,-3.332669308145599e-05,3.2864616565457645
2025-03-08 14:26:02.433,-1.278733293851362e-05,3.2949460406373503
2025-03-08 14:26:02.452,1.375210740375342e-05,3.20384209924527
2025-03-08 14:26:02.472,4.530444188146263e-05,3.0143483834720373
2025-03-08 14:26:02.491,7.915604125400877e-05,2.7326516020602947
2025-03-08 14:26:02.511,0.0001111203665518,2.3715201831035047
2025-03-08 14:26:02.531,0.0001361950349947,1.950896934932904
2025-03-08 14:26:02.550,0.0001495248004518,1.497137295638206
2025-03-08 14:26:02.570,0.0001474905876835,1.0409758113832246
2025-03-08 14:26:02.589,0.0001286835186536,0.6146563165407383
2025-03-08 14:26:02.609,9.450563116611216e-05,0.2488071821568205
2025-03-08 14:26:02.628,4.918875248054469e-05,-0.030423556852392
2025-03-08 14:26:02.648,-8.469075548034721e-07,-0.2036438857765822
2025-03-08 14:26:02.667,-4.8179890827937045e-05,-0.2597527747948491
2025-03-08 14:26:02.687,-8.581954481809267e-05,-0.1966782632320212
2025-03-08 14:26:02.706,-0.000108500865079,-0.0212977693491334
2025-03-08 14:26:02.726,-0.0001135315621979,0.2514291907901225
2025-03-08 14:26:02.745,-0.0001010551413284,0.5999831478666842
2025-03-08 14:26:02.765,-7.377199078345782e-05,0.9982238441896892
2025-03-08 14:26:02.784,-3.627457529297095e-05,1.4174815997145016
2025-03-08 14:26:02.804,5.810416597251004e-06,1.8286128022642685
2025-03-08 14:26:02.824,4.670138230248887e-05,2.2039561278908795
2025-03-08 14:26:02.843,8.124113989931665e-05,2.5192120997039176
2025-03-08 14:26:02.863,0.00010550707577,2.755263022279504
2025-03-08 14:26:02.882,0.0001172196739899,2.899858509312068
2025-03-08 14:26:02.902,0.0001159337121227,2.948961693086032
2025-03-08 14:26:02.921,0.0001030009603269,2.9074452074760506
2025-03-08 14:26:02.941,8.130216583752184e-05,2.7887988083686754
2025-03-08 14:26:02.960,5.477553358617874e-05,2.613594719882512
2025-03-08 14:26:02.980,2.781674195529961e-05,2.4066569602924788
2025-03-08 14:26:02.999,4.660687379027108e-06,2.1931723932447547
2025-03-08 14:26:03.019,-1.1155566161182747e-05,1.9943048966237047
2025-03-08 14:26:03.038,-1.7196165757281208e-05,1.823132395647365
2025-03-08 14:26:03.058,-1.2380249872506968e-05,1.681811397927021
2025-03-08 14:26:03.077,2.9272421815047606e-06,1.5607238940148167
2025-03-08 14:26:03.097,2.7000886202397563e-05,1.439996784651416
2025-03-08 14:26:03.117,5.699566969739194e-05,1.2932840470764302
2025-03-08 14:26:03.136,8.928196836675895e-05,1.0931714057697286
2025-03-08 14:26:03.156,0.0001198187766545,0.8171248842510311
2025-03-08 14:26:03.175,0.0001445493221682,0.4526916075741354
2025-03-08 14:26:03.195,0.000159814438732,0.0007723540834876
2025-03-08 14:26:03.214,0.0001627554238835,-0.5237741823782192
2025-03-08 14:26:03.234,0.000151672048541,-1.094277310715226
2025-03-08 14:26:03.253,0.0001263199723132,-1.6765561873868138
2025-03-08 14:26:03.273,8.812335216595389e-05,-2.234301863526972
2025-03-08 14:26:03.292,4.022701647279436e-05,-2.7343093721859746
2025-03-08 14:26:03.312,-1.2726070098177108e-05,-3.150505161190493
2025-03-08 14:26:03.331,-6.516679230556453e-05,-3.4661249082600603
2025-03-08 14:26:03.351,-0.000111468124998,-3.673911715577428
2025-03-08 14:26:03.370,-0.0001469045743372,-3.774697268016642
2025-03-08 14:26:03.390,-0.0001684247808344,-3.775080001381594
2025-03-08 14:26:03.409,-0.0001750212327244,-3.685036597747092
2025-03-08 14:26:03.429,-0.0001676362055126,-3.516174093831865
2025-03-08 14:26:03.449,-0.0001486984873322,-3.281002157280174
2025-03-08 14:26:03.468,-0.0001214758941434,-2.9931820283559256
2025-03-08 14:26:03.488,-8.944058537331006e-05,-2.6683191390255625
2025-03-08 14:26:03.507,-5.579561968185367e-05,-2.3246399979269423
2025-03-08 14:26:03.527,-2.323061115079192e-05,-1.982913510639084
2025-03-08 14:26:03.546,6.109054989555361e-06,-1.6652326413997725
2025-03-08 14:26:03.566,3.051740682626239e-05,-1.392666927224652
2025-03-08 14:26:03.585,4.859243198200807e-05,-1.1821989428068167
2025-03-08 14:26:03.605,5.916321144300595e-05,-1.0436542559731172
2025-03-08 14:26:03.624,6.132980694534488e-05,-0.9774471434703296
2025-03-08 14:26:03.644,5.460765279962295e-05,-0.9738578207647816
2025-03-08 14:26:03.663,3.911541330835518e-05,-1.014245694449272
2025-03-08 14:26:03.683,1.5719667273577616e-05,-1.0741550418087755
2025-03-08 14:26:03.702,-1.393402499189568e-05,-1.127790557099994
2025-03-08 14:26:03.722,-4.7523376589607845e-05,-1.1529465353806954
2025-03-08 14:26:03.742,-8.225623072527296e-05,-1.1352698827978265
2025-03-08 14:26:03.761,-0.0001151444161938,-1.0708025553707052
2025-03-08 14:26:03.781,-0.0001433292207723,-0.9661107386309769
2025-03-08 14:26:03.800,-0.0001644482785572,-0.8359059247300634
2025-03-08 14:26:03.820,-0.0001769959775089,-0.6987380065092796
2025-03-08 14:26:03.839,-0.000180582494743,-0.5718811785033686
2025-03-08 14:26:03.859,-0.0001759949103847,-0.4667649274951804
2025-03-08 14:26:03.878,-0.0001650200497162,-0.3861556970366473
2025-03-08 14:26:03.898,-0.000150066139709,-0.3238153506387677
2025-03-08 14:26:03.917,-0.0001336785964163,-0.266679512689185
2025-03-08 14:26:03.937,-0.0001180691148419,-0.1988938319888991
2025-03-08 14:26:03.956,-0.0001047697333918,-0.1065220416638692
2025-03-08 14:26:03.976,-9.449269745895264e-05,0.0184340119817779
2025-03-08 14:26:03.995,-8.723087684705763e-05,0.1758219242519975
2025-03-08 14:26:04.015,-8.257939663257238e-05,0.3574839089491036
2025-03-08 14:26:04.035,-8.020322126205622e-05,0.5496128129995919
2025-03-08 14:26:04.054,-8.032342630406213e-05,0.7365777233869948
2025-03-08 14:26:04.074,-8.405545055904723e-05,0.9051502716124468
2025-03-08 14:26:04.093,-9.342783680061956e-05,1.0480516847485275
2025-03-08 14:26:04.113,-0.0001109762249471,1.1659897821568057
2025-03-08 14:26:04.132,-0.0001389525197478,1.267750901183201
2025-03-08 14:26:04.152,-0.0001783439322031,1.3683426184641376
2025-03-08 14:26:04.171,-0.0002279639598147,1.4855789220997582
2025-03-08 14:26:04.191,-0.0002838474213168,1.6358256628999543
2025-03-08 14:26:04.210,-0.0003391305279219,1.829841783705176
2025-03-08 14:26:04.230,-0.0003845565886014,2.0696962055530967
2025-03-08 14:26:04.249,-0.0004096631866252,2.3475508940930583
2025-03-08 14:26:04.269,-0.0004045449167368,2.646678498798187
2025-03-08 14:26:04.288,-0.0003619002591109,2.9445241903270136
2025-03-08 14:26:04.308,-0.0002789328208805,3.2170934390794432
2025-03-08 14:26:04.327,-0.000158620445094,3.4436147573882283
2025-03-08 14:26:04.347,-9.915085640202824e-06,3.610376266279896
2025-03-08 14:26:04.367,0.0001533742897598,3.712856087044474
2025-03-08 14:26:04.386,0.0003149285650586,3.7556773355974737
2025-03-08 14:26:04.406,0.0004590071565562,3.750408074410844
2025-03-08 14:26:04.425,0.0005734922115878,3.711688934953104
2025-03-08 14:26:04.445,0.0006520632846891,3.652528437534725
2025-03-08 14:26:04.464,0.0006949260185459,3.579808595071998
2025-03-08 14:26:04.484,0.0007079512223529,3.49104881526436
2025-03-08 14:26:04.503,0.000700546654156,3.3732494049927397
2025-03-08 14:26:04.523,0.0006829323725306,3.2041927723359107
2025-03-08 14:26:04.542,0.0006636082814967,2.956026065796357
2025-03-08 14:26:04.562,0.0006476710455374,2.6004512561382365
2025-03-08 14:26:04.581,0.0006363365232723,2.114548857895899
2025-03-08 14:26:04.601,0.0006276625678737,1.486197175215092
2025-03-08 14:26:04.620,0.0006181348025247,0.7181593794305187
2025-03-08 14:26:04.640,0.0006045499908882,-0.16988254675173
2025-03-08 14:26:04.660,0.0005855783470891,-1.141791035129451
2025-03-08 14:26:04.679,0.0005625337803158,-2.1480142690887054
2025-03-08 14:26:04.699,0.0005391610074353,-3.1308466328918514
2025-03-08 14:26:04.718,0.0005205331801462,-4.031111822292937
2025-03-08 14:26:04.738,0.00051135831722,-4.795161361983048
2025-03-08 14:26:04.757,0.0005141097353134,-5.380997218363373
2025-03-08 14:26:04.777,0.0005274422649429,-5.762499083156382
2025-03-08 14:26:04.796,0.0005453335700493,-5.931129118399984
2025-03-08 14:26:04.816,0.000557288476958,-5.895020778617871
2025-03-08 14:26:04.835,0.0005497598335943,-5.67591019186361
2025-03-08 14:26:04.855,0.0005086845188382,-5.304777531953872
2025-03-08 14:26:04.874,0.0004227430894642,-4.817198579151201
2025-03-08 14:26:04.894,0.0002866860040532,-4.249241194251844
2025-03-08 14:26:04.913,0.0001039071914591,-3.634381920340688
2025-03-08 14:26:04.933,-0.0001125320651429,-3.00153046816964
2025-03-08 14:26:04.952,-0.0003409707630272,-2.373982225788251
2025-03-08 14:26:04.972,-0.0005543874624838,-1.7690436371270466
2025-03-08 14:26:04.992,-0.0007253344153512,-1.1981601645943138
2025-03-08 14:26:05.011,-0.0008315888158333,-0.6675058689247375
2025-03-08 14:26:05.031,-0.0008612353815569,-0.1790476627660866
2025-03-08 14:26:05.050,-0.0008158816580351,0.267967247773034
2025-03-08 14:26:05.070,-0.0007110444232794,0.6752850388494194
2025-03-08 14:26:05.089,-0.0005733966006154,1.043969028106622
2025-03-08 14:26:05.109,-0.0004353723491989,1.3730685690928457
2025-03-08 14:26:05.128,-0.0003283599535648,1.6588412397356778
2025-03-08 14:26:05.148,-0.0002761477667232,1.8946238346279072
2025-03-08 14:26:05.167,-0.0002902799742902,2.071367458459916
2025-03-08 14:26:05.187,-0.0003684877368888,2.1788006032293072
2025-03-08 14:26:05.206,-0.0004965076771144,2.207115672485303
2025-03-08 14:26:05.226,-0.000652658149422,2.148959489898161
2025-03-08 14:26:05.245,-0.000813827029451,2.001366169126472
2025-03-08 14:26:05.265,-0.000961240334011,1.7671610185580209
2025-03-08 14:26:05.285,-0.001084564976065,1.4553617171945588
2025-03-08 14:26:05.304,-0.0011834337877371,1.0802687140345375
2025-03-08 14:26:05.324,-0.0012661646304459,0.6592818128247205
2025-03-08 14:26:05.343,-0.0013460925383352,0.2099299453314991
2025-03-08 14:26:05.363,-0.0014364448523044,-0.2530072088806697
2025-03-08 14:26:05.382,-0.0015450168788228,-0.7192682413516189
2025-03-08 14:26:05.402,-0.001669979145727,-1.1829908723079086
2025-03-08 14:26:05.421,-0.0017979002074002,-1.6405172565999195
2025-03-08 14:26:05.441,-0.0019045483862942,-2.086694459207457
2025-03-08 14:26:05.460,-0.0019584114547476,-2.5108826735350958
2025-03-08 14:26:05.480,-0.0019263093777706,-2.8941468405516138
2025-03-08 14:26:05.499,-0.001780044873416,-3.208867292632866
2025-03-08 14:26:05.519,-0.0015027693986418,-3.421327730414183
2025-03-08 14:26:05.538,-0.0010936926854595,-3.4969442531760224
2025-03-08 14:26:05.558,-0.000569998960485,-3.406973477938945
2025-03-08 14:26:05.578,3.461888141807377e-05,-3.1350367908337584
2025-03-08 14:26:05.597,0.000674593604733,-2.681766903754597
2025-03-08 14:26:05.617,0.0012992308873114,-2.066318561089551
2025-03-08 14:26:05.636,0.001859985891202,-1.3242525529210023
2025-03-08 14:26:05.656,0.0023167297473754,-0.5021915244532938
2025-03-08 14:26:05.675,0.0026419971733291,0.3495650516782079
2025-03-08 14:26:05.695,0.002822881825805,1.184780478543141
2025-03-08 14:26:05.714,0.002860784043457,1.9676060609786885
2025-03-08 14:26:05.734,0.0027695278399613,2.6760930695250784
2025-03-08 14:26:05.753,0.0025724581241863,3.302239946901244
2025-03-08 14:26:05.773,0.0022990398100459,3.8488581651966025
2025-03-08 14:26:05.792,0.0019813004643393,4.32439294173179
2025-03-08 14:26:05.812,0.0016503304914644,4.737335061752612
2025-03-08 14:26:05.831,0.0013330722447712,5.091841077794616
2025-03-08 14:26:05.851,0.0010497465186239,5.385659421402332
2025-03-08 14:26:05.870,0.0008123298364264,5.610641361205023
2025-03-08 14:26:05.890,0.0006243780023374,5.7552946778494025
2025-03-08 14:26:05.910,0.0004821917378443,5.808280438724197
2025-03-08 14:26:05.929,0.0003769800373586,5.761601106396088
2025-03-08 14:26:05.949,0.0002974703739123,5.612471703983626
2025-03-08 14:26:05.968,0.0002324105790782,5.36337965578021
2025-03-08 14:26:05.988,0.0001725373158915,5.020448026753779
2025-03-08 14:26:06.007,0.0001117538386736,4.590751956928727
2025-03-08 14:26:06.027,4.7436896154153744e-05,4.079567807178611
2025-03-08 14:26:06.046,-2.0012571379460263e-05,3.488580585274763
2025-03-08 14:26:06.066,-8.808849513234158e-05,2.8158198018011187
2025-03-08 14:26:06.085,-0.0001532203686251,2.057590737348946
2025-03-08 14:26:06.105,-0.0002116751123661,1.2120514985106667
2025-03-08 14:26:06.124,-0.0002602307102039,0.2835437936218568
2025-03-08 14:26:06.144,-0.0002966688016463,-0.7135158375977025
2025-03-08 14:26:06.163,-0.0003201569262412,-1.7523591499210454
2025-03-08 14:26:06.183,-0.000331507043513,-2.794059418396875
2025-03-08 14:26:06.203,-0.00033319256884,-3.7905088973350742
2025-03-08 14:26:06.222,-0.0003289989135556,-4.689836188184475
2025-03-08 14:26:06.242,-0.0003233163940431,-5.4432777920836655
2025-03-08 14:26:06.261,-0.000320269939264,-6.012060458817039
2025-03-08 14:26:06.281,-0.0003229727761343,-6.372744205386507
2025-03-08 14:26:06.300,-0.0003331246660854,-6.519810430901672
2025-03-08 14:26:06.320,-0.000350999520427,-6.464987679592577
2025-03-08 14:26:06.339,-0.0003756913754395,-6.233654209371719
2025-03-08 14:26:06.359,-0.0004054102923712,-5.859344684515192
2025-03-08 14:26:06.378,-0.0004376820344696,-5.377714497386871
2025-03-08 14:26:06.398,-0.0004694624106,-4.821247403352691
2025-03-08 14:26:06.417,-0.0004973064967121,-4.215627431527284
2025-03-08 14:26:06.437,-0.0005177212517571,-3.578178856329652
2025-03-08 14:26:06.456,-0.0005276884107822,-2.9182602553275485
2025-03-08 14:26:06.476,-0.0005252039139246,-2.239123979938866
2025-03-08 14:26:06.496,-0.0005096512900163,-1.540610650676156
2025-03-08 14:26:06.515,-0.000481903250116,-0.8221184266243442
2025-03-08 14:26:06.535,-0.0004441511135773,-0.0854423036140341
2025-03-08 14:26:06.554,-0.0003995357536096,0.6628201179249593
2025-03-08 14:26:06.574,-0.0003516814708149,1.4095992920032452
2025-03-08 14:26:06.593,-0.0003042261180288,2.134750639984871
2025-03-08 14:26:06.613,-0.0002604141708578,2.811786782467639
2025-03-08 14:26:06.632,-0.0002227900635883,3.410012098420946
2025-03-08 14:26:06.652,-0.0001930072690438,3.897828373918119
2025-03-08 14:26:06.671,-0.0001717570441541,4.246684788080228
2025-03-08 14:26:06.691,-0.0001588149557143,4.434944351624749
2025-03-08 14:26:06.710,-0.0001531936848957,4.450892404903396
2025-03-08 14:26:06.730,-0.0001533690517377,4.294250078836394
2025-03-08 14:26:06.749,-0.0001575206137088,3.975867408281992
2025-03-08 14:26:06.769,-0.0001637278158647,3.5156936384016757
2025-03-08 14:26:06.788,-0.0001701018983493,2.939538024877652
2025-03-08 14:26:06.808,-0.000174876097014,2.275403531491341
2025-03-08 14:26:06.828,-0.0001764822812114,1.550202373199828
2025-03-08 14:26:06.847,-0.000173629830083,0.7874538541038497
2025-03-08 14:26:06.867,-0.0001654004566878,0.0062329235535573
2025-03-08 14:26:06.886,-0.0001513588815855,-0.7786717722310769
2025-03-08 14:26:06.906,-0.0001316395217331,-1.5556255688524163
2025-03-08 14:26:06.925,-0.0001069450402183,-2.314356443870381
2025-03-08 14:26:06.945,-7.841792059030515e-05,-3.0438568743426315
2025-03-08 14:26:06.964,-4.740077446151769e-05,-3.7303910214569833
2025-03-08 14:26:06.984,-1.5146864719510862e-05,-4.356096303085182
2025-03-08 14:26:07.003,1.7438187664787737e-05,-4.898680744523333
2025-03-08 14:26:07.023,4.9949119137592965e-05,-5.332568530433925
2025-03-08 14:26:07.042,8.248028660277355e-05,-5.631503077694316
2025-03-08 14:26:07.062,0.0001154621684085,-5.772161204040339
2025-03-08 14:26:07.081,0.0001493677521014,-5.737943362596207
2025-03-08 14:26:07.101,0.000184358186966,-5.521970170100178
2025-03-08 14:26:07.121,0.000219960696499,-5.128517772408483
2025-03-08 14:26:07.140,0.0002548759410402,-4.572594100389733
2025-03-08 14:26:07.160,0.0002869931215136,-3.877909878993599
2025-03-08 14:26:07.179,0.0003136493157687,-3.073922284369313
2025-03-08 14:26:07.199,0.000332110017444,-2.1927765467727856
2025-03-08 14:26:07.218,0.0003401813300309,-1.2668037719735423
2025-03-08 14:26:07.238,0.0003368065437146,-0.3268384049721088
2025-03-08 14:26:07.257,0.000322469809391,0.5988151721767982
2025-03-08 14:26:07.277,0.0002992458948326,1.4851931184344649
2025-03-08 14:26:07.296,0.0002704110717874,2.31163001700654
2025-03-08 14:26:07.316,0.0002396665631952,3.0629011688268486
2025-03-08 14:26:07.335,0.0002101926784019,3.730167189040664
2025-03-08 14:26:07.355,0.000183871452828,4.311084899946008
2025-03-08 14:26:07.374,0.0001609917327638,4.808541268534012
2025-03-08 14:26:07.394,0.0001405521816565,5.227918638364158
2025-03-08 14:26:07.413,0.0001209978859018,5.573431354327308
2025-03-08 14:26:07.433,0.0001010318617941,5.844598521789404
2025-03-08 14:26:07.453,8.014605918413329e-05,6.034082937989084
2025-03-08 14:26:07.472,5.869187899197544e-05,6.127833633928661
2025-03-08 14:26:07.492,3.754028696496978e-05,6.1078049886862855
2025-03-08 14:26:07.511,1.7559860936211793e-05,5.956714121584381
2025-03-08 14:26:07.531,-7.987675605863366e-07,5.663619123415506
2025-03-08 14:26:07.550,-1.7615433193304277e-05,5.228784796992898
2025-03-08 14:26:07.570,-3.330739466909972e-05,4.66644702100554
2025-03-08 14:26:07.589,-4.828533623329766e-05,4.004626626973933
2025-03-08 14:26:07.609,-6.263969820447764e-05,3.281896193446885
2025-03-08 14:26:07.628,-7.597868151556495e-05,2.541751682294386
2025-03-08 14:26:07.648,-8.747046077763355e-05,1.8258046185535413
2025-03-08 14:26:07.667,-9.607209397247926e-05,1.1672755119472291
2025-03-08 14:26:07.687,-0.0001008520336539,0.5861916089441194
2025-03-08 14:26:07.706,-0.0001012743867617,0.0872951880173178
2025-03-08 14:26:07.726,-9.734181024557588e-05,-0.3389593896449459
2025-03-08 14:26:07.746,-8.956372076361674e-05,-0.7126545311635811
2025-03-08 14:26:07.765,-7.878286024199926e-05,-1.0588571463402712
2025-03-08 14:26:07.785,-6.593330446020907e-05,-1.401579616531169
2025-03-08 14:26:07.804,-5.181352046554465e-05,-1.758583479328408
2025-03-08 14:26:07.824,-3.694377160574321e-05,-2.138038705498785
2025-03-08 14:26:07.843,-2.154605208402969e-05,-2.537512061667137
2025-03-08 14:26:07.863,-5.646302287492094e-06,-2.945157340912444
2025-03-08 14:26:07.882,1.0737693525602126e-05,-3.342477452165521
2025-03-08 14:26:07.902,2.738553646876981e-05,-3.707738643080452
2025-03-08 14:26:07.921,4.371364994729327e-05,-4.019097040565147
2025-03-08 14:26:07.941,5.8729477454913225e-05,-4.256744451641917
2025-03-08 14:26:07.960,7.113824423043034e-05,-4.40382445675727
2025-03-08 14:26:07.980,7.959939090549547e-05,-4.44637121700086
2025-03-08 14:26:07.999,8.30830250639345e-05,-4.3729006914276844
2025-03-08 14:26:08.019,8.123471478938778e-05,-4.174383058419372
2025-03-08 14:26:08.039,7.463199628635619e-05,-3.8450993274251855
2025-03-08 14:26:08.058,6.481974381343847e-05,-3.384434760074721
2025-03-08 14:26:08.078,5.405224251762849e-05,-2.799190525372399
2025-03-08 14:26:08.097,4.474917284783348e-05,-2.1056974162753863
2025-03-08 14:26:08.117,3.8780890307268594e-05,-1.3309747720138727
2025-03-08 14:26:08.136,3.680240256301454e-05,-0.5123523466896157
2025-03-08 14:26:08.156,3.789602546817875e-05,0.3047317290985992
2025-03-08 14:26:08.175,3.970882788740992e-05,1.070694681867976
2025-03-08 14:26:08.195,3.90940411485882e-05,1.737096239866969
2025-03-08 14:26:08.214,3.30679099265216e-05,2.262446726302324
2025-03-08 14:26:08.234,1.977171131018372e-05,2.617478223594369
2025-03-08 14:26:08.253,-8.741398920753373e-07,2.788801031080737
2025-03-08 14:26:08.273,-2.70387884425532e-05,2.7801519151243643
2025-03-08 14:26:08.292,-5.541834000789929e-05,2.610974515638905
2025-03-08 14:26:08.312,-8.208651125320827e-05,2.3126954710971783
2025-03-08 14:26:08.331,-0.0001034537633801,1.923581533096274
2025-03-08 14:26:08.351,-0.0001170183537213,1.483329319093249
2025-03-08 14:26:08.371,-0.0001217137573946,1.028471357319772
2025-03-08 14:26:08.390,-0.0001178264094479,0.5893050247121048
2025-03-08 14:26:08.410,-0.0001065963449938,0.1885105353972609
2025-03-08 14:26:08.429,-8.968655117549619e-05,-0.1588593168140516
2025-03-08 14:26:08.449,-6.871227807750269e-05,-0.444581466138911
2025-03-08 14:26:08.468,-4.4972363172211375e-05,-0.6661905174943324
2025-03-08 14:26:08.488,-1.9442142899005716e-05,-0.8259558815534045
2025-03-08 14:26:08.507,7.003673053250907e-06,-0.929987653547649
2025-03-08 14:26:08.527,3.3246383099787184e-05,-0.98738191153348
2025-03-08 14:26:08.546,5.7608735302933695e-05,-1.009259659660836
2025-03-08 14:26:08.566,7.772204285918885e-05,-1.0075879508320713
2025-03-08 14:26:08.585,9.068121372770254e-05,-0.9937583700212994
2025-03-08 14:26:08.605,9.351200379997005e-05,-0.977016298637158
2025-03-08 14:26:08.624,8.38743988404221e-05,-0.96297088748492
2025-03-08 14:26:08.644,6.083262927523727e-05,-0.95253070613396
2025-03-08 14:26:08.664,2.546503553303624e-05,-0.941639012344218
2025-03-08 14:26:08.683,-1.8906830313262944e-05,-0.9220776699321565
2025-03-08 14:26:08.703,-6.700465622248423e-05,-0.8833713498009885
2025-03-08 14:26:08.722,-0.0001123795599517,-0.8155065432181097
2025-03-08 14:26:08.742,-0.0001485301085638,-0.7118735005555789
2025-03-08 14:26:08.761,-0.0001701076304294,-0.5716488225017728
2025-03-08 14:26:08.781,-0.0001739735953248,-0.4008517790686274
2025-03-08 14:26:08.800,-0.0001599079294683,-0.2115705880608408
2025-03-08 14:26:08.820,-0.000130794166866,-0.0193325403095648
2025-03-08 14:26:08.839,-9.216930498960008e-05,0.1608351288708875
2025-03-08 14:26:08.859,-5.116128564683139e-05,0.3186172390700874
2025-03-08 14:26:08.878,-1.5020570545834568e-05,0.4516319865705813
2025-03-08 14:26:08.898,1.038426521517232e-05,0.5665478173808298
2025-03-08 14:26:08.917,2.168249973789033e-05,0.6775146534444129
2025-03-08 14:26:08.937,1.842908508049125e-05,0.8021202290669709
2025-03-08 14:26:08.957,2.8147033346114053e-06,0.955893016357082
2025-03-08 14:26:08.976,-2.1112131747691e-05,1.1469106109068576
2025-03-08 14:26:08.996,-4.838066748121855e-05,1.372112441613984
2025-03-08 14:26:09.015,-7.393245853047133e-05,1.616418390441262
2025-03-08 14:26:09.035,-9.324448860369398e-05,1.8548954111098035
2025-03-08 14:26:09.054,-0.0001027575136667,2.057306007930767
2025-03-08 14:26:09.074,-0.0001001810727698,2.1937371788581874
2025-03-08 14:26:09.093,-8.472194591233939e-05,2.2398513684959505
2025-03-08 14:26:09.113,-5.721236657985783e-05,2.1806301001162622
2025-03-08 14:26:09.132,-2.006627452476912e-05,2.0121079318768254
2025-03-08 14:26:09.152,2.298129725952072e-05,1.7412305484009831
2025-03-08 14:26:09.171,6.731965076937542e-05,1.3843718514594088
2025-03-08 14:26:09.191,0.0001080096819113,0.9651216336517578
2025-03-08 14:26:09.210,0.0001403598698222,0.5117883194306746
2025-03-08 14:26:09.230,0.0001604940129407,0.0548201608750054
2025-03-08 14:26:09.249,0.0001658888238761,-0.3758172720029893
2025-03-08 14:26:09.269,0.0001558383497737,-0.753292882499702
2025-03-08 14:26:09.289,0.0001317591558746,-1.0564739849314322
2025-03-08 14:26:09.308,9.721386096138258e-05,-1.2721298506312282
2025-03-08 14:26:09.328,5.753290204197473e-05,-1.3963945904169015
2025-03-08 14:26:09.347,1.8981097800559335e-05,-1.4351296400150062
2025-03-08 14:26:09.367,-1.2445736240617446e-05,-1.4029915475237278
2025-03-08 14:26:09.386,-3.232869640100614e-05,-1.3212711710366412
2025-03-08 14:26:09.406,-3.883672056820296e-05,-1.2148419373762456
2025-03-08 14:26:09.425,-3.30575066965221e-05,-1.1087507800729035
2025-03-08 14:26:09.445,-1.8484975193923923e-05,-1.0250409834459755
2025-03-08 14:26:09.464,1.6343149447007342e-07,-0.980297614168798
2025-03-08 14:26:09.484,1.835167680832604e-05,-0.9842016731156076
2025-03-08 14:26:09.503,3.284644419491234e-05,-1.0391471299046748
2025-03-08 14:26:09.523,4.2224965118216256e-05,-1.1407776533977103
2025-03-08 14:26:09.542,4.672754051777344e-05,-1.279166925540182
2025-03-08 14:26:09.562,4.7659306929852125e-05,-1.4403117363136528
2025-03-08 14:26:09.582,4.665375688325909e-05,-1.6076384620171569
2025-03-08 14:26:09.601,4.506546987465697e-05,-1.7633291896936027
2025-03-08 14:26:09.621,4.3631107706080345e-05,-1.889411048965491
2025-03-08 14:26:09.640,4.242333824002672e-05,-1.968668102647074
2025-03-08 14:26:09.660,4.105015646012728e-05,-1.9854981416595276
2025-03-08 14:26:09.679,3.899058649525213e-05,-1.926840230550096
2025-03-08 14:26:09.699,3.591734340656859e-05,-1.783239841285258
2025-03-08 14:26:09.718,3.188934450047516e-05,-1.549997087521186
2025-03-08 14:26:09.738,2.739183576661979e-05,-1.228189562929985
2025-03-08 14:26:09.757,2.327824945269094e-05,-0.825245949506542
2025-03-08 14:26:09.777,2.0674838579969003e-05,-0.3547530388011422
2025-03-08 14:26:09.796,2.0869832863404795e-05,0.1646551035589426
2025-03-08 14:26:09.816,2.516981337802505e-05,0.7111997690784116
2025-03-08 14:26:09.835,3.469254298246174e-05,1.2622569489573383
2025-03-08 14:26:09.855,5.008158117637835e-05,1.7965206381244283
2025-03-08 14:26:09.874,7.116654086218578e-05,2.295548508912939
2025-03-08 14:26:09.894,9.663991793889369e-05,2.744418690244571
2025-03-08 14:26:09.914,0.0001238593811435,3.131506859729752
2025-03-08 14:26:09.933,0.0001488959343462,3.4476416261972536
2025-03-08 14:26:09.953,0.0001669211051593,3.6850384453345386
2025-03-08 14:26:09.972,0.0001729571686109,3.836424391518469
2025-03-08 14:26:09.992,0.0001629124966672,3.894677777741183
2025-03-08 14:26:10.011,0.0001347114355397,3.8531735509308898
2025-03-08 14:26:10.031,8.923714942726284e-05,3.70688437860978
2025-03-08 14:26:10.050,3.077387922142602e-05,3.4541329203400517
2025-03-08 14:26:10.070,-3.330461558841204e-05,3.098698174035822
2025-03-08 14:26:10.089,-9.36846747839818e-05,2.6517564946076475
2025-03-08 14:26:10.109,-0.0001409306004392,2.13296390639933
2025-03-08 14:26:10.128,-0.0001675467146789,1.5699857958991317
2025-03-08 14:26:10.148,-0.0001697254407781,0.9960468386520964
2025-03-08 14:26:10.167,-0.0001482816087449,0.4455925426388702
2025-03-08 14:26:10.187,-0.0001084945321569,-0.0512182011708437
2025-03-08 14:26:10.207,-5.887475511973578e-05,-0.4739482971235615
2025-03-08 14:26:10.226,-9.164404370678197e-06,-0.8157941223639719
2025-03-08 14:26:10.246,3.18896421893686e-05,-1.0847471543424383
2025-03-08 14:26:10.265,5.835764864258968e-05,-1.3014238336894743
2025-03-08 14:26:10.285,6.803641593779313e-05,-1.4938748781032851
2025-03-08 14:26:10.304,6.227677540686053e-05,-1.6905453867916338
2025-03-08 14:26:10.324,4.496263492790701e-05,-1.9131059644711832
2025-03-08 14:26:10.343,2.112794301063814e-05,-2.1709412036821067
2025-03-08 14:26:10.363,-4.314262375420172e-06,-2.4586457076130275
2025-03-08 14:26:10.382,-2.7466791622332804e-05,-2.757068912692233
2025-03-08 14:26:10.402,-4.593463274242935e-05,-3.037512727314149
2025-03-08 14:26:10.421,-5.898506404971354e-05,-3.267905256530728
2025-03-08 14:26:10.441,-6.74578044944835e-05,-3.419370253755958
2025-03-08 14:26:10.460,-7.3458132880989e-05,-3.4716608756061493
2025-03-08 14:26:10.480,-7.98468021518906e-05,-3.416352321778922
2025-03-08 14:26:10.500,-8.955434848964872e-05,-3.257330998900796
2025-03-08 14:26:10.519,-0.0001047990107588,-3.0088082965241125
2025-03-08 14:26:10.539,-0.0001263751194298,-2.6916689191846865
2025-03-08 14:26:10.558,-0.0001532423866181,-2.32928806131952
2025-03-08 14:26:10.578,-0.0001826028288046,-1.943911735044936
2025-03-08 14:26:10.597,-0.0002104981858838,-1.5543033720991106
2025-03-08 14:26:10.617,-0.0002327801986313,-1.1747840274621464
2025-03-08 14:26:10.636,-0.0002461787063274,-0.815285529272343
2025-03-08 14:26:10.656,-0.0002491552546694,-0.4818040780994165
2025-03-08 14:26:10.675,-0.0002422941147592,-0.1767443548983266
2025-03-08 14:26:10.695,-0.0002281266191796,0.1010251984912658
2025-03-08 14:26:10.714,-0.0002104512146963,0.3562177757399152
2025-03-08 14:26:10.734,-0.0001933445367118,0.5968523772364809
2025-03-08 14:26:10.753,-0.0001801305631794,0.8332258442543385
2025-03-08 14:26:10.773,-0.0001725798188221,1.0759223279436938
2025-03-08 14:26:10.792,-0.0001705521125706,1.3330273811883404
2025-03-08 14:26:10.812,-0.0001721828600347,1.6071126015201989
2025-03-08 14:26:10.832,-0.0001745609258758,1.8928166951551708
2025-03-08 14:26:10.851,-0.0001746904653565,2.1758513650137234
2025-03-08 14:26:10.871,-0.0001704299024386,2.433976171259962
2025-03-08 14:26:10.890,-0.0001611098788265,2.639979559041546
2025-03-08 14:26:10.910,-0.0001476447774033,2.7661154025275483
2025-03-08 14:26:10.929,-0.0001321131556122,2.788974905444417
2025-03-08 14:26:10.949,-0.0001169406643075,2.6936207379561354
2025-03-08 14:26:10.968,-0.0001039540878414,2.4760644677590964
2025-03-08 14:26:10.988,-9.364891939343252e-05,2.143733204627832
2025-03-08 14:26:11.007,-8.495296729574845e-05,1.714194926078313
2025-03-08 14:26:11.027,-7.556188733168387e-05,1.2128207618525628
2025-03-08 14:26:11.046,-6.268468928341452e-05,0.6701110594520492
2025-03-08 14:26:11.066,-4.391154940366468e-05,0.1191539542912862
2025-03-08 14:26:11.085,-1.7936958697727042e-05,-0.4066767255420455
2025-03-08 14:26:11.105,1.5027072781410071e-05,-0.8759247729263671
2025-03-08 14:26:11.125,5.320145140537903e-05,-1.2613181261895523
2025-03-08 14:26:11.144,9.352028741261117e-05,-1.5420878832722855
2025-03-08 14:26:11.164,0.0001321526778579,-1.706088230602072
2025-03-08 14:26:11.183,0.0001651550156655,-1.7512947211420036
2025-03-08 14:26:11.203,0.0001891475419378,-1.6862428408129315
2025-03-08 14:26:11.222,0.0002019328834653,-1.5291190704274762
2025-03-08 14:26:11.242,0.0002029980673018,-1.3054808481856433
2025-03-08 14:26:11.261,0.0001938326034138,-1.0448758983334792
2025-03-08 14:26:11.281,0.000177948601862,-0.7768693097926095
2025-03-08 14:26:11.300,0.0001604710419222,-0.527105871835008
2025-03-08 14:26:11.320,0.0001472614973679,-0.3140155236488215
2025-03-08 14:26:11.339,0.0001437286486381,-0.146638307582549
2025-03-08 14:26:11.359,0.0001536348109371,-0.0238541341135001
2025-03-08 14:26:11.378,0.0001782240467283,0.0649036297584625
2025-03-08 14:26:11.398,0.0002158865517559,0.137569849170649
2025-03-08 14:26:11.418,0.0002624188614869,0.2163011308111468
2025-03-08 14:26:11.437,0.0003118052639087,0.3237014005821649
2025-03-08 14:26:11.457,0.0003573537178636,0.4789512063554004
2025-03-08 14:26:11.476,0.0003929670889202,0.6943880416352834
2025-03-08 14:26:11.496,0.0004143112658007,0.97301169300188
2025-03-08 14:26:11.515,0.000419653185566,1.307245800798578
2025-03-08 14:26:11.535,0.0004101871559544,1.679120319135732
2025-03-08 14:26:11.554,0.0003897542189127,2.0618807607571816
2025-03-08 14:26:11.574,0.0003639899614901,2.4228708176554385
2025-03-08 14:26:11.593,0.000339090896076,2.7273573240553817
2025-03-08 14:26:11.613,0.0003205064689478,2.942793208723945
2025-03-08 14:26:11.632,0.0003118732861836,3.042910521219772
2025-03-08 14:26:11.652,0.0003144120028585,3.011055469737845
2025-03-08 14:26:11.671,0.0003268827404383,2.842313025699519
2025-03-08 14:26:11.691,0.0003460922796268,2.544159632265086
2025-03-08 14:26:11.710,0.0003678426145302,2.1355698088146204
2025-03-08 14:26:11.730,0.0003880867443374,1.6446737619790424
2025-03-08 14:26:11.750,0.0004039614958215,1.1052465541525351
2025-03-08 14:26:11.769,0.0004143785392664,0.5525192240621515
2025-03-08 14:26:11.789,0.0004200052367294,0.0189923886633111
2025-03-08 14:26:11.808,0.0004226902517369,-0.468992273920578
2025-03-08 14:26:11.828,0.0004245660451524,-0.8932911312035701
2025-03-08 14:26:11.847,0.0004271232769022,-1.2443072885414752
2025-03-08 14:26:11.867,0.0004305166382509,-1.5197974390973037
2025-03-08 14:26:11.886,0.0004332739770153,-1.7227074622505885
2025-03-08 14:26:11.906,0.0004324729110556,-1.8588592685163845
2025-03-08 14:26:11.925,0.0004243397035987,-1.93530280406363
2025-03-08 14:26:11.945,0.0004051287336692,-1.9598629014678577
2025-03-08 14:26:11.964,0.0003720719728878,-1.941920250337403
2025-03-08 14:26:11.984,0.0003241608950263,-1.8939182658654323
2025-03-08 14:26:12.003,0.000262551295696,-1.832678245943548
2025-03-08 14:26:12.023,0.0001904707676781,-1.779508418776868
2025-03-08 14:26:12.043,0.0001126438261425,-1.7583871648990532
2025-03-08 14:26:12.062,3.438563400655164e-05,-1.7921264408089448
2025-03-08 14:26:12.082,-3.939822907318697e-05,-1.8971845204522837
2025-03-08 14:26:12.101,-0.0001050517698043,-2.078425647724463
2025-03-08 14:26:12.121,-0.0001606445584393,-2.32536696465054
2025-03-08 14:26:12.140,-0.000205990258898,-2.611192870523796
2025-03-08 14:26:12.160,-0.0002422566116876,-2.8951345881809285
2025-03-08 14:26:12.179,-0.0002713358855949,-3.1279529024033854
2025-03-08 14:26:12.199,-0.0002951985373006,-3.259513947462637
2025-03-08 14:26:12.218,-0.0003154315857786,-3.2470162146561505
2025-03-08 14:26:12.238,-0.0003330849652594,-3.062371914402691
2025-03-08 14:26:12.257,-0.0003488421210975,-2.697503596481736
2025-03-08 14:26:12.277,-0.0003634254370892,-2.1667535551508283
2025-03-08 14:26:12.296,-0.0003780696380143,-1.5060765082168956
2025-03-08 14:26:12.316,-0.0003948668064132,-0.7691107285484425
2025-03-08 14:26:12.335,-0.0004168146112717,-0.0206009746567252
2025-03-08 14:26:12.355,-0.0004474822203048,0.6719875554240053
2025-03-08 14:26:12.375,-0.00049033094485,1.2474896332886134
2025-03-08 14:26:12.394,-0.000547862115746,1.6593050031295993
2025-03-08 14:26:12.414,-0.0006208748619586,1.881528525608836
2025-03-08 14:26:12.433,-0.0007081468464597,1.9118637759008503
2025-03-08 14:26:12.453,-0.0008067394465734,1.7708158806774017
2025-03-08 14:26:12.472,-0.0009128688160149,1.4974170813870389
2025-03-08 14:26:12.492,-0.0010229975338425,1.1424733780936125
2025-03-08 14:26:12.511,-0.0011346798996354,0.7607844733065278
2025-03-08 14:26:12.531,-0.0012468209122403,0.4038202946726472
2025-03-08 14:26:12.550,-0.0013592845574782,0.1139651381502929
2025-03-08 14:26:12.570,-0.0014720468299844,-0.0791292147725875
2025-03-08 14:26:12.589,-0.001584240750478,-0.1600521548422168
2025-03-08 14:26:12.609,-0.0016934694683428,-0.1272745593307959
2025-03-08 14:26:12.628,-0.0017956727011008,0.0087108565415218
2025-03-08 14:26:12.648,-0.0018856359229745,0.2283587897944394
2025-03-08 14:26:12.668,-0.0019579839163964,0.5067056046887263
2025-03-08 14:26:12.687,-0.0020082902873463,0.8171353473434388
2025-03-08 14:26:12.707,-0.002033862525409,1.1347099143573585
2025-03-08 14:26:12.726,-0.0020338919045667,1.4385963376214554
2025-03-08 14:26:12.746,-0.0020089493312978,1.7133503511340626
2025-03-08 14:26:12.765,-0.0019601084345489,1.9490807502367011
2025-03-08 14:26:12.785,-0.0018881200548873,2.1407361246212573
2025-03-08 14:26:12.804,-0.0017929914806361,2.2868845460225864
2025-03-08 14:26:12.824,-0.0016741043344387,2.388394935831384
2025-03-08 14:26:12.843,-0.001530746907639,2.447384554127241
2025-03-08 14:26:12.863,-0.0013627363397071,2.466680878562725
2025-03-08 14:26:12.882,-0.0011707339328501,2.449868615214497
2025-03-08 14:26:12.902,-0.0009559536227087,2.401770154130786
2025-03-08 14:26:12.921,-0.0007192202334202,2.3289881742201746
2025-03-08 14:26:12.941,-0.0004596696952581,2.240014780628922
2025-03-08 14:26:12.961,-0.000173658921589,2.1444790304860253
2025-03-08 14:26:12.980,0.0001454626181629,2.0513921976377048
2025-03-08 14:26:13.000,0.0005062315626923,1.966676057390432
2025-03-08 14:26:13.019,0.0009164925795051,1.890653956438141
2025-03-08 14:26:13.039,0.0013797616111665,1.8163660760744635
2025-03-08 14:26:13.058,0.0018914312792976,1.7294401898832796
2025-03-08 14:26:13.078,0.0024360548358086,1.6098440084859271
2025-03-08 14:26:13.097,0.0029868949955021,1.435313968109681
2025-03-08 14:26:13.117,0.0035083421464657,1.1857816925564355
2025-03-08 14:26:13.136,0.0039608722867693,0.847844693249634
2025-03-08 14:26:13.156,0.0043074232384624,0.4183132623446348
2025-03-08 14:26:13.175,0.0045197972502628,-0.0939107919200329
2025-03-08 14:26:13.195,0.0045838843736381,-0.6679920137640545
2025-03-08 14:26:13.214,0.00450282784199,-1.2733079763145347
2025-03-08 14:26:13.234,0.0042975309969552,-1.873174918785353
2025-03-08 14:26:13.253,0.0040041704399611,-2.4294949011581024
2025-03-08 14:26:13.273,0.0036687504239529,-2.907564182555181
2025-03-08 14:26:13.293,0.0033392836843632,-3.280321304608234
2025-03-08 14:26:13.312,0.0030568680055691,-3.531455342517977
2025-03-08 14:26:13.332,0.0028475154942733,-3.656989693630737
2025-03-08 14:26:13.351,0.0027167292810939,-3.665170793696313
2025-03-08 14:26:13.371,0.0026482844082618,-3.574709796917714
2025-03-08 14:26:13.390,0.0026075893893444,-3.4116404468272163
2025-03-08 14:26:13.410,0.0025488195392058,-3.2052553596123463
2025-03-08 14:26:13.429,0.002424167678862,-2.9837374484720467
2025-03-08 14:26:13.449,0.0021932689967783,-2.770168586511295
2025-03-08 14:26:13.468,0.0018310833967052,-2.5795384862662045
2025-03-08 14:26:13.488,0.0013330386654487,-2.4171977607391555
2025-03-08 14:26:13.507,0.0007167818758257,-2.2789433587441947
2025-03-08 14:26:13.527,2.032561376373771e-05,-2.152646268580864
2025-03-08 14:26:13.546,-0.0007032056884839,-2.021079088085671
2025-03-08 14:26:13.566,-0.0013934844108486,-1.8654215371518488
2025-03-08 14:26:13.586,-0.001992153671957,-1.6688568797762715
2025-03-08 14:26:13.605,-0.002451386119102,-1.41973021457061
2025-03-08 14:26:13.625,-0.0027399934660512,-1.1138759971173036
2025-03-08 14:26:13.644,-0.002846006050071,-0.7558652955158096
2025-03-08 14:26:13.664,-0.002775805987375,-0.3590305110071882
2025-03-08 14:26:13.683,-0.002550901697383,0.0557876408255679
2025-03-08 14:26:13.703,-0.0022038613240673,0.462708298916871
2025-03-08 14:26:13.722,-0.0017747071227469,0.8342469073503443
2025-03-08 14:26:13.742,-0.0013083852354878,1.1452388790683217
2025-03-08 14:26:13.761,-0.0008530640757037,1.3765583466896605
2025-03-08 14:26:13.781,-0.0004583416592847,1.517855756945984
2025-03-08 14:26:13.800,-0.0001722688947222,1.568670476786023
2025-03-08 14:26:13.820,-3.652314825248251e-05,1.5376476092301812
2025-03-08 14:26:13.839,-7.994001736292425e-05,1.4401236336714185
2025-03-08 14:26:13.859,-0.0003116331488359,1.294866038401013
2025-03-08 14:26:13.879,-0.0007157587026095,1.1210382800824126
2025-03-08 14:26:13.898,-0.0012502343593895,0.9363490673903426
2025-03-08 14:26:13.918,-0.0018510625170518,0.7568249752552115
2025-03-08 14:26:13.937,-0.0024422794715691,0.5979067563273656
2025-03-08 14:26:13.957,-0.0029494739793077,0.4759348693165071
2025-03-08 14:26:13.976,-0.003313306166006,0.4088537674617861
2025-03-08 14:26:13.996,-0.0034993715512751,0.4152404703461684
2025-03-08 14:26:14.015,-0.0035020992023314,0.5114411241854875
2025-03-08 14:26:14.035,-0.0033423500393529,0.7074178400820044
2025-03-08 14:26:14.054,-0.0030600863677821,1.0025551829780206
2025-03-08 14:26:14.074,-0.0027044370920432,1.3828876041480709
2025-03-08 14:26:14.093,-0.0023236546418483,1.8208770109311412
2025-03-08 14:26:14.113,-0.0019570474080933,2.278113952871289
2025-03-08 14:26:14.132,-0.0016302096253715,2.710445795265849
2025-03-08 14:26:14.152,-0.0013539557552053,3.0743866074126167
2025-03-08 14:26:14.171,-0.0011264823338246,3.3334259156756803
2025-03-08 14:26:14.191,-0.0009376200082949,3.463013574416289
2025-03-08 14:26:14.211,-0.0007737521750604,3.453413416080509
2025-03-08 14:26:14.230,-0.0006221020647727,3.310124881742021
2025-03-08 14:26:14.250,-0.0004735375974663,3.052041157296015
2025-03-08 14:26:14.269,-0.000323626522786,2.70786518380803
2025-03-08 14:26:14.289,-0.0001721803880888,2.3115115469696743
2025-03-08 14:26:14.308,-2.182004201527461e-05,1.8972909379499387
2025-03-08 14:26:14.328,0.0001238233176611,1.4956251297701886
2025-03-08 14:26:14.347,0.0002617172665654,1.1298867638138246
2025-03-08 14:26:14.367,0.0003904429470658,0.8147075805035173
2025-03-08 14:26:14.386,0.0005104300315176,0.5557773141641558
2025-03-08 14:26:14.406,0.0006234773425158,0.3508311193677582
2025-03-08 14:26:14.425,0.000731841589983,0.191303501057
2025-03-08 14:26:14.445,0.0008372827370546,0.0641102714184157
2025-03-08 14:26:14.464,0.0009403939546011,-0.0467807289436116
2025-03-08 14:26:14.484,0.0010403454722328,-0.1590276547365375
2025-03-08 14:26:14.504,0.0011349663619004,-0.2906522790610375
2025-03-08 14:26:14.523,0.0012210109181737,-0.4586173818040391
2025-03-08 14:26:14.543,0.0012945251644358,-0.6771787081893319
2025-03-08 14:26:14.562,0.0013513423032552,-0.9561704305925092
2025-03-08 14:26:14.582,0.0013877693101498,-1.2995401661321346
2025-03-08 14:26:14.601,0.0014014326732395,-1.7044548821821022
2025-03-08 14:26:14.621,0.0013920926321231,-2.161151568611181
2025-03-08 14:26:14.640,0.0013621364261127,-2.653487152950309
2025-03-08 14:26:14.660,0.0013165042100228,-3.159974528920318
2025-03-08 14:26:14.679,0.0012619648216836,-3.6550689828297807
2025-03-08 14:26:14.699,0.0012058576697119,-4.110589302490435
2025-03-08 14:26:14.718,0.0011545790463334,-4.49732396131854
2025-03-08 14:26:14.738,0.001112180376184,-4.786964633107188
2025-03-08 14:26:14.757,0.0010794471874452,-4.954458774620639
2025-03-08 14:26:14.777,0.0010537338746577,-4.980692240641411
2025-03-08 14:26:14.796,0.0010296445500734,-4.8551775349155655
2025-03-08 14:26:14.816,0.0010004072097082,-4.57823699126378
2025-03-08 14:26:14.836,0.0009595678725923,-4.1621196454577225
2025-03-08 14:26:14.855,0.0009025375132015,-3.630606131452937
2025-03-08 14:26:14.875,0.0008276062207789,-3.01690728692824
2025-03-08 14:26:14.894,0.0007362420195222,-2.3599878418281746
2025-03-08 14:26:14.914,0.0006327094920676,-1.699779756104333
2025-03-08 14:26:14.933,0.0005231974640416,-1.0720240669865309
2025-03-08 14:26:14.953,0.0004147107956115,-0.5036322921745705
2025-03-08 14:26:14.972,0.0003139671267645,-0.0094393475847484
2025-03-08 14:26:14.992,0.0002264685552993,0.4089897335195005
2025-03-08 14:26:15.011,0.0001558293403947,0.762211642590776
2025-03-08 14:26:15.031,0.0001033841308886,1.0695921490722848
2025-03-08 14:26:15.050,6.809803087953811e-05,1.354453389058506
2025-03-08 14:26:15.070,4.6806125544311694e-05,1.638631642857563
2025-03-08 14:26:15.089,3.477196705020337e-05,1.93752795405258
2025-03-08 14:26:15.109,2.648801971118272e-05,2.256638972386765
2025-03-08 14:26:15.129,1.65960408830166e-05,2.590245691230134
2025-03-08 14:26:15.148,7.851373979406084e-07,2.922475516380141
2025-03-08 14:26:15.168,-2.348632027124329e-05,3.2304423648613847
2025-03-08 14:26:15.187,-5.657900125631996e-05,3.488728019379538
2025-03-08 14:26:15.207,-9.663443595484348e-05,3.6741980574619615
2025-03-08 14:26:15.226,-0.0001398943689568,3.770113845765091
2025-03-08 14:26:15.246,-0.0001813329491542,3.768718096121143
2025-03-08 14:26:15.265,-0.0002155666685479,3.671871667722826
2025-03-08 14:26:15.285,-0.0002379777038311,3.4897836879484423
2025-03-08 14:26:15.304,-0.0002458779455061,3.238284697133162
2025-03-08 14:26:15.324,-0.000239415108256,2.9353680639431183
2025-03-08 14:26:15.343,-0.0002218908678092,2.597837453318581
2025-03-08 14:26:15.363,-0.0001992851993987,2.2388353127940714
2025-03-08 14:26:15.382,-0.000179021233116,1.8667886840478407
2025-03-08 14:26:15.402,-0.0001682545315974,1.485924673367793
2025-03-08 14:26:15.422,-0.0001721351997242,1.098061369129241
2025-03-08 14:26:15.441,-0.0001925252597143,0.7050011232222623
2025-03-08 14:26:15.461,-0.0002275421695006,0.3106761178108779
2025-03-08 14:26:15.480,-0.0002720608457377,-0.0777029373198296
2025-03-08 14:26:15.500,-0.0003190185915307,-0.4498874632196149
2025-03-08 14:26:15.519,-0.0003611367330391,-0.7941172507843148
2025-03-08 14:26:15.539,-0.0003925726138312,-1.099363687003877
2025-03-08 14:26:15.558,-0.0004100648274918,-1.357459083019617
2025-03-08 14:26:15.578,-0.0004133144848245,-1.564331152913417
2025-03-08 14:26:15.597,-0.000404603516811,-1.7199169424054883
2025-03-08 14:26:15.617,-0.0003878923346815,-1.826853042831107
2025-03-08 14:26:15.636,-0.000367754652297,-1.8885138095760492
2025-03-08 14:26:15.656,-0.0003484536237555,-1.9072050302915644
2025-03-08 14:26:15.675,-0.0003333069764203,-1.883234534203076
2025-03-08 14:26:15.695,-0.0003243463187691,-1.8152253289790237
2025-03-08 14:26:15.714,-0.0003222157712622,-1.7015606030180472
2025-03-08 14:26:15.734,-0.0003262617367273,-1.5424335656469454
2025-03-08 14:26:15.754,-0.0003347840680372,-1.341764112258689
2025-03-08 14:26:15.773,-0.0003454144972766,-1.1083019349411694
2025-03-08 14:26:15.793,-0.000355562189309,-0.8555227429567549
2025-03-08 14:26:15.812,-0.000362846087692,-0.6003183698294233
2025-03-08 14:26:15.832,-0.0003654513729862,-0.3608323371299531
2025-03-08 14:26:15.851,-0.000362394045528,-0.153984831507701
2025-03-08 14:26:15.871,-0.0003537003450711,0.0067721301663864
2025-03-08 14:26:15.890,-0.0003404794157801,0.1130798458811108
2025-03-08 14:26:15.910,-0.000324823396297,0.162489681846006
2025-03-08 14:26:15.929,-0.0003094609191007,0.1584454197404093
2025-03-08 14:26:15.949,-0.0002971429162751,0.1095036783381016
2025-03-08 14:26:15.968,-0.0002898472215811,0.0279292452564606
2025-03-08 14:26:15.988,-0.0002880121118012,-0.0721338241893842
2025-03-08 14:26:16.007,-0.0002900789044462,-0.1766493620953792
2025-03-08 14:26:16.027,-0.0002925761330058,-0.2735243410934321
2025-03-08 14:26:16.047,-0.0002908116239468,-0.3539871190986552
2025-03-08 14:26:16.066,-0.0002800272895738,-0.4132843945140472
2025-03-08 14:26:16.086,-0.0002567082827662,-0.4506296190079917
2025-03-08 14:26:16.105,-0.0002196708458949,-0.4685157648518887
2025-03-08 14:26:16.125,-0.00017057891614,-0.4716251019332585
2025-03-08 14:26:16.144,-0.0001136628074697,-0.4655821465746519
2025-03-08 14:26:16.164,-5.46481848480888e-05,-0.4557340876125069
2025-03-08 14:26:16.183,8.10033432087695e-07,-0.4460805516601542
2025-03-08 14:26:16.203,4.8700671068940994e-05,-0.4384618392340267
2025-03-08 14:26:16.222,8.775215559575104e-05,-0.4321377049574048
2025-03-08 14:26:16.242,0.0001197446585906,-0.4238877138746211
2025-03-08 14:26:16.261,0.0001489793620791,-0.4086905735503894
2025-03-08 14:26:16.281,0.000181073013694,-0.3808987881465189
2025-03-08 14:26:16.300,0.0002214067818538,-0.3356683410582168
2025-03-08 14:26:16.320,0.0002736338935345,-0.270290515195416
2025-03-08 14:26:16.340,0.0003386335742649,-0.1850467350757997
2025-03-08 14:26:16.359,0.0004141900378045,-0.0832922471780107
2025-03-08 14:26:16.379,0.00049548628957,0.0293260472738608
2025-03-08 14:26:16.398,0.0005762712719993,0.1463379416551231
2025-03-08 14:26:16.418,0.0006503642432582,0.2621717391495942
2025-03-08 14:26:16.437,0.0007130859993525,0.3735862976798276
2025-03-08 14:26:16.457,0.0007622611271112,0.4803736309823164
2025-03-08 14:26:16.476,0.0007985478483249,0.5851697284070747
2025-03-08 14:26:16.496,0.0008249740723378,0.6925249703855377
2025-03-08 14:26:16.515,0.0008457116041715,0.8075896018290238
2025-03-08 14:26:16.535,0.0008643217410801,0.9347962848356924
2025-03-08 14:26:16.554,0.0008819114838984,1.0768021804123598
2025-03-08 14:26:16.574,0.0008957703395867,1.2337786730643712
2025-03-08 14:26:16.593,0.0008990247442692,1.4030026163337666
2025-03-08 14:26:16.613,0.0008815958314466,1.5786659653743211
2025-03-08 14:26:16.632,0.0008323395595694,1.7518822995659082
2025-03-08 14:26:16.652,0.0007418690617888,1.91097589865858
2025-03-08 14:26:16.672,0.0006053589869713,2.042206558127051
2025-03-08 14:26:16.691,0.0004246184056527,2.1310421053160225
2025-03-08 14:26:16.711,0.0002088430646782,2.1639367312489477
2025-03-08 14:26:16.730,-2.6274814103209023e-05,2.1303732989907656
2025-03-08 14:26:16.750,-0.0002609865002022,2.024773422517956
2025-03-08 14:26:16.769,-0.0004749323876217,1.8478360730864016
2025-03-08 14:26:16.789,-0.0006507507315191,1.6069505522549583
2025-03-08 14:26:16.808,-0.0007769847654789,1.3155119906946524
2025-03-08 14:26:16.828,-0.000849659570933,0.991187303908593
2025-03-08 14:26:16.847,-0.0008722849573705,0.6533823470996677
2025-03-08 14:26:16.867,-0.0008544445591668,0.3203227231521371
2025-03-08 14:26:16.886,-0.0008094376953115,0.0062728624564473
2025-03-08 14:26:16.906,-0.0007515760911908,-0.280546845077144
2025-03-08 14:26:16.925,-0.0006936997540002,-0.5388714089050433
2025-03-08 14:26:16.945,-0.0006453202692143,-0.773879555657743
2025-03-08 14:26:16.965,-0.0006115982864675,-0.9953161296174668
2025-03-08 14:26:16.984,-0.0005931750157952,-1.2146121875555438
2025-03-08 14:26:17.004,-0.0005867405359671,-1.4415895801931038
2025-03-08 14:26:17.023,-0.0005861444408038,-1.681430418943734
2025-03-08 14:26:17.043,-0.0005838268688748,-1.9325454055819145
2025-03-08 14:26:17.062,-0.0005723503527475,-2.185804757451184
2025-03-08 14:26:17.082,-0.0005458258893015,-2.4253339085155714
2025-03-08 14:26:17.101,-0.0005010399858263,-2.630765699120443
2025-03-08 14:26:17.121,-0.000438106316602,-2.7805346987373127
2025-03-08 14:26:17.140,-0.0003605014524835,-2.8555638303741686
2025-03-08 14:26:17.160,-0.0002744206081814,-2.8425971610675536
2025-03-08 14:26:17.179,-0.0001875222864667,-2.736518099124826
2025-03-08 14:26:17.199,-0.0001073064369582,-2.54124368263951
2025-03-08 14:26:17.218,-3.952317452821095e-05,-2.269121963496914
2025-03-08 14:26:17.238,1.2957155569274515e-05,-1.939067322992538
2025-03-08 14:26:17.257,5.051168334356191e-05,-1.5738622343438424
2025-03-08 14:26:17.277,7.630828082970757e-05,-1.197119796506434
2025-03-08 14:26:17.297,9.520257601161456e-05,-0.830385521705075
2025-03-08 14:26:17.316,0.0001123289516156,-0.4908056262200807
2025-03-08 14:26:17.336,0.0001317811326293,-0.1897020055033254
2025-03-08 14:26:17.355,0.0001557307641835,0.0677617694159613
2025-03-08 14:26:17.375,0.0001842009292506,0.2818720993237338
2025-03-08 14:26:17.394,0.000215521534346,0.4569175816469115
2025-03-08 14:26:17.414,0.0002472782181769,0.5994776759041701
2025-03-08 14:26:17.433,0.0002773786861671,0.7169275600537891
2025-03-08 14:26:17.453,0.0003047857622546,0.8164593346818435
2025-03-08 14:26:17.472,0.0003295915261018,0.9046316322950588
2025-03-08 14:26:17.492,0.0003524252774958,0.9871951366195288
2025-03-08 14:26:17.511,0.0003735408794631,1.068827181729091
2025-03-08 14:26:17.531,0.000392092167224,1.1525012803980454
2025-03-08 14:26:17.550,0.0004059722884172,1.23847292966441
2025-03-08 14:26:17.570,0.0004122702071522,1.3231629702587628
2025-03-08 14:26:17.590,0.0004081084677379,1.3984346932998708
2025-03-08 14:26:17.609,0.0003915249240256,1.451797857949798
2025-03-08 14:26:17.629,0.0003621352156115,1.4678920065474423
2025-03-08 14:26:17.648,0.0003214422273022,1.43122972290211
2025-03-08 14:26:17.668,0.0002727492627852,1.3297261238814106
2025-03-08 14:26:17.687,0.0002206887950272,1.158174881831019
2025-03-08 14:26:17.707,0.000170445177393,0.920715485040065
2025-03-08 14:26:17.726,0.0001268302111748,0.6315377867206438
2025-03-08 14:26:17.746,9.342189858050356e-05,0.3135236697277154
2025-03-08 14:26:17.765,7.195935390816714e-05,-0.0049233434935513
2025-03-08 14:26:17.785,6.21002723622524e-05,-0.2941357580968785
2025-03-08 14:26:17.804,6.154804315733772e-05,-0.5275474854949594
2025-03-08 14:26:17.824,6.651018438278995e-05,-0.6852295014292199
2025-03-08 14:26:17.843,7.244524352106699e-05,-0.7559786467029574
2025-03-08 14:26:17.863,7.501133685408566e-05,-0.7378141226317884
2025-03-08 14:26:17.883,7.102092468718546e-05,-0.6371699680377615
2025-03-08 14:26:17.902,5.912224715014437e-05,-0.4673069331723223
2025-03-08 14:26:17.922,3.9980245486509227e-05,-0.2464500666963796
2025-03-08 14:26:17.941,1.5916781346058544e-05,0.0040412825379485
2025-03-08 14:26:17.961,-9.83490546325104e-06,0.2614028296844491
2025-03-08 14:26:17.980,-3.401239816442537e-05,0.5031694620753775
2025-03-08 14:26:18.000,-5.409974203569295e-05,0.7089252280464151
2025-03-08 14:26:18.019,-6.881357211522783e-05,0.8620595495335083
2025-03-08 14:26:18.039,-7.820620030367887e-05,0.9513586537457384
2025-03-08 14:26:18.058,-8.339161235458756e-05,0.9721768289276336
2025-03-08 14:26:18.078,-8.599618567456686e-05,0.926921399072131
2025-03-08 14:26:18.097,-8.752253122460449e-05,0.8246531922496487
2025-03-08 14:26:18.117,-8.886461140338763e-05,0.6797518947049426
2025-03-08 14:26:18.136,-9.017939812662273e-05,0.5098095396300935
2025-03-08 14:26:18.156,-9.118096473533784e-05,0.3331415330707466
2025-03-08 14:26:18.175,-9.170958568403552e-05,0.1664469812526475
2025-03-08 14:26:18.195,-9.225327327388788e-05,0.023116327661402
2025-03-08 14:26:18.215,-9.410078706623917e-05,-0.0875441212963516
2025-03-08 14:26:18.234,-9.900727378395794e-05,-0.160233354926958
2025-03-08 14:26:18.254,-0.0001085148303386,-0.1930619216372029
2025-03-08 14:26:18.273,-0.0001232220929517,-0.1868762773572941
2025-03-08 14:26:18.293,-0.0001422907694694,-0.1448265902158203
2025-03-08 14:26:18.312,-0.0001633701339953,-0.0722812919084348
2025-03-08 14:26:18.332,-0.0001829819163298,0.023027733925034
2025-03-08 14:26:18.351,-0.000197277033687,0.1308841598086656
2025-03-08 14:26:18.371,-0.0002029733336433,0.2387797870637845
2025-03-08 14:26:18.390,-0.000198226064074,0.3326457966529373
2025-03-08 14:26:18.410,-0.0001831835240598,0.3981989684014437
2025-03-08 14:26:18.429,-0.0001600481491906,0.4227761429156809
2025-03-08 14:26:18.449,-0.0001325967494228,0.3973312462987294
2025-03-08 14:26:18.468,-0.0001052843168663,0.3181474245292573
2025-03-08 14:26:18.488,-8.219344903847373e-05,0.1878259299754432
2025-03-08 14:26:18.508,-6.612017100640516e-05,0.0152581879083159
2025-03-08 14:26:18.527,-5.800607246134824e-05,-0.1854786718011492
2025-03-08 14:26:18.547,-5.681487148606483e-05,-0.3971135078460805
2025-03-08 14:26:18.566,-5.986341269673896e-05,-0.6016783231255856
2025-03-08 14:26:18.586,-6.35347962467767e-05,-0.7830407347963739
2025-03-08 14:26:18.605,-6.42067310713594e-05,-0.929022976460161
2025-03-08 14:26:18.625,-5.915332507033296e-05,-1.0327546714945175
2025-03-08 14:26:18.644,-4.716826806641717e-05,-1.0930377424114734
2025-03-08 14:26:18.664,-2.873058148357912e-05,-1.1136633795542985
2025-03-08 14:26:18.683,-5.68193843735355e-06,-1.1018292131058898
2025-03-08 14:26:18.703,1.943275435105526e-05,-1.066035879385817
2025-03-08 14:26:18.722,4.407462279387288e-05,-1.014004290713236
2025-03-08 14:26:18.742,6.618905497075435e-05,-0.9511460180618688
2025-03-08 14:26:18.761,8.433341274236267e-05,-0.8799166427504628
2025-03-08 14:26:18.781,9.753912975787906e-05,-0.8000711906838797
2025-03-08 14:26:18.801,0.0001050982372347,-0.7095633301489934
2025-03-08 14:26:18.820,0.0001064369683989,-0.6057023642439837
2025-03-08 14:26:18.840,0.0001011518861805,-0.4862319149774313
2025-03-08 14:26:18.859,8.92004585164585e-05,-0.3501448866736633
2025-03-08 14:26:18.879,7.116481590513153e-05,-0.1981791747586451
2025-03-08 14:26:18.898,4.8449664919209776e-05,-0.0329837681886904
2025-03-08 14:26:18.918,2.327532194905422e-05,0.1410562244112397
2025-03-08 14:26:18.937,-1.5846136497483588e-06,0.3183166089585531
2025-03-08 14:26:18.957,-2.324181486203035e-05,0.4926465027875807
2025-03-08 14:26:18.976,-3.9155746057749616e-05,0.6580929278647447
2025-03-08 14:26:18.996,-4.7497838402757616e-05,0.8094017095307323
2025-03-08 14:26:19.015,-4.73810526278512e-05,0.9421285131307684
2025-03-08 14:26:19.035,-3.897283554402226e-05,1.0523469313605558
2025-03-08 14:26:19.054,-2.3489469475766238e-05,1.1361129681664974
2025-03-08 14:26:19.074,-3.025655798253976e-06,1.188962100722516
2025-03-08 14:26:19.093,1.981004120457118e-05,1.2057264714021354
2025-03-08 14:26:19.113,4.239587310496671e-05,1.1808639283337277
2025-03-08 14:26:19.133,6.259036842805637e-05,1.1093308953959835
2025-03-08 14:26:19.152,7.905700645860219e-05,0.9878652120437532
2025-03-08 14:26:19.172,9.132332710854806e-05,0.8164128553420441
2025-03-08 14:26:19.191,9.959990906699232e-05,0.5993499170883658
2025-03-08 14:26:19.211,0.0001044905044832,0.3461297809190082
2025-03-08 14:26:19.230,0.0001067347537013,0.0710473023590463
2025-03-08 14:26:19.250,0.0001070456833615,-0.2080208608363151
2025-03-08 14:26:19.269,0.0001060222583624,-0.4717792719497026
2025-03-08 14:26:19.289,0.0001040931125644,-0.7021758668658336
2025-03-08 14:26:19.308,0.000101468727034,-0.8849692061356319
2025-03-08 14:26:19.328,9.81082338867117e-05,-1.011611168003039
2025-03-08 14:26:19.347,9.372343133201389e-05,-1.0800690776084811
2025-03-08 14:26:19.367,8.78425582616043e-05,-1.0945383748011188
2025-03-08 14:26:19.386,7.994204952354403e-05,-1.0642798662233748
2025-03-08 14:26:19.406,6.963110070050409e-05,-1.0019365616153362
2025-03-08 14:26:19.426,5.6848995488293945e-05,-0.9216417548682
2025-03-08 14:26:19.445,4.201754294723309e-05,-0.8371197612221205
2025-03-08 14:26:19.465,2.608895184688584e-05,-0.7599090873818544
2025-03-08 14:26:19.484,1.0449034134036436e-05,-0.6978346219362299
2025-03-08 14:26:19.504,-3.32141138801545e-06,-0.6538745686940608
2025-03-08 14:26:19.523,-1.3764459149268028e-05,-0.6255631512382998
2025-03-08 14:26:19.543,-1.9829175249183776e-05,-0.6050516814967988
2025-03-08 14:26:19.562,-2.101428698697126e-05,-0.5799476085991894
2025-03-08 14:26:19.582,-1.7345770690826018e-05,-0.5350357966979753
2025-03-08 14:26:19.601,-9.275241341727626e-06,-0.4548740604941663
2025-03-08 14:26:19.621,2.376674431029788e-06,-0.3269994039894315
2025-03-08 14:26:19.640,1.637922535494048e-05,-0.1451579153976406
2025-03-08 14:26:19.660,3.1020073339242134e-05,0.0882466422806179
2025-03-08 14:26:19.679,4.413513508558617e-05,0.3612480677271931
2025-03-08 14:26:19.699,5.332217695102658e-05,0.6533863994304449
2025-03-08 14:26:19.719,5.630254786140188e-05,0.9386633980452824
2025-03-08 14:26:19.738,5.131255671383945e-05,1.1897765336815638
2025-03-08 14:26:19.758,3.741570705855114e-05,1.3826681862173646
2025-03-08 14:26:19.777,1.4694448108433396e-05,1.5003517073303214
2025-03-08 14:26:19.797,-1.5671954873243985e-05,1.5352001392456265
2025-03-08 14:26:19.816,-5.144714736645134e-05,1.48932206393411
2025-03-08 14:26:19.836,-8.952958074531256e-05,1.3731474373802672
2025-03-08 14:26:19.855,-0.0001263204846215,1.202745165513856
2025-03-08 14:26:19.875,-0.000158230554231,0.996591642024152
2025-03-08 14:26:19.894,-0.0001822183176316,0.7724922849741082
2025-03-08 14:26:19.914,-0.000196221650287,0.5451920103528656
2025-03-08 14:26:19.933,-0.0001993753872719,0.3249904910896372
2025-03-08 14:26:19.953,-0.0001919888526529,0.1174699609746539
2025-03-08 14:26:19.972,-0.0001753401795089,-0.0757379213554298
2025-03-08 14:26:19.992,-0.0001513879970215,-0.2553880201206369
2025-03-08 14:26:20.011,-0.0001224959654027,-0.4226609640067428
2025-03-08 14:26:20.031,-9.122591079447982e-05,-0.5773192269253156
2025-03-08 14:26:20.051,-6.020286470440714e-05,-0.7164937999421558
2025-03-08 14:26:20.070,-3.201142499742759e-05,-0.8344539982721407
2025-03-08 14:26:20.090,-9.063355872878632e-06,-0.923418936527761
2025-03-08 14:26:20.109,6.611730474627025e-06,-0.9751544626847298
2025-03-08 14:26:20.129,1.3660613362919137e-05,-0.9828937568481404
2025-03-08 14:26:20.148,1.1738037081878295e-05,-0.9430857393598434
2025-03-08 14:26:20.168,1.7767477988384214e-06,-0.8565803105166995
2025-03-08 14:26:20.187,-1.3927512100039532e-05,-0.7290276762649188
2025-03-08 14:26:20.207,-3.191807297535182e-05,-0.5704477286205042
2025-03-08 14:26:20.226,-4.809277115877173e-05,-0.3940901916972786
2025-03-08 14:26:20.246,-5.8447597573261786e-05,-0.2148255164025244
2025-03-08 14:26:20.265,-5.986840946892877e-05,-0.0473414716680807
2025-03-08 14:26:20.285,-5.076645601337072e-05,0.0956295129674894
2025-03-08 14:26:20.304,-3.140740209622462e-05,0.2049025326101808
2025-03-08 14:26:20.324,-3.873841985336711e-06,0.2761285400950438
2025-03-08 14:26:20.344,2.831556966940341e-05,0.3106101384042916
2025-03-08 14:26:20.363,6.084754109334856e-05,0.3154090280874264
2025-03-08 14:26:20.383,8.939439690007416e-05,0.3025064006044708
2025-03-08 14:26:20.402,0.0001103871516822,0.2869053835990741
2025-03-08 14:26:20.422,0.0001216257042652,0.2838291168913159
2025-03-08 14:26:20.441,0.0001225913892372,0.3055000914789477
2025-03-08 14:26:20.461,0.0001144014437895,0.3582559735520142
2025-03-08 14:26:20.480,9.945626280836211e-05,0.4408194904863712
2025-03-08 14:26:20.500,8.091001731184003e-05,0.5443116809273915
2025-03-08 14:26:20.519,6.210164632831812e-05,0.6541248572953197
2025-03-08 14:26:20.539,4.605265001685554e-05,0.7532238966668315
2025-03-08 14:26:20.558,3.511002830009434e-05,0.8260233094056187
2025-03-08 14:26:20.578,3.077252752162397e-05,0.8618230048204581
2025-03-08 14:26:20.597,3.367397255304411e-05,0.8569051771612686
2025-03-08 14:26:20.617,4.364230947012861e-05,0.81475503811096
2025-03-08 14:26:20.636,5.974664823916032e-05,0.7443845433092378
2025-03-08 14:26:20.656,8.029471128841444e-05,0.6572826141104937
2025-03-08 14:26:20.676,0.0001028275184166,0.5639216101907062
2025-03-08 14:26:20.695,0.0001242305277606,0.4708695172798943
2025-03-08 14:26:20.715,0.0001410783229327,0.3793393213909666
2025-03-08 14:26:20.734,0.0001502230282185,0.2855320372764701
2025-03-08 14:26:20.754,0.0001494826390199,0.1825723501050356
2025-03-08 14:26:20.773,0.0001381965202258,0.0633857019265594
2025-03-08 14:26:20.793,0.000117453268934,-0.0763495908725767
2025-03-08 14:26:20.812,8.992521271935773e-05,-0.2359997921165336
2025-03-08 14:26:20.832,5.937635179458096e-05,-0.4091124281594491
2025-03-08 14:26:20.851,2.997958825076097e-05,-0.5841398303402245
2025-03-08 14:26:20.871,5.5832866970636815e-06,-0.7466127378517138
2025-03-08 14:26:20.890,-1.0946142031251496e-05,-0.8822579412932895
2025-03-08 14:26:20.910,-1.8179923774443784e-05,-0.9802816910016844
2025-03-08 14:26:20.929,-1.6269416484369693e-05,-1.035956562149777
2025-03-08 14:26:20.949,-6.735395813239236e-06,-1.0517985518905957
2025-03-08 14:26:20.969,8.0103080711427e-06,-1.036967874395134
2025-03-08 14:26:20.988,2.5211938990198475e-05,-1.0049760641548486
2025-03-08 14:26:21.008,4.217043354366284e-05,-0.9702219407965972
2025-03-08 14:26:21.027,5.63933576282093e-05,-0.944204925414594
2025-03-08 14:26:21.047,6.556019125942224e-05,-0.932385961455607
2025-03-08 14:26:21.066,6.747948893856938e-05,-0.9325314397168863
2025-03-08 14:26:21.086,6.020247430854057e-05,-0.9350035483871768
2025-03-08 14:26:21.105,4.235175382595163e-05,-0.9249498742123804
2025-03-08 14:26:21.125,1.358967220375688e-05,-0.8858425481070238
2025-03-08 14:26:21.144,-2.495660117251801e-05,-0.8034719234950647
2025-03-08 14:26:21.164,-7.053821856283602e-05,-0.6694154271943081
2025-03-08 14:26:21.183,-0.0001190724859541,-0.4831952610831079
2025-03-08 14:26:21.203,-0.0001659078347197,-0.2527303417865539
2025-03-08 14:26:21.222,-0.0002068922548005,0.0068574766276458
2025-03-08 14:26:21.242,-0.0002393910869246,0.2756438361590066
2025-03-08 14:26:21.262,-0.0002628579501644,0.5318662769516552
2025-03-08 14:26:21.281,-0.0002787115763524,0.7548149540281028
2025-03-08 14:26:21.301,-0.0002895500024894,0.9271843750396012
2025-03-08 14:26:21.320,-0.0002980043140864,1.0366669751043605
2025-03-08 14:26:21.340,-0.0003056644722316,1.0767863414137826
2025-03-08 14:26:21.359,-0.0003124444449054,1.047087865274078
2025-03-08 14:26:21.379,-0.0003165521490791,0.9528242141762634
2025-03-08 14:26:21.398,-0.0003150158069365,0.8042441021220637
2025-03-08 14:26:21.418,-0.0003045754689252,0.6155684708015301
2025-03-08 14:26:21.437,-0.0002826824474009,0.4037264552134047
2025-03-08 14:26:21.457,-0.0002483392481565,0.1869040825691948
2025-03-08 14:26:21.476,-0.0002025517460536,-0.0170624403190356
2025-03-08 14:26:21.496,-0.0001482582936879,-0.1923923775951785
2025-03-08 14:26:21.515,-8.974589587860313e-05,-0.3270043384093657
2025-03-08 14:26:21.535,-3.173425500134135e-05,-0.4138002744181442
2025-03-08 14:26:21.554,2.1567042573198603e-05,-0.4512401102228546
2025-03-08 14:26:21.574,6.713181051078359e-05,-0.4429855153645455
2025-03-08 14:26:21.594,0.0001033801766866,-0.3966679184930033
2025-03-08 14:26:21.613,0.0001300846791431,-0.3221143869762906
2025-03-08 14:26:21.633,0.0001480724564662,-0.2294970210668154
2025-03-08 14:26:21.652,0.0001588568122487,-0.1278169563466354
2025-03-08 14:26:21.672,0.0001642725076364,-0.0239698847631948
2025-03-08 14:26:21.691,0.0001661560486047,0.0775253814990852
2025-03-08 14:26:21.711,0.0001661031102667,0.1741723781066081
2025-03-08 14:26:21.730,0.0001653257749871,0.2646534641854161
2025-03-08 14:26:21.750,0.0001646147395675,0.347753128210114
2025-03-08 14:26:21.769,0.0001643914027735,0.4214179391496629
2025-03-08 14:26:21.789,0.000164818300822,0.4823511540542869
2025-03-08 14:26:21.808,0.0001659278622346,0.5264164842707629
2025-03-08 14:26:21.828,0.0001677304881192,0.5498612954673792
2025-03-08 14:26:21.847,0.0001702728053936,0.5510489509449572
2025-03-08 14:26:21.867,0.0001736330778201,0.5321232041321955
2025-03-08 14:26:21.887,0.000177859534478,0.4999129912772039
2025-03-08 14:26:21.906,0.0001828746499986,0.4654944099985735
2025-03-08 14:26:21.926,0.000188380230529,0.4421762466402512
2025-03-08 14:26:21.945,0.0001938013980394,0.4421965977550199
2025-03-08 14:26:21.965,0.0001983005438478,0.4729467610678283
2025-03-08 14:26:21.984,0.0002008753455411,0.5338634653514379
2025-03-08 14:26:22.004,0.00020053065803,0.6150836808602981
2025-03-08 14:26:22.023,0.0001964875267283,0.6985039670841057
2025-03-08 14:26:22.043,0.0001883707057171,0.7611650726259016
2025-03-08 14:26:22.062,0.0001763068327307,0.7801481307027882
2025-03-08 14:26:22.082,0.0001608761795862,0.7376868182659976
2025-03-08 14:26:22.101,0.0001428965504768,0.625138899850361
2025-03-08 14:26:22.121,0.0001230789237379,0.4448308242739285
2025-03-08 14:26:22.140,0.0001016726342963,0.2094426290244311
2025-03-08 14:26:22.160,7.828270800541961e-05,-0.0607039385466143
2025-03-08 14:26:22.180,5.202942941577127e-05,-0.3415870552735345
2025-03-08 14:26:22.199,2.2075379474632115e-05,-0.6096141433638658
2025-03-08 14:26:22.219,-1.1683092273885566e-05,-0.8450515177436365
2025-03-08 14:26:22.238,-4.81081928541512e-05,-1.0342322095559109
2025-03-08 14:26:22.258,-8.477291989052064e-05,-1.1704226624298153
2025-03-08 14:26:22.277,-0.0001184076556153,-1.2535256878583632
2025-03-08 14:26:22.297,-0.0001456458877021,-1.2889260606340127
2025-03-08 14:26:22.316,-0.0001637913099889,-1.2857714061264192
2025-03-08 14:26:22.336,-0.0001713882151025,-1.254907739969187
2025-03-08 14:26:22.355,-0.0001684931502676,-1.2066532671912085
2025-03-08 14:26:22.375,-0.0001566467526554,-1.1486537661680989
2025-03-08 14:26:22.394,-0.0001386043480886,-1.084195143249417
2025-03-08 14:26:22.414,-0.0001179048215463,-1.0114483611474498
2025-03-08 14:26:22.433,-9.835297247668518e-05,-0.9240549971726952
2025-03-08 14:26:22.453,-8.347708647121887e-05,-0.8131590329163391
2025-03-08 14:26:22.472,-7.601389241854333e-05,-0.6705235028619114
2025-03-08 14:26:22.492,-7.747364284848246e-05,-0.4919366257189679
2025-03-08 14:26:22.512,-8.784640700706417e-05,-0.2799197051149078
2025-03-08 14:26:22.531,-0.0001055168431037,-0.0448887734405406
2025-03-08 14:26:22.551,-0.000127444493412,0.1956745141490468
2025-03-08 14:26:22.570,-0.0001496265443953,0.4199759628169775
2025-03-08 14:26:22.590,-0.0001677856055963,0.6060424281084642
2025-03-08 14:26:22.609,-0.00017813617223,0.7363358466870497
2025-03-08 14:26:22.629,-0.0001780308340759,0.8017651858577679
2025-03-08 14:26:22.648,-0.0001663210442253,0.804059574387196
2025-03-08 14:26:22.668,-0.0001433841056654,0.755778600328797
2025-03-08 14:26:22.687,-0.0001108997606142,0.677786256963542
2025-03-08 14:26:22.707,-7.151956606820103e-05,0.5946731243085304
2025-03-08 14:26:22.726,-2.8527083941059585e-05,0.5291781957038725
2025-03-08 14:26:22.746,1.450142123774849e-05,0.4969575498978896
2025-03-08 14:26:22.765,5.406159363090456e-05,0.5029905986840192
2025-03-08 14:26:22.785,8.710129946698904e-05,0.5405370700598432
2025-03-08 14:26:22.805,0.0001113651158923,0.5929610339505785
2025-03-08 14:26:22.824,0.0001256491792409,0.6380519566475367
2025-03-08 14:26:22.844,0.0001299337642807,0.6538411147009434
2025-03-08 14:26:22.863,0.00012537505079,0.624487481479681
2025-03-08 14:26:22.883,0.000114138917024,0.5447206692521785
2025-03-08 14:26:22.902,9.906183050788164e-05,0.4216347408107481
2025-03-08 14:26:22.922,8.31436252760213e-05,0.2732708729054622
2025-03-08 14:26:22.941,6.892539163326523e-05,0.1242543538151014
2025-03-08 14:26:22.961,5.78813803208474e-05,-0.0004495750747789
2025-03-08 14:26:22.980,5.00271409187193e-05,-0.0820465337350656
2025-03-08 14:26:23.000,4.3948251396974974e-05,-0.112952117495824
2025-03-08 14:26:23.019,3.73207768218244e-05,-0.09899090349411
2025-03-08 14:26:23.039,2.7764151689488648e-05,-0.0581576806702963
2025-03-08 14:26:23.058,1.3697202682528815e-05,-0.0162776150943303
2025-03-08 14:26:23.078,-5.110643518608256e-06,-0.0007098852165542
2025-03-08 14:26:23.097,-2.742868785863424e-05,-0.0336907134632563
2025-03-08 14:26:23.117,-5.085941962723482e-05,-0.126911908541251
2025-03-08 14:26:23.137,-7.241606081331427e-05,-0.2785276094477238
2025-03-08 14:26:23.156,-8.922486347070413e-05,-0.4731224233099301
2025-03-08 14:26:23.176,-9.917102844158984e-05,-0.6844545161786386
2025-03-08 14:26:23.195,-0.0001013221868826,-0.8802037859997967
2025-03-08 14:26:23.215,-9.603610172489e-05,-1.02764538452982
2025-03-08 14:26:23.234,-8.47577414601222e-05,-1.0991561836922277
2025-03-08 14:26:23.254,-6.959040051532763e-05,-1.0766599001472656
2025-03-08 14:26:23.273,-5.2766585275685897e-05,-0.9544029773303028
2025-03-08 14:26:23.293,-3.614875639366287e-05,-0.7397470005420337
2025-03-08 14:26:23.312,-2.0867066826641363e-05,-0.4519446123714117
2025-03-08 14:26:23.332,-7.16182074999889e-06,-0.1191460144240684
2025-03-08 14:26:23.351,5.547553734120788e-06,0.2258387042995261
2025-03-08 14:26:23.371,1.838989004590135e-05,0.5502660058812031
2025-03-08 14:26:23.390,3.262680274691396e-05,0.8258228223419758
2025-03-08 14:26:23.410,4.9182454343421234e-05,1.0318850562180386
2025-03-08 14:26:23.430,6.822053102608066e-05,1.1572266874778157
2025-03-08 14:26:23.449,8.886823893335072e-05,1.2001179787250154
2025-03-08 14:26:23.469,0.0001091670873966,1.167081157409115
2025-03-08 14:26:23.488,0.000126291951392,1.0707633382053288
2025-03-08 14:26:23.508,0.0001370260625453,0.9274312578431586
2025-03-08 14:26:23.527,0.0001384172070782,0.7545287228532191
2025-03-08 14:26:23.547,0.0001284815908485,0.5686081398366952
2025-03-08 14:26:23.566,0.0001067829855905,0.3837908427511077
2025-03-08 14:26:23.586,7.471420586661892e-05,0.2107730354258171
2025-03-08 14:26:23.605,3.5361732683286684e-05,0.056319535541871
2025-03-08 14:26:23.625,-7.051849714822564e-06,-0.0768089810151668
2025-03-08 14:26:23.644,-4.800197377115396e-05,-0.1895004117383603
2025-03-08 14:26:23.664,-8.350917550968689e-05,-0.2854869657703563
2025-03-08 14:26:23.683,-0.0001107390809493,-0.3701310142426501
2025-03-08 14:26:23.703,-0.0001282368454431,-0.4489777613132329
2025-03-08 14:26:23.723,-0.00013585389532,-0.5263823005759941
2025-03-08 14:26:23.742,-0.0001345065640535,-0.6045424102195393
2025-03-08 14:26:23.762,-0.0001258735861084,-0.6831541223650359
2025-03-08 14:26:23.781,-0.0001120751511222,-0.7597116102722384
2025-03-08 14:26:23.801,-9.53469509899038e-05,-0.8302883929877406
2025-03-08 14:26:23.820,-7.772616488363891e-05,-0.890525388144128
2025-03-08 14:26:23.840,-6.0776085137758174e-05,-0.9365247883913428
2025-03-08 14:26:23.859,-4.538041612263181e-05,-0.9653953570371796
2025-03-08 14:26:23.879,-3.163731221236222e-05,-0.9753056562771546
2025-03-08 14:26:23.898,-1.8877873525011448e-05,-0.9650631896487196
2025-03-08 14:26:23.918,-5.8233620652676784e-06,-0.9334088517458098
2025-03-08 14:26:23.937,9.12139989246298e-06,-0.8783325966361047
2025-03-08 14:26:23.957,2.746437494853245e-05,-0.7967242724159231
2025-03-08 14:26:23.976,5.016619298755202e-05,-0.6845708808167141
2025-03-08 14:26:23.996,7.720456437610259e-05,-0.5377508465302104
2025-03-08 14:26:24.015,0.0001072629110714,-0.3533193087861719
2025-03-08 14:26:24.035,0.000137644109812,-0.1310502626454464
2025-03-08 14:26:24.055,0.0001644864150715,0.1251017167562483
2025-03-08 14:26:24.074,0.0001833067591678,0.4060188968772074
2025-03-08 14:26:24.094,0.0001898210864226,0.6972897375796983
2025-03-08 14:26:24.113,0.000180905583041,0.98015988401627
2025-03-08 14:26:24.133,0.0001554886639201,1.2335607976355158
2025-03-08 14:26:24.152,0.0001151290082778,1.4369573309554184
2025-03-08 14:26:24.172,6.406730278283687e-05,1.5735462022494529
2025-03-08 14:26:24.191,8.655545126045921e-06,1.6332091952885397
2025-03-08 14:26:24.211,-4.374737441138588e-05,1.6145959154108578
2025-03-08 14:26:24.230,-8.614021296442279e-05,1.525800102062382
2025-03-08 14:26:24.250,-0.0001131439877878,1.383312260687713
2025-03-08 14:26:24.269,-0.0001218678417677,1.2092587262060317
2025-03-08 14:26:24.289,-0.0001122382393306,1.0273137910543175
2025-03-08 14:26:24.308,-8.681787325548083e-05,0.8580177660951026
2025-03-08 14:26:24.328,-5.02433592610512e-05,0.7144681642558404
2025-03-08 14:26:24.348,-8.44151998520928e-06,0.5993989933184796
2025-03-08 14:26:24.367,3.223554613805249e-05,0.5044739510219624
2025-03-08 14:26:24.387,6.585604617796568e-05,0.4121932448454026
2025-03-08 14:26:24.406,8.766747481753911e-05,0.3002167295214496
2025-03-08 14:26:24.426,9.471381951440463e-05,0.1472656146186785
2025-03-08 14:26:24.445,8.62467369230133e-05,-0.0607467558238289
2025-03-08 14:26:24.465,6.385057378728169e-05,-0.3259087399526286
2025-03-08 14:26:24.484,3.1202141500155353e-05,-0.6361629065111265
2025-03-08 14:26:24.504,-6.57070172748754e-06,-0.966525510580724
2025-03-08 14:26:24.523,-4.386760100531895e-05,-1.283515811009344
2025-03-08 14:26:24.543,-7.572764442797417e-05,-1.5517861563607127
2025-03-08 14:26:24.562,-9.876069989871437e-05,-1.741350236552032
2025-03-08 14:26:24.582,-0.0001115981711659,-1.833637736279204
2025-03-08 14:26:24.601,-0.0001147376376467,-1.8249099762884444
2025-03-08 14:26:24.621,-0.0001099082808597,-1.7262706459635797
2025-03-08 14:26:24.641,-9.926165824822478e-05,-1.560393187158688
2025-03-08 14:26:24.660,-8.469669391994575e-05,-1.3559016306865417
2025-03-08 14:26:24.680,-6.749382682903235e-05,-1.1408685956102955
2025-03-08 14:26:24.699,-4.827781323699748e-05,-0.9370233570295124
2025-03-08 14:26:24.719,-2.7231606764571866e-05,-0.7559969814149161
2025-03-08 14:26:24.738,-4.446633027937978e-06,-0.5983644976114487
2025-03-08 14:26:24.758,1.970967088320751e-05,-0.4555312132471695
2025-03-08 14:26:24.777,4.431465755556565e-05,-0.3138247915545445
2025-03-08 14:26:24.797,6.777715970685097e-05,-0.1596457623299374
2025-03-08 14:26:24.816,8.79277054307111e-05,0.0156994893170344
2025-03-08 14:26:24.836,0.0001023030961915,0.2127562647242158
2025-03-08 14:26:24.855,0.0001085700219153,0.4231182690901172
2025-03-08 14:26:24.875,0.0001049967828224,0.6312522551221192
2025-03-08 14:26:24.894,9.086858218732272e-05,0.8184083818969989
2025-03-08 14:26:24.914,6.67585660043553e-05,0.9674822252082778
2025-03-08 14:26:24.933,3.460583638569171e-05,1.0674291818219557
2025-03-08 14:26:24.953,-2.4159959069499e-06,1.115984812789664
2025-03-08 14:26:24.973,-4.024510142986858e-05,1.119966604271141
2025-03-08 14:26:24.992,-7.447375265626003e-05,1.0931462255429474
2025-03-08 14:26:25.012,-0.0001009992978796,1.0523514790102415
2025-03-08 14:26:25.031,-0.000116629098985,1.0128863981664282
2025-03-08 14:26:25.051,-0.0001194935475089,0.9844541136387464
2025-03-08 14:26:25.070,-0.000109207507531,0.968552937442376
2025-03-08 14:26:25.090,-8.681655777431433e-05,0.9578930752438116
2025-03-08 14:26:25.109,-5.461398932707746e-05,0.937882238161465
2025-03-08 14:26:25.129,-1.5908011823249632e-05,0.8897817842806189
2025-03-08 14:26:25.148,2.5224337541530748e-05,0.7948376109160248
2025-03-08 14:26:25.168,6.421118591871068e-05,0.6385809417520523
2025-03-08 14:26:25.187,9.63352172528331e-05,0.4145453803526338
2025-03-08 14:26:25.207,0.0001172031746484,0.1267882020355726
2025-03-08 14:26:25.226,0.0001233377731226,-0.2092253685154305
2025-03-08 14:26:25.246,0.0001128235666873,-0.5676302510984165
2025-03-08 14:26:25.266,8.586387284551836e-05,-0.9150859323535292
2025-03-08 14:26:25.285,4.506059160746912e-05,-1.215331447375767
2025-03-08 14:26:25.305,-4.754213631103729e-06,-1.4347186841042756
2025-03-08 14:26:25.324,-5.720560040738465e-05,-1.5477524899828723
2025-03-08 14:26:25.344,-0.0001054816236198,-1.541537879861864
2025-03-08 14:26:25.363,-0.0001435849757477,-1.4181868177816666
2025-03-08 14:26:25.383,-0.0001673832262818,-1.1946407291469447
2025-03-08 14:26:25.402,-0.0001751850996626,-0.8998998209530227
2025-03-08 14:26:25.422,-0.0001677460105618,-0.5701817836017264
2025-03-08 14:26:25.441,-0.0001477849101803,-0.2429556753422673
2025-03-08 14:26:25.461,-0.000119207308495,0.0489706597663142
2025-03-08 14:26:25.480,-8.626029194887312e-05,0.2821562331904932
2025-03-08 14:26:25.500,-5.281086929436699e-05,0.4451751016200825
2025-03-08 14:26:25.519,-2.1866521730227936e-05,0.5388685800332145
2025-03-08 14:26:25.539,4.625588267192419e-06,0.5744258815163675
2025-03-08 14:26:25.558,2.573417781464683e-05,0.5699508590001843
2025-03-08 14:26:25.578,4.133148601064605e-05,0.5463652495568528
2025-03-08 14:26:25.598,5.180470145034236e-05,0.5234558345037095
2025-03-08 14:26:25.617,5.777294164828534e-05,0.5166844387092242
2025-03-08 14:26:25.637,5.986824891736355e-05,0.5351472566152988
2025-03-08 14:26:25.656,5.861557526503269e-05,0.5808478677614248
2025-03-08 14:26:25.676,5.4432105742276815e-05,0.6492387588337591
2025-03-08 14:26:25.695,4.775215747353697e-05,0.7307798041913091
2025-03-08 14:26:25.715,3.924119726045416e-05,0.813080743880076
2025-03-08 14:26:25.734,2.9982263054452826e-05,0.883099299384223
2025-03-08 14:26:25.754,2.1461729458568134e-05,0.928921713137574
2025-03-08 14:26:25.773,1.5242222802441382e-05,0.940868134097233
2025-03-08 14:26:25.793,1.2399832774154998e-05,0.911960964542665
2025-03-08 14:26:25.812,1.3003636982908755e-05,0.8380256038160965
2025-03-08 14:26:25.832,1.5968484771762483e-05,0.7177374943010372
2025-03-08 14:26:25.851,1.9447491758161717e-05,0.5527747519132052
2025-03-08 14:26:25.871,2.1633228818656447e-05,0.3479966967149135
2025-03-08 14:26:25.891,2.1594906233611523e-05,0.1114079521329984
2025-03-08 14:26:25.910,1.9755123631787272e-05,-0.1463182143333484
2025-03-08 14:26:25.930,1.7810870981799342e-05,-0.4128182968344464
2025-03-08 14:26:25.949,1.8174245372685067e-05,-0.6753655711900466
2025-03-08 14:26:25.969,2.317863573302611e-05,-0.9222347432511327
2025-03-08 14:26:25.988,3.4318488161062794e-05,-1.143754066553451
2025-03-08 14:26:26.008,5.1722272590604776e-05,-1.3327874781370213
2025-03-08 14:26:26.027,7.396459926313292e-05,-1.484580165592281
2025-03-08 14:26:26.047,9.82363716693962e-05,-1.5961148595703585
2025-03-08 14:26:26.066,0.0001208211123084,-1.6652753167548022
2025-03-08 14:26:26.086,0.0001377737742081,-1.69014690757292
2025-03-08 14:26:26.105,0.0001456665063019,-1.668714142323315
2025-03-08 14:26:26.125,0.000142255959579,-1.5990890408204046
2025-03-08 14:26:26.144,0.0001269429603787,-1.480256707336476
2025-03-08 14:26:26.164,0.0001009406761072,-1.31316484328324
2025-03-08 14:26:26.184,6.713059481080824e-05,-1.1018294094344707
2025-03-08 14:26:26.203,2.9636218810468292e-05,-0.8540308290250468
2025-03-08 14:26:26.223,-6.832854015598883e-06,-0.5812019119425235
2025-03-08 14:26:26.242,-3.778500110074361e-05,-0.297294583137982
2025-03-08 14:26:26.262,-5.975234917619621e-05,-0.0167227318484053
2025-03-08 14:26:26.281,-7.089754471386362e-05,0.2481842868763251
2025-03-08 14:26:26.301,-7.125294759353146e-05,0.4895374820352506
2025-03-08 14:26:26.320,-6.254264376372938e-05,0.7053121720303409
2025-03-08 14:26:26.340,-4.767216970851855e-05,0.8992613336503638
2025-03-08 14:26:26.359,-3.0057557743976052e-05,1.0791114250671376
2025-03-08 14:26:26.379,-1.2984451215516847e-05,1.2533477833845152
2025-03-08 14:26:26.398,8.524140916231386e-07,1.427418489972457
2025-03-08 14:26:26.418,9.561195946589889e-06,1.600517673667866
2025-03-08 14:26:26.437,1.204854231791194e-05,1.764067078421041
2025-03-08 14:26:26.457,7.913295711113608e-06,1.9025482091645585
2025-03-08 14:26:26.476,-2.630918848618554e-06,1.9965923195014208
2025-03-08 14:26:26.496,-1.8743581864242864e-05,2.027491883199938
2025-03-08 14:26:26.516,-3.8904381249856906e-05,1.981833168438108
2025-03-08 14:26:26.535,-6.094114869797838e-05,1.8549235409316047
2025-03-08 14:26:26.555,-8.225689839667305e-05,1.6520854294228662
2025-03-08 14:26:26.574,-0.0001002890591048,1.38754525611001
2025-03-08 14:26:26.594,-0.000113092396491,1.081324695419939
2025-03-08 14:26:26.613,-0.0001198223332399,0.7550443677171611
2025-03-08 14:26:26.633,-0.0001208979549284,0.4277710718190237
2025-03-08 14:26:26.652,-0.0001177468147096,0.1129535986454673
2025-03-08 14:26:26.672,-0.0001121987087425,-0.1828693451057845
2025-03-08 14:26:26.691,-0.0001057260605909,-0.4594413117647367
2025-03-08 14:26:26.711,-9.87878726424824e-05,-0.7206322225786453
2025-03-08 14:26:26.730,-9.051456651459788e-05,-0.9715170486747202
2025-03-08 14:26:26.750,-7.887966590980591e-05,-1.2155641933005634
2025-03-08 14:26:26.769,-6.135963107506146e-05,-1.452677129230156
2025-03-08 14:26:26.789,-3.591615896571757e-05,-1.6785271311297674
2025-03-08 14:26:26.809,-1.997237387748909e-06,-1.8852161214897205
2025-03-08 14:26:26.828,3.878656803751483e-05,-2.0629116863545907
2025-03-08 14:26:26.848,8.255571089354173e-05,-2.2018211227415625
2025-03-08 14:26:26.867,0.0001236798828123,-2.293825015981129
2025-03-08 14:26:26.887,0.0001557959652873,-2.333297812076024
2025-03-08 14:26:26.906,0.0001730945828285,-2.317014339286714
2025-03-08 14:26:26.926,0.0001716025114475,-2.2434157698614534
2025-03-08 14:26:26.945,0.0001501846632968,-2.111732381372062
2025-03-08 14:26:26.965,0.0001110211072131,-1.921459031456429
2025-03-08 14:26:26.984,5.9396918027136594e-05,-1.6724842204855253
2025-03-08 14:26:27.004,2.7882591651078066e-06,-1.36589211895553
2025-03-08 14:26:27.023,-5.057812823123225e-05,-1.005203223789462
2025-03-08 14:26:27.043,-9.333875957639296e-05,-0.5976614099881216
2025-03-08 14:26:27.062,-0.0001203631166218,-0.1551319332824839
2025-03-08 14:26:27.082,-0.0001295541556093,0.305756234249436
2025-03-08 14:26:27.102,-0.0001219508236306,0.764420298635793
2025-03-08 14:26:27.121,-0.0001012030233917,1.19804420127538
2025-03-08 14:26:27.141,-7.262156868403089e-05,1.5839301049982275
2025-03-08 14:26:27.160,-4.2054789008806194e-05,1.9020442140568847
2025-03-08 14:26:27.180,-1.4825702331245647e-05,2.137292519394295
2025-03-08 14:26:27.199,5.095079717180087e-06,2.281150670887144
2025-03-08 14:26:27.219,1.558079345042141e-05,2.3324232810793117
2025-03-08 14:26:27.238,1.6478567371820882e-05,2.2970679157089102
2025-03-08 14:26:27.258,9.417073623707713e-06,2.1871616818677264
2025-03-08 14:26:27.277,-2.6169487052171054e-06,2.019211839597171
2025-03-08 14:26:27.297,-1.581402651637481e-05,1.8121106538306548
2025-03-08 14:26:27.316,-2.6092803621042853e-05,1.5850762456498244
2025-03-08 14:26:27.336,-2.964849778273929e-05,1.355867085095771
2025-03-08 14:26:27.355,-2.3550376962726967e-05,1.1394186544042004
2025-03-08 14:26:27.375,-6.40661805716166e-06,0.946903927760627
2025-03-08 14:26:27.394,2.1028825661303287e-05,0.7851509315140607
2025-03-08 14:26:27.414,5.556928694946466e-05,0.6563808280571393
2025-03-08 14:26:27.434,9.187805258449384e-05,0.5582985003388542
2025-03-08 14:26:27.453,0.0001233891003754,0.4845904665140748
2025-03-08 14:26:27.473,0.0001437018978752,0.425826397023395
2025-03-08 14:26:27.492,0.000148119054242,0.3706613869989643
2025-03-08 14:26:27.512,0.0001349182116737,0.3071747149814936
2025-03-08 14:26:27.531,0.0001059654563948,0.2241969990899654
2025-03-08 14:26:27.551,6.642515092704087e-05,0.1125340307869395
2025-03-08 14:26:27.570,2.359793031670087e-05,-0.0339793010082972
2025-03-08 14:26:27.590,-1.4783250354629904e-05,-0.2176934871993376
2025-03-08 14:26:27.609,-4.229928080075438e-05,-0.436766711175397
2025-03-08 14:26:27.629,-5.516484232928455e-05,-0.685310309674928
2025-03-08 14:26:27.648,-5.283707710113207e-05,-0.9540536244917736
2025-03-08 14:26:27.668,-3.785435560698796e-05,-1.231356927403069
2025-03-08 14:26:27.687,-1.5032584409782133e-05,-1.504280377073145
2025-03-08 14:26:27.707,9.73902797605757e-06,-1.759423128125967
2025-03-08 14:26:27.727,3.08165168511879e-05,-1.9833933227915843
2025-03-08 14:26:27.746,4.396002928506253e-05,-2.1629953566493887
2025-03-08 14:26:27.766,4.711198182877004e-05,-2.2854138932521955
2025-03-08 14:26:27.785,4.0654170389683314e-05,-2.3387213738810004
2025-03-08 14:26:27.805,2.710371706031656e-05,-2.312891498402313
2025-03-08 14:26:27.824,1.0322756614305344e-05,-2.2012340025726003
2025-03-08 14:26:27.844,-5.561004992649936e-06,-2.0019241986377043
2025-03-08 14:26:27.863,-1.7224110885320528e-05,-1.719207164545164
2025-03-08 14:26:27.883,-2.289079528500149e-05,-1.3639266260196097
2025-03-08 14:26:27.902,-2.255746506208353e-05,-0.9531830824625728
2025-03-08 14:26:27.922,-1.7731892793599202e-05,-0.5090755104435307
2025-03-08 14:26:27.941,-1.0894628615186473e-05,-0.056600027344689
2025-03-08 14:26:27.961,-4.888274289631801e-06,0.3790968947261683
2025-03-08 14:26:27.980,-2.314834090092832e-06,0.7757490757399408
2025-03-08 14:26:28.000,-4.943544826226805e-06,1.1167470490377938
2025-03-08 14:26:28.019,-1.3195111683265268e-05,1.393026754217351
2025-03-08 14:26:28.039,-2.588402252294304e-05,1.6035285667241803
2025-03-08 14:26:28.059,-4.040097868360103e-05,1.7540046902332032
2025-03-08 14:26:28.078,-5.335200436942162e-05,1.8544246598528955
2025-03-08 14:26:28.098,-6.146193974747546e-05,1.9156723681037304
2025-03-08 14:26:28.117,-6.244881351537159e-05,1.9464520371220468
2025-03-08 14:26:28.137,-5.561639881511944e-05,1.9512289335491824
2025-03-08 14:26:28.156,-4.202948611830016e-05,1.9296687167349835
2025-03-08 14:26:28.176,-2.4260256501236685e-05,1.877559286802051
2025-03-08 14:26:28.195,-5.792040284914387e-06,1.7887821097428276
2025-03-08 14:26:28.215,9.769723168119794e-06,1.657680639033423
2025-03-08 14:26:28.234,1.9500623912481588e-05,1.4811927125507194
2025-03-08 14:26:28.254,2.179959258828761e-05,1.2603132577061047
2025-03-08 14:26:28.273,1.6729852730178497e-05,1.0007115991181177
2025-03-08 14:26:28.293,5.981466471974949e-06,0.7125269570296612
2025-03-08 14:26:28.312,-7.5339800692547475e-06,0.4094562194132833
2025-03-08 14:26:28.332,-2.0355547474175583e-05,0.1072612382885089
2025-03-08 14:26:28.352,-2.925927862614306e-05,-0.1781670611966564
2025-03-08 14:26:28.371,-3.201533340130028e-05,-0.432985395133839
2025-03-08 14:26:28.391,-2.799839724458261e-05,-0.6474948525351983
2025-03-08 14:26:28.410,-1.851257975413176e-05,-0.8177333460316396
2025-03-08 14:26:28.430,-6.653024317003541e-06,-0.9461441458347808
2025-03-08 14:26:28.449,3.4104560491392017e-06,-1.0410626988651566
2025-03-08 14:26:28.469,7.619926216301698e-06,-1.1150455706903848
2025-03-08 14:26:28.488,3.3111123601470118e-06,-1.1823601765117018
2025-03-08 14:26:28.508,-9.89242538848702e-06,-1.256145085014136
2025-03-08 14:26:28.527,-2.9901945381290637e-05,-1.3457750237152666
2025-03-08 14:26:28.547,-5.271470971003815e-05,-1.4548480848831131
2025-03-08 14:26:28.566,-7.343013790172687e-05,-1.5800470042682848
2025-03-08 14:26:28.586,-8.737113600538325e-05,-1.7109977489437451
2025-03-08 14:26:28.605,-9.102039888488868e-05,-1.8311747183803693
2025-03-08 14:26:28.625,-8.261953811610197e-05,-1.919833917695081
2025-03-08 14:26:28.645,-6.240266693719649e-05,-1.9548352132966849
2025-03-08 14:26:28.664,-3.251147759869943e-05,-1.916032199453637
2025-03-08 14:26:28.684,3.334609993586261e-06,-1.7887167307520462
2025-03-08 14:26:28.703,4.0346420322626574e-05,-1.5664891371915666
2025-03-08 14:26:28.723,7.330255468202309e-05,-1.2529510546559808
2025-03-08 14:26:28.742,9.727723859173472e-05,-0.8618078346110836
2025-03-08 14:26:28.762,0.0001084073391168,-0.4152965472132909
2025-03-08 14:26:28.781,0.0001046143426807,0.0587517758839834
2025-03-08 14:26:28.801,8.6155981548581e-05,0.5305730057686978
2025-03-08 14:26:28.820,5.585624344697287e-05,0.972062942188066
2025-03-08 14:26:28.840,1.887859979309281e-05,1.3596103072282943
2025-03-08 14:26:28.859,-1.8015204076638603e-05,1.675778115378704
2025-03-08 14:26:28.879,-4.764700850659036e-05,1.9098166334422837
2025-03-08 14:26:28.898,-6.383121939461583e-05,2.0572923666069385
2025-03-08 14:26:28.918,-6.27080571797885e-05,2.119240561928404
2025-03-08 14:26:28.937,-4.369086991670496e-05,2.101181963207561
2025-03-08 14:26:28.957,-9.787980905231633e-06,2.0121781652268127
2025-03-08 14:26:28.977,3.2820269407323043e-05,1.863961133511304
2025-03-08 14:26:28.996,7.59327124012856e-05,1.670122907832313
2025-03-08 14:26:29.016,0.0001110397929563,1.4453492702706727
2025-03-08 14:26:29.035,0.0001312494591742,1.2046541840970502
2025-03-08 14:26:29.055,0.0001329230723743,0.9625159731781616
2025-03-08 14:26:29.074,0.0001165209877276,0.7318009091228349
2025-03-08 14:26:29.094,8.639005728777276e-05,0.5224463571435648
2025-03-08 14:26:29.113,4.958710532524365e-05,0.3400523121609899
2025-03-08 14:26:29.133,1.4126254241325207e-05,0.1847195008214259
2025-03-08 14:26:29.152,-1.286060799002206e-05,0.0505759672947727
2025-03-08 14:26:29.172,-2.662818337364985e-05,-0.0736220986025252
2025-03-08 14:26:29.191,-2.5701342008639108e-05,-0.2026609905471252
2025-03-08 14:26:29.211,-1.199329564283033e-05,-0.3520036606529853
2025-03-08 14:26:29.230,9.836159422578808e-06,-0.5344205124969568
2025-03-08 14:26:29.250,3.360352328154002e-05,-0.7568543797063023
2025-03-08 14:26:29.270,5.307829951102165e-05,-1.018243324935346
2025-03-08 14:26:29.289,6.334647753334941e-05,-1.308799167323191
2025-03-08 14:26:29.309,6.177931691495033e-05,-1.6108929369428395
2025-03-08 14:26:29.328,4.845705855599315e-05,-1.901351686491686
2025-03-08 14:26:29.348,2.599624415808195e-05,-2.1547071023516446
2025-03-08 14:26:29.367,-1.1863001358089943e-06,-2.346778169829141
2025-03-08 14:26:29.387,-2.800856724545594e-05,-2.4579151228009137
2025-03-08 14:26:29.406,-4.9938256843585e-05,-2.4752886151163502
2025-03-08 14:26:29.426,-6.390795017441472e-05,-2.39379616804188
2025-03-08 14:26:29.445,-6.86680543482868e-05,-2.215478782473813
2025-03-08 14:26:29.465,-6.456184662448769e-05,-1.9477422887451072
2025-03-08 14:26:29.484,-5.294875303241599e-05,-1.6010398880490433
2025-03-08 14:26:29.504,-3.5609472626075e-05,-1.1868366031899251
2025-03-08 14:26:29.523,-1.4390868391266652e-05,-0.7165324476051925
2025-03-08 14:26:29.543,8.843109470969416e-06,-0.2015936445342089
2025-03-08 14:26:29.563,3.206516989127056e-05,0.3453940635931263
2025-03-08 14:26:29.582,5.293159611214455e-05,0.9094367284044104
2025-03-08 14:26:29.602,6.87908926585896e-05,1.472385382481081
2025-03-08 14:26:29.621,7.694342037821998e-05,2.013269065023399
2025-03-08 14:26:29.641,7.513573034125243e-05,2.509803465734203
2025-03-08 14:26:29.660,6.216876429013983e-05,2.94071777060632
2025-03-08 14:26:29.680,3.842373540212194e-05,3.28824829814027
2025-03-08 14:26:29.699,6.090360993595011e-06,3.5401036827092245
2025-03-08 14:26:29.719,-3.106079242420065e-05,3.6903972421497855
2025-03-08 14:26:29.738,-6.838255240295473e-05,3.7393620220068224
2025-03-08 14:26:29.758,-0.0001013644501475,3.69198306692808
2025-03-08 14:26:29.777,-0.0001266296269512,3.555919010176224
2025-03-08 14:26:29.797,-0.0001425662696898,3.339227422886323
2025-03-08 14:26:29.816,-0.0001493971602271,3.0484642776963238
2025-03-08 14:26:29.836,-0.0001487395323731,2.6876792603694075
2025-03-08 14:26:29.855,-0.0001428981792612,2.25863517405712
2025-03-08 14:26:29.875,-0.0001341655101239,1.762236728338463
2025-03-08 14:26:29.895,-0.0001243027256793,1.2007486699934071
2025-03-08 14:26:29.914,-0.0001142565976635,0.5800839100927139
2025-03-08 14:26:29.934,-0.0001040992815609,-0.0885929362208438
2025-03-08 14:26:29.953,-9.315895237643176e-05,-0.7884347949441883
2025-03-08 14:26:29.973,-8.030404980218128e-05,-1.4976972763064202
2025-03-08 14:26:29.992,-6.433597049698224e-05,-2.191377718827961
2025-03-08 14:26:30.012,-4.443169116990779e-05,-2.8431640401718776
2025-03-08 14:26:30.031,-2.05622145889518e-05,-3.42722846783011
2025-03-08 14:26:30.051,6.199095532196861e-06,-3.919634511886592
2025-03-08 14:26:30.070,3.3564586487642786e-05,-4.299363395673603
2025-03-08 14:26:30.090,5.818475869756261e-05,-4.549115774443974
2025-03-08 14:26:30.109,7.609203748368372e-05,-4.656082281285952
2025-03-08 14:26:30.129,8.340114844419769e-05,-4.612810400131924
2025-03-08 14:26:30.148,7.715876501991991e-05,-4.418154461990485
2025-03-08 14:26:30.168,5.6169182050496216e-05,-4.078141401071938
2025-03-08 14:26:30.188,2.1586773039602115e-05,-3.6064903832387567
2025-03-08 14:26:30.207,-2.291590226553425e-05,-3.024525527854576
2025-03-08 14:26:30.227,-7.150748036850241e-05,-2.360297063014272
2025-03-08 14:26:30.246,-0.0001170430763967,-1.6468357888775471
2025-03-08 14:26:30.266,-0.0001522127317856,-0.9195938563746427
2025-03-08 14:26:30.285,-0.0001707464837116,-0.2132848714592926
2025-03-08 14:26:30.305,-0.0001684509601629,0.4414777587972988
2025-03-08 14:26:30.324,-0.0001438966502016,1.021194568220132
2025-03-08 14:26:30.344,-9.861044319291312e-05,1.511570305986717
2025-03-08 14:26:30.363,-3.669832985414392e-05,1.9082543060391703
2025-03-08 14:26:30.383,3.603364909519656e-05,2.2160943053659325
2025-03-08 14:26:30.402,0.0001132136401441,2.447093965563849
2025-03-08 14:26:30.422,0.0001889299818717,2.617512553789948
2025-03-08 14:26:30.441,0.0002583252361603,2.74464292440964
2025-03-08 14:26:30.461,0.0003176465252659,2.8437491367529306
2025-03-08 14:26:30.480,0.0003639188954923,2.9254975901301896
2025-03-08 14:26:30.500,0.0003945832346401,2.9940656688206144
2025-03-08 14:26:30.520,0.0004074068585105,3.04603468387348
2025-03-08 14:26:30.539,0.000400776149656,3.0701857692292887
2025-03-08 14:26:30.559,0.0003742542780343,3.048361800695214
2025-03-08 14:26:30.578,0.0003291431733706,2.9575384259734934
2025-03-08 14:26:30.598,0.0002687617632309,2.773092379702663
2025-03-08 14:26:30.617,0.0001982381479979,2.4729809882553764
2025-03-08 14:26:30.637,0.0001237890725513,2.042257344109652
2025-03-08 14:26:30.656,5.1660627734002105e-05,1.4771662461630743
2025-03-08 14:26:30.676,-1.2965297912435085e-05,0.7880603426283606
2025-03-08 14:26:30.695,-6.678575322073602e-05,0.000525228020501
2025-03-08 14:26:30.715,-0.0001086885576142,-0.8456429767429706
2025-03-08 14:26:30.734,-0.0001394843227187,-1.6996316039406787
2025-03-08 14:26:30.754,-0.000161172898457,-2.504612561884504
2025-03-08 14:26:30.773,-0.000176038728479,-3.2038130371598017
2025-03-08 14:26:30.793,-0.0001859198350095,-3.74668528518666
2025-03-08 14:26:30.813,-0.0001918608028191,-4.0942166655287
2025-03-08 14:26:30.832,-0.000194145310778,-4.222681580019842
2025-03-08 14:26:30.852,-0.0001925616922611,-4.125532994619138
2025-03-08 14:26:30.871,-0.0001867355139401,-3.813488197496864
2025-03-08 14:26:30.891,-0.000176415155249,-3.3130520954290823
2025-03-08 14:26:30.910,-0.0001616594568688,-2.66374277890135
2025-03-08 14:26:30.930,-0.0001429232151546,-1.9142511911907405
2025-03-08 14:26:30.949,-0.000121061104815,-1.1177948587835842
2025-03-08 14:26:30.969,-9.727628132110483e-05,-0.3270397297192302
2025-03-08 14:26:30.988,-7.30331418256758e-05,0.410898529555585
2025-03-08 14:26:31.008,-4.994287348083574e-05,1.0587807566449214
2025-03-08 14:26:31.027,-2.96231084236079e-05,1.5923203646644375
2025-03-08 14:26:31.047,-1.3534016833116894e-05,2.0015537550798568
2025-03-08 14:26:31.066,-2.803097339808077e-06,2.2902782659327108
2025-03-08 14:26:31.086,1.9341637760576808e-06,2.473645468304776
2025-03-08 14:26:31.106,6.383694272767675e-07,2.574335565236272
2025-03-08 14:26:31.125,-6.12431777708621e-06,2.618005407987488
2025-03-08 14:26:31.145,-1.728541326894588e-05,2.6288133887859253
2025-03-08 14:26:31.164,-3.146317053972994e-05,2.625745286695411
2025-03-08 14:26:31.184,-4.715864068299696e-05,2.620229074465425
2025-03-08 14:26:31.203,-6.286310840211249e-05,2.615217117754122
2025-03-08 14:26:31.223,-7.703612683500757e-05,2.6056249891919365
2025-03-08 14:26:31.242,-8.802092147218251e-05,2.57981454232678
2025-03-08 14:26:31.262,-9.404522927828897e-05,2.521722562391142
2025-03-08 14:26:31.281,-9.343352721493676e-05,2.413255585652935
2025-03-08 14:26:31.301,-8.503425849681778e-05,2.236652352537888
2025-03-08 14:26:31.320,-6.873186029811458e-05,1.9765967574957344
2025-03-08 14:26:31.340,-4.584534279686653e-05,1.6219096699352542
2025-03-08 14:26:31.359,-1.921471610802803e-05,1.1666777393220829
2025-03-08 14:26:31.379,7.165794351128205e-06,0.6107490157033298
2025-03-08 14:26:31.398,2.8968523934842165e-05,-0.0403266187932811
2025-03-08 14:26:31.418,4.260211541755175e-05,-0.7756491525640211
2025-03-08 14:26:31.438,4.616869706175035e-05,-1.5792337326458104
2025-03-08 14:26:31.457,3.996830969992069e-05,-2.4298716884301004
2025-03-08 14:26:31.477,2.641267092283932e-05,-3.300534458207141
2025-03-08 14:26:31.496,9.449425270863167e-06,-4.157651122104881
2025-03-08 14:26:31.516,-6.276979388576822e-06,-4.960920870122994
2025-03-08 14:26:31.535,-1.631591584253336e-05,-5.6644203047451125
2025-03-08 14:26:31.555,-1.7217808722825508e-05,-6.219536737967911
2025-03-08 14:26:31.574,-7.185582121966638e-06,-6.579746230635646
2025-03-08 14:26:31.594,1.3485706685930716e-05,-6.70662636772885
2025-03-08 14:26:31.613,4.226058298972382e-05,-6.575968177076967
2025-03-08 14:26:31.633,7.461088980249006e-05,-6.182616195064585
2025-03-08 14:26:31.652,0.0001047291346954,-5.542810756975045
2025-03-08 14:26:31.672,0.000126647089996,-4.69329883352522
2025-03-08 14:26:31.691,0.0001355262925009,-3.687180120588853
2025-03-08 14:26:31.711,0.000128779467857,-2.587171344699485
2025-03-08 14:26:31.731,0.00010670521686,-1.4575192379932524
2025-03-08 14:26:31.750,7.245637584187308e-05,-0.3560441263086787
2025-03-08 14:26:31.770,3.135554134096749e-05,0.672287302978971
2025-03-08 14:26:31.789,-1.0249913485384176e-05,1.5992285692180317
2025-03-08 14:26:31.809,-4.629171694103476e-05,2.414069464574742
2025-03-08 14:26:31.828,-7.212046093615591e-05,3.121502218565993
2025-03-08 14:26:31.848,-8.521768801077562e-05,3.7371578149189295
2025-03-08 14:26:31.867,-8.53448079604944e-05,4.281783784680766
2025-03-08 14:26:31.887,-7.41574847999698e-05,4.775172328005111
2025-03-08 14:26:31.906,-5.445689166713032e-05,5.230888990229463
2025-03-08 14:26:31.926,-2.932422353660623e-05,5.652646900669998
2025-03-08 14:26:31.945,-1.3818890795629154e-06,6.032863986307157
2025-03-08 14:26:31.965,2.7639912292029475e-05,6.35356307800398
2025-03-08 14:26:31.984,5.695298846454541e-05,6.589362748430773
2025-03-08 14:26:32.004,8.640794878216117e-05,6.711915844722406
2025-03-08 14:26:32.024,0.0001159614942057,6.694867755763179
2025-03-08 14:26:32.043,0.0001450960849798,6.518319148791411
2025-03-08 14:26:32.063,0.0001723867593143,6.171934882812459
2025-03-08 14:26:32.082,0.0001953746371598,5.656205132310458
2025-03-08 14:26:32.102,0.0002108292662472,4.981827267105711
2025-03-08 14:26:32.121,0.000215376864704,4.167604135322663
2025-03-08 14:26:32.141,0.000206360549971,3.2375363890197053
2025-03-08 14:26:32.160,0.0001827090032332,2.217867844947225
2025-03-08 14:26:32.180,0.0001455505314656,1.134730575400125
2025-03-08 14:26:32.199,9.834532110158028e-05,0.0127881378841898
2025-03-08 14:26:32.219,4.643206290976629e-05,-1.1250239141057334
2025-03-08 14:26:32.238,-3.9243999585057525e-06,-2.256826444075123
2025-03-08 14:26:32.258,-4.671309133695616e-05,-3.3605351542166937
2025-03-08 14:26:32.277,-7.723469814344163e-05,-4.412425663039107
2025-03-08 14:26:32.297,-9.276261913327204e-05,-5.385951208673939
2025-03-08 14:26:32.316,-9.270959261861666e-05,-6.251219709065714
2025-03-08 14:26:32.336,-7.837773529500565e-05,-6.975487025433725
2025-03-08 14:26:32.356,-5.24720193256467e-05,-7.524896036624591
2025-03-08 14:26:32.375,-1.8570553039258726e-05,-7.867444234024941
2025-03-08 14:26:32.395,1.9310109582470004e-05,-7.976817330193195
2025-03-08 14:26:32.414,5.700548472579883e-05,-7.836385205537153
2025-03-08 14:26:32.434,9.038684394734992e-05,-7.4424646051817795
2025-03-08 14:26:32.453,0.0001155293110922,-6.806023767503734
2025-03-08 14:26:32.473,0.0001289598113124,-5.9523480734200485
2025-03-08 14:26:32.492,0.000128034008302,-4.918690677978578
2025-03-08 14:26:32.512,0.0001114101408566,-3.750414832055741
2025-03-08 14:26:32.531,7.950024674746062e-05,-2.496433503193738
2025-03-08 14:26:32.551,3.472134150947413e-05,-1.204802166463195
2025-03-08 14:26:32.570,-1.8624901350492054e-05,0.0808316008120842
2025-03-08 14:26:32.590,-7.492440758770236e-05,1.3234700256445933
2025-03-08 14:26:32.609,-0.000128193049063,2.493517152956068
2025-03-08 14:26:32.629,-0.0001731428914685,3.5681215765294736
2025-03-08 14:26:32.649,-0.0002060591867964,4.529440211914493
2025-03-08 14:26:32.668,-0.000225254366652,5.362362942802577
2025-03-08 14:26:32.688,-0.0002310405223112,6.052348821715309
2025-03-08 14:26:32.707,-0.0002253316338739,6.583986027215234
2025-03-08 14:26:32.727,-0.0002110796831685,6.940701922410727
2025-03-08 14:26:32.746,-0.0001917485802202,7.105774459135249
2025-03-08 14:26:32.766,-0.0001709556648464,7.064506916206891
2025-03-08 14:26:32.785,-0.0001522960044367,6.807183330853658
2025-03-08 14:26:32.805,-0.000139249585527,6.3322575049245176
2025-03-08 14:26:32.824,-0.0001350045887159,5.649154103439365
2025-03-08 14:26:32.844,-0.0001420645767917,4.780065410365283
2025-03-08 14:26:32.863,-0.0001616563250482,3.760204694043734
2025-03-08 14:26:32.883,-0.0001931394312716,2.636141519001423
2025-03-08 14:26:32.902,-0.0002337077201112,1.46211974164186
2025-03-08 14:26:32.922,-0.0002785926976701,0.2946456046583674
2025-03-08 14:26:32.941,-0.0003217699500472,-0.8139239785648904
2025-03-08 14:26:32.961,-0.0003569483398649,-1.821678944456989
2025-03-08 14:26:32.981,-0.0003785167012984,-2.702039063017968
2025-03-08 14:26:33.000,-0.0003821906473184,-3.446044788089331
2025-03-08 14:26:33.020,-0.0003652889856596,-4.061346714071963
2025-03-08 14:26:33.039,-0.0003267526160928,-4.567918016127575
2025-03-08 14:26:33.059,-0.0002670889463037,-4.991312364010072
2025-03-08 14:26:33.078,-0.0001883537363874,-5.354904431983796
2025-03-08 14:26:33.098,-9.41516823305595e-05,-5.672801421122839
2025-03-08 14:26:33.117,1.0432411842188304e-05,-5.944959499725086
2025-03-08 14:26:33.137,0.0001190383442532,-6.155556471455751
2025-03-08 14:26:33.156,0.000224401938063,-6.274992063794668
2025-03-08 14:26:33.176,0.0003189340269682,-6.26514202518387
2025-03-08 14:26:33.195,0.0003955614009649,-6.08681170581577
2025-03-08 14:26:33.215,0.0004488163815576,-5.707861506830983
2025-03-08 14:26:33.234,0.0004759931131946,-5.110341384040508
2025-03-08 14:26:33.254,0.0004780074894794,-4.295224351814779
2025-03-08 14:26:33.274,0.0004595474112328,-3.2838890615865006
2025-03-08 14:26:33.293,0.0004282677673934,-2.116193574744268
2025-03-08 14:26:33.313,0.0003931208337568,-0.8456348619868952
2025-03-08 14:26:33.332,0.0003622556398994,0.4673994898008956
2025-03-08 14:26:33.352,0.0003410978515037,1.7629585511531467
2025-03-08 14:26:33.371,0.000331160722769,2.988022730345951
2025-03-08 14:26:33.391,0.0003298933177069,4.100962483198791
2025-03-08 14:26:33.410,0.0003315655429471,5.073251954120704
2025-03-08 14:26:33.430,0.0003289215957479,5.8884049995497705
2025-03-08 14:26:33.449,0.0003151573907825,6.538780124825386
2025-03-08 14:26:33.469,0.0002857155227299,7.0213929643548045
2025-03-08 14:26:33.488,0.0002394504038408,7.334047160999778
2025-03-08 14:26:33.508,0.0001788897935584,7.472910865835352
2025-03-08 14:26:33.527,0.0001095727675625,7.432187141670772
2025-03-08 14:26:33.547,3.869910896200668e-05,7.205882029723378
2025-03-08 14:26:33.567,-2.651879708488416e-05,6.791036872448184
2025-03-08 14:26:33.586,-8.039787937477858e-05,6.191346134889001
2025-03-08 14:26:33.606,-0.0001198964823954,5.419966824864136
2025-03-08 14:26:33.625,-0.0001450671464623,4.5005745413928615
2025-03-08 14:26:33.645,-0.0001587207678395,3.466245954548065
2025-03-08 14:26:33.664,-0.0001653372703798,2.3563694495742014
2025-03-08 14:26:33.684,-0.00016949952863,1.212304122511772
2025-03-08 14:26:33.703,-0.0001743424104275,0.0727825088965054
2025-03-08 14:26:33.723,-0.0001805527766486,-1.0299449355605617
2025-03-08 14:26:33.742,-0.0001862754075545,-2.0724366760730253
2025-03-08 14:26:33.762,-0.0001879485942726,-3.040415993024394
2025-03-08 14:26:33.781,-0.0001817538737726,-3.927128986207878
2025-03-08 14:26:33.801,-0.0001651544541319,-4.730103375641402
2025-03-08 14:26:33.820,-0.0001379967761006,-5.447066659557356
2025-03-08 14:26:33.840,-0.0001028471584975,-6.072002252393697
2025-03-08 14:26:33.859,-6.452335080842555e-05,-6.592356028466368
2025-03-08 14:26:33.879,-2.902217287744604e-05,-6.988233620632799
2025-03-08 14:26:33.899,-2.167182855374009e-06,-7.234049319401007
2025-03-08 14:26:33.918,1.168207050095656e-05,-7.302533523907721
2025-03-08 14:26:33.938,1.0564732598083713e-05,-7.170378162022882
2025-03-08 14:26:33.957,-4.707815560925664e-06,-6.824270821726697
2025-03-08 14:26:33.977,-3.081846465265843e-05,-6.265826396863699
2025-03-08 14:26:33.996,-6.277184260710286e-05,-5.514081476223504
2025-03-08 14:26:34.016,-9.503928376288408e-05,-4.60474672957023
2025-03-08 14:26:34.035,-0.0001226729429433,-3.5861700697794863
2025-03-08 14:26:34.055,-0.0001420750357924,-2.512747935655629
2025-03-08 14:26:34.074,-0.0001512878892103,-1.4371407009568942
2025-03-08 14:26:34.094,-0.0001498821440817,-0.4029504331094094
2025-03-08 14:26:34.113,-0.0001386270851343,0.5605754347580678
2025-03-08 14:26:34.133,-0.0001191043347572,1.4407247160648264
2025-03-08 14:26:34.152,-9.335579939520184e-05,2.240025350977444
2025-03-08 14:26:34.172,-6.360774912767206e-05,2.971902058927649
2025-03-08 14:26:34.192,-3.208801722462683e-05,3.654346085764544
2025-03-08 14:26:34.211,-9.326642066805196e-07,4.3029898319662205
2025-03-08 14:26:34.231,2.784243261302291e-05,4.924971424974599
2025-03-08 14:26:34.250,5.234424698586367e-05,5.514707148917442
2025-03-08 14:26:34.270,7.082208213019809e-05,6.052282226775813
2025-03-08 14:26:34.289,8.17386179974487e-05,6.504713666808654
2025-03-08 14:26:34.309,8.391333904020134e-05,6.829878780767516
2025-03-08 14:26:34.328,7.674489179964755e-05,6.982474580881188
2025-03-08 14:26:34.348,6.0498440460333295e-05,6.921027685090119
2025-03-08 14:26:34.367,3.659554757654282e-05,6.614776038912409
2025-03-08 14:26:34.387,7.768274507107935e-06,6.049252293951565
2025-03-08 14:26:34.406,-2.209622876833116e-05,5.229641955833574
2025-03-08 14:26:34.426,-4.850729644618633e-05,4.181433371507914
2025-03-08 14:26:34.445,-6.721735347557557e-05,2.9484169444657304
2025-03-08 14:26:34.465,-7.510601819603029e-05,1.5885843394764958
2025-03-08 14:26:34.485,-7.082577937204398e-05,0.1687951424209009
2025-03-08 14:26:34.504,-5.503950236811345e-05,-1.240855467018475
2025-03-08 14:26:34.524,-3.0224905564067062e-05,-2.5722145253111366
2025-03-08 14:26:34.543,-1.3628728520801142e-07,-3.76337847103625
2025-03-08 14:26:34.563,3.092353022125661e-05,-4.762059842207891
2025-03-08 14:26:34.582,5.885356770531611e-05,-5.528155269289588
2025-03-08 14:26:34.602,8.038091979770886e-05,-6.035669448283127
2025-03-08 14:26:34.621,9.345982875949914e-05,-6.274010782552466
2025-03-08 14:26:34.641,9.739637589282908e-05,-6.248504490857539
2025-03-08 14:26:34.660,9.271418644134804e-05,-5.979883854220277
2025-03-08 14:26:34.680,8.084135375284656e-05,-5.502568944789576
2025-03-08 14:26:34.699,6.37492503758733e-05,-4.8617010606127335
2025-03-08 14:26:34.719,4.3674255091515466e-05,-4.109107954935347
2025-03-08 14:26:34.738,2.297713377728929e-05,-3.298568874143302
2025-03-08 14:26:34.758,4.071485880800463e-06,-2.480891804785589
2025-03-08 14:26:34.777,-1.0730138021802762e-05,-1.6993896878668937
2025-03-08 14:26:34.797,-1.956463601875238e-05,-0.9863332008223896
2025-03-08 14:26:34.817,-2.1519347958530816e-05,-0.3608519346297784
2025-03-08 14:26:34.836,-1.7086138085956273e-05,0.1714463648755189
2025-03-08 14:26:34.856,-8.326973722396638e-06,0.6171405192468875
2025-03-08 14:26:34.875,1.398092631296212e-06,0.9922300031580268
2025-03-08 14:26:34.895,8.131768855300346e-06,1.3184430005682573
2025-03-08 14:26:34.914,8.291903407936096e-06,1.619216420783573
2025-03-08 14:26:34.934,-3.392240832032377e-07,1.915900288506608
2025-03-08 14:26:34.953,-1.7889535297429383e-05,2.2245994301125203
2025-03-08 14:26:34.973,-4.216198283913336e-05,2.5539057467966373
2025-03-08 14:26:34.992,-6.898354094634463e-05,2.9036458154980704
2025-03-08 14:26:35.012,-9.305396172078185e-05,3.2646721687774054
2025-03-08 14:26:35.031,-0.0001090600213293,3.61963753720938
2025-03-08 14:26:35.051,-0.0001127800202391,3.944603317534915
2025-03-08 14:26:35.070,-0.0001019737850254,4.211269598743439
2025-03-08 14:26:35.090,-7.694487000642285e-05,4.389597530826085
2025-03-08 14:26:35.110,-4.069201740724571e-05,4.450618734889145
2025-03-08 14:26:35.129,1.4482171986526148e-06,4.3692533038135535
2025-03-08 14:26:35.149,4.273686354153614e-05,4.126951600285113
2025-03-08 14:26:35.168,7.64703567078226e-05,3.713939309529245
2025-03-08 14:26:35.188,9.761048698161048e-05,3.1308284407237257
2025-03-08 14:26:35.207,0.0001041059661719,2.3894067327693933
2025-03-08 14:26:35.227,9.741702558997313e-05,1.512526279510722
2025-03-08 14:26:35.246,8.201714820109503e-05,0.5331191303828932
2025-03-08 14:26:35.266,6.40346997557948e-05,-0.5075743386793782
2025-03-08 14:26:35.285,4.9499375973475634e-05,-1.5624591393097556
2025-03-08 14:26:35.305,4.273908984116223e-05,-2.581594757127829
2025-03-08 14:26:35.324,4.5351040849140585e-05,-3.515587866842713
2025-03-08 14:26:35.344,5.5952189109881735e-05,-4.31913420907649
2025-03-08 14:26:35.363,7.069361497834834e-05,-4.954403316055975
2025-03-08 14:26:35.383,8.434962253861257e-05,-5.393889787555942
2025-03-08 14:26:35.403,9.168527657630452e-05,-5.62232802987057
2025-03-08 14:26:35.422,8.87709721944413e-05,-5.637353029088883
2025-03-08 14:26:35.442,7.394813247916824e-05,-5.44882186125364
2025-03-08 14:26:35.461,4.824758101252913e-05,-5.077022297054142
2025-03-08 14:26:35.481,1.5196072376656084e-05,-4.550233374731712
2025-03-08 14:26:35.500,-1.9928257568394526e-05,-3.902135186811969
2025-03-08 14:26:35.520,-5.124276812273571e-05,-3.169386409277779
2025-03-08 14:26:35.539,-7.358767260291588e-05,-2.389427485583506
2025-03-08 14:26:35.559,-8.373251891436718e-05,-1.598383989454647
2025-03-08 14:26:35.578,-8.11269987385281e-05,-0.8289210825094091
2025-03-08 14:26:35.598,-6.795081204835976e-05,-0.1080238428346154
2025-03-08 14:26:35.617,-4.8425733202237874e-05,0.5451157971089352
2025-03-08 14:26:35.637,-2.759491329667324e-05,1.1207217176144797
2025-03-08 14:26:35.656,-9.952080137294037e-06,1.6190699046448298
2025-03-08 14:26:35.676,1.6580460181945202e-06,2.049689662048454
2025-03-08 14:26:35.695,6.569822261036314e-06,2.428911871117581
2025-03-08 14:26:35.715,6.177295498786707e-06,2.775924200311569
2025-03-08 14:26:35.735,3.282030756148548e-06,3.1079180671822626
2025-03-08 14:26:35.754,1.132179877092983e-06,3.4352453855520317
2025-03-08 14:26:35.774,2.4092100823158142e-06,3.757624813902179
2025-03-08 14:26:35.793,8.4140771546647e-06,4.062303551158055
2025-03-08 14:26:35.813,1.866829022954109e-05,4.324730652835431
2025-03-08 14:26:35.832,3.1048209798133325e-05,4.511812055949446
2025-03-08 14:26:35.852,4.240263588588938e-05,4.587283437351817
2025-03-08 14:26:35.871,4.942871281548515e-05,4.518250679160414
2025-03-08 14:26:35.891,4.950609333328877e-05,4.2816239135602725
2025-03-08 14:26:35.910,4.126174473047972e-05,3.86911974600507
2025-03-08 14:26:35.930,2.480106438670335e-05,3.2897764121337763
2025-03-08 14:26:35.949,1.6774032114714286e-06,2.5694628384795344
2025-03-08 14:26:35.969,-2.531100501986545e-05,1.7475124790687142
2025-03-08 14:26:35.988,-5.24872316153066e-05,0.8711918384563287
2025-03-08 14:26:36.008,-7.586049623160496e-05,-0.0109111066325572
2025-03-08 14:26:36.028,-9.185174602659414e-05,-0.8553626882883439
2025-03-08 14:26:36.047,-9.802059657862113e-05,-1.6290964047552416
2025-03-08 14:26:36.067,-9.358881884712915e-05,-2.312500248285753
2025-03-08 14:26:36.086,-7.961644577869646e-05,-2.8999125973802777
2025-03-08 14:26:36.106,-5.879436327250362e-05,-3.3975348778395285
2025-03-08 14:26:36.125,-3.491249780788884e-05,-3.819243623467345
2025-03-08 14:26:36.145,-1.2124134643431236e-05,-4.181171122340275
2025-03-08 14:26:36.164,5.844296557707754e-06,-4.496150944597576
2025-03-08 14:26:36.184,1.6386286680944326e-05,-4.76915374013274
2025-03-08 14:26:36.203,1.847879156667193e-05,-4.994655627620261
2025-03-08 14:26:36.223,1.2823122437925496e-05,-5.156491817562175
2025-03-08 14:26:36.242,1.6300576344841409e-06,-5.2302070721091845
2025-03-08 14:26:36.262,-1.1904957081952416e-05,-5.187356757930588
2025-03-08 14:26:36.281,-2.4310986954021296e-05,-5.000810989824134
2025-03-08 14:26:36.301,-3.2568924149769464e-05,-4.649983040233811
2025-03-08 14:26:36.320,-3.47130832290999e-05,-4.1250369081779805
2025-03-08 14:26:36.340,-3.0217370954672916e-05,-3.4294368234444077
2025-03-08 14:26:36.360,-2.0113668783522823e-05,-2.580573555262851
2025-03-08 14:26:36.379,-6.810646897538133e-06,-1.608550612492061
2025-03-08 14:26:36.399,6.385001841325096e-06,-0.5534854627424379
2025-03-08 14:26:36.418,1.59901255633015e-05,0.53814091538158
2025-03-08 14:26:36.438,1.919136395989119e-05,1.617469898478103
2025-03-08 14:26:36.457,1.462542986373696e-05,2.6369921541693837
2025-03-08 14:26:36.477,2.853296906049132e-06,3.5535665248349084
2025-03-08 14:26:36.496,-1.3661869428427332e-05,4.330539701874489
2025-03-08 14:26:36.516,-3.108986629617549e-05,4.939065801309988
2025-03-08 14:26:36.535,-4.510288982773226e-05,5.358918198486561
2025-03-08 14:26:36.555,-5.181180104846069e-05,5.5790917398307
2025-03-08 14:26:36.574,-4.8543689907428366e-05,5.598332277861877
2025-03-08 14:26:36.594,-3.433709782248791e-05,5.425515211150037
2025-03-08 14:26:36.613,-1.0123277839355683e-05,5.079640926033765
2025-03-08 14:26:36.633,2.1382673610653947e-05,4.589169091869241
2025-03-08 14:26:36.653,5.603513227084409e-05,3.990458875646957
2025-03-08 14:26:36.672,8.880716429757815e-05,3.325195405416291
2025-03-08 14:26:36.692,0.0001144862279163,2.6368658417074027
2025-03-08 14:26:36.711,0.0001284552471023,1.96659677696137
2025-03-08 14:26:36.731,0.0001274718265137,1.3489227576830287
2025-03-08 14:26:36.750,0.0001103256462483,0.8082221434553689
2025-03-08 14:26:36.770,7.823275599797283e-05,0.3565407037416573
2025-03-08 14:26:36.789,3.483917516461589e-05,-0.0067024474661847
2025-03-08 14:26:36.809,-1.4225980991553135e-05,-0.293018319133369
2025-03-08 14:26:36.828,-6.219264142284361e-05,-0.5214853668175934
2025-03-08 14:26:36.848,-0.0001022223300307,-0.7143831362935924
2025-03-08 14:26:36.867,-0.000128507533254,-0.8926296274466351
2025-03-08 14:26:36.887,-0.0001372270236437,-1.0717822941801942
2025-03-08 14:26:36.906,-0.0001272225969046,-1.2592029642557692
2025-03-08 14:26:36.926,-0.0001002684873701,-1.45279749696076
2025-03-08 14:26:36.946,-6.082491469827543e-05,-1.6415477426279783
2025-03-08 14:26:36.965,-1.524801137057288e-05,-1.8078284342542408
2025-03-08 14:26:36.985,2.9439606513458364e-05,-1.9312119220968875
2025-03-08 14:26:37.004,6.696776302278989e-05,-1.993126957063333
2025-03-08 14:26:37.024,9.30641703972293e-05,-1.9814438913150292
2025-03-08 14:26:37.043,0.0001061535716016,-1.8939386016510695
2025-03-08 14:26:37.063,0.0001072956079725,-1.7397459229415282
2025-03-08 14:26:37.082,9.94358406017424e-05,-1.5383564789632178
2025-03-08 14:26:37.102,8.63067530095611e-05,-1.316315660045249
2025-03-08 14:26:37.121,7.139995841761652e-05,-1.1023521834662018
2025-03-08 14:26:37.141,5.7322356689005566e-05,-0.9220271945786004
2025-03-08 14:26:37.160,4.564340472245029e-05,-0.7930749438641175
2025-03-08 14:26:37.180,3.714124432117525e-05,-0.7224059856018964
2025-03-08 14:26:37.199,3.222391653380925e-05,-0.705326775090912
2025-03-08 14:26:37.219,3.1264919753145706e-05,-0.7270127413066185
2025-03-08 14:26:37.238,3.46526966127569e-05,-0.76579815894214
2025-03-08 14:26:37.258,4.2493994162379936e-05,-0.7975249465623679
2025-03-08 14:26:37.278,5.409493666984893e-05,-0.8000648094253313
2025-03-08 14:26:37.297,6.750779288915393e-05,-0.7571841713840761
2025-03-08 14:26:37.317,7.948111269976512e-05,-0.6611289408454682
2025-03-08 14:26:37.336,8.600839612852653e-05,-0.5136200648636019
2025-03-08 14:26:37.356,8.337474054341732e-05,-0.3252904441103411
2025-03-08 14:26:37.375,6.932753031057598e-05,-0.1138541620972015
2025-03-08 14:26:37.395,4.39196918588218e-05,0.0985899455817057
2025-03-08 14:26:37.414,9.71622721059492e-06,0.2887362235238169
2025-03-08 14:26:37.434,-2.8697212538045323e-05,0.4353990917971614
2025-03-08 14:26:37.453,-6.573935903310758e-05,0.5226520857575347
2025-03-08 14:26:37.473,-9.60879157102346e-05,0.5423716223834717
2025-03-08 14:26:37.492,-0.0001158214714593,0.4957181440632416
2025-03-08 14:26:37.512,-0.0001231696586153,0.3931430545653727
2025-03-08 14:26:37.531,-0.0001187292048109,0.2527364092560826
2025-03-08 14:26:37.551,-0.0001051554062353,0.097094080980759
2025-03-08 14:26:37.571,-8.645412983226737e-05,-0.0507226618850431
2025-03-08 14:26:37.590,-6.706063311558846e-05,-0.1712735661785958
2025-03-08 14:26:37.610,-5.090433790389743e-05,-0.2519416455953456
2025-03-08 14:26:37.629,-4.0636979532753725e-05,-0.2885190247434467
2025-03-08 14:26:37.649,-3.715857254444629e-05,-0.2848622464334299
2025-03-08 14:26:37.668,-3.952077700080682e-05,-0.2508149644238225
2025-03-08 14:26:37.688,-4.522513458087524e-05,-0.1990394805032993
2025-03-08 14:26:37.707,-5.086564337837656e-05,-0.141634458145533
2025-03-08 14:26:37.727,-5.299246602169714e-05,-0.0873828960029728
2025-03-08 14:26:37.746,-4.900343140170811e-05,-0.0402107705764438
2025-03-08 14:26:37.766,-3.78283546284384e-05,0.0009448709522361
2025-03-08 14:26:37.785,-2.0204451867483235e-05,0.0410317934983889
2025-03-08 14:26:37.805,1.5278084519889676e-06,0.0869854355868298
2025-03-08 14:26:37.824,2.400532383039836e-05,0.1456033618455349
2025-03-08 14:26:37.844,4.358180746754156e-05,0.2217238068717681
2025-03-08 14:26:37.864,5.700462918681646e-05,0.3170813403532831
2025-03-08 14:26:37.883,6.188510016185492e-05,0.4299808826351345
2025-03-08 14:26:37.903,5.6922470410427504e-05,0.5557029046799711
2025-03-08 14:26:37.922,4.1935984375217655e-05,0.687403285892558
2025-03-08 14:26:37.942,1.781396932346593e-05,0.8172416893294965
2025-03-08 14:26:37.961,-1.3530071941363691e-05,0.9375409452276642
2025-03-08 14:26:37.981,-4.919963886183824e-05,1.041874531661989
2025-03-08 14:26:38.000,-8.545955011618172e-05,1.126024900217056
2025-03-08 14:26:38.020,-0.0001180906915826,1.1887228214561838
2025-03-08 14:26:38.039,-0.0001429611751413,1.2319994450611689
2025-03-08 14:26:38.059,-0.0001566903651591,1.2609291695366394
2025-03-08 14:26:38.078,-0.0001572056872847,1.2825798641265254
2025-03-08 14:26:38.098,-0.0001440078388348,1.304149637326938
2025-03-08 14:26:38.117,-0.0001180774024173,1.3305379906903456
2025-03-08 14:26:38.137,-8.153139993561222e-05,1.361894237690742
2025-03-08 14:26:38.156,-3.72599448173923e-05,1.391874875012585
2025-03-08 14:26:38.176,1.126498321866414e-05,1.4072971139427548
2025-03-08 14:26:38.196,6.0003604180562325e-05,1.3895637962334515
2025-03-08 14:26:38.215,0.0001043808260109,1.317751779517455
2025-03-08 14:26:38.235,0.0001395987162456,1.172775816646137
2025-03-08 14:26:38.254,0.0001613634025749,0.9417229405533524
2025-03-08 14:26:38.274,0.0001669025155026,0.6213855838239458
2025-03-08 14:26:38.293,0.0001559131519542,0.2202075938559548
2025-03-08 14:26:38.313,0.0001310121582765,-0.2417761043442971
2025-03-08 14:26:38.332,9.739697368652358e-05,-0.7349964770707111
2025-03-08 14:26:38.352,6.170084808206265e-05,-1.2240184312697349
2025-03-08 14:26:38.371,3.0339034519507565e-05,-1.6721803387417682
2025-03-08 14:26:38.391,7.875654612427439e-06,-2.046445898425004
2025-03-08 14:26:38.410,-4.021038581363208e-06,-2.321705863013893
2025-03-08 14:26:38.430,-6.669046061330737e-06,-2.483861773877997
2025-03-08 14:26:38.449,-3.5089579756851577e-06,-2.5312098784796584
2025-03-08 14:26:38.469,1.340840323762384e-06,-2.4739140394859045
2025-03-08 14:26:38.489,4.526595661701997e-06,-2.3316849751703304
2025-03-08 14:26:38.508,4.373874077316597e-06,-2.1301130174466927
2025-03-08 14:26:38.528,1.0403393578008323e-06,-1.8963562821865572
2025-03-08 14:26:38.547,-3.983647420986353e-06,-1.6549991101927966
2025-03-08 14:26:38.567,-8.70485635355373e-06,-1.424836889105804
2025-03-08 14:26:38.586,-1.1437647976651464e-05,-1.2171194707411177
2025-03-08 14:26:38.606,-1.1339403499499385e-05,-1.0354313330250928
2025-03-08 14:26:38.625,-8.553886959035898e-06,-0.8769808716808117
2025-03-08 14:26:38.645,-3.980720412246277e-06,-0.7347449005282709
2025-03-08 14:26:38.664,1.2050582389124949e-06,-0.5997990205662882
2025-03-08 14:26:38.684,6.098390466095441e-06,-0.4632994492994809
2025-03-08 14:26:38.703,1.0480360992091442e-05,-0.3178756394263985
2025-03-08 14:26:38.723,1.4952497158491424e-05,-0.1584819365037124
2025-03-08 14:26:38.742,2.072066589976513e-05,0.0170937356296128
2025-03-08 14:26:38.762,2.907210113088564e-05,0.2078939901062475
2025-03-08 14:26:38.781,4.0706555015407046e-05,0.4096015932572504
2025-03-08 14:26:38.801,5.516608452514744e-05,0.6146099888042854
2025-03-08 14:26:38.821,7.060262681467827e-05,0.8125170134568716
2025-03-08 14:26:38.840,8.400294438927823e-05,0.9911280818189934
2025-03-08 14:26:38.860,9.181531435234088e-05,1.1378986694668296
2025-03-08 14:26:38.879,9.079834992960924e-05,1.2415902960191385
2025-03-08 14:26:38.899,7.888465777275292e-05,1.293836251960552
2025-03-08 14:26:38.918,5.586893083145157e-05,1.2903431296571473
2025-03-08 14:26:38.938,2.3737477012369125e-05,1.2315623068962898
2025-03-08 14:26:38.957,-1.3512068236859883e-05,1.12279132500787
2025-03-08 14:26:38.977,-5.058597561499403e-05,0.9737572505284796
2025-03-08 14:26:38.996,-8.197167436509749e-05,0.7977731110811422
2025-03-08 14:26:39.016,-0.0001030599072787,0.6105581404539051
2025-03-08 14:26:39.035,-0.0001110006849191,0.4288034483438502
2025-03-08 14:26:39.055,-0.0001051135192296,0.2685710154511643
2025-03-08 14:26:39.074,-8.683459765529464e-05,0.1436430090844919
2025-03-08 14:26:39.094,-5.930286029973532e-05,0.0639840758910514
2025-03-08 14:26:39.114,-2.674067391314877e-05,0.0345233658703685
2025-03-08 14:26:39.133,6.218004948922465e-06,0.0544778274176648
2025-03-08 14:26:39.153,3.5137647940558086e-05,0.1173987159070424
2025-03-08 14:26:39.172,5.6266964934062354e-05,0.2120210952714034
2025-03-08 14:26:39.192,6.688565675499489e-05,0.3238447403556289
2025-03-08 14:26:39.211,6.553115089761521e-05,0.437207112862493
2025-03-08 14:26:39.231,5.214218222424096e-05,0.5374731462023857
2025-03-08 14:26:39.250,2.8150149383633965e-05,0.612915214560891
2025-03-08 14:26:39.270,-3.4988432416669697e-06,0.6559248621430457
2025-03-08 14:26:39.289,-3.8491167305373e-05,0.6633756321504177
2025-03-08 14:26:39.309,-7.160501207508349e-05,0.636180323939639
2025-03-08 14:26:39.328,-9.754105878468496e-05,0.5782693434813291
2025-03-08 14:26:39.348,-0.0001119935096428,0.4953008010826922
2025-03-08 14:26:39.367,-0.0001126684824658,0.3933983443860274
2025-03-08 14:26:39.387,-9.993498840993363e-05,0.278146792461202
2025-03-08 14:26:39.407,-7.690515523234688e-05,0.1540096605846115
2025-03-08 14:26:39.426,-4.890424176221501e-05,0.0242785693943088
2025-03-08 14:26:39.446,-2.2439994901545903e-05,-0.1084155337832898
2025-03-08 14:26:39.465,-3.887785748056271e-06,-0.241148405986627
2025-03-08 14:26:39.485,1.8336569900374524e-06,-0.3696205847866468
2025-03-08 14:26:39.504,-7.685968324272508e-06,-0.4874015479543935
2025-03-08 14:26:39.524,-3.180288395229685e-05,-0.5859246362036427
2025-03-08 14:26:39.543,-6.69085011824034e-05,-0.655431485539205
2025-03-08 14:26:39.563,-0.0001071365416305,-0.6867266324322461
2025-03-08 14:26:39.582,-0.0001455264828798,-0.6732992147429705
2025-03-08 14:26:39.602,-0.0001753848125745,-0.6132251192354752
2025-03-08 14:26:39.621,-0.0001915533844957,-0.5103205335839298
2025-03-08 14:26:39.641,-0.0001913242302754,-0.3742210528473816
2025-03-08 14:26:39.660,-0.000174829410685,-0.219307733377931
2025-03-08 14:26:39.680,-0.0001448624574033,-0.062623863128797
2025-03-08 14:26:39.699,-0.0001062098581757,0.0788788485392274
2025-03-08 14:26:39.719,-6.465084101047824e-05,0.1912428085360684
2025-03-08 14:26:39.739,-2.5816418076896692e-05,0.2659007123710347
2025-03-08 14:26:39.758,5.901797721626343e-06,0.3009223436502191
2025-03-08 14:26:39.778,2.822096857159951e-05,0.3007011468199917
2025-03-08 14:26:39.797,4.147056388359332e-05,0.2740950612353909
2025-03-08 14:26:39.817,4.862319581947285e-05,0.2315170605906377
2025-03-08 14:26:39.836,5.479807587833688e-05,0.1818237992927358
2025-03-08 14:26:39.856,6.625668609483078e-05,0.1299329717900706
2025-03-08 14:26:39.875,8.900900182677151e-05,0.0758695195452266
2025-03-08 14:26:39.895,0.0001272640564843,0.0154730038334172
2025-03-08 14:26:39.914,0.0001820674253671,-0.0575376911658872
2025-03-08 14:26:39.934,0.0002505223034283,-0.1488504094768682
2025-03-08 14:26:39.953,0.0003259221209946,-0.2610357391207652
2025-03-08 14:26:39.973,0.0003988942496314,-0.3918993392799927
2025-03-08 14:26:39.992,0.0004593252780186,-0.5340724352994659
2025-03-08 14:26:40.012,0.0004985500765497,-0.6758536298878325
2025-03-08 14:26:40.032,0.0005111787955043,-0.8030354640958179
2025-03-08 14:26:40.051,0.0004960699936341,-0.9012652138060216
2025-03-08 14:26:40.071,0.0004562731959681,-0.9584075153138848
2025-03-08 14:26:40.090,0.0003980951083619,-0.9664099804283218
2025-03-08 14:26:40.110,0.0003296430145505,-0.92232595919711
2025-03-08 14:26:40.129,0.0002592389118092,-0.8283902228676928
2025-03-08 14:26:40.149,0.0001940322151201,-0.6913017577427373
2025-03-08 14:26:40.168,0.0001390226756304,-0.5210484581592021
2025-03-08 14:26:40.188,9.658082581830672e-05,-0.3296397955902779
2025-03-08 14:26:40.207,6.64499380544433e-05,-0.1299976275921798
2025-03-08 14:26:40.227,4.614112383540439e-05,0.0649289090122158
2025-03-08 14:26:40.246,3.16015139015115e-05,0.2429086118531537
2025-03-08 14:26:40.266,1.805071241117546e-05,0.3931660662054155
2025-03-08 14:26:40.285,9.038026081773284e-07,0.5071825774900354
2025-03-08 14:26:40.305,-2.333374692180152e-05,0.5795039506366539
2025-03-08 14:26:40.325,-5.638797034943201e-05,0.6083845155984793
2025-03-08 14:26:40.344,-9.794511223621996e-05,0.5960641799330977
2025-03-08 14:26:40.364,-0.0001458392439011,0.5485470558694188
2025-03-08 14:26:40.383,-0.0001965693274472,0.4748851295635883
2025-03-08 14:26:40.403,-0.0002459497869108,0.3860894314547666
2025-03-08 14:26:40.422,-0.000289783238976,0.2938391805068063
2025-03-08 14:26:40.442,-0.0003245544805137,0.2091478835384937
2025-03-08 14:26:40.461,-0.0003481394950256,0.1411254527825134
2025-03-08 14:26:40.481,-0.0003604027109163,0.0959739226703652
2025-03-08 14:26:40.500,-0.0003634544758936,0.0763510371147682
2025-03-08 14:26:40.520,-0.0003613731729777,0.0811976366995241
2025-03-08 14:26:40.539,-0.0003593540788155,0.1060438832220811
2025-03-08 14:26:40.559,-0.0003624418199649,0.1437100515131298
2025-03-08 14:26:40.578,-0.0003741553756177,0.1852403954191632
2025-03-08 14:26:40.598,-0.0003953826798935,0.220892024380666
2025-03-08 14:26:40.617,-0.0004238894168389,0.2410596261394946
2025-03-08 14:26:40.637,-0.0004546507816791,0.2371215855866399
2025-03-08 14:26:40.657,-0.000480990063193,0.2022746521275558
2025-03-08 14:26:40.676,-0.0004962416228067,0.1324177883200778
2025-03-08 14:26:40.696,-0.0004954455128939,0.0270418955677085
2025-03-08 14:26:40.715,-0.000476544367292,-0.1100575388198046
2025-03-08 14:26:40.735,-0.0004407418488205,-0.2705098456586952
2025-03-08 14:26:40.754,-0.0003920163180859,-0.4417712068852145
2025-03-08 14:26:40.774,-0.0003360859873092,-0.6082906763712205
2025-03-08 14:26:40.793,-0.000279228380517,-0.753347667885119
2025-03-08 14:26:40.813,-0.0002272356739623,-0.8613043544073261
2025-03-08 14:26:40.832,-0.0001845774386384,-0.919914282891757
2025-03-08 14:26:40.852,-0.0001537385212409,-0.9222981870477032
2025-03-08 14:26:40.871,-0.0001347643163915,-0.8682223141957272
2025-03-08 14:26:40.891,-0.0001251560041458,-0.7643775598610187
2025-03-08 14:26:40.910,-0.0001202574969942,-0.6234711033133056
2025-03-08 14:26:40.930,-0.0001141282268163,-0.4621304800285552
2025-03-08 14:26:40.950,-0.0001006908949959,-0.2978761724247826
2025-03-08 14:26:40.969,-7.48156358494868e-05,-0.1456827258918704
2025-03-08 14:26:40.989,-3.304982829326696e-05,-0.0148278885919947
2025-03-08 14:26:41.008,2.609630043485843e-05,0.0932533193590102
2025-03-08 14:26:41.028,0.000102193191199,0.1855583104543481
2025-03-08 14:26:41.047,0.0001930820246774,0.276304668841606
2025-03-08 14:26:41.067,0.0002951040755616,0.3840400621335915
2025-03-08 14:26:41.086,0.0004033768798232,0.5275586592170365
2025-03-08 14:26:41.106,0.0005121771745209,0.7213920188457853
2025-03-08 14:26:41.125,0.0006154470785063,0.9717838915331428
2025-03-08 14:26:41.145,0.0007073475065228,1.2740118368573583
2025-03-08 14:26:41.164,0.0007827319945911,1.611689276011
2025-03-08 14:26:41.184,0.0008374561231192,1.958322219192301
2025-03-08 14:26:41.203,0.0008685342630925,2.280964917061514
2025-03-08 14:26:41.223,0.0008742259209963,2.545369277896477
2025-03-08 14:26:41.242,0.0008541338704588,2.721633501638914
2025-03-08 14:26:41.262,0.000809338830986,2.789153524006612
2025-03-08 14:26:41.282,0.0007425247220126,2.739781958523186
2025-03-08 14:26:41.301,0.000658002661816,2.578515112255116
2025-03-08 14:26:41.321,0.0005615321010506,2.3216412412930074
2025-03-08 14:26:41.340,0.0004598634509203,1.992901481097438
2025-03-08 14:26:41.360,0.0003599993987264,1.6186575105725336
2025-03-08 14:26:41.379,0.0002682866141772,1.2232157190883148
2025-03-08 14:26:41.399,0.0001895460382475,0.825311782575048
2025-03-08 14:26:41.418,0.0001264558983015,0.4363837698863577
2025-03-08 14:26:41.438,7.931400373250478e-05,0.0607740226263075
2025-03-08 14:26:41.457,4.619279709206521e-05,-0.3024755965525226
2025-03-08 14:26:41.477,2.3421553514489436e-05,-0.65692168672889
2025-03-08 14:26:41.496,6.293071249036902e-06,-1.0059375359689604
2025-03-08 14:26:41.516,-1.0118483610563209e-05,-1.3505756228967614
2025-03-08 14:26:41.535,-3.014408912133837e-05,-1.688499617836576
2025-03-08 14:26:41.555,-5.683574671863826e-05,-2.0140369744139464
2025-03-08 14:26:41.575,-9.154254261373666e-05,-2.319096420551017
2025-03-08 14:26:41.594,-0.0001338385844793,-2.594551740471548
2025-03-08 14:26:41.614,-0.000181791466635,-2.8317200425255544
2025-03-08 14:26:41.633,-0.0002324421914814,-3.0236834489645377
2025-03-08 14:26:41.653,-0.0002823224097473,-3.166317396023164
2025-03-08 14:26:41.672,-0.0003278987996871,-3.258934700119406
2025-03-08 14:26:41.692,-0.000365945035563,-3.3044376175751697
2025-03-08 14:26:41.711,-0.0003938952163103,-3.3088481908914544
2025-03-08 14:26:41.731,-0.0004101826007066,-3.280128281051514
2025-03-08 14:26:41.750,-0.0004144692778764,-3.2263373532293698
2025-03-08 14:26:41.770,-0.0004076363900339,-3.1533831415998548
2025-03-08 14:26:41.789,-0.0003914923325302,-3.0628284941810637
2025-03-08 14:26:41.809,-0.0003683122283351,-2.950346270105142
2025-03-08 14:26:41.828,-0.0003404164872055,-2.80539568911836
2025-03-08 14:26:41.848,-0.0003099479476059,-2.6124894354977504
2025-03-08 14:26:41.868,-0.0002788604768418,-2.354047674823545
2025-03-08 14:26:41.887,-0.00024900506897,-2.0143898895414827
2025-03-08 14:26:41.907,-0.0002221660827751,-1.5840505675760892
2025-03-08 14:26:41.926,-0.0001999490239485,-1.063447179929699
2025-03-08 14:26:41.946,-0.0001835068734869,-0.4650138246030899
2025-03-08 14:26:41.965,-0.0001731787594727,0.186804051074622
2025-03-08 14:26:41.985,-0.0001681785112869,0.8578874223064343
2025-03-08 14:26:42.004,-0.0001664919076396,1.508828942562812
2025-03-08 14:26:42.024,-0.0001651070351165,2.1006103536116503
2025-03-08 14:26:42.043,-0.00016060906516,2.600466762235557
2025-03-08 14:26:42.063,-0.0001500317407341,2.9867248473326025
2025-03-08 14:26:42.082,-0.0001317157737411,3.2516038027990937
2025-03-08 14:26:42.102,-0.0001058621576258,3.401439111404283
2025-03-08 14:26:42.121,-7.456421755511342e-05,3.45438658119502
2025-03-08 14:26:42.141,-4.133011948744684e-05,3.436204103666668
2025-03-08 14:26:42.160,-1.0315359434647627e-05,3.375051480155409
2025-03-08 14:26:42.180,1.4472578966387332e-05,3.296343637401579
2025-03-08 14:26:42.200,2.9852441223612115e-05,3.21856894099627
2025-03-08 14:26:42.219,3.4019209743058175e-05,3.1507143764947267
2025-03-08 14:26:42.239,2.6966232516166174e-05,3.091600105849522
2025-03-08 14:26:42.258,1.0673597362466736e-05,3.031079266129786
2025-03-08 14:26:42.278,-1.1115126867655366e-05,2.9527560309010776
2025-03-08 14:26:42.297,-3.360957514820494e-05,2.83766035531689
2025-03-08 14:26:42.317,-5.204048665918387e-05,2.668214720662698
2025-03-08 14:26:42.336,-6.275458214918738e-05,2.431828505304226
2025-03-08 14:26:42.356,-6.399488732144243e-05,2.123535957544469
2025-03-08 14:26:42.375,-5.615604055588329e-05,1.747239821243702
2025-03-08 14:26:42.395,-4.148795824164997e-05,1.3153346246766102
2025-03-08 14:26:42.414,-2.3377600640999774e-05,0.8467579939011252
2025-03-08 14:26:42.434,-5.433042553774752e-06,0.3638243195365105
2025-03-08 14:26:42.453,9.37885656792053e-06,-0.1115280909759985
2025-03-08 14:26:42.473,1.932348850075977e-05,-0.5612669574121247
2025-03-08 14:26:42.493,2.4082492111878907e-05,-0.9737437443596548
2025-03-08 14:26:42.512,2.4509983671456937e-05,-1.3444726926987058
2025-03-08 14:26:42.532,2.2068787355861983e-05,-1.674958991133528
2025-03-08 14:26:42.551,1.8162400434322745e-05,-1.9698645996991624
2025-03-08 14:26:42.571,1.3616014969740143e-05,-2.233333520995966
2025-03-08 14:26:42.590,8.500600904378106e-06,-2.465622583944982
2025-03-08 14:26:42.610,2.3728970738297493e-06,-2.6611380048312334
2025-03-08 14:26:42.629,-5.12858576207656e-06,-2.8085355700802874
2025-03-08 14:26:42.649,-1.3529664259744292e-05,-2.8928536615509857
2025-03-08 14:26:42.668,-2.0931036698481412e-05,-2.898988654018744
2025-03-08 14:26:42.688,-2.3923520916329302e-05,-2.8154551565583663
2025-03-08 14:26:42.707,-1.818982968695501e-05,-2.637410205983083
2025-03-08 14:26:42.727,3.032989863396311e-07,-2.368272676840619
2025-03-08 14:26:42.746,3.388414836004285e-05,-2.0197301818861213
2025-03-08 14:26:42.766,8.202711216237708e-05,-1.6103079075780764
2025-03-08 14:26:42.786,0.0001409285406764,-1.162897966004583
2025-03-08 14:26:42.805,0.0002040304863222,-0.7017401512833626
2025-03-08 14:26:42.825,0.0002633881506268,-0.2493721261319436
2025-03-08 14:26:42.844,0.0003114866641341,0.1759328733794619
2025-03-08 14:26:42.864,0.0003429789917224,0.5617684244371014
2025-03-08 14:26:42.883,0.0003558641705767,0.9019050881227508
2025-03-08 14:26:42.903,0.000351788272185,1.1952335306296968
2025-03-08 14:26:42.922,0.0003353742655298,1.4436009754320906
2025-03-08 14:26:42.942,0.0003127590719637,1.6491193675053115
2025-03-08 14:26:42.961,0.0002897781912847,1.8117158537319336
2025-03-08 14:26:42.981,0.0002703624967031,1.927686415752761
2025-03-08 14:26:43.000,0.0002556177376254,1.989780441608315
2025-03-08 14:26:43.020,0.0002437968248293,1.9889214587782216
2025-03-08 14:26:43.039,0.0002310772219906,1.917149901431608
2025-03-08 14:26:43.059,0.0002128305301718,1.7709165612060982
2025-03-08 14:26:43.078,0.0001849747311511,1.5536492108969426
2025-03-08 14:26:43.098,0.000145044766118,1.276678820319881
2025-03-08 14:26:43.118,9.277570132044718e-05,0.958102905709668
2025-03-08 14:26:43.137,3.018494663439266e-05,0.6197915593653792
2025-03-08 14:26:43.157,-3.873546027721312e-05,0.2832853548261286
2025-03-08 14:26:43.176,-0.0001085913141071,-0.0343533261055398
2025-03-08 14:26:43.196,-0.0001733372157969,-0.3236484313531568
2025-03-08 14:26:43.215,-0.0002271248662773,-0.5839437183719514
2025-03-08 14:26:43.235,-0.0002651254936327,-0.8223961770522442
2025-03-08 14:26:43.254,-0.0002841799817545,-1.050933924126519
2025-03-08 14:26:43.274,-0.0002831753133373,-1.281915452446469
2025-03-08 14:26:43.293,-0.0002631277674219,-1.5235949219781022
2025-03-08 14:26:43.313,-0.0002270037633323,-1.7766058147636228
2025-03-08 14:26:43.332,-0.0001793086989797,-2.032468422390243
2025-03-08 14:26:43.352,-0.0001254720523801,-2.2746144908605888
2025-03-08 14:26:43.371,-7.110409045839421e-05,-2.4817113332694354
2025-03-08 14:26:43.391,-2.127144892923435e-05,-2.632366310200135
2025-03-08 14:26:43.411,2.004132171996838e-05,-2.7098488496941773
2025-03-08 14:26:43.430,5.018496260024183e-05,-2.705459552645018
2025-03-08 14:26:43.450,6.783074476904398e-05,-2.619623249940959
2025-03-08 14:26:43.469,7.280065900933896e-05,-2.460527408765091
2025-03-08 14:26:43.489,6.587104100255601e-05,-2.24090003569039
2025-03-08 14:26:43.508,4.8603696100359465e-05,-1.9740552339037032
2025-03-08 14:26:43.528,2.3167152837566716e-05,-1.670469629528531
2025-03-08 14:26:43.547,-7.898994485707905e-06,-1.3358859182707092
2025-03-08 14:26:43.567,-4.194814847811632e-05,-0.9714033000811796
2025-03-08 14:26:43.586,-7.643195790797911e-05,-0.5753989217767955
2025-03-08 14:26:43.606,-0.0001089941491529,-0.1465976651036121
2025-03-08 14:26:43.625,-0.0001374899078934,0.3127123840492658
2025-03-08 14:26:43.645,-0.0001600153060686,0.7943549582171804
2025-03-08 14:26:43.664,-0.000174989336705,1.2835854124681754
2025-03-08 14:26:43.684,-0.0001812485663044,1.7602801008856046
2025-03-08 14:26:43.703,-0.0001780886920302,2.201619128091666
2025-03-08 14:26:43.723,-0.0001652555567618,2.585435397308907
2025-03-08 14:26:43.743,-0.0001429709140349,2.8932686571523583
2025-03-08 14:26:43.762,-0.0001120690725322,3.1123802881834157
2025-03-08 14:26:43.782,-7.42184193536044e-05,3.236440821240341
2025-03-08 14:26:43.801,-3.210234773656564e-05,3.2650922595470124
2025-03-08 14:26:43.821,1.058990135959819e-05,3.2029080638525063
2025-03-08 14:26:43.840,4.946356783757256e-05,3.0583170248160574
2025-03-08 14:26:43.860,8.002448135443085e-05,2.84285176603603
2025-03-08 14:26:43.879,9.850713784602124e-05,2.5707611298679125
2025-03-08 14:26:43.899,0.0001027504887478,2.258746044990832
2025-03-08 14:26:43.918,9.288743960607078e-05,1.9254516761171825
2025-03-08 14:26:43.938,7.160950550428149e-05,1.5904070100106444
2025-03-08 14:26:43.957,4.383912406040691e-05,1.2723081587482172
2025-03-08 14:26:43.977,1.579520565941523e-05,0.9868141707395348
2025-03-08 14:26:43.996,-6.354860141890904e-06,0.7442723031131869
2025-03-08 14:26:44.016,-1.788170548297059e-05,0.5479297723782646
2025-03-08 14:26:44.036,-1.6494530568071382e-05,0.3931656058074847
2025-03-08 14:26:44.055,-2.6648382346583334e-06,0.2680831685459214
2025-03-08 14:26:44.075,2.0759414081744783e-05,0.1554920896136108
2025-03-08 14:26:44.094,4.94294876968604e-05,0.0359706296650322
2025-03-08 14:26:44.114,7.851679670690385e-05,-0.1085630445181232
2025-03-08 14:26:44.133,0.0001035829456552,-0.2914592510442714
2025-03-08 14:26:44.153,0.0001211597557385,-0.5187672926843204
2025-03-08 14:26:44.172,0.0001290442766461,-0.7879482338084375
2025-03-08 14:26:44.192,0.0001263745182048,-1.0880584511564644
2025-03-08 14:26:44.211,0.000113545980442,-1.401289682471503
2025-03-08 14:26:44.231,9.200761958891606e-05,-1.705493344039828
2025-03-08 14:26:44.250,6.397277481074129e-05,-1.9771780668516616
2025-03-08 14:26:44.270,3.2098095841286286e-05,-2.194477530888544
2025-03-08 14:26:44.289,-8.072560293923573e-07,-2.339700828166967
2025-03-08 14:26:44.309,-3.200868423883127e-05,-2.4012208457416477
2025-03-08 14:26:44.329,-5.90286263010703e-05,-2.37456479683896
2025-03-08 14:26:44.348,-7.982786227613662e-05,-2.262635917694853
2025-03-08 14:26:44.368,-9.299761303411416e-05,-2.075050295915459
2025-03-08 14:26:44.387,-9.7920672914194e-05,-1.8266515341916567
2025-03-08 14:26:44.407,-9.484017347497654e-05,-1.5353757803382475
2025-03-08 14:26:44.426,-8.480449346332226e-05,-1.2197682436773634
2025-03-08 14:26:44.446,-6.950395950523956e-05,-0.8965754612930674
2025-03-08 14:26:44.465,-5.104426197330849e-05,-0.5789084262202572
2025-03-08 14:26:44.485,-3.170391516969728e-05,-0.2754199180401045
2025-03-08 14:26:44.504,-1.3707821115957706e-05,0.0092869352198431
2025-03-08 14:26:44.524,9.708621117829617e-07,0.2731720599920634
2025-03-08 14:26:44.543,1.0782127114302827e-05,0.514727106627745
2025-03-08 14:26:44.563,1.474732697890878e-05,0.7311452137594325
2025-03-08 14:26:44.582,1.2578069382510271e-05,0.9173656119880148
2025-03-08 14:26:44.602,4.744220776139151e-06,1.0663275412437798
2025-03-08 14:26:44.621,-7.542300472211559e-06,1.1703093899790524
2025-03-08 14:26:44.641,-2.245888243784752e-05,1.2228495162719009
2025-03-08 14:26:44.661,-3.7825132086678696e-05,1.2205878901037348
2025-03-08 14:26:44.680,-5.143726786957207e-05,1.1644578855822951
2025-03-08 14:26:44.700,-6.139653337893993e-05,1.0599175684852402
2025-03-08 14:26:44.719,-6.633982102408835e-05,0.9162212042204536
2025-03-08 14:26:44.739,-6.554346599138188e-05,0.7449926420944141
2025-03-08 14:26:44.758,-5.8952276862680975e-05,0.5585110869435421
2025-03-08 14:26:44.778,-4.719903714451568e-05,0.3681324942918392
2025-03-08 14:26:44.797,-3.160900528554678e-05,0.1831578653552094
2025-03-08 14:26:44.817,-1.4114324945695937e-05,0.0102751634283519
2025-03-08 14:26:44.836,2.9804174744652192e-06,-0.146474937990878
2025-03-08 14:26:44.856,1.7354282676034398e-05,-0.2853586626919109
2025-03-08 14:26:44.875,2.7051814977033984e-05,-0.4063867103139935
2025-03-08 14:26:44.895,3.079303556822821e-05,-0.5106279146446151
2025-03-08 14:26:44.914,2.81564364162565e-05,-0.5994538358346834
2025-03-08 14:26:44.934,1.962376828106196e-05,-0.6737909841006747
2025-03-08 14:26:44.954,6.501069385424729e-06,-0.7335364629604411
2025-03-08 14:26:44.973,-9.261708217619124e-06,-0.7773550481416933
2025-03-08 14:26:44.993,-2.533193990396669e-05,-0.8030366872861134
2025-03-08 14:26:45.012,-3.931811613229752e-05,-0.80842782903955
2025-03-08 14:26:45.032,-4.913314451949451e-05,-0.7927133849766279
2025-03-08 14:26:45.051,-5.33598104519327e-05,-0.7576223433567364
2025-03-08 14:26:45.071,-5.156028804822301e-05,-0.7080574464981345
2025-03-08 14:26:45.090,-4.44530380062903e-05,-0.6517556987454646
2025-03-08 14:26:45.110,-3.387602381254431e-05,-0.5978515447265285
2025-03-08 14:26:45.129,-2.2476767300952732e-05,-0.5545621756837752
2025-03-08 14:26:45.149,-1.312500982795736e-05,-0.5265395411768102
2025-03-08 14:26:45.168,-8.132344286725981e-06,-0.5126325509480806
2025-03-08 14:26:45.188,-8.471641986386595e-06,-0.5048007589352475
2025-03-08 14:26:45.207,-1.327736649156987e-05,-0.4886915877701052
2025-03-08 14:26:45.227,-1.9900113370911152e-05,-0.4459737031152399
2025-03-08 14:26:45.247,-2.461877428770842e-05,-0.3580128628724588
2025-03-08 14:26:45.266,-2.3823782593331683e-05,-0.2100353824604901
2025-03-08 14:26:45.286,-1.5245725130043238e-05,0.0052928159464711
2025-03-08 14:26:45.305,1.2223747734052411e-06,0.2858292429077249
2025-03-08 14:26:45.325,2.3367395948400828e-05,0.6199765218312139
2025-03-08 14:26:45.344,4.715149423723872e-05,0.9886538463116072
2025-03-08 14:26:45.364,6.765930666006874e-05,1.368533074306448
2025-03-08 14:26:45.383,8.023195268944925e-05,1.735546775418952
2025-03-08 14:26:45.403,8.152568573077308e-05,2.067737122056412
2025-03-08 14:26:45.422,7.025703749952967e-05,2.3468805142297566
2025-03-08 14:26:45.442,4.746318877335458e-05,2.5588107312729917
2025-03-08 14:26:45.461,1.623519594349063e-05,2.692785059727297
2025-03-08 14:26:45.481,-1.896322007695229e-05,2.740487400056012
2025-03-08 14:26:45.500,-5.316232800810477e-05,2.6953172827852723
2025-03-08 14:26:45.520,-8.169114335118032e-05,2.552483166614715
2025-03-08 14:26:45.539,-0.0001007684490576,2.310117600457393
2025-03-08 14:26:45.559,-0.0001078723733431,1.9712103038662827
2025-03-08 14:26:45.579,-0.0001019671198542,1.545732918212934
2025-03-08 14:26:45.598,-8.364697253695412e-05,1.0520764849846018
2025-03-08 14:26:45.618,-5.517795026491997e-05,0.5169735875998408
2025-03-08 14:26:45.637,-2.03511686465503e-05,-0.0265560744618102
2025-03-08 14:26:45.657,1.5939965246535e-05,-0.5431321847171404
2025-03-08 14:26:45.676,4.841593108178064e-05,-1.0001272430043011
2025-03-08 14:26:45.696,7.233051537654727e-05,-1.372865977795697
2025-03-08 14:26:45.715,8.441172192576167e-05,-1.6486851265944242
2025-03-08 14:26:45.735,8.359822847965957e-05,-1.828836751131241
2025-03-08 14:26:45.754,7.136252452864349e-05,-1.9277070231723032
2025-03-08 14:26:45.774,5.1499583420350086e-05,-1.9694565459001143
2025-03-08 14:26:45.793,2.9401926797331932e-05,-1.9827953615637144
2025-03-08 14:26:45.813,1.0987226319763308e-05,-1.9950308688047471
2025-03-08 14:26:45.832,1.5417096842788549e-06,-2.026669292250654
2025-03-08 14:26:45.852,4.765908177297489e-06,-2.087681034642775
2025-03-08 14:26:45.872,2.2252751453136983e-05,-2.176109705912645
2025-03-08 14:26:45.891,5.349742896929169e-05,-2.279141957844348
2025-03-08 14:26:45.911,9.636284744502692e-05,-2.376217851709973
2025-03-08 14:26:45.930,0.0001477731750448,-2.4433779779043734
2025-03-08 14:26:45.950,0.000204365571843,-2.4578823834844705
2025-03-08 14:26:45.969,0.0002629206721596,-2.4022001401105517
2025-03-08 14:26:45.989,0.0003205398953031,-2.2667022703541733
2025-03-08 14:26:46.008,0.0003746377245022,-2.050710387263417
2025-03-08 14:26:46.028,0.0004228404591401,-1.7618838713450744
2025-03-08 14:26:46.047,0.0004628807911284,-1.4142227050541945
2025-03-08 14:26:46.067,0.0004925875454484,-1.0251911777942118
2025-03-08 14:26:46.086,0.000510056612719,-0.6126033950993255
2025-03-08 14:26:46.106,0.0005140021984599,-0.1919343084595819
2025-03-08 14:26:46.125,0.0005041549100862,0.2253805331562949
2025-03-08 14:26:46.145,0.0004814955995393,0.6323165707566347
2025-03-08 14:26:46.164,0.000448161578053,1.02528764288129
2025-03-08 14:26:46.184,0.0004070052344375,1.4021755193156376
2025-03-08 14:26:46.204,0.0003609357905399,1.7599996586169586
2025-03-08 14:26:46.223,0.0003122640356124,2.092978420719731
2025-03-08 14:26:46.243,0.0002622744134431,2.391617212692067
2025-03-08 14:26:46.262,0.0002111751864939,2.6431504218423614
2025-03-08 14:26:46.282,0.0001584456403831,2.833266743377054
2025-03-08 14:26:46.301,0.0001034404068274,2.948687747814788
2025-03-08 14:26:46.321,4.59770513423366e-05,2.9799452485692486
2025-03-08 14:26:46.340,-1.3394389775585024e-05,2.9236575493944126
2025-03-08 14:26:46.360,-7.359557216337965e-05,2.7837334396745126
2025-03-08 14:26:46.379,-0.0001335790099586,2.5712016967254323
2025-03-08 14:26:46.399,-0.0001928935419169,2.302712673480293
2025-03-08 14:26:46.418,-0.0002518869825331,1.9980932368072764
2025-03-08 14:26:46.438,-0.0003113852106453,1.6775417691043455
2025-03-08 14:26:46.457,-0.0003720038620483,1.3590474349532706
2025-03-08 14:26:46.477,-0.0004335004371669,1.0564308342994664
2025-03-08 14:26:46.497,-0.0004946108250309,0.7781530625285781
2025-03-08 14:26:46.516,-0.0005535870348685,0.5268597189717972
2025-03-08 14:26:46.536,-0.0006092667784133,0.2995730869452526
2025-03-08 14:26:46.555,-0.0006621720765625,0.0884874098685157
2025-03-08 14:26:46.575,-0.0007150426473373,-0.1176229558583403
2025-03-08 14:26:46.594,-0.0007724048094482,-0.3313871300101402
2025-03-08 14:26:46.614,-0.0008391475508612,-0.5643415278212806
2025-03-08 14:26:46.633,-0.0009184609709107,-0.8242838413764069
2025-03-08 14:26:46.653,-0.0010097582963813,-1.112984045769836
2025-03-08 14:26:46.672,-0.0011072737436195,-1.4247904124371091
2025-03-08 14:26:46.692,-0.0011998909800097,-1.7464986016125084
2025-03-08 14:26:46.711,-0.0012724595904921,-2.0585457836136687
2025-03-08 14:26:46.731,-0.001308476015511,-2.3372927142281528
2025-03-08 14:26:46.750,-0.0012936187990843,-2.557980140597764
2025-03-08 14:26:46.770,-0.0012193185326773,-2.69791187377522
2025-03-08 14:26:46.790,-0.00108540162737,-2.739468445142601
2025-03-08 14:26:46.809,-0.0009009582651483,-2.6726182446011597
2025-03-08 14:26:46.829,-0.0006829883155824,-2.4966284526349214
2025-03-08 14:26:46.848,-0.0004530113452657,-2.2207079187560264
2025-03-08 14:26:46.868,-0.0002324850946234,-1.863397034369026
2025-03-08 14:26:46.887,-3.827997793244752e-05,-1.4506843185304448
2025-03-08 14:26:46.907,0.0001205825796817,-1.0130360321399845
2025-03-08 14:26:46.926,0.0002441567318277,-0.5817022733313096
2025-03-08 14:26:46.946,0.0003405980977218,-0.1847729423567959
2025-03-08 14:26:46.965,0.0004233718360081,0.1564874155898865
2025-03-08 14:26:46.985,0.0005073961033572,0.4304730909206525
2025-03-08 14:26:47.004,0.0006050325989037,0.6367078845800789
2025-03-08 14:26:47.024,0.0007227993955608,0.7855387621219659
2025-03-08 14:26:47.043,0.0008594862382522,0.8958907710416055
2025-03-08 14:26:47.063,0.0010060366459942,0.991293839066566
2025-03-08 14:26:47.082,0.0011471806020713,1.0948035709979709
2025-03-08 14:26:47.102,0.0012644389576862,1.223771158642253
2025-03-08 14:26:47.122,0.0013398540986297,1.3855602901314594
2025-03-08 14:26:47.141,0.0013596801946742,1.5751964113246144
2025-03-08 14:26:47.161,0.0013173060810603,1.7755709970382088
2025-03-08 14:26:47.180,0.0012148578079036,1.9602820258010945
2025-03-08 14:26:47.200,0.0010631748500113,2.0985859011845225
2025-03-08 14:26:47.219,0.0008801230251959,2.1614027175559314
2025-03-08 14:26:47.239,0.0006874923374557,2.127004657804888
2025-03-08 14:26:47.258,0.0005070362765792,1.985056377910008
2025-03-08 14:26:47.278,0.0003564863749805,1.738110091608006
2025-03-08 14:26:47.297,0.0002464853056969,1.400380505557535
2025-03-08 14:26:47.317,0.000179199504523,0.9943918327145296
2025-03-08 14:26:47.336,0.0001489152807515,0.5466241458260829
2025-03-08 14:26:47.356,0.0001443560329417,0.0834132777094499
2025-03-08 14:26:47.375,0.0001519874514115,-0.3719237613152961
2025-03-08 14:26:47.395,0.000159360192413,-0.8003064381732591
2025-03-08 14:26:47.415,0.0001576443565877,-1.1866055291857551
2025-03-08 14:26:47.434,0.0001428675450736,-1.518454873824238
2025-03-08 14:26:47.454,0.0001157912215757,-1.7849567097050911
2025-03-08 14:26:47.473,8.069038530318727e-05,-1.9759978432713543
2025-03-08 14:26:47.493,4.3502808126756734e-05,-2.0825839742536645
2025-03-08 14:26:47.512,9.896076312485051e-06,-2.0981708122520653
2025-03-08 14:26:47.532,-1.625133791309907e-05,-2.0205743429513574
2025-03-08 14:26:47.551,-3.363651651283066e-05,-1.853809517180552
2025-03-08 14:26:47.571,-4.350420187606504e-05,-1.6091896960205694
2025-03-08 14:26:47.590,-4.8938733027141615e-05,-1.3051889069904048
2025-03-08 14:26:47.610,-5.375679185164601e-05,-0.9658579934482788
2025-03-08 14:26:47.629,-6.134093477980499e-05,-0.6179280944873403
2025-03-08 14:26:47.649,-7.372390239349604e-05,-0.2870683337085127
2025-03-08 14:26:47.668,-9.112793694712558e-05,0.0059801232037699
2025-03-08 14:26:47.688,-0.0001120169092545,0.2485619317082481
2025-03-08 14:26:47.708,-0.0001335884943589,0.4378028933173692
2025-03-08 14:26:47.727,-0.0001525569487525,0.5803512387336065
2025-03-08 14:26:47.747,-0.000166035854042,0.6900827649131337
2025-03-08 14:26:47.766,-0.0001722996200813,0.7841730657515145
2025-03-08 14:26:47.786,-0.0001712207652845,0.8783941874131826
2025-03-08 14:26:47.805,-0.0001642900283215,0.9827756909455952
2025-03-08 14:26:47.825,-0.0001542729526812,1.098754419460255
2025-03-08 14:26:47.844,-0.0001446350480939,1.2185820280427628
2025-03-08 14:26:47.864,-0.0001388586345462,1.3271489829147043
2025-03-08 14:26:47.883,-0.0001397480036994,1.40570475323367
2025-03-08 14:26:47.903,-0.000148821831107,1.4364244072855488
2025-03-08 14:26:47.922,-0.0001659002695394,1.4065586820333889
2025-03-08 14:26:47.942,-0.000188978532993,1.3110658031636424
2025-03-08 14:26:47.961,-0.0002144480646895,1.1531007325438458
2025-03-08 14:26:47.981,-0.0002376925705925,0.9423878583756378
2025-03-08 14:26:48.000,-0.0002540196594673,0.692136584898837
2025-03-08 14:26:48.020,-0.0002597674539604,0.4155800480398355
2025-03-08 14:26:48.040,-0.0002533073761977,0.1232809432969834
2025-03-08 14:26:48.059,-0.0002356380428342,-0.1779719376408807
2025-03-08 14:26:48.079,-0.0002103473870903,-0.4844374018019548
2025-03-08 14:26:48.098,-0.0001828669740557,-0.7932545702087235
2025-03-08 14:26:48.118,-0.0001591286407866,-1.099678615880372
2025-03-08 14:26:48.137,-0.0001439438537072,-1.394727103287858
2025-03-08 14:26:48.157,-0.0001395883685355,-1.664113176445084
2025-03-08 14:26:48.176,-0.0001450794102419,-1.888984640291157
2025-03-08 14:26:48.196,-0.0001564337381196,-2.048498933217112
2025-03-08 14:26:48.215,-0.0001678590235853,-2.1237485312238187
2025-03-08 14:26:48.235,-0.0001734996455748,-2.1021298708069183
2025-03-08 14:26:48.254,-0.0001691768412862,-1.9810391237390403
2025-03-08 14:26:48.274,-0.0001536003755227,-1.7698528138795466
2025-03-08 14:26:48.293,-0.0001287366959492,-1.4895076235898217
2025-03-08 14:26:48.313,-9.928584439859711e-05,-1.1695566786843352
2025-03-08 14:26:48.333,-7.145411888587564e-05,-0.8432203849268817
2025-03-08 14:26:48.352,-5.136623624594195e-05,-0.5415035922156425
2025-03-08 14:26:48.372,-4.352384916447414e-05,-0.2877456173896979
2025-03-08 14:26:48.391,-4.968420683026304e-05,-0.0938850082166931
2025-03-08 14:26:48.411,-6.841168558699216e-05,0.0407423513427231
2025-03-08 14:26:48.430,-9.53746234869794e-05,0.1279450713372555
2025-03-08 14:26:48.450,-0.0001242754610475,0.187108786090563
2025-03-08 14:26:48.469,-0.0001481690716967,0.2405154090357856
2025-03-08 14:26:48.489,-0.0001608644364547,0.3086617881121304
2025-03-08 14:26:48.508,-0.0001581163554825,0.4065140925685799
2025-03-08 14:26:48.528,-0.0001383911946272,0.5412755829317917
2025-03-08 14:26:48.547,-0.0001031101150324,0.7118289955027435
2025-03-08 14:26:48.567,-5.638803304724917e-05,0.9096478097880129
2025-03-08 14:26:48.586,-4.361127366669632e-06,1.1207303767139227
2025-03-08 14:26:48.606,4.577190065350116e-05,1.3280301920741562
2025-03-08 14:26:48.625,8.686088566140673e-05,1.513911425719429
2025-03-08 14:26:48.645,0.0001129294376342,1.662288271126903
2025-03-08 14:26:48.665,0.0001201670336398,1.7602521017157415
2025-03-08 14:26:48.684,0.0001076304395547,1.7991280093896536
2025-03-08 14:26:48.704,7.750231019857167e-05,1.7750221341673662
2025-03-08 14:26:48.723,3.479948707870544e-05,1.6889963903834218
2025-03-08 14:26:48.743,-1.3473210330524529e-05,1.5470031694091444
2025-03-08 14:26:48.762,-5.957446362563948e-05,1.3596223895264783
2025-03-08 14:26:48.782,-9.63900787272143e-05,1.1415089743436642
2025-03-08 14:26:48.801,-0.0001185704258698,0.9103680971245044
2025-03-08 14:26:48.821,-0.0001231978222653,0.6853209045582059
2025-03-08 14:26:48.840,-0.0001099198069814,0.4847243818744991
2025-03-08 14:26:48.860,-8.064952774209688e-05,0.3237672922249434
2025-03-08 14:26:48.879,-3.901950562950268e-05,0.2123259774109873
2025-03-08 14:26:48.899,1.0227933410999305e-05,0.1535403005231428
2025-03-08 14:26:48.918,6.179382957300626e-05,0.1433934112003442
2025-03-08 14:26:48.938,0.0001102847722995,0.1713534099287008
2025-03-08 14:26:48.958,0.0001506191952015,0.2219486136986403
2025-03-08 14:26:48.977,0.0001784410765412,0.2770285489529228
2025-03-08 14:26:48.997,0.0001905818379047,0.318394254469643
2025-03-08 14:26:49.016,0.0001855475607175,0.3304449733965761
2025-03-08 14:26:49.036,0.0001639297181787,0.302481316478029
2025-03-08 14:26:49.055,0.0001285796296032,0.2303354343256087
2025-03-08 14:26:49.075,8.438721487027923e-05,0.1170706618346222
2025-03-08 14:26:49.094,3.75888698091335e-05,-0.0274013473266944
2025-03-08 14:26:49.114,-5.31203536306002e-06,-0.1878089250185322
2025-03-08 14:26:49.133,-3.8761601786177385e-05,-0.3459798121279778
2025-03-08 14:26:49.153,-5.918174361908312e-05,-0.4839424717346191
2025-03-08 14:26:49.172,-6.554368498184766e-05,-0.5871362432496615
2025-03-08 14:26:49.192,-5.938426862861352e-05,-0.6470736877823627
2025-03-08 14:26:49.211,-4.4316878247853965e-05,-0.6628561803630157
2025-03-08 14:26:49.231,-2.5178786415076663e-05,-0.6412080862128288
2025-03-08 14:26:49.251,-6.983571734220488e-06,-0.5950758221524395
2025-03-08 14:26:49.270,6.139049169552876e-06,-0.5411822039748253
2025-03-08 14:26:49.290,1.1798755795678444e-05,-0.4971117858965242
2025-03-08 14:26:49.309,9.76405896685913e-06,-0.4785008301402115
2025-03-08 14:26:49.329,1.804098833098638e-06,-0.4967723731052099
2025-03-08 14:26:49.348,-8.982416873142622e-06,-0.5576766021434915
2025-03-08 14:26:49.368,-1.9071437711516657e-05,-0.6607289955048177
2025-03-08 14:26:49.387,-2.5294689448911555e-05,-0.799506016647791
2025-03-08 14:26:49.407,-2.526267416124998e-05,-0.9626630412762032
2025-03-08 14:26:49.426,-1.742978025136432e-05,-1.1354816153459288
2025-03-08 14:26:49.446,-9.871250333147618e-07,-1.301733065301913
2025-03-08 14:26:49.465,2.4206948938939e-05,-1.445651817312762
2025-03-08 14:26:49.485,5.7560373152804206e-05,-1.5538184320207031
2025-03-08 14:26:49.504,9.758171873646334e-05,-1.6167384765384605
2025-03-08 14:26:49.524,0.0001417300982299,-1.629880180844632
2025-03-08 14:26:49.543,0.00018640899776,-1.5939462749967293
2025-03-08 14:26:49.563,0.0002272037813607,-1.5142525342706847
2025-03-08 14:26:49.583,0.0002594038897861,-1.3992791986755408
2025-03-08 14:26:49.602,0.0002787693509229,-1.258700184976933
2025-03-08 14:26:49.622,0.0002824113888908,-1.1013781952853068
2025-03-08 14:26:49.641,0.0002695816835683,-0.9338458947506072
2025-03-08 14:26:49.661,0.0002421323579743,-0.7596427716940556
2025-03-08 14:26:49.680,0.0002044461890701,-0.5795972287478033
2025-03-08 14:26:49.700,0.0001627592510102,-0.3928445208579509
2025-03-08 14:26:49.719,0.0001239885837935,-0.1981694061998288
2025-03-08 14:26:49.739,9.436393485352226e-05,0.0047704527904913
2025-03-08 14:26:49.758,7.824405718412417e-05,0.2146494305878603
2025-03-08 14:26:49.778,7.742381968163976e-05,0.4281875894501246
2025-03-08 14:26:49.797,9.105716013853868e-05,0.6402483620635055
2025-03-08 14:26:49.817,0.0001161321387934,0.8441186771116801
2025-03-08 14:26:49.836,0.0001483086356908,1.0318452760989612
2025-03-08 14:26:49.856,0.0001828840822045,1.194650376318974
2025-03-08 14:26:49.876,0.0002156734801918,1.3235550787821546
2025-03-08 14:26:49.895,0.0002436514751642,1.4103322439315102
2025-03-08 14:26:49.915,0.0002652806384652,1.4487999742171254
2025-03-08 14:26:49.934,0.0002805208847771,1.436293854470304
2025-03-08 14:26:49.954,0.0002905678559795,1.3749659822095828
2025-03-08 14:26:49.973,0.0002973993456497,1.2724187636143218
2025-03-08 14:26:49.993,0.0003032211230696,1.1411920129039763
2025-03-08 14:26:50.012,0.0003099028771792,0.996864356653811
2025-03-08 14:26:50.032,0.0003184875102381,0.8549756128334677
2025-03-08 14:26:50.051,0.0003288462866423,0.7274533873948356
2025-03-08 14:26:50.071,0.0003395385027224,0.619507304438847
2025-03-08 14:26:50.090,0.0003479146016508,0.5279085968534136
2025-03-08 14:26:50.110,0.0003504723194475,0.4412431762337248
2025-03-08 14:26:50.129,0.0003434346868833,0.3422570005340712
2025-03-08 14:26:50.149,0.0003234692476548,0.2119344861292147
2025-03-08 14:26:50.169,0.0002884185978311,0.0345416285968984
2025-03-08 14:26:50.188,0.0002378782416995,-0.197416482990667
2025-03-08 14:26:50.208,0.0001734573559272,-0.4794683507387103
2025-03-08 14:26:50.227,9.860902382427218e-05,-0.7936874564970579
2025-03-08 14:26:50.247,1.8026921430184608e-05,-1.1100799379377455
2025-03-08 14:26:50.266,-6.32454117738585e-05,-1.3909125360709915
2025-03-08 14:26:50.286,-0.0001407273655877,-1.5973476557710575
2025-03-08 14:26:50.305,-0.0002111698184922,-1.6970851038747763
2025-03-08 14:26:50.325,-0.000272848493258,-1.6712850105023074
2025-03-08 14:26:50.344,-0.0003255220235167,-1.5190503763424656
2025-03-08 14:26:50.364,-0.0003701753439281,-1.258246517289993
2025-03-08 14:26:50.383,-0.0004086431063962,-0.922327319107452
2025-03-08 14:26:50.403,-0.0004431603635049,-0.5538723005987753
2025-03-08 14:26:50.422,-0.0004758856695632,-0.196389647443143
2025-03-08 14:26:50.442,-0.0005084776909981,0.1136609623432969
2025-03-08 14:26:50.461,-0.0005418327735193,0.3528296549524688
2025-03-08 14:26:50.481,-0.0005760580304274,0.5134499004215971
2025-03-08 14:26:50.501,-0.0006106502659896,0.6029217193479848
2025-03-08 14:26:50.520,-0.0006447411406496,0.6400612562280898
2025-03-08 14:26:50.540,-0.0006772559692438,0.6497046021945866
2025-03-08 14:26:50.559,-0.0007069430336537,0.6570110546644734
2025-03-08 14:26:50.579,-0.0007323668242674,0.6827515434572682
2025-03-08 14:26:50.598,-0.0007519997475097,0.7403777249947052
2025-03-08 14:26:50.618,-0.0007644708731343,0.8350420294126577
2025-03-08 14:26:50.637,-0.0007689211033985,0.9642064017884152
2025-03-08 14:26:50.657,-0.0007653449731176,1.1192022199895588
2025-03-08 14:26:50.676,-0.0007547753043391,1.2871258078721963
2025-03-08 14:26:50.696,-0.0007391861816909,1.4526835057860403
2025-03-08 14:26:50.715,-0.000721071161596,1.599872860987647
2025-03-08 14:26:50.735,-0.0007027783122971,1.7135514185398095
2025-03-08 14:26:50.754,-0.0006857797968582,1.780937321660777
2025-03-08 14:26:50.774,-0.0006700745483964,1.7929494260020669
2025-03-08 14:26:50.794,-0.00065389162147,1.7451485273716754
2025-03-08 14:26:50.813,-0.0006338111924133,1.6380132933546594
2025-03-08 14:26:50.833,-0.0006053373857821,1.4764320718621144
2025-03-08 14:26:50.852,-0.0005638352732927,1.2685594125548627
2025-03-08 14:26:50.872,-0.0005056323259406,1.0244320229861017
2025-03-08 14:26:50.891,-0.0004290347373716,0.7548211017869829
2025-03-08 14:26:50.911,-0.0003350208061544,0.4706638445874857
2025-03-08 14:26:50.930,-0.0002274278745642,0.1831307689039701
2025-03-08 14:26:50.950,-0.0001125477820436,-0.0959176496184949
2025-03-08 14:26:50.969,1.8183596910332736e-06,-0.3535206623341245
2025-03-08 14:26:50.989,0.000107660372166,-0.5756914529165984
2025-03-08 14:26:51.008,0.0001981364577719,-0.7482358361330705
2025-03-08 14:26:51.028,0.0002687224610886,-0.8582876902701352
2025-03-08 14:26:51.047,0.0003178720586309,-0.8962396737972044
2025-03-08 14:26:51.067,0.0003470452029302,-0.8575524455539977
2025-03-08 14:26:51.087,0.0003601351143342,-0.7439080131143345
2025-03-08 14:26:51.106,0.0003624924211815,-0.5633515954039504
2025-03-08 14:26:51.126,0.000359829990289,-0.3293671303436623
2025-03-08 14:26:51.145,0.0003572659866672,-0.0591111750429337
2025-03-08 14:26:51.165,0.0003586761286696,0.2288277912504581
2025-03-08 14:26:51.184,0.0003664350287478,0.5167758866563373
2025-03-08 14:26:51.204,0.0003815327455981,0.7901057269776591
2025-03-08 14:26:51.223,0.0004039501859504,1.0388524990255767
2025-03-08 14:26:51.243,0.0004331039555081,1.2585085402541365
2025-03-08 14:26:51.262,0.0004681712611452,1.4497333265767085
2025-03-08 14:26:51.282,0.0005081811526126,1.6168738040357225
2025-03-08 14:26:51.301,0.0005518832640167,1.7654741112120846
2025-03-08 14:26:51.321,0.0005975295352661,1.899293333351726
2025-03-08 14:26:51.340,0.0006427543778396,2.017608877867037
2025-03-08 14:26:51.360,0.0006846743246058,2.1136205591708275
2025-03-08 14:26:51.379,0.0007201995937485,2.1745240354688886
2025-03-08 14:26:51.399,0.0007464567766903,2.183355722873462
2025-03-08 14:26:51.419,0.000761219525835,2.122187682696458
2025-03-08 14:26:51.438,0.0007632995191515,1.9758532611430224
2025-03-08 14:26:51.458,0.0007528830386888,1.7352425439482544
2025-03-08 14:26:51.477,0.00073177266355,1.399358672768427
2025-03-08 14:26:51.497,0.0007034509376201,0.9757066870116607
2025-03-08 14:26:51.516,0.0006728744950817,0.4790500902257071
2025-03-08 14:26:51.536,0.0006459322191768,-0.0710473652475987
2025-03-08 14:26:51.555,0.0006285495637221,-0.653281525761437
2025-03-08 14:26:51.575,0.0006255181912434,-1.2476524854135589
2025-03-08 14:26:51.594,0.0006392794281165,-1.8379917032427364
2025-03-08 14:26:51.614,0.0006690148853494,-2.413611553333853
2025-03-08 14:26:51.633,0.0007103953660866,-2.969839699012061
2025-03-08 14:26:51.653,0.0007561836735926,-3.5073183670388075
2025-03-08 14:26:51.672,0.0007976407006598,-4.030113854665533
2025-03-08 14:26:51.692,0.0008264265686374,-4.542927421314535
2025-03-08 14:26:51.712,0.0008364861394269,-5.047980369853836
2025-03-08 14:26:51.731,0.0008253487711839,-5.542334031260513
2025-03-08 14:26:51.751,0.0007944352196212,-6.016364179045679
2025-03-08 14:26:51.770,0.0007483162505494,-6.453808487898441
2025-03-08 14:26:51.790,0.000693243380007,-6.8333560850172015
2025-03-08 14:26:51.809,0.0006354949941604,-7.131335082054637
2025-03-08 14:26:51.829,0.0005800755114125,-7.324832877547152
2025-03-08 14:26:51.848,0.0005301104549505,-7.394614715761677
2025-03-08 14:26:51.868,0.0004869883258161,-7.327434154598561
2025-03-08 14:26:51.887,0.0004510062805523,-7.11760877018404
2025-03-08 14:26:51.907,0.0004220881496095,-6.767902933805994
2025-03-08 14:26:51.926,0.0004001641131534,-6.289744996944653
2025-03-08 14:26:51.946,0.0003850343254123,-5.702682995373783
2025-03-08 14:26:51.965,0.0003758419461532,-5.032912782529041
2025-03-08 14:26:51.985,0.0003704790400185,-4.310816754921559
2025-03-08 14:26:52.004,0.0003652703530884,-3.5677192296457245
2025-03-08 14:26:52.024,0.0003551663465347,-2.8323640811428623
2025-03-08 14:26:52.044,0.0003344945468405,-2.127793732604357
2025-03-08 14:26:52.063,0.0002981131903669,-1.4692709410181335
2025-03-08 14:26:52.083,0.0002426390926294,-0.8636547751769288
2025-03-08 14:26:52.102,0.0001673597978222,-0.310305863613296
2025-03-08 14:26:52.122,7.453306633989877e-05,0.1967470512645324
2025-03-08 14:26:52.141,-3.1015341737129175e-05,0.6659153562416287
2025-03-08 14:26:52.161,-0.0001428697098125,1.1051102350266568
2025-03-08 14:26:52.180,-0.0002543233046613,1.5194256424416437
2025-03-08 14:26:52.200,-0.0003597048719105,1.9099773095449517
2025-03-08 14:26:52.219,-0.0004554379567126,2.274173164930541
2025-03-08 14:26:52.239,-0.0005405668551121,2.607335300690055
2025-03-08 14:26:52.258,-0.0006165997073317,2.905204780557243
2025-03-08 14:26:52.278,-0.0006867342662401,3.1665663717083383
2025-03-08 14:26:52.297,-0.0007547414563683,3.395165561666344
2025-03-08 14:26:52.317,-0.0008238640481042,3.600307079389224
2025-03-08 14:26:52.337,-0.0008960252162886,3.7959511883016224
2025-03-08 14:26:52.356,-0.0009715136752422,3.998595619334863
2025-03-08 14:26:52.376,-0.0010491863226442,4.22456081833106
2025-03-08 14:26:52.395,-0.0011271069812748,4.487365683800816
2025-03-08 14:26:52.415,-0.0012034145440732,4.795703440682929
2025-03-08 14:26:52.434,-0.0012771277374743,5.152237406259324
2025-03-08 14:26:52.454,-0.0013485979808218,5.553197352867962
2025-03-08 14:26:52.473,-0.001419427812343,5.988653013246854
2025-03-08 14:26:52.493,-0.0014918597713038,6.443341459759611
2025-03-08 14:26:52.512,-0.0015678565462573,6.897941175367623
2025-03-08 14:26:52.532,-0.0016482376102166,7.330662139724382
2025-03-08 14:26:52.551,-0.0017322155969317,7.71898374309509
2025-03-08 14:26:52.571,-0.0018174868399332,8.04139382223396
2025-03-08 14:26:52.590,-0.0019007807902912,8.279092343879835
2025-03-08 14:26:52.610,-0.0019785957153728,8.417743630622034
2025-03-08 14:26:52.630,-0.0020478222956651,8.449346289016939
2025-03-08 14:26:52.649,-0.0021060767527215,8.374064881491035
2025-03-08 14:26:52.669,-0.0021517463327405,8.201537420289755
2025-03-08 14:26:52.688,-0.0021838754306964,7.950986178997604
2025-03-08 14:26:52.708,-0.0022020298306027,7.649621815657703
2025-03-08 14:26:52.727,-0.0022062128978101,7.32932526088398
2025-03-08 14:26:52.747,-0.0021968538270117,7.022173802172996
2025-03-08 14:26:52.766,-0.002174865699213,6.755753735833899
2025-03-08 14:26:52.786,-0.0021417354106196,6.549223216904255
2025-03-08 14:26:52.805,-0.0020995390166951,6.4108084227532025
2025-03-08 14:26:52.825,-0.0020507353755612,6.337004204881009
2025-03-08 14:26:52.844,-0.0019976548339577,6.313370827200207
2025-03-08 14:26:52.864,-0.0019417613617265,6.316559290173055
2025-03-08 14:26:52.883,-0.0018829328392646,6.317078745041324
2025-03-08 14:26:52.903,-0.0018190815263873,6.282327218673961
2025-03-08 14:26:52.922,-0.0017463844062244,6.1795105931681125
2025-03-08 14:26:52.942,-0.0016602108101003,5.9782257277391615
2025-03-08 14:26:52.962,-0.0015565657318789,5.6526222446106935
2025-03-08 14:26:52.981,-0.0014336187266485,5.183134484504085
2025-03-08 14:26:53.001,-0.0012927902542312,4.557776227945656
2025-03-08 14:26:53.020,-0.0011389853256523,3.7729473097116943
2025-03-08 14:26:53.040,-0.0009798510596296,2.833668142601222
2025-03-08 14:26:53.059,-0.0008242561786581,1.753172908427221
2025-03-08 14:26:53.079,-0.0006804046013572,0.551853262444638
2025-03-08 14:26:53.098,-0.0005540322050779,-0.7443769880114378
2025-03-08 14:26:53.118,-0.0004470296565584,-2.10615980791933
2025-03-08 14:26:53.137,-0.0003566904365343,-3.503036620043162
2025-03-08 14:26:53.157,-0.0002757003379486,-4.905862565564455
2025-03-08 14:26:53.176,-0.0001929806915958,-6.289093607430152
2025-03-08 14:26:53.196,-9.549243720229902e-05,-7.632755021120932
2025-03-08 14:26:53.215,2.901409270617104e-05,-8.92389984408019
2025-03-08 14:26:53.235,0.0001886008513801,-10.157348554972636
2025-03-08 14:26:53.255,0.0003837445010416,-11.335485302693307
2025-03-08 14:26:53.274,0.0006048450210335,-12.466920067947164
2025-03-08 14:26:53.294,0.0008315742170448,-13.563956127685191
2025-03-08 14:26:53.313,0.001034766748483,-14.639035836651727
2025-03-08 14:26:53.333,0.0011811182092788,-15.700630551907684
2025-03-08 14:26:53.352,0.0012403777746415,-16.74930634215777
2025-03-08 14:26:53.372,0.0011940646749242,-17.774838047422435
2025-03-08 14:26:53.391,0.0010440998527752,-18.755190881542934
2025-03-08 14:26:53.411,0.0008193051276898,-19.6579293031819
2025-03-08 14:26:53.430,0.0005776835745617,-20.4441838008982
2025-03-08 14:26:53.450,0.0004028982543199,-21.07475265103667
2025-03-08 14:26:53.469,0.0003944153087628,-21.517280761878155
2025-03-08 14:26:53.489,0.0006521882689833,-21.75283699353109
2025-03-08 14:26:53.508,0.0012582196800109,-21.7798140314939
2025-03-08 14:26:53.528,0.0022585205518499,-21.613195808867975
2025-03-08 14:26:53.548,0.0036495998501073,-21.278109827102657
2025-03-08 14:26:53.567,0.0053733316714009,-20.79817833812413
2025-03-08 14:26:53.587,0.0073225582154572,-20.181105632907546
2025-03-08 14:26:53.606,0.0093570846811099,-19.40551904158013
2025-03-08 14:26:53.626,0.011326507401532,-18.413646357216283
2025-03-08 14:26:53.645,0.013093985171084,-17.113556303188243
2025-03-08 14:26:53.665,0.0145548847614857,-15.392433428661684
2025-03-08 14:26:53.684,0.015646318727934,-13.13922092999792
2025-03-08 14:26:53.704,0.0163468063205518,-10.2719032568155
2025-03-08 14:26:53.723,0.0166681555069667,-6.762843068645745
2025-03-08 14:26:53.743,0.0166432920760085,-2.655744237086072
2025-03-08 14:26:53.762,0.0163140186663354,1.9299786268536727
2025-03-08 14:26:53.782,0.0157218781697419,6.808216888530686
2025-03-08 14:26:53.801,0.0149038257987518,11.74604692517712
2025-03-08 14:26:53.821,0.0138926692092773,16.489907147849475
2025-03-08 14:26:53.840,0.0127206442636201,20.79319426178577
2025-03-08 14:26:53.860,0.0114235355705318,24.44142092994811
2025-03-08 14:26:53.880,0.0100427824585644,27.272557933122712
2025-03-08 14:26:53.899,0.0086240132684631,29.191324601156293
2025-03-08 14:26:53.919,0.0072119600868576,30.176667089395693
2025-03-08 14:26:53.938,0.0058430680754154,30.281688619180823
2025-03-08 14:26:53.958,0.0045378923263056,29.62538734731144
2025-03-08 14:26:53.977,0.0032955353606805,28.376172409533584
2025-03-08 14:26:53.997,0.0020920846403533,26.72837506885315
2025-03-08 14:26:54.016,0.0008843451139653,24.87456216915447
2025-03-08 14:26:54.036,-0.0003808948084263,22.9778812924218
2025-03-08 14:26:54.055,-0.0017532211650882,21.14941332020008
2025-03-08 14:26:54.075,-0.0032632141622908,19.435231774124475
2025-03-08 14:26:54.094,-0.0049091166675284,17.816461117617777
2025-03-08 14:26:54.114,-0.0066497216198281,16.223250396914963
2025-03-08 14:26:54.133,-0.0084069778196929,14.560651791602092
2025-03-08 14:26:54.153,-0.010080059093809,12.741518877636118
2025-03-08 14:26:54.173,-0.0115700358938882,10.719401589310229
2025-03-08 14:26:54.192,-0.0128112692128465,8.513652184457808
2025-03-08 14:26:54.212,-0.0138028387051063,6.219986596301255
2025-03-08 14:26:54.231,-0.0146314937151078,4.002570738813663
2025-03-08 14:26:54.251,-0.015477530437935,2.0678024474643424
2025-03-08 14:26:54.270,-0.0165971406698784,0.6243794116842541
2025-03-08 14:26:54.290,-0.0182791839887523,-0.1621548862040736
2025-03-08 14:26:54.309,-0.0207804538822897,-0.2103944044241053
2025-03-08 14:26:54.329,-0.0242501444601625,0.4498753466174682
2025-03-08 14:26:54.348,-0.0286596831439231,1.6712111032665913
2025-03-08 14:26:54.368,-0.0337565449001876,3.204874422252889
2025-03-08 14:26:54.387,-0.0390586550349267,4.737280386038921
2025-03-08 14:26:54.407,-0.043899084698846,5.93945106557939
2025-03-08 14:26:54.426,-0.0475199740599304,6.519758436195766
2025-03-08 14:26:54.446,-0.0492022163640909,6.269908685452878
2025-03-08 14:26:54.465,-0.0484061346466113,5.096035514230722
2025-03-08 14:26:54.485,-0.0448912012886843,3.030276211340236
2025-03-08 14:26:54.505,-0.0387830913274173,0.2222843017094868
2025-03-08 14:26:54.524,-0.0305664096871786,-3.0862471699167298
2025-03-08 14:26:54.544,-0.0210004449900357,-6.59854573828024
2025-03-08 14:26:54.563,-0.0109777295661307,-10.004693197837202
2025-03-08 14:26:54.583,-0.001362219758667,-13.022236924105153
2025-03-08 14:26:54.602,0.0071517851463253,-15.430181480520684
2025-03-08 14:26:54.622,0.0141283925301992,-17.092456825546392
2025-03-08 14:26:54.641,0.019412940070777,-17.968545456630785
2025-03-08 14:26:54.661,0.0230941861872517,-18.110669266147557
2025-03-08 14:26:54.680,0.0254252005293364,-17.648711588339733
2025-03-08 14:26:54.700,0.0267287937310385,-16.765679450781644
2025-03-08 14:26:54.719,0.0273121592496327,-15.667717686566478
2025-03-08 14:26:54.739,0.0274084010345886,-14.553259063121947
2025-03-08 14:26:54.758,0.0271528758082792,-13.58577412929391
2025-03-08 14:26:54.778,0.0265928031933658,-12.873841349409794
2025-03-08 14:26:54.798,0.0257212429990572,-12.461031789548624
2025-03-08 14:26:54.817,0.0245220692969811,-12.326570216664525
2025-03-08 14:26:54.837,0.0230113420390129,-12.396097287001217
2025-03-08 14:26:54.856,0.0212626365512292,-12.560326808475033
2025-03-08 14:26:54.876,0.0194090414204628,-12.698178432669842
2025-03-08 14:26:54.895,0.0176215057590325,-12.70026238002311
2025-03-08 14:26:54.915,0.0160702373478428,-12.488537602030949
2025-03-08 14:26:54.934,0.0148809946085613,-12.028612168762963
2025-03-08 14:26:54.954,0.0140998119969381,-11.332470484967187
2025-03-08 14:26:54.973,0.0136772421972936,-10.451261921453844
2025-03-08 14:26:54.993,0.0134771851104614,-9.459886689671048
2025-03-08 14:26:55.012,0.0133078654376995,-8.437013637501238
2025-03-08 14:26:55.032,0.0129663306190632,-7.4453317342121075
2025-03-08 14:26:55.051,0.0122849793928044,-6.516861955604496
2025-03-08 14:26:55.071,0.0111692624450312,-5.646924704464103
2025-03-08 14:26:55.091,0.0096186437458301,-4.798124161307317
2025-03-08 14:26:55.110,0.007726916536059,-3.913055610138312
2025-03-08 14:26:55.130,0.0056623124024843,-2.9321211004723944
2025-03-08 14:26:55.149,0.0036320653493143,-1.8115428808128056
2025-03-08 14:26:55.169,0.0018395007176146,-0.5367630684229328
2025-03-08 14:26:55.188,0.0004433461112379,0.8721693306480611
2025-03-08 14:26:55.208,-0.0004718830471554,2.364364710846392
2025-03-08 14:26:55.227,-0.0009087080191542,3.869709711002119
2025-03-08 14:26:55.247,-0.000951367846995,5.315058143016582
2025-03-08 14:26:55.266,-0.0007451964348839,6.640714450856105
2025-03-08 14:26:55.286,-0.0004664661912571,7.813117118929854
2025-03-08 14:26:55.305,-0.00028962372677,8.830895794699481
2025-03-08 14:26:55.325,-0.0003582263380176,9.723391242959872
2025-03-08 14:26:55.344,-0.0007639366016753,10.542694525120623
2025-03-08 14:26:55.364,-0.0015355182870747,11.351718941643467
2025-03-08 14:26:55.383,-0.0026379094877525,12.211413945771856
2025-03-08 14:26:55.403,-0.0039805248683056,13.169901289973192
2025-03-08 14:26:55.423,-0.005433370550115,14.255262260183674
2025-03-08 14:26:55.442,-0.0068485328968525,15.472320455128532
2025-03-08 14:26:55.462,-0.0080832124478976,16.802518581472867
2025-03-08 14:26:55.481,-0.0090197162688064,18.205303349717664
2025-03-08 14:26:55.501,-0.0095785058243351,19.619543797863106
2025-03-08 14:26:55.520,-0.0097223651225848,20.964348844734133
2025-03-08 14:26:55.540,-0.0094521898311642,22.13984389719696
2025-03-08 14:26:55.559,-0.0087969638135953,23.02947823374881
2025-03-08 14:26:55.579,-0.0078015782917449,23.505800668407318
2025-03-08 14:26:55.598,-0.0065159752896749,23.441115983933933
2025-03-08 14:26:55.618,-0.004987825630861,22.72303200084761
2025-03-08 14:26:55.637,-0.0032591901530934,21.272956015154232
2025-03-08 14:26:55.657,-0.001366188101139,19.063799861539483
2025-03-08 14:26:55.676,0.00065976280985,16.132390554366108
2025-03-08 14:26:55.696,0.0027900734571328,12.5829348255432
2025-03-08 14:26:55.716,0.0049965808375169,8.58015601252513
2025-03-08 14:26:55.735,0.0072481853205275,4.33344753664154
2025-03-08 14:26:55.755,0.0095061048548003,0.0753725704788826
2025-03-08 14:26:55.774,0.0117178591059422,-3.961643431663524
2025-03-08 14:26:55.794,0.0138110876100516,-7.567399937700311
2025-03-08 14:26:55.813,0.0156894986461718,-10.573080855826756
2025-03-08 14:26:55.833,0.0172340831370572,-12.866639249185376
2025-03-08 14:26:55.852,0.0183125265347864,-14.403494956998829
2025-03-08 14:26:55.872,0.0187980535989527,-15.210940821856523
2025-03-08 14:26:55.891,0.0185958369108176,-15.384169532487617
2025-03-08 14:26:55.911,0.0176713761652326,-15.072371695415258
2025-03-08 14:26:55.930,0.016072253954133,-14.455177534435704
2025-03-08 14:26:55.950,0.0139338991301514,-13.712342274649044
2025-03-08 14:26:55.969,0.0114626010122334,-12.992038608641842
2025-03-08 14:26:55.989,0.0088952321177118,-12.384434703058192
2025-03-08 14:26:56.009,0.0064435829635757,-11.906823307572727
2025-03-08 14:26:56.028,0.0042387715242814,-11.504432705067188
2025-03-08 14:26:56.048,0.0022940528818184,-11.067720692475854
2025-03-08 14:26:56.067,0.0005001919573768,-10.463255392982342
2025-03-08 14:26:56.087,-0.0013426869267391,-9.572090612194994
2025-03-08 14:26:56.106,-0.0034652428019014,-8.327557037111756
2025-03-08 14:26:56.126,-0.0060592196870929,-6.744041141546925
2025-03-08 14:26:56.145,-0.0092195877017079,-4.929716633293324
2025-03-08 14:26:56.165,-0.0129162974123013,-3.0791314550774462
2025-03-08 14:26:56.184,-0.0170031687676391,-1.445568238647637
2025-03-08 14:26:56.204,-0.0212581745110364,-0.2974636066586354
2025-03-08 14:26:56.223,-0.0254382674411187,0.133036530463892
2025-03-08 14:26:56.243,-0.0293279643073041,-0.3009456537455829
2025-03-08 14:26:56.262,-0.0327658656268028,-1.6248600762157712
2025-03-08 14:26:56.282,-0.03564415363561,-3.7273807396201706
2025-03-08 14:26:56.301,-0.0378873299812977,-6.369647184588198
2025-03-08 14:26:56.321,-0.0394235672368546,-9.21779379510021
2025-03-08 14:26:56.341,-0.040163378161874,-11.892705808883631
2025-03-08 14:26:56.360,-0.0399964493975169,-14.02758494166343
2025-03-08 14:26:56.380,-0.0388102172473621,-15.32269203589391
2025-03-08 14:26:56.399,-0.0365253575026924,-15.587741805639446
2025-03-08 14:26:56.419,-0.0331362578665741,-14.765424638556729
2025-03-08 14:26:56.438,-0.0287410663228025,-12.93354503885749
2025-03-08 14:26:56.458,-0.0235478609150558,-10.28728657870756
2025-03-08 14:26:56.477,-0.0178512453264096,-7.106298447235723
2025-03-08 14:26:56.497,-0.0119849082148164,-3.7131530187518806
2025-03-08 14:26:56.516,-0.006265305178604,-0.4301330607882024
2025-03-08 14:26:56.536,-0.0009445632265434,2.459520761409195
2025-03-08 14:26:56.555,0.0038143920477919,4.741408985640393
2025-03-08 14:26:56.575,0.0079374026008922,6.288259158176215
2025-03-08 14:26:56.594,0.011419666479431,7.065931700954767
2025-03-08 14:26:56.614,0.0142985002165098,7.127810623090596
2025-03-08 14:26:56.634,0.0166287029622601,6.599315574037706
2025-03-08 14:26:56.653,0.0184665280793553,5.65508881935632
2025-03-08 14:26:56.673,0.0198629982199227,4.49203601966871
2025-03-08 14:26:56.692,0.0208634173729873,3.3017871808518686
2025-03-08 14:26:56.712,0.0215084255474649,2.246169273288445
2025-03-08 14:26:56.731,0.0218326747306461,1.4388366415930711
2025-03-08 14:26:56.751,0.0218594546257009,0.9352992243787936
2025-03-08 14:26:56.770,0.0215925253899921,0.7323720861167754
2025-03-08 14:26:56.790,0.021009102327048,0.7767452682648025
2025-03-08 14:26:56.809,0.0200592910035953,0.981095871932438
2025-03-08 14:26:56.829,0.0186763509293676,1.2450457497789515
2025-03-08 14:26:56.848,0.016798808513444,1.4774384734099502
2025-03-08 14:26:56.868,0.0144006070842893,1.616026788244418
2025-03-08 14:26:56.887,0.0115210203680772,1.6408628706849422
2025-03-08 14:26:56.907,0.0082839864868225,1.5785449473694282
2025-03-08 14:26:56.926,0.0048981539910956,1.4959928709618546
2025-03-08 14:26:56.946,0.0016341464884661,1.4844710602129705
2025-03-08 14:26:56.966,-0.001217389734051,1.6368211367391283
2025-03-08 14:26:56.985,-0.003397142980581,2.022777565622425
2025-03-08 14:26:57.005,-0.0047249043071044,2.6682060901768705
2025-03-08 14:26:57.024,-0.0051315258670039,3.543660313851937
2025-03-08 14:26:57.044,-0.0046670638509532,4.565707399755873
2025-03-08 14:26:57.063,-0.0034833647235124,5.6114346349872815
2025-03-08 14:26:57.083,-0.0017959640913627,6.543227862660506
2025-03-08 14:26:57.102,0.0001644805284378,7.238253705820917
2025-03-08 14:26:57.122,0.0021982801550861,7.615814177799397
2025-03-08 14:26:57.141,0.0041683015418255,7.6561745366630305
2025-03-08 14:26:57.161,0.0060096985628853,7.406426448800263
2025-03-08 14:26:57.180,0.0077175723713703,6.971915684536839
2025-03-08 14:26:57.200,0.0093194712016624,6.495020650136607
2025-03-08 14:26:57.219,0.0108440841002427,6.125868048348537
2025-03-08 14:26:57.239,0.0122975598793584,5.991283401081569
2025-03-08 14:26:57.259,0.0136548100484024,6.168517999787023
2025-03-08 14:26:57.278,0.014867025495115,6.669056566904725
2025-03-08 14:26:57.298,0.0158811011568416,7.435469745129419
2025-03-08 14:26:57.317,0.0166633571818821,8.351480114785721
2025-03-08 14:26:57.337,0.0172191287686942,9.262842188089056
2025-03-08 14:26:57.356,0.0176010597458178,10.004797714611236
2025-03-08 14:26:57.376,0.0179017831470551,10.430988271426882
2025-03-08 14:26:57.395,0.0182305689192136,10.438775817389027
2025-03-08 14:26:57.415,0.0186777551363182,9.986769781428496
2025-03-08 14:26:57.434,0.0192744872077383,9.101753799797049
2025-03-08 14:26:57.454,0.019957646522515,7.873923891200646
2025-03-08 14:26:57.473,0.0205503067619922,6.441204300095084
2025-03-08 14:26:57.493,0.0207663901796562,4.965208494124749
2025-03-08 14:26:57.512,0.02024439459078,3.6029208902236656
2025-03-08 14:26:57.532,0.0186092443391596,2.47910470296093
2025-03-08 14:26:57.552,0.015553946466917,1.6645460869387136
2025-03-08 14:26:57.571,0.0109251507003755,1.164407998965611
2025-03-08 14:26:57.591,0.0047914448597936,0.91922818587154
2025-03-08 14:26:57.610,-0.0025268634134168,0.8186426964772288
2025-03-08 14:26:57.630,-0.0104811541336371,0.7251368399926712
2025-03-08 14:26:57.649,-0.0183734550905114,0.5026701160106628
2025-03-08 14:26:57.669,-0.0254780081321258,0.0436992232943337
2025-03-08 14:26:57.688,-0.0311781235243809,-0.7114452579615839
2025-03-08 14:26:57.708,-0.0350827515813555,-1.7666496212768354
2025-03-08 14:26:57.727,-0.0370900759827704,-3.074071137031234
2025-03-08 14:26:57.747,-0.037380425866132,-4.5474036002353015
2025-03-08 14:26:57.766,-0.0363425145730486,-6.079597416801317
2025-03-08 14:26:57.786,-0.0344565608763439,-7.560147010296431
2025-03-08 14:26:57.805,-0.032168437596397,-8.8886106982512
2025-03-08 14:26:57.825,-0.029788670174853,-9.983352501976386
2025-03-08 14:26:57.844,-0.0274406868806522,-10.78644219063829
2025-03-08 14:26:57.864,-0.025067794773134,-11.26642004166742
2025-03-08 14:26:57.884,-0.0224922030161184,-11.42012751385193
2025-03-08 14:26:57.903,-0.0195062513079917,-11.27357243183792
2025-03-08 14:26:57.923,-0.0159689000236361,-10.880672227800437
2025-03-08 14:26:57.942,-0.011880655710166,-10.31838276631888
2025-03-08 14:26:57.962,-0.0074168664678158,-9.677393424584858
2025-03-08 14:26:57.981,-0.0029109214064958,-9.048958058740892
2025-03-08 14:26:58.001,0.0012076583963787,-8.509929408626551
2025-03-08 14:26:58.020,0.0045037041245339,-8.10906527631159
2025-03-08 14:26:58.040,0.0066323740728477,-7.857813259064229
2025-03-08 14:26:58.059,0.0074171340400384,-7.728006385309047
2025-03-08 14:26:58.079,0.0068913684642197,-7.657434062055391
2025-03-08 14:26:58.098,0.0052942913110563,-7.562490282133705
2025-03-08 14:26:58.118,0.0030227901671493,-7.355501243312535
2025-03-08 14:26:58.137,0.0005513564627523,-6.963276322606569
2025-03-08 14:26:58.157,-0.0016602648765591,-6.343122344703266
2025-03-08 14:26:58.177,-0.003249886697328,-5.4930530149861045
2025-03-08 14:26:58.196,-0.0040082687759636,-4.454112431360811
2025-03-08 14:26:58.216,-0.0038978136701676,-3.304372367768001
2025-03-08 14:26:58.235,-0.0030353260374734,-2.145881762148182
2025-03-08 14:26:58.255,-0.0016476675019556,-1.0872221277678185
2025-03-08 14:26:58.274,-1.335888291473171e-05,-0.2250473403959433
2025-03-08 14:26:58.294,0.0015965446604691,0.3720224866140133
2025-03-08 14:26:58.313,0.0029675812668316,0.6744070519329353
2025-03-08 14:26:58.333,0.0039742699920673,0.6957517870060564
2025-03-08 14:26:58.352,0.0045929758950651,0.4897902534061785
2025-03-08 14:26:58.372,0.0048955780532572,0.1406131684420756
2025-03-08 14:26:58.391,0.0050264815543341,-0.2518277514349891
2025-03-08 14:26:58.411,0.0051672802524662,-0.5883489501258305
2025-03-08 14:26:58.430,0.0054950460340083,-0.7863109275091484
2025-03-08 14:26:58.450,0.0061416242821221,-0.791751029182191
2025-03-08 14:26:58.470,0.0071617528126448,-0.5858224644897156
2025-03-08 14:26:58.489,0.0085165942673906,-0.1846408840719949
2025-03-08 14:26:58.509,0.0100763386594835,0.3670264806098127
2025-03-08 14:26:58.528,0.0116415983406376,1.0065728311167137
2025-03-08 14:26:58.548,0.0129793929647963,1.6663939203582407
2025-03-08 14:26:58.567,0.013866527106934,2.286083601872495
2025-03-08 14:26:58.587,0.0141317382966028,2.821736229495308
2025-03-08 14:26:58.606,0.0136883718847529,3.2510042464264126
2025-03-08 14:26:58.626,0.0125513441503403,3.573620319192937
2025-03-08 14:26:58.645,0.0108353620232699,3.808023800194742
2025-03-08 14:26:58.665,0.0087352125094144,3.985345914192777
2025-03-08 14:26:58.684,0.0064926305208517,4.142254234130984
2025-03-08 14:26:58.704,0.0043568229033432,4.31406559406933
2025-03-08 14:26:58.723,0.0025464377297328,4.529182090525188
2025-03-08 14:26:58.743,0.0012195906160321,4.805403742922005
2025-03-08 14:26:58.762,0.0004561002548641,5.148168951168599
2025-03-08 14:26:58.782,0.0002531943287903,5.550393642228393
2025-03-08 14:26:58.802,0.0005334114775812,5.993384894234192
2025-03-08 14:26:58.821,0.0011617493772154,6.448309496310119
2025-03-08 14:26:58.841,0.0019683913441361,6.877896681166189
2025-03-08 14:26:58.860,0.0027733811950284,7.238406338797697
2025-03-08 14:26:58.880,0.0034101273472365,7.482272320635869
2025-03-08 14:26:58.899,0.0037453626026235,7.562016527692269
2025-03-08 14:26:58.919,0.0036939593932946,7.4358171388460415
2025-03-08 14:26:58.938,0.0032276138193835,7.074469534759938
2025-03-08 14:26:58.958,0.0023767616708581,6.468620104578959
2025-03-08 14:26:58.977,0.0012252760312536,5.634469873334272
2025-03-08 14:26:58.997,-0.0001021412993587,4.6159968492413626
2025-03-08 14:26:59.016,-0.0014590548199002,3.4822826773768942
2025-03-08 14:26:59.036,-0.0027005895170395,2.31962565102146
2025-03-08 14:26:59.055,-0.0037071219521689,1.2194441682761032
2025-03-08 14:26:59.075,-0.0044037572687198,0.2641167920263988
2025-03-08 14:26:59.095,-0.0047713869362218,-0.486464111746853
2025-03-08 14:26:59.114,-0.0048467671558086,-1.0048811149385763
2025-03-08 14:26:59.134,-0.0047115514888172,-1.300626128889067
2025-03-08 14:26:59.153,-0.0044728726666148,-1.417957723418608
2025-03-08 14:26:59.173,-0.0042400841614232,-1.4274225854481568
2025-03-08 14:26:59.192,-0.0041030038411801,-1.412499324182008
2025-03-08 14:26:59.212,-0.004116289784496,-1.4537689943625935
2025-03-08 14:26:59.231,-0.0042927748826993,-1.6135079385581477
2025-03-08 14:26:59.251,-0.0046063275171553,-1.9235380214237685
2025-03-08 14:26:59.270,-0.0050027078299128,-2.378579088205598
2025-03-08 14:26:59.290,-0.0054153554563544,-2.936360819672052
2025-03-08 14:26:59.309,-0.0057822357518374,-3.524566355032144
2025-03-08 14:26:59.329,-0.0060598138497535,-4.053507697188564
2025-03-08 14:26:59.348,-0.0062309382783476,-4.432442911366986
2025-03-08 14:26:59.368,-0.0063048986522901,-4.586757604380033
2025-03-08 14:26:59.387,-0.0063099804780123,-4.472943139808216
2025-03-08 14:26:59.407,-0.0062809568031675,-4.088495864696437
2025-03-08 14:26:59.427,-0.0062454264146392,-3.4745806630847995
2025-03-08 14:26:59.446,-0.0062131777581929,-2.710505700727168
2025-03-08 14:26:59.466,-0.0061717051988988,-1.9005890057217545
2025-03-08 14:26:59.485,-0.0060889984489162,-1.1556098821327263
2025-03-08 14:26:59.505,-0.0059224810484785,-0.5724055048234657
2025-03-08 14:26:59.524,-0.0056312592018341,-0.2159280686544008
2025-03-08 14:26:59.544,-0.0051881479884457,-0.1078819375256686
2025-03-08 14:26:59.563,-0.0045883094038574,-0.2247524618148738
2025-03-08 14:26:59.583,-0.0038524633518227,-0.5057997583057082
2025-03-08 14:26:59.602,-0.0030241003524312,-0.8689920675962489
2025-03-08 14:26:59.622,-0.0021615593230063,-1.2306982617176008
2025-03-08 14:26:59.641,-0.0013269566051996,-1.5239776551775464
2025-03-08 14:26:59.661,-0.00057457659877,-1.710851900535518
2025-03-08 14:26:59.680,5.864017699038963e-05,-1.7858494437885282
2025-03-08 14:26:59.700,0.0005584521775163,-1.7707377573923426
2025-03-08 14:26:59.720,0.0009335222617625,-1.702818398600898
2025-03-08 14:26:59.739,0.0012108001780372,-1.620667785385378
2025-03-08 14:26:59.759,0.0014276362175715,-1.551389126189003
2025-03-08 14:26:59.778,0.0016229336198088,-1.5024536845314214
2025-03-08 14:26:59.798,0.0018296567188142,-1.4595871909006612
2025-03-08 14:26:59.817,0.0020702987871003,-1.390514105769265
2025-03-08 14:26:59.837,0.002355829797725,-1.2531376779054866
2025-03-08 14:26:59.856,0.002687651391609,-1.006047135026104
2025-03-08 14:26:59.876,0.0030614528605142,-0.6190329078969364
2025-03-08 14:26:59.895,0.0034715879292488,-0.0814436856373471
2025-03-08 14:26:59.915,0.0039145967022867,0.5933053559295991
2025-03-08 14:26:59.934,0.0043907812162288,1.3679695323008862
2025-03-08 14:26:59.954,0.004903324527288,2.186328250498409
2025-03-08 14:26:59.973,0.005455213649586,2.981505221634904
2025-03-08 14:26:59.993,0.0060449619252188,3.685895618716949
2025-03-08 14:27:00.013,0.0066626290516284,4.240667538294752
2025-03-08 14:27:00.032,0.0072878009348893,4.603183190909123
2025-03-08 14:27:00.052,0.0078909386689233,4.751412128096893
2025-03-08 14:27:00.071,0.0084387716921097,4.685181961949956
2025-03-08 14:27:00.091,0.0089032522165253,4.42468252511489
2025-03-08 14:27:00.110,0.0092722624684714,4.006908572697921
2025-03-08 14:27:00.130,0.0095591640470137,3.480745947515979
2025-03-08 14:27:00.149,0.0098077862603395,2.901307550679611
2025-03-08 14:27:00.169,0.0100898239440284,2.3240287922492717
2025-03-08 14:27:00.188,0.0104929101578881,1.798988987803134
2025-03-08 14:27:00.208,0.0110996945155328,1.3659167341864131
2025-03-08 14:27:00.227,0.0119607655685983,1.050319512714981
2025-03-08 14:27:00.247,0.0130667119717853,0.8611263561453358
2025-03-08 14:27:00.266,0.0143263841055376,0.7901493969594716
2025-03-08 14:27:00.286,0.0155588227179186,0.813557409129524
2025-03-08 14:27:00.305,0.0165048497428073,0.8953887128140142
2025-03-08 14:27:00.325,0.0168608001369389,0.9928696633892772
2025-03-08 14:27:00.345,0.0163316313722369,1.06293488862631
2025-03-08 14:27:00.364,0.0146946056168701,1.0689407037899163
2025-03-08 14:27:00.384,0.0118594779104939,0.986291409374912
2025-03-08 14:27:00.403,0.0079086901931059,0.805741950509346
2025-03-08 14:27:00.423,0.0031034106919122,0.5335828977956235
2025-03-08 14:27:00.442,-0.0021508756136583,0.1886717248326933
2025-03-08 14:27:00.462,-0.0073738929798029,-0.2028822821249446
2025-03-08 14:27:00.481,-0.0120989735537568,-0.61393232367191
2025-03-08 14:27:00.501,-0.0159587023495835,-1.0217570106661988
2025-03-08 14:27:00.520,-0.0187480555557264,-1.4114351019108624
2025-03-08 14:27:00.540,-0.0204523174393662,-1.7765162190114616
2025-03-08 14:27:00.559,-0.0212358619174639,-2.117239230689933
2025-03-08 14:27:00.579,-0.0213960030916782,-2.4372596827508644
2025-03-08 14:27:00.598,-0.0212922423341578,-2.7401722703553286
2025-03-08 14:27:00.618,-0.0212647508079179,-3.0269794879705203
2025-03-08 14:27:00.638,-0.0215568766767314,-3.2951527116866743
2025-03-08 14:27:00.657,-0.0222554167990186,-3.539272773247689
2025-03-08 14:27:00.677,-0.0232599193738088,-3.752687124011629
2025-03-08 14:27:00.696,-0.0242885776158261,-3.929377580472874
2025-03-08 14:27:00.716,-0.0249231314144613,-4.065332301092223
2025-03-08 14:27:00.735,-0.0246884395939263,-4.159033392649975
2025-03-08 14:27:00.755,-0.0231545211692737,-4.211023484823529
2025-03-08 14:27:00.774,-0.0200414618211354,-4.222771695500722
2025-03-08 14:27:00.794,-0.0153030871288447,-4.195194783785247
2025-03-08 14:27:00.813,-0.0091663645668659,-4.127244619955743
2025-03-08 14:27:00.833,-0.0021119600310741,-4.014981842576878
2025-03-08 14:27:00.852,0.0052033225387739,-3.8514964512337055
2025-03-08 14:27:00.872,0.0120639450168609,-3.627866502492227
2025-03-08 14:27:00.891,0.0178223814682818,-3.335073282001832
2025-03-08 14:27:00.911,0.0220034750440547,-2.9664973206161047
2025-03-08 14:27:00.931,0.0243640896784137,-2.520418213513788
2025-03-08 14:27:00.950,0.0249005754876358,-2.0019113279274072
2025-03-08 14:27:00.970,0.0238109349273063,-1.423677927651333
2025-03-08 14:27:00.989,0.021428428311762,-0.8055928901688435
2025-03-08 14:27:01.009,0.0181467856753666,-0.1730138723010405
2025-03-08 14:27:01.028,0.014354514606352,0.4458969747815051
2025-03-08 14:27:01.048,0.0103893422119679,1.0234510265835872
2025-03-08 14:27:01.067,0.0065165443958714,1.5358421992038382
2025-03-08 14:27:01.087,0.0029287196160085,1.9661710621225292
2025-03-08 14:27:01.106,-0.0002398798899561,2.3065532154068378
2025-03-08 14:27:01.126,-0.0028937792910465,2.5588276453832868
2025-03-08 14:27:01.145,-0.0049608422473047,2.7335319807367324
2025-03-08 14:27:01.165,-0.0063877695412317,2.8470908552064627
2025-03-08 14:27:01.184,-0.0071486298169614,2.91754764684416
2025-03-08 14:27:01.204,-0.0072630352662783,2.959579323036664
2025-03-08 14:27:01.223,-0.0068162534065586,2.979846946163116
2025-03-08 14:27:01.243,-0.0059719170816739,2.9738286835349506
2025-03-08 14:27:01.263,-0.0049694777386745,2.925092191057288
2025-03-08 14:27:01.282,-0.0041024835592046,2.8075099923649027
2025-03-08 14:27:01.302,-0.0036788643372314,2.5903002247435536
2025-03-08 14:27:01.321,-0.0039692008800585,2.245120684989612
2025-03-08 14:27:01.341,-0.0051522781593096,1.7538997434968928
2025-03-08 14:27:01.360,-0.0072685711435117,1.1157821084412287
2025-03-08 14:27:01.380,-0.0101917964664148,0.3515903842930845
2025-03-08 14:27:01.399,-0.013626541947642,-0.4954208475607376
2025-03-08 14:27:01.419,-0.0171363453968176,-1.363066563334637
2025-03-08 14:27:01.438,-0.0202014590617514,-2.1776782036154487
2025-03-08 14:27:01.458,-0.022299285179354,-2.864298931958554
2025-03-08 14:27:01.477,-0.02299421277837,-3.3577052038246857
2025-03-08 14:27:01.497,-0.0220191928965883,-3.6119895318825126
2025-03-08 14:27:01.516,-0.0193308979472294,-3.606661425979506
2025-03-08 14:27:01.536,-0.0151248646310542,-3.348035587558853
2025-03-08 14:27:01.556,-0.0098059605466977,-2.8658695680046886
2025-03-08 14:27:01.575,-0.0039202851303526,-2.206402101545209
2025-03-08 14:27:01.595,0.0019363531941861,-1.423738033719173
2025-03-08 14:27:01.614,0.0072139258700332,-0.5717028096768562
2025-03-08 14:27:01.634,0.0114894325288984,0.3021392954375761
2025-03-08 14:27:01.653,0.0145209195874607,1.159438514222601
2025-03-08 14:27:01.673,0.0162677506760028,1.9710487710236773
2025-03-08 14:27:01.692,0.016876461055553,2.714860926155601
2025-03-08 14:27:01.712,0.016636505784145,3.372677170510919
2025-03-08 14:27:01.731,0.0159147643734741,3.9273408744359712
2025-03-08 14:27:01.751,0.0150815611397618,4.361079736861771
2025-03-08 14:27:01.770,0.0144429213732706,4.655619203821474
2025-03-08 14:27:01.790,0.0141924315442142,4.794170105157899
2025-03-08 14:27:01.809,0.0143912236618948,4.76493321563963
2025-03-08 14:27:01.829,0.0149776260824697,4.565332177023304
2025-03-08 14:27:01.848,0.0158010270927834,4.205867637531295
2025-03-08 14:27:01.868,0.0166693384731507,3.712403763405459
2025-03-08 14:27:01.888,0.0173972962020659,3.1259440497666766
2025-03-08 14:27:01.907,0.0178441332851611,2.499497835902893
2025-03-08 14:27:01.927,0.0179334571513441,1.892325109482949
2025-03-08 14:27:01.946,0.0176539888511443,1.3624694848602177
2025-03-08 14:27:01.966,0.0170451134877524,0.9588861770086652
2025-03-08 14:27:01.985,0.0161743085508595,0.7145662340659698
2025-03-08 14:27:02.005,0.0151139925168736,0.6418531318147364
2025-03-08 14:27:02.024,0.0139237794235143,0.7307131058679679
2025-03-08 14:27:02.044,0.0126415325946516,0.950176334816649
2025-03-08 14:27:02.063,0.0112837823622207,1.2526451132126315
2025-03-08 14:27:02.083,0.0098535228617946,1.5803634213528852
2025-03-08 14:27:02.102,0.0083515793360293,1.8730908539959696
2025-03-08 14:27:02.122,0.0067871009559545,2.0759052005870187
2025-03-08 14:27:02.141,0.0051835279135048,2.146050248768122
2025-03-08 14:27:02.161,0.0035783422922518,2.05785293600388
2025-03-08 14:27:02.181,0.002017279909738,1.8049799212604285
2025-03-08 14:27:02.200,0.0005455498898302,1.3996983072493254
2025-03-08 14:27:02.220,-0.0008006580965268,0.8693165008299182
2025-03-08 14:27:02.239,-0.0019996503951852,0.2505228013553111
2025-03-08 14:27:02.259,-0.0030454397019261,-0.4172149295888681
2025-03-08 14:27:02.278,-0.0039451429575207,-1.0978028669089337
2025-03-08 14:27:02.298,-0.0047142294692586,-1.762926235981456
2025-03-08 14:27:02.317,-0.0053715981553414,-2.393798863957592
2025-03-08 14:27:02.337,-0.0059359534725262,-2.979979620318137
2025-03-08 14:27:02.356,-0.0064240310928011,-3.5157056137880214
2025-03-08 14:27:02.376,-0.0068503915363271,-3.994856140467094
2025-03-08 14:27:02.395,-0.0072280638355238,-4.406099449847394
2025-03-08 14:27:02.415,-0.0075693065440607,-4.729845085260112
2025-03-08 14:27:02.434,-0.0078859828770534,-4.938251248399581
2025-03-08 14:27:02.454,-0.0081893153811368,-4.9987628916406415
2025-03-08 14:27:02.474,-0.0084889995022224,-4.880665445458843
2025-03-08 14:27:02.493,-0.0087918426827808,-4.563208092816751
2025-03-08 14:27:02.513,-0.0091002927310834,-4.043256513768916
2025-03-08 14:27:02.532,-0.0094113710809275,-3.340364088989733
2025-03-08 14:27:02.552,-0.0097165154589544,-2.497650453775045
2025-03-08 14:27:02.571,-0.010002604052016,-1.5778539139906131
2025-03-08 14:27:02.591,-0.0102540624136385,-0.6551522816708834
2025-03-08 14:27:02.610,-0.0104556162270408,0.1955160337871024
2025-03-08 14:27:02.630,-0.0105950739948072,0.9092186579146936
2025-03-08 14:27:02.649,-0.0106655194615092,1.4394843638264887
2025-03-08 14:27:02.669,-0.0106664163543621,1.7627409863599095
2025-03-08 14:27:02.688,-0.010603336352832,1.878157802204353
2025-03-08 14:27:02.708,-0.0104862946596901,1.8035116636943207
2025-03-08 14:27:02.727,-0.0103269969074707,1.5686160239125209
2025-03-08 14:27:02.747,-0.0101356364405212,1.2082588408663102
2025-03-08 14:27:02.766,-0.00991817053338,0.7564268319868459
2025-03-08 14:27:02.786,-0.0096751177728727,0.2429668858708917
2025-03-08 14:27:02.806,-0.0094026816476117,-0.3070131623413221
2025-03-08 14:27:02.825,-0.0090963309516897,-0.8715138318649194
2025-03-08 14:27:02.845,-0.0087560050647617,-1.4288651048174597
2025-03-08 14:27:02.864,-0.0083912314095228,-1.9551019989282588
2025-03-08 14:27:02.884,-0.0080240304502908,-2.422643393628113
2025-03-08 14:27:02.903,-0.0076877505469381,-2.80095345142664
2025-03-08 14:27:02.923,-0.0074209214123765,-3.0592216917573847
2025-03-08 14:27:02.942,-0.0072566652195753,-3.1704790846851187
2025-03-08 14:27:02.962,-0.0072097920361923,-3.116156524609731
2025-03-08 14:27:02.981,-0.0072649148926361,-2.8899795520976443
2025-03-08 14:27:03.001,-0.0073692971303004,-2.500259470547864
2025-03-08 14:27:03.020,-0.0074335324343576,-1.9700013844187196
2025-03-08 14:27:03.040,-0.0073416926472625,-1.3347083489168503
2025-03-08 14:27:03.059,-0.0069705144087574,-0.6382300107500017
2025-03-08 14:27:03.079,-0.0062148237397778,0.0726027308306329
2025-03-08 14:27:03.099,-0.0050141537026602,0.7535860221338407
2025-03-08 14:27:03.118,-0.0033740621356454,1.3680221649797255
2025-03-08 14:27:03.138,-0.0013757453985952,1.8901240061493736
2025-03-08 14:27:03.157,0.0008303601223985,2.3065694643323007
2025-03-08 14:27:03.177,0.0030473298028592,2.6162166127424378
2025-03-08 14:27:03.196,0.0050663528755868,2.828285530960768
2025-03-08 14:27:03.216,0.0067047770613575,2.959479297445451
2025-03-08 14:27:03.235,0.0078380752990017,3.030569357098951
2025-03-08 14:27:03.255,0.0084184855210709,3.0629465860620395
2025-03-08 14:27:03.274,0.0084775236498887,3.0755695881926424
2025-03-08 14:27:03.294,0.0081140990461426,3.0826467650414315
2025-03-08 14:27:03.313,0.0074729472623994,3.092277360405124
2025-03-08 14:27:03.333,0.0067190094601166,3.1061451006893583
2025-03-08 14:27:03.352,0.0060126182442676,3.1202073987068384
2025-03-08 14:27:03.372,0.0054887359349954,3.126180613433157
2025-03-08 14:27:03.392,0.0052418836195962,3.113525266045647
2025-03-08 14:27:03.411,0.0053173462822637,3.071593835656712
2025-03-08 14:27:03.431,0.0057088550505624,2.991596573810101
2025-03-08 14:27:03.450,0.0063629360832666,2.868057422013077
2025-03-08 14:27:03.470,0.0071899392171064,2.6994974959533278
2025-03-08 14:27:03.489,0.0080809526178973,2.4882271677248817
2025-03-08 14:27:03.509,0.0089283345735727,2.239336318574364
2025-03-08 14:27:03.528,0.0096460117728678,1.959183342552008
2025-03-08 14:27:03.548,0.0101849359457876,1.653823784715298
2025-03-08 14:27:03.567,0.0105398479798639,1.3278446277693583
2025-03-08 14:27:03.587,0.0107456655999914,0.9839717278901164
2025-03-08 14:27:03.606,0.0108645304685058,0.6236116102327556
2025-03-08 14:27:03.626,0.0109668226505836,0.2482116159863274
2025-03-08 14:27:03.645,0.0111106851934453,-0.1389620457076809
2025-03-08 14:27:03.665,0.0113247142807965,-0.5312336849122947
2025-03-08 14:27:03.684,0.0115976620685799,-0.9177598696703066
2025-03-08 14:27:03.704,0.011877521667405,-1.2840744449171209
2025-03-08 14:27:03.724,0.0120804353021516,-1.6140417118073929
2025-03-08 14:27:03.743,0.0121077512861025,-1.892866997433244
2025-03-08 14:27:03.763,0.0118676404235068,-2.1104284224336185
2025-03-08 14:27:03.782,0.0112964061110084,-2.264034271588935
2025-03-08 14:27:03.802,0.0103743403558413,-2.3598542397870017
2025-03-08 14:27:03.821,0.0091319099529436,-2.412672820776624
2025-03-08 14:27:03.841,0.0076442426074479,-2.4441061589722684
2025-03-08 14:27:03.860,0.0060150269668439,-2.479796211075355
2025-03-08 14:27:03.880,0.0043542252602805,-2.546193576234519
2025-03-08 14:27:03.899,0.0027561306455609,-2.667369073024345
2025-03-08 14:27:03.919,0.0012841186429362,-2.8620234762563928
2025-03-08 14:27:03.938,-3.4170888356466954e-05,-3.140701298790596
2025-03-08 14:27:03.958,-0.0012013192534027,-3.5032539493171573
2025-03-08 14:27:03.977,-0.0022377295985375,-3.93678818549826
2025-03-08 14:27:03.997,-0.0031674689558227,-4.414553960842687
2025-03-08 14:27:04.017,-0.0040071530274661,-4.896359750287947
2025-03-08 14:27:04.036,-0.0047607456861255,-5.331075156146726
2025-03-08 14:27:04.056,-0.0054205611786831,-5.661534125086255
2025-03-08 14:27:04.075,-0.0059726421690079,-5.831666506499438
2025-03-08 14:27:04.095,-0.006403739546944,-5.795020738151841
2025-03-08 14:27:04.114,-0.0067073001620662,-5.52317108635214
2025-03-08 14:27:04.134,-0.0068866945757469,-5.012091881470975
2025-03-08 14:27:04.153,-0.0069549593398784,-4.284678293054582
2025-03-08 14:27:04.173,-0.0069313622908882,-3.388303123639796
2025-03-08 14:27:04.192,-0.006835969352276,-2.387493337875556
2025-03-08 14:27:04.212,-0.0066839388513159,-1.3531413962604253
2025-03-08 14:27:04.231,-0.0064813872085223,-0.3506910347904794
2025-03-08 14:27:04.251,-0.0062243351374991,0.5699105376635687
2025-03-08 14:27:04.270,-0.0059014975035649,1.380160215813214
2025-03-08 14:27:04.290,-0.0055006247852805,2.073635602018496
2025-03-08 14:27:04.309,-0.0050169303704674,2.661530036712628
2025-03-08 14:27:04.329,-0.0044611495033672,3.1645740682908
2025-03-08 14:27:04.349,-0.0038643515758475,3.603624984456357
2025-03-08 14:27:04.368,-0.0032770817274031,3.991366238163808
2025-03-08 14:27:04.388,-0.0027618163344279,4.327130674473891
2025-03-08 14:27:04.407,-0.0023798010904021,4.596010772910651
2025-03-08 14:27:04.427,-0.0021754544789774,4.772353027059851
2025-03-08 14:27:04.446,-0.002162856793261,4.826668317858402
2025-03-08 14:27:04.466,-0.0023188499982531,4.734151020714867
2025-03-08 14:27:04.485,-0.0025859163457046,4.4826014248313415
2025-03-08 14:27:04.505,-0.0028856629172425,4.077726693180827
2025-03-08 14:27:04.524,-0.0031409333433444,3.5445341032141893
2025-03-08 14:27:04.544,-0.0033018404690089,2.924611970437912
2025-03-08 14:27:04.563,-0.0033689582290641,2.270170469718756
2025-03-08 14:27:04.583,-0.0034061811354233,1.636448506390494
2025-03-08 14:27:04.602,-0.0035369658756966,1.0742968014631669
2025-03-08 14:27:04.622,-0.0039210971144332,0.624437285896892
2025-03-08 14:27:04.642,-0.0047143592482899,0.3142462838501281
2025-03-08 14:27:04.661,-0.0060192801893154,0.1571509509367984
2025-03-08 14:27:04.681,-0.0078396132535599,0.1540881538684302
2025-03-08 14:27:04.700,-0.0100526829184955,0.2961061097296293
2025-03-08 14:27:04.720,-0.0124110272833531,0.5671433800219371
2025-03-08 14:27:04.739,-0.0145778176413906,0.9462477558304824
2025-03-08 14:27:04.759,-0.0161905914347951,1.4088845078790484
2025-03-08 14:27:04.778,-0.016937858917332,1.9273980331674645
2025-03-08 14:27:04.798,-0.016627310066613,2.4710219067459698
2025-03-08 14:27:04.817,-0.0152260682210679,3.006006278782167
2025-03-08 14:27:04.837,-0.0128627265038583,3.496413885242223
2025-03-08 14:27:04.856,-0.009793594703959,3.905928193217512
2025-03-08 14:27:04.876,-0.0063458386299058,4.200665046558352
2025-03-08 14:27:04.895,-0.0028543411680965,4.352584679420293
2025-03-08 14:27:04.915,0.000392675202064,4.342806005392233
2025-03-08 14:27:04.935,0.0031894441493476,4.164050104288489
2025-03-08 14:27:04.954,0.0054262540473247,3.821618586591471
2025-03-08 14:27:04.974,0.0070829228588526,3.3326771701549154
2025-03-08 14:27:04.993,0.0082083295913393,2.724032781400773
2025-03-08 14:27:05.013,0.0088938391463018,2.028922238190521
2025-03-08 14:27:05.032,0.0092475704796019,1.2834740484224922
2025-03-08 14:27:05.052,0.0093740291756047,0.523440662314574
2025-03-08 14:27:05.071,0.0093610482904075,-0.2184176962799025
2025-03-08 14:27:05.091,0.0092740512957347,-0.9141808598783476
2025-03-08 14:27:05.110,0.009156378110436,-1.5419378560535577
2025-03-08 14:27:05.130,0.0090335849335759,-2.086451727523168
2025-03-08 14:27:05.149,0.0089192483799342,-2.5394539321199674
2025-03-08 14:27:05.169,0.0088200212049737,-2.899582053294984
2025-03-08 14:27:05.188,0.0087385043126301,-3.171852110725484
2025-03-08 14:27:05.208,0.0086736707093481,-3.366519806914313
2025-03-08 14:27:05.227,0.0086196822686474,-3.497289102761994
2025-03-08 14:27:05.247,0.0085645602883628,-3.579048575144053
2025-03-08 14:27:05.267,0.0084900956252683,-3.62555007593714
2025-03-08 14:27:05.286,0.0083737232925215,-3.6475565790556495
2025-03-08 14:27:05.306,0.0081921964246534,-3.651896758840956
2025-03-08 14:27:05.325,0.0079261773385174,-3.64159645161972
2025-03-08 14:27:05.345,0.0075645434167985,-3.616922970522274
2025-03-08 14:27:05.364,0.0071072608937721,-3.576909729997711
2025-03-08 14:27:05.384,0.0065660046531895,-3.520814614605747
2025-03-08 14:27:05.403,0.0059622572776079,-3.4490287650023914
2025-03-08 14:27:05.423,0.0053233411843428,-3.3631633038336037
2025-03-08 14:27:05.442,0.0046774852869604,-3.265334560849209
2025-03-08 14:27:05.462,0.0040492827467573,-3.15695190387011
2025-03-08 14:27:05.481,0.0034566252278292,-3.037490624211473
2025-03-08 14:27:05.501,0.0029095679925255,-2.9037476417298147
2025-03-08 14:27:05.520,0.002410912949913,-2.7499391783085843
2025-03-08 14:27:05.540,0.0019578782321166,-2.56876641214899
2025-03-08 14:27:05.560,0.0015441862716966,-2.353314300088482
2025-03-08 14:27:05.579,0.001162161936353,-2.09941031961986
2025-03-08 14:27:05.599,0.0008047117916977,-1.807892067053844
2025-03-08 14:27:05.618,0.0004671030469506,-1.4861538436675763
2025-03-08 14:27:05.638,0.0001482821068489,-1.14840235758288
2025-03-08 14:27:05.657,-0.0001486879643499,-0.8142766928363071
2025-03-08 14:27:05.677,-0.0004174034217558,-0.5058633855498172
2025-03-08 14:27:05.696,-0.0006500929041146,-0.2435884044080773
2025-03-08 14:27:05.716,-0.0008403512860657,-0.0418666451993528
2025-03-08 14:27:05.735,-0.0009859227402613,0.0944041906794368
2025-03-08 14:27:05.755,-0.0010907895847461,0.1715104332797448
2025-03-08 14:27:05.774,-0.0011660020206315,0.2061719049320367
2025-03-08 14:27:05.794,-0.0012289758049056,0.2224472404250718
2025-03-08 14:27:05.813,-0.0013012915984692,0.2470437765505436
2025-03-08 14:27:05.833,-0.0014052864850405,0.3042224495409865
2025-03-08 14:27:05.853,-0.0015599247613922,0.4115231776154679
2025-03-08 14:27:05.872,-0.0017766027526889,0.5771762689484761
2025-03-08 14:27:05.892,-0.0020557012345956,0.7994921342684884
2025-03-08 14:27:05.911,-0.0023847939083206,1.067975385987456
2025-03-08 14:27:05.931,-0.0027393029639901,1.3655697268578575
2025-03-08 14:27:05.950,-0.0030859276847104,1.671367474703209
2025-03-08 14:27:05.970,-0.0033884120570601,1.9632678600587248
2025-03-08 14:27:05.989,-0.0036144357423374,2.22033678148331
2025-03-08 14:27:06.009,-0.0037419306476077,2.4248757072959037
2025-03-08 14:27:06.028,-0.0037631370267015,2.564320638904667
2025-03-08 14:27:06.048,-0.0036852569866236,2.6329947627385484
2025-03-08 14:27:06.067,-0.0035275377661357,2.633476710202355
2025-03-08 14:27:06.087,-0.0033157452399043,2.5770782071446114
2025-03-08 14:27:06.106,-0.0030758534834174,2.48284654763247
2025-03-08 14:27:06.126,-0.0028290199047762,2.374748418087603
2025-03-08 14:27:06.145,-0.0025894324463757,2.2772299349859857
2025-03-08 14:27:06.165,-0.002365588570317,2.2099919163761883
2025-03-08 14:27:06.185,-0.0021643593164416,2.183285831043958
2025-03-08 14:27:06.204,-0.0019961864300842,2.1950870579982737
2025-03-08 14:27:06.224,-0.0018792332885712,2.2310670992126536
2025-03-08 14:27:06.243,-0.0018404312603614,2.267500874250016
2025-03-08 14:27:06.263,-0.0019121966747875,2.276393761233193
2025-03-08 14:27:06.282,-0.0021249819771653,2.2315011328443
2025-03-08 14:27:06.302,-0.0024973268458126,2.113735483341188
2025-03-08 14:27:06.321,-0.0030261609472582,1.914731098926277
2025-03-08 14:27:06.341,-0.0036804260335378,1.6379270208829149
2025-03-08 14:27:06.360,-0.0044005135623566,1.297220740876016
2025-03-08 14:27:06.380,-0.0051046270156535,0.9138281989754576
2025-03-08 14:27:06.399,-0.0057012987886994,0.512316539947388
2025-03-08 14:27:06.419,-0.0061055144393354,0.1167997303446489
2025-03-08 14:27:06.438,-0.0062548317767911,-0.2519676022730144
2025-03-08 14:27:06.458,-0.006121807575357,-0.5782902181797085
2025-03-08 14:27:06.478,-0.0057198445500005,-0.8521473091543207
2025-03-08 14:27:06.497,-0.0051009496099235,-1.0690937405500072
2025-03-08 14:27:06.517,-0.0043455690223671,-1.229803852899798
2025-03-08 14:27:06.536,-0.0035463897809379,-1.339409716048797
2025-03-08 14:27:06.556,-0.002789478773129,-1.4065780506575032
2025-03-08 14:27:06.575,-0.0021369869643495,-1.4422188547009056
2025-03-08 14:27:06.595,-0.0016154925355129,-1.4578468386759076
2025-03-08 14:27:06.614,-0.0012127682345312,-1.463814945389505
2025-03-08 14:27:06.634,-0.0008836415084593,-1.467768492392498
2025-03-08 14:27:06.653,-0.0005633005997509,-1.473658141718444
2025-03-08 14:27:06.673,-0.0001845465751206,-1.481517604577063
2025-03-08 14:27:06.692,0.0003054057025649,-1.4880219763648734
2025-03-08 14:27:06.712,0.0009326505541987,-1.4876592999852818
2025-03-08 14:27:06.731,0.0016914251233035,-1.474215680966037
2025-03-08 14:27:06.751,0.002546496545392,-1.4422196178730058
2025-03-08 14:27:06.771,0.0034415696671498,-1.3880276333814854
2025-03-08 14:27:06.790,0.0043110632242183,-1.3103539374012183
2025-03-08 14:27:06.810,0.0050924821059395,-1.2102156606984638
2025-03-08 14:27:06.829,0.005737120267446,-1.0904250108374924
2025-03-08 14:27:06.849,0.0062174682210199,-0.9548579146032976
2025-03-08 14:27:06.868,0.0065302327680058,-0.8077424077934743
2025-03-08 14:27:06.888,0.006694415994421,-0.653153016811752
2025-03-08 14:27:06.907,0.00674466227536,-0.4948052513029796
2025-03-08 14:27:06.927,0.0067210699291904,-0.3361483255320307
2025-03-08 14:27:06.946,0.0066576142967748,-0.1806654428208257
2025-03-08 14:27:06.966,0.0065718991932776,-0.0322134482694774
2025-03-08 14:27:06.985,0.0064589022848207,0.1048087956409937
2025-03-08 14:27:07.005,0.0062906318347418,0.2256407711905427
2025-03-08 14:27:07.024,0.0060222685973253,0.3257424279452627
2025-03-08 14:27:07.044,0.0056037116608153,0.4016554887066078
2025-03-08 14:27:07.063,0.0049939181917862,0.4518722655383185
2025-03-08 14:27:07.083,0.0041744870911459,0.4773869936647799
2025-03-08 14:27:07.103,0.0031589097805556,0.4816731254710448
2025-03-08 14:27:07.122,0.0019948856409106,0.4699956792467989
2025-03-08 14:27:07.142,0.0007588731882934,0.4481737846905872
2025-03-08 14:27:07.161,-0.0004558840477824,0.4210916547140648
2025-03-08 14:27:07.181,-0.0015549214717778,0.3913607658257361
2025-03-08 14:27:07.200,-0.0024579745968784,0.3585234686139229
2025-03-08 14:27:07.220,-0.0031107884436877,0.3190535419226375
2025-03-08 14:27:07.239,-0.0034909793615952,0.2671897758578063
2025-03-08 14:27:07.259,-0.0036072355264322,0.1963998299647101
2025-03-08 14:27:07.278,-0.0034928108578552,0.1010845697218848
2025-03-08 14:27:07.298,-0.0031955515620203,-0.0219385728746824
2025-03-08 14:27:07.317,-0.0027672771149582,-0.1725540280474133
2025-03-08 14:27:07.337,-0.0022551191353565,-0.3472360700749272
2025-03-08 14:27:07.356,-0.0016965402238744,-0.5396135702956724
2025-03-08 14:27:07.376,-0.0011185126703792,-0.7414205688158332
2025-03-08 14:27:07.396,-0.0005401024907344,-0.9434787150516102
2025-03-08 14:27:07.415,2.31751292198466e-05,-1.1364326727429812
2025-03-08 14:27:07.435,0.0005551479606325,-1.3111192848849011
2025-03-08 14:27:07.454,0.001036500986777,-1.4586211838772858
2025-03-08 14:27:07.474,0.0014448146766841,-1.5701715232331934
2025-03-08 14:27:07.493,0.0017570460156155,-1.6371072327307628
2025-03-08 14:27:07.513,0.0019536374175673,-1.6510228390074264
2025-03-08 14:27:07.532,0.0020229933457469,-1.6041910821407532
2025-03-08 14:27:07.552,0.0019649548300714,-1.4902271172315482
2025-03-08 14:27:07.571,0.0017921247401105,-1.3049031639183677
2025-03-08 14:27:07.591,0.0015284279015509,-1.0469803571049645
2025-03-08 14:27:07.610,0.0012050590563257,-0.7189163925615456
2025-03-08 14:27:07.630,0.0008547821301609,-0.327327516683474
2025-03-08 14:27:07.649,0.000506090990154,0.1168759636152405
2025-03-08 14:27:07.669,0.0001787906714602,0.5987120376986703
2025-03-08 14:27:07.688,-0.0001178836947494,1.0997014593333467
2025-03-08 14:27:07.708,-0.0003842177511038,1.5987861902427902
2025-03-08 14:27:07.728,-0.0006264362270058,2.0736114256255207
2025-03-08 14:27:07.747,-0.0008517039577393,2.502199437650174
2025-03-08 14:27:07.767,-0.0010633194732917,2.864970423419904
2025-03-08 14:27:07.786,-0.0012577525038717,3.146898079003442
2025-03-08 14:27:07.806,-0.0014245972650451,3.3393934130054674
2025-03-08 14:27:07.825,-0.001549435095803,3.441399407663866
2025-03-08 14:27:07.845,-0.0016184817956252,3.4592319993623897
2025-03-08 14:27:07.864,-0.0016232901055339,3.4049271768670297
2025-03-08 14:27:07.884,-0.0015639496538252,3.293195282740177
2025-03-08 14:27:07.903,-0.0014499669700854,3.137460256473123
2025-03-08 14:27:07.923,-0.0012988609120168,2.9457848241808207
2025-03-08 14:27:07.942,-0.0011331248434206,2.7176631649827545
2025-03-08 14:27:07.962,-0.0009764600840265,2.442631237659885
2025-03-08 14:27:07.981,-0.0008501126488814,2.101382601487777
2025-03-08 14:27:08.001,-0.000769892350959,1.669620977349105
2025-03-08 14:27:08.021,-0.0007441909504715,1.124301638290077
2025-03-08 14:27:08.040,-0.0007731440537244,0.451300171283075
2025-03-08 14:27:08.060,-0.0008490068834366,-0.3469944343264713
2025-03-08 14:27:08.079,-0.0009577680925291,-1.246000439984809
2025-03-08 14:27:08.099,-0.0010818948617265,-2.1969911902734065
2025-03-08 14:27:08.118,-0.0012038262019811,-3.13017838545698
2025-03-08 14:27:08.138,-0.0013094997419922,-3.963140929634968
2025-03-08 14:27:08.157,-0.0013910119000664,-4.613570541850975
2025-03-08 14:27:08.177,-0.0014476359178928,-5.013948141706618
2025-03-08 14:27:08.196,-0.0014848684720302,-5.124830933526475
2025-03-08 14:27:08.216,-0.0015117964038324,-4.943346184386612
2025-03-08 14:27:08.235,-0.0015376289085019,-4.504453828399417
2025-03-08 14:27:08.255,-0.0015684905383393,-3.8743549767774574
2025-03-08 14:27:08.274,-0.0016054102975705,-3.137517402801496
2025-03-08 14:27:08.294,-0.0016439682048781,-2.380474331634888
2025-03-08 14:27:08.314,-0.0016754981435938,-1.6763121596160524
2025-03-08 14:27:08.333,-0.0016893034859347,-1.0734089230468016
2025-03-08 14:27:08.353,-0.0016751394355054,-0.590679307044979
2025-03-08 14:27:08.372,-0.0016252833937709,-0.2197613912116769
2025-03-08 14:27:08.392,-0.0015357943559829,0.0671885001669315
2025-03-08 14:27:08.411,-0.0014069160520528,0.3066476780711105
2025-03-08 14:27:08.431,-0.0012428372087151,0.532788370680817
2025-03-08 14:27:08.450,-0.0010510813064508,0.7690154999444012
2025-03-08 14:27:08.470,-0.0008416996520777,1.0235752883583886
2025-03-08 14:27:08.489,-0.0006263376908867,1.2896151184749007
2025-03-08 14:27:08.509,-0.0004172399280289,1.5489617867449423
2025-03-08 14:27:08.528,-0.0002263101997557,1.7781340962951822
2025-03-08 14:27:08.548,-6.433647514142495e-05,1.9548326436382808
2025-03-08 14:27:08.567,5.961618932115628e-05,2.0633140193740958
2025-03-08 14:27:08.587,0.0001387655225725,2.0975268238246305
2025-03-08 14:27:08.606,0.0001692870336759,2.061523944732055
2025-03-08 14:27:08.626,0.0001511920116912,1.9673467022231048
2025-03-08 14:27:08.646,8.933435358311718e-05,1.8311722026740984
2025-03-08 14:27:08.665,-5.728659057913943e-06,1.66888901364104
2025-03-08 14:27:08.685,-0.0001174654388025,1.492320203677352
2025-03-08 14:27:08.704,-0.0002241804636418,1.3070419066869474
2025-03-08 14:27:08.724,-0.0003012488838896,1.112249357233093
2025-03-08 14:27:08.743,-0.0003247525606528,0.9025585945094804
2025-03-08 14:27:08.763,-0.0002759768710934,0.671150447760605
2025-03-08 14:27:08.782,-0.0001457289014502,0.4133647732241288
2025-03-08 14:27:08.802,6.279870536121634e-05,0.1297836275584143
2025-03-08 14:27:08.821,0.0003336793169794,-0.1719942883169097
2025-03-08 14:27:08.841,0.0006408461971182,-0.4773248299454768
2025-03-08 14:27:08.860,0.0009532819984,-0.7662033387220706
2025-03-08 14:27:08.880,0.0012418460117662,-1.0161967878763811
2025-03-08 14:27:08.899,0.0014864080136772,-1.2058991171618052
2025-03-08 14:27:08.919,0.0016817603823097,-1.3181666268410417
2025-03-08 14:27:08.939,0.0018408248989773,-1.3425570551798904
2025-03-08 14:27:08.958,0.0019940993159824,-1.2766366260215287
2025-03-08 14:27:08.978,0.002185030356545,-1.126047701219026
2025-03-08 14:27:08.997,0.0024617631641179,-0.9034192743396556
2025-03-08 14:27:09.017,0.0028663005724495,-0.6263585474767653
2025-03-08 14:27:09.036,0.0034225710682149,-0.3148854283645095
2025-03-08 14:27:09.056,0.0041254113050736,0.0112469928322837
2025-03-08 14:27:09.075,0.0049329853309324,0.3348791788627052
2025-03-08 14:27:09.095,0.0057653500776424,0.6430030755403964
2025-03-08 14:27:09.114,0.0065112693786211,0.9272727246616962
2025-03-08 14:27:09.134,0.0070437441186513,1.183408829153167
2025-03-08 14:27:09.153,0.0072423365714929,1.4097105867590791
2025-03-08 14:27:09.173,0.0070179635085661,1.60515040110481
2025-03-08 14:27:09.192,0.0063343111879916,1.767687564319636
2025-03-08 14:27:09.212,0.0052200703243936,1.8934049184296609
2025-03-08 14:27:09.232,0.0037680378571527,1.976816888584991
2025-03-08 14:27:09.251,0.0021204613896709,2.0122858259803618
2025-03-08 14:27:09.271,0.0004438643250979,1.9960617884728256
2025-03-08 14:27:09.290,-0.0011004012643478,1.9281878746715109
2025-03-08 14:27:09.310,-0.0023826568656442,1.8134981768853695
2025-03-08 14:27:09.329,-0.0033226100119779,1.6611979088000155
2025-03-08 14:27:09.349,-0.0038954422324666,1.4829747223311305
2025-03-08 14:27:09.368,-0.004126804728806,1.2900893580484851
2025-03-08 14:27:09.388,-0.004079773438577,1.0902560460670072
2025-03-08 14:27:09.407,-0.0038379052660878,0.8852240307888719
2025-03-08 14:27:09.427,-0.0034883494104088,0.6697877124292069
2025-03-08 14:27:09.446,-0.0031080214225974,0.4325635399562429
2025-03-08 14:27:09.466,-0.0027546054600231,0.1584176487845036
2025-03-08 14:27:09.485,-0.0024628903025384,-0.1679526600587231
2025-03-08 14:27:09.505,-0.0022458507474009,-0.5580078349519166
2025-03-08 14:27:09.524,-0.0020991152242627,-1.0157126955004254
2025-03-08 14:27:09.544,-0.0020071297885995,-1.53495281017501
2025-03-08 14:27:09.564,-0.0019494627232456,-2.0985472827793137
2025-03-08 14:27:09.583,-0.0019061646606253,-2.6791165634473897
2025-03-08 14:27:09.603,-0.0018616441480037,-3.241749911012048
2025-03-08 14:27:09.622,-0.0018069070108541,-3.748102310870629
2025-03-08 14:27:09.642,-0.0017402025793592,-4.1612852089068575
2025-03-08 14:27:09.661,-0.0016662327553603,-4.450754933336957
2025-03-08 14:27:09.681,-0.0015942003469195,-4.596395309242891
2025-03-08 14:27:09.700,-0.001535100111794,-4.591147015505076
2025-03-08 14:27:09.720,-0.0014987542319965,-4.441809174738666
2025-03-08 14:27:09.739,-0.0014911394602181,-4.167945146463082
2025-03-08 14:27:09.759,-0.0015125287797916,-3.799088853184588
2025-03-08 14:27:09.778,-0.0015568556921624,-3.3706351450011454
2025-03-08 14:27:09.798,-0.001612487393948,-2.9189177885759743
2025-03-08 14:27:09.817,-0.0016642760234168,-2.476065380459496
2025-03-08 14:27:09.837,-0.0016964162781311,-2.065298027548918
2025-03-08 14:27:09.857,-0.0016954006757914,-1.697362549413762
2025-03-08 14:27:09.876,-0.0016523522617698,-1.368747673122517
2025-03-08 14:27:09.896,-0.0015642568557708,-1.0621350083645549
2025-03-08 14:27:09.915,-0.0014340000170802,-0.7492377989241881
2025-03-08 14:27:09.935,-0.0012694398159841,-0.3958130390953147
2025-03-08 14:27:09.954,-0.0010818812779826,0.0317282141109363
2025-03-08 14:27:09.974,-0.0008842887203446,0.5589904980924619
2025-03-08 14:27:09.993,-0.0006894956449288,1.1966402047359237
2025-03-08 14:27:10.013,-0.0005086189086044,1.935043394091452
2025-03-08 14:27:10.032,-0.0003498408508964,2.7416953836595384
2025-03-08 14:27:10.052,-0.000217660709879,3.562428548987989
2025-03-08 14:27:10.071,-0.0001126428374648,4.326897303307706
2025-03-08 14:27:10.091,-3.1633615607675845e-05,4.958055511793139
2025-03-08 14:27:10.110,3.160229119992552e-05,5.384353744669205
2025-03-08 14:27:10.130,8.538029493614374e-05,5.552430245998558
2025-03-08 14:27:10.149,0.0001388093358936,5.437505319736399
2025-03-08 14:27:10.169,0.0002003638140726,5.04885822074987
2025-03-08 14:27:10.189,0.0002765274891382,4.428793924005663
2025-03-08 14:27:10.208,0.0003707582079486,3.645147170722491
2025-03-08 14:27:10.228,0.0004829955107182,2.779068338649199
2025-03-08 14:27:10.247,0.000609832493787,1.9110037769431196
2025-03-08 14:27:10.267,0.0007453115931115,1.1080810525312572
2025-03-08 14:27:10.286,0.0008821379591976,0.4155319366234141
2025-03-08 14:27:10.306,0.0010130144358195,-0.1464139392670469
2025-03-08 14:27:10.325,0.0011318228077897,-0.5801675868805565
2025-03-08 14:27:10.345,0.001234463329682,-0.9042230085591508
2025-03-08 14:27:10.364,0.0013192567809646,-1.1444719779470809
2025-03-08 14:27:10.384,0.0013868857232473,-1.3256600867143455
2025-03-08 14:27:10.403,0.0014399056855761,-1.4649136254984547
2025-03-08 14:27:10.423,0.001481904800568,-1.568554552704241
2025-03-08 14:27:10.442,0.001516450423288,-1.6325303154636148
2025-03-08 14:27:10.462,0.0015460303432743,-1.645904594823374
2025-03-08 14:27:10.482,0.0015712384398862,-1.5961649225750845
2025-03-08 14:27:10.501,0.0015904352245781,-1.4747600417363251
2025-03-08 14:27:10.521,0.0016000260605845,-1.281363975831757
2025-03-08 14:27:10.540,0.0015953604756304,-1.0258326511332905
2025-03-08 14:27:10.560,0.001572093324005,-0.7275123344997398
2025-03-08 14:27:10.579,0.0015276985874302,-0.4122583641251052
2025-03-08 14:27:10.599,0.0014627295166618,-0.1080334162707598
2025-03-08 14:27:10.618,0.0013814132777533,0.1598293781232262
2025-03-08 14:27:10.638,0.0012912833420386,0.3726904381661629
2025-03-08 14:27:10.657,0.0012017958040101,0.5212674341818978
2025-03-08 14:27:10.677,0.0011222074108748,0.6065241024928613
2025-03-08 14:27:10.696,0.0010592973409854,0.6387289871756838
2025-03-08 14:27:10.716,0.0010156251847396,0.6348843642250318
2025-03-08 14:27:10.735,0.0009888443349065,0.6149512246476424
2025-03-08 14:27:10.755,0.0009722263393708,0.5975207045798002
2025-03-08 14:27:10.775,0.0009561966192762,0.595761023695314
2025-03-08 14:27:10.794,0.0009304645940199,0.6144934994282077
2025-03-08 14:27:10.814,0.0008862566367514,0.6490430392425657
2025-03-08 14:27:10.833,0.0008181843491248,0.6861031331415888
2025-03-08 14:27:10.853,0.0007253735177109,0.7063874816188468
2025-03-08 14:27:10.872,0.0006116301292345,0.6884552559244226
2025-03-08 14:27:10.892,0.0004846224295237,0.6128826388422783
2025-03-08 14:27:10.911,0.000354287354063,0.4659346476844394
2025-03-08 14:27:10.931,0.0002308594477011,0.2420495677712152
2025-03-08 14:27:10.950,0.0001229826213534,-0.0552691463358965
2025-03-08 14:27:10.970,3.626416255875431e-05,-0.414226046372339
2025-03-08 14:27:10.989,-2.757053020376809e-05,-0.8169256237905052
2025-03-08 14:27:11.009,-7.094475081028069e-05,-1.2424658412648533
2025-03-08 14:27:11.028,-0.000100203412174,-1.67022209165459
2025-03-08 14:27:11.048,-0.0001249083635373,-2.0825452651183363
2025-03-08 14:27:11.067,-0.0001565716342822,-2.466215947100317
2025-03-08 14:27:11.087,-0.0002067533503667,-2.812306833162845
2025-03-08 14:27:11.107,-0.0002846427664976,-3.114549500559703
2025-03-08 14:27:11.126,-0.0003945484820897,-3.366770782960836
2025-03-08 14:27:11.146,-0.0005339873102851,-3.560317460283958
2025-03-08 14:27:11.165,-0.0006931054265745,-3.682483316145229
2025-03-08 14:27:11.185,-0.0008558998982308,-3.716706641342871
2025-03-08 14:27:11.204,-0.001003197033532,-3.64475810581148
2025-03-08 14:27:11.224,-0.001116779760624,-3.4504588956760878
2025-03-08 14:27:11.243,-0.0011836597670462,-3.1238998774429096
2025-03-08 14:27:11.263,-0.0011993952352848,-2.664894703354804
2025-03-08 14:27:11.282,-0.0011695572410956,-2.084598093946602
2025-03-08 14:27:11.302,-0.0011088533560473,-1.4047888639584312
2025-03-08 14:27:11.321,-0.0010379436522066,-0.6550350706370045
2025-03-08 14:27:11.341,-0.0009785825593999,0.1314513704163188
2025-03-08 14:27:11.360,-0.0009482618107781,0.9222004357888144
2025-03-08 14:27:11.380,-0.0009557666848561,1.6891374678855942
2025-03-08 14:27:11.400,-0.0009988225937138,2.410874180722503
2025-03-08 14:27:11.419,-0.0010644117693122,3.073425085186027
2025-03-08 14:27:11.439,-0.0011316562114847,3.669495840116909
2025-03-08 14:27:11.458,-0.0011765925117024,4.196721662474278
2025-03-08 14:27:11.478,-0.0011777744025981,4.655331422846242
2025-03-08 14:27:11.497,-0.0011214574550404,5.045709347777106
2025-03-08 14:27:11.517,-0.0010051787179543,5.366268433119284
2025-03-08 14:27:11.536,-0.0008388633383881,5.611971003387976
2025-03-08 14:27:11.556,-0.0006431572736711,5.773737949427446
2025-03-08 14:27:11.575,-0.000445392620591,5.838869282972542
2025-03-08 14:27:11.595,-0.0002742053449295,5.792453828038976
2025-03-08 14:27:11.614,-0.0001541051672896,5.6195938083295776
2025-03-08 14:27:11.634,-0.0001011805342562,5.308139425443483
2025-03-08 14:27:11.653,-0.0001207327177135,4.851540076407267
2025-03-08 14:27:11.673,-0.0002071383515527,4.251375267428685
2025-03-08 14:27:11.693,-0.0003457466071462,3.51911970451419
2025-03-08 14:27:11.712,-0.0005162047187992,2.6767211414919303
2025-03-08 14:27:11.732,-0.0006963701462225,1.7556526037433908
2025-03-08 14:27:11.751,-0.0008659774202003,0.7942942060085295
2025-03-08 14:27:11.771,-0.0010094472201047,-0.1661663117899066
2025-03-08 14:27:11.790,-0.0011175316816124,-1.0867055363658948
2025-03-08 14:27:11.810,-0.0011877628549746,-1.935340439600842
2025-03-08 14:27:11.829,-0.0012238501283998,-2.690803527465635
2025-03-08 14:27:11.849,-0.0012342549331979,-3.344085119616126
2025-03-08 14:27:11.868,-0.0012301908086015,-3.89736746944925
2025-03-08 14:27:11.888,-0.0012233021352181,-4.360503058186415
2025-03-08 14:27:11.907,-0.0012233051939713,-4.745833034585255
2025-03-08 14:27:11.927,-0.0012359344724244,-5.062633545470159
2025-03-08 14:27:11.946,-0.001261579662609,-5.312659693637252
2025-03-08 14:27:11.966,-0.0012949582179013,-5.488028759811049
2025-03-08 14:27:11.985,-0.0013260059749367,-5.572073061458713
2025-03-08 14:27:12.005,-0.0013418940795298,-5.542979855907948
2025-03-08 14:27:12.025,-0.0013297630629283,-5.379287880413596
2025-03-08 14:27:12.044,-0.001279530518636,-5.065854395431966
2025-03-08 14:27:12.064,-0.0011860894061225,-4.598843073876628
2025-03-08 14:27:12.083,-0.001050381312197,-3.988579764838026
2025-03-08 14:27:12.103,-0.0008791291457688,-3.2596638061426138
2025-03-08 14:27:12.122,-0.0006833540802005,-2.448362114369422
2025-03-08 14:27:12.142,-0.0004760867978473,-1.597911706252202
2025-03-08 14:27:12.161,-0.0002698215706601,-0.752787802271987
2025-03-08 14:27:12.181,-7.422217719865295e-05,0.0468408173311463
2025-03-08 14:27:12.200,0.0001055641369286,0.7693893069803168
2025-03-08 14:27:12.220,0.0002697903237062,1.3941808052451576
2025-03-08 14:27:12.239,0.0004241068646876,1.9116415240535944
2025-03-08 14:27:12.259,0.0005786526497823,2.321666944964121
2025-03-08 14:27:12.278,0.0007462784291025,2.630791469684992
2025-03-08 14:27:12.298,0.0009400426457107,2.8489369202886485
2025-03-08 14:27:12.318,0.0011702876372729,2.986471472640035
2025-03-08 14:27:12.337,0.0014418170528065,3.0521208696580766
2025-03-08 14:27:12.357,0.0017518611179461,3.0520097544714617
2025-03-08 14:27:12.376,0.0020895064557888,2.9898454264346195
2025-03-08 14:27:12.396,0.0024370090660425,2.868025902007774
2025-03-08 14:27:12.415,0.0027729505176985,2.6892597893266004
2025-03-08 14:27:12.435,0.0030766704308369,2.4581385769781265
2025-03-08 14:27:12.454,0.0033329549333922,2.1820622180184333
2025-03-08 14:27:12.474,0.0035357031865934,1.871068012201039
2025-03-08 14:27:12.493,0.0036893349112313,1.5364750845835258
2025-03-08 14:27:12.513,0.0038071032288755,1.1887378892413778
2025-03-08 14:27:12.532,0.0039062185702718,0.8353064930036858
2025-03-08 14:27:12.552,0.0040006483163579,0.4794138049235149
2025-03-08 14:27:12.571,0.0040934168490821,0.120446523608045
2025-03-08 14:27:12.591,0.0041708747439063,-0.2440236326754572
2025-03-08 14:27:12.610,0.0042013485241752,-0.6151363753880201
2025-03-08 14:27:12.630,0.0041395786581085,-0.9896125168758902
2025-03-08 14:27:12.650,0.0039365958491394,-1.3576943429923594
2025-03-08 14:27:12.669,0.0035528468613585,-1.7028947369044167
2025-03-08 14:27:12.689,0.0029712514870626,-2.0036956233295493
2025-03-08 14:27:12.708,0.0022068637386623,-2.236746056544163
2025-03-08 14:27:12.728,0.001310729685583,-2.3807233645460024
2025-03-08 14:27:12.747,0.0003668085071971,-2.4199220832366506
2025-03-08 14:27:12.767,-0.0005180022781115,-2.3468061717269717
2025-03-08 14:27:12.786,-0.0012296327202044,-2.1631105821813037
2025-03-08 14:27:12.806,-0.0016661073674226,-1.879477857037568
2025-03-08 14:27:12.825,-0.0017568020815496,-1.5139304144511374
2025-03-08 14:27:12.845,-0.0014775549996011,-1.0896240326925464
2025-03-08 14:27:12.864,-0.0008581017499397,-0.6322995183131294
2025-03-08 14:27:12.884,1.993730796690396e-05,-0.1677186031075022
2025-03-08 14:27:12.903,0.0010341406613759,0.2807606435061974
2025-03-08 14:27:12.923,0.002039295106093,0.6943611264439383
2025-03-08 14:27:12.943,0.0028891264418448,1.060648390116324
2025-03-08 14:27:12.962,0.0034581419184201,1.3745855560890936
2025-03-08 14:27:12.982,0.0036600606044226,1.6385046765844846
2025-03-08 14:27:13.001,0.0034598008161316,1.8606770032559212
2025-03-08 14:27:13.021,0.0028769343855831,2.0524267103058045
2025-03-08 14:27:13.040,0.0019799254077922,2.224151509863587
2025-03-08 14:27:13.060,0.000872164320204,2.3810393843035342
2025-03-08 14:27:13.079,-0.0003275499066497,2.5195233668963866
2025-03-08 14:27:13.099,-0.0015061643470433,2.6254846143027386
2025-03-08 14:27:13.118,-0.0025746968100561,2.674898325389538
2025-03-08 14:27:13.138,-0.0034797703771733,2.637099899627006
2025-03-08 14:27:13.157,-0.0042060698579405,2.480246083793759
2025-03-08 14:27:13.177,-0.0047698727678255,2.1779854379303805
2025-03-08 14:27:13.196,-0.0052061902723125,1.7159693745822364
2025-03-08 14:27:13.216,-0.0055535299981608,1.0967521870649208
2025-03-08 14:27:13.236,-0.0058404631777867,0.341912673473371
2025-03-08 14:27:13.255,-0.0060772488128829,-0.5091566546879962
2025-03-08 14:27:13.275,-0.0062542267511877,-1.4035663553758253
2025-03-08 14:27:13.294,-0.0063469344616581,-2.2814236349679704
2025-03-08 14:27:13.314,-0.0063262275704512,-3.083170738739008
2025-03-08 14:27:13.333,-0.0061704456597406,-3.756422291647992
2025-03-08 14:27:13.353,-0.0058761872779232,-4.261255094931555
2025-03-08 14:27:13.372,-0.0054646403353269,-4.573349052650343
2025-03-08 14:27:13.392,-0.0049815099824748,-4.68481554116006
2025-03-08 14:27:13.411,-0.0044901285141175,-4.602898821052935
2025-03-08 14:27:13.431,-0.004059009159709,-4.346987233894493
2025-03-08 14:27:13.450,-0.0037465580665895,-3.944550350266344
2025-03-08 14:27:13.470,-0.0035865152304838,-3.426741178970803
2025-03-08 14:27:13.489,-0.0035777204561029,-2.8244402027581774
2025-03-08 14:27:13.509,-0.0036810119598457,-2.165412604317693
2025-03-08 14:27:13.528,-0.003824650413829,-1.4729717355696732
2025-03-08 14:27:13.548,-0.0039178238200447,-0.7661351304323997
2025-03-08 14:27:13.568,-0.0038697602252384,-0.0608411835953042
2025-03-08 14:27:13.587,-0.0036101516707969,0.6284877447789105
2025-03-08 14:27:13.607,-0.0031056122168903,1.2877804092837415
2025-03-08 14:27:13.626,-0.0023674998320637,1.9030475386420935
2025-03-08 14:27:13.646,-0.0014489230363164,2.461074234882913
2025-03-08 14:27:13.665,-0.0004322931027464,2.9507017752004283
2025-03-08 14:27:13.685,0.0005883813922858,3.3640659818674523
2025-03-08 14:27:13.704,0.0015254531493521,3.6971785881084274
2025-03-08 14:27:13.724,0.0023119489990267,3.949518685081506
2025-03-08 14:27:13.743,0.002910243814473,4.122718204195246
2025-03-08 14:27:13.763,0.0033147834463592,4.2187995764858
2025-03-08 14:27:13.782,0.0035495926594536,4.238595877694527
2025-03-08 14:27:13.802,0.0036617865968567,4.180885807173058
2025-03-08 14:27:13.821,0.0037124483841212,4.04246544978974
2025-03-08 14:27:13.841,0.0037662257618505,3.819012673796794
2025-03-08 14:27:13.861,0.0038809275114053,3.5063569597871207
2025-03-08 14:27:13.880,0.0040983030417719,3.1017556836696776
2025-03-08 14:27:13.900,0.0044370834326314,2.6049704649855427
2025-03-08 14:27:13.919,0.0048892234168516,2.019181772045652
2025-03-08 14:27:13.939,0.0054200309140456,1.351897431763306
2025-03-08 14:27:13.958,0.0059724404296883,0.6159200137840771
2025-03-08 14:27:13.978,0.0064751054900156,-0.1697917217663861
2025-03-08 14:27:13.997,0.0068533679587035,-0.9797368934081204
2025-03-08 14:27:14.017,0.0070416487337855,-1.7823633234619876
2025-03-08 14:27:14.036,0.0069954616641564,-2.5416574366991203
2025-03-08 14:27:14.056,0.0067010468917248,-3.219759736207467
2025-03-08 14:27:14.075,0.0061805721026922,-3.780270492476032
2025-03-08 14:27:14.095,0.0054911804796931,-4.191778459446988
2025-03-08 14:27:14.114,0.0047171353632051,-4.431136440280705
2025-03-08 14:27:14.134,0.0039558814372421,-4.48605969619177
2025-03-08 14:27:14.154,0.0033005212802991,-4.356697393970091
2025-03-08 14:27:14.173,0.0028223022329394,-4.055930382995773
2025-03-08 14:27:14.193,0.0025567601228453,-3.60829935473907
2025-03-08 14:27:14.212,0.0024962264774519,-3.0476609998123725
2025-03-08 14:27:14.232,0.0025899760315063,-2.413872466334474
2025-03-08 14:27:14.251,0.0027519483985213,-1.748962999761379
2025-03-08 14:27:14.271,0.0028749704255351,-1.093310870127875
2025-03-08 14:27:14.290,0.0028495816191996,-0.4822841129351055
2025-03-08 14:27:14.310,0.0025847005300609,0.0563302749532254
2025-03-08 14:27:14.329,0.0020265371379934,0.5039166490568356
2025-03-08 14:27:14.349,0.0011717572062068,0.8515463447350214
2025-03-08 14:27:14.368,7.141605347558007e-05,1.0994219150208184
2025-03-08 14:27:14.388,-0.0011761509672817,1.25539495346585
2025-03-08 14:27:14.407,-0.0024426920804234,1.3328708193394676
2025-03-08 14:27:14.427,-0.0035941128687224,1.3485253950429663
2025-03-08 14:27:14.446,-0.0045158375160303,1.3202293701332648
2025-03-08 14:27:14.466,-0.005133711169933,1.26538864117753
2025-03-08 14:27:14.486,-0.0054259030651908,1.199647432314358
2025-03-08 14:27:14.505,-0.0054234709425163,1.135713261445714
2025-03-08 14:27:14.525,-0.0051998102904117,1.082083730475168
2025-03-08 14:27:14.544,-0.0048516086563905,1.0417058364447882
2025-03-08 14:27:14.564,-0.0044757136865957,1.0109469006467986
2025-03-08 14:27:14.583,-0.0041471441460547,0.979480769597178
2025-03-08 14:27:14.603,-0.0039031610350685,0.9316221055610932
2025-03-08 14:27:14.622,-0.0037369690985971,0.8492642089758111
2025-03-08 14:27:14.642,-0.0036025175923598,0.716040802084342
2025-03-08 14:27:14.661,-0.0034293975919138,0.5218530344994643
2025-03-08 14:27:14.681,-0.0031444620275921,0.2666542863527301
2025-03-08 14:27:14.700,-0.0026949985824381,-0.0375447845121895
2025-03-08 14:27:14.720,-0.0020674662920945,-0.3671043313754408
2025-03-08 14:27:14.739,-0.0012963319939657,-0.6896703492820504
2025-03-08 14:27:14.759,-0.0004597116577272,-0.9689978982894694
2025-03-08 14:27:14.779,0.0003377679381075,-1.170644763046182
2025-03-08 14:27:14.798,0.0009902008467089,-1.2673507104955986
2025-03-08 14:27:14.818,0.0014160526407175,-1.2430934558343032
2025-03-08 14:27:14.837,0.0015764992952391,-1.09520945839646
2025-03-08 14:27:14.857,0.0014816761627544,-0.8344313149205757
2025-03-08 14:27:14.876,0.0011843892776607,-0.4830790241501564
2025-03-08 14:27:14.896,0.0007645118185633,-0.0718651556293726
2025-03-08 14:27:14.915,0.0003091602579324,0.3641615312452454
2025-03-08 14:27:14.935,-0.0001061859430218,0.7900289419773179
2025-03-08 14:27:14.954,-0.0004316046446835,1.1751277714218231
2025-03-08 14:27:14.974,-0.0006494174931309,1.4968797848512696
2025-03-08 14:27:14.993,-0.0007732340572609,1.743291704752356
2025-03-08 14:27:15.013,-0.0008405668804432,1.913964710797032
2025-03-08 14:27:15.032,-0.0009013283278865,2.019321029410196
2025-03-08 14:27:15.052,-0.0010049625592483,2.0781122418398588
2025-03-08 14:27:15.071,-0.0011888314548068,2.113604836421948
2025-03-08 14:27:15.091,-0.001469982562048,2.1490904806237934
2025-03-08 14:27:15.111,-0.0018417419057385,2.203470199593062
2025-03-08 14:27:15.130,-0.0022756841149282,2.2876035502396928
2025-03-08 14:27:15.150,-0.0027284038283063,2.401939702065937
2025-03-08 14:27:15.169,-0.0031513304448521,2.5357230948011265
2025-03-08 14:27:15.189,-0.0035010158412088,2.667841566794902
2025-03-08 14:27:15.208,-0.0037472810782275,2.76917779162586
2025-03-08 14:27:15.228,-0.003877401700962,2.8061455208404147
2025-03-08 14:27:15.247,-0.0038958118726348,2.7449634766570368
2025-03-08 14:27:15.267,-0.0038200990413675,2.5561602781247985
2025-03-08 14:27:15.286,-0.0036749174314144,2.2187989604606693
2025-03-08 14:27:15.306,-0.0034856841931955,1.72392247840933
2025-03-08 14:27:15.325,-0.0032735939726201,1.076739552430102
2025-03-08 14:27:15.345,-0.0030528164941105,0.2971330006119649
2025-03-08 14:27:15.364,-0.0028299924299413,-0.5817562927262694
2025-03-08 14:27:15.384,-0.0026055265041146,-1.5168109931069909
2025-03-08 14:27:15.404,-0.0023758238139303,-2.4596376602784606
2025-03-08 14:27:15.423,-0.002135580430986,-3.361890708782449
2025-03-08 14:27:15.443,-0.0018794848311346,-4.180253035669266
2025-03-08 14:27:15.462,-0.0016030811103462,-4.880191514746116
2025-03-08 14:27:15.482,-0.0013029152853491,-5.437932258255923
2025-03-08 14:27:15.501,-0.0009762969372903,-5.840568239598289
2025-03-08 14:27:15.521,-0.0006210223306224,-6.084677030562225
2025-03-08 14:27:15.540,-0.0002352863966511,-6.174146332749708
2025-03-08 14:27:15.560,0.0001821269393841,-6.117976807605149
2025-03-08 14:27:15.579,0.0006313660295623,-5.928632455511379
2025-03-08 14:27:15.599,0.0011107804262135,-5.621120785680047
2025-03-08 14:27:15.618,0.0016160794153208,-5.212575158305578
2025-03-08 14:27:15.638,0.0021397120666948,-4.72186067330353
2025-03-08 14:27:15.657,0.0026709541429368,-4.168743759493496
2025-03-08 14:27:15.677,0.003197136548949,-3.572442039535541
2025-03-08 14:27:15.697,0.0037061360592157,-2.949768231905814
2025-03-08 14:27:15.716,0.0041897682621611,-2.313395850214633
2025-03-08 14:27:15.736,0.0046472630149398,-1.6708411452589187
2025-03-08 14:27:15.755,0.0050877476471984,-1.0245503623222765
2025-03-08 14:27:15.775,0.0055307069018301,-0.3731293555635003
2025-03-08 14:27:15.794,0.0060037042554722,0.2865656937146648
2025-03-08 14:27:15.814,0.0065371407418216,0.956924303677362
2025-03-08 14:27:15.833,0.0071564181985627,1.6371165631703757
2025-03-08 14:27:15.853,0.0078725319477862,2.321023326407585
2025-03-08 14:27:15.872,0.008672782344095,2.995804441453249
2025-03-08 14:27:15.892,0.0095138038889412,3.641280365089191
2025-03-08 14:27:15.911,0.0103192436194694,4.230303454481184
2025-03-08 14:27:15.931,0.010984005880002,4.7303248227761125
2025-03-08 14:27:15.950,0.0113859569566571,5.106326945585693
2025-03-08 14:27:15.970,0.0114044118923532,5.32509465228223
2025-03-08 14:27:15.989,0.0109428324526237,5.360421109621797
2025-03-08 14:27:16.009,0.0099513936778235,5.198408403658783
2025-03-08 14:27:16.029,0.0084440639392222,4.841734854139177
2025-03-08 14:27:16.048,0.0065052369918946,4.311797426084237
2025-03-08 14:27:16.068,0.0042830640552463,3.6480181373510745
2025-03-08 14:27:16.087,0.0019700308965707,2.9041889418173152
2025-03-08 14:27:16.107,-0.0002252736703306,2.1423226276545027
2025-03-08 14:27:16.126,-0.0021093432825314,1.4249347000240704
2025-03-08 14:27:16.146,-0.0035321820060487,0.8069503751981266
2025-03-08 14:27:16.165,-0.0044086696525204,0.328510720975016
2025-03-08 14:27:16.185,-0.004730037164574,0.0098453556605453
2025-03-08 14:27:16.204,-0.0045637375983321,-0.1509182449095458
2025-03-08 14:27:16.224,-0.004041223725037,-0.1766128809424254
2025-03-08 14:27:16.243,-0.0033350777924873,-0.106744290420971
2025-03-08 14:27:16.263,-0.0026293884136319,0.0091935551254717
2025-03-08 14:27:16.282,-0.0020891797551596,0.1196610898844782
2025-03-08 14:27:16.302,-0.0018350586931168,0.1789983878487691
2025-03-08 14:27:16.322,-0.0019278840125937,0.1541627325485292
2025-03-08 14:27:16.341,-0.0023657316688501,0.0293767144265404
2025-03-08 14:27:16.361,-0.0030924969648059,-0.1918630007535703
2025-03-08 14:27:16.380,-0.0040148639636861,-0.4875893845716356
2025-03-08 14:27:16.400,-0.0050227386428165,-0.8207968105091855
2025-03-08 14:27:16.419,-0.0060080798591109,-1.145006102406081
2025-03-08 14:27:16.439,-0.0068784671612209,-1.4112143765618628
2025-03-08 14:27:16.458,-0.0075641839531306,-1.575292016238806
2025-03-08 14:27:16.478,-0.0080200130293984,-1.6047936550068815
2025-03-08 14:27:16.497,-0.0082242649757693,-1.4841925572436392
2025-03-08 14:27:16.517,-0.0081772780077389,-1.2177521394115782
2025-03-08 14:27:16.536,-0.0079001291187406,-0.829590535889744
2025-03-08 14:27:16.556,-0.0074327072873951,-0.3609119303305826
2025-03-08 14:27:16.575,-0.0068297345569131,0.1351977696380197
2025-03-08 14:27:16.595,-0.0061540505166513,0.6006475822116927
2025-03-08 14:27:16.615,-0.0054678332434549,0.9798839777862938
2025-03-08 14:27:16.634,-0.0048235118861013,1.2270264007215883
2025-03-08 14:27:16.654,-0.0042564567034908,1.311642298136516
2025-03-08 14:27:16.673,-0.0037811270679415,1.2224606076305622
2025-03-08 14:27:16.693,-0.0033914578703284,0.9686251043649428
2025-03-08 14:27:16.712,-0.0030651639688408,0.5783836279353815
2025-03-08 14:27:16.732,-0.0027706607284829,0.0953859902696453
2025-03-08 14:27:16.751,-0.0024747580005524,-0.4269694408134082
2025-03-08 14:27:16.771,-0.0021493758152038,-0.9324537673505142
2025-03-08 14:27:16.790,-0.0017761311484512,-1.3693074403339756
2025-03-08 14:27:16.810,-0.0013483610885257,-1.6969244648602788
2025-03-08 14:27:16.829,-0.0008706535802835,-1.8909233910922671
2025-03-08 14:27:16.849,-0.000356263743894,-1.9457681380118157
2025-03-08 14:27:16.868,0.0001769064402099,-1.8744536520678048
2025-03-08 14:27:16.888,0.0007107536095208,-1.7052801210784982
2025-03-08 14:27:16.907,0.0012306415618888,-1.476293707773337
2025-03-08 14:27:16.927,0.0017272292829206,-1.2284285622053717
2025-03-08 14:27:16.947,0.002195880881726,-0.9986261671823836
2025-03-08 14:27:16.966,0.0026337692516688,-0.8141742786801913
2025-03-08 14:27:16.986,0.003035472272113,-0.6892106903892367
2025-03-08 14:27:17.005,0.003388370427177,-0.6238571356639497
2025-03-08 14:27:17.025,0.0036693886320903,-0.6059092783271666
2025-03-08 14:27:17.044,0.0038445384566429,-0.6145335382887187
2025-03-08 14:27:17.064,0.0038722856044674,-0.6250993845804804
2025-03-08 14:27:17.083,0.0037110035931491,-0.6141534072648004
2025-03-08 14:27:17.103,0.0033297550996751,-0.5636284178082278
2025-03-08 14:27:17.122,0.0027205088173416,-0.4636425120952389
2025-03-08 14:27:17.142,0.0019088833276504,-0.3135962055652126
2025-03-08 14:27:17.161,0.0009599749586172,-0.121618569813638
2025-03-08 14:27:17.181,-2.3806238724501923e-05,0.0973240115296235
2025-03-08 14:27:17.200,-0.0009144568120079,0.3241805749392085
2025-03-08 14:27:17.220,-0.0015787168279693,0.5388891865288276
2025-03-08 14:27:17.240,-0.0019032177814822,0.7232599400542837
2025-03-08 14:27:17.259,-0.0018184592043356,0.8632651111813476
2025-03-08 14:27:17.279,-0.0013152438892681,0.9504886353862878
2025-03-08 14:27:17.298,-0.0004490411564579,0.9826450552481958
2025-03-08 14:27:17.318,0.0006688564126034,0.9632143232316096
2025-03-08 14:27:17.337,0.001890961051516,0.9003468301201554
2025-03-08 14:27:17.357,0.0030591221280651,0.8052740613169942
2025-03-08 14:27:17.376,0.0040302826639589,0.6905169449015489
2025-03-08 14:27:17.396,0.0046975145025482,0.5682114568647407
2025-03-08 14:27:17.415,0.0050031257325738,0.4488454842340139
2025-03-08 14:27:17.435,0.0049427084065591,0.3405918748189265
2025-03-08 14:27:17.454,0.0045607922379823,0.2492356141567573
2025-03-08 14:27:17.474,0.0039399128578884,0.178495920532858
2025-03-08 14:27:17.493,0.0031853711433889,0.1304342087809613
2025-03-08 14:27:17.513,0.002408047073553,0.1056754679600482
2025-03-08 14:27:17.532,0.0017076681236061,0.10333458368655
2025-03-08 14:27:17.552,0.0011589620513284,0.1207499101942204
2025-03-08 14:27:17.572,0.0008028744228682,0.1532867226216092
2025-03-08 14:27:17.591,0.0006442262705296,0.1945103806220136
2025-03-08 14:27:17.611,0.000655874793048,0.2369230666647777
2025-03-08 14:27:17.630,0.0007880218594949,0.2732471446195786
2025-03-08 14:27:17.650,0.0009802813090039,0.2979968503311624
2025-03-08 14:27:17.669,0.0011737577270717,0.3088881627107737
2025-03-08 14:27:17.689,0.0013207232230565,0.3075664090774596
2025-03-08 14:27:17.708,0.0013903366245905,0.2992411477375261
2025-03-08 14:27:17.728,0.001369973490095,0.2911253730416053
2025-03-08 14:27:17.747,0.0012628325128673,0.2900105660611305
2025-03-08 14:27:17.767,0.0010832661957509,0.2997048438070553
2025-03-08 14:27:17.786,0.0008515324874603,0.3192278046285887
2025-03-08 14:27:17.806,0.00058933985278,0.3424831705963422
2025-03-08 14:27:17.825,0.0003168623966783,0.3596556818458566
2025-03-08 14:27:17.845,5.1181920781582366e-05,0.3599733935192543
2025-03-08 14:27:17.865,-0.0001943331720434,0.3349717171717102
2025-03-08 14:27:17.884,-0.0004102706201771,0.2811800929833591
2025-03-08 14:27:17.904,-0.00059136636241,0.2012977526809155
2025-03-08 14:27:17.923,-0.0007366255620265,0.1033759518916515
2025-03-08 14:27:17.943,-0.0008491049204492,-0.0018644970937005
2025-03-08 14:27:17.962,-0.0009351022207113,-0.1048652140146814
2025-03-08 14:27:17.982,-0.0010027499924551,-0.2011126125190079
2025-03-08 14:27:18.001,-0.0010602990996749,-0.2939039334394921
2025-03-08 14:27:18.021,-0.0011145182765614,-0.3950875642753038
2025-03-08 14:27:18.040,-0.0011695972496046,-0.5233558632533226
2025-03-08 14:27:18.060,-0.0012267971583082,-0.7002438469663896
2025-03-08 14:27:18.079,-0.001284898063008,-0.9445254637518472
2025-03-08 14:27:18.099,-0.0013412698710517,-1.2661173738725506
2025-03-08 14:27:18.118,-0.0013931857090755,-1.6608301166067088
2025-03-08 14:27:18.138,-0.0014388984289641,-2.1072764867118594
2025-03-08 14:27:18.158,-0.0014781025815985,-2.5669100897048747
2025-03-08 14:27:18.177,-0.0015117042020591,-2.987556833492151
2025-03-08 14:27:18.197,-0.0015411568624478,-3.310056892906786
2025-03-08 14:27:18.216,-0.0015677576118477,-3.476953496129015
2025-03-08 14:27:18.236,-0.0015921522915398,-3.441717539945917
2025-03-08 14:27:18.255,-0.0016140552514533,-3.17686373991789
2025-03-08 14:27:18.275,-0.0016320770848482,-2.6794953070344327
2025-03-08 14:27:18.294,-0.0016436194288794,-1.9732645549836851
2025-03-08 14:27:18.314,-0.0016449068687596,-1.1063695665468647
2025-03-08 14:27:18.333,-0.0016312668075944,-0.1458922378063428
2025-03-08 14:27:18.353,-0.0015977330688667,0.8306207738708329
2025-03-08 14:27:18.372,-0.0015399720799722,1.7450316136260684
2025-03-08 14:27:18.392,-0.0014554154511158,2.528477060087245
2025-03-08 14:27:18.411,-0.0013443378321689,3.129835004282574
2025-03-08 14:27:18.431,-0.0012105072937433,3.521649900412711
2025-03-08 14:27:18.450,-0.0010610533140284,3.702741759392636
2025-03-08 14:27:18.470,-0.0009054027758122,3.697159388069465
2025-03-08 14:27:18.490,-0.0007534730694036,3.5496204450771693
2025-03-08 14:27:18.509,-0.0006136164065767,3.3180793018340906
2025-03-08 14:27:18.529,-0.0004909226036742,3.0645135219706208
2025-03-08 14:27:18.548,-0.0003863784571455,2.8453258606845067
2025-03-08 14:27:18.568,-0.0002971245687307,2.7028388740724933
2025-03-08 14:27:18.587,-0.0002177319072291,2.659182992654909
2025-03-08 14:27:18.607,-0.0001421139428664,2.7134725896861704
2025-03-08 14:27:18.626,-6.548541042666064e-05,2.8425978588183485
2025-03-08 14:27:18.646,1.4229761352727844e-05,3.0053380676886143
2025-03-08 14:27:18.665,9.59257181048069e-05,3.148954853535081
2025-03-08 14:27:18.685,0.000175817511599,3.217079898481418
2025-03-08 14:27:18.704,0.0002486446075781,3.15764663269762
2025-03-08 14:27:18.724,0.0003091463241884,2.929819339265482
2025-03-08 14:27:18.743,0.0003534155134129,2.509238608490507
2025-03-08 14:27:18.763,0.0003798743844233,1.8912660488184845
2025-03-08 14:27:18.783,0.0003897424718129,1.0921378615736193
2025-03-08 14:27:18.802,0.0003869372963989,0.1480069066745589
2025-03-08 14:27:18.822,0.0003773985372777,-0.8881261544342831
2025-03-08 14:27:18.841,0.0003679136848716,-1.9514816594301567
2025-03-08 14:27:18.861,0.0003646603528567,-2.972205039210532
2025-03-08 14:27:18.880,0.0003718091006342,-3.883002262889303
2025-03-08 14:27:18.900,0.0003905712562613,-4.626692719172778
2025-03-08 14:27:18.919,0.0004189999343046,-5.162503449972684
2025-03-08 14:27:18.939,0.0004526713420432,-5.470007640478821
2025-03-08 14:27:18.958,0.0004861029172611,-5.549968135603556
2025-03-08 14:27:18.978,0.0005144741730185,-5.421937627995932
2025-03-08 14:27:18.997,0.0005350680767864,-5.119161100930572
2025-03-08 14:27:19.017,0.0005479702996562,-4.681934079582788
2025-03-08 14:27:19.036,0.0005558863996455,-4.1508910571131805
2025-03-08 14:27:19.056,0.0005632664537665,-3.5616008460755064
2025-03-08 14:27:19.076,0.0005751041576818,-2.941355791714796
2025-03-08 14:27:19.095,0.0005957640706091,-2.308352524713484
2025-03-08 14:27:19.115,0.0006280535497412,-1.6728326525326098
2025-03-08 14:27:19.134,0.0006726106822027,-1.0393797127941458
2025-03-08 14:27:19.154,0.0007276085373209,-0.4095211107769703
2025-03-08 14:27:19.173,0.0007887812607089,0.2159983465888894
2025-03-08 14:27:19.193,0.000849802873752,0.8355621590510697
2025-03-08 14:27:19.212,0.0009030337998293,1.4456264916825845
2025-03-08 14:27:19.232,0.0009405776532464,2.040065567915535
2025-03-08 14:27:19.251,0.0009555049002684,2.6096987930454363
2025-03-08 14:27:19.271,0.0009430458985536,3.141876512181842
2025-03-08 14:27:19.290,0.0009015341659177,3.620162728827741
2025-03-08 14:27:19.310,0.0008328847584307,4.024325603252828
2025-03-08 14:27:19.329,0.0007424450443214,4.330962669664782
2025-03-08 14:27:19.349,0.0006381745348115,4.515075553867612
2025-03-08 14:27:19.368,0.0005292792787836,4.552732390697372
2025-03-08 14:27:19.388,0.0004245993265386,4.424646093196155
2025-03-08 14:27:19.408,0.0003311550509646,4.120143907483812
2025-03-08 14:27:19.427,0.0002532211688548,3.640724335232287
2025-03-08 14:27:19.447,0.0001920972969637,3.002297485050207
2025-03-08 14:27:19.466,0.0001464746597926,2.235351926883548
2025-03-08 14:27:19.486,0.0001131164917837,1.3826838942473751
2025-03-08 14:27:19.505,8.75695037151256e-05,0.4948711454392717
2025-03-08 14:27:19.525,6.47617358614876e-05,-0.375787788949683
2025-03-08 14:27:19.544,3.949185352714072e-05,-1.1817825801930777
2025-03-08 14:27:19.564,6.89025781064351e-06,-1.886164938714172
2025-03-08 14:27:19.583,-3.706776770361299e-05,-2.466568019849934
2025-03-08 14:27:19.603,-9.495854565802958e-05,-2.916789854227322
2025-03-08 14:27:19.622,-0.0001672455293736,-3.2456746144957425
2025-03-08 14:27:19.642,-0.0002516823352063,-3.473469663510892
2025-03-08 14:27:19.661,-0.0003430231301517,-3.626289353834125
2025-03-08 14:27:19.681,-0.0004333178642527,-3.729722262998196
2025-03-08 14:27:19.701,-0.0005129387415934,-3.802863129694793
2025-03-08 14:27:19.720,-0.0005722068153037,-3.854021436032105
2025-03-08 14:27:19.740,-0.0006032237956592,-3.879019630391013
2025-03-08 14:27:19.759,-0.0006014287131236,-3.862411676312235
2025-03-08 14:27:19.779,-0.0005665222676895,-3.781273577806334
2025-03-08 14:27:19.798,-0.0005026208344659,-3.6106292513232634
2025-03-08 14:27:19.818,-0.0004176788704808,-3.3292462632755844
2025-03-08 14:27:19.837,-0.0003223086878854,-2.924546154273423
2025-03-08 14:27:19.857,-0.0002281818850021,-2.395684237990698
2025-03-08 14:27:19.876,-0.0001462692787252,-1.754343650751829
2025-03-08 14:27:19.896,-8.524393342600271e-05,-1.0233187874284024
2025-03-08 14:27:19.915,-5.035858293212266e-05,-0.2334116748180871
2025-03-08 14:27:19.935,-4.297498562697324e-05,0.5805610866691786
2025-03-08 14:27:19.954,-6.072964010952397e-05,1.38379765964834
2025-03-08 14:27:19.974,-9.818667483017396e-05,2.1448640625761395
2025-03-08 14:27:19.993,-0.0001478157761745,2.8379160528538785
2025-03-08 14:27:20.013,-0.0002011786130407,3.443617811291867
2025-03-08 14:27:20.033,-0.0002502020763812,3.948838222386717
2025-03-08 14:27:20.052,-0.0002883456652586,4.345418176353239
2025-03-08 14:27:20.072,-0.0003114304019356,4.628472814583381
2025-03-08 14:27:20.091,-0.0003179671695029,4.794785932715547
2025-03-08 14:27:20.111,-0.0003089739200135,4.841811551721667
2025-03-08 14:27:20.130,-0.0002874138985901,4.767595255340314
2025-03-08 14:27:20.150,-0.0002574588171722,4.571615823475007
2025-03-08 14:27:20.169,-0.0002237731963167,4.256232119862518
2025-03-08 14:27:20.189,-0.0001909516103954,3.828204510844391
2025-03-08 14:27:20.208,-0.0001631513283524,3.299707094257648
2025-03-08 14:27:20.228,-0.000143878966824,2.6883779841930084
2025-03-08 14:27:20.247,-0.000135833069871,2.0162463832176765
2025-03-08 14:27:20.267,-0.0001406875660002,1.3077411935441736
2025-03-08 14:27:20.286,-0.0001587368594105,0.5872905814277035
2025-03-08 14:27:20.306,-0.0001884289554921,-0.1228590407154927
2025-03-08 14:27:20.326,-0.0002259725080128,-0.804090530375954
2025-03-08 14:27:20.345,-0.0002653240776137,-1.441910056063833
2025-03-08 14:27:20.365,-0.000298820041505,-2.0256070788350526
2025-03-08 14:27:20.384,-0.0003184822300475,-2.54743052511014
2025-03-08 14:27:20.404,-0.0003177112751002,-3.0016634429661257
2025-03-08 14:27:20.423,-0.0002928640646152,-3.383839378997729
2025-03-08 14:27:20.443,-0.0002442023947815,-3.690155844434961
2025-03-08 14:27:20.462,-0.0001758872202597,-3.917029889268981
2025-03-08 14:27:20.482,-9.499110310791787e-05,-4.060753669410264
2025-03-08 14:27:20.501,-9.814317753066106e-06,-4.1172957745897705
2025-03-08 14:27:20.521,7.19819845031045e-05,-4.082370174457723
2025-03-08 14:27:20.540,0.0001448643053756,-3.951899031364031
2025-03-08 14:27:20.560,0.0002061365480557,-3.722918497272561
2025-03-08 14:27:20.579,0.0002557612494823,-3.3948408135228645
2025-03-08 14:27:20.599,0.0002954718907788,-2.97082992217437
2025-03-08 14:27:20.619,0.000327544829216,-2.4589255545643653
2025-03-08 14:27:20.638,0.0003536504628114,-1.872526945610811
2025-03-08 14:27:20.658,0.0003741231152672,-1.2299674299690584
2025-03-08 14:27:20.677,0.0003878126525282,-0.5531622568527917
2025-03-08 14:27:20.697,0.0003924715608327,0.1343929976765495
2025-03-08 14:27:20.716,0.0003854753957392,0.8097836826826019
2025-03-08 14:27:20.736,0.000364632200859,1.452472997529899
2025-03-08 14:27:20.755,0.0003288843112461,2.045363696917812
2025-03-08 14:27:20.775,0.0002787671486873,2.575018784178553
2025-03-08 14:27:20.794,0.000216530143295,3.031201668000575
2025-03-08 14:27:20.814,0.0001458794096985,3.4060716668511533
2025-03-08 14:27:20.833,7.140159798287493e-05,3.693410710125647
2025-03-08 14:27:20.853,-2.1622141100014878e-06,3.8881686646096343
2025-03-08 14:27:20.872,-7.058319950365673e-05,3.9864457990748208
2025-03-08 14:27:20.892,-0.0001306050071413,3.985846362406518
2025-03-08 14:27:20.911,-0.0001801597944624,3.885996477001832
2025-03-08 14:27:20.931,-0.0002183754082886,3.688969561684402
2025-03-08 14:27:20.951,-0.0002454227866493,3.399428341773935
2025-03-08 14:27:20.970,-0.0002622413406311,3.024449632449529
2025-03-08 14:27:20.990,-0.0002701779896615,2.5731613383394887
2025-03-08 14:27:21.009,-0.0002705987226592,2.0563916652026903
2025-03-08 14:27:21.029,-0.0002645752909785,1.4864740060472923
2025-03-08 14:27:21.048,-0.0002527657805696,0.8772245090956275
2025-03-08 14:27:21.068,-0.0002355402390204,0.2440030661975157
2025-03-08 14:27:21.087,-0.0002132754704869,-0.3962733195149778
2025-03-08 14:27:21.107,-0.0001866539644642,-1.0252918812534335
2025-03-08 14:27:21.126,-0.0001568141261741,-1.6237918379979426
2025-03-08 14:27:21.146,-0.000125292280352,-2.172380226962745
2025-03-08 14:27:21.165,-9.380541531102998e-05,-2.6527125792335577
2025-03-08 14:27:21.185,-6.397757654429966e-05,-3.048878762530169
2025-03-08 14:27:21.204,-3.708095409180733e-05,-3.348670507956649
2025-03-08 14:27:21.224,-1.3794556160423773e-05,-3.5443569531464125
2025-03-08 14:27:21.244,6.030312186032109e-06,-3.632738143058584
2025-03-08 14:27:21.263,2.3545433717776587e-05,-3.61454177691722
2025-03-08 14:27:21.283,4.090830597220705e-05,-3.4935232945828965
2025-03-08 14:27:21.302,6.10189509621906e-05,-3.275757135349964
2025-03-08 14:27:21.322,8.698434767388421e-05,-2.969487899891517
2025-03-08 14:27:21.341,0.0001213856465231,-2.585591590793153
2025-03-08 14:27:21.361,0.0001654836419023,-2.1383268621923754
2025-03-08 14:27:21.380,0.0002185676255396,-1.645811641005707
2025-03-08 14:27:21.400,0.0002777064085054,-1.129665394592067
2025-03-08 14:27:21.419,0.0003381110820644,-0.6135263144061777
2025-03-08 14:27:21.439,0.0003941266608171,-0.1205855842867792
2025-03-08 14:27:21.458,0.0004406010667278,0.3293002806880932
2025-03-08 14:27:21.478,0.0004741743624943,0.7221407647717675
2025-03-08 14:27:21.497,0.0004940238354332,1.0513000047773486
2025-03-08 14:27:21.517,0.0005018246610292,1.3176134212671409
2025-03-08 14:27:21.537,0.0005010168199106,1.5282368346889164
2025-03-08 14:27:21.556,0.0004957038651265,1.694623482862277
2025-03-08 14:27:21.576,0.0004895322471629,1.8300713011966023
2025-03-08 14:27:21.595,0.0004847671146309,1.94716503808652
2025-03-08 14:27:21.615,0.0004816501882895,2.0553261098440463
2025-03-08 14:27:21.634,0.0004781098762392,2.1586863339919167
2025-03-08 14:27:21.654,0.000469957353831,2.2545928704299927
2025-03-08 14:27:21.673,0.0004516965259431,2.333119062895028
2025-03-08 14:27:21.693,0.0004178971191905,2.377899307927107
2025-03-08 14:27:21.712,0.0003648012097852,2.368397892128214
2025-03-08 14:27:21.732,0.0002916550468081,2.2834135146101024
2025-03-08 14:27:21.751,0.0002013138138281,2.105307143540134
2025-03-08 14:27:21.771,9.99107316372549e-05,1.8242052205140933
2025-03-08 14:27:21.790,-4.321197383211915e-06,1.441326452978421
2025-03-08 14:27:21.810,-0.0001027353614218,0.9706503965546572
2025-03-08 14:27:21.829,-0.0001879809590951,0.4384235302871577
2025-03-08 14:27:21.849,-0.0002552635579623,-0.1195390771102498
2025-03-08 14:27:21.869,-0.0003028664205652,-0.6622775819659005
2025-03-08 14:27:21.888,-0.0003319226349779,-1.148973421645907
2025-03-08 14:27:21.908,-0.0003456751894397,-1.5441322192461375
2025-03-08 14:27:21.927,-0.0003485589516897,-1.8218730318105611
2025-03-08 14:27:21.947,-0.0003453586152315,-1.9688387307502009
2025-03-08 14:27:21.966,-0.0003405244963054,-1.9855033383564495
2025-03-08 14:27:21.986,-0.0003376007749723,-1.8857926757510453
2025-03-08 14:27:22.005,-0.0003387212276216,-1.69501703891341
2025-03-08 14:27:22.025,-0.0003442241216185,-1.446258251062521
2025-03-08 14:27:22.044,-0.0003525317218677,-1.1756065627247838
2025-03-08 14:27:22.064,-0.0003604490320221,-0.9169328382274466
2025-03-08 14:27:22.083,-0.000363933189768,-0.6970763965307392
2025-03-08 14:27:22.103,-0.0003591989648951,-0.5323270466168705
2025-03-08 14:27:22.122,-0.0003438467739215,-0.4268537836659216
2025-03-08 14:27:22.142,-0.000317644257371,-0.3733299636921172
2025-03-08 14:27:22.162,-0.0002827164744946,-0.3555308119188797
2025-03-08 14:27:22.181,-0.0002431348782223,-0.3522664154871893
2025-03-08 14:27:22.201,-0.0002040951289493,-0.3417783412352541
2025-03-08 14:27:22.220,-0.0001709372509567,-0.3057271124578091
2025-03-08 14:27:22.240,-0.0001482115672319,-0.2321052444553951
2025-03-08 14:27:22.259,-0.0001389263133642,-0.1167308337595285
2025-03-08 14:27:22.279,-0.0001440811986886,0.0367095235082799
2025-03-08 14:27:22.298,-0.0001625691444412,0.2178715706797347
2025-03-08 14:27:22.318,-0.0001914681535123,0.4118801981775635
2025-03-08 14:27:22.337,-0.0002266389136888,0.601936020935489
2025-03-08 14:27:22.357,-0.0002634431282692,0.7718913099871412
2025-03-08 14:27:22.376,-0.0002973812735407,0.908279424030209
2025-03-08 14:27:22.396,-0.0003245429458139,1.0014120751382238
2025-03-08 14:27:22.415,-0.0003418990606556,1.0454361854507297
2025-03-08 14:27:22.435,-0.0003475357627478,1.0375832849391815
2025-03-08 14:27:22.455,-0.0003408884169273,0.977106124415548
2025-03-08 14:27:22.474,-0.0003229343269254,0.864460108967474
2025-03-08 14:27:22.494,-0.0002962410258842,0.7011260877646512
2025-03-08 14:27:22.513,-0.0002647777607474,0.4901645274825037
2025-03-08 14:27:22.533,-0.0002334368463262,0.2372725703258185
2025-03-08 14:27:22.552,-0.0002072503796847,-0.0480950678336509
2025-03-08 14:27:22.572,-0.0001903567320692,-0.3520261984132576
2025-03-08 14:27:22.591,-0.0001848856016379,-0.6562544361225178
2025-03-08 14:27:22.611,-0.0001900425776626,-0.9392559617577844
2025-03-08 14:27:22.630,-0.0002017162130841,-1.1783101742005049
2025-03-08 14:27:22.650,-0.0002128606331568,-1.3522874650604797
2025-03-08 14:27:22.669,-0.0002147182404455,-1.4447510942313313
2025-03-08 14:27:22.689,-0.0001986785792463,-1.4468229361934033
2025-03-08 14:27:22.708,-0.0001583194335646,-1.3591893724672388
2025-03-08 14:27:22.728,-9.107137294571508e-05,-1.192669141219615
2025-03-08 14:27:22.747,9.544595727130038e-07,-0.9669835253960194
2025-03-08 14:27:22.767,0.0001112005025945,-0.7077565205993807
2025-03-08 14:27:22.787,0.0002299237844504,-0.4422426201827962
2025-03-08 14:27:22.806,0.0003462063709202,-0.1946913062873668
2025-03-08 14:27:22.826,0.000450219809101,0.0175436563475905
2025-03-08 14:27:22.845,0.0005351272681068,0.1861745215000544
2025-03-08 14:27:22.865,0.0005980938730027,0.3119343143952438
2025-03-08 14:27:22.884,0.0006401783388977,0.4025062851467186
2025-03-08 14:27:22.904,0.0006652565733793,0.4692382331219625
2025-03-08 14:27:22.923,0.0006784043943923,0.523745810780182
2025-03-08 14:27:22.943,0.0006842615503746,0.5753737367740736
2025-03-08 14:27:22.962,0.0006858319608466,0.6300194589217591
2025-03-08 14:27:22.982,0.0006839872250466,0.6902573955441269
2025-03-08 14:27:23.001,0.0006776828541032,0.7562628380459322
2025-03-08 14:27:23.021,0.0006646709369116,0.8268602704030288
2025-03-08 14:27:23.040,0.0006424082430766,0.9001271156646058
2025-03-08 14:27:23.060,0.0006089175772903,0.9732934709763263
2025-03-08 14:27:23.080,0.0005634533280985,1.0420687164360174
2025-03-08 14:27:23.099,0.000506864225484,1.0998552020484502
2025-03-08 14:27:23.119,0.0004415647633579,1.13743599014385
2025-03-08 14:27:23.138,0.0003710951490569,1.1435699945114244
2025-03-08 14:27:23.158,0.0002993760572733,1.106557800510291
2025-03-08 14:27:23.177,0.000229880480674,1.016446605402726
2025-03-08 14:27:23.197,0.0001649847630273,0.867312397697739
2025-03-08 14:27:23.216,0.0001057070883061,0.659055197745767
2025-03-08 14:27:23.236,5.19061367142769e-05,0.3983049870204988
2025-03-08 14:27:23.255,2.835069156706426e-06,0.0982597593391468
2025-03-08 14:27:23.275,-4.2189453111796346e-05,-0.2225082667780083
2025-03-08 14:27:23.294,-8.325733884653151e-05,-0.5420701554674132
2025-03-08 14:27:23.314,-0.000119627701321,-0.8376554457467136
2025-03-08 14:27:23.333,-0.000149810598724,-1.088276694184665
2025-03-08 14:27:23.353,-0.0001719129810092,-1.2770691007954995
2025-03-08 14:27:23.372,-0.0001841571529797,-1.3930038707594692
2025-03-08 14:27:23.392,-0.000185461639415,-1.4317411669148716
2025-03-08 14:27:23.412,-0.0001759694549137,-1.395533150607015
2025-03-08 14:27:23.431,-0.0001574110326818,-1.2922483219884382
2025-03-08 14:27:23.451,-0.0001331780206236,-1.1337455842632191
2025-03-08 14:27:23.470,-0.0001079765938371,-0.933953633288806
2025-03-08 14:27:23.490,-8.700386105933305e-05,-0.7070654933396525
2025-03-08 14:27:23.509,-7.479320584896926e-05,-0.4661964256062887
2025-03-08 14:27:23.529,-7.40973127370611e-05,-0.2226737403824
2025-03-08 14:27:23.548,-8.523639598568952e-05,0.0141070995542593
2025-03-08 14:27:23.568,-0.0001061752758787,0.2365104989586821
2025-03-08 14:27:23.587,-0.0001333133668536,0.4384777664918043
2025-03-08 14:27:23.607,-0.0001627084939009,0.6155505090109541
2025-03-08 14:27:23.626,-0.0001912949170756,0.7651432907369431
2025-03-08 14:27:23.646,-0.0002176612966404,0.8869316388709436
2025-03-08 14:27:23.665,-0.0002421389434496,0.9831122284022163
2025-03-08 14:27:23.685,-0.0002662335232162,1.0582787389278503
2025-03-08 14:27:23.705,-0.0002916820256265,1.1187311058000675
2025-03-08 14:27:23.724,-0.0003195308815313,1.1711776538412435
2025-03-08 14:27:23.744,-0.0003495766182417,1.220975224945268
2025-03-08 14:27:23.763,-0.0003803189437122,1.2702372384685816
2025-03-08 14:27:23.783,-0.000409343342179,1.3162555694410292
2025-03-08 14:27:23.802,-0.0004339003707286,1.350675724179488
2025-03-08 14:27:23.822,-0.0004514490534045,1.359739997203464
2025-03-08 14:27:23.841,-0.0004600413417119,1.3257270430084265
2025-03-08 14:27:23.861,-0.0004585449056137,1.2295250184270683
2025-03-08 14:27:23.880,-0.0004467596062669,1.054087693617784
2025-03-08 14:27:23.900,-0.0004254636242298,0.7883129260743409
2025-03-08 14:27:23.919,-0.0003963642689102,0.4306560827760814
2025-03-08 14:27:23.939,-0.000361895102419,-0.0083677731931364
2025-03-08 14:27:23.958,-0.0003248443283606,-0.5055966866797482
2025-03-08 14:27:23.978,-0.0002878886549439,-1.0270278527803456
2025-03-08 14:27:23.998,-0.0002531590868804,-1.531938019051023
2025-03-08 14:27:24.017,-0.0002219406798084,-1.9786240887963968
2025-03-08 14:27:24.037,-0.0001945413554052,-2.3306045666353232
2025-03-08 14:27:24.056,-0.0001703083774856,-2.561962629677553
2025-03-08 14:27:24.076,-0.0001477524153578,-2.660712530675583
2025-03-08 14:27:24.095,-0.0001247583156695,-2.629574884245468
2025-03-08 14:27:24.115,-9.889311868935257e-05,-2.484194603704897
2025-03-08 14:27:24.134,-6.781860934784522e-05,-2.249419184445372
2025-03-08 14:27:24.154,-2.9755059617829644e-05,-1.954600841973246
2025-03-08 14:27:24.173,1.612288555696089e-05,-1.6289284802366608
2025-03-08 14:27:24.193,6.946807210883798e-05,-1.2975892631394603
2025-03-08 14:27:24.212,0.000128751757261,-0.979227917455575
2025-03-08 14:27:24.232,0.0001914344628554,-0.6848380738148216
2025-03-08 14:27:24.251,0.0002542824989089,-0.4179607323220102
2025-03-08 14:27:24.271,0.0003137902423573,-0.1759004926416624
2025-03-08 14:27:24.290,0.0003666315188473,0.0484117640424122
2025-03-08 14:27:24.310,0.0004100547932857,0.2642918359146323
2025-03-08 14:27:24.330,0.0004421978828243,0.4812349542699778
2025-03-08 14:27:24.349,0.0004623566761833,0.7071205318105147
2025-03-08 14:27:24.369,0.0004711992516244,0.9467790875439194
2025-03-08 14:27:24.388,0.0004707948879347,1.2009363509167943
2025-03-08 14:27:24.408,0.0004642693033188,1.4655503419629816
2025-03-08 14:27:24.427,0.000455008639548,1.7316076569038232
2025-03-08 14:27:24.447,0.000445571125072,1.9854797969369664
2025-03-08 14:27:24.466,0.0004366761577782,2.2099060150240843
2025-03-08 14:27:24.486,0.0004266937681494,2.3855646622629934
2025-03-08 14:27:24.505,0.0004119235008755,2.493065437826969
2025-03-08 14:27:24.525,0.0003876913138152,2.515097761474541
2025-03-08 14:27:24.544,0.0003499968751337,2.438447111337657
2025-03-08 14:27:24.564,0.0002972042415283,2.255650157160101
2025-03-08 14:27:24.583,0.0002311829816218,1.9661690696885843
2025-03-08 14:27:24.603,0.0001574432386521,1.577064817468729
2025-03-08 14:27:24.623,8.414188973088197e-05,1.1031813827690202
2025-03-08 14:27:24.642,2.022978396166293e-05,0.5668000103654092
2025-03-08 14:27:24.662,-2.67131946957023e-05,-0.0033743141473052
2025-03-08 14:27:24.681,-5.234594651225846e-05,-0.5740855822294126
2025-03-08 14:27:24.701,-5.665429578171647e-05,-1.1103708012071984
2025-03-08 14:27:24.720,-4.4003156685049706e-05,-1.57924075645739
2025-03-08 14:27:24.740,-2.214935116456132e-05,-1.953705255934787
2025-03-08 14:27:24.759,-4.556768871287177e-07,-2.216321576600281
2025-03-08 14:27:24.779,1.2251597218049564e-05,-2.361319639521885
2025-03-08 14:27:24.798,9.64444947967957e-06,-2.394573759203169
2025-03-08 14:27:24.818,-1.079004310124808e-05,-2.331262002363776
2025-03-08 14:27:24.837,-4.732910185284114e-05,-2.191808044902173
2025-03-08 14:27:24.857,-9.451532982368266e-05,-1.9973141173183435
2025-03-08 14:27:24.876,-0.0001444486800153,-1.7658551391349528
2025-03-08 14:27:24.896,-0.0001886083725673,-1.5106112957055786
2025-03-08 14:27:24.916,-0.0002197944201357,-1.2400545188060068
2025-03-08 14:27:24.935,-0.0002336866676606,-0.9596331275523872
2025-03-08 14:27:24.955,-0.0002295993344529,-0.6739429836208793
2025-03-08 14:27:24.974,-0.0002102674749968,-0.3883705756595262
2025-03-08 14:27:24.994,-0.0001808297271191,-0.1095696340982784
2025-03-08 14:27:25.013,-0.0001474214316951,0.155316192822087
2025-03-08 14:27:25.033,-0.0001158468009085,0.4002627853430345
2025-03-08 14:27:25.052,-9.064732562373663e-05,0.6220680983853736
2025-03-08 14:27:25.072,-7.465001641248022e-05,0.8213602835762434
2025-03-08 14:27:25.091,-6.891830894879288e-05,1.0023575294896916
2025-03-08 14:27:25.111,-7.298487413561775e-05,1.1712723687305109
2025-03-08 14:27:25.130,-8.525500351927376e-05,1.333751116024135
2025-03-08 14:27:25.150,-0.0001034750731849,1.492095475689293
2025-03-08 14:27:25.169,-0.0001251659035792,1.6431046111402028
2025-03-08 14:27:25.189,-0.0001479451248031,1.7771969146122704
2025-03-08 14:27:25.208,-0.0001697051266733,1.8791072792961616
2025-03-08 14:27:25.228,-0.0001886589581416,1.9300354535063375
2025-03-08 14:27:25.248,-0.0002033010977187,1.910774756165388
2025-03-08 14:27:25.267,-0.0002123446013779,1.8051701216341576
2025-03-08 14:27:25.287,-0.000214689024509,1.6032581172700595
2025-03-08 14:27:25.306,-0.0002094497822014,1.303578811015193
2025-03-08 14:27:25.326,-0.0001960496496615,0.9143427541588448
2025-03-08 14:27:25.345,-0.0001743501932607,0.4533214336761658
2025-03-08 14:27:25.365,-0.0001447954277704,-0.0535233805373566
2025-03-08 14:27:25.384,-0.0001085457504185,-0.5745368709797839
2025-03-08 14:27:25.404,-6.757007893246776e-05,-1.075736116267994
2025-03-08 14:27:25.423,-2.462648698524911e-05,-1.5246339055478952
2025-03-08 14:27:25.443,1.6961324730920243e-05,-1.8939602663936628
2025-03-08 14:27:25.462,5.377783430236516e-05,-2.164633795884628
2025-03-08 14:27:25.482,8.297481468990887e-05,-2.327395681114932
2025-03-08 14:27:25.501,0.000102935122202,-2.3827719218943875
2025-03-08 14:27:25.521,0.0001137043942404,-2.3394307140398256
2025-03-08 14:27:25.541,0.0001169955235677,-2.2114179923248862
2025-03-08 14:27:25.560,0.000115702271398,-2.015024185376408
2025-03-08 14:27:25.580,0.000113028072095,-1.766063199907126
2025-03-08 14:27:25.599,0.0001114842818229,-1.4781422871108956
2025-03-08 14:27:25.619,0.0001120886666156,-1.1621600682877606
2025-03-08 14:27:25.638,0.0001140532034059,-0.8269028579343294
2025-03-08 14:27:25.658,0.0001150790002563,-0.4803131289818327
2025-03-08 14:27:25.677,0.0001121482278672,-0.1308446967642389
2025-03-08 14:27:25.697,0.0001025404798081,0.2116734566534869
2025-03-08 14:27:25.716,8.477129043697931e-05,0.5360771504225901
2025-03-08 14:27:25.736,5.922135201525017e-05,0.8309381322137438
2025-03-08 14:27:25.755,2.8315443757260632e-05,1.08645224368476
2025-03-08 14:27:25.775,-3.824361795820211e-06,1.2966170899230385
2025-03-08 14:27:25.794,-3.224781059556887e-05,1.4609791205613465
2025-03-08 14:27:25.814,-5.241168496872362e-05,1.5852348806621552
2025-03-08 14:27:25.833,-6.143404714982241e-05,1.6802104315441608
2025-03-08 14:27:25.853,-5.892860682523753e-05,1.7591889641184193
2025-03-08 14:27:25.873,-4.708851602444231e-05,1.834095814149288
2025-03-08 14:27:25.892,-2.9963346223253217e-05,1.9115006616233732
2025-03-08 14:27:25.912,-1.218253621869544e-05,1.989581389721787
2025-03-08 14:27:25.931,2.4176926456427147e-06,2.057023611791703
2025-03-08 14:27:25.951,1.1795465803029875e-05,2.09434024303272
2025-03-08 14:27:25.970,1.6039417134823394e-05,2.077430721748862
2025-03-08 14:27:25.990,1.7017500635438565e-05,1.982566891998816
2025-03-08 14:27:26.009,1.7555016140496695e-05,1.7916019089197548
2025-03-08 14:27:26.029,2.0471951785918716e-05,1.496183298087364
2025-03-08 14:27:26.048,2.7783529947759207e-05,1.100099753691824
2025-03-08 14:27:26.068,4.025484085390876e-05,0.6194428143390318
2025-03-08 14:27:26.087,5.736552246170512e-05,0.0807950975930094
2025-03-08 14:27:26.107,7.762435914589151e-05,-0.4820004358964992
2025-03-08 14:27:26.126,9.909501897981526e-05,-1.0318223786113343
2025-03-08 14:27:26.146,0.0001199597299575,-1.5323887458524432
2025-03-08 14:27:26.166,0.0001389567789132,-1.9520139790721087
2025-03-08 14:27:26.185,0.0001555741241066,-2.266620551431762
2025-03-08 14:27:26.205,0.0001699554390363,-2.4617167041291577
2025-03-08 14:27:26.224,0.0001825646801491,-2.533169115486551
2025-03-08 14:27:26.244,0.0001937447721521,-2.4867670256043324
2025-03-08 14:27:26.263,0.0002033652022767,-2.336759860331473
2025-03-08 14:27:26.283,0.0002107374482484,-2.10367070132754
2025-03-08 14:27:26.302,0.0002148667444566,-1.8116925487948583
2025-03-08 14:27:26.322,0.0002149508265843,-1.48591071184755
2025-03-08 14:27:26.341,0.0002109080601212,-1.1495683702673576
2025-03-08 14:27:26.361,0.0002036661707049,-0.82165726836095
2025-03-08 14:27:26.380,0.000194999824437,-0.5152128109097477
2025-03-08 14:27:26.400,0.0001868896387317,-0.2366963933025322
2025-03-08 14:27:26.419,0.0001806232586054,0.0133315313343024
2025-03-08 14:27:26.439,0.0001760215889567,0.2383810732041401
2025-03-08 14:27:26.459,0.0001711431406901,0.4435381288019499
2025-03-08 14:27:26.478,0.0001626244406808,0.633015402558651
2025-03-08 14:27:26.498,0.0001465672210995,0.808434455548006
2025-03-08 14:27:26.517,0.0001196869335186,0.9682654963876944
2025-03-08 14:27:26.537,8.035088803959907e-05,1.108456125067975
2025-03-08 14:27:26.556,2.918018924623925e-05,1.2238844191361262
2025-03-08 14:27:26.576,-3.09500076225334e-05,1.3100125437290635
2025-03-08 14:27:26.595,-9.547409146333493e-05,1.364092559073086
2025-03-08 14:27:26.615,-0.0001590785459413,1.3854985706963072
2025-03-08 14:27:26.634,-0.0002167959336124,1.3751342528030923
2025-03-08 14:27:26.654,-0.0002650396025241,1.3342316985290867
2025-03-08 14:27:26.673,-0.0003023733102019,1.2630714309661772
2025-03-08 14:27:26.693,-0.0003298040239832,1.1601468002724675
2025-03-08 14:27:26.712,-0.0003504420590705,1.022095103589907
2025-03-08 14:27:26.732,-0.0003685346733256,0.8444238205377858
2025-03-08 14:27:26.751,-0.00038809552397,0.6228059434165423
2025-03-08 14:27:26.771,-0.0004115179247433,0.3546049348175548
2025-03-08 14:27:26.791,-0.0004385963023961,0.0403329021214061
2025-03-08 14:27:26.810,-0.0004662673952999,-0.315133762761545
2025-03-08 14:27:26.830,-0.0004891574256576,-0.7016745344570963
2025-03-08 14:27:26.849,-0.000500775596995,-1.1034903937873848
2025-03-08 14:27:26.869,-0.000495031970452,-1.4992995254133283
2025-03-08 14:27:26.888,-0.000467711566019,-1.8633824989179488
2025-03-08 14:27:26.908,-0.0004175598045298,-2.167615717479961
2025-03-08 14:27:26.927,-0.0003467012413125,-2.384428461607668
2025-03-08 14:27:26.947,-0.0002602601539598,-2.490352898876638
2025-03-08 14:27:26.966,-0.0001652857813181,-2.469607645995349
2025-03-08 14:27:26.986,-6.931654711884216e-05,-2.317052355177661
2025-03-08 14:27:27.005,2.0981597429627973e-05,-2.039904146621236
2025-03-08 14:27:27.025,0.0001007485199647,-1.6577889410362132
2025-03-08 14:27:27.044,0.0001672760450982,-1.2009655403150652
2025-03-08 14:27:27.064,0.0002198003775931,-0.7068702244503178
2025-03-08 14:27:27.084,0.0002588957143278,-0.2154438796591419
2025-03-08 14:27:27.103,0.0002856856765467,0.2360434302303079
2025-03-08 14:27:27.123,0.0003011212119357,0.6178393059952803
2025-03-08 14:27:27.142,0.0003055551240534,0.9114519453470784
2025-03-08 14:27:27.162,0.0002987360550849,1.111708351197561
2025-03-08 14:27:27.181,0.0002801849675083,1.2268084085880275
2025-03-08 14:27:27.201,0.0002497980918464,1.2763322665369723
2025-03-08 14:27:27.220,0.0002084781501644,1.287443301183243
2025-03-08 14:27:27.240,0.0001585925656885,1.2898243526600348
2025-03-08 14:27:27.259,0.000104074948943,1.3101544024886524
2025-03-08 14:27:27.279,5.006004544024833e-05,1.367096852039947
2025-03-08 14:27:27.298,2.0933665725144798e-06,1.4677540286474748
2025-03-08 14:27:27.318,-3.487035527316852e-05,1.6063182772888975
2025-03-08 14:27:27.337,-5.737418605492736e-05,1.7652415704394746
2025-03-08 14:27:27.357,-6.401401292718881e-05,1.9187195492227824
2025-03-08 14:27:27.377,-5.5531909043471744e-05,2.037756773628551
2025-03-08 14:27:27.396,-3.449368969807392e-05,2.095694732430546
2025-03-08 14:27:27.416,-4.694991408982027e-06,2.0729692012192924
2025-03-08 14:27:27.435,2.9531876551819877e-05,1.960072961850004
2025-03-08 14:27:27.455,6.396396066093754e-05,1.758193151234639
2025-03-08 14:27:27.474,9.499395236761312e-05,1.4776311744027546
2025-03-08 14:27:27.494,0.0001199607905595,1.134687376662946
2025-03-08 14:27:27.513,0.0001373103190524,0.7480034024526131
2025-03-08 14:27:27.533,0.0001466107014089,0.3353211309262306
2025-03-08 14:27:27.552,0.0001484463005044,-0.0886806951298034
2025-03-08 14:27:27.572,0.0001442038170319,-0.5131980369046276
2025-03-08 14:27:27.591,0.0001357608129738,-0.9308205509532018
2025-03-08 14:27:27.611,0.0001251035743533,-1.336055344285879
2025-03-08 14:27:27.630,0.0001139443069744,-1.723323706497088
2025-03-08 14:27:27.650,0.0001034573021443,-2.0850216878573677
2025-03-08 14:27:27.669,9.425162012026108e-05,-2.410274479619352
2025-03-08 14:27:27.689,8.658794095888842e-05,-2.684902191418021
2025-03-08 14:27:27.709,8.067043340235635e-05,-2.892816529612835
2025-03-08 14:27:27.728,7.675364264814038e-05,-3.0186352717951634
2025-03-08 14:27:27.748,7.491695814124844e-05,-3.0508658409665133
2025-03-08 14:27:27.767,7.461116589959649e-05,-2.9847313528969925
2025-03-08 14:27:27.787,7.427997217767967e-05,-2.823718135166554
2025-03-08 14:27:27.806,7.136657227484448e-05,-2.579245818754737
2025-03-08 14:27:27.826,6.284593739749167e-05,-2.2684102528793004
2025-03-08 14:27:27.845,4.618584450636967e-05,-1.9103443335873855
2025-03-08 14:27:27.865,2.0438700238292816e-05,-1.522187803282121
2025-03-08 14:27:27.884,-1.2933248897129288e-05,-1.1158159244481407
2025-03-08 14:27:27.904,-4.986195618620448e-05,-0.6962950458555481
2025-03-08 14:27:27.923,-8.429557188090653e-05,-0.2625505979327938
2025-03-08 14:27:27.943,-0.0001095519487839,0.189911750772
2025-03-08 14:27:27.962,-0.0001200381990118,0.6649915448826758
2025-03-08 14:27:27.982,-0.0001128156136682,1.1618077713781592
2025-03-08 14:27:28.002,-8.853107462501828e-05,1.6714939428137436
2025-03-08 14:27:28.021,-5.144070273914952e-05,2.175853962483395
2025-03-08 14:27:28.041,-8.522145037422428e-06,2.648295119146567
2025-03-08 14:27:28.060,3.2075978219425175e-05,3.0569292520967437
2025-03-08 14:27:28.080,6.282410487743399e-05,3.369260975763372
2025-03-08 14:27:28.099,7.837331230870977e-05,3.557547944801974
2025-03-08 14:27:28.119,7.652790111653548e-05,3.6037659363100185
2025-03-08 14:27:28.138,5.847071142593378e-05,3.503148149864154
2025-03-08 14:27:28.158,2.8277667772828587e-05,3.2654909260018656
2025-03-08 14:27:28.177,-8.109045714586306e-06,2.9138256265286024
2025-03-08 14:27:28.197,-4.419840252484565e-05,2.480614228012465
2025-03-08 14:27:28.216,-7.426796388913332e-05,2.002218811614913
2025-03-08 14:27:28.236,-9.440464419448476e-05,1.5128356303884112
2025-03-08 14:27:28.255,-0.000103060908709,1.0392079799739649
2025-03-08 14:27:28.275,-0.0001010297880955,0.5972015444627826
2025-03-08 14:27:28.294,-9.088466176667358e-05,0.1908462316318144
2025-03-08 14:27:28.314,-7.607517549654101e-05,-0.1861143779504147
2025-03-08 14:27:28.334,-5.996615497313849e-05,-0.5466290073840259
2025-03-08 14:27:28.353,-4.510974598549179e-05,-0.9055193544561416
2025-03-08 14:27:28.373,-3.29462111741852e-05,-1.2744228516896554
2025-03-08 14:27:28.392,-2.396063088168431e-05,-1.6574686519104689
2025-03-08 14:27:28.412,-1.8135352332524608e-05,-2.048493438140175
2025-03-08 14:27:28.431,-1.541971217247181e-05,-2.430336259600367
2025-03-08 14:27:28.451,-1.5970020699613557e-05,-2.776416705590448
2025-03-08 14:27:28.470,-2.008132133932668e-05,-3.054423336058885
2025-03-08 14:27:28.490,-2.7918396450649462e-05,-3.231551737862334
2025-03-08 14:27:28.509,-3.9237139829252944e-05,-3.280391690456473
2025-03-08 14:27:28.529,-5.3246789555397e-05,-3.1843513188839445
2025-03-08 14:27:28.548,-6.866144583027175e-05,-2.941498844302997
2025-03-08 14:27:28.568,-8.389788295797117e-05,-2.5659366275369098
2025-03-08 14:27:28.587,-9.732876636481292e-05,-2.0862752568954344
2025-03-08 14:27:28.607,-0.000107500752701,-1.541366984414359
2025-03-08 14:27:28.627,-0.0001132720918489,-0.9740644070641568
2025-03-08 14:27:28.646,-0.0001138871175971,-0.4242471041237621
2025-03-08 14:27:28.666,-0.0001090349010837,0.0774264945753919
2025-03-08 14:27:28.685,-9.891230848822828e-05,0.5137065489839937
2025-03-08 14:27:28.705,-8.426283673792014e-05,0.8819841602042641
2025-03-08 14:27:28.724,-6.634688894005299e-05,1.1923318080491296
2025-03-08 14:27:28.744,-4.68282769940279e-05,1.4628357830810654
2025-03-08 14:27:28.763,-2.7598020104547705e-05,1.7133221161313552
2025-03-08 14:27:28.783,-1.056253676811204e-05,1.958944047512227
2025-03-08 14:27:28.802,2.596870901506457e-06,2.205117827044276
2025-03-08 14:27:28.822,1.0691738240559966e-05,2.4449538553928925
2025-03-08 14:27:28.841,1.3284103635846168e-05,2.65972219731315
2025-03-08 14:27:28.861,1.0853528254546528e-05,2.8221783979291177
2025-03-08 14:27:28.880,4.797040414107841e-06,2.901935465112867
2025-03-08 14:27:28.900,-2.757962778196509e-06,2.871645744283667
2025-03-08 14:27:28.920,-9.281253681532208e-06,2.712637584107589
2025-03-08 14:27:28.939,-1.2226721096296996e-05,2.418848106218485
2025-03-08 14:27:28.959,-9.413118049045378e-06,1.998343365561182
2025-03-08 14:27:28.978,6.22419586584667e-07,1.4723016789676169
2025-03-08 14:27:28.998,1.8296400281379063e-05,0.8719035498302403
2025-03-08 14:27:29.017,4.27103384759648e-05,0.2339746276786151
2025-03-08 14:27:29.037,7.154918213303474e-05,-0.4036290235793284
2025-03-08 14:27:29.056,0.0001012880138723,-1.006030462747909
2025-03-08 14:27:29.076,0.0001277614097593,-1.5441976296899276
2025-03-08 14:27:29.095,0.0001469660807899,-1.9965274583902743
2025-03-08 14:27:29.115,0.0001558332756116,-2.349348100385632
2025-03-08 14:27:29.134,0.0001527477712026,-2.596699938822022
2025-03-08 14:27:29.154,0.0001377615516577,-2.739707796398584
2025-03-08 14:27:29.173,0.0001125890100246,-2.7856721006582137
2025-03-08 14:27:29.193,8.047065201649305e-05,-2.746823918924452
2025-03-08 14:27:29.212,4.5893348828370536e-05,-2.6386316002218946
2025-03-08 14:27:29.232,1.4074778891810517e-05,-2.4776620808753047
2025-03-08 14:27:29.252,-9.853516278196876e-06,-2.2792408299102864
2025-03-08 14:27:29.271,-2.1889161341562015e-05,-2.055397960882853
2025-03-08 14:27:29.291,-2.0176480275349616e-05,-1.81367794671242
2025-03-08 14:27:29.310,-5.6560130759063615e-06,-1.5572174826639529
2025-03-08 14:27:29.330,1.7929625376260306e-05,-1.286088687958607
2025-03-08 14:27:29.349,4.475670858671754e-05,-0.9994426376357926
2025-03-08 14:27:29.369,6.822745240373113e-05,-0.6977004892120614
2025-03-08 14:27:29.388,8.25463182382003e-05,-0.3840631206626813
2025-03-08 14:27:29.408,8.415921751200059e-05,-0.0649141644230508
2025-03-08 14:27:29.427,7.266082424895247e-05,0.2508894031206115
2025-03-08 14:27:29.447,5.089103228263358e-05,0.553501586196126
2025-03-08 14:27:29.466,2.4151640940628235e-05,0.8338546570467008
2025-03-08 14:27:29.486,-1.2612595835071255e-06,1.0852468431191136
2025-03-08 14:27:29.505,-1.978245853810453e-05,1.3044112294950774
2025-03-08 14:27:29.525,-2.8044352325903625e-05,1.49184709823123
2025-03-08 14:27:29.545,-2.5672093649934908e-05,1.651283194571621
2025-03-08 14:27:29.564,-1.5232098414925815e-05,1.7882538157667731
2025-03-08 14:27:29.584,-1.4181971740548294e-06,1.907973243650922
2025-03-08 14:27:29.603,1.0248868065845616e-05,2.012974214158417
2025-03-08 14:27:29.623,1.484689410023972e-05,2.1011978823940334
2025-03-08 14:27:29.642,9.2609153499831e-06,2.1652248144856703
2025-03-08 14:27:29.662,-7.069779511754202e-06,2.1930573803550333
2025-03-08 14:27:29.681,-3.1991751947576456e-05,2.1703927452214606
2025-03-08 14:27:29.701,-6.108547658002423e-05,2.083847553631264
2025-03-08 14:27:29.720,-8.863576231595923e-05,1.9242907911394165
2025-03-08 14:27:29.740,-0.0001089106705097,1.6894093185091086
2025-03-08 14:27:29.759,-0.0001174360468984,1.384863610808296
2025-03-08 14:27:29.779,-0.000111959015469,1.0237940985913014
2025-03-08 14:27:29.798,-9.290497782750847e-05,0.624875488163122
2025-03-08 14:27:29.818,-6.327769628964287e-05,0.2094651777115329
2025-03-08 14:27:29.838,-2.806930787673538e-05,-0.2014238783325298
2025-03-08 14:27:29.857,6.680975814316701e-06,-0.5896062207667139
2025-03-08 14:27:29.877,3.500583203550681e-05,-0.9411424158744104
2025-03-08 14:27:29.896,5.212130480720028e-05,-1.24651008608738
2025-03-08 14:27:29.916,5.534804304771684e-05,-1.499722005606489
2025-03-08 14:27:29.935,4.467433673795013e-05,-1.696884601265812
2025-03-08 14:27:29.955,2.282691521276861e-05,-1.8348178981101009
2025-03-08 14:27:29.974,-5.2199685881429054e-06,-1.9102821932040768
2025-03-08 14:27:29.994,-3.326139101553374e-05,-1.920111844779972
2025-03-08 14:27:30.013,-5.522417687887302e-05,-1.8622298602920884
2025-03-08 14:27:30.033,-6.654253230876025e-05,-1.7372179434020083
2025-03-08 14:27:30.052,-6.513506575303585e-05,-1.549934308303759
2025-03-08 14:27:30.072,-5.166048065612241e-05,-1.3106412538497587
2025-03-08 14:27:30.091,-2.900189935849729e-05,-1.035206387073612
2025-03-08 14:27:30.111,-1.25422019510018e-06,-0.7441282869978518
2025-03-08 14:27:30.130,2.7336764555855357e-05,-0.4603682709430651
2025-03-08 14:27:30.150,5.311768494259661e-05,-0.2062243500967074
2025-03-08 14:27:30.170,7.335332613265037e-05,0.0002555513263919
2025-03-08 14:27:30.189,8.628749131651065e-05,0.1486051795043567
2025-03-08 14:27:30.209,9.116005651079875e-05,0.2382139201450433
2025-03-08 14:27:30.228,8.827229731907391e-05,0.2788721638860765
2025-03-08 14:27:30.248,7.901792285331623e-05,0.2892754882668351
2025-03-08 14:27:30.267,6.57404549556692e-05,0.2936627158157276
2025-03-08 14:27:30.287,5.13619554525281e-05,0.3172169055735593
2025-03-08 14:27:30.306,3.885016924378909e-05,0.3811338680559968
2025-03-08 14:27:30.326,3.065418835280019e-05,0.4983003344581249
2025-03-08 14:27:30.345,2.8236819535594016e-05,0.6703612200263522
2025-03-08 14:27:30.365,3.1804818687975894e-05,0.8866835555678945
2025-03-08 14:27:30.384,4.030070071422223e-05,1.1254210542824172
2025-03-08 14:27:30.404,5.167003952383588e-05,1.3565736827789314
2025-03-08 14:27:30.423,6.335948546697967e-05,1.5466197455059194
2025-03-08 14:27:30.443,7.29326416426246e-05,1.6640004222564933
2025-03-08 14:27:30.463,7.863137410474738e-05,1.6845257151910036
2025-03-08 14:27:30.482,7.97075297480721e-05,1.5957135774629012
2025-03-08 14:27:30.502,7.64260910717858e-05,1.399202517950497
2025-03-08 14:27:30.521,6.975728847816761e-05,1.1106891638779963
2025-03-08 14:27:30.541,6.087718437925199e-05,0.7573032656072443
2025-03-08 14:27:30.560,5.065264370248446e-05,0.3728703624617759
2025-03-08 14:27:30.580,3.928898807814476e-05,-0.0079916417100876
2025-03-08 14:27:30.599,2.627017117689569e-05,-0.3556819259861045
2025-03-08 14:27:30.619,1.0632852547860056e-05,-0.65005494974974
2025-03-08 14:27:30.638,-8.49559877621466e-06,-0.8825274871481067
2025-03-08 14:27:30.658,-3.127490750924218e-05,-1.0554793998570426
2025-03-08 14:27:30.677,-5.6693490845633535e-05,-1.1792624549795163
2025-03-08 14:27:30.697,-8.249480429235712e-05,-1.2677195542446034
2025-03-08 14:27:30.716,-0.0001055648673752,-1.3334352601124877
2025-03-08 14:27:30.736,-0.0001226589262182,-1.3839226815455592
2025-03-08 14:27:30.755,-0.0001312084648551,-1.419644765025076
2025-03-08 14:27:30.775,-0.000129941795042,-1.434269927936866
2025-03-08 14:27:30.795,-0.0001191528024117,-1.4169852539265742
2025-03-08 14:27:30.814,-0.0001005983350107,-1.3561591423056447
2025-03-08 14:27:30.834,-7.712312975905475e-05,-1.2432971576496366
2025-03-08 14:27:30.853,-5.2152581634981726e-05,-1.0761781275786482
2025-03-08 14:27:30.873,-2.9166686038798617e-05,-0.8603099525149367
2025-03-08 14:27:30.892,-1.1229413819901291e-05,-0.608321941445207
2025-03-08 14:27:30.912,-6.357785228316243e-07,-0.3374758938857241
2025-03-08 14:27:30.931,1.26425184780939e-06,-0.0659944142493184
2025-03-08 14:27:30.951,-5.959581013556532e-06,0.1907524168166744
2025-03-08 14:27:30.970,-2.2001113175924305e-05,0.4231017910255881
2025-03-08 14:27:30.990,-4.605528710723936e-05,0.6281729633907861
2025-03-08 14:27:31.009,-7.699193488525337e-05,0.8088938302595823
2025-03-08 14:27:31.029,-0.0001133853491077,0.971350737469108
2025-03-08 14:27:31.048,-0.0001533902623057,1.1213312075727035
2025-03-08 14:27:31.068,-0.0001945328975501,1.2611294944603078
2025-03-08 14:27:31.088,-0.0002335442772968,1.3875568599869477
2025-03-08 14:27:31.107,-0.0002663811598947,1.4917151923611538
2025-03-08 14:27:31.127,-0.0002885472399774,1.5605762015905154
2025-03-08 14:27:31.146,-0.0002957463511577,1.5798953699591096
2025-03-08 14:27:31.166,-0.0002847873569555,1.5376174283940798
2025-03-08 14:27:31.185,-0.0002545467531737,1.4268157439142786
2025-03-08 14:27:31.205,-0.0002067171493358,1.247403004315803
2025-03-08 14:27:31.224,-0.0001460656002197,1.0062898605107875
2025-03-08 14:27:31.244,-8.002130489023223e-05,0.7161712719285791
2025-03-08 14:27:31.263,-1.7598715197872933e-05,0.3934787570025555
2025-03-08 14:27:31.283,3.212692172787929e-05,0.0561364236954014
2025-03-08 14:27:31.302,6.164078045319672e-05,-0.2783679474317059
2025-03-08 14:27:31.322,6.635723919477597e-05,-0.5943177350974974
2025-03-08 14:27:31.341,4.5490134925013e-05,-0.8784577849582361
2025-03-08 14:27:31.361,2.3041439271205958e-06,-1.1201646816664133
2025-03-08 14:27:31.381,-5.627213027728431e-05,-1.3113320390660057
2025-03-08 14:27:31.400,-0.0001206115622272,-1.4462435471915045
2025-03-08 14:27:31.420,-0.0001797915029058,-1.5216546829974371
2025-03-08 14:27:31.439,-0.00022320696433,-1.5371574401613972
2025-03-08 14:27:31.459,-0.0002421179622605,-1.495695448203325
2025-03-08 14:27:31.478,-0.0002309011084607,-1.4039115596652312
2025-03-08 14:27:31.498,-0.0001878948690402,-1.271945662870685
2025-03-08 14:27:31.517,-0.0001158022485336,-1.1124174562458409
2025-03-08 14:27:31.537,-2.15673482617274e-05,-0.9386071854885816
2025-03-08 14:27:31.556,8.443195370573035e-05,-0.7621863500900028
2025-03-08 14:27:31.576,0.0001899511190352,-0.5911076458829819
2025-03-08 14:27:31.595,0.0002829972624487,-0.428316393703803
2025-03-08 14:27:31.615,0.0003539834631701,-0.2717515809445864
2025-03-08 14:27:31.634,0.0003973181358221,-0.11572384922312
2025-03-08 14:27:31.654,0.0004120397631091,0.046673433959105
2025-03-08 14:27:31.673,0.0004014768397591,0.2207918648621765
2025-03-08 14:27:31.693,0.0003722169225625,0.4080791292437948
2025-03-08 14:27:31.713,0.0003327576595404,0.6048046078728285
2025-03-08 14:27:31.732,0.0002921110441801,0.8021863262191263
2025-03-08 14:27:31.752,0.0002585026398416,0.987847300441042
2025-03-08 14:27:31.771,0.0002382725300243,1.1481825884509853
2025-03-08 14:27:31.791,0.0002351071975913,1.2710109131420182
2025-03-08 14:27:31.810,0.0002497100129222,1.347843034977218
2025-03-08 14:27:31.830,0.0002799316988214,1.375210805875802
2025-03-08 14:27:31.849,0.000321287696094,1.354745675803519
2025-03-08 14:27:31.869,0.0003677343372285,1.292038862590847
2025-03-08 14:27:31.888,0.0004125648803858,1.1946779225296225
2025-03-08 14:27:31.908,0.0004493020655603,1.0701101521461682
2025-03-08 14:27:31.927,0.0004724874647721,0.924014643138835
2025-03-08 14:27:31.947,0.0004782894802749,0.7596402189686076
2025-03-08 14:27:31.966,0.0004648727870851,0.5781751053279324
2025-03-08 14:27:31.986,0.0004325013341835,0.3798274105052974
2025-03-08 14:27:32.006,0.0003833862918769,0.1650821826278579
2025-03-08 14:27:32.025,0.0003213222586102,-0.0643560869632575
2025-03-08 14:27:32.045,0.0002511636915439,-0.3051754202067842
2025-03-08 14:27:32.064,0.0001781925620722,-0.5525578649158241
2025-03-08 14:27:32.084,0.0001074435888493,-0.800512675389125
2025-03-08 14:27:32.103,4.308413809301566e-05,-1.0421779871173515
2025-03-08 14:27:32.123,-1.2040141043449992e-05,-1.2699680023747772
2025-03-08 14:27:32.142,-5.662010828745014e-05,-1.475618665978124
2025-03-08 14:27:32.162,-9.086785814573912e-05,-1.6502958597782824
2025-03-08 14:27:32.181,-0.0001163484517275,-1.7849343992344655
2025-03-08 14:27:32.201,-0.0001357251372428,-1.87089117647408
2025-03-08 14:27:32.220,-0.0001524143663639,-1.9008655416928413
2025-03-08 14:27:32.240,-0.0001701074524604,-1.869910005972107
2025-03-08 14:27:32.259,-0.0001921657353519,-1.7762743025758418
2025-03-08 14:27:32.279,-0.0002209948621323,-1.6218450684151475
2025-03-08 14:27:32.299,-0.0002575579174382,-1.412072587054937
2025-03-08 14:27:32.318,-0.000301146411414,-1.155454984911275
2025-03-08 14:27:32.338,-0.0003494305575963,-0.862776571145434
2025-03-08 14:27:32.357,-0.0003987414297081,-0.5463019892524256
2025-03-08 14:27:32.377,-0.0004445383714132,-0.2190287307815937
2025-03-08 14:27:32.396,-0.0004820362662599,0.1060194429147047
2025-03-08 14:27:32.416,-0.000506936744535,0.4165358224750594
2025-03-08 14:27:32.435,-0.0005161295752826,0.7017616443145834
2025-03-08 14:27:32.455,-0.0005081871560544,0.9533660858399662
2025-03-08 14:27:32.474,-0.0004835264144106,1.166231530995907
2025-03-08 14:27:32.494,-0.0004442298275216,1.3389251350117573
2025-03-08 14:27:32.513,-0.0003936234840924,1.473629816740616
2025-03-08 14:27:32.533,-0.0003357551310157,1.5753869374094434
2025-03-08 14:27:32.552,-0.0002748977340845,1.6506616535082288
2025-03-08 14:27:32.572,-0.0002151495014215,1.7054416723305863
2025-03-08 14:27:32.591,-0.0001601398147078,1.7432623031608017
2025-03-08 14:27:32.611,-0.000112807114003,1.7636574191169323
2025-03-08 14:27:32.631,-7.520398314570283e-05,1.7615221091948157
2025-03-08 14:27:32.650,-4.830793263041871e-05,1.727709877432871
2025-03-08 14:27:32.670,-3.186254771697692e-05,1.650883682786514
2025-03-08 14:27:32.689,-2.4322273337282786e-05,1.520273414579402
2025-03-08 14:27:32.709,-2.300063307552625e-05,1.3286993311690387
2025-03-08 14:27:32.728,-2.4504118081690928e-05,1.0751226267078524
2025-03-08 14:27:32.748,-2.5459369418716925e-05,0.7661090317210341
2025-03-08 14:27:32.767,-2.341373017056608e-05,0.4158716771953241
2025-03-08 14:27:32.787,-1.764582900755969e-05,0.0448926673038537
2025-03-08 14:27:32.806,-9.54736111870074e-06,-0.3225764270482845
2025-03-08 14:27:32.826,-2.325655268775477e-06,-0.6616257621676804
2025-03-08 14:27:32.845,-3.88451712121446e-08,-0.9498218596734788
2025-03-08 14:27:32.865,-6.273396178317851e-06,-1.1698376935028798
2025-03-08 14:27:32.884,-2.2914201517988983e-05,-1.311215668783705
2025-03-08 14:27:32.904,-4.937336216004217e-05,-1.3711054796092048
2025-03-08 14:27:32.924,-8.244570421565194e-05,-1.353998289688924
2025-03-08 14:27:32.943,-0.0001167909671589,-1.2706016251308505
2025-03-08 14:27:32.963,-0.0001459383404823,-1.1360700908254309
2025-03-08 14:27:32.982,-0.000163615675861,-0.9678434739450336
2025-03-08 14:27:33.002,-0.0001650963099015,-0.7833571798822234
2025-03-08 14:27:33.021,-0.000148188498268,-0.597885592032057
2025-03-08 14:27:33.041,-0.0001135639625914,-0.4227668956513321
2025-03-08 14:27:33.060,-6.435939428734558e-05,-0.264246874339481
2025-03-08 14:27:33.080,-5.27170774252123e-06,-0.1231554244534766
2025-03-08 14:27:33.099,5.847825979605153e-05,0.0044461573071715
2025-03-08 14:27:33.119,0.0001219981500184,0.1256676987965714
2025-03-08 14:27:33.138,0.0001812553226437,0.2484859468878981
2025-03-08 14:27:33.158,0.0002332941176818,0.3791925803700159
2025-03-08 14:27:33.177,0.0002762030343269,0.5201767128680351
2025-03-08 14:27:33.197,0.000308913972902,0.6685966681410805
2025-03-08 14:27:33.216,0.0003309365753056,0.8162983041276763
2025-03-08 14:27:33.236,0.0003421391524803,0.9509998119371283
2025-03-08 14:27:33.256,0.0003426588382707,1.058385621140622
2025-03-08 14:27:33.275,0.0003329609552551,1.1244935482661704
2025-03-08 14:27:33.295,0.0003139962874688,1.137773241472258
2025-03-08 14:27:33.314,0.0002873551573051,1.0904413580580874
2025-03-08 14:27:33.334,0.0002553118799988,0.9791109340322004
2025-03-08 14:27:33.353,0.0002206917835915,0.8049338957903716
2025-03-08 14:27:33.373,0.0001865454570386,0.5735504033048404
2025-03-08 14:27:33.392,0.0001556579370548,0.2949979142290332
2025-03-08 14:27:33.412,0.0001299747798333,-0.0164946636514939
2025-03-08 14:27:33.431,0.0001101086017627,-0.3430744110106367
2025-03-08 14:27:33.451,9.51413350459974e-05,-0.6644510479706619
2025-03-08 14:27:33.470,8.28799305717584e-05,-0.959792220280563
2025-03-08 14:27:33.490,7.056120553985589e-05,-1.210143429297322
2025-03-08 14:27:33.509,5.581964040172184e-05,-1.4009318496317236
2025-03-08 14:27:33.529,3.7612481740274935e-05,-1.5239830566162191
2025-03-08 14:27:33.549,1.6779360294483965e-05,-1.5785319933392052
2025-03-08 14:27:33.568,-3.993873680927696e-06,-1.5709327800074424
2025-03-08 14:27:33.588,-2.08512664393735e-05,-1.513096232747521
2025-03-08 14:27:33.607,-2.98972070435489e-05,-1.420005258015432
2025-03-08 14:27:33.627,-2.8416419877771685e-05,-1.3068739501231104
2025-03-08 14:27:33.646,-1.5787333125408175e-05,-1.1865651941925257
2025-03-08 14:27:33.666,6.179369691445125e-06,-1.0677705663422108
2025-03-08 14:27:33.685,3.3550728611199914e-05,-0.9542474871594584
2025-03-08 14:27:33.705,6.114067252986653e-05,-0.8451742630437973
2025-03-08 14:27:33.724,8.37333097858359e-05,-0.7364670449525206
2025-03-08 14:27:33.744,9.735376723260236e-05,-0.6227162490051257
2025-03-08 14:27:33.763,0.000100206986423,-0.4992576905610347
2025-03-08 14:27:33.783,9.294995515910632e-05,-0.3638410497221521
2025-03-08 14:27:33.802,7.818693102175622e-05,-0.2174544235693516
2025-03-08 14:27:33.822,5.939509705933428e-05,-0.0641192016161931
2025-03-08 14:27:33.842,3.971281413099976e-05,0.0901945072952807
2025-03-08 14:27:33.861,2.103270796241812e-05,0.2391017280720581
2025-03-08 14:27:33.881,3.6681405015715015e-06,0.3772467215375844
2025-03-08 14:27:33.900,-1.3377092384371513e-05,0.5012123564773537
2025-03-08 14:27:33.920,-3.170364866796744e-05,0.6096909759858712
2025-03-08 14:27:33.939,-5.264656887885927e-05,0.7029977683363026
2025-03-08 14:27:33.959,-7.65156685252186e-05,0.7822286219394553
2025-03-08 14:27:33.978,-0.0001021664208829,0.8484435627204872
2025-03-08 14:27:33.998,-0.0001270395400065,0.9021764680946632
2025-03-08 14:27:34.017,-0.000147689593777,0.9433865803985724
2025-03-08 14:27:34.037,-0.0001606627525739,0.9717719096789472
2025-03-08 14:27:34.056,-0.0001634478100345,0.9872380953227616
2025-03-08 14:27:34.076,-0.0001552019486769,0.9902908161971206
2025-03-08 14:27:34.095,-0.0001370505364314,0.9821817100313508
2025-03-08 14:27:34.115,-0.0001119079533325,0.9647456598889664
2025-03-08 14:27:34.134,-8.389657543780672e-05,0.939976493535805
2025-03-08 14:27:34.154,-5.7525754689106986e-05,0.9094683551386058
2025-03-08 14:27:34.174,-3.682884760613353e-05,0.873886955456229
2025-03-08 14:27:34.193,-2.4648613893925757e-05,0.8326265785629444
2025-03-08 14:27:34.213,-2.2215638127591624e-05,0.7837680409407629
2025-03-08 14:27:34.232,-2.9086481689411013e-05,0.724400269712834
2025-03-08 14:27:34.252,-4.340629177641844e-05,0.6513065874029258
2025-03-08 14:27:34.271,-6.236038684675993e-05,0.5619261686716942
2025-03-08 14:27:34.291,-8.263869259513076e-05,0.4553796121094501
2025-03-08 14:27:34.310,-0.0001008077121222,0.3332486539669465
2025-03-08 14:27:34.330,-0.0001136250828575,0.1998048683502947
2025-03-08 14:27:34.349,-0.0001184051545215,0.0615285805371765
2025-03-08 14:27:34.369,-0.0001134702128711,-0.073997241779051
2025-03-08 14:27:34.388,-9.858169074506484e-05,-0.1994954635505961
2025-03-08 14:27:34.408,-7.51758016738641e-05,-0.3092572632061001
2025-03-08 14:27:34.427,-4.627033371791502e-05,-0.3998579865421916
2025-03-08 14:27:34.447,-1.6011462349331295e-05,-0.4701343373147184
2025-03-08 14:27:34.467,1.1067283367856709e-05,-0.5205174649635363
2025-03-08 14:27:34.486,3.092421597343882e-05,-0.5520648867346923
2025-03-08 14:27:34.506,4.083455744105385e-05,-0.565642244740041
2025-03-08 14:27:34.525,3.9967633133640735e-05,-0.5616233933039377
2025-03-08 14:27:34.545,2.95679034490168e-05,-0.5402330203200743
2025-03-08 14:27:34.564,1.2684429160146298e-05,-0.5023604354253696
2025-03-08 14:27:34.584,-6.4849365919056855e-06,-0.4504668203335946
2025-03-08 14:27:34.603,-2.3463601914017183e-05,-0.3891743242582635
2025-03-08 14:27:34.623,-3.4369031949198714e-05,-0.3252460355830631
2025-03-08 14:27:34.642,-3.661157044836488e-05,-0.2668628853751047
2025-03-08 14:27:34.662,-2.932410049762664e-05,-0.2223075739497326
2025-03-08 14:27:34.681,-1.3505394685281624e-05,-0.1983397226449755
2025-03-08 14:27:34.701,8.110707264767138e-06,-0.1986628147205069
2025-03-08 14:27:34.720,3.146106920856979e-05,-0.2229060968325441
2025-03-08 14:27:34.740,5.183039633405885e-05,-0.2664481213963341
2025-03-08 14:27:34.760,6.473725760257813e-05,-0.3212074186282346
2025-03-08 14:27:34.779,6.688004509196243e-05,-0.3772738691959542
2025-03-08 14:27:34.799,5.693124306340904e-05,-0.4250176749875998
2025-03-08 14:27:34.818,3.596451465217979e-05,-0.4571491016322226
2025-03-08 14:27:34.838,7.367807497313023e-06,-0.4701623644528896
2025-03-08 14:27:34.857,-2.377545257582835e-05,-0.4647235867144316
2025-03-08 14:27:34.877,-5.171086864424102e-05,-0.4448597087536249
2025-03-08 14:27:34.896,-7.121019216876113e-05,-0.4161999037917106
2025-03-08 14:27:34.916,-7.866363935941861e-05,-0.3838664675388071
2025-03-08 14:27:34.935,-7.281261941475973e-05,-0.3507507558334132
2025-03-08 14:27:34.955,-5.495850098347647e-05,-0.3167620612412692
2025-03-08 14:27:34.974,-2.862048436977876e-05,-0.2792534307884041
2025-03-08 14:27:34.994,1.2492933567214375e-06,-0.2343698417435452
2025-03-08 14:27:35.013,2.9296487993614903e-05,-0.1787294012223804
2025-03-08 14:27:35.033,5.081566944717914e-05,-0.1107783874182714
2025-03-08 14:27:35.052,6.262184930273478e-05,-0.031368944131408
2025-03-08 14:27:35.072,6.36074556767908e-05,0.0565258917398804
2025-03-08 14:27:35.092,5.492715532307329e-05,0.1487037312891486
2025-03-08 14:27:35.111,3.9801621072928845e-05,0.2407992140593224
2025-03-08 14:27:35.131,2.293662448471606e-05,0.3291176035037917
2025-03-08 14:27:35.150,9.571636630742949e-06,0.410991138152729
2025-03-08 14:27:35.170,4.276167804403885e-06,0.4846266474701504
2025-03-08 14:27:35.189,9.775511070673786e-06,0.5486089393796911
2025-03-08 14:27:35.209,2.6177271828060688e-05,0.6013581259696325
2025-03-08 14:27:35.228,5.088392749311397e-05,0.640864615995816
2025-03-08 14:27:35.248,7.924275774144951e-05,0.6649110657167537
2025-03-08 14:27:35.267,0.0001057249437822,0.6717650078376843
2025-03-08 14:27:35.287,0.0001252677656396,0.6610880151235419
2025-03-08 14:27:35.306,0.0001344172637215,0.6346687772277866
2025-03-08 14:27:35.326,0.0001320287060299,0.596608712008156
2025-03-08 14:27:35.345,0.0001194177797179,0.5527591778417572
2025-03-08 14:27:35.365,9.995200446351724e-05,0.5094634316670026
2025-03-08 14:27:35.385,7.815217775317224e-05,0.4719035398716378
2025-03-08 14:27:35.404,5.847736210359845e-05,0.4425089924548263
2025-03-08 14:27:35.424,4.408886717872776e-05,0.4198979383346273
2025-03-08 14:27:35.443,3.596164223561615e-05,0.3986913613505076
2025-03-08 14:27:35.463,3.2646668099996643e-05,0.3703172932285295
2025-03-08 14:27:35.482,3.0770434803370255e-05,0.324686016123565
2025-03-08 14:27:35.502,2.6097397275805912e-05,0.2524290763856744
2025-03-08 14:27:35.521,1.482092827104924e-05,0.1472756903501977
2025-03-08 14:27:35.541,-5.272533114673584e-06,0.008089020065672
2025-03-08 14:27:35.560,-3.406166633348793e-05,-0.159892928839671
2025-03-08 14:27:35.580,-6.89703866208265e-05,-0.3449567622742899
2025-03-08 14:27:35.599,-0.0001055247563951,-0.5300989908218875
2025-03-08 14:27:35.619,-0.0001384436302366,-0.6953853525562294
2025-03-08 14:27:35.638,-0.0001629324403418,-0.8211137583909311
2025-03-08 14:27:35.658,-0.00017577581263,-0.891212536893496
2025-03-08 14:27:35.677,-0.000175916453556,-0.8962239548963997
2025-03-08 14:27:35.697,-0.0001644129053313,-0.8352907316945972
2025-03-08 14:27:35.717,-0.0001438808370433,-0.7167642621526445
2025-03-08 14:27:35.736,-0.0001176618811113,-0.5573158041409171
2025-03-08 14:27:35.756,-8.900443152027877e-05,-0.3796723059139937
2025-03-08 14:27:35.775,-6.049104345331383e-05,-0.2092818448370631
2025-03-08 14:27:35.795,-3.3831916040343035e-05,-0.0703624822884574
2025-03-08 14:27:35.814,-9.998119409918973e-06,0.0180754292982812
2025-03-08 14:27:35.834,1.045875878702151e-05,0.0455560532932106
2025-03-08 14:27:35.853,2.7100767370066492e-05,0.0121760025575656
2025-03-08 14:27:35.873,3.945044664986683e-05,-0.0710748020581084
2025-03-08 14:27:35.892,4.701427502572078e-05,-0.1838034412535786
2025-03-08 14:27:35.912,4.942894871896856e-05,-0.2992641621318119
2025-03-08 14:27:35.931,4.66603475651636e-05,-0.3884637648721263
2025-03-08 14:27:35.951,3.9190577178575614e-05,-0.4246912243307095
2025-03-08 14:27:35.970,2.814378788321811e-05,-0.3878140926783513
2025-03-08 14:27:35.990,1.533584147130375e-05,-0.2677219591603427
2025-03-08 14:27:36.010,3.2473200306579843e-06,-0.0663947405043425
2025-03-08 14:27:36.029,-5.126373727083642e-06,0.2017538544964409
2025-03-08 14:27:36.049,-6.64379528093556e-06,0.5113631930153006
2025-03-08 14:27:36.068,1.34514189622679e-06,0.8292696643102866
2025-03-08 14:27:36.088,2.0190957310336503e-05,1.1188727290931713
2025-03-08 14:27:36.107,4.921472812388015e-05,1.3450887479042044
2025-03-08 14:27:36.127,8.536468322331419e-05,1.4791542017930448
2025-03-08 14:27:36.146,0.0001234913981103,1.502550180139026
2025-03-08 14:27:36.166,0.0001572735368598,1.40944664649635
2025-03-08 14:27:36.185,0.0001805813434226,1.2072953352960492
2025-03-08 14:27:36.205,0.00018889488929,0.9155101722125254
2025-03-08 14:27:36.224,0.0001803685277011,0.5625164457502487
2025-03-08 14:27:36.244,0.0001562412644771,0.1817397870536777
2025-03-08 14:27:36.263,0.0001204903916267,-0.192751983585466
2025-03-08 14:27:36.283,7.886081155246104e-05,-0.5302871398998803
2025-03-08 14:27:36.303,3.7596005916496274e-05,-0.8068239462466678
2025-03-08 14:27:36.322,2.2561019895106e-06,-1.007109296390018
2025-03-08 14:27:36.342,-2.309825164158633e-05,-1.1256536324961026
2025-03-08 14:27:36.361,-3.627907926845659e-05,-1.166510264312275
2025-03-08 14:27:36.381,-3.700069687653217e-05,-1.1419164929072756
2025-03-08 14:27:36.400,-2.673375225318749e-05,-1.0699399451538183
2025-03-08 14:27:36.420,-8.49867751416451e-06,-0.9713905025170664
2025-03-08 14:27:36.439,1.3411951659697283e-05,-0.866389760392519
2025-03-08 14:27:36.459,3.388934354127584e-05,-0.771104368781668
2025-03-08 14:27:36.478,4.771975063415907e-05,-0.6952048151600042
2025-03-08 14:27:36.498,5.047845882577046e-05,-0.6405560040920699
2025-03-08 14:27:36.517,3.939177766560828e-05,-0.6014442647490957
2025-03-08 14:27:36.537,1.3928831115990062e-05,-0.5663189108801041
2025-03-08 14:27:36.556,-2.402965570647917e-05,-0.5206700711026309
2025-03-08 14:27:36.576,-7.048022975629255e-05,-0.4504029785830514
2025-03-08 14:27:36.595,-0.0001199823143629,-0.3449856770014661
2025-03-08 14:27:36.615,-0.000166621596533,-0.1997462197144857
2025-03-08 14:27:36.635,-0.0002050906356674,-0.0169215548582035
2025-03-08 14:27:36.654,-0.0002316722520257,0.1946556644860942
2025-03-08 14:27:36.674,-0.0002448687239134,0.4210629831619585
2025-03-08 14:27:36.693,-0.0002454659938739,0.6455896932861555
2025-03-08 14:27:36.713,-0.0002359968469956,0.8513161169912871
2025-03-08 14:27:36.732,-0.0002197989361597,1.0234634782648455
2025-03-08 14:27:36.752,-0.000200011690379,1.1511254765854648
2025-03-08 14:27:36.771,-0.0001788318572407,1.228159191504984
2025-03-08 14:27:36.791,-0.000157191960905,1.2531763692495037
2025-03-08 14:27:36.810,-0.000134858037503,1.2287222130857385
2025-03-08 14:27:36.830,-0.0001108411176212,1.1598668339210605
2025-03-08 14:27:36.849,-8.397931381130321e-05,1.0525598203412692
2025-03-08 14:27:36.869,-5.354321036503067e-05,0.9121733740871488
2025-03-08 14:27:36.888,-1.9729704761239585e-05,0.7426322099398007
2025-03-08 14:27:36.908,1.6064756034380856e-05,0.5463704040171273
2025-03-08 14:27:36.928,5.126155501279526e-05,0.3250898597912046
2025-03-08 14:27:36.947,8.242635395204266e-05,0.0810020358227188
2025-03-08 14:27:36.967,0.0001058621284146,-0.1819689723268166
2025-03-08 14:27:36.986,0.0001183632150975,-0.4575480433576759
2025-03-08 14:27:37.006,0.0001179717161235,-0.7373263760090087
2025-03-08 14:27:37.025,0.0001045508759474,-1.0117332656743008
2025-03-08 14:27:37.045,8.000745312840011e-05,-1.2712997972067346
2025-03-08 14:27:37.064,4.806851590613734e-05,-1.5076154187264714
2025-03-08 14:27:37.084,1.3637388241894535e-05,-1.7135404997754682
2025-03-08 14:27:37.103,-1.812309677330662e-05,-1.882607260953372
2025-03-08 14:27:37.123,-4.275301080340757e-05,-2.0079301982678133
2025-03-08 14:27:37.142,-5.7262754433721226e-05,-2.081190418219049
2025-03-08 14:27:37.162,-6.051542514306628e-05,-2.092285138798548
2025-03-08 14:27:37.181,-5.314370609107894e-05,-2.0300570738460157
2025-03-08 14:27:37.201,-3.706296722590768e-05,-1.884194938702742
2025-03-08 14:27:37.221,-1.4763039770047304e-05,-1.648007788189453
2025-03-08 14:27:37.240,1.1384680559396498e-05,-1.3214270413039415
2025-03-08 14:27:37.260,3.9591299257577046e-05,-0.913388849936542
2025-03-08 14:27:37.279,6.875746103537908e-05,-0.4427719575935971
2025-03-08 14:27:37.299,9.821674043407792e-05,0.0626697521609376
2025-03-08 14:27:37.318,0.0001272375222504,0.5694794576851959
2025-03-08 14:27:37.338,0.0001545105168931,1.0433126942956663
2025-03-08 14:27:37.357,0.0001778907267561,1.4544176196430325
2025-03-08 14:27:37.377,0.0001945944041673,1.7825021893718145
2025-03-08 14:27:37.396,0.0002018637712835,2.01976234050222
2025-03-08 14:27:37.416,0.0001978840968408,2.1712665877471182
2025-03-08 14:27:37.435,0.0001825998045896,2.2525599846497983
2025-03-08 14:27:37.455,0.0001581032820837,2.285063124575602
2025-03-08 14:27:37.474,0.0001284314287456,2.290402631083249
2025-03-08 14:27:37.494,9.880955404313768e-05,2.285074136786973
2025-03-08 14:27:37.513,7.454795394476399e-05,2.276738347785451
2025-03-08 14:27:37.533,5.988605269809225e-05,2.2630079359251685
2025-03-08 14:27:37.553,5.708384587874731e-05,2.232914731636285
2025-03-08 14:27:37.572,6.598013465127939e-05,2.170541352421638
2025-03-08 14:27:37.592,8.409607702333408e-05,2.059764451976287
2025-03-08 14:27:37.611,0.000107215371496,1.888838614968498
2025-03-08 14:27:37.631,0.0001302676842873,1.6536903210830862
2025-03-08 14:27:37.650,0.0001482973647963,1.3592159685024223
2025-03-08 14:27:37.670,0.0001573106370852,1.018442565768113
2025-03-08 14:27:37.689,0.0001548501700051,0.6499525013189467
2025-03-08 14:27:37.709,0.0001402320176515,0.2743534742547701
2025-03-08 14:27:37.728,0.0001144702899553,-0.0892938564828248
2025-03-08 14:27:37.748,7.996953592608052e-05,-0.4262959957769374
2025-03-08 14:27:37.767,4.006639997367091e-05,-0.7278934941831483
2025-03-08 14:27:37.787,-1.5097617669785513e-06,-0.9914363302147806
2025-03-08 14:27:37.806,-4.1170170269968325e-05,-1.2193647970889103
2025-03-08 14:27:37.826,-7.588999943729938e-05,-1.4174282841493897
2025-03-08 14:27:37.846,-0.0001034603736456,-1.592661664138572
2025-03-08 14:27:37.865,-0.0001225958155527,-1.7515644461175532
2025-03-08 14:27:37.885,-0.0001329815334093,-1.898734879879007
2025-03-08 14:27:37.904,-0.000135317397412,-2.0360023972042685
2025-03-08 14:27:37.924,-0.0001313208784866,-2.161987738506553
2025-03-08 14:27:37.943,-0.0001235749604106,-2.2720384834414737
2025-03-08 14:27:37.963,-0.0001151395238136,-2.358569258010197
2025-03-08 14:27:37.982,-0.0001089787395291,-2.411866752192716
2025-03-08 14:27:38.002,-0.000107373668066,-2.421344028204467
2025-03-08 14:27:38.021,-0.0001114917153479,-2.377086301674409
2025-03-08 14:27:38.041,-0.0001211995961399,-2.271407964623513
2025-03-08 14:27:38.060,-0.000135122281044,-2.1001064816354136
2025-03-08 14:27:38.080,-0.000150914302658,-1.8631746592973375
2025-03-08 14:27:38.099,-0.0001657027687911,-1.5648936146448635
2025-03-08 14:27:38.119,-0.0001766386625848,-1.213413426959857
2025-03-08 14:27:38.139,-0.0001814494705809,-0.8200619305988106
2025-03-08 14:27:38.158,-0.0001788678991318,-0.3986485603067754
2025-03-08 14:27:38.178,-0.0001688473816319,0.0350618391769231
2025-03-08 14:27:38.197,-0.0001525397749671,0.4637067650499811
2025-03-08 14:27:38.217,-0.0001320651021386,0.8687105009695781
2025-03-08 14:27:38.236,-0.0001101325002214,1.2310124372846258
2025-03-08 14:27:38.256,-8.958031392117282e-05,1.532421065218302
2025-03-08 14:27:38.275,-7.290133394059653e-05,1.757647269826063
2025-03-08 14:27:38.295,-6.181484669747076e-05,1.8967113210447424
2025-03-08 14:27:38.314,-5.694452092707714e-05,1.9470869336516927
2025-03-08 14:27:38.334,-5.765895922748338e-05,1.9148267484846515
2025-03-08 14:27:38.353,-6.212421737919398e-05,1.8141009296213504
2025-03-08 14:27:38.373,-6.759690845147065e-05,1.665016336933958
2025-03-08 14:27:38.392,-7.094625347082442e-05,1.4901034743617938
2025-03-08 14:27:38.412,-6.933223314590366e-05,1.3102864947565354
2025-03-08 14:27:38.431,-6.0893949403852127e-05,1.1413523259457377
2025-03-08 14:27:38.451,-4.5248280679452246e-05,0.9918243677521436
2025-03-08 14:27:38.471,-2.3616390291250147e-05,0.8627271322490536
2025-03-08 14:27:38.490,1.4868646088982497e-06,0.7491335086137425
2025-03-08 14:27:38.510,2.689936225098026e-05,0.6428450139728271
2025-03-08 14:27:38.529,4.95782125548279e-05,0.535275954631719
2025-03-08 14:27:38.549,6.726014092256087e-05,0.4196801857556918
2025-03-08 14:27:38.568,7.88564272715433e-05,0.2922176519594375
2025-03-08 14:27:38.588,8.451596916894662e-05,0.1518523157449862
2025-03-08 14:27:38.607,8.537796467722725e-05,-0.0004897112437618
2025-03-08 14:27:38.627,8.310711870601812e-05,-0.1628602080819916
2025-03-08 14:27:38.646,7.935560770085494e-05,-0.3327725502878457
2025-03-08 14:27:38.666,7.53240145684804e-05,-0.5070056641071626
2025-03-08 14:27:38.685,7.158244525545057e-05,-0.6809149560464313
2025-03-08 14:27:38.705,6.823212175171809e-05,-0.847733882046536
2025-03-08 14:27:38.724,6.533179983384254e-05,-0.9984019210844592
2025-03-08 14:27:38.744,6.335367760263881e-05,-1.1222412761766822
2025-03-08 14:27:38.764,6.338179242962326e-05,-1.208423353145064
2025-03-08 14:27:38.783,6.68728944427322e-05,-1.2477967148438098
2025-03-08 14:27:38.803,7.501857660966002e-05,-1.234469552492039
2025-03-08 14:27:38.822,8.797594314804589e-05,-1.1666352594263578
2025-03-08 14:27:38.842,0.0001043518132232,-1.046445381148374
2025-03-08 14:27:38.861,0.0001212405439711,-0.8791144629364385
2025-03-08 14:27:38.881,0.0001348549748776,-0.6717107098955766
2025-03-08 14:27:38.900,0.0001415180671914,-0.4321293524536732
2025-03-08 14:27:38.920,0.0001386650503678,-0.1685579283608758
2025-03-08 14:27:38.939,0.0001255643522965,0.1105614388839833
2025-03-08 14:27:38.959,0.0001035962848037,0.3963129310326184
2025-03-08 14:27:38.978,7.603672709691095e-05,0.6791302346338058
2025-03-08 14:27:38.998,4.737677171122557e-05,0.9488388546454148
2025-03-08 14:27:39.017,2.2307678410440687e-05,1.1949115548931204
2025-03-08 14:27:39.037,4.607812222724953e-06,1.4068210493290645
2025-03-08 14:27:39.056,-3.7663139845173065e-06,1.5743869886308424
2025-03-08 14:27:39.076,-3.1074294307037848e-06,1.688106130807543
2025-03-08 14:27:39.096,4.240823431570506e-06,1.7395498981100854
2025-03-08 14:27:39.115,1.4641358024788557e-05,1.7219610535917491
2025-03-08 14:27:39.135,2.421212720144902e-05,1.6311565280199265
2025-03-08 14:27:39.154,2.980776454649972e-05,1.4667306737697847
2025-03-08 14:27:39.174,2.964579864486587e-05,1.23335741506009
2025-03-08 14:27:39.193,2.3461815579712355e-05,0.9417721892252464
2025-03-08 14:27:39.213,1.2242757045364393e-05,0.6088929876047345
2025-03-08 14:27:39.232,-2.320328715261728e-06,0.2566243952775374
2025-03-08 14:27:39.252,-1.848335974087749e-05,-0.0907950491572921
2025-03-08 14:27:39.271,-3.500993084647627e-05,-0.4105736637993598
2025-03-08 14:27:39.291,-5.144548477638171e-05,-0.6854797271012751
2025-03-08 14:27:39.310,-6.796910914212902e-05,-0.907202296916326
2025-03-08 14:27:39.330,-8.48557006463407e-05,-1.0779105575411578
2025-03-08 14:27:39.349,-0.0001018065848451,-1.209362800435947
2025-03-08 14:27:39.369,-0.0001175262251557,-1.3195757453941124
2025-03-08 14:27:39.389,-0.0001298115026151,-1.4277700697388434
2025-03-08 14:27:39.408,-0.0001361387512628,-1.5488330924676714
2025-03-08 14:27:39.428,-0.0001344774102775,-1.6887284513070029
2025-03-08 14:27:39.447,-0.0001239745161686,-1.8420811199447555
2025-03-08 14:27:39.467,-0.0001052429313378,-1.9926260077258335
2025-03-08 14:27:39.486,-8.016189227876133e-05,-2.116472855125851
2025-03-08 14:27:39.506,-5.128079672586493e-05,-2.1874025975153693
2025-03-08 14:27:39.525,-2.1060389462693088e-05,-2.182866072432823
2025-03-08 14:27:39.545,8.74628900766165e-06,-2.0891638047962933
2025-03-08 14:27:39.564,3.731888844743488e-05,-1.904519376892117
2025-03-08 14:27:39.584,6.451876140372691e-05,-1.6393548993740388
2025-03-08 14:27:39.603,9.030153460236108e-05,-1.3138413628302892
2025-03-08 14:27:39.623,0.0001140811639826,-0.953488987643006
2025-03-08 14:27:39.642,0.0001343421916481,-0.5839720465228466
2025-03-08 14:27:39.662,0.0001486899692909,-0.2264597987872389
2025-03-08 14:27:39.682,0.0001543667672243,0.1055274625574518
2025-03-08 14:27:39.701,0.000149097198694,0.4071917211756766
2025-03-08 14:27:39.721,0.0001319998321629,0.681460959903278
2025-03-08 14:27:39.740,0.0001042475067323,0.9364017808049292
2025-03-08 14:27:39.760,6.920184244531773e-05,1.1818201127254653
2025-03-08 14:27:39.779,3.189511545625076e-05,1.425901764599271
2025-03-08 14:27:39.799,-2.0437811785466005e-06,1.6726021187922997
2025-03-08 14:27:39.818,-2.770608705921516e-05,1.9202018705441328
2025-03-08 14:27:39.838,-4.204992407789975e-05,2.16110161368918
2025-03-08 14:27:39.857,-4.453686020735256e-05,2.382645078583024
2025-03-08 14:27:39.877,-3.711308444371157e-05,2.5686281875920214
2025-03-08 14:27:39.896,-2.3601937980840063e-05,2.7011815600450517
2025-03-08 14:27:39.916,-8.722888676012524e-06,2.7628294351378377
2025-03-08 14:27:39.935,2.9925149817122062e-06,2.738613301868096
2025-03-08 14:27:39.955,8.148169349786895e-06,2.61815261185124
2025-03-08 14:27:39.974,5.138012501031725e-06,2.3974129389789223
2025-03-08 14:27:39.994,-5.569362100240079e-06,2.0798519512034743
2025-03-08 14:27:40.014,-2.1552601160213453e-05,1.6766237619973727
2025-03-08 14:27:40.033,-3.897324909311422e-05,1.2056991639706696
2025-03-08 14:27:40.053,-5.346461125086178e-05,0.6900534882860389
2025-03-08 14:27:40.072,-6.120868457543619e-05,0.1553441327072624
2025-03-08 14:27:40.092,-5.994580401295962e-05,-0.3723966096543158
2025-03-08 14:27:40.111,-4.963869250222068e-05,-0.8686381687514185
2025-03-08 14:27:40.131,-3.258424446810311e-05,-1.3116348628521748
2025-03-08 14:27:40.150,-1.2916349010581196e-05,-1.6832118541908403
2025-03-08 14:27:40.170,4.385084187579599e-06,-1.969299087171251
2025-03-08 14:27:40.189,1.472792408271463e-05,-2.160452523662149
2025-03-08 14:27:40.209,1.5065724799250271e-05,-2.252471275505018
2025-03-08 14:27:40.228,4.672878787710778e-06,-2.2470309754098112
2025-03-08 14:27:40.248,-1.4676650467098509e-05,-2.1520805788781616
2025-03-08 14:27:40.267,-3.917539864813912e-05,-1.9816636252442643
2025-03-08 14:27:40.287,-6.393995432129087e-05,-1.7548827352540868
2025-03-08 14:27:40.307,-8.414753823260647e-05,-1.4939304530546795
2025-03-08 14:27:40.326,-9.601587069942484e-05,-1.2213900858548954
2025-03-08 14:27:40.346,-9.742128406733952e-05,-0.9572617717594096
2025-03-08 14:27:40.365,-8.813057910370604e-05,-0.7163106791058459
2025-03-08 14:27:40.385,-6.972137467350188e-05,-0.5063308312659833
2025-03-08 14:27:40.404,-4.526124653193562e-05,-0.3277620851640921
2025-03-08 14:27:40.424,-1.878721238497468e-05,-0.1748011539652153
2025-03-08 14:27:40.443,5.363787067486004e-06,-0.0377656994543532
2025-03-08 14:27:40.463,2.328424578110031e-05,0.0938841441075617
2025-03-08 14:27:40.482,3.216274355542452e-05,0.2286606770413078
2025-03-08 14:27:40.502,3.075797691985881e-05,0.3710535408863636
2025-03-08 14:27:40.521,1.95775457749807e-05,0.520896932720603
2025-03-08 14:27:40.541,7.230443859691556e-07,0.6741259157534923
2025-03-08 14:27:40.560,-2.255096598797537e-05,0.8244849016400715
2025-03-08 14:27:40.580,-4.644883941389235e-05,0.96545099879408
2025-03-08 14:27:40.600,-6.728918560275952e-05,1.0916344625461003
2025-03-08 14:27:40.619,-8.210928278323336e-05,1.1992209233178526
2025-03-08 14:27:40.639,-8.915142248493973e-05,1.2854770165195724
2025-03-08 14:27:40.658,-8.815673806518617e-05,1.3477341682851385
2025-03-08 14:27:40.678,-8.038054707102575e-05,1.3824278259809688
2025-03-08 14:27:40.697,-6.827817725477394e-05,1.3846650582508886
2025-03-08 14:27:40.717,-5.489886648897953e-05,1.3485153303514668
2025-03-08 14:27:40.736,-4.312421748123715e-05,1.2679224573255372
2025-03-08 14:27:40.756,-3.4948691122962514e-05,1.1379474730609638
2025-03-08 14:27:40.775,-3.100042071287404e-05,0.9560148805166768
2025-03-08 14:27:40.795,-3.0439926170820895e-05,0.7229127048816666
2025-03-08 14:27:40.814,-3.126396973210997e-05,0.4434229299208858
2025-03-08 14:27:40.834,-3.091454386236892e-05,0.1265711413041771
2025-03-08 14:27:40.853,-2.7003751901145803e-05,-0.2144656237087872
2025-03-08 14:27:40.873,-1.7951543283836116e-05,-0.5627879059964175
2025-03-08 14:27:40.892,-3.37549845399678e-06,-0.898621285445911
2025-03-08 14:27:40.912,1.5861448355412665e-05,-1.2007127371760118
2025-03-08 14:27:40.932,3.79353764244358e-05,-1.448326112597037
2025-03-08 14:27:40.951,6.053282120095373e-05,-1.6236674421952475
2025-03-08 14:27:40.971,8.129546376094309e-05,-1.7143147083959769
2025-03-08 14:27:40.990,9.810933575340066e-05,-1.7150901738612927
2025-03-08 14:27:41.010,0.0001092829795801,-1.628896802803942
2025-03-08 14:27:41.029,0.0001137466090315,-1.4663174780701589
2025-03-08 14:27:41.049,0.0001113171256693,-1.2441132138693956
2025-03-08 14:27:41.068,0.0001029103241332,-0.983003476042859
2025-03-08 14:27:41.088,9.052146431488634e-05,-0.7051876053762919
2025-03-08 14:27:41.107,7.690207262956891e-05,-0.431988736690338
2025-03-08 14:27:41.127,6.502430984089584e-05,-0.1818501191206966
2025-03-08 14:27:41.146,5.750396556735117e-05,0.031225879416594
2025-03-08 14:27:41.166,5.612199207125109e-05,0.1987788036121027
2025-03-08 14:27:41.185,6.151072959213666e-05,0.3185102703401605
2025-03-08 14:27:41.205,7.302118854503744e-05,0.3943525778719007
2025-03-08 14:27:41.225,8.878176979644502e-05,0.4358704249319773
2025-03-08 14:27:41.244,0.0001059724265343,0.4568925320852196
2025-03-08 14:27:41.264,0.0001213192375377,0.473375832070545
2025-03-08 14:27:41.283,0.0001317327753404,0.5007015791574099
2025-03-08 14:27:41.303,0.0001349185296599,0.5508255070695711
2025-03-08 14:27:41.322,0.0001297726598821,0.6298483783463508
2025-03-08 14:27:41.342,0.000116470331258,0.7365563118869299
2025-03-08 14:27:41.361,9.628323043678276e-05,0.8622914260152812
2025-03-08 14:27:41.381,7.12362116336855e-05,0.9922147611200036
2025-03-08 14:27:41.400,4.371194986495481e-05,1.1077108295717055
2025-03-08 14:27:41.420,1.6084511375303692e-05,1.1894402337117802
2025-03-08 14:27:41.439,-9.55287195601211e-06,1.220422946215712
2025-03-08 14:27:41.459,-3.151639387782304e-05,1.188547936070506
2025-03-08 14:27:41.478,-4.851424791484206e-05,1.0880515225550405
2025-03-08 14:27:41.498,-5.9550482192261255e-05,0.91976315719201
2025-03-08 14:27:41.517,-6.385974390964917e-05,0.6902284928249981
2025-03-08 14:27:41.537,-6.0958114948132665e-05,0.4100993121315652
2025-03-08 14:27:41.557,-5.081708690153399e-05,0.092337033674695
2025-03-08 14:27:41.576,-3.409515206229077e-05,-0.2492462107972444
2025-03-08 14:27:41.596,-1.2342219525524091e-05,-0.6007864860314155
2025-03-08 14:27:41.615,1.1895801980408588e-05,-0.9484969740555802
2025-03-08 14:27:41.635,3.5154477857116286e-05,-1.2784176185267646
2025-03-08 14:27:41.654,5.3410167653286055e-05,-1.576238207877427
2025-03-08 14:27:41.674,6.277042321915457e-05,-1.827607176613791
2025-03-08 14:27:41.693,6.039602507182829e-05,-2.0191219609458737
2025-03-08 14:27:41.713,4.5378576450081847e-05,-2.1398943526396845
2025-03-08 14:27:41.732,1.9213455175655912e-05,-2.1833082305509834
2025-03-08 14:27:41.752,-1.4397651058052555e-05,-2.1484354624658635
2025-03-08 14:27:41.771,-5.042407942869902e-05,-2.040598558049892
2025-03-08 14:27:41.791,-8.378257074828158e-05,-1.8707546080046047
2025-03-08 14:27:41.810,-0.0001105679283103,-1.6536710148043423
2025-03-08 14:27:41.830,-0.0001288340082414,-1.405196757381384
2025-03-08 14:27:41.850,-0.0001387182936774,-1.139220569228964
2025-03-08 14:27:41.869,-0.0001419429882182,-0.8650683370555096
2025-03-08 14:27:41.889,-0.0001409149215077,-0.5860636002733045
2025-03-08 14:27:41.908,-0.0001377434660984,-0.2997293409719573
2025-03-08 14:27:41.928,-0.0001334932301041,0.0003214415331726
2025-03-08 14:27:41.947,-0.0001278986960714,0.321256764120287
2025-03-08 14:27:41.967,-0.0001196158068455,0.6674900793255399
2025-03-08 14:27:41.986,-0.0001069065278472,1.0376751398265225
2025-03-08 14:27:42.006,-8.850012445911388e-05,1.4229689603393731
2025-03-08 14:27:42.025,-6.431792291583253e-05,1.8069193469355105
2025-03-08 14:27:42.045,-3.582445315878802e-05,2.1669456599532264
2025-03-08 14:27:42.064,-5.929024696076719e-06,2.477095633529107
2025-03-08 14:27:42.084,2.1494055104285e-05,2.71159112632042
2025-03-08 14:27:42.103,4.232900587090302e-05,2.8485890526704183
2025-03-08 14:27:42.123,5.303538906008056e-05,2.873552283961904
2025-03-08 14:27:42.143,5.141218209883364e-05,2.7816528325311203
2025-03-08 14:27:42.162,3.716876582277263e-05,2.5787481444807208
2025-03-08 14:27:42.182,1.217525591965885e-05,2.28069926147068
2025-03-08 14:27:42.201,-1.9701359070604084e-05,1.9111039568222457
2025-03-08 14:27:42.221,-5.3199352818627467e-05,1.497827069466919
2025-03-08 14:27:42.240,-8.261714754840603e-05,1.0689534260201936
2025-03-08 14:27:42.260,-0.0001029096616395,0.6489151472151573
2025-03-08 14:27:42.279,-0.0001106410431773,0.2555234886198748
2025-03-08 14:27:42.299,-0.0001045588912673,-0.1015414644922035
2025-03-08 14:27:42.318,-8.57115021985403e-05,-0.4205326529503829
2025-03-08 14:27:42.338,-5.7173617791182106e-05,-0.7058391878251045
2025-03-08 14:27:42.357,-2.349018425510411e-05,-0.9650328884485564
2025-03-08 14:27:42.377,1.007072022273572e-05,-1.2054357284716763
2025-03-08 14:27:42.396,3.836267887606129e-05,-1.4309860215418106
2025-03-08 14:27:42.416,5.717460088299192e-05,-1.640129283729221
2025-03-08 14:27:42.435,6.387035374214008e-05,-1.825253545048348
2025-03-08 14:27:42.455,5.775927896723759e-05,-1.973849870490351
2025-03-08 14:27:42.475,4.017730853294913e-05,-2.071160260397632
2025-03-08 14:27:42.494,1.4295543662393864e-05,-2.1036663122440813
2025-03-08 14:27:42.514,-1.5331589151287248e-05,-2.062496567051221
2025-03-08 14:27:42.533,-4.3464722776571215e-05,-1.9458137098272417
2025-03-08 14:27:42.553,-6.507129787146708e-05,-1.759539056435456
2025-03-08 14:27:42.572,-7.627720119846754e-05,-1.5162985477896294
2025-03-08 14:27:42.592,-7.514830741547646e-05,-1.2330241598578644
2025-03-08 14:27:42.611,-6.203917017337254e-05,-0.9279877062360958
2025-03-08 14:27:42.631,-3.935803877190457e-05,-0.6180596160968352
2025-03-08 14:27:42.650,-1.0826286172084737e-05,-0.3167272748082167
2025-03-08 14:27:42.670,1.948638035997036e-05,-0.0330574426345762
2025-03-08 14:27:42.689,4.802726343613079e-05,0.2284719278158277
2025-03-08 14:27:42.709,7.232031291158423e-05,0.4674417455016716
2025-03-08 14:27:42.728,9.116142562438235e-05,0.6864266589362361
2025-03-08 14:27:42.748,0.0001044717106276,0.8895493504339592
2025-03-08 14:27:42.768,0.0001128790390514,1.0808476986851503
2025-03-08 14:27:42.787,0.0001171721317376,1.2626950443522835
2025-03-08 14:27:42.807,0.0001178381449997,1.4345100924889016
2025-03-08 14:27:42.826,0.0001148759647849,1.5919401190505318
2025-03-08 14:27:42.846,0.0001079502633649,1.726654508518683
2025-03-08 14:27:42.865,9.678169445089189e-05,1.826873161774408
2025-03-08 14:27:42.885,8.156985413599646e-05,1.878723128384118
2025-03-08 14:27:42.904,6.327137519689911e-05,1.868381444553308
2025-03-08 14:27:42.924,4.36440649691354e-05,1.7847089146891664
2025-03-08 14:27:42.943,2.50430394020972e-05,1.6218166049864344
2025-03-08 14:27:42.963,1.0016798180670511e-05,1.3809018843577476
2025-03-08 14:27:42.982,8.136874363632406e-07,1.07084488811165
2025-03-08 14:27:43.002,-1.0622369712588792e-06,0.7074177241407571
2025-03-08 14:27:43.021,4.861741988039614e-06,0.3113506158865825
2025-03-08 14:27:43.041,1.794057791382755e-05,-0.0942590090199305
2025-03-08 14:27:43.061,3.651340802736635e-05,-0.4866805020079515
2025-03-08 14:27:43.080,5.815108983249968e-05,-0.8460251926591996
2025-03-08 14:27:43.100,7.999773167245419e-05,-1.157187380153391
2025-03-08 14:27:43.119,9.91576192916601e-05,-1.4110418079748597
2025-03-08 14:27:43.139,0.0001130842282506,-1.6047098510446336
2025-03-08 14:27:43.158,0.0001199297520098,-1.7407593093800804
2025-03-08 14:27:43.178,0.0001188115046477,-1.8253584455979268
2025-03-08 14:27:43.197,0.0001099510611184,-1.865672087681152
2025-03-08 14:27:43.217,9.465234757403588e-05,-1.8670885429025907
2025-03-08 14:27:43.236,7.511324443045603e-05,-1.8310662323175304
2025-03-08 14:27:43.256,5.410228640103505e-05,-1.7543594990519196
2025-03-08 14:27:43.275,3.4546671277913495e-05,-1.630065048014952
2025-03-08 14:27:43.295,1.9056077564043877e-05,-1.4503791920193234
2025-03-08 14:27:43.314,9.398312737487996e-06,-1.2103459380709405
2025-03-08 14:27:43.334,6.011979809048022e-06,-0.911445879610532
2025-03-08 14:27:43.353,7.754263957483323e-06,-0.5638215719231402
2025-03-08 14:27:43.373,1.2105449724432858e-05,-0.1863040356066994
2025-03-08 14:27:43.393,1.5896231951850114e-05,0.1959337337742209
2025-03-08 14:27:43.412,1.635259334932601e-05,0.5555589735625154
2025-03-08 14:27:43.432,1.2043988656898071e-05,0.8680370430407038
2025-03-08 14:27:43.451,3.3297071879274668e-06,1.1161175848770717
2025-03-08 14:27:43.471,-7.871284666338837e-06,1.2927716081741003
2025-03-08 14:27:43.490,-1.8866563901118083e-05,1.4019395271730204
2025-03-08 14:27:43.510,-2.722217178047689e-05,1.456998154631481
2025-03-08 14:27:43.529,-3.1691966824754166e-05,1.4773565051412478
2025-03-08 14:27:43.549,-3.2755700977027645e-05,1.483944623594781
2025-03-08 14:27:43.568,-3.258515469423752e-05,1.494531067513949
2025-03-08 14:27:43.588,-3.44147022192131e-05,1.5197964404125384
2025-03-08 14:27:43.607,-4.149495959951027e-05,1.5609187932248252
2025-03-08 14:27:43.627,-5.598227351684968e-05,1.609120615013944
2025-03-08 14:27:43.646,-7.81538897696109e-05,1.6472382561589356
2025-03-08 14:27:43.666,-0.0001062054143214,1.6529757191043168
2025-03-08 14:27:43.686,-0.0001366640000562,1.603175519929307
2025-03-08 14:27:43.705,-0.0001652491503285,1.4782497316018794
2025-03-08 14:27:43.725,-0.0001878941501278,1.265907220020996
2025-03-08 14:27:43.744,-0.0002016208226965,0.9634905254133678
2025-03-08 14:27:43.764,-0.0002050376641707,0.5785551017440301
2025-03-08 14:27:43.783,-0.0001983765071129,0.1277053780515872
2025-03-08 14:27:43.803,-0.0001831340045758,-0.3659455938135831
2025-03-08 14:27:43.822,-0.0001614866442359,-0.8760767605498399
2025-03-08 14:27:43.842,-0.000135681789985,-1.3764985619767451
2025-03-08 14:27:43.861,-0.0001075798184285,-1.843865542349979
2025-03-08 14:27:43.881,-7.845322526150734e-05,-2.259308312841596
2025-03-08 14:27:43.900,-4.90611306363508e-05,-2.6088560464852004
2025-03-08 14:27:43.920,-1.993485082229052e-05,-2.88286177688635
2025-03-08 14:27:43.939,8.249055915922422e-06,-3.0748777692893667
2025-03-08 14:27:43.959,3.435527885301419e-05,-3.180480255333253
2025-03-08 14:27:43.978,5.6665798407821126e-05,-3.196433710830476
2025-03-08 14:27:43.998,7.30217140787434e-05,-3.120410882779345
2025-03-08 14:27:44.018,8.122790200389672e-05,-2.9513325686255376
2025-03-08 14:27:44.037,7.963092794553279e-05,-2.690274790762258
2025-03-08 14:27:44.057,6.770889172025154e-05,-2.341767101224458
2025-03-08 14:27:44.076,4.647830771281612e-05,-1.9151480230852524
2025-03-08 14:27:44.096,1.854765109692625e-05,-1.4255011877364614
2025-03-08 14:27:44.115,-1.2261470889613342e-05,-0.8936716610449548
2025-03-08 14:27:44.135,-4.1664192340931335e-05,-0.3450311221055593
2025-03-08 14:27:44.154,-6.583456252288168e-05,0.1929949161282589
2025-03-08 14:27:44.174,-8.222562865073499e-05,0.6942160312456944
2025-03-08 14:27:44.193,-9.002680316817344e-05,1.1370454206660796
2025-03-08 14:27:44.213,-9.01011681616011e-05,1.507129600960676
2025-03-08 14:27:44.232,-8.442369442232252e-05,1.7986215586478067
2025-03-08 14:27:44.252,-7.523783420342645e-05,2.0138825215621035
2025-03-08 14:27:44.271,-6.425768268641538e-05,2.161827547382214
2025-03-08 14:27:44.291,-5.219391161540468e-05,2.2554223786394894
2025-03-08 14:27:44.311,-3.871565867576742e-05,2.3089280082848127
2025-03-08 14:27:44.330,-2.2792605683138065e-05,2.335411752726806
2025-03-08 14:27:44.350,-3.266697601911668e-06,2.344878154035428
2025-03-08 14:27:44.369,2.052260082398297e-05,2.343190625468664
2025-03-08 14:27:44.389,4.822367052368791e-05,2.331803292048534
2025-03-08 14:27:44.408,7.820049064683535e-05,2.308223036289665
2025-03-08 14:27:44.428,0.0001075855483945,2.267064714970003
2025-03-08 14:27:44.447,0.0001326772107594,2.201518688350628
2025-03-08 14:27:44.467,0.0001496278404673,2.1050007927764804
2025-03-08 14:27:44.486,0.0001552956777821,1.972714135138858
2025-03-08 14:27:44.506,0.0001480743530057,1.8028505687061465
2025-03-08 14:27:44.525,0.0001284870719373,1.5972147285457134
2025-03-08 14:27:44.545,9.935689590691264e-05,1.3611572092419475
2025-03-08 14:27:44.564,6.54517191431057e-05,1.1028333511500608
2025-03-08 14:27:44.584,3.264036941055498e-05,0.8319338982522168
2025-03-08 14:27:44.604,6.738985419417555e-06,0.55813894477234
2025-03-08 14:27:44.623,-7.67982388128543e-06,0.2896099795814061
2025-03-08 14:27:44.643,-8.225536284186275e-06,0.031846303245984
2025-03-08 14:27:44.662,4.849585862656716e-06,-0.2128227396202998
2025-03-08 14:27:44.682,2.8753274981125924e-05,-0.4449771600948021
2025-03-08 14:27:44.701,5.873298207237657e-05,-0.667156492344148
2025-03-08 14:27:44.721,8.893313521912214e-05,-0.8825124291458505
2025-03-08 14:27:44.740,0.0001133391979696,-1.0934610114130912
2025-03-08 14:27:44.760,0.0001267046279533,-1.300666376231474
2025-03-08 14:27:44.779,0.0001254163691313,-1.5025000763104086
2025-03-08 14:27:44.799,0.0001082337639256,-1.694943365181991
2025-03-08 14:27:44.818,7.677130610995039e-05,-1.8718458049112328
2025-03-08 14:27:44.838,3.555671193038116e-05,-2.025512861924171
2025-03-08 14:27:44.857,-8.46981427758829e-06,-2.147650908264619
2025-03-08 14:27:44.877,-4.703480426646619e-05,-2.230638638239225
2025-03-08 14:27:44.896,-7.205210514891936e-05,-2.2689188565189955
2025-03-08 14:27:44.916,-7.730498752980483e-05,-2.260130431607645
2025-03-08 14:27:44.936,-5.992121443626456e-05,-2.2055693703661072
2025-03-08 14:27:44.955,-2.1263831906198547e-05,-2.1097398617241523
2025-03-08 14:27:44.975,3.304408660388998e-05,-1.9790642393018305
2025-03-08 14:27:44.994,9.40457752219976e-05,-1.8201218756324156
2025-03-08 14:27:45.014,0.0001511617238011,-1.6379535734042192
2025-03-08 14:27:45.033,0.0001942866960417,-1.4349502862274102
2025-03-08 14:27:45.053,0.0002157528958173,-1.2106734000115509
2025-03-08 14:27:45.072,0.0002117039275397,-0.962704278631337
2025-03-08 14:27:45.092,0.0001826503998903,-0.6883714502909279
2025-03-08 14:27:45.111,0.0001332238670317,-0.3870014736514405
2025-03-08 14:27:45.131,7.127895500959403e-05,-0.0621951889436094
2025-03-08 14:27:45.150,6.514114917912874e-06,0.276451049811893
2025-03-08 14:27:45.170,-5.121402519166316e-05,0.6127515044037076
2025-03-08 14:27:45.189,-9.365041607137528e-05,0.9248938017685224
2025-03-08 14:27:45.209,-0.0001156603394649,1.18808674602369
2025-03-08 14:27:45.229,-0.0001161734304172,1.3785950271462784
2025-03-08 14:27:45.248,-9.832167231512552e-05,1.47840564411229
2025-03-08 14:27:45.268,-6.87301675084835e-05,1.47943173887815
2025-03-08 14:27:45.287,-3.611475259067373e-05,1.3860971198016585
2025-03-08 14:27:45.307,-9.481786994132127e-06,1.2154493104361552
2025-03-08 14:27:45.326,3.703934851592124e-06,0.9945723420895916
2025-03-08 14:27:45.346,-9.860311446828526e-07,0.755823983358952
2025-03-08 14:27:45.365,-2.40955927336055e-05,0.5310491249821095
2025-03-08 14:27:45.385,-6.226982784353677e-05,0.3462008079034834
2025-03-08 14:27:45.404,-0.0001090811195898,0.2176326573336516
2025-03-08 14:27:45.424,-0.0001564878614329,0.150772672375077
2025-03-08 14:27:45.443,-0.0001965385251336,0.1411564252172369
2025-03-08 14:27:45.463,-0.0002228802646939,0.1771610788075717
2025-03-08 14:27:45.482,-0.0002317400982798,0.2434552051452246
2025-03-08 14:27:45.502,-0.0002222561488569,0.3242245786134239
2025-03-08 14:27:45.522,-0.0001962377695162,0.4055532477058045
2025-03-08 14:27:45.541,-0.0001575529574447,0.4767536459795288
2025-03-08 14:27:45.561,-0.0001113653479422,0.5307883403499583
2025-03-08 14:27:45.580,-6.339492915434032e-05,0.5641209301075437
2025-03-08 14:27:45.600,-1.9293912555283366e-05,0.5763572988112844
2025-03-08 14:27:45.619,1.5850605947522914e-05,0.5699227242792918
2025-03-08 14:27:45.639,3.792441606985124e-05,0.5498313732949291
2025-03-08 14:27:45.658,4.414707263027566e-05,0.5234239467040522
2025-03-08 14:27:45.678,3.339582472399604e-05,0.4998458390941311
2025-03-08 14:27:45.697,6.452348918115798e-06,0.4890520616413156
2025-03-08 14:27:45.717,-3.3905108975591105e-05,0.5002626634699479
2025-03-08 14:27:45.736,-8.303665458074949e-05,0.540016622817921
2025-03-08 14:27:45.756,-0.0001348232696141,0.6101996002268062
2025-03-08 14:27:45.775,-0.0001822583514194,0.7065536771427677
2025-03-08 14:27:45.795,-0.0002181968284892,0.8181582518806565
2025-03-08 14:27:45.814,-0.0002362348567684,0.9282079296101948
2025-03-08 14:27:45.834,-0.0002316822615368,1.0161496233660066
2025-03-08 14:27:45.854,-0.0002025121909894,1.0609250508019925
2025-03-08 14:27:45.873,-0.0001500842516333,1.0447510403967983
2025-03-08 14:27:45.893,-7.940565474618102e-05,0.9566402568575996
2025-03-08 14:27:45.912,1.2616698669942529e-06,0.7948191133844565
2025-03-08 14:27:45.932,8.15252605431849e-05,0.5674061351998011
2025-03-08 14:27:45.951,0.0001506117536589,0.2911515521390339
2025-03-08 14:27:45.971,0.0001994125750387,-0.0114255209087108
2025-03-08 14:27:45.990,0.0002223168184618,-0.3157361191994149
2025-03-08 14:27:46.010,0.0002183031290818,-0.59874217364528
2025-03-08 14:27:46.029,0.0001909626376474,-0.8417613914193288
2025-03-08 14:27:46.049,0.0001474780606621,-1.0321057048559863
2025-03-08 14:27:46.068,9.69245856391692e-05,-1.163602769401882
2025-03-08 14:27:46.088,4.84247836666037e-05,-1.23629615567085
2025-03-08 14:27:46.107,9.627308037775573e-06,-1.2556440347351483
2025-03-08 14:27:46.127,-1.4236575869859943e-05,-1.231383786564384
2025-03-08 14:27:46.147,-2.0699364398152443e-05,-1.1760392376285194
2025-03-08 14:27:46.166,-9.941601590929069e-06,-1.1029861250103457
2025-03-08 14:27:46.186,1.5610131768360113e-05,-1.0241535091980822
2025-03-08 14:27:46.205,5.184947843017045e-05,-0.9477580539871232
2025-03-08 14:27:46.225,9.368794200540452e-05,-0.8767385448853944
2025-03-08 14:27:46.244,0.0001358906225464,-0.8085672196588007
2025-03-08 14:27:46.264,0.000173991379492,-0.73678370735998
2025-03-08 14:27:46.283,0.0002050977510653,-0.6540248009077549
2025-03-08 14:27:46.303,0.0002283154160562,-0.5557291062326891
2025-03-08 14:27:46.322,0.0002445867686883,-0.4433273760317472
2025-03-08 14:27:46.342,0.0002559437733349,-0.3257634938036206
2025-03-08 14:27:46.361,0.0002644157154863,-0.2186544397979113
2025-03-08 14:27:46.381,0.0002709755251467,-0.141145512339866
2025-03-08 14:27:46.400,0.0002748932309349,-0.1112859441667414
2025-03-08 14:27:46.420,0.0002737243048139,-0.1412604063193674
2025-03-08 14:27:46.439,0.0002639621490006,-0.233877828975836
2025-03-08 14:27:46.459,0.000242185074096,-0.3813199266742642
2025-03-08 14:27:46.479,0.0002063728088339,-0.5664389143003321
2025-03-08 14:27:46.498,0.0001569927345911,-0.7661283987835436
2025-03-08 14:27:46.518,9.748935041156504e-05,-0.9557398011105032
2025-03-08 14:27:46.537,3.3962093294100104e-05,-1.1133460884590816
2025-03-08 14:27:46.557,-2.5939782247094e-05,-1.2228740208499371
2025-03-08 14:27:46.576,-7.46230015193701e-05,-1.2755983865044933
2025-03-08 14:27:46.596,-0.0001062230081225,-1.270008854583481
2025-03-08 14:27:46.615,-0.0001179222455595,-1.210440952448166
2025-03-08 14:27:46.635,-0.0001106308516454,-1.105023090191378
2025-03-08 14:27:46.654,-8.89211168883656e-05,-0.9634589671894548
2025-03-08 14:27:46.674,-6.025436322469916e-05,-0.7950383956591749
2025-03-08 14:27:46.693,-3.364406199245001e-05,-0.6071481982795381
2025-03-08 14:27:46.713,-1.7972010981211227e-05,-0.4044721124369954
2025-03-08 14:27:46.732,-2.022703367744932e-05,-0.1889849981171049
2025-03-08 14:27:46.752,-4.3970783128888094e-05,0.0392928861910691
2025-03-08 14:27:46.772,-8.834303448205498e-05,0.2810103139586305
2025-03-08 14:27:46.791,-0.0001478788742682,0.5360723827644915
2025-03-08 14:27:46.811,-0.0002132986875983,0.802562016136968
2025-03-08 14:27:46.830,-0.000273235619171,1.076341046685325
2025-03-08 14:27:46.850,-0.0003166066533025,1.3514147826101026
2025-03-08 14:27:46.869,-0.0003350943178786,1.6208371799736645
2025-03-08 14:27:46.889,-0.0003251031717023,1.8777090288159004
2025-03-08 14:27:46.908,-0.0002886582357064,2.115778748136918
2025-03-08 14:27:46.928,-0.0002329891816035,2.329326755202906
2025-03-08 14:27:46.947,-0.0001688988733276,2.5123506714102803
2025-03-08 14:27:46.967,-0.0001083481171875,2.6574463760972344
2025-03-08 14:27:46.986,-6.190122361494224e-05,2.755033355659944
2025-03-08 14:27:47.006,-3.667924705215835e-05,2.793561891479641
2025-03-08 14:27:47.025,-3.52502905814899e-05,2.761028836667557
2025-03-08 14:27:47.045,-5.556562486825117e-05,2.6476199006636945
2025-03-08 14:27:47.065,-9.178521491321003e-05,2.448791037299588
2025-03-08 14:27:47.084,-0.0001356989000345,2.16781342282976
2025-03-08 14:27:47.104,-0.0001784080877679,1.8168640086836008
2025-03-08 14:27:47.123,-0.0002119373547426,1.4161311947043194
2025-03-08 14:27:47.143,-0.0002304901030518,0.9909771943744332
2025-03-08 14:27:47.162,-0.000231162747903,0.5677537119245335
2025-03-08 14:27:47.182,-0.0002140705295824,0.1692383427276388
2025-03-08 14:27:47.201,-0.000181963443915,-0.1892298670658168
2025-03-08 14:27:47.221,-0.0001394833544526,-0.5019759500801872
2025-03-08 14:27:47.240,-9.22311925919176e-05,-0.7729793759190435
2025-03-08 14:27:47.260,-4.579889924703561e-05,-1.0135329612387785
2025-03-08 14:27:47.279,-4.90104575143398e-06,-1.2380589147046386
2025-03-08 14:27:47.299,2.7267892372716928e-05,-1.4591116590983877
2025-03-08 14:27:47.318,4.933315411019672e-05,-1.6829161767182663
2025-03-08 14:27:47.338,6.162659964706677e-05,-1.906727226797918
2025-03-08 14:27:47.357,6.570339108513704e-05,-2.118802326655248
2025-03-08 14:27:47.377,6.366112922291384e-05,-2.300989954182703
2025-03-08 14:27:47.397,5.7494315896186713e-05,-2.4331232625341994
2025-03-08 14:27:47.416,4.867177231978719e-05,-2.497887003825732
2025-03-08 14:27:47.436,3.8019352903652295e-05,-2.484779815071959
2025-03-08 14:27:47.455,2.588999265302145e-05,-2.3922045938075214
2025-03-08 14:27:47.475,1.2534080763491664e-05,-2.227379334271969
2025-03-08 14:27:47.494,-1.4711071839090098e-06,-2.0043982660687245
2025-03-08 14:27:47.514,-1.492226785178381e-05,-1.7411912219168582
2025-03-08 14:27:47.533,-2.600228280241344e-05,-1.4562637667208878
2025-03-08 14:27:47.553,-3.2658665887543894e-05,-1.165984730835283
2025-03-08 14:27:47.572,-3.319913677864642e-05,-0.8828951735621976
2025-03-08 14:27:47.592,-2.681682933792801e-05,-0.6151416716417646
2025-03-08 14:27:47.611,-1.379269362701093e-05,-0.3668075237018771
2025-03-08 14:27:47.631,4.6952548481234985e-06,-0.1387346308484986
2025-03-08 14:27:47.650,2.7019055855361135e-05,0.0705632875769251
2025-03-08 14:27:47.670,5.156099845598831e-05,0.2641414450021416
2025-03-08 14:27:47.690,7.699149750709651e-05,0.4460593281531356
2025-03-08 14:27:47.709,0.0001023158106839,0.6208985137544933
2025-03-08 14:27:47.729,0.0001267701390306,0.7932151550927387
2025-03-08 14:27:47.748,0.0001496902582861,0.9668542612021837
2025-03-08 14:27:47.768,0.0001704447116202,1.1441675599131578
2025-03-08 14:27:47.787,0.0001884638101941,1.3252551950864946
2025-03-08 14:27:47.807,0.0002033364049415,1.5073712337138645
2025-03-08 14:27:47.826,0.0002149058309869,1.684620431413548
2025-03-08 14:27:47.846,0.000223285860812,1.8480511869037792
2025-03-08 14:27:47.865,0.0002287429920551,1.986205456484516
2025-03-08 14:27:47.885,0.0002314522743992,2.0861031799263534
2025-03-08 14:27:47.904,0.0002312192609171,2.1345348479669664
2025-03-08 14:27:47.924,0.0002273366217862,2.119461721307364
2025-03-08 14:27:47.943,0.0002187432748397,2.031316301302854
2025-03-08 14:27:47.963,0.0002045190151593,1.8640496099924369
2025-03-08 14:27:47.983,0.0001845258288316,1.6158538300411616
2025-03-08 14:27:48.002,0.000159864226963,1.2895724655327434
2025-03-08 14:27:48.022,0.0001328835027869,0.8928768286962415
2025-03-08 14:27:48.041,0.0001067218705849,0.4383071638485276
2025-03-08 14:27:48.061,8.457569748601648e-05,-0.0567850260793983
2025-03-08 14:27:48.080,6.897266781861828e-05,-0.5704963898008049
2025-03-08 14:27:48.100,6.125806673974572e-05,-1.07708310874201
2025-03-08 14:27:48.119,6.138337157163119e-05,-1.5484167861328688
2025-03-08 14:27:48.139,6.798434830802044e-05,-1.9563285894009
2025-03-08 14:27:48.158,7.867838503232562e-05,-2.27565857459563
2025-03-08 14:27:48.178,9.049502106479008e-05,-2.487455050872979
2025-03-08 14:27:48.197,0.0001003649289706,-2.581542481207584
2025-03-08 14:27:48.217,0.0001056129693787,-2.557735764999576
2025-03-08 14:27:48.236,0.0001044144871201,-2.425332219026473
2025-03-08 14:27:48.256,9.617124575280705e-05,-2.201031080968287
2025-03-08 14:27:48.275,8.174336135061003e-05,-1.9059061625310976
2025-03-08 14:27:48.295,6.344647444063331e-05,-1.562294233806233
2025-03-08 14:27:48.315,4.471840648738816e-05,-1.1913650177631538
2025-03-08 14:27:48.334,2.9422239218798864e-05,-0.8117659588107972
2025-03-08 14:27:48.354,2.089868166123196e-05,-0.4392701129763515
2025-03-08 14:27:48.373,2.104115497770825e-05,-0.08700893022799
2025-03-08 14:27:48.393,2.972430938694333e-05,0.2342281820662873
2025-03-08 14:27:48.412,4.480935699137433e-05,0.5159978269105514
2025-03-08 14:27:48.432,6.272371255212088e-05,0.7525843924031544
2025-03-08 14:27:48.451,7.938629034364237e-05,0.9415338017307512
2025-03-08 14:27:48.471,9.114461761718124e-05,1.0839473762045428
2025-03-08 14:27:48.490,9.54514086109872e-05,1.1841941516175252
2025-03-08 14:27:48.510,9.11715177402052e-05,1.248945557561759
2025-03-08 14:27:48.529,7.855968755127151e-05,1.2857493242851223
2025-03-08 14:27:48.549,5.901592779817575e-05,1.3015716611985335
2025-03-08 14:27:48.568,3.472063192976764e-05,1.301739935750125
2025-03-08 14:27:48.588,8.223859764467322e-06,1.2895241655497935
2025-03-08 14:27:48.608,-1.7958179332486222e-05,1.266317614194565
2025-03-08 14:27:48.627,-4.169388222386945e-05,1.2321535990370889
2025-03-08 14:27:48.647,-6.148204607132418e-05,1.1862195304785923
2025-03-08 14:27:48.666,-7.654128634204725e-05,1.1271157142191048
2025-03-08 14:27:48.686,-8.67324021610213e-05,1.0528026353708158
2025-03-08 14:27:48.705,-9.237152272253228e-05,0.9603904424101836
2025-03-08 14:27:48.725,-9.402713837946632e-05,0.8460454778071557
2025-03-08 14:27:48.744,-9.2365703791679e-05,0.7052583669456581
2025-03-08 14:27:48.764,-8.806055679711115e-05,0.533552215953363
2025-03-08 14:27:48.783,-8.17561680804326e-05,0.3274989108763083
2025-03-08 14:27:48.803,-7.407812273406083e-05,0.0857700790940093
2025-03-08 14:27:48.822,-6.567283640712243e-05,-0.1900545972011603
2025-03-08 14:27:48.842,-5.724933946623864e-05,-0.4950788544923286
2025-03-08 14:27:48.861,-4.9589806124979e-05,-0.8210738313338853
2025-03-08 14:27:48.881,-4.3505215844287353e-05,-1.156734099744712
2025-03-08 14:27:48.900,-3.974551705703193e-05,-1.4880817839337974
2025-03-08 14:27:48.920,-3.8914685235738e-05,-1.7989929808874356
2025-03-08 14:27:48.940,-4.1449210797709606e-05,-2.071953071862473
2025-03-08 14:27:48.959,-4.767532813791197e-05,-2.289221075328582
2025-03-08 14:27:48.979,-5.790188158860179e-05,-2.4345182850111398
2025-03-08 14:27:48.998,-7.248452646496236e-05,-2.495131315970001
2025-03-08 14:27:49.018,-9.182009170633842e-05,-2.4640163518658302
2025-03-08 14:27:49.037,-0.0001162580339314,-2.3412838650361407
2025-03-08 14:27:49.057,-0.0001459225001604,-2.1344887740332115
2025-03-08 14:27:49.076,-0.0001804465004314,-1.8574667187472105
2025-03-08 14:27:49.096,-0.0002186650816019,-1.5279031046952247
2025-03-08 14:27:49.115,-0.0002583873936923,-1.1642024796901014
2025-03-08 14:27:49.135,-0.0002964116172751,-0.7824088044564312
2025-03-08 14:27:49.154,-0.0003289106279544,-0.3938916489240636
2025-03-08 14:27:49.174,-0.0003521918333995,-0.0043206439669655
2025-03-08 14:27:49.193,-0.0003636634977767,0.3858250309513142
2025-03-08 14:27:49.213,-0.0003627041829494,0.779282699460188
2025-03-08 14:27:49.233,-0.0003511130659667,1.178976715324406
2025-03-08 14:27:49.252,-0.0003329381644764,1.5846547840638605
2025-03-08 14:27:49.272,-0.0003136807066495,1.9901042808814224
2025-03-08 14:27:49.291,-0.0002990627793829,2.381828966812728
2025-03-08 14:27:49.311,-0.0002936503362582,2.739750643004845
2025-03-08 14:27:49.330,-0.0002996372576686,3.0399550493934684
2025-03-08 14:27:49.350,-0.0003160593543126,3.25889132001025
2025-03-08 14:27:49.369,-0.000338645889616,3.37797191045262
2025-03-08 14:27:49.389,-0.0003604093685527,3.387370310953183
2025-03-08 14:27:49.408,-0.0003729052461137,3.2880262338051103
2025-03-08 14:27:49.428,-0.0003679151562394,3.091361046311349
2025-03-08 14:27:49.447,-0.0003392074369472,2.816810321800704
2025-03-08 14:27:49.467,-0.0002840275089638,2.4878171600832952
2025-03-08 14:27:49.486,-0.0002040203031994,2.1272782182111216
2025-03-08 14:27:49.506,-0.0001053661979399,1.753536477144865
2025-03-08 14:27:49.526,1.952893951136084e-06,1.3778498009270463
2025-03-08 14:27:49.545,0.000105652264789,1.0038554611314616
2025-03-08 14:27:49.565,0.0001931230746898,0.629001737309579
2025-03-08 14:27:49.584,0.0002534970249434,0.2474025665777557
2025-03-08 14:27:49.604,0.0002793905651998,-0.146744478134797
2025-03-08 14:27:49.623,0.0002680129890468,-0.5560742320113782
2025-03-08 14:27:49.643,0.0002214930972343,-0.9779906190870692
2025-03-08 14:27:49.662,0.0001464454044271,-1.4039602319038051
2025-03-08 14:27:49.682,5.288138042050308e-05,-1.8201390087092448
2025-03-08 14:27:49.701,-4.739661047634028e-05,-2.209030753881823
2025-03-08 14:27:49.721,-0.00014270501936,-2.5517176733299145
2025-03-08 14:27:49.740,-0.0002233458947073,-2.830169987744676
2025-03-08 14:27:49.760,-0.0002830068710024,-3.0292308891529007
2025-03-08 14:27:49.779,-0.0003193644808694,-3.138052975261604
2025-03-08 14:27:49.799,-0.0003338122989794,-3.1509547870393955
2025-03-08 14:27:49.818,-0.0003304999834317,-3.0677800958288333
2025-03-08 14:27:49.838,-0.0003150042475315,-2.8938392625698754
2025-03-08 14:27:49.858,-0.0002929445108172,-2.63943489731216
2025-03-08 14:27:49.877,-0.000268796272785,-2.3189140291608457
2025-03-08 14:27:49.897,-0.0002451124978938,-1.949217685931104
2025-03-08 14:27:49.916,-0.0002223174554291,-1.5480254743024202
2025-03-08 14:27:49.936,-0.0001991244823607,-1.1317680570695052
2025-03-08 14:27:49.955,-0.0001734284552633,-0.7139254906977252
2025-03-08 14:27:49.975,-0.0001433206756495,-0.3040629852229164
2025-03-08 14:27:49.994,-0.0001078173595028,0.0920759711001966
2025-03-08 14:27:50.014,-6.705117827890407e-05,0.4713820735905094
2025-03-08 14:27:50.033,-2.1951730320169984e-05,0.8313989012183173
2025-03-08 14:27:50.053,2.6335994598573857e-05,1.1681089346677884
2025-03-08 14:27:50.072,7.697557711531267e-05,1.4741391103503818
2025-03-08 14:27:50.092,0.0001296600791535,1.737945329317217
2025-03-08 14:27:50.111,0.0001844475107281,1.944302821114141
2025-03-08 14:27:50.131,0.0002413148079735,2.076120348533185
2025-03-08 14:27:50.151,0.0002996668197624,2.117269672686062
2025-03-08 14:27:50.170,0.0003580528822247,2.0558380881863827
2025-03-08 14:27:50.190,0.0004142434185505,1.8870488254114115
2025-03-08 14:27:50.209,0.0004656654940569,1.6151273951623295
2025-03-08 14:27:50.229,0.0005100631691722,1.2536384543613428
2025-03-08 14:27:50.248,0.0005461813930835,0.824199781862298
2025-03-08 14:27:50.268,0.0005742779186338,0.3538599938937324
2025-03-08 14:27:50.287,0.0005963171883698,-0.1283112961936144
2025-03-08 14:27:50.307,0.0006157598489902,-0.5947656515776817
2025-03-08 14:27:50.326,0.0006369356310367,-1.0225157685419222
2025-03-08 14:27:50.346,0.0006640994612057,-1.395150500795477
2025-03-08 14:27:50.365,0.0007003962680229,-1.7034962890751169
2025-03-08 14:27:50.385,0.0007470197815042,-1.9448673416967293
2025-03-08 14:27:50.404,0.0008027962865829,-2.121155365566169
2025-03-08 14:27:50.424,0.0008642962432359,-2.236284746217634
2025-03-08 14:27:50.444,0.0009264496518195,-2.293730366107221
2025-03-08 14:27:50.463,0.0009835411793261,-2.2948074712625908
2025-03-08 14:27:50.483,0.0010303733980441,-2.238258121592376
2025-03-08 14:27:50.502,0.0010633217935976,-2.1212815898435173
2025-03-08 14:27:50.522,0.0010810122786103,-1.941673580136153
2025-03-08 14:27:50.541,0.001084457710111,-1.7003194074660326
2025-03-08 14:27:50.561,0.0010766502654588,-1.40310922188358
2025-03-08 14:27:50.580,0.0010617354133935,-1.0615009045467143
2025-03-08 14:27:50.600,0.0010439472221558,-0.691397748141777
2025-03-08 14:27:50.619,0.0010264988293898,-0.3105706864902203
2025-03-08 14:27:50.639,0.0010106471767139,0.0646564392984482
2025-03-08 14:27:50.658,0.0009951849277204,0.4224821936712674
2025-03-08 14:27:50.678,0.0009765928319375,0.7575370332913313
2025-03-08 14:27:50.697,0.000949934986675,1.0710386021100935
2025-03-08 14:27:50.717,0.0009102955851822,1.3691240709247874
2025-03-08 14:27:50.736,0.0008542831019414,1.6598328183370736
2025-03-08 14:27:50.756,0.000781063163132,1.9496099386142236
2025-03-08 14:27:50.776,0.0006925824061107,2.2403273666854404
2025-03-08 14:27:50.795,0.0005929850196226,2.527636916585758
2025-03-08 14:27:50.815,0.0004875197167744,2.801047341022788
2025-03-08 14:27:50.834,0.0003813726680621,3.045606759150077
2025-03-08 14:27:50.854,0.0002788121166837,3.244646632049795
2025-03-08 14:27:50.873,0.0001828316095441,3.382832764803701
2025-03-08 14:27:50.893,9.523028290489398e-05,3.448808395018492
2025-03-08 14:27:50.912,1.6896022198196137e-05,3.436940246808518
2025-03-08 14:27:50.932,-5.196240025797874e-05,3.3479634217169867
2025-03-08 14:27:50.951,-0.0001117709073755,3.1885468864778064
2025-03-08 14:27:50.971,-0.000163699649656,2.969928841733426
2025-03-08 14:27:50.990,-0.0002097673645269,2.70584650257152
2025-03-08 14:27:51.010,-0.0002527674029284,2.410068767123208
2025-03-08 14:27:51.029,-0.0002959448337177,2.093936686411846
2025-03-08 14:27:51.049,-0.0003425126300741,1.764372758487394
2025-03-08 14:27:51.069,-0.0003952003246014,1.4227832787010497
2025-03-08 14:27:51.088,-0.0004559927193708,1.065139745917681
2025-03-08 14:27:51.108,-0.0005260692376631,0.683318881369334
2025-03-08 14:27:51.127,-0.0006058319779449,0.2675537968992419
2025-03-08 14:27:51.147,-0.0006949128077273,-0.1903584400857097
2025-03-08 14:27:51.166,-0.0007921483451013,-0.6936083178922607
2025-03-08 14:27:51.186,-0.0008956042263867,-1.2372989957149163
2025-03-08 14:27:51.205,-0.0010027484571917,-1.8063900524596528
2025-03-08 14:27:51.225,-0.0011108247029735,-2.375256576054746
2025-03-08 14:27:51.244,-0.0012174019892922,-2.909303532015665
2025-03-08 14:27:51.264,-0.0013210043459236,-3.3687700309813806
2025-03-08 14:27:51.283,-0.0014216654208598,-3.714400213945817
2025-03-08 14:27:51.303,-0.0015212259772028,-3.914124648596351
2025-03-08 14:27:51.322,-0.0016232084015438,-3.94944417339172
2025-03-08 14:27:51.342,-0.001732165163825,-3.8200148142434633
2025-03-08 14:27:51.361,-0.0018525074995774,-3.545122354780619
2025-03-08 14:27:51.381,-0.0019869613019758,-3.1613206229979114
2025-03-08 14:27:51.401,-0.0021349387654679,-2.7163689361016656
2025-03-08 14:27:51.420,-0.0022912227881081,-2.260522251439598
2025-03-08 14:27:51.440,-0.0024453969281051,-1.8369554511528137
2025-03-08 14:27:51.459,-0.0025823815902856,-1.4734390478802126
2025-03-08 14:27:51.479,-0.0026842468987794,-1.177217662328707
2025-03-08 14:27:51.498,-0.0027331807797941,-0.9343837105682954
2025-03-08 14:27:51.518,-0.0027151463099253,-0.7140260245535848
2025-03-08 14:27:51.537,-0.0026234549800619,-0.4763148841828862
2025-03-08 14:27:51.557,-0.0024613218345461,-0.1827506485275299
2025-03-08 14:27:51.576,-0.0022425597958612,0.1937108174057399
2025-03-08 14:27:51.596,-0.0019899755925846,0.6609248178575833
2025-03-08 14:27:51.615,-0.0017316814165513,1.203957972932785
2025-03-08 14:27:51.635,-0.0014961952976507,1.7864442607553577
2025-03-08 14:27:51.654,-0.0013075647593879,2.3565939043380304
2025-03-08 14:27:51.674,-0.0011816490749485,2.856469926003008
2025-03-08 14:27:51.694,-0.0011242307586688,3.2323968928076328
2025-03-08 14:27:51.713,-0.0011310568835022,3.4441755503038247
2025-03-08 14:27:51.733,-0.0011894584551844,3.47119180376496
2025-03-08 14:27:51.752,-0.0012809506498518,3.3143667019285674
2025-03-08 14:27:51.772,-0.0013841812388491,2.993920940516806
2025-03-08 14:27:51.791,-0.0014777366220126,2.54385514018328
2025-03-08 14:27:51.811,-0.001542548052332,2.004673497186153
2025-03-08 14:27:51.830,-0.0015638285315485,1.4160860863635036
2025-03-08 14:27:51.850,-0.0015325215953383,0.8112070427345983
2025-03-08 14:27:51.869,-0.0014461869946221,0.2132335955492792
2025-03-08 14:27:51.889,-0.0013091872332831,-0.365074413704926
2025-03-08 14:27:51.908,-0.0011320397179013,-0.9194238950742124
2025-03-08 14:27:51.928,-0.0009298675939922,-1.450318359517368
2025-03-08 14:27:51.947,-0.0007200165531779,-1.9587571789193317
2025-03-08 14:27:51.967,-0.0005191055117807,-2.4424165892303646
2025-03-08 14:27:51.987,-0.0003399933911131,-2.893231220466709
2025-03-08 14:27:52.006,-0.000189269317267,-3.296904873269992
2025-03-08 14:27:52.026,-6.584104727275773e-05,-3.6343889471331
2025-03-08 14:27:52.045,3.8981557338630696e-05,-3.884907053076069
2025-03-08 14:27:52.065,0.0001397783953588,-4.029786664175247
2025-03-08 14:27:52.084,0.0002538677935924,-4.056230366761519
2025-03-08 14:27:52.104,0.0003972293871736,-3.960203473518565
2025-03-08 14:27:52.123,0.0005803421838777,-3.747793271774216
2025-03-08 14:27:52.143,0.0008049877348179,-3.434688298057757
2025-03-08 14:27:52.162,0.0010630273158178,-3.043821253407858
2025-03-08 14:27:52.182,0.0013377860971719,-2.601657921207805
2025-03-08 14:27:52.201,0.0016079993588734,-2.133971322247368
2025-03-08 14:27:52.221,0.0018534789630148,-1.662080583575911
2025-03-08 14:27:52.240,0.0020610284835231,-1.2003973158435304
2025-03-08 14:27:52.260,0.00222891446965,-0.7557577349185235
2025-03-08 14:27:52.279,0.0023684676856066,-0.3285542571038344
2025-03-08 14:27:52.299,0.0025020791797454,0.0847440139233012
2025-03-08 14:27:52.319,0.0026578525210918,0.4883816191632026
2025-03-08 14:27:52.338,0.0028623008130067,0.8842348647441483
2025-03-08 14:27:52.358,0.0031333782828702,1.2696219760297256
2025-03-08 14:27:52.377,0.0034762324151123,1.636569804494329
2025-03-08 14:27:52.397,0.0038829900235943,1.9727909333631504
2025-03-08 14:27:52.416,0.0043361294521779,2.264245238464225
2025-03-08 14:27:52.436,0.0048136511195832,2.4987604076157224
2025-03-08 14:27:52.455,0.0052940350738145,2.669838822778278
2025-03-08 14:27:52.475,0.0057596416768282,2.779584550165824
2025-03-08 14:27:52.494,0.0061981269746299,2.839746617776517
2025-03-08 14:27:52.514,0.0066021431222109,2.8702436091126384
2025-03-08 14:27:52.533,0.006967931240848,2.8951579547515296
2025-03-08 14:27:52.553,0.007293467120292,2.936903330425053
2025-03-08 14:27:52.572,0.0075767438975488,3.0098544118424027
2025-03-08 14:27:52.592,0.0078146592120709,3.1149987546831834
2025-03-08 14:27:52.612,0.0080027963057731,3.237049188882174
2025-03-08 14:27:52.631,0.0081361010403675,3.34498738406294
2025-03-08 14:27:52.651,0.0082101081873822,3.396317291104704
2025-03-08 14:27:52.670,0.0082221362182194,3.344526706185418
2025-03-08 14:27:52.690,0.0081719178855572,3.1485049892051125
2025-03-08 14:27:52.709,0.0080614432382582,2.78206905638398
2025-03-08 14:27:52.729,0.0078941560452557,2.2414692519872346
2025-03-08 14:27:52.748,0.0076738700787317,1.5489516450065914
2025-03-08 14:27:52.768,0.0074038143918818,0.7512191180952302
2025-03-08 14:27:52.787,0.007086122235978,-0.0871704750003628
2025-03-08 14:27:52.807,0.0067218872897117,-0.8941508268162706
2025-03-08 14:27:52.826,0.0063116783319186,-1.6019739489035731
2025-03-08 14:27:52.846,0.0058562311771877,-2.1579282655842693
2025-03-08 14:27:52.865,0.0053570070672742,-2.5317073993395938
2025-03-08 14:27:52.885,0.0048164090552043,-2.718058977347145
2025-03-08 14:27:52.905,0.0042376073450628,-2.734476245466289
2025-03-08 14:27:52.924,0.0036240739280873,-2.6148054361222166
2025-03-08 14:27:52.944,0.0029790223035362,-2.4004698471398447
2025-03-08 14:27:52.963,0.0023049509324845,-2.131382803720531
2025-03-08 14:27:52.983,0.001603392349705,-1.838489469382504
2025-03-08 14:27:53.002,0.0008748442747902,-1.5393245741942898
2025-03-08 14:27:53.022,0.0001188131935689,-1.237172452522611
2025-03-08 14:27:53.041,-0.0006660335571743,-0.9235798581798732
2025-03-08 14:27:53.061,-0.0014815235886343,-0.5833042389083408
2025-03-08 14:27:53.080,-0.0023293659401301,-0.2004216532562294
2025-03-08 14:27:53.100,-0.0032103057191574,0.2356981576109701
2025-03-08 14:27:53.119,-0.0041232150185404,0.7255966573560635
2025-03-08 14:27:53.139,-0.0050643528714502,1.2567908413795414
2025-03-08 14:27:53.158,-0.0060270162078683,1.8030152672251285
2025-03-08 14:27:53.178,-0.0070017328472053,2.325677048676587
2025-03-08 14:27:53.197,-0.007977033064811,2.777360153254674
2025-03-08 14:27:53.217,-0.0089407159408726,3.107060585381109
2025-03-08 14:27:53.237,-0.0098814282455512,3.2666733121779536
2025-03-08 14:27:53.256,-0.0107902830477134,3.218057271477885
2025-03-08 14:27:53.276,-0.0116621617479636,2.939789968289591
2025-03-08 14:27:53.295,-0.0124963262297398,2.4325482379858405
2025-03-08 14:27:53.315,-0.0132960753117135,1.7220115693148108
2025-03-08 14:27:53.334,-0.0140673925966198,0.8583703974628486
2025-03-08 14:27:53.354,-0.0148167775186995,-0.0880304785402007
2025-03-08 14:27:53.373,-0.015548666250855,-1.034724964856555
2025-03-08 14:27:53.393,-0.0162630035097423,-1.8979038835984432
2025-03-08 14:27:53.412,-0.0169535981519041,-2.604341414549572
2025-03-08 14:27:53.432,-0.0176078479485965,-3.1024432912264457
2025-03-08 14:27:53.451,-0.0182082022229601,-3.370318909434275
2025-03-08 14:27:53.471,-0.0187353343065506,-3.4191296222983696
2025-03-08 14:27:53.490,-0.019172508769713,-3.290729129367909
2025-03-08 14:27:53.510,-0.0195102125230447,-3.0496974766964944
2025-03-08 14:27:53.530,-0.0197499050049576,-2.7710850975387817
2025-03-08 14:27:53.549,-0.019905786349549,-2.526234866158218
2025-03-08 14:27:53.569,-0.0200037950888787,-2.369610923416647
2025-03-08 14:27:53.588,-0.0200776020275743,-2.3294066106986926
2025-03-08 14:27:53.608,-0.0201620612266112,-2.403830709419066
2025-03-08 14:27:53.627,-0.0202852312223966,-2.5636238098588264
2025-03-08 14:27:53.647,-0.0204604942251655,-2.759913014799575
2025-03-08 14:27:53.666,-0.0206803340970292,-2.93534303984836
2025-03-08 14:27:53.686,-0.0209129482635766,-3.0357900450624777
2025-03-08 14:27:53.705,-0.0211022117109557,-3.019999190210935
2025-03-08 14:27:53.725,-0.0211709097501371,-2.865172919631004
2025-03-08 14:27:53.744,-0.0210269057305161,-2.567705614520898
2025-03-08 14:27:53.764,-0.0205719934428084,-2.139594439008564
2025-03-08 14:27:53.783,-0.0197132082098461,-1.6021595846615184
2025-03-08 14:27:53.803,-0.0183758471254502,-0.9792448751203848
2025-03-08 14:27:53.823,-0.0165162719082441,-0.2919145821272013
2025-03-08 14:27:53.842,-0.0141313136669474,0.4440558820996677
2025-03-08 14:27:53.862,-0.011260785110165,1.2175793435108764
2025-03-08 14:27:53.881,-0.0079809707025084,2.0191582036348747
2025-03-08 14:27:53.901,-0.0043898365174795,2.836548904512341
2025-03-08 14:27:53.920,-0.0005879682571518,3.6507154107467072
2025-03-08 14:27:53.940,0.0033386316090712,4.433468604944472
2025-03-08 14:27:53.959,0.0073280507037744,5.147726813021868
2025-03-08 14:27:53.979,0.0113414564560309,5.750656542228819
2025-03-08 14:27:53.998,0.0153533918285639,6.199223818537429
2025-03-08 14:27:54.018,0.0193393215212331,6.457075614746064
2025-03-08 14:27:54.037,0.0232679273684508,6.50130799263888
2025-03-08 14:27:54.057,0.0271038957613032,6.327625194024495
2025-03-08 14:27:54.076,0.0308227071269459,5.952656072951495
2025-03-08 14:27:54.096,0.0344338619963315,5.412736485700294
2025-03-08 14:27:54.115,0.0380044834535751,4.759207778158397
2025-03-08 14:27:54.135,0.0416722557345607,4.051065802660524
2025-03-08 14:27:54.155,0.0456361191513778,3.346399176565925
2025-03-08 14:27:54.174,0.0501161802557364,2.69428089088812
2025-03-08 14:27:54.194,0.0552815648828331,2.1285652585442203
2025-03-08 14:27:54.213,0.0611556020935449,1.6645101362195434
2025-03-08 14:27:54.233,0.0675191173374821,1.2985047158364786
2025-03-08 14:27:54.252,0.0738409291522718,1.0106193638613854
2025-03-08 14:27:54.272,0.0792663050631148,0.7692969970577554
2025-03-08 14:27:54.291,0.0826871022396,0.5372904434716926
2025-03-08 14:27:54.311,0.0829016172078256,0.2778919160472841
2025-03-08 14:27:54.330,0.0788494727381602,-0.0394476854761058
2025-03-08 14:27:54.350,0.0698804510922232,-0.4348924505146843
2025-03-08 14:27:54.369,0.0559924749375575,-0.9159852098828958
2025-03-08 14:27:54.389,0.0379637035457567,-1.4777111300931185
2025-03-08 14:27:54.408,0.0173185402496097,-2.104764836666879
2025-03-08 14:27:54.428,-0.0038889819297651,-2.7754553631262606
2025-03-08 14:27:54.448,-0.0234306926500281,-3.4662804080098266
2025-03-08 14:27:54.467,-0.0393051583621635,-4.156013276839817
2025-03-08 14:27:54.487,-0.0500773642670111,-4.828259588589488
2025-03-08 14:27:54.506,-0.0550791922090618,-5.471838612185946
2025-03-08 14:27:54.526,-0.0544436427192969,-6.078925606230562
2025-03-08 14:27:54.545,-0.0489931876214184,-6.641522946618904
2025-03-08 14:27:54.565,-0.040031278825781,-7.1473648223511885
2025-03-08 14:27:54.584,-0.0290941259076018,-7.576656436737355
2025-03-08 14:27:54.604,-0.0177131705658462,-7.900989630204325
2025-03-08 14:27:54.623,-0.0072243927112424,-8.085326284187543
2025-03-08 14:27:54.643,0.0013562324187791,-8.093158569759716
2025-03-08 14:27:54.662,0.0073882588363098,-7.893994840628975
2025-03-08 14:27:54.682,0.01060396405259,-7.471430120457241
2025-03-08 14:27:54.701,0.0110657647450016,-6.829557462751716
2025-03-08 14:27:54.721,0.0091030818538333,-5.995636547348199
2025-03-08 14:27:54.740,0.0052426148580973,-5.017822845361908
2025-03-08 14:27:54.760,0.0001382727079838,-3.958131279187603
2025-03-08 14:27:54.780,-0.0054991467128284,-2.882199033529555
2025-03-08 14:27:54.799,-0.0109741753070128,-1.8483525147254936
2025-03-08 14:27:54.819,-0.015679192844434,-0.8986830692372575
2025-03-08 14:27:54.838,-0.0191597681417295,-0.0542603328480586
2025-03-08 14:27:54.858,-0.0211611563827117,0.6845395442737301
2025-03-08 14:27:54.877,-0.0216451814603642,1.332985291236567
2025-03-08 14:27:54.897,-0.0207728253536877,1.913810257446238
2025-03-08 14:27:54.916,-0.0188563780543918,2.448195169481173
2025-03-08 14:27:54.936,-0.0162924203883623,2.9482889484761223
2025-03-08 14:27:54.955,-0.0134905743510907,3.4131330541140827
2025-03-08 14:27:54.975,-0.0108120449139509,3.828906966673677
2025-03-08 14:27:54.994,-0.0085275986195073,4.1732515638332215
2025-03-08 14:27:55.014,-0.0067988800528927,4.422336369134054
2025-03-08 14:27:55.033,-0.0056816948745592,4.558616437925024
2025-03-08 14:27:55.053,-0.0051460806173801,4.57709991473032
2025-03-08 14:27:55.073,-0.0051059893603128,4.488464964965607
2025-03-08 14:27:55.092,-0.0054512173873294,4.318351494045358
2025-03-08 14:27:55.112,-0.0060755240012867,4.103264431918547
2025-03-08 14:27:55.131,-0.0068970604608343,3.8843746772961847
2025-03-08 14:27:55.151,-0.0078695304403989,3.700828301407798
2025-03-08 14:27:55.170,-0.0089843571544845,3.583954591859049
2025-03-08 14:27:55.190,-0.0102653657463004,3.553206399417537
2025-03-08 14:27:55.209,-0.0117582570289382,3.6140644910792448
2025-03-08 14:27:55.229,-0.0135176308903632,3.757713146098418
2025-03-08 14:27:55.248,-0.0155944986449693,3.962127198418016
2025-03-08 14:27:55.268,-0.0180269432335578,4.194254986339003
2025-03-08 14:27:55.287,-0.0208357047181678,4.413120154373351
2025-03-08 14:27:55.307,-0.0240249402337697,4.573772786646782
2025-03-08 14:27:55.326,-0.0275863289534527,4.632014326231687
2025-03-08 14:27:55.346,-0.0315025252702118,4.549683034328302
2025-03-08 14:27:55.366,-0.0357448074977853,4.3000572250511855
2025-03-08 14:27:55.385,-0.0402610080937036,3.872688231832521
2025-03-08 14:27:55.405,-0.0449538822908497,3.2768009707008154
2025-03-08 14:27:55.424,-0.0496555997088622,2.542378448024767
2025-03-08 14:27:55.444,-0.0541085388590851,1.7182483961152604
2025-03-08 14:27:55.463,-0.0579639145492578,0.8669547427338391
2025-03-08 14:27:55.483,-0.0608070514787428,0.0568752962273278
2025-03-08 14:27:55.502,-0.0622116101015236,-0.6472368506171943
2025-03-08 14:27:55.522,-0.0618160781063963,-1.1936071587803825
2025-03-08 14:27:55.541,-0.0594065849549596,-1.5509077337236996
2025-03-08 14:27:55.561,-0.0549835466076088,-1.7124000748447583
2025-03-08 14:27:55.580,-0.048789027602164,-1.6959928271805282
2025-03-08 14:27:55.600,-0.0412792488778616,-1.540299182653383
2025-03-08 14:27:55.619,-0.0330416161177494,-1.2975926067913834
2025-03-08 14:27:55.639,-0.0246731577353456,-1.025155335136063
2025-03-08 14:27:55.658,-0.0166504065234948,-0.7767464606505269
2025-03-08 14:27:55.678,-0.0092246207537754,-0.5957317760423289
2025-03-08 14:27:55.698,-0.0023703009286901,-0.5108832085297891
2025-03-08 14:27:55.717,0.0041979427083857,-0.5351430126763753
2025-03-08 14:27:55.737,0.0109411251225532,-0.6669738611716157
2025-03-08 14:27:55.756,0.0183609788870859,-0.893468825841023
2025-03-08 14:27:55.776,0.0268442652761027,-1.1942624081493889
2025-03-08 14:27:55.795,0.0365242075534518,-1.5454139581265278
2025-03-08 14:27:55.815,0.0471971590984588,-1.92268541829324
2025-03-08 14:27:55.834,0.0583226562770705,-2.3038867011348048
2025-03-08 14:27:55.854,0.0691147364550217,-2.6701801491941946
2025-03-08 14:27:55.873,0.0787056195037886,-3.00642436460243
2025-03-08 14:27:55.893,0.0863381128479458,-3.3007776017139565
2025-03-08 14:27:55.912,0.0915313808463909,-3.5438473537907385
2025-03-08 14:27:55.932,0.0941727289647168,-3.727685744390316
2025-03-08 14:27:55.951,0.094512531293123,-3.844941447871002
2025-03-08 14:27:55.971,0.093069283865455,-3.8885011693787312
2025-03-08 14:27:55.991,0.0904758488480473,-3.8519219533694815
2025-03-08 14:27:56.010,0.0873103141577,-3.7307770684743313
2025-03-08 14:27:56.030,0.0839547498696799,-3.524697968430444
2025-03-08 14:27:56.049,0.0805148209462221,-3.239512128649938
2025-03-08 14:27:56.069,0.0768165212472488,-2.8886476877085148
2025-03-08 14:27:56.088,0.0724774443309341,-2.4930459516061574
2025-03-08 14:27:56.108,0.0670328866049032,-2.0791944416893604
2025-03-08 14:27:56.127,0.0600848829656189,-1.6754359958177387
2025-03-08 14:27:56.147,0.0514373659819948,-1.3072411521544265
2025-03-08 14:27:56.166,0.0411842180295402,-0.992492821727631
2025-03-08 14:27:56.186,0.029728565526528,-0.7379214989834963
2025-03-08 14:27:56.205,0.0177287686778616,-0.5376122815989691
2025-03-08 14:27:56.225,0.0059849421783466,-0.3740343542831416
2025-03-08 14:27:56.244,-0.0047056034832815,-0.2214573922524417
2025-03-08 14:27:56.264,-0.013689138132916,-0.0510895434286275
2025-03-08 14:27:56.284,-0.020560848174342,0.1630747606778787
2025-03-08 14:27:56.303,-0.0252143148490604,0.4388315261800273
2025-03-08 14:27:56.323,-0.0278300211086068,0.7818230678655577
2025-03-08 14:27:56.342,-0.0288123788443843,1.1838775696913528
2025-03-08 14:27:56.362,-0.0286947265852491,1.6240381274236604
2025-03-08 14:27:56.381,-0.0280352833902043,2.072173472263817
2025-03-08 14:27:56.401,-0.0273248052680609,2.4945134462063323
2025-03-08 14:27:56.420,-0.0269207031024179,2.859994608764949
2025-03-08 14:27:56.440,-0.0270148055196577,3.146068346455575
2025-03-08 14:27:56.459,-0.0276345491154859,3.342700531432351
2025-03-08 14:27:56.479,-0.0286714737278278,3.4536821078618427
2025-03-08 14:27:56.498,-0.0299272860876278,3.494989873323305
2025-03-08 14:27:56.518,-0.0311665651776859,3.4906294258065897
2025-03-08 14:27:56.537,-0.0321660064973189,3.466973637227545
2025-03-08 14:27:56.557,-0.0327523737411108,3.446930681829315
2025-03-08 14:27:56.576,-0.0328245839210153,3.445263090258461
2025-03-08 14:27:56.596,-0.0323590796540336,3.466044721495152
2025-03-08 14:27:56.616,-0.0314010396095583,3.502670750297097
2025-03-08 14:27:56.635,-0.0300461763651416,3.540173295499653
2025-03-08 14:27:56.655,-0.0284184534522379,3.559024678400766
2025-03-08 14:27:56.674,-0.026648294414221,3.539295811161958
2025-03-08 14:27:56.694,-0.0248544528230515,3.4640642862273485
2025-03-08 14:27:56.713,-0.0231313018480626,3.3213152758601825
2025-03-08 14:27:56.733,-0.02154217011231,3.104134115836412
2025-03-08 14:27:56.752,-0.020118465228972,2.8095722567819457
2025-03-08 14:27:56.772,-0.0188635801198228,2.436980846418792
2025-03-08 14:27:56.791,-0.0177599958297156,1.9867084643360116
2025-03-08 14:27:56.811,-0.0167777314743031,1.4598316037846848
2025-03-08 14:27:56.830,-0.0158824458062133,0.8591354710149273
2025-03-08 14:27:56.850,-0.0150419805103981,0.1910661330496711
2025-03-08 14:27:56.869,-0.0142307308773965,-0.532005895936665
2025-03-08 14:27:56.889,-0.0134317179445368,-1.2900527527734016
2025-03-08 14:27:56.909,-0.012636535938809,-2.0550010706721413
2025-03-08 14:27:56.928,-0.0118435486010034,-2.7922724802308245
2025-03-08 14:27:56.948,-0.0110549460036926,-3.4644091804406334
2025-03-08 14:27:56.967,-0.0102735450433681,-4.036359501420023
2025-03-08 14:27:56.987,-0.0095003182067093,-4.4814006594212055
2025-03-08 14:27:57.006,-0.008733355335681,-4.786281678268527
2025-03-08 14:27:57.026,-0.0079683555104832,-4.954179394174955
2025-03-08 14:27:57.045,-0.0072001528796924,-5.0045317861130885
2025-03-08 14:27:57.065,-0.0064245245624977,-4.96960226364904
2025-03-08 14:27:57.084,-0.0056396357783201,-4.888451503412072
2025-03-08 14:27:57.104,-0.0048467527248347,-4.799574168065901
2025-03-08 14:27:57.123,-0.0040501349966966,-4.733668286286768
2025-03-08 14:27:57.143,-0.0032562503969027,-4.707886520028416
2025-03-08 14:27:57.162,-0.0024726073117747,-4.722586823949439
2025-03-08 14:27:57.182,-0.0017065481279348,-4.761146050428476
2025-03-08 14:27:57.201,-0.0009643043912222,-4.792875558279571
2025-03-08 14:27:57.221,-0.0002505214214265,-4.778539909589721
2025-03-08 14:27:57.241,0.0004316642110596,-4.677514583372579
2025-03-08 14:27:57.260,0.0010800727994348,-4.455318352512831
2025-03-08 14:27:57.280,0.0016927039811298,-4.0901823288528405
2025-03-08 14:27:57.299,0.0022670741897746,-3.5774850653152312
2025-03-08 14:27:57.319,0.0027999558498377,-2.931260619268934
2025-03-08 14:27:57.338,0.003287633153361,-2.182509065994978
2025-03-08 14:27:57.358,0.0037265908032895,-1.3746189079293247
2025-03-08 14:27:57.377,0.004114405955257,-0.5567447153748263
2025-03-08 14:27:57.397,0.0044505573971968,0.2236356941897542
2025-03-08 14:27:57.416,0.004736907147341,0.9276140049702912
2025-03-08 14:27:57.436,0.0049777270140615,1.529943095973585
2025-03-08 14:27:57.455,0.005179284072568,2.021441540599412
2025-03-08 14:27:57.475,0.0053491087674407,2.4083721794250432
2025-03-08 14:27:57.494,0.0054951238510037,2.709080268522227
2025-03-08 14:27:57.514,0.0056248123880235,2.948736859843286
2025-03-08 14:27:57.534,0.0057445533072426,3.1533913235783126
2025-03-08 14:27:57.553,0.0058591760475441,3.344608842223879
2025-03-08 14:27:57.573,0.0059717255208038,3.535751252318893
2025-03-08 14:27:57.592,0.0060834135165185,3.730523836316701
2025-03-08 14:27:57.612,0.0061937524884556,3.923867954292922
2025-03-08 14:27:57.631,0.0063008864295599,4.104745369894209
2025-03-08 14:27:57.651,0.0064021144735559,4.259941133852817
2025-03-08 14:27:57.670,0.0064945362517414,4.377806770585984
2025-03-08 14:27:57.690,0.006575675790353,4.450948225772378
2025-03-08 14:27:57.709,0.006643935331284,4.4772386344352855
2025-03-08 14:27:57.729,0.0066988185297826,4.459103646346486
2025-03-08 14:27:57.748,0.0067409797376415,4.40159069926703
2025-03-08 14:27:57.768,0.0067722024834252,4.310079545050408
2025-03-08 14:27:57.787,0.0067953461513608,4.188499112354007
2025-03-08 14:27:57.807,0.0068141865909648,4.03861471976132
2025-03-08 14:27:57.827,0.0068330274618272,3.860477820252464
2025-03-08 14:27:57.846,0.0068560377735199,3.6536609910137474
2025-03-08 14:27:57.866,0.0068864324155668,3.4186007272953587
2025-03-08 14:27:57.885,0.0069257504392503,3.1573662853867086
2025-03-08 14:27:57.905,0.0069735164247429,2.8734863277273632
2025-03-08 14:27:57.924,0.0070274660568457,2.570963159705753
2025-03-08 14:27:57.944,0.0070843088859849,2.253036229484501
2025-03-08 14:27:57.963,0.0071407801437261,1.9213877489400952
2025-03-08 14:27:57.983,0.0071946178518127,1.576241085161307
2025-03-08 14:27:58.002,0.0072451533233129,1.2173258087387595
2025-03-08 14:27:58.022,0.0072933772848269,0.84523473654122
2025-03-08 14:27:58.041,0.007341536532694,0.4625050633412202
2025-03-08 14:27:58.061,0.007392446777318,0.0738920269585908
2025-03-08 14:27:58.080,0.0074487465274774,-0.3143210769217245
2025-03-08 14:27:58.100,0.0075122715285663,-0.6957041600385818
2025-03-08 14:27:58.119,0.0075836358949585,-1.065186832247404
2025-03-08 14:27:58.139,0.0076620243688188,-1.4200802195548965
2025-03-08 14:27:58.159,0.0077451695935604,-1.760213921398584
2025-03-08 14:27:58.178,0.007829487613148,-2.0871509890329687
2025-03-08 14:27:58.198,0.0079103380233761,-2.4028038228064297
2025-03-08 14:27:58.217,0.0079823749321095,-2.707983929508608
2025-03-08 14:27:58.237,0.0080399766516602,-3.001399652192027
2025-03-08 14:27:58.256,0.0080777492256568,-3.2793914010587053
2025-03-08 14:27:58.276,0.0080910652423059,-3.5363798674798104
2025-03-08 14:27:58.295,0.0080765605042463,-3.765748516141136
2025-03-08 14:27:58.315,0.0080325037369844,-3.960789293455063
2025-03-08 14:27:58.334,0.0079589687723078,-4.115418161276981
2025-03-08 14:27:58.354,0.0078577527538774,-4.224543445017692
2025-03-08 14:27:58.373,0.0077319979383383,-4.284149218442139
2025-03-08 14:27:58.393,0.0075855023716757,-4.291267689599612
2025-03-08 14:27:58.412,0.0074217563190602,-4.244029952613446
2025-03-08 14:27:58.432,0.0072428153247322,-4.141908478344079
2025-03-08 14:27:58.452,0.0070482015887363,-3.986126160389901
2025-03-08 14:27:58.471,0.0068340848846793,-3.780051977787459
2025-03-08 14:27:58.491,0.0065929977631684,-3.529293347238537
2025-03-08 14:27:58.510,0.0063142580534298,-3.241198646994116
2025-03-08 14:27:58.530,0.005985105412278,-2.923647599150648
2025-03-08 14:27:58.549,0.0055923638681492,-2.583312372405185
2025-03-08 14:27:58.569,0.0051243105614624,-2.2239106330916254
2025-03-08 14:27:58.588,0.0045724136885851,-1.8451823033443375
2025-03-08 14:27:58.608,0.0039326650672886,-1.4432601122676048
2025-03-08 14:27:58.627,0.003206301646215,-1.0127125974393267
2025-03-08 14:27:58.647,0.0023997503486015,-0.549901944220388
2025-03-08 14:27:58.666,0.0015236614310463,-0.056657870342513
2025-03-08 14:27:58.686,0.0005909607019608,0.4570648942186801
2025-03-08 14:27:58.705,-0.0003860135565176,0.9726880448702022
2025-03-08 14:27:58.725,-0.0013990081909789,1.4651221569647326
2025-03-08 14:27:58.745,-0.0024474396793398,1.907017228972029
2025-03-08 14:27:58.764,-0.0035412628980417,2.27389429707042
2025-03-08 14:27:58.784,-0.0047021664536181,2.5485718138145983
2025-03-08 14:27:58.803,-0.0059621745232273,2.723555975862399
2025-03-08 14:27:58.823,-0.0073590441907515,2.800805546621818
2025-03-08 14:27:58.842,-0.0089284672646647,2.789217792499987
2025-03-08 14:27:58.862,-0.0106939674373048,2.70094797055542
2025-03-08 14:27:58.881,-0.0126563525940269,2.5479892837002343
2025-03-08 14:27:58.901,-0.0147853796782856,2.340218374022165
2025-03-08 14:27:58.920,-0.0170166583805138,2.0854762574453845
2025-03-08 14:27:58.940,-0.0192565371112219,1.7914630025456475
2025-03-08 14:27:58.959,-0.02139659858145,1.4685572950343642
2025-03-08 14:27:58.979,-0.0233373794033652,1.1323378632450574
2025-03-08 14:27:58.998,-0.0250182092381261,0.8046668139368828
2025-03-08 14:27:59.018,-0.0264471631639674,0.5126464788212208
2025-03-08 14:27:59.037,-0.0277228323282107,0.2854212221082112
2025-03-08 14:27:59.057,-0.0290388346946941,0.149447734549881
2025-03-08 14:27:59.077,-0.0306634572433664,0.1233133025034039
2025-03-08 14:27:59.096,-0.0328908908953979,0.2133450123080797
2025-03-08 14:27:59.116,-0.0359669273237713,0.4111194323752876
2025-03-08 14:27:59.135,-0.0399997542152456,0.6935971139169448
2025-03-08 14:27:59.155,-0.0448739394201582,1.026040788862738
2025-03-08 14:27:59.174,-0.0501906506736019,1.367241416493688
2025-03-08 14:27:59.194,-0.0552573565892186,1.676027384477102
2025-03-08 14:27:59.213,-0.0591440641439149,1.9177267931870432
2025-03-08 14:27:59.233,-0.0608103362696288,2.069279996264937
2025-03-08 14:27:59.252,-0.0592896081780193,2.1220350719044268
2025-03-08 14:27:59.272,-0.0538984251483257,2.081784675583298
2025-03-08 14:27:59.291,-0.0444235235145519,1.966173400416408
2025-03-08 14:27:59.311,-0.0312351886086216,1.800102786358623
2025-03-08 14:27:59.330,-0.0152859698592038,1.6101099742633709
2025-03-08 14:27:59.350,0.0020193277705171,1.4188508695839914
2025-03-08 14:27:59.370,0.0190593205188686,1.2407613749505773
2025-03-08 14:27:59.389,0.0342803138868033,1.0797109774203215
2025-03-08 14:27:59.409,0.0464566392853772,0.929042560965048
2025-03-08 14:27:59.428,0.0548652154298026,0.7738844578390689
2025-03-08 14:27:59.448,0.0593431273327672,0.5951324742646613
2025-03-08 14:27:59.467,0.0602324669747984,0.3741582316406553
2025-03-08 14:27:59.487,0.0582432591839134,0.0972091433262464
2025-03-08 14:27:59.506,0.0542772156451262,-0.2413602078589541
2025-03-08 14:27:59.526,0.0492537835773551,-0.6375416112506391
2025-03-08 14:27:59.545,0.0439701866104703,-1.0779567631867748
2025-03-08 14:27:59.565,0.0390135724106774,-1.5418075812701817
2025-03-08 14:27:59.584,0.0347295131400932,-2.004090862146433
2025-03-08 14:27:59.604,0.0312394844843724,-2.439478768661753
2025-03-08 14:27:59.623,0.028492258241512,-2.8261230268215014
2025-03-08 14:27:59.643,0.0263310621952553,-3.148608473444345
2025-03-08 14:27:59.662,0.0245595505370131,-3.399423698334498
2025-03-08 14:27:59.682,0.0229939923968107,-3.5786412361939326
2025-03-08 14:27:59.702,0.0214951196260634,-3.691937829880724
2025-03-08 14:27:59.721,0.0199791829617931,-3.747512834780929
2025-03-08 14:27:59.741,0.0184125687654456,-3.75274744706281
2025-03-08 14:27:59.760,0.0167969431161513,-3.7114953158033592
2025-03-08 14:27:59.780,0.0151521045238814,-3.622688459284524
2025-03-08 14:27:59.799,0.013501997467383,-3.4805547590406256
2025-03-08 14:27:59.819,0.0118666052767147,-3.276314352757092
2025-03-08 14:27:59.838,0.0102597830611748,-3.000891095948033
2025-03-08 14:27:59.858,0.0086913052146073,-2.64801068820576
2025-03-08 14:27:59.877,0.0071707206683618,-2.217039818768414
2025-03-08 14:27:59.897,0.0057107977617714,-1.7149900735283
2025-03-08 14:27:59.916,0.0043290268261981,-1.1572279519983584
2025-03-08 14:27:59.936,0.0030465422522073,-0.566607504864872
2025-03-08 14:27:59.955,0.0018847279317795,0.0289962923797237
2025-03-08 14:27:59.975,0.0008605153642957,0.6004326049696839
2025-03-08 14:27:59.995,-1.8178422606261025e-05,1.1216258133677903
2025-03-08 14:28:00.014,-0.0007554138046384,1.573620702363172
2025-03-08 14:28:00.034,-0.0013675804458024,1.947392659891548
2025-03-08 14:28:00.053,-0.0018809128109467,2.24473478383367
2025-03-08 14:28:00.073,-0.0023267951668214,2.4769719070233687
2025-03-08 14:28:00.092,-0.0027361027310678,2.6617622984935827
2025-03-08 14:28:00.112,-0.0031340459670014,2.818701270201036
2025-03-08 14:28:00.131,-0.003536773948954,2.9647360182617155
2025-03-08 14:28:00.151,-0.0039504217515507,3.1104677427350937
2025-03-08 14:28:00.170,-0.0043725476422434,3.2582183817368264
2025-03-08 14:28:00.190,-0.0047952705529355,3.4022938847281723
2025-03-08 14:28:00.209,-0.0052090764386855,3.531283578920202
2025-03-08 14:28:00.229,-0.0056062302831413,3.631668876063428
2025-03-08 14:28:00.248,-0.0059829524415359,3.6916640287789617
2025-03-08 14:28:00.268,-0.006339953324724,3.704198672286679
2025-03-08 14:28:00.288,-0.0066814668528957,3.66827036337525
2025-03-08 14:28:00.307,-0.0070133649636664,3.5884206557359004
2025-03-08 14:28:00.327,-0.0073410900012419,3.4726427693271167
2025-03-08 14:28:00.346,-0.0076680098942739,3.329449809480221
2025-03-08 14:28:00.366,-0.0079945127139958,3.1650156238905494
2025-03-08 14:28:00.385,-0.0083178406863222,2.981220376214998
2025-03-08 14:28:00.405,-0.0086324230471491,2.7751318487582943
2025-03-08 14:28:00.424,-0.0089303989509452,2.540011639965833
2025-03-08 14:28:00.444,-0.0092021474492398,2.267464828868447
2025-03-08 14:28:00.463,-0.0094368495726312,1.950002818939205
2025-03-08 14:28:00.483,-0.0096232426182038,1.5832081162239091
2025-03-08 14:28:00.502,-0.0097507273860051,1.1669255322814531
2025-03-08 14:28:00.522,-0.009810896605293,0.7053539463207127
2025-03-08 14:28:00.541,-0.0097994216736501,0.2063679759068108
2025-03-08 14:28:00.561,-0.009718076864457,-0.3193476488161021
2025-03-08 14:28:00.580,-0.0095764902801297,-0.8588297525035924
2025-03-08 14:28:00.600,-0.0093930290655377,-1.3968608917459489
2025-03-08 14:28:00.620,-0.0091941480254732,-1.9157776450841304
2025-03-08 14:28:00.639,-0.0090116503319325,-2.3956910887258003
2025-03-08 14:28:00.659,-0.0088776743119578,-2.8157476827417365
2025-03-08 14:28:00.678,-0.0088178102039563,-3.156667459954787
2025-03-08 14:28:00.698,-0.0088434440013359,-3.4041540786200777
2025-03-08 14:28:00.717,-0.0089450077093349,-3.552162876838904
2025-03-08 14:28:00.737,-0.0090880608366509,-3.604752008412902
2025-03-08 14:28:00.756,-0.0092138952901262,-3.5755287245444527
2025-03-08 14:28:00.776,-0.009245628857408,-3.484500087909014
2025-03-08 14:28:00.795,-0.0090996262667175,-3.353134849586082
2025-03-08 14:28:00.815,-0.0087007488645863,-3.1991881556518167
2025-03-08 14:28:00.834,-0.0079986675988161,-3.032985108060207
2025-03-08 14:28:00.854,-0.0069816424278715,-2.856354329815561
2025-03-08 14:28:00.873,-0.005684134716606,-2.6644977817622757
2025-03-08 14:28:00.893,-0.0041856048834716,-2.4501498321382336
2025-03-08 14:28:00.913,-0.0025998103600205,-2.2087177420445454
2025-03-08 14:28:00.932,-0.001056417304941,-1.942854349880509
2025-03-08 14:28:00.952,0.0003210441914673,-1.6651052632221834
2025-03-08 14:28:00.971,0.0014357764845344,-1.3978138272893594
2025-03-08 14:28:00.991,0.0022322284217486,-1.1701958019436014
2025-03-08 14:28:01.010,0.0027016594134608,-1.0132066478901791
2025-03-08 14:28:01.030,0.0028782767866718,-0.9533352004260937
2025-03-08 14:28:01.049,0.0028277407678601,-1.0066707209398231
2025-03-08 14:28:01.069,0.002631377648519,-1.1745057475067509
2025-03-08 14:28:01.088,0.0023699458946752,-1.4414142289646554
2025-03-08 14:28:01.108,0.0021103154489738,-1.776258854009108
2025-03-08 14:28:01.127,0.001897266593638,-2.136015693663235
2025-03-08 14:28:01.147,0.0017511744645014,-2.471757827356089
2025-03-08 14:28:01.166,0.00167096449066,-2.7357220896977146
2025-03-08 14:28:01.186,0.0016406956897252,-2.8881819823641126
2025-03-08 14:28:01.206,0.0016376446872784,-2.9029013502969683
2025-03-08 14:28:01.225,0.001639856883028,-2.7702281580655197
2025-03-08 14:28:01.245,0.0016316784617481,-2.4973433760002237
2025-03-08 14:28:01.264,0.0016065514299756,-2.1057167980767058
2025-03-08 14:28:01.284,0.0015670867454226,-1.6263398000780225
2025-03-08 14:28:01.303,0.0015229593841923,-1.0937139337321142
2025-03-08 14:28:01.323,0.0014874702430746,-0.5398016475609471
2025-03-08 14:28:01.342,0.0014737465903856,0.0108611990668458
2025-03-08 14:28:01.362,0.0014915254336439,0.5439541418188277
2025-03-08 14:28:01.381,0.0015452533142528,1.0556110814223234
2025-03-08 14:28:01.401,0.001633846683142,1.5502590897322008
2025-03-08 14:28:01.420,0.0017519843004685,2.036756203948525
2025-03-08 14:28:01.440,0.001892387249352,2.523866319326535
2025-03-08 14:28:01.459,0.0020482996373644,3.0161645343835146
2025-03-08 14:28:01.479,0.0022153845709536,3.51126952031094
2025-03-08 14:28:01.498,0.0023924992014619,3.998934247835478
2025-03-08 14:28:01.518,0.0025812145378661,4.462079279662439
2025-03-08 14:28:01.538,0.0027843496121755,4.879414733452645
2025-03-08 14:28:01.557,0.0030040904124507,5.228966536377183
2025-03-08 14:28:01.577,0.0032404218853901,5.491671873643074
2025-03-08 14:28:01.596,0.0034905642733408,5.654251728488113
2025-03-08 14:28:01.616,0.0037497920685242,5.71077096208376
2025-03-08 14:28:01.635,0.0040134390052357,5.662604314055553
2025-03-08 14:28:01.655,0.0042792812994712,5.516878611926299
2025-03-08 14:28:01.674,0.0045491980986443,5.283792463647563
2025-03-08 14:28:01.694,0.004829270559489,4.973466192955731
2025-03-08 14:28:01.713,0.0051282198201462,4.59310381342181
2025-03-08 14:28:01.733,0.0054549028908053,4.1452290587820375
2025-03-08 14:28:01.752,0.005816003817842,3.627578612587404
2025-03-08 14:28:01.772,0.006214844059081,3.0349063073785136
2025-03-08 14:28:01.791,0.00665156771496,2.3625045331424643
2025-03-08 14:28:01.811,0.0071242628397789,1.6107522872659406
2025-03-08 14:28:01.831,0.0076302253512631,0.7895748835935007
2025-03-08 14:28:01.850,0.008166651741614,-0.0784915984387207
2025-03-08 14:28:01.870,0.0087304000880988,-0.9577664484743664
2025-03-08 14:28:01.889,0.0093168328923067,-1.802003293717206
2025-03-08 14:28:01.909,0.0099179788275618,-2.5598616254246327
2025-03-08 14:28:01.928,0.0105203254076317,-3.1822433906547216
2025-03-08 14:28:01.948,0.0111026163732698,-3.629921660254825
2025-03-08 14:28:01.967,0.0116341995753607,-3.879786058943694
2025-03-08 14:28:01.987,0.0120747243116913,-3.928389841507571
2025-03-08 14:28:02.006,0.0123761155494658,-3.792161128671168
2025-03-08 14:28:02.026,0.0124874988075428,-3.504405347459535
2025-03-08 14:28:02.045,0.0123629967907633,-3.109865581553277
2025-03-08 14:28:02.065,0.0119711973265771,-2.657993466827949
2025-03-08 14:28:02.084,0.0113039565432912,-2.196181377257924
2025-03-08 14:28:02.104,0.0103815373232051,-1.7640583977617743
2025-03-08 14:28:02.123,0.009251336044332,-1.3896391721858772
2025-03-08 14:28:02.143,0.0079787981135019,-1.0877203291117337
2025-03-08 14:28:02.163,0.0066313488859495,-0.8605130463919273
2025-03-08 14:28:02.182,0.0052587161822989,-0.7001393414652533
2025-03-08 14:28:02.202,0.0038751302201383,-0.5923547358782814
2025-03-08 14:28:02.221,0.0024497021165326,-0.5207286926952148
2025-03-08 14:28:02.241,0.0009100604031513,-0.4705247710349368
2025-03-08 14:28:02.260,-0.0008391293382993,-0.4316520186335383
2025-03-08 14:28:02.280,-0.0028860146098473,-0.4002712359828801
2025-03-08 14:28:02.299,-0.0052776072149829,-0.3788964458075333
2025-03-08 14:28:02.319,-0.0079922978812282,-0.3750969025587538
2025-03-08 14:28:02.338,-0.0109282632295933,-0.3991464980418696
2025-03-08 14:28:02.358,-0.0139130661002027,-0.4611527725331277
2025-03-08 14:28:02.377,-0.0167334016162129,-0.5682847027715562
2025-03-08 14:28:02.397,-0.0191774163196169,-0.722668577292236
2025-03-08 14:28:02.416,-0.0210777564710426,-0.9203317357377024
2025-03-08 14:28:02.436,-0.022343228033126,-1.1512950218727491
2025-03-08 14:28:02.456,-0.0229708074530664,-1.4006351827777244
2025-03-08 14:28:02.475,-0.0230361420300086,-1.6501488130699626
2025-03-08 14:28:02.495,-0.022667138125952,-1.880206818662432
2025-03-08 14:28:02.514,-0.0220095648272996,-2.0714935841448967
2025-03-08 14:28:02.534,-0.0211946814100518,-2.206514943987081
2025-03-08 14:28:02.553,-0.0203168358187038,-2.270925356578723
2025-03-08 14:28:02.573,-0.0194249035598146,-2.254767572465164
2025-03-08 14:28:02.592,-0.0185270000600076,-2.153609045804433
2025-03-08 14:28:02.612,-0.0176045598639309,-1.969368983076777
2025-03-08 14:28:02.631,-0.016630316176544,-1.7104968874096604
2025-03-08 14:28:02.651,-0.0155848396653844,-1.3912115517029084
2025-03-08 14:28:02.670,-0.0144676078974241,-1.0297571990702454
2025-03-08 14:28:02.690,-0.0133004980048701,-0.6459660392607871
2025-03-08 14:28:02.709,-0.012123615173922,-0.2586569131644753
2025-03-08 14:28:02.729,-0.0109851127671383,0.1165699025731277
2025-03-08 14:28:02.749,-0.0099278972340922,0.4687471264611165
2025-03-08 14:28:02.768,-0.0089767092724777,0.7920159587474968
2025-03-08 14:28:02.788,-0.0081289495182658,1.085225208652713
2025-03-08 14:28:02.807,-0.0073517579429777,1.3508492740009168
2025-03-08 14:28:02.827,-0.0065863569444595,1.593499847505683
2025-03-08 14:28:02.846,-0.0057587859114103,1.818362223381052
2025-03-08 14:28:02.866,-0.0047943792163212,2.029904563102876
2025-03-08 14:28:02.885,-0.0036323330282444,2.2311404690989303
2025-03-08 14:28:02.905,-0.0022369347120746,2.4235487875669675
2025-03-08 14:28:02.924,-0.000603334239549,2.607515286312493
2025-03-08 14:28:02.944,0.0012425849275721,2.782962347161381
2025-03-08 14:28:02.963,0.0032493200538001,2.949776868404589
2025-03-08 14:28:02.983,0.0053481902536787,3.107767537091783
2025-03-08 14:28:03.002,0.0074632864011484,3.256122818071234
2025-03-08 14:28:03.022,0.0095213576010636,3.3925836485867946
2025-03-08 14:28:03.041,0.0114604786814735,3.512678324166926
2025-03-08 14:28:03.061,0.0132367276527954,3.6093369987207593
2025-03-08 14:28:03.081,0.0148283824438147,3.67303058943778
2025-03-08 14:28:03.100,0.0162373884714025,3.6923494276119135
2025-03-08 14:28:03.120,0.0174881586815835,3.654767230980184
2025-03-08 14:28:03.139,0.0186241501222471,3.5473182710371147
2025-03-08 14:28:03.159,0.0197029452682246,3.357063427699166
2025-03-08 14:28:03.178,0.0207905112899561,3.0714510905786927
2025-03-08 14:28:03.198,0.0219548335088144,2.678854973240447
2025-03-08 14:28:03.217,0.0232584360885708,2.1695871884234
2025-03-08 14:28:03.237,0.0247488518365676,1.5375301190096082
2025-03-08 14:28:03.256,0.0264463353553409,0.7822804745383343
2025-03-08 14:28:03.276,0.0283292788205815,-0.0885408072547797
2025-03-08 14:28:03.295,0.0303197243167761,-1.0573041924411408
2025-03-08 14:28:03.315,0.0322733575205083,-2.09521798957102
2025-03-08 14:28:03.334,0.0339793380461694,-3.1624088569102065
2025-03-08 14:28:03.354,0.0351744064687656,-4.209464768642398
2025-03-08 14:28:03.374,0.0355727811394075,-5.1804584328010295
2025-03-08 14:28:03.393,0.0349090830359517,-6.017249276482776
2025-03-08 14:28:03.413,0.0329870494458891,-6.664663389503601
2025-03-08 14:28:03.432,0.0297234794132644,-7.076004056338132
2025-03-08 14:28:03.452,0.0251761052797696,-7.218259876807751
2025-03-08 14:28:03.471,0.019546909928571,-7.0763466190671735
2025-03-08 14:28:03.491,0.0131585492198382,-6.655754148165196
2025-03-08 14:28:03.510,0.0064089625815749,-5.983103219610743
2025-03-08 14:28:03.530,-0.0002850766603889,-5.10436011826939
2025-03-08 14:28:03.549,-0.0065430371464304,-4.080773169864608
2025-03-08 14:28:03.569,-0.0120641851707957,-2.98292309601001
2025-03-08 14:28:03.588,-0.0166538021775938,-1.8835706757729755
2025-03-08 14:28:03.608,-0.0202306074971244,-0.8502051494257478
2025-03-08 14:28:03.627,-0.0228174992682116,0.0616962525440912
2025-03-08 14:28:03.647,-0.024520343805207,0.8137375393247632
2025-03-08 14:28:03.667,-0.0255007776146627,1.387268518579795
2025-03-08 14:28:03.686,-0.0259483893986125,1.7832887740113916
2025-03-08 14:28:03.706,-0.0260556708558807,2.019694929396952
2025-03-08 14:28:03.725,-0.0259970875190658,2.1264256881011825
2025-03-08 14:28:03.745,-0.0259125748716765,2.1394142555881133
2025-03-08 14:28:03.764,-0.0258957125624886,2.094449273562428
2025-03-08 14:28:03.784,-0.0259871812062856,2.022020699692642
2025-03-08 14:28:03.803,-0.0261744160349951,1.9439635101663493
2025-03-08 14:28:03.823,-0.0263983607186534,1.872253944843929
2025-03-08 14:28:03.842,-0.0265675041842113,1.8097818692186496
2025-03-08 14:28:03.862,-0.0265776900506721,1.7524732056491814
2025-03-08 14:28:03.881,-0.0263340215825696,1.6918969577650165
2025-03-08 14:28:03.901,-0.0257698549285934,1.617534378355488
2025-03-08 14:28:03.920,-0.0248584629131248,1.5182099285019095
2025-03-08 14:28:03.940,-0.0236152646243052,1.382682408023273
2025-03-08 14:28:03.959,-0.0220913149280222,1.199879833591778
2025-03-08 14:28:03.979,-0.0203608502203302,0.9595243800935326
2025-03-08 14:28:03.999,-0.0185065943569192,0.6537939321465523
2025-03-08 14:28:04.018,-0.0166063052441751,0.2801988470385049
2025-03-08 14:28:04.038,-0.0147230099018197,-0.1548279822765747
2025-03-08 14:28:04.057,-0.0128999576920357,-0.632742924512765
2025-03-08 14:28:04.077,-0.0111599690928098,-1.1214758223499186
2025-03-08 14:28:04.096,-0.0095079434857547,-1.5768930532885332
2025-03-08 14:28:04.116,-0.0079349745914506,-1.947511908133312
2025-03-08 14:28:04.135,-0.0064227086823061,-2.1818776322138813
2025-03-08 14:28:04.155,-0.0049470222742661,-2.237159120494317
2025-03-08 14:28:04.174,-0.0034805764984477,-2.087059166208323
2025-03-08 14:28:04.194,-0.0019942391544998,-1.7272152303047776
2025-03-08 14:28:04.213,-0.0004577623474842,-1.1768516580188155
2025-03-08 14:28:04.233,0.0011595409485105,-0.4763414362416905
2025-03-08 14:28:04.252,0.002887161745922,0.3187348580597018
2025-03-08 14:28:04.272,0.0047499351187646,1.1457451883820513
2025-03-08 14:28:04.292,0.0067624193314144,1.9437680774333213
2025-03-08 14:28:04.311,0.0089216867486844,2.6614134105137124
2025-03-08 14:28:04.331,0.0112000939701335,3.262498787318938
2025-03-08 14:28:04.350,0.0135402639984819,3.7288619893029407
2025-03-08 14:28:04.370,0.0158545304554854,4.060092281743672
2025-03-08 14:28:04.389,0.018030389613305,4.270421094973738
2025-03-08 14:28:04.409,0.0199422376734278,4.3834188748727
2025-03-08 14:28:04.428,0.0214681326167668,4.425496622229372
2025-03-08 14:28:04.448,0.0225088627584808,4.419458131544371
2025-03-08 14:28:04.467,0.0230055876834915,4.379398747243459
2025-03-08 14:28:04.487,0.0229521070436218,4.308016081203784
2025-03-08 14:28:04.506,0.0223987133399702,4.196880799847896
2025-03-08 14:28:04.526,0.0214465416707101,4.029512721770995
2025-03-08 14:28:04.545,0.0202336354419983,3.786405741135544
2025-03-08 14:28:04.565,0.0189155738682139,3.450653974017151
2025-03-08 14:28:04.584,0.0176440009186879,3.012714477402377
2025-03-08 14:28:04.604,0.0165462189610628,2.4731517029618426
2025-03-08 14:28:04.624,0.015708780835457,1.842844489863096
2025-03-08 14:28:04.643,0.0151677027516025,1.140872683869543
2025-03-08 14:28:04.663,0.0149070770916672,0.3908977532257573
2025-03-08 14:28:04.682,0.0148663881864826,-0.3828390882342302
2025-03-08 14:28:04.702,0.0149551883081082,-1.1587899014852583
2025-03-08 14:28:04.721,0.0150724861759416,-1.919818714208867
2025-03-08 14:28:04.741,0.0151273336786096,-2.6530135690850227
2025-03-08 14:28:04.760,0.0150565304847022,-3.347796852486253
2025-03-08 14:28:04.780,0.0148352006866736,-3.9930603633736217
2025-03-08 14:28:04.799,0.014476644236569,-4.574399082182248
2025-03-08 14:28:04.819,0.0140196959981121,-5.072560841877903
2025-03-08 14:28:04.838,0.0135048705061642,-5.463905633386433
2025-03-08 14:28:04.858,0.0129444473329642,-5.723042240352221
2025-03-08 14:28:04.877,0.0122953621711651,-5.827081336362232
2025-03-08 14:28:04.897,0.0114455362106932,-5.760380609993072
2025-03-08 14:28:04.917,0.0102222405844087,-5.518473670772125
2025-03-08 14:28:04.936,0.0084249276010898,-5.110131364782524
2025-03-08 14:28:04.956,0.005876744665661,-4.557085088152314
2025-03-08 14:28:04.975,0.002481956931274,-3.89161162253499
2025-03-08 14:28:04.995,-0.0017267547902771,-3.1526897407725403
2025-03-08 14:28:05.014,-0.0065656989639199,-2.3816316439777347
2025-03-08 14:28:05.034,-0.0117110360149404,-1.6179572140510503
2025-03-08 14:28:05.053,-0.0167433169572689,-0.8959489420584208
2025-03-08 14:28:05.073,-0.0212171869280468,-0.2420032144463494
2025-03-08 14:28:05.092,-0.0247409992652201,0.3272583397939202
2025-03-08 14:28:05.112,-0.0270477686472707,0.806100593835308
2025-03-08 14:28:05.131,-0.0280402875412311,1.1998319081370403
2025-03-08 14:28:05.151,-0.0277998583233827,1.5237136950509425
2025-03-08 14:28:05.170,-0.0265581616276067,1.8003792324744876
2025-03-08 14:28:05.190,-0.0246415428954371,2.0557645009802443
2025-03-08 14:28:05.210,-0.0224030704195441,2.31394092260893
2025-03-08 14:28:05.229,-0.020158738954889,2.591639996418444
2025-03-08 14:28:05.249,-0.018140811397699,2.893513942603289
2025-03-08 14:28:05.268,-0.0164753219340881,3.2091701600591294
2025-03-08 14:28:05.288,-0.0151842502222146,3.512741874366471
2025-03-08 14:28:05.307,-0.0142074275193898,3.7652977999688018
2025-03-08 14:28:05.327,-0.0134358224866904,3.919865726479144
2025-03-08 14:28:05.346,-0.0127468655229982,3.9283526039960894
2025-03-08 14:28:05.366,-0.0120337770782231,3.7492769388684457
2025-03-08 14:28:05.385,-0.0112238582989703,3.355064062608521
2025-03-08 14:28:05.405,-0.0102843977857966,2.7377283769391725
2025-03-08 14:28:05.424,-0.0092181417823903,1.9120510788586784
2025-03-08 14:28:05.444,-0.0080523185365121,0.9157757198591742
2025-03-08 14:28:05.463,-0.0068257087988619,-0.193201119096305
2025-03-08 14:28:05.483,-0.0055774781742749,-1.3422372064671115
2025-03-08 14:28:05.502,-0.0043399858543922,-2.4511964885044835
2025-03-08 14:28:05.522,-0.003136112737939,-3.4405855907889635
2025-03-08 14:28:05.542,-0.0019802432662156,-4.239576145586439
2025-03-08 14:28:05.561,-0.0008811995580741,-4.793006106130204
2025-03-08 14:28:05.581,0.0001546752476867,-5.066607383037717
2025-03-08 14:28:05.600,0.0011215313824782,-5.049888410204847
2025-03-08 14:28:05.620,0.002013493924217,-4.756330340130567
2025-03-08 14:28:05.639,0.0028252278430913,-4.2208680449012
2025-03-08 14:28:05.659,0.0035528796037734,-3.4950109966983303
2025-03-08 14:28:05.678,0.0041948016240283,-2.6403451380392333
2025-03-08 14:28:05.698,0.0047517912061356,-1.7214440701989189
2025-03-08 14:28:05.717,0.0052268575488258,-0.7993109988470212
2025-03-08 14:28:05.737,0.0056246483165374,0.0736849678809728
2025-03-08 14:28:05.756,0.0059506722068871,0.856810861323049
2025-03-08 14:28:05.776,0.0062104673982021,1.521874623545746
2025-03-08 14:28:05.795,0.0064089266596796,2.052492290290495
2025-03-08 14:28:05.815,0.0065500177068471,2.4424709867056635
2025-03-08 14:28:05.835,0.0066370382928895,2.694069199247892
2025-03-08 14:28:05.854,0.0066733210723857,2.8166351694338982
2025-03-08 14:28:05.874,0.0066630665059062,2.8256971686485586
2025-03-08 14:28:05.893,0.0066118851835762,2.74215150942361
2025-03-08 14:28:05.913,0.0065267443422364,2.590948877937488
2025-03-08 14:28:05.932,0.0064152602475794,2.398742755152692
2025-03-08 14:28:05.952,0.0062845113876303,2.190341495193411
2025-03-08 14:28:05.971,0.0061396822281946,1.9843746571801049
2025-03-08 14:28:05.991,0.005982898121569,1.789133713584797
2025-03-08 14:28:06.010,0.0058126219967999,1.5998523675239855
2025-03-08 14:28:06.030,0.0056239387526348,1.398593288110677
2025-03-08 14:28:06.049,0.0054098830407879,1.1573766248468516
2025-03-08 14:28:06.069,0.0051636566754298,0.8443461373167329
2025-03-08 14:28:06.088,0.0048812545926479,0.4318703446433493
2025-03-08 14:28:06.108,0.0045638320568057,-0.0951890132435374
2025-03-08 14:28:06.128,0.0042191585138099,-0.7330092790307908
2025-03-08 14:28:06.147,0.0038616746592162,-1.4557587491877493
2025-03-08 14:28:06.167,0.0035109438600602,-2.2167839786568764
2025-03-08 14:28:06.186,0.0031886286895428,-2.953839509765245
2025-03-08 14:28:06.206,0.0029144853085581,-3.597266547264072
2025-03-08 14:28:06.225,0.0027021872523272,-4.079498605773461
2025-03-08 14:28:06.245,0.0025559774350102,-4.344222545918196
2025-03-08 14:28:06.264,0.0024691074211983,-4.353864510049875
2025-03-08 14:28:06.284,0.0024246902185833,-4.094579690490584
2025-03-08 14:28:06.303,0.0023989833596056,-3.57837670422622
2025-03-08 14:28:06.323,0.0023663769842238,-2.8422926701299747
2025-03-08 14:28:06.342,0.0023047607899721,-1.9446994953058143
2025-03-08 14:28:06.362,0.0021997866326101,-0.9590023074074993
2025-03-08 14:28:06.381,0.0020469493675467,0.0347046022068865
2025-03-08 14:28:06.401,0.0018511752533843,0.9590494622867942
2025-03-08 14:28:06.420,0.0016243547246834,1.7485257980018656
2025-03-08 14:28:06.440,0.0013817170171832,2.356911117081525
2025-03-08 14:28:06.460,0.0011380765198644,2.761745480811799
2025-03-08 14:28:06.479,0.0009048527384535,2.9652188155017907
2025-03-08 14:28:06.499,0.0006884399445661,2.991545467088721
2025-03-08 14:28:06.518,0.0004900574535056,2.8815782427192485
2025-03-08 14:28:06.538,0.0003067869659711,2.6858373668571973
2025-03-08 14:28:06.557,0.0001332513615142,2.4572143122983063
2025-03-08 14:28:06.577,-3.662174945154848e-05,2.244407224125853
2025-03-08 14:28:06.596,-0.0002081350533901,2.086789093063386
2025-03-08 14:28:06.616,-0.0003848207336635,2.011024704020121
2025-03-08 14:28:06.635,-0.0005679299522844,2.02940588593558
2025-03-08 14:28:06.655,-0.0007563947647401,2.1396126869791594
2025-03-08 14:28:06.674,-0.0009472213421339,2.325485108823271
2025-03-08 14:28:06.694,-0.0011362086597369,2.5584499504082503
2025-03-08 14:28:06.713,-0.0013188026952806,2.7994776431354444
2025-03-08 14:28:06.733,-0.0014908615945492,3.001741160477631
2025-03-08 14:28:06.753,-0.0016491613546581,3.1143370093226896
2025-03-08 14:28:06.772,-0.0017915914109001,3.0873487248357327
2025-03-08 14:28:06.792,-0.0019171063982492,2.87815178253117
2025-03-08 14:28:06.811,-0.0020255501845741,2.458297307155693
2025-03-08 14:28:06.831,-0.0021174456340821,1.8197912021310827
2025-03-08 14:28:06.850,-0.0021937979724142,0.9793317637741524
2025-03-08 14:28:06.870,-0.0022559324359087,-0.0207707636766188
2025-03-08 14:28:06.889,-0.0023053702889894,-1.1156886216501662
2025-03-08 14:28:06.909,-0.0023437164503289,-2.2250275786952
2025-03-08 14:28:06.928,-0.0023725008191208,-3.2625994013785493
2025-03-08 14:28:06.948,-0.0023929333777293,-4.147331950842838
2025-03-08 14:28:06.967,-0.0024056205666335,-4.813387536048012
2025-03-08 14:28:06.987,-0.0024103912761424,-5.217765282410728
2025-03-08 14:28:07.006,-0.0024063971525816,-5.344234715664554
2025-03-08 14:28:07.026,-0.0023925387128764,-5.203207464433578
2025-03-08 14:28:07.045,-0.0023680870338207,-4.827906061612232
2025-03-08 14:28:07.065,-0.0023332369784708,-4.267789868143834
2025-03-08 14:28:07.085,-0.0022893257818252,-3.5805716482460936
2025-03-08 14:28:07.104,-0.0022385859327889,-2.8242623820826083
2025-03-08 14:28:07.124,-0.0021834993666669,-2.0504996806918894
2025-03-08 14:28:07.143,-0.0021259692153945,-1.2999944364678278
2025-03-08 14:28:07.163,-0.0020665626216214,-0.6004011170176645
2025-03-08 14:28:07.182,-0.0020040366106044,0.033565532803385
2025-03-08 14:28:07.202,-0.0019353063030944,0.5982751658545199
2025-03-08 14:28:07.221,-0.0018559571572728,1.0982406674252
2025-03-08 14:28:07.241,-0.001761286674816,1.542725663284655
2025-03-08 14:28:07.260,-0.0016476694285946,1.9424120737700752
2025-03-08 14:28:07.280,-0.0015138542460937,2.306482753291646
2025-03-08 14:28:07.299,-0.0013617506191208,2.6403429140289534
2025-03-08 14:28:07.319,-0.0011964092796534,2.9441238233946674
2025-03-08 14:28:07.338,-0.0010251913276351,3.212071252721073
2025-03-08 14:28:07.358,-0.0008563910071128,3.43288129766648
2025-03-08 14:28:07.378,-0.0006976852723749,3.5909734004675817
2025-03-08 14:28:07.397,-0.0005547272228928,3.668574320037525
2025-03-08 14:28:07.417,-0.0004301027397059,3.6483359741528503
2025-03-08 14:28:07.436,-0.0003228240587766,3.516054129321667
2025-03-08 14:28:07.456,-0.0002285104202664,3.2629611804858065
2025-03-08 14:28:07.475,-0.000140311156044,2.887121646860623
2025-03-08 14:28:07.495,-5.042903819471498e-05,2.3936987886575456
2025-03-08 14:28:07.514,4.810989240911233e-05,1.79421117261857
2025-03-08 14:28:07.534,0.0001598797136929,1.105204911052266
2025-03-08 14:28:07.553,0.0002860213920925,0.3468910265734308
2025-03-08 14:28:07.573,0.0004239266404905,-0.4578129891976901
2025-03-08 14:28:07.592,0.0005676653373787,-1.283694752752818
2025-03-08 14:28:07.612,0.0007090839507757,-2.10332727894895
2025-03-08 14:28:07.631,0.0008393871732852,-2.887289463051467
2025-03-08 14:28:07.651,0.0009508612217072,-3.605014879246083
2025-03-08 14:28:07.671,0.0010382979924199,-4.226508490104382
2025-03-08 14:28:07.690,0.0010997536095352,-4.724774556196764
2025-03-08 14:28:07.710,0.0011365193324789,-5.078450708092799
2025-03-08 14:28:07.729,0.0011524552890581,-5.273995766844439
2025-03-08 14:28:07.749,0.0011529845601151,-5.306867744714717
2025-03-08 14:28:07.768,0.0011440189686213,-5.181392312218631
2025-03-08 14:28:07.788,0.0011309650627171,-4.90936071784795
2025-03-08 14:28:07.807,0.0011178711593539,-4.507700918648492
2025-03-08 14:28:07.827,0.0011067984767075,-3.9957440476952097
2025-03-08 14:28:07.846,0.0010975783269502,-3.392627864699353
2025-03-08 14:28:07.866,0.0010881190391539,-2.7152841383677573
2025-03-08 14:28:07.885,0.0010752660722671,-1.9773237254555591
2025-03-08 14:28:07.905,0.0010559597144624,-1.1890025965707007
2025-03-08 14:28:07.924,0.0010282558584367,-0.358310742369878
2025-03-08 14:28:07.944,0.0009918266812838,0.5069602075394762
2025-03-08 14:28:07.963,0.0009478287390984,1.3965520929399746
2025-03-08 14:28:07.983,0.0008983374268506,2.2950991796525497
2025-03-08 14:28:08.003,0.0008456900700558,3.1802758483639946
2025-03-08 14:28:08.022,0.0007919953985006,4.022440804481258
2025-03-08 14:28:08.042,0.0007388820713056,4.7861833953005135
2025-03-08 14:28:08.061,0.0006874344323214,5.433693706443972
2025-03-08 14:28:08.081,0.0006382445025098,5.929364729970014
2025-03-08 14:28:08.100,0.0005915375504819,6.244658515668832
2025-03-08 14:28:08.120,0.0005473426201807,6.362141104467692
2025-03-08 14:28:08.139,0.0005056675915678,6.277748910272311
2025-03-08 14:28:08.159,0.0004666314645824,6.00075740896049
2025-03-08 14:28:08.178,0.0004305262936443,5.551486727353899
2025-03-08 14:28:08.198,0.0003977991850359,4.957359021842492
2025-03-08 14:28:08.217,0.0003689309207566,4.248360952269275
2025-03-08 14:28:08.237,0.0003441811710591,3.453115002681283
2025-03-08 14:28:08.256,0.0003232307781035,2.5965393475085623
2025-03-08 14:28:08.276,0.000304859061881,1.6995100981067663
2025-03-08 14:28:08.296,0.0002868576160721,0.78021533288728
2025-03-08 14:28:08.315,0.0002663300249747,-0.1437070674407489
2025-03-08 14:28:08.335,0.0002403630969626,-1.0533683285628226
2025-03-08 14:28:08.354,0.0002068626911142,-1.928025725996342
2025-03-08 14:28:08.374,0.000165244632584,-2.7459482899776577
2025-03-08 14:28:08.393,0.0001167241615879,-3.486389117909917
2025-03-08 14:28:08.413,6.411532217629865e-05,-4.131899801351241
2025-03-08 14:28:08.432,1.123473960736916e-05,-4.670174433837293
2025-03-08 14:28:08.452,-3.787656420673286e-05,-5.094869092599356
2025-03-08 14:28:08.471,-7.967484737445763e-05,-5.405252948529065
2025-03-08 14:28:08.491,-0.0001116056389608,-5.604930444899143
2025-03-08 14:28:08.510,-0.0001323148361411,-5.700094864895365
2025-03-08 14:28:08.530,-0.000141645444996,-5.697786122632233
2025-03-08 14:28:08.549,-0.0001405430298279,-5.60447727127887
2025-03-08 14:28:08.569,-0.0001309733205116,-5.425104300250452
2025-03-08 14:28:08.589,-0.0001158794400112,-5.162484084609133
2025-03-08 14:28:08.608,-9.910557270510463e-05,-4.817007598895538
2025-03-08 14:28:08.628,-8.514111266165007e-05,-4.38656476011995
2025-03-08 14:28:08.647,-7.856093595067148e-05,-3.866799036684808
2025-03-08 14:28:08.667,-8.31760605022539e-05,-3.251905636987221
2025-03-08 14:28:08.686,-0.0001010972831443,-2.536185651493646
2025-03-08 14:28:08.706,-0.0001320304730515,-1.7164109814475006
2025-03-08 14:28:08.725,-0.0001730880026247,-0.7947770566352452
2025-03-08 14:28:08.745,-0.0002192418251391,0.218074063705577
2025-03-08 14:28:08.764,-0.000264346801434,1.300662884241319
2025-03-08 14:28:08.784,-0.0003024999570998,2.419609860262422
2025-03-08 14:28:08.803,-0.0003294050388169,3.5303948645227603
2025-03-08 14:28:08.823,-0.0003433927441503,4.580097948907016
2025-03-08 14:28:08.842,-0.0003458087442424,5.511899583629088
2025-03-08 14:28:08.862,-0.0003406222680857,6.2707686123942015
2025-03-08 14:28:08.881,-0.0003333148911881,6.809509190723921
2025-03-08 14:28:08.901,-0.0003293418510163,7.094226472185482
2025-03-08 14:28:08.921,-0.0003326311341524,7.1083418697197605
2025-03-08 14:28:08.940,-0.0003445950978701,6.854539692696846
2025-03-08 14:28:08.960,-0.0003639378611915,6.35439813906904
2025-03-08 14:28:08.979,-0.0003872365856801,5.645849639122256
2025-03-08 14:28:08.999,-0.0004100194031232,4.778935587360565
2025-03-08 14:28:09.018,-0.00042797081685,3.810520649915816
2025-03-08 14:28:09.038,-0.0004379502543309,2.798707019243145
2025-03-08 14:28:09.057,-0.0004386143930013,1.7976451574974135
2025-03-08 14:28:09.077,-0.0004305279780126,0.8532811840054485
2025-03-08 14:28:09.096,-0.0004157437280899,0.0003496283672684
2025-03-08 14:28:09.116,-0.0003969593866311,-0.7393000383162196
2025-03-08 14:28:09.135,-0.0003765072782936,-1.357074771482788
2025-03-08 14:28:09.155,-0.0003555296798971,-1.856741533711764
2025-03-08 14:28:09.174,-0.0003336525526647,-2.252264192902441
2025-03-08 14:28:09.194,-0.0003092671345996,-2.5644312800622298
2025-03-08 14:28:09.214,-0.0002802627751044,-2.816544289518133
2025-03-08 14:28:09.233,-0.0002448920467876,-3.029740773207926
2025-03-08 14:28:09.253,-0.0002024826209085,-3.218764935620261
2025-03-08 14:28:09.272,-0.000153861068309,-3.389030549764279
2025-03-08 14:28:09.292,-0.0001014584110662,-3.5356113860293994
2025-03-08 14:28:09.311,-4.907305788606136e-05,-3.6444091471321225
2025-03-08 14:28:09.331,-1.2713675166802053e-06,-3.69529812367208
2025-03-08 14:28:09.350,3.750451965660257e-05,-3.666630715219487
2025-03-08 14:28:09.370,6.391289842502251e-05,-3.5401827639207943
2025-03-08 14:28:09.389,7.647649163164198e-05,-3.3054825658889078
2025-03-08 14:28:09.409,7.588091944102672e-05,-2.962559003805623
2025-03-08 14:28:09.428,6.473360120330588e-05,-2.52248691435445
2025-03-08 14:28:09.448,4.693373878415489e-05,-2.005645034371818
2025-03-08 14:28:09.467,2.6930953723730383e-05,-1.4381851733946425
2025-03-08 14:28:09.487,9.09789877678897e-06,-0.8476541286390514
2025-03-08 14:28:09.507,-2.7243983616632056e-06,-0.2588712934157999
2025-03-08 14:28:09.526,-5.572252186643088e-06,0.3089949109821524
2025-03-08 14:28:09.546,2.3518542379655017e-06,0.8436219531398191
2025-03-08 14:28:09.565,2.1474394722862128e-05,1.3389866058972124
2025-03-08 14:28:09.585,5.0779598141458296e-05,1.7935022264489706
2025-03-08 14:28:09.604,8.78678732069582e-05,2.207487913271623
2025-03-08 14:28:09.624,0.000129102348585,2.580606393029852
2025-03-08 14:28:09.643,0.0001698469372949,2.9097611994802297
2025-03-08 14:28:09.663,0.0002048774798041,3.1877846353758037
2025-03-08 14:28:09.682,0.0002290548006032,3.403123029080079
2025-03-08 14:28:09.702,0.0002382378082055,3.5406020222458388
2025-03-08 14:28:09.721,0.0002302448295703,3.583197881361233
2025-03-08 14:28:09.741,0.0002055618901722,3.5145692882015243
2025-03-08 14:28:09.760,0.0001675269118251,3.321963893695355
2025-03-08 14:28:09.780,0.0001218672484559,2.9990337841681725
2025-03-08 14:28:09.799,7.56532273795069e-05,2.54807910646221
2025-03-08 14:28:09.819,3.5885945368279285e-05,1.9812912178748756
2025-03-08 14:28:09.839,8.034871568326784e-06,1.3206916018045585
2025-03-08 14:28:09.858,-5.129483223033396e-06,0.5966593105153365
2025-03-08 14:28:09.878,-4.105748887131125e-06,-0.154813012356079
2025-03-08 14:28:09.897,7.548034552135869e-06,-0.8957430182428139
2025-03-08 14:28:09.917,2.4196545755077083e-05,-1.5900823831408375
2025-03-08 14:28:09.936,3.964500521057696e-05,-2.207297545919963
2025-03-08 14:28:09.956,4.8766298428880187e-05,-2.7250479865499124
2025-03-08 14:28:09.975,4.876080116025127e-05,-3.130594016344743
2025-03-08 14:28:09.995,3.970383061892824e-05,-3.420801315371706
2025-03-08 14:28:10.014,2.428584620322856e-05,-3.600842348730813
2025-03-08 14:28:10.034,6.9015871987391706e-06,-3.681900378668546
2025-03-08 14:28:10.053,-7.594009084419666e-06,-3.678332212995626
2025-03-08 14:28:10.073,-1.5105381813145006e-05,-3.604811179632635
2025-03-08 14:28:10.092,-1.3196889321200635e-05,-3.4739425751390667
2025-03-08 14:28:10.112,-1.4922926632930072e-06,-3.294731213448155
2025-03-08 14:28:10.132,1.848996766859921e-05,-3.0721000511260983
2025-03-08 14:28:10.151,4.399488395043567e-05,-2.8074355104569424
2025-03-08 14:28:10.171,7.195321713817825e-05,-2.499922274893924
2025-03-08 14:28:10.190,9.982877433874318e-05,-2.148292794191528
2025-03-08 14:28:10.210,0.000126098259045,-1.7525829264825348
2025-03-08 14:28:10.229,0.000150277764328,-1.3155275518763725
2025-03-08 14:28:10.249,0.0001726321537981,-0.8433069398240925
2025-03-08 14:28:10.268,0.0001937849514557,-0.3454632656705002
2025-03-08 14:28:10.288,0.0002143728748153,0.1660239347275643
2025-03-08 14:28:10.307,0.0002347814733505,0.6782850411408008
2025-03-08 14:28:10.327,0.0002549604710875,1.1792941628817246
2025-03-08 14:28:10.346,0.0002743377158409,1.6592561349041306
2025-03-08 14:28:10.366,0.000291852658371,2.11120180478656
2025-03-08 14:28:10.385,0.0003060776788363,2.530596321581297
2025-03-08 14:28:10.405,0.0003153377158395,2.914090323811493
2025-03-08 14:28:10.424,0.0003177639945313,3.2578469415492464
2025-03-08 14:28:10.444,0.0003113447355863,3.556063098601728
2025-03-08 14:28:10.464,0.0002941501928202,3.800284371994501
2025-03-08 14:28:10.483,0.0002648565721905,3.979851364937934
2025-03-08 14:28:10.503,0.0002234589000688,4.083381887221148
2025-03-08 14:28:10.522,0.0001718272127734,4.100766429431536
2025-03-08 14:28:10.542,0.0001137421741704,4.024942648109821
2025-03-08 14:28:10.561,5.4290944815924496e-05,3.8528367095240754
2025-03-08 14:28:10.581,-1.170005748205173e-06,3.585265369669674
2025-03-08 14:28:10.600,-4.811250032928061e-05,3.226079207544584
2025-03-08 14:28:10.620,-8.368243101393359e-05,2.7811499248700056
2025-03-08 14:28:10.639,-0.0001071319715583,2.257816649137585
2025-03-08 14:28:10.659,-0.0001197885866305,1.6651279525784284
2025-03-08 14:28:10.678,-0.0001246001109161,1.0147956216205247
2025-03-08 14:28:10.698,-0.000125403343867,0.3223964463245851
2025-03-08 14:28:10.717,-0.0001261402033627,-0.3918325362173099
2025-03-08 14:28:10.737,-0.0001302289611075,-1.103186036387583
2025-03-08 14:28:10.757,-0.0001402109962259,-1.7839351499993048
2025-03-08 14:28:10.776,-0.0001576805741179,-2.4058580345997687
2025-03-08 14:28:10.796,-0.0001833821654231,-2.943311493500725
2025-03-08 14:28:10.815,-0.0002172792050286,-3.376103937817718
2025-03-08 14:28:10.835,-0.0002584507743204,-3.691468831083613
2025-03-08 14:28:10.854,-0.0003048543107389,-3.884690499452516
2025-03-08 14:28:10.874,-0.000353152419928,-3.958330928125963
2025-03-08 14:28:10.893,-0.0003987971244404,-3.9204229299516022
2025-03-08 14:28:10.913,-0.0004364239313035,-3.782276683110392
2025-03-08 14:28:10.932,-0.0004604867405951,-3.5565794610645343
2025-03-08 14:28:10.952,-0.0004660564698682,-3.256251152115179
2025-03-08 14:28:10.971,-0.0004497402814958,-2.894160670921924
2025-03-08 14:28:10.991,-0.0004106207355916,-2.4834603104295248
2025-03-08 14:28:11.010,-0.0003509566055434,-2.038074125889619
2025-03-08 14:28:11.030,-0.0002762874965138,-1.5728438380459642
2025-03-08 14:28:11.050,-0.0001946959709619,-1.1030005416033613
2025-03-08 14:28:11.069,-0.0001152795147479,-0.6429435448710288
2025-03-08 14:28:11.089,-4.62019016287934e-05,-0.2046530091468616
2025-03-08 14:28:11.108,7.124365552384812e-06,0.2037111303338081
2025-03-08 14:28:11.128,4.3186382873628495e-05,0.5784763391989854
2025-03-08 14:28:11.147,6.45088431707571e-05,0.9200801568206666
2025-03-08 14:28:11.167,7.674632813158503e-05,1.2316954173231616
2025-03-08 14:28:11.186,8.69907392864738e-05,1.5172256662691583
2025-03-08 14:28:11.206,0.000101753597997,1.7792061923143483
2025-03-08 14:28:11.225,0.0001251570839004,2.017134730998067
2025-03-08 14:28:11.245,0.0001578128052172,2.2266120485262526
2025-03-08 14:28:11.264,0.0001966943961998,2.399467007827447
2025-03-08 14:28:11.284,0.0002360499521554,2.5248314873055397
2025-03-08 14:28:11.303,0.0002690914319781,2.590950868980846
2025-03-08 14:28:11.323,0.0002899198459969,2.587378968448651
2025-03-08 14:28:11.342,0.0002950392746756,2.507124208002957
2025-03-08 14:28:11.362,0.0002839830447945,2.348312774343737
2025-03-08 14:28:11.382,0.0002589563573447,2.115038883211919
2025-03-08 14:28:11.401,0.0002237798324317,1.8172649352185035
2025-03-08 14:28:11.421,0.0001826123450223,1.4698447165886666
2025-03-08 14:28:11.440,0.0001389085307799,1.090891285870767
2025-03-08 14:28:11.460,9.49120261656127e-05,0.6997671711849285
2025-03-08 14:28:11.479,5.1784426508214506e-05,0.3149654129485493
2025-03-08 14:28:11.499,1.02539237682844e-05,-0.047876665919078
2025-03-08 14:28:11.518,-2.8537396784523963e-05,-0.3775996450535091
2025-03-08 14:28:11.538,-6.242203836808974e-05,-0.6685370997657627
2025-03-08 14:28:11.557,-8.818931138731148e-05,-0.9206782345423944
2025-03-08 14:28:11.577,-0.0001022498840472,-1.138803783414102
2025-03-08 14:28:11.596,-0.0001017457587671,-1.3306147505666244
2025-03-08 14:28:11.616,-8.567249906777303e-05,-1.5041633410767137
2025-03-08 14:28:11.635,-5.5603783319476045e-05,-1.665165050840295
2025-03-08 14:28:11.655,-1.5786566835402374e-05,-1.8148769700124507
2025-03-08 14:28:11.675,2.7424571248104623e-05,-1.9490954527492976
2025-03-08 14:28:11.694,6.667459756150847e-05,-2.0585063818333227
2025-03-08 14:28:11.714,9.502527905510137e-05,-2.130256931288493
2025-03-08 14:28:11.733,0.0001073624956287,-2.1503520468413493
2025-03-08 14:28:11.753,0.0001014424625592,-2.1063699025339715
2025-03-08 14:28:11.772,7.830182271014417e-05,-1.9900010302678823
2025-03-08 14:28:11.792,4.194041671255041e-05,-1.798974202196146
2025-03-08 14:28:11.811,-1.5923557110348727e-06,-1.538003595700745
2025-03-08 14:28:11.831,-4.5423809827114434e-05,-1.2185013736731614
2025-03-08 14:28:11.850,-8.310711784152811e-05,-0.856997732051222
2025-03-08 14:28:11.870,-0.000109710446642,-0.4725070220499991
2025-03-08 14:28:11.889,-0.0001226486355555,-0.083402254287166
2025-03-08 14:28:11.909,-0.0001221434648897,0.295419414583184
2025-03-08 14:28:11.928,-0.0001111573926779,0.6542995282294685
2025-03-08 14:28:11.948,-9.47079568298335e-05,0.9889957797744364
2025-03-08 14:28:11.968,-7.865896176086423e-05,1.2992299707308634
2025-03-08 14:28:11.987,-6.830476951744692e-05,1.586077902857497
2025-03-08 14:28:12.007,-6.717907969453635e-05,1.8490455789092684
2025-03-08 14:28:12.026,-7.643422850577819e-05,2.0837799430403536
2025-03-08 14:28:12.046,-9.488110886619518e-05,2.281181765432076
2025-03-08 14:28:12.065,-0.0001195143788139,2.4282889536391625
2025-03-08 14:28:12.085,-0.0001462297943798,2.510779189760897
2025-03-08 14:28:12.104,-0.0001704930215648,2.516426053036576
2025-03-08 14:28:12.124,-0.0001878552832094,2.438489724667302
2025-03-08 14:28:12.143,-0.0001943375166423,2.277979752168279
2025-03-08 14:28:12.163,-0.0001867714423233,2.044045669910376
2025-03-08 14:28:12.182,-0.0001631801310778,1.752333563397852
2025-03-08 14:28:12.202,-0.0001232141771168,1.4217818759608432
2025-03-08 14:28:12.221,-6.856285119386732e-05,1.0707967743020437
2025-03-08 14:28:12.241,-3.1742669784591263e-06,0.7139040156685745
2025-03-08 14:28:12.260,6.691247644681917e-05,0.3597907281078478
2025-03-08 14:28:12.280,0.0001342639879658,0.0112014195178065
2025-03-08 14:28:12.300,0.000191265274513,-0.3334116895830186
2025-03-08 14:28:12.319,0.0002316177650807,-0.6770836198426033
2025-03-08 14:28:12.339,0.0002517036535318,-1.0212654911866326
2025-03-08 14:28:12.358,0.0002513617964769,-1.3633911143531037
2025-03-08 14:28:12.378,0.0002337995317079,-1.6957496983717244
2025-03-08 14:28:12.397,0.0002046910003907,-2.005927394165882
2025-03-08 14:28:12.417,0.0001708170725792,-2.2786197798635546
2025-03-08 14:28:12.436,0.0001387206311808,-2.498233779537036
2025-03-08 14:28:12.456,0.0001137320559642,-2.651505288074397
2025-03-08 14:28:12.475,9.94617024190248e-05,-2.729414695082541
2025-03-08 14:28:12.495,9.763690873120128e-05,-2.727961111656965
2025-03-08 14:28:12.514,0.0001081022455375,-2.6477534178848376
2025-03-08 14:28:12.534,0.0001288835347613,-2.492749263249635
2025-03-08 14:28:12.553,0.0001563272998361,-2.2686990605266733
2025-03-08 14:28:12.573,0.0001853849662507,-1.9818712282399653
2025-03-08 14:28:12.593,0.0002101067695282,-1.6384632350626265
2025-03-08 14:28:12.612,0.0002243658842124,-1.244818646570638
2025-03-08 14:28:12.632,0.0002227647618166,-0.8082771483775943
2025-03-08 14:28:12.651,0.0002015974505265,-0.3382671172871228
2025-03-08 14:28:12.671,0.0001596766455509,0.1528412463393477
2025-03-08 14:28:12.690,9.881262522670052e-05,0.6495435675466417
2025-03-08 14:28:12.710,2.378065639693463e-05,1.1338818941614195
2025-03-08 14:28:12.729,-5.826375848445767e-05,1.5869124950829945
2025-03-08 14:28:12.749,-0.0001388135800368,1.9906001023523705
2025-03-08 14:28:12.768,-0.0002092775832211,2.329636124748449
2025-03-08 14:28:12.788,-0.0002622706283686,2.592720276346133
2025-03-08 14:28:12.807,-0.0002927396336883,2.7730440276948203
2025-03-08 14:28:12.827,-0.0002987417666134,2.867991614846436
2025-03-08 14:28:12.846,-0.0002816863513536,2.8783293251568343
2025-03-08 14:28:12.866,-0.0002459255788864,2.807286217150459
2025-03-08 14:28:12.885,-0.0001977710214514,2.65987950392716
2025-03-08 14:28:12.905,-0.0001442276787202,2.442633857159419
2025-03-08 14:28:12.925,-9.181216915514358e-05,2.163596346778468
2025-03-08 14:28:12.944,-4.5695014247284696e-05,1.8323791892258348
2025-03-08 14:28:12.964,-9.198489486279757e-06,1.459940619899723
2025-03-08 14:28:12.983,1.6421741549030837e-05,1.0579480735424511
2025-03-08 14:28:13.003,3.192378874659027e-05,0.6378105476543261
2025-03-08 14:28:13.022,3.967106404680181e-05,0.2097135991201067
2025-03-08 14:28:13.042,4.2804217240442986e-05,-0.2178975962085564
2025-03-08 14:28:13.061,4.409770155752588e-05,-0.6380608222104979
2025-03-08 14:28:13.081,4.48241168235621e-05,-1.0442658894743968
2025-03-08 14:28:13.100,4.407453995405967e-05,-1.429034048288511
2025-03-08 14:28:13.120,3.889671945680681e-05,-1.782730403126375
2025-03-08 14:28:13.139,2.5309974851566588e-05,-2.093202324483032
2025-03-08 14:28:13.159,-1.108421670811153e-07,-2.3465621284310205
2025-03-08 14:28:13.178,-3.860681757310448e-05,-2.5290444469057305
2025-03-08 14:28:13.198,-8.806525030247646e-05,-2.629508566399851
2025-03-08 14:28:13.218,-0.0001426446865521,-2.6419173511454117
2025-03-08 14:28:13.237,-0.000193347821744,-2.567066499057633
2025-03-08 14:28:13.257,-0.0002295271721542,-2.4129961750392392
2025-03-08 14:28:13.276,-0.000241109497542,-2.1938707811896165
2025-03-08 14:28:13.296,-0.0002210881299943,-1.9275600512025848
2025-03-08 14:28:13.315,-0.0001676453649306,-1.6325449754202592
2025-03-08 14:28:13.335,-8.526409802117512e-05,-1.324969850300317
2025-03-08 14:28:13.354,1.556969409653937e-05,-1.0165980376784294
2025-03-08 14:28:13.374,0.0001200760310909,-0.7141253719354205
2025-03-08 14:28:13.393,0.000211935483814,-0.4198702438818235
2025-03-08 14:28:13.413,0.0002765016411497,-0.1334504241741495
2025-03-08 14:28:13.432,0.0003038027875693,0.1461877284641745
2025-03-08 14:28:13.452,0.0002906742120811,0.4190400242508188
2025-03-08 14:28:13.471,0.0002414796713384,0.6830857357487102
2025-03-08 14:28:13.491,0.0001671677089755,0.934273450881317
2025-03-08 14:28:13.511,8.28495127001431e-05,1.1673174210898911
2025-03-08 14:28:13.530,4.520849070254582e-06,1.376939842588315
2025-03-08 14:28:13.550,-5.4221713563548427e-05,1.5590956479178215
2025-03-08 14:28:13.569,-8.469818840760368e-05,1.711762101354917
2025-03-08 14:28:13.589,-8.443863551258217e-05,1.835040342827686
2025-03-08 14:28:13.608,-5.716293628187472e-05,1.9305403334366091
2025-03-08 14:28:13.628,-1.1616717747146238e-05,2.0002283279516013
2025-03-08 14:28:13.647,4.043666883822624e-05,2.0450510279022307
2025-03-08 14:28:13.667,8.668203680047915e-05,2.0637011779124146
2025-03-08 14:28:13.686,0.0001167005871181,2.051871862840359
2025-03-08 14:28:13.706,0.0001238961418228,2.0022713417036853
2025-03-08 14:28:13.725,0.0001065197253754,1.9055318260240468
2025-03-08 14:28:13.745,6.76771685449713e-05,1.7519444712380103
2025-03-08 14:28:13.764,1.446722551090028e-05,1.5337186009267578
2025-03-08 14:28:13.784,-4.34737641626544e-05,1.2472641007659675
2025-03-08 14:28:13.803,-9.575054646230247e-05,0.8949219512383315
2025-03-08 14:28:13.823,-0.0001330824881564,0.4856804192052434
2025-03-08 14:28:13.843,-0.0001490360359758,0.0346943326770557
2025-03-08 14:28:13.862,-0.0001413176601849,-0.438229159282568
2025-03-08 14:28:13.882,-0.0001122898117697,-0.9107342177280862
2025-03-08 14:28:13.901,-6.846966628670955e-05,-1.360052812982915
2025-03-08 14:28:13.921,-1.904260931570111e-05,-1.7647122037590135
2025-03-08 14:28:13.940,2.624101149638081e-05,-2.1056106461222224
2025-03-08 14:28:13.960,5.92074601285124e-05,-2.3665695301168856
2025-03-08 14:28:13.979,7.488940995452574e-05,-2.53469868079086
2025-03-08 14:28:13.999,7.230853394506648e-05,-2.600961176191906
2025-03-08 14:28:14.018,5.4327164333865726e-05,-2.561168828018114
2025-03-08 14:28:14.038,2.666623978074903e-05,-2.417327233498576
2025-03-08 14:28:14.057,-3.6906540315879767e-06,-2.1788925923908558
2025-03-08 14:28:14.077,-3.0357728909252903e-05,-1.8632586088135243
2025-03-08 14:28:14.096,-4.920205452830433e-05,-1.4948109533417
2025-03-08 14:28:14.116,-5.932321058393012e-05,-1.1022298652566809
2025-03-08 14:28:14.136,-6.307925792819966e-05,-0.7143017973614476
2025-03-08 14:28:14.155,-6.519486369033677e-05,-0.3551047931395504
2025-03-08 14:28:14.175,-7.126267561473105e-05,-0.0398107793848237
2025-03-08 14:28:14.194,-8.60677401769803e-05,0.2276731707313714
2025-03-08 14:28:14.214,-0.0001121361435823,0.4544470434077891
2025-03-08 14:28:14.233,-0.0001488201239327,0.6556953400962178
2025-03-08 14:28:14.253,-0.0001921338067303,0.8498211483484387
2025-03-08 14:28:14.272,-0.0002354269229418,1.052910994227904
2025-03-08 14:28:14.292,-0.0002707977642395,1.2739631105297222
2025-03-08 14:28:14.311,-0.000290920814292,1.5120404423586349
2025-03-08 14:28:14.331,-0.000290785724134,1.755924216744574
2025-03-08 14:28:14.350,-0.0002688278642245,1.9861551525884693
2025-03-08 14:28:14.370,-0.000227130361907,2.178772171311576
2025-03-08 14:28:14.389,-0.0001707190657325,2.3097364068481965
2025-03-08 14:28:14.409,-0.0001062837764875,2.3590069863821954
2025-03-08 14:28:14.429,-4.07815037692213e-05,2.313475314190772
2025-03-08 14:28:14.448,1.9723093032766316e-05,2.168366820649535
2025-03-08 14:28:14.468,7.082877204370487e-05,1.9271479713175383
2025-03-08 14:28:14.487,0.0001101788722717,1.6003006412421017
2025-03-08 14:28:14.507,0.0001374986881114,1.203469622455127
2025-03-08 14:28:14.526,0.0001543402695861,0.7554568858969262
2025-03-08 14:28:14.546,0.0001636017996358,0.2763962825259251
2025-03-08 14:28:14.565,0.0001689100776769,-0.2137188773393442
2025-03-08 14:28:14.585,0.0001739601372612,-0.6961045617147305
2025-03-08 14:28:14.604,0.0001818941842922,-1.153865388616458
2025-03-08 14:28:14.624,0.0001947841775099,-1.5723217330080963
2025-03-08 14:28:14.643,0.0002132678983877,-1.939028284204323
2025-03-08 14:28:14.663,0.000236379881744,-2.243547663575149
2025-03-08 14:28:14.682,0.0002616122231896,-2.477092970389898
2025-03-08 14:28:14.702,0.0002852281716579,-2.6322151402125367
2025-03-08 14:28:14.721,0.0003028256005247,-2.7027352305516046
2025-03-08 14:28:14.741,0.0003101041585903,-2.6840696241283446
2025-03-08 14:28:14.761,0.000303732960755,-2.5739754452658805
2025-03-08 14:28:14.780,0.0002821579860495,-2.373599649195364
2025-03-08 14:28:14.800,0.0002461506481919,-2.088594478559779
2025-03-08 14:28:14.819,0.0001989057392697,-1.729989878326342
2025-03-08 14:28:14.839,0.0001455697183809,-1.3145032505550254
2025-03-08 14:28:14.858,9.22273150128818e-05,-0.864030103582628
2025-03-08 14:28:14.878,4.457004729275451e-05,-0.4041963767171548
2025-03-08 14:28:14.897,6.63595270813969e-06,0.0379593065069599
2025-03-08 14:28:14.917,-1.9959090067360115e-05,0.4369093657014762
2025-03-08 14:28:14.936,-3.603002994574852e-05,0.7717375996222887
2025-03-08 14:28:14.956,-4.4079407359715705e-05,1.0288804326253222
2025-03-08 14:28:14.975,-4.709146367635968e-05,1.2039549563513552
2025-03-08 14:28:14.995,-4.7328236347635634e-05,1.3022206624184518
2025-03-08 14:28:15.014,-4.558798733601086e-05,1.3374550993689651
2025-03-08 14:28:15.034,-4.119129046587494e-05,1.3293578772009838
2025-03-08 14:28:15.054,-3.266154868739578e-05,1.2999480889736554
2025-03-08 14:28:15.073,-1.880815730464293e-05,1.269672954599003
2025-03-08 14:28:15.093,2.0371690698521488e-07,1.2540112050729453
2025-03-08 14:28:15.112,2.2196264940547283e-05,1.2612188681056975
2025-03-08 14:28:15.132,4.300978295865796e-05,1.2915829327913046
2025-03-08 14:28:15.151,5.729334663657095e-05,1.3381977636622633
2025-03-08 14:28:15.171,5.9881657739613146e-05,1.388930485104854
2025-03-08 14:28:15.190,4.7354839938617086e-05,1.4289687968351317
2025-03-08 14:28:15.210,1.9263512190350437e-05,1.443238901530257
2025-03-08 14:28:15.229,-2.14075577985008e-05,1.4181178439778868
2025-03-08 14:28:15.249,-6.86861184996372e-05,1.3422312595830848
2025-03-08 14:28:15.268,-0.0001148058371705,1.2065849642584343
2025-03-08 14:28:15.288,-0.0001517932484379,1.0046128063230853
2025-03-08 14:28:15.307,-0.0001730630165435,0.732759121126511
2025-03-08 14:28:15.327,-0.0001746976290959,0.3919122223987072
2025-03-08 14:28:15.346,-0.0001561785755804,-0.0105144841160124
2025-03-08 14:28:15.366,-0.0001204356905595,-0.4585668173418372
2025-03-08 14:28:15.386,-7.319654302620666e-05,-0.9267797625227656
2025-03-08 14:28:15.405,-2.1759359813366998e-05,-1.3811256205566962
2025-03-08 14:28:15.425,2.653029552241998e-05,-1.7822860191502583
2025-03-08 14:28:15.444,6.570434180880552e-05,-2.090970319113165
2025-03-08 14:28:15.464,9.211355736474009e-05,-2.2743187488593746
2025-03-08 14:28:15.483,0.0001046646510078,-2.3119659285162943
2025-03-08 14:28:15.503,0.000104381977205,-2.20026404608262
2025-03-08 14:28:15.522,9.35422595910234e-05,-1.9535275219728676
2025-03-08 14:28:15.542,7.473783458792886e-05,-1.6018779837990842
2025-03-08 14:28:15.561,5.019767536537283e-05,-1.1861328170808028
2025-03-08 14:28:15.581,2.1556270976934947e-05,-0.7509232470687317
2025-03-08 14:28:15.600,-9.94698472368402e-06,-0.3376128443974658
2025-03-08 14:28:15.620,-4.305966128417876e-05,0.0214950286212523
2025-03-08 14:28:15.639,-7.622132772139592e-05,0.3066598664974951
2025-03-08 14:28:15.659,-0.0001076163157304,0.5116019205041245
2025-03-08 14:28:15.679,-0.0001355674474202,0.6421097154207063
2025-03-08 14:28:15.698,-0.0001590374388218,0.7130621980391517
2025-03-08 14:28:15.718,-0.0001779577295407,0.7446858781578798
2025-03-08 14:28:15.737,-0.0001932480881202,0.7587827232475339
2025-03-08 14:28:15.757,-0.000206585213648,0.7754770927706981
2025-03-08 14:28:15.776,-0.000220062981042,0.8108044835521837
2025-03-08 14:28:15.796,-0.0002358143727652,0.8752409019198999
2025-03-08 14:28:15.815,-0.0002555514617675,0.9730825935843804
2025-03-08 14:28:15.835,-0.0002799920775365,1.1024605069276283
2025-03-08 14:28:15.854,-0.0003083030924155,1.2557351685043496
2025-03-08 14:28:15.874,-0.0003378294377402,1.4200789104624132
2025-03-08 14:28:15.893,-0.0003643219648851,1.578198004397169
2025-03-08 14:28:15.913,-0.0003826535435789,1.7093163418921464
2025-03-08 14:28:15.932,-0.0003878011796345,1.7906467956395138
2025-03-08 14:28:15.952,-0.0003758059795035,1.799545542273744
2025-03-08 14:28:15.972,-0.0003444990493169,1.716360213467465
2025-03-08 14:28:15.991,-0.0002939071029029,1.5276885986174562
2025-03-08 14:28:16.011,-0.0002263268542682,1.2294604181441755
2025-03-08 14:28:16.030,-0.0001460543915581,0.8290761186994553
2025-03-08 14:28:16.050,-5.874684953913163e-05,0.3459025469649305
2025-03-08 14:28:16.069,2.952805288786918e-05,-0.1902388358376463
2025-03-08 14:28:16.089,0.0001133398398396,-0.7424540539442523
2025-03-08 14:28:16.108,0.000188713153346,-1.2714117397725695
2025-03-08 14:28:16.128,0.000253450587384,-1.7403294305093868
2025-03-08 14:28:16.147,0.0003069183835535,-2.1194001200956705
2025-03-08 14:28:16.167,0.0003494819963281,-2.3889720083949224
2025-03-08 14:28:16.186,0.0003818642911461,-2.5411238161343657
2025-03-08 14:28:16.206,0.0004046245853131,-2.579580558179833
2025-03-08 14:28:16.225,0.000417829567602,-2.518119994363191
2025-03-08 14:28:16.245,0.0004209243321142,-2.377736633551422
2025-03-08 14:28:16.264,0.0004128266097291,-2.182917094075159
2025-03-08 14:28:16.284,0.0003922701621464,-1.957496075818373
2025-03-08 14:28:16.304,0.0003583467684401,-1.720709120982431
2025-03-08 14:28:16.323,0.0003110899508182,-1.484160179684514
2025-03-08 14:28:16.343,0.0002519057854825,-1.2503659048454143
2025-03-08 14:28:16.362,0.0001837115867402,-1.0132668863378118
2025-03-08 14:28:16.382,0.0001107400319385,-0.7606655737777799
2025-03-08 14:28:16.401,3.805289260359902e-05,-0.4781032036359864
2025-03-08 14:28:16.421,-2.913218067200143e-05,-0.1533625585934888
2025-03-08 14:28:16.440,-8.616526234978575e-05,0.2193480872439309
2025-03-08 14:28:16.460,-0.0001295922823424,0.6364051720116133
2025-03-08 14:28:16.479,-0.0001575578065729,1.083604672087136
2025-03-08 14:28:16.499,-0.0001698991960318,1.537075344613205
2025-03-08 14:28:16.518,-0.0001679300500255,1.966088519668021
2025-03-08 14:28:16.538,-0.0001540117562747,2.337190791942527
2025-03-08 14:28:16.557,-0.0001310794738942,2.618841261186487
2025-03-08 14:28:16.577,-0.0001022570247946,2.7856982848643965
2025-03-08 14:28:16.597,-7.05703882395728e-05,2.821866660355986
2025-03-08 14:28:16.616,-3.866979346349207e-05,2.7227157459621565
2025-03-08 14:28:16.636,-8.511781863203907e-06,2.49520061917528
2025-03-08 14:28:16.655,1.8905679963544264e-05,2.156849609627885
2025-03-08 14:28:16.675,4.358588731326722e-05,1.7336704556062497
2025-03-08 14:28:16.694,6.62686510531132e-05,1.2572208956832167
2025-03-08 14:28:16.714,8.794185983527434e-05,0.7610948595628954
2025-03-08 14:28:16.733,0.0001093246231374,0.2771590830918285
2025-03-08 14:28:16.753,0.000130500130866,-0.1680001894671453
2025-03-08 14:28:16.772,0.0001507728170235,-0.5558928191279752
2025-03-08 14:28:16.792,0.0001687352739022,-0.8777307433468728
2025-03-08 14:28:16.811,0.0001825146689849,-1.134525940858928
2025-03-08 14:28:16.831,0.0001901896957552,-1.3356244452291994
2025-03-08 14:28:16.850,0.0001903472420126,-1.4958808320749717
2025-03-08 14:28:16.870,0.0001826544377517,-1.6319182823949356
2025-03-08 14:28:16.890,0.0001682209041164,-1.7581098661408958
2025-03-08 14:28:16.909,0.000149527771817,-1.883024639706436
2025-03-08 14:28:16.929,0.0001298562503999,-2.007069112916759
2025-03-08 14:28:16.948,0.0001123860675026,-2.121884844859346
2025-03-08 14:28:16.968,9.930125554589806e-05,-2.211731477264926
2025-03-08 14:28:16.987,9.123270215175088e-05,-2.2566481782054897
2025-03-08 14:28:17.007,8.720826525144537e-05,-2.2367579625911094
2025-03-08 14:28:17.026,8.508157410222535e-05,-2.136779390816145
2025-03-08 14:28:17.046,8.226105341191476e-05,-1.949721828055072
2025-03-08 14:28:17.065,7.649801076400312e-05,-1.6788971986638943
2025-03-08 14:28:17.085,6.651181693862886e-05,-1.3377672986316185
2025-03-08 14:28:17.104,5.22885286895535e-05,-0.9476824294520024
2025-03-08 14:28:17.124,3.49531411700042e-05,-0.5341024426449554
2025-03-08 14:28:17.143,1.6217238232139406e-05,-0.1222416523695807
2025-03-08 14:28:17.163,-2.4247627482836138e-06,0.2668729927079382
2025-03-08 14:28:17.182,-2.0418544469286795e-05,0.6191709261712812
2025-03-08 14:28:17.202,-3.846091958238663e-05,0.9287435377455144
2025-03-08 14:28:17.222,-5.826275840257004e-05,1.197454567751052
2025-03-08 14:28:17.241,-8.18770626441354e-05,1.43318878896129
2025-03-08 14:28:17.261,-0.0001108435416436,1.6471333316953822
2025-03-08 14:28:17.280,-0.0001453864027803,1.850574933633331
2025-03-08 14:28:17.300,-0.0001838130408817,2.051744211728222
2025-03-08 14:28:17.319,-0.0002222017532143,2.253240681493911
2025-03-08 14:28:17.339,-0.000254481639141,2.4505034958931216
2025-03-08 14:28:17.358,-0.0002730451012073,2.6316426682123533
2025-03-08 14:28:17.378,-0.0002699941386642,2.7787275258243627
2025-03-08 14:28:17.397,-0.0002389676729089,2.8703649438860657
2025-03-08 14:28:17.417,-0.0001772855313639,2.8851275945179635
2025-03-08 14:28:17.436,-8.79682920976868e-05,2.805184802875605
2025-03-08 14:28:17.456,1.888652724411593e-05,2.6194280999387605
2025-03-08 14:28:17.475,0.000125868583793,2.3255052169766963
2025-03-08 14:28:17.495,0.000209565524999,1.9304422665639336
2025-03-08 14:28:17.515,0.000243674315285,1.4498601575905292
2025-03-08 14:28:17.534,0.0002038872278954,0.906088161915036
2025-03-08 14:28:17.554,7.404655257449915e-05,0.3256720386339186
2025-03-08 14:28:17.573,-0.0001475756044227,-0.2631801652851105
2025-03-08 14:28:17.593,-0.0004435894391622,-0.832780706096083
2025-03-08 14:28:17.612,-0.0007763040335196,-1.3575568105535762
2025-03-08 14:28:17.632,-0.0010915421156887,-1.8150807896766352
2025-03-08 14:28:17.651,-0.0013278522797412,-2.1867351373026223
2025-03-08 14:28:17.671,-0.0014298626062691,-2.458275849632694
2025-03-08 14:28:17.690,-0.0013626326106133,-2.6205022507084896
2025-03-08 14:28:17.710,-0.0011224771773011,-2.670093995660596
2025-03-08 14:28:17.729,-0.0007399875327163,-2.6104833861400247
2025-03-08 14:28:17.749,-0.0002734848822133,-2.4524525909495254
2025-03-08 14:28:17.768,0.0002051218638504,-2.2140435254822224
2025-03-08 14:28:17.788,0.0006273165678981,-1.919403759991895
2025-03-08 14:28:17.807,0.0009425534154491,-1.5963992103282998
2025-03-08 14:28:17.827,0.001126690639864,-1.273170833025268
2025-03-08 14:28:17.847,0.00118291518451,-0.9741874102788372
2025-03-08 14:28:17.866,0.0011360701680596,-0.7166068025584216
2025-03-08 14:28:17.886,0.0010228623255252,-0.5077977202090226
2025-03-08 14:28:17.905,0.0008810362910359,-0.3446671528486085
2025-03-08 14:28:17.925,0.0007403429396585,-0.2150406106893091
2025-03-08 14:28:17.944,0.0006172605415966,-0.100862136258997
2025-03-08 14:28:17.964,0.0005142433412678,0.017455654328152
2025-03-08 14:28:17.983,0.0004230600161,0.1564788937889974
2025-03-08 14:28:18.003,0.000330807321545,0.3259803571760992
2025-03-08 14:28:18.022,0.0002266302861206,0.5267090152943845
2025-03-08 14:28:18.042,0.0001071333053746,0.7500592404357289
2025-03-08 14:28:18.061,-2.1085442805916773e-05,0.9795572052013763
2025-03-08 14:28:18.081,-0.000142501092752,1.193736020306455
2025-03-08 14:28:18.100,-0.0002370072610932,1.369776501727716
2025-03-08 14:28:18.120,-0.0002862076761736,1.4872347838407367
2025-03-08 14:28:18.140,-0.0002796231398179,1.5312268787677632
2025-03-08 14:28:18.159,-0.0002186920432296,1.4945668260788312
2025-03-08 14:28:18.179,-0.0001171680300341,1.3785397558600556
2025-03-08 14:28:18.198,2.144650446482791e-06,1.192216428831519
2025-03-08 14:28:18.218,0.0001130803829447,0.950464776125876
2025-03-08 14:28:18.237,0.0001923380901198,0.6710637421958573
2025-03-08 14:28:18.257,0.0002244905086509,0.3715312863245331
2025-03-08 14:28:18.276,0.0002046878319417,0.0663722131314033
2025-03-08 14:28:18.296,0.0001387850735668,-0.2346309164283909
2025-03-08 14:28:18.315,4.127755152717302e-05,-0.5267227214585734
2025-03-08 14:28:18.335,-6.822828645508057e-05,-0.8090787663897739
2025-03-08 14:28:18.354,-0.0001692044781416,-1.0826577928938417
2025-03-08 14:28:18.374,-0.000244290314037,-1.3475838797375166
2025-03-08 14:28:18.393,-0.0002825684041765,-1.6007137178465074
2025-03-08 14:28:18.413,-0.0002813777692889,-1.8339657331073471
2025-03-08 14:28:18.433,-0.0002462193659407,-2.0337975437349978
2025-03-08 14:28:18.452,-0.0001887715312516,-2.1819777003468888
2025-03-08 14:28:18.472,-0.000123626329443,-2.257568793242771
2025-03-08 14:28:18.491,-6.475116114593121e-05,-2.2398595430985035
2025-03-08 14:28:18.511,-2.2650214422149746e-05,-2.1118571899625755
2025-03-08 14:28:18.530,-2.819265220138952e-06,-1.863862556453385
2025-03-08 14:28:18.550,-5.592421014626299e-06,-1.4965865982168316
2025-03-08 14:28:18.569,-2.708429087980984e-05,-1.0232347256765582
2025-03-08 14:28:18.589,-6.07479510661402e-05,-0.470010162852903
2025-03-08 14:28:18.608,-9.909230918086873e-05,0.125387647713646
2025-03-08 14:28:18.628,-0.0001352312589745,0.7174302440564162
2025-03-08 14:28:18.647,-0.0001640524978046,1.2583481054980614
2025-03-08 14:28:18.667,-0.0001828533045874,1.7049072792096114
2025-03-08 14:28:18.686,-0.0001913536255562,2.025203560600813
2025-03-08 14:28:18.706,-0.0001911341377133,2.2040805057665103
2025-03-08 14:28:18.725,-0.0001847277896403,2.245907957904613
2025-03-08 14:28:18.745,-0.0001746985341052,2.1739619455474712
2025-03-08 14:28:18.765,-0.0001629886427925,2.0263893305025764
2025-03-08 14:28:18.784,-0.0001506493597452,1.849485998282945
2025-03-08 14:28:18.804,-0.0001379072777482,1.6895522421001774
2025-03-08 14:28:18.823,-0.000124436849601,1.5848115506960962
2025-03-08 14:28:18.843,-0.0001097016534211,1.5588029298179666
2025-03-08 14:28:18.862,-9.325621069609432e-05,1.6163578492102246
2025-03-08 14:28:18.882,-7.49417506471876e-05,1.742828742637636
2025-03-08 14:28:18.901,-5.495200762592178e-05,1.9066986539335065
2025-03-08 14:28:18.921,-3.378195551873872e-05,2.0651201675371245
2025-03-08 14:28:18.940,-1.2098677943877252e-05,2.171394846065573
2025-03-08 14:28:18.960,9.412889325566564e-06,2.183037752689025
2025-03-08 14:28:18.979,3.017602865267899e-05,2.068976797399592
2025-03-08 14:28:18.999,4.9777933073658514e-05,1.8146329032766488
2025-03-08 14:28:19.018,6.79334799851543e-05,1.4240556720247923
2025-03-08 14:28:19.038,8.436297298928931e-05,0.9188616311985148
2025-03-08 14:28:19.058,9.86207887726256e-05,0.3343428935444021
2025-03-08 14:28:19.077,0.0001099430147275,-0.2863371273459935
2025-03-08 14:28:19.097,0.000117206828506,-0.8986104175901554
2025-03-08 14:28:19.116,0.0001190927747466,-1.4623668611137777
2025-03-08 14:28:19.136,0.0001144792844294,-1.9462428686470403
2025-03-08 14:28:19.155,0.0001029707295772,-2.329864798308226
2025-03-08 14:28:19.175,8.533820267809267e-05,-2.604112218097552
2025-03-08 14:28:19.194,6.364635392328308e-05,-2.769879538661782
2025-03-08 14:28:19.214,4.098163306141158e-05,-2.835993085821394
2025-03-08 14:28:19.233,2.0889773182756548e-05,-2.816869886723464
2025-03-08 14:28:19.253,6.730486631297517e-06,-2.730278678578255
2025-03-08 14:28:19.272,1.1121657256683738e-06,-2.595326636667238
2025-03-08 14:28:19.292,5.464491693678333e-06,-2.430651382075776
2025-03-08 14:28:19.311,1.9762300683218007e-05,-2.2527654821539107
2025-03-08 14:28:19.331,4.244599155453851e-05,-2.074536809696367
2025-03-08 14:28:19.351,7.061068623872302e-05,-1.9038496720196567
2025-03-08 14:28:19.370,0.0001004973384366,-1.7425708276884893
2025-03-08 14:28:19.390,0.0001282261973586,-1.5860449421236664
2025-03-08 14:28:19.409,0.000150609875175,-1.4234306267766923
2025-03-08 14:28:19.429,0.0001658150363489,-1.2391763388667298
2025-03-08 14:28:19.448,0.0001736586787606,-1.0157473658442076
2025-03-08 14:28:19.468,0.0001754492332944,-0.7373618224862193
2025-03-08 14:28:19.487,0.0001734571902925,-0.3941012686330981
2025-03-08 14:28:19.507,0.0001702205091078,0.0144921104421914
2025-03-08 14:28:19.526,0.0001679033162499,0.4772097183237418
2025-03-08 14:28:19.546,0.0001678608500437,0.97096097008462
2025-03-08 14:28:19.565,0.0001704738732823,1.4627081312092018
2025-03-08 14:28:19.585,0.0001752366638052,1.9132725856552548
2025-03-08 14:28:19.604,0.00018102838497,2.2824163698919904
2025-03-08 14:28:19.624,0.000186471852113,2.534441632865473
2025-03-08 14:28:19.643,0.0001902838614171,2.6435055180270464
2025-03-08 14:28:19.663,0.0001915407062248,2.5978675442284094
2025-03-08 14:28:19.683,0.0001898130185434,2.4023599904752326
2025-03-08 14:28:19.702,0.0001851577591026,2.078529559470556
2025-03-08 14:28:19.722,0.000177985789535,1.6621772242271182
2025-03-08 14:28:19.741,0.0001688468450344,1.1984305588032014
2025-03-08 14:28:19.761,0.0001581876697798,0.7349791894047134
2025-03-08 14:28:19.780,0.0001461428030554,0.3145919632560707
2025-03-08 14:28:19.800,0.000132411160892,-0.0316343784920679
2025-03-08 14:28:19.819,0.0001162559405288,-0.2888264464417187
2025-03-08 14:28:19.839,9.664196837654178e-05,-0.4595963029921179
2025-03-08 14:28:19.858,7.249589987744149e-05,-0.5616545551740713
2025-03-08 14:28:19.878,4.30445000249165e-05,-0.6223049079759516
2025-03-08 14:28:19.897,8.159897109060274e-06,-0.6711371771119746
2025-03-08 14:28:19.917,-3.1375401257816094e-05,-0.7326790309101519
2025-03-08 14:28:19.936,-7.377040520933988e-05,-0.8207404957796601
2025-03-08 14:28:19.956,-0.0001163592133201,-0.9357087412554224
2025-03-08 14:28:19.976,-0.000155986668196,-1.0652672229324258
2025-03-08 14:28:19.995,-0.0001896041991412,-1.1881440753043138
2025-03-08 14:28:20.015,-0.0002149647167386,-1.2797752540045155
2025-03-08 14:28:20.034,-0.0002312464297762,-1.318371888276446
2025-03-08 14:28:20.054,-0.0002394077310638,-1.2898734787022164
2025-03-08 14:28:20.073,-0.0002420995496453,-1.190619113997939
2025-03-08 14:28:20.093,-0.0002430525900403,-1.0271899479269992
2025-03-08 14:28:20.112,-0.0002460148461031,-0.8136335937173773
2025-03-08 14:28:20.132,-0.0002535072430948,-0.5669931544849127
2025-03-08 14:28:20.151,-0.0002658104641822,-0.3025281748032531
2025-03-08 14:28:20.171,-0.0002805917646189,-0.0300762378331941
2025-03-08 14:28:20.190,-0.0002933876399248,0.2473728793961186
2025-03-08 14:28:20.210,-0.000298850483492,0.5325207786050589
2025-03-08 14:28:20.229,-0.0002923813568605,0.8304597261329804
2025-03-08 14:28:20.249,-0.0002716204041036,1.1443293715977465
2025-03-08 14:28:20.268,-0.0002373057223792,1.4713487425641891
2025-03-08 14:28:20.288,-0.0001932319921677,1.8005123149109818
2025-03-08 14:28:20.308,-0.0001453621065459,2.112707079382113
2025-03-08 14:28:20.327,-0.0001004327347908,2.3832464791505488
2025-03-08 14:28:20.347,-6.452138464182328e-05,2.586079109882736
2025-03-08 14:28:20.366,-4.196458193987221e-05,2.698461543258993
2025-03-08 14:28:20.386,-3.4801778401726655e-05,2.70483524140905
2025-03-08 14:28:20.405,-4.2704980471348143e-05,2.599010594223526
2025-03-08 14:28:20.425,-6.325180925734706e-05,2.384375141367156
2025-03-08 14:28:20.444,-9.24139970125454e-05,2.0724594814746946
2025-03-08 14:28:20.464,-0.0001251786213661,1.6805895117291825
2025-03-08 14:28:20.483,-0.0001562275325678,1.2294274645247023
2025-03-08 14:28:20.503,-0.0001805893971562,0.7409996784966091
2025-03-08 14:28:20.522,-0.0001942001662062,0.237452421390636
2025-03-08 14:28:20.542,-0.0001943551052059,-0.2595889071815985
2025-03-08 14:28:20.561,-0.0001800458698247,-0.7294317113815506
2025-03-08 14:28:20.581,-0.0001521248097312,-1.1529258306779666
2025-03-08 14:28:20.601,-0.0001131940075741,-1.5135444208605429
2025-03-08 14:28:20.620,-6.71693043131726e-05,-1.7989221656803602
2025-03-08 14:28:20.640,-1.861477652772343e-05,-2.002530220655386
2025-03-08 14:28:20.659,2.794166300003625e-05,-2.124959153969225
2025-03-08 14:28:20.679,6.853626362443045e-05,-2.1742566485723884
2025-03-08 14:28:20.698,0.0001001308712349,-2.1649480572070594
2025-03-08 14:28:20.718,0.0001209354503177,-2.115701413204077
2025-03-08 14:28:20.737,0.0001307887829028,-2.0459786819320094
2025-03-08 14:28:20.757,0.0001315100271811,-1.972332173346448
2025-03-08 14:28:20.776,0.0001269614854103,-1.905176291547578
2025-03-08 14:28:20.796,0.0001225726847428,-1.846835527002972
2025-03-08 14:28:20.815,0.0001242845007396,-1.7914148554211342
2025-03-08 14:28:20.835,0.0001371362286959,-1.7265891498961674
2025-03-08 14:28:20.854,0.000163877318564,-1.6368792309420692
2025-03-08 14:28:20.874,0.0002039873862614,-1.5075578044044478
2025-03-08 14:28:20.894,0.0002533832394345,-1.3281788346729462
2025-03-08 14:28:20.913,0.0003049401036995,-1.0949048100243255
2025-03-08 14:28:20.933,0.0003497801553712,-0.8112264408499218
2025-03-08 14:28:20.952,0.0003790992907965,-0.4871497747820704
2025-03-08 14:28:20.972,0.0003861386345177,-0.137298334492107
2025-03-08 14:28:20.991,0.0003678045355795,0.2214470532084672
2025-03-08 14:28:21.011,0.00032547019997,0.5721724786091775
2025-03-08 14:28:21.030,0.0002646990506524,0.8995923868167128
2025-03-08 14:28:21.050,0.0001939536179408,1.1909679558952495
2025-03-08 14:28:21.069,0.000122652898639,1.4363451906918214
2025-03-08 14:28:21.089,5.910256696041313e-05,1.6283414966424905
2025-03-08 14:28:21.108,8.814001318941506e-06,1.761761111480978
2025-03-08 14:28:21.128,-2.64170864032289e-05,1.8332755583437923
2025-03-08 14:28:21.147,-4.8511174186858056e-05,1.841313764516287
2025-03-08 14:28:21.167,-6.22270328431302e-05,1.7862032169211384
2025-03-08 14:28:21.186,-7.362335778682218e-05,1.6705026288602636
2025-03-08 14:28:21.206,-8.823382151315109e-05,1.4993838684701952
2025-03-08 14:28:21.226,-0.0001094366233778,1.2808806926975074
2025-03-08 14:28:21.245,-0.0001374832785419,1.0258321288067758
2025-03-08 14:28:21.265,-0.0001694752160564,0.7473889775585184
2025-03-08 14:28:21.284,-0.0002002999149953,0.4600091941330402
2025-03-08 14:28:21.304,-0.0002242625133208,0.1779674030929948
2025-03-08 14:28:21.323,-0.0002369442396164,-0.0864248845328466
2025-03-08 14:28:21.343,-0.000236730146791,-0.324486447468569
2025-03-08 14:28:21.362,-0.0002255178813266,-0.5321945721888681
2025-03-08 14:28:21.382,-0.0002083539563138,-0.7101193424041089
2025-03-08 14:28:21.401,-0.0001920894830946,-0.8621010212845746
2025-03-08 14:28:21.421,-0.0001834948150073,-0.9929259244477756
2025-03-08 14:28:21.440,-0.0001874721390276,-1.1056335163410602
2025-03-08 14:28:21.460,-0.0002059390123134,-1.1992683968454163
2025-03-08 14:28:21.479,-0.0002376504208902,-1.2678038299031988
2025-03-08 14:28:21.499,-0.0002788473377328,-1.300641999012092
2025-03-08 14:28:21.519,-0.0003243490212481,-1.284650745357848
2025-03-08 14:28:21.538,-0.0003686448657084,-1.2072654756503791
2025-03-08 14:28:21.558,-0.0004066753507066,-1.0598910675264523
2025-03-08 14:28:21.577,-0.0004342137252415,-0.8407607476747976
2025-03-08 14:28:21.597,-0.0004479355745806,-0.5565618925570027
2025-03-08 14:28:21.616,-0.0004453143317304,-0.222463062670547
2025-03-08 14:28:21.636,-0.0004244402068235,0.1394411527791008
2025-03-08 14:28:21.655,-0.0003838258867561,0.5029236510624019
2025-03-08 14:28:21.675,-0.0003222814347724,0.8411063663006311
2025-03-08 14:28:21.694,-0.0002389661340831,1.1300071582750368
2025-03-08 14:28:21.714,-0.0001336928473345,1.351569879957567
2025-03-08 14:28:21.733,-7.465871017999594e-06,1.4957121512799514
2025-03-08 14:28:21.753,0.0001368825886497,1.5610864956775463
2025-03-08 14:28:21.772,0.0002941816723607,1.5544415954408886
2025-03-08 14:28:21.792,0.0004567808776702,1.4886855693728485
2025-03-08 14:28:21.812,0.0006149553063248,1.379979205790969
2025-03-08 14:28:21.831,0.0007579078453691,1.244397345611808
2025-03-08 14:28:21.851,0.0008752686505985,1.0948470286955512
2025-03-08 14:28:21.870,0.0009588199749533,0.9389572334954928
2025-03-08 14:28:21.890,0.0010040063841575,0.7784952838267971
2025-03-08 14:28:21.909,0.0010107305524663,0.6105105203371824
2025-03-08 14:28:21.929,0.0009830970289535,0.4299339614567738
2025-03-08 14:28:21.948,0.0009281391706001,0.2329180224369881
2025-03-08 14:28:21.968,0.0008539641323341,0.0199373597099844
2025-03-08 14:28:21.987,0.0007679478337227,-0.2023080742317348
2025-03-08 14:28:22.007,0.0006755238549291,-0.4208364595777534
2025-03-08 14:28:22.026,0.0005798422814178,-0.6183131994628023
2025-03-08 14:28:22.046,0.0004822737578592,-0.7765504901579571
2025-03-08 14:28:22.065,0.0003834760092807,-0.8807225603966914
2025-03-08 14:28:22.085,0.0002845683760748,-0.923229204769571
2025-03-08 14:28:22.104,0.0001879386244486,-0.9061979077469904
2025-03-08 14:28:22.124,9.736552747729948e-05,-0.8419197918730406
2025-03-08 14:28:22.144,1.7412129416146618e-05,-0.7509896670962651
2025-03-08 14:28:22.163,-4.76975544174707e-05,-0.6584547823967718
2025-03-08 14:28:22.183,-9.535090337021696e-05,-0.5887526598199645
2025-03-08 14:28:22.202,-0.0001255645467124,-0.5605311868311279
2025-03-08 14:28:22.222,-0.0001414071907226,-0.5825184568107171
2025-03-08 14:28:22.241,-0.0001486381923634,-0.6514165653066164
2025-03-08 14:28:22.261,-0.0001545896974291,-0.7523608147568988
2025-03-08 14:28:22.280,-0.0001665319291843,-0.8618996824851801
2025-03-08 14:28:22.300,-0.0001898880417489,-0.9528501676972084
2025-03-08 14:28:22.319,-0.0002266972803405,-0.9999312808164622
2025-03-08 14:28:22.339,-0.0002747159205056,-0.9849050692657332
2025-03-08 14:28:22.358,-0.0003275047573339,-0.9001029896906951
2025-03-08 14:28:22.378,-0.0003756917523239,-0.7496336785114909
2025-03-08 14:28:22.397,-0.0004092455476821,-0.5481339206926201
2025-03-08 14:28:22.417,-0.0004201597256309,-0.3174849355937582
2025-03-08 14:28:22.437,-0.0004047014055945,-0.082335305857037
2025-03-08 14:28:22.456,-0.0003645151634912,0.1345331382126282
2025-03-08 14:28:22.476,-0.0003063123075543,0.3160129983475195
2025-03-08 14:28:22.495,-0.0002403340861872,0.4529380518821043
2025-03-08 14:28:22.515,-0.0001780369061391,0.5444990553093042
2025-03-08 14:28:22.534,-0.0001295162056105,0.5969333416139007
2025-03-08 14:28:22.554,-0.0001012010844147,0.6209803011667083
2025-03-08 14:28:22.573,-9.436408043785744e-05,0.6288180356475555
2025-03-08 14:28:22.593,-0.0001048946965268,0.6312252980330241
2025-03-08 14:28:22.612,-0.0001244795759784,0.6355437639987148
2025-03-08 14:28:22.632,-0.0001428855754246,0.6447095292854539
2025-03-08 14:28:22.651,-0.0001506675620452,0.6572925020402027
2025-03-08 14:28:22.671,-0.0001415159875513,0.668249505693577
2025-03-08 14:28:22.690,-0.000113667838691,0.6700359045445171
2025-03-08 14:28:22.710,-7.019609183773776e-05,0.6538240048723181
2025-03-08 14:28:22.729,-1.8335238399408724e-05,0.6107615666042985
2025-03-08 14:28:22.749,3.186196371802362e-05,0.5333500406146993
2025-03-08 14:28:22.769,6.926506662628474e-05,0.4170235103744976
2025-03-08 14:28:22.788,8.356086650379949e-05,0.2618343168775693
2025-03-08 14:28:22.808,6.702798708577346e-05,0.0738853382924974
2025-03-08 14:28:22.827,1.5908912032229365e-05,-0.1340348405340494
2025-03-08 14:28:22.847,-6.880986983755e-05,-0.3431074670054886
2025-03-08 14:28:22.866,-0.000181268841384,-0.5306191477092093
2025-03-08 14:28:22.886,-0.0003112637736332,-0.6733301572885999
2025-03-08 14:28:22.905,-0.0004454568084947,-0.7514351256318749
2025-03-08 14:28:22.925,-0.0005692521780572,-0.7522594195054471
2025-03-08 14:28:22.944,-0.0006691196365295,-0.6728504905060814
2025-03-08 14:28:22.964,-0.0007348879629673,-0.5208566818266435
2025-03-08 14:28:22.983,-0.0007614140667961,-0.3134697291313892
2025-03-08 14:28:23.003,-0.0007491791023321,-0.0746394943587214
2025-03-08 14:28:23.022,-0.000703705508902,0.168866160741382
2025-03-08 14:28:23.042,-0.0006340444298057,0.3917796900454556
2025-03-08 14:28:23.062,-0.0005507906328175,0.5742373791588545
2025-03-08 14:28:23.081,-0.000464103913633,0.7046062388020538
2025-03-08 14:28:23.101,-0.0003821216503649,0.7807907249895771
2025-03-08 14:28:23.120,-0.0003100164941858,0.8098410569208976
2025-03-08 14:28:23.140,-0.0002498115656485,0.8059736489072494
2025-03-08 14:28:23.159,-0.0002009056567367,0.787390129328939
2025-03-08 14:28:23.179,-0.000161091419266,0.7724871093973698
2025-03-08 14:28:23.198,-0.0001277079880806,0.776136476936857
2025-03-08 14:28:23.218,-9.852072754515456e-05,0.806680955509523
2025-03-08 14:28:23.237,-7.203587175958765e-05,0.864157536075784
2025-03-08 14:28:23.257,-4.722757543388593e-05,0.9400492904001152
2025-03-08 14:28:23.276,-2.2937958423759445e-05,1.0185847058016928
2025-03-08 14:28:23.296,2.6566285164008043e-06,1.079298219227392
2025-03-08 14:28:23.315,3.218145579684263e-05,1.1003244302185933
2025-03-08 14:28:23.335,6.865550532610399e-05,1.0618021650929026
2025-03-08 14:28:23.355,0.0001146137522316,0.9488314238110476
2025-03-08 14:28:23.374,0.0001710227295479,0.7536077675318152
2025-03-08 14:28:23.394,0.0002363656568621,0.4765742538764164
2025-03-08 14:28:23.413,0.0003062780559884,0.126606641416081
2025-03-08 14:28:23.433,0.0003739947013915,-0.2796543222378513
2025-03-08 14:28:23.452,0.0004316330073966,-0.7191812638121065
2025-03-08 14:28:23.472,0.0004720380684161,-1.1645159243304577
2025-03-08 14:28:23.491,0.0004906595733259,-1.586184437739751
2025-03-08 14:28:23.511,0.0004868553753973,-1.9554468154789904
2025-03-08 14:28:23.530,0.0004641901688592,-2.2471956008488068
2025-03-08 14:28:23.550,0.0004296554444695,-2.44270670377841
2025-03-08 14:28:23.569,0.0003921075917489,-2.5318377007834942
2025-03-08 14:28:23.589,0.0003604326064052,-2.514248445665517
2025-03-08 14:28:23.608,0.0003419299199326,-2.399327833031661
2025-03-08 14:28:23.628,0.000341227306414,-2.204721101088033
2025-03-08 14:28:23.647,0.0003598174997038,-1.95359933956859
2025-03-08 14:28:23.667,0.0003961389844646,-1.6710433941513927
2025-03-08 14:28:23.687,0.0004460417587873,-1.3801037824146984
2025-03-08 14:28:23.706,0.0005034745355428,-1.0982291290168056
2025-03-08 14:28:23.726,0.0005612730624392,-0.834782459289193
2025-03-08 14:28:23.745,0.0006119838390586,-0.590220968253049
2025-03-08 14:28:23.765,0.0006486924831783,-0.3571791619426848
2025-03-08 14:28:23.784,0.0006658246214825,-0.1232478184705532
2025-03-08 14:28:23.804,0.0006598519767058,0.1251653182397322
2025-03-08 14:28:23.823,0.0006297889162278,0.3987426888367889
2025-03-08 14:28:23.843,0.0005773405166929,0.7018025646785775
2025-03-08 14:28:23.862,0.0005065990125047,1.0301890993646594
2025-03-08 14:28:23.882,0.000423294346285,1.3709165605819225
2025-03-08 14:28:23.901,0.0003337488487355,1.703610067058449
2025-03-08 14:28:23.921,0.0002437922669671,2.003415608567643
2025-03-08 14:28:23.940,0.0001579110913087,2.2447583815530088
2025-03-08 14:28:23.960,7.883574721745124e-05,2.4051820574517
2025-03-08 14:28:23.980,7.635399176316497e-06,2.4685422797245957
2025-03-08 14:28:23.999,-5.576514694314281e-05,2.427040974143013
2025-03-08 14:28:24.019,-0.000111844389813,2.281901799676098
2025-03-08 14:28:24.038,-0.0001607494270909,2.0427939994087745
2025-03-08 14:28:24.058,-0.000201779037276,1.726313322714604
2025-03-08 14:28:24.077,-0.0002332597732177,1.3538809493581456
2025-03-08 14:28:24.097,-0.0002529132941722,0.9493568140003692
2025-03-08 14:28:24.116,-0.0002586593402305,0.5365696271756203
2025-03-08 14:28:24.136,-0.0002496086978705,0.1369298886669752
2025-03-08 14:28:24.155,-0.000226885506371,-0.2326577293531217
2025-03-08 14:28:24.175,-0.0001939566351996,-0.5612851922515101
2025-03-08 14:28:24.194,-0.0001563127462214,-0.8446203184689981
2025-03-08 14:28:24.214,-0.0001205528099101,-1.0843628481032783
2025-03-08 14:28:24.233,-9.30966350904003e-05,-1.2865728940490255
2025-03-08 14:28:24.253,-7.885258544927463e-05,-1.4591174800877027
2025-03-08 14:28:24.273,-8.018653878927519e-05,-1.60871236018066
2025-03-08 14:28:24.292,-9.646806646893828e-05,-1.7381959505023457
2025-03-08 14:28:24.312,-0.0001243151004694,-1.84470617007129
2025-03-08 14:28:24.331,-0.0001584491558389,-1.9192946197713607
2025-03-08 14:28:24.351,-0.0001928838568819,-1.9482041269604389
2025-03-08 14:28:24.370,-0.0002220944866126,-1.9156234342836425
2025-03-08 14:28:24.390,-0.0002418929405028,-1.807341545026702
2025-03-08 14:28:24.409,-0.0002498970815105,-1.6144797435908067
2025-03-08 14:28:24.429,-0.0002456252477886,-1.3364497774073814
2025-03-08 14:28:24.448,-0.0002302951106263,-0.9824646982284057
2025-03-08 14:28:24.468,-0.0002063718741213,-0.5712558572890295
2025-03-08 14:28:24.487,-0.000176877074915,-0.1290487887372848
2025-03-08 14:28:24.507,-0.0001445276283974,0.3137631717611288
2025-03-08 14:28:24.526,-0.0001109179809456,0.7265373591690376
2025-03-08 14:28:24.546,-7.605403144119634e-05,1.0821235174242632
2025-03-08 14:28:24.565,-3.847043342894948e-05,1.3598409629149737
2025-03-08 14:28:24.585,4.065297768835575e-06,1.5474263782013995
2025-03-08 14:28:24.605,5.349090041887023e-05,1.6419723085390745
2025-03-08 14:28:24.624,0.0001103671823026,1.649986087657934
2025-03-08 14:28:24.644,0.0001730881353664,1.5866362343348197
2025-03-08 14:28:24.663,0.0002376077707241,1.4741385346475055
2025-03-08 14:28:24.683,0.0002977980533746,1.3391978660381232
2025-03-08 14:28:24.702,0.0003464043573258,1.2095251900085702
2025-03-08 14:28:24.722,0.0003763755020203,1.1096781332532024
2025-03-08 14:28:24.741,0.0003821834539237,1.0567627643237183
2025-03-08 14:28:24.761,0.0003607242148347,1.0567781990124203
2025-03-08 14:28:24.780,0.0003115617429992,1.102467099940445
2025-03-08 14:28:24.800,0.0002365717324582,1.1733823719487635
2025-03-08 14:28:24.819,0.0001392988239904,1.2385058316381865
2025-03-08 14:28:24.839,2.4408856010789864e-05,1.2612388712630112
2025-03-08 14:28:24.858,-0.0001025375870923,1.206040265349123
2025-03-08 14:28:24.878,-0.0002350382351907,1.0455368091633914
2025-03-08 14:28:24.898,-0.0003656037433829,0.7666994432143883
2025-03-08 14:28:24.917,-0.0004860452233555,0.374745444887512
2025-03-08 14:28:24.937,-0.0005882859138519,-0.1061874191342288
2025-03-08 14:28:24.956,-0.0006656295592858,-0.6359098652226686
2025-03-08 14:28:24.976,-0.0007141799604069,-1.1641548331333005
2025-03-08 14:28:24.995,-0.000733996275907,-1.6385349656562402
2025-03-08 14:28:25.015,-0.0007296021937154,-2.0129232006433506
2025-03-08 14:28:25.034,-0.0007096020453777,-2.2546060066656315
2025-03-08 14:28:25.054,-0.000685358232136,-2.348841218575593
2025-03-08 14:28:25.073,-0.0006689245124989,-2.300044721138504
2025-03-08 14:28:25.093,-0.0006706469796793,-2.129587136836045
2025-03-08 14:28:25.112,-0.0006969480430187,-1.8708984839091265
2025-03-08 14:28:25.132,-0.0007487514201085,-1.563056602916029
2025-03-08 14:28:25.151,-0.0008208326612992,-1.2441691076003472
2025-03-08 14:28:25.171,-0.0009021799956089,-0.9456855614231304
2025-03-08 14:28:25.191,-0.0009772850140316,-0.6884334181985099
2025-03-08 14:28:25.210,-0.0010281657768793,-0.4807961119791026
2025-03-08 14:28:25.230,-0.0010368507891677,-0.3191136860013204
2025-03-08 14:28:25.249,-0.0009880182633673,-0.1900880299079199
2025-03-08 14:28:25.269,-0.0008714881429469,-0.0746988607280201
2025-03-08 14:28:25.288,-0.0006842832591577,0.0471091222985599
2025-03-08 14:28:25.308,-0.0004319761313345,0.1918709323858123
2025-03-08 14:28:25.327,-0.0001290145081822,0.3690820476970469
2025-03-08 14:28:25.347,0.0002022702473723,0.5794014451112288
2025-03-08 14:28:25.366,0.0005341280790922,0.814849150013811
2025-03-08 14:28:25.386,0.0008371593238396,1.0607753927562442
2025-03-08 14:28:25.405,0.0010847673612038,1.2989573289388894
2025-03-08 14:28:25.425,0.0012572965973665,1.5109566716435725
2025-03-08 14:28:25.444,0.0013448027980706,1.6808999291836917
2025-03-08 14:28:25.464,0.0013477865670334,1.797095664684022
2025-03-08 14:28:25.483,0.0012758969488831,1.85229179291812
2025-03-08 14:28:25.503,0.0011452364479921,1.8427895023154264
2025-03-08 14:28:25.523,0.0009751679480647,1.7669725302508796
2025-03-08 14:28:25.542,0.0007853964991403,1.6239981802230663
2025-03-08 14:28:25.562,0.000593778900035,1.4133476164797525
2025-03-08 14:28:25.581,0.0004150167943887,1.1356059251754935
2025-03-08 14:28:25.601,0.0002601728019159,0.7943086282921173
2025-03-08 14:28:25.620,0.0001367860637047,0.3981492047362892
2025-03-08 14:28:25.640,4.927193511535988e-05,-0.0374641607765407
2025-03-08 14:28:25.659,-6.760956541454791e-07,-0.4904177122237733
2025-03-08 14:28:25.679,-1.3812896890007776e-05,-0.9338850175541468
2025-03-08 14:28:25.698,6.846900386808447e-06,-1.340008379554805
2025-03-08 14:28:25.718,5.626474775758844e-05,-1.684329266765479
2025-03-08 14:28:25.737,0.0001277664177376,-1.9497063413365971
2025-03-08 14:28:25.757,0.0002135967413386,-2.1285798187059197
2025-03-08 14:28:25.776,0.0003055693056995,-2.22295853263704
2025-03-08 14:28:25.796,0.0003957091910069,-2.2422394649153663
2025-03-08 14:28:25.816,0.0004768283592438,-2.199657320099185
2025-03-08 14:28:25.835,0.0005430433398577,-2.108546749605666
2025-03-08 14:28:25.855,0.0005902588289432,-1.9795345089925211
2025-03-08 14:28:25.874,0.0006165644429025,-1.819306774061836
2025-03-08 14:28:25.894,0.0006223954278563,-1.630943812418969
2025-03-08 14:28:25.913,0.0006102988423224,-1.415274761659864
2025-03-08 14:28:25.933,0.00058425842931,-1.1724921020870704
2025-03-08 14:28:25.952,0.0005486994609635,-0.9034135985415312
2025-03-08 14:28:25.972,0.0005074250725066,-0.6101490831830785
2025-03-08 14:28:25.991,0.00046277401063,-0.296291179423739
2025-03-08 14:28:26.011,0.0004152340243696,0.0330882786906442
2025-03-08 14:28:26.030,0.000363621583837,0.3714359839917932
2025-03-08 14:28:26.050,0.0003057833698953,0.7107187658072394
2025-03-08 14:28:26.069,0.000239626531868,1.0415952096350636
2025-03-08 14:28:26.089,0.0001641797253614,1.3539088657841876
2025-03-08 14:28:26.108,8.035619391698345e-05,1.6374850810428396
2025-03-08 14:28:26.128,-8.845794408675782e-06,1.883015230529456
2025-03-08 14:28:26.148,-9.8808002023024e-05,2.082730288083175
2025-03-08 14:28:26.167,-0.0001842978644922,2.2306616394007217
2025-03-08 14:28:26.187,-0.0002606800810848,2.32249733943151
2025-03-08 14:28:26.206,-0.0003249162728226,2.3552331644426245
2025-03-08 14:28:26.226,-0.0003760294433486,2.326888263575565
2025-03-08 14:28:26.245,-0.0004149275534054,2.236494163614493
2025-03-08 14:28:26.265,-0.0004437096781764,2.084431678742378
2025-03-08 14:28:26.284,-0.0004647333311402,1.8730517019941657
2025-03-08 14:28:26.304,-0.0004797705764922,1.6074129618423834
2025-03-08 14:28:26.323,-0.0004895280263993,1.2959101796563777
2025-03-08 14:28:26.343,-0.0004936752106006,0.9505436116005236
2025-03-08 14:28:26.362,-0.0004913516009232,0.5866003273675153
2025-03-08 14:28:26.382,-0.0004819477613762,0.221603440944825
2025-03-08 14:28:26.401,-0.0004658373654144,-0.1264407634217245
2025-03-08 14:28:26.421,-0.0004447407902856,-0.4412310002721095
2025-03-08 14:28:26.441,-0.0004215573594949,-0.7103118747199726
2025-03-08 14:28:26.460,-0.0003997470608422,-0.9265931956467878
2025-03-08 14:28:26.480,-0.0003825368038665,-1.0887713919751585
2025-03-08 14:28:26.499,-0.0003722616321305,-1.2004654497066989
2025-03-08 14:28:26.519,-0.0003700232160005,-1.2682868033708596
2025-03-08 14:28:26.538,-0.0003756564710822,-1.299440846690724
2025-03-08 14:28:26.558,-0.0003878676306715,-1.2996322683785184
2025-03-08 14:28:26.577,-0.0004043996287116,-1.2719208915481175
2025-03-08 14:28:26.597,-0.0004221573141922,-1.2168095550098932
2025-03-08 14:28:26.616,-0.0004373186542878,-1.133417790167162
2025-03-08 14:28:26.636,-0.0004455202116031,-1.021273885502623
2025-03-08 14:28:26.655,-0.0004422118787736,-0.8821179004725554
2025-03-08 14:28:26.675,-0.0004232224329925,-0.7211397375141075
2025-03-08 14:28:26.694,-0.0003854776670611,-0.5472413158528799
2025-03-08 14:28:26.714,-0.0003276999509943,-0.3721697748725311
2025-03-08 14:28:26.734,-0.0002508499787743,-0.2086692180202111
2025-03-08 14:28:26.753,-0.0001581207649796,-0.0680763626637033
2025-03-08 14:28:26.773,-5.448259335152224e-05,0.0420304301103053
2025-03-08 14:28:26.792,5.3998744510085466e-05,0.1194881069367729
2025-03-08 14:28:26.812,0.0001607650151348,0.1680154767025616
2025-03-08 14:28:26.831,0.0002591141898486,0.1962775752980536
2025-03-08 14:28:26.851,0.0003423553974729,0.2156811108648383
2025-03-08 14:28:26.870,0.0004040012042574,0.237357861380407
2025-03-08 14:28:26.890,0.0004382284371249,0.2690332875189615
2025-03-08 14:28:26.909,0.0004406785777153,0.3125782032678231
2025-03-08 14:28:26.929,0.0004094551021021,0.3629459993469404
2025-03-08 14:28:26.948,0.0003460439340184,0.4088855831361774
2025-03-08 14:28:26.968,0.0002558855033236,0.4353451187282745
2025-03-08 14:28:26.987,0.0001483917932774,0.426980392627292
2025-03-08 14:28:27.007,3.625014438026109e-05,0.3718351170683151
2025-03-08 14:28:27.026,-6.608614805284599e-05,0.2642144298630093
2025-03-08 14:28:27.046,-0.0001446608796437,0.1060524059816372
2025-03-08 14:28:27.066,-0.000188681030024,-0.0934393388849859
2025-03-08 14:28:27.085,-0.0001929195790558,-0.3195573777059348
2025-03-08 14:28:27.105,-0.0001590598462802,-0.5547025219526345
2025-03-08 14:28:27.124,-9.541087816060848e-05,-0.781061572703429
2025-03-08 14:28:27.144,-1.4955875140702435e-05,-0.9827742392768372
2025-03-08 14:28:27.163,6.772303644713e-05,-1.1472493569992102
2025-03-08 14:28:27.183,0.0001397534164443,-1.2655886487534311
2025-03-08 14:28:27.202,0.0001926304966136,-1.3323099863427112
2025-03-08 14:28:27.222,0.0002236160522066,-1.3446928417035309
2025-03-08 14:28:27.241,0.0002356393650478,-1.302092501856796
2025-03-08 14:28:27.261,0.0002358115223974,-1.2055006494530098
2025-03-08 14:28:27.280,0.0002329768785608,-1.0574929153927208
2025-03-08 14:28:27.300,0.0002349774074566,-0.8625386722972006
2025-03-08 14:28:27.319,0.0002463995056548,-0.6275038187554967
2025-03-08 14:28:27.339,0.000267411825356,-0.3620916504800149
2025-03-08 14:28:27.359,0.0002939216660317,-0.0789502864489666
2025-03-08 14:28:27.378,0.0003188577604585,0.2067825050194633
2025-03-08 14:28:27.398,0.0003341127455966,0.4786313429537911
2025-03-08 14:28:27.417,0.0003326010140579,0.7206147866250574
2025-03-08 14:28:27.437,0.0003099497128698,0.9195384790459712
2025-03-08 14:28:27.456,0.000265475909588,1.067324421480554
2025-03-08 14:28:27.476,0.0002022799197178,1.1628031088963633
2025-03-08 14:28:27.495,0.0001264913413117,1.2123723803297792
2025-03-08 14:28:27.515,4.59158548477895e-05,1.2290769461116888
2025-03-08 14:28:27.534,-3.151474339646909e-05,1.2299985351009195
2025-03-08 14:28:27.554,-9.906883434871972e-05,1.232314487505412
2025-03-08 14:28:27.573,-0.000152038519938,1.2488504772716504
2025-03-08 14:28:27.593,-0.000188006525494,1.2842512964173534
2025-03-08 14:28:27.612,-0.0002066925547241,1.3328865615635026
2025-03-08 14:28:27.632,-0.0002095919667834,1.3792534136322343
2025-03-08 14:28:27.652,-0.0001995757745686,1.4010075787633696
2025-03-08 14:28:27.671,-0.0001805085893389,1.3740158846123358
2025-03-08 14:28:27.691,-0.0001568487766902,1.2781999709538985
2025-03-08 14:28:27.710,-0.0001331894725325,1.1026484222127515
2025-03-08 14:28:27.730,-0.0001137614124276,0.8486446176523672
2025-03-08 14:28:27.749,-0.0001019699245878,0.5298660008914609
2025-03-08 14:28:27.769,-0.0001000351658455,0.1698568624978856
2025-03-08 14:28:27.788,-0.0001087698042307,-0.2023494831571544
2025-03-08 14:28:27.808,-0.0001274993902829,-0.5571656279644914
2025-03-08 14:28:27.827,-0.0001541188041031,-0.8687078511567325
2025-03-08 14:28:27.847,-0.0001852732879939,-1.117588565675644
2025-03-08 14:28:27.866,-0.0002166418445882,-1.2920538412601683
2025-03-08 14:28:27.886,-0.0002432879250563,-1.3877754598438417
2025-03-08 14:28:27.905,-0.0002600544714135,-1.4068451140799048
2025-03-08 14:28:27.925,-0.0002620299660191,-1.356473870284349
2025-03-08 14:28:27.944,-0.0002451477550291,-1.2476777634757743
2025-03-08 14:28:27.964,-0.0002069247455776,-1.093995413970838
2025-03-08 14:28:27.984,-0.0001472010109198,-0.9101645528392038
2025-03-08 14:28:28.003,-6.862103977243974e-05,-0.7107084285376775
2025-03-08 14:28:28.023,2.33853284379763e-05,-0.5084907282269653
2025-03-08 14:28:28.042,0.000121203709543,-0.3134077247669344
2025-03-08 14:28:28.062,0.0002160904228806,-0.1314446481351302
2025-03-08 14:28:28.081,0.0002994072497313,0.0356886872023303
2025-03-08 14:28:28.101,0.0003637397669404,0.1902052069219504
2025-03-08 14:28:28.120,0.0004037064936068,0.3371580291591871
2025-03-08 14:28:28.140,0.0004164199573998,0.4827623325318271
2025-03-08 14:28:28.159,0.0004016700805505,0.6323966167877749
2025-03-08 14:28:28.179,0.0003619166861353,0.7886637444398588
2025-03-08 14:28:28.198,0.0003021181443229,0.9499298193523672
2025-03-08 14:28:28.218,0.000229341651325,1.1096991241684149
2025-03-08 14:28:28.237,0.0001520597159763,1.257022642617751
2025-03-08 14:28:28.257,7.908441913035341e-05,1.37791540079229
2025-03-08 14:28:28.277,1.8230012467048488e-05,1.4575406268358229
2025-03-08 14:28:28.296,-2.5037868213231775e-05,1.4827624720161112
2025-03-08 14:28:28.316,-4.861749801444839e-05,1.4445885920282853
2025-03-08 14:28:28.335,-5.41533737326795e-05,1.34000187704056
2025-03-08 14:28:28.355,-4.665095894475254e-05,1.1727169921597345
2025-03-08 14:28:28.374,-3.338021285989816e-05,0.9525434184580284
2025-03-08 14:28:28.394,-2.2280741013710814e-05,0.693347567489261
2025-03-08 14:28:28.413,-2.01826994913873e-05,0.4100405882427956
2025-03-08 14:28:28.433,-3.1202868073635574e-05,0.1154050717666408
2025-03-08 14:28:28.452,-5.566506515270931e-05,-0.1822861046243548
2025-03-08 14:28:28.472,-8.982539782133588e-05,-0.4801016132284526
2025-03-08 14:28:28.491,-0.0001265517110051,-0.7794460467462454
2025-03-08 14:28:28.511,-0.0001569136563642,-1.0835107999637563
2025-03-08 14:28:28.530,-0.0001724003199505,-1.3939823775257258
2025-03-08 14:28:28.550,-0.0001672453030219,-1.708069211985993
2025-03-08 14:28:28.569,-0.0001402035660951,-2.016815474466523
2025-03-08 14:28:28.589,-9.520510339328256e-05,-2.3052412456117213
2025-03-08 14:28:28.609,-4.063711977952411e-05,-2.554241016980316
2025-03-08 14:28:28.628,1.2547740643594468e-05,-2.7436275062331124
2025-03-08 14:28:28.648,5.334529118219069e-05,-2.855427282702564
2025-03-08 14:28:28.667,7.315767753728915e-05,-2.8765835383138603
2025-03-08 14:28:28.687,6.760677608999745e-05,-2.8005242709656346
2025-03-08 14:28:28.706,3.732714801048265e-05,-2.62746756907775
2025-03-08 14:28:28.726,-1.2380392195811784e-05,-2.3637144823489717
2025-03-08 14:28:28.745,-7.288938540616525e-05,-2.020408538530867
2025-03-08 14:28:28.765,-0.0001341972558185,-1.6122547438420145
2025-03-08 14:28:28.784,-0.0001869449357815,-1.1565014546115513
2025-03-08 14:28:28.804,-0.0002239785453239,-0.6721927486975555
2025-03-08 14:28:28.823,-0.0002411206416296,-0.1794503688887884
2025-03-08 14:28:28.843,-0.0002371196421983,0.3015173206534017
2025-03-08 14:28:28.862,-0.0002130247626761,0.7518146249479782
2025-03-08 14:28:28.882,-0.0001713864773282,1.155500971738683
2025-03-08 14:28:28.902,-0.0001156541410567,1.5010647353532751
2025-03-08 14:28:28.921,-4.994736168284586e-05,1.7822844132209048
2025-03-08 14:28:28.941,2.0875961039799295e-05,1.9982399671748945
2025-03-08 14:28:28.960,9.110363963943174e-05,2.152550984168411
2025-03-08 14:28:28.980,0.000154284637782,2.252147214409989
2025-03-08 14:28:28.999,0.0002037718184884,2.305911013872317
2025-03-08 14:28:29.019,0.0002337159391352,2.323406578103944
2025-03-08 14:28:29.038,0.0002403040469102,2.313750007135563
2025-03-08 14:28:29.058,0.0002228455709395,2.2845803075575573
2025-03-08 14:28:29.077,0.0001842827630344,2.2410975299814875
2025-03-08 14:28:29.097,0.0001308698109169,2.185216652180213
2025-03-08 14:28:29.116,7.104852093916667e-05,2.114992491995515
2025-03-08 14:28:29.136,1.3819031204816728e-05,2.0245418408596216
2025-03-08 14:28:29.155,-3.295754413020879e-05,1.904674904281544
2025-03-08 14:28:29.175,-6.392651056786354e-05,1.7443291547576945
2025-03-08 14:28:29.195,-7.703591302131709e-05,1.5326940793692294
2025-03-08 14:28:29.214,-7.36881302354115e-05,1.2616809415886785
2025-03-08 14:28:29.234,-5.8281235349665605e-05,0.9282116587405068
2025-03-08 14:28:29.253,-3.722685608119336e-05,0.5357677835801894
2025-03-08 14:28:29.273,-1.7583192089297008e-05,0.0948077322280446
2025-03-08 14:28:29.292,-5.534737392551199e-06,-0.3780142981661112
2025-03-08 14:28:29.312,-5.0460191316086615e-06,-0.8615506507934246
2025-03-08 14:28:29.331,-1.7024986178818185e-05,-1.332303222390193
2025-03-08 14:28:29.351,-3.9210061695444894e-05,-1.7665379822809155
2025-03-08 14:28:29.370,-6.679333339099532e-05,-2.14207807967449
2025-03-08 14:28:29.390,-9.360461686491084e-05,-2.439697180203878
2025-03-08 14:28:29.409,-0.0001135654592815,-2.644174018727106
2025-03-08 14:28:29.429,-0.0001220670051049,-2.7450940430631867
2025-03-08 14:28:29.448,-0.0001169108847233,-2.737427080896759
2025-03-08 14:28:29.468,-9.852370180936144e-05,-2.621832230330098
2025-03-08 14:28:29.487,-6.937230808504912e-05,-2.404594747160856
2025-03-08 14:28:29.507,-3.282334588642072e-05,-2.0971149083045098
2025-03-08 14:28:29.527,8.053579715799444e-06,-1.7149489491308747
2025-03-08 14:28:29.546,5.1208544826060665e-05,-1.2765177979092983
2025-03-08 14:28:29.566,9.556951062598208e-05,-0.801697264761289
2025-03-08 14:28:29.585,0.0001403411886731,-0.310531656316823
2025-03-08 14:28:29.605,0.0001840803048085,0.177753512823404
2025-03-08 14:28:29.624,0.0002240627432623,0.6454036845988452
2025-03-08 14:28:29.644,0.0002562670690959,1.0765596614676725
2025-03-08 14:28:29.663,0.0002759922964434,1.4576257421470789
2025-03-08 14:28:29.683,0.0002788879778137,1.7776988173075756
2025-03-08 14:28:29.702,0.0002620714930253,2.0290382437686088
2025-03-08 14:28:29.722,0.0002250118895839,2.207423639237454
2025-03-08 14:28:29.741,0.0001699345688219,2.3122039121115763
2025-03-08 14:28:29.761,0.0001016344858331,2.345912344116916
2025-03-08 14:28:29.780,2.67592893059326e-05,2.3134656280258734
2025-03-08 14:28:29.800,-4.7220822869741874e-05,2.221104716259971
2025-03-08 14:28:29.820,-0.0001130838491565,2.0753183772245896
2025-03-08 14:28:29.839,-0.0001647668126864,1.882001157505839
2025-03-08 14:28:29.859,-0.0001980501740241,1.646041960551716
2025-03-08 14:28:29.878,-0.000211038957329,1.371428566079874
2025-03-08 14:28:29.898,-0.0002044497490943,1.061809264522396
2025-03-08 14:28:29.917,-0.000181622072458,0.7213186725887836
2025-03-08 14:28:29.937,-0.0001481067143797,0.3553995613159746
2025-03-08 14:28:29.956,-0.0001107502921532,-0.0286383113481175
2025-03-08 14:28:29.976,-7.639697418578462e-05,-0.4214949009071125
2025-03-08 14:28:29.995,-5.053114510467024e-05,-0.8122320610309646
2025-03-08 14:28:30.015,-3.624531835135845e-05,-1.1890072987449996
2025-03-08 14:28:30.034,-3.381183913883251e-05,-1.5400034223216217
2025-03-08 14:28:30.054,-4.094033419883538e-05,-1.854343405682788
2025-03-08 14:28:30.073,-5.35976926462908e-05,-2.122819214720146
2025-03-08 14:28:30.093,-6.711262497347223e-05,-2.338339083433788
2025-03-08 14:28:30.113,-7.723369971119464e-05,-2.4960707249461644
2025-03-08 14:28:30.132,-8.087863656923512e-05,-2.5933077595207776
2025-03-08 14:28:30.152,-7.645828933390686e-05,-2.629124407129222
2025-03-08 14:28:30.171,-6.380870249179032e-05,-2.6039246687837925
2025-03-08 14:28:30.191,-4.387809919598202e-05,-2.5190274706685463
2025-03-08 14:28:30.210,-1.836425198125247e-05,-2.3764365741747686
2025-03-08 14:28:30.230,1.0553949851999464e-05,-2.178913106537599
2025-03-08 14:28:30.249,4.037964000001461e-05,-1.9303940711041288
2025-03-08 14:28:30.269,6.845673243269144e-05,-1.6366705333523155
2025-03-08 14:28:30.288,9.222500173473706e-05,-1.3060634334612553
2025-03-08 14:28:30.308,0.0001095773623195,-0.949683746979141
2025-03-08 14:28:30.327,0.0001192308100569,-0.5808596322049453
2025-03-08 14:28:30.347,0.0001209908070889,-0.2135499079075586
2025-03-08 14:28:30.366,0.0001158109070029,0.1399951869704912
2025-03-08 14:28:30.386,0.0001055942452066,0.4716113851747329
2025-03-08 14:28:30.405,9.273788686065328e-05,0.7787106022853166
2025-03-08 14:28:30.425,7.948472828949703e-05,1.0641486994606544
2025-03-08 14:28:30.445,6.721992442249844e-05,1.3342829133541911
2025-03-08 14:28:30.464,5.592044527106072e-05,1.5957082591223153
2025-03-08 14:28:30.484,4.400592564088048e-05,1.8516760158940075
2025-03-08 14:28:30.503,2.8782638138815736e-05,2.0993345298720887
2025-03-08 14:28:30.523,7.467730795682364e-06,2.328654647274885
2025-03-08 14:28:30.542,-2.1516960390063773e-05,2.5233462902153563
2025-03-08 14:28:30.562,-5.7502990522424905e-05,2.663469075256245
2025-03-08 14:28:30.581,-9.726524545759804e-05,2.7289995593706045
2025-03-08 14:28:30.601,-0.0001356300741939,2.7034526578208835
2025-03-08 14:28:30.620,-0.0001668044432172,2.576762165188598
2025-03-08 14:28:30.640,-0.0001859541517021,2.346923781858117
2025-03-08 14:28:30.659,-0.000190500863653,2.0202796326229637
2025-03-08 14:28:30.679,-0.0001807420115566,1.6106593694424465
2025-03-08 14:28:30.698,-0.0001596294496594,1.137795846038387
2025-03-08 14:28:30.718,-0.0001317893361038,0.6254613263566109
2025-03-08 14:28:30.738,-0.0001020807199652,0.0996475994640926
2025-03-08 14:28:30.757,-7.413601906353594e-05,-0.4130836885728837
2025-03-08 14:28:30.777,-4.935343095316614e-05,-0.8871294212334653
2025-03-08 14:28:30.796,-2.6684479629338376e-05,-1.2993731549076974
2025-03-08 14:28:30.816,-3.3058060402004237e-06,-1.6307709323881234
2025-03-08 14:28:30.835,2.4031874680419915e-05,-1.867893831490792
2025-03-08 14:28:30.855,5.742847139913133e-05,-2.004170252005905
2025-03-08 14:28:30.874,9.659667187430296e-05,-2.040519492545984
2025-03-08 14:28:30.894,0.0001384439089471,-1.9851594034505256
2025-03-08 14:28:30.913,0.00017766959652,-1.8525535065284395
2025-03-08 14:28:30.933,0.0002081836651372,-1.6616378589637713
2025-03-08 14:28:30.952,0.0002248466810527,-1.4335656073506255
2025-03-08 14:28:30.972,0.000224944550257,-1.1892323619470386
2025-03-08 14:28:30.991,0.000208939743015,-0.94685090769434
2025-03-08 14:28:31.011,0.0001802972383332,-0.7198682325864675
2025-03-08 14:28:31.030,0.0001444789656959,-0.5155518224462265
2025-03-08 14:28:31.050,0.0001074645372874,-0.3345665952017718
2025-03-08 14:28:31.070,7.430344447416002e-05,-0.1717604668833812
2025-03-08 14:28:31.089,4.81500661512738e-05,-0.0181463210510724
2025-03-08 14:28:31.109,2.9981341220491095e-05,0.1362522951192652
2025-03-08 14:28:31.128,1.889448835037359e-05,0.2993268815635257
2025-03-08 14:28:31.148,1.2721832462907209e-05,0.4743650743998606
2025-03-08 14:28:31.167,8.740232457624224e-06,0.6587754360079611
2025-03-08 14:28:31.187,4.370474907457596e-06,0.8444092429804415
2025-03-08 14:28:31.206,-2.193759610527105e-06,1.0193617685319645
2025-03-08 14:28:31.226,-1.1534397432758588e-05,1.170692764528252
2025-03-08 14:28:31.245,-2.287549512854004e-05,1.2872503855511417
2025-03-08 14:28:31.265,-3.434216169321598e-05,1.3617989942144246
2025-03-08 14:28:31.284,-4.354786558191575e-05,1.391914036428319
2025-03-08 14:28:31.304,-4.8334143319321534e-05,1.3795081682567965
2025-03-08 14:28:31.323,-4.745934599673563e-05,1.329258739054228
2025-03-08 14:28:31.343,-4.107214586346773e-05,1.246505945386236
2025-03-08 14:28:31.363,-3.086948011940753e-05,1.1353163338652452
2025-03-08 14:28:31.382,-1.990487640523624e-05,0.9973402038050424
2025-03-08 14:28:31.402,-1.207575682239928e-05,0.8318555708283774
2025-03-08 14:28:31.421,-1.1375337961518609e-05,0.6370354687814116
2025-03-08 14:28:31.441,-2.1042567653746124e-05,0.4120835847191405
2025-03-08 14:28:31.460,-4.277513797204482e-05,0.1595783528208904
2025-03-08 14:28:31.480,-7.617530066500987e-05,-0.1127317213714714
2025-03-08 14:28:31.499,-0.0001185636347092,-0.3912855804050575
2025-03-08 14:28:31.519,-0.0001652148858791,-0.6574925415909334
2025-03-08 14:28:31.538,-0.000209958930873,-0.8898462702900202
2025-03-08 14:28:31.558,-0.000246005817184,-1.0669952367262352
2025-03-08 14:28:31.577,-0.0002668576009109,-1.1712367606855596
2025-03-08 14:28:31.597,-0.0002672376816588,-1.1918260429853622
2025-03-08 14:28:31.616,-0.0002439887951954,-1.127464206233541
2025-03-08 14:28:31.636,-0.000196810348332,-0.9873816661305554
2025-03-08 14:28:31.656,-0.0001286248077338,-0.7906334857154408
2025-03-08 14:28:31.675,-4.541079049883904e-05,-0.5635903742757946
2025-03-08 14:28:31.695,4.449637081117724e-05,-0.3360557699311732
2025-03-08 14:28:31.714,0.0001314907900082,-0.1368009433321123
2025-03-08 14:28:31.734,0.0002059848295742,0.010562964352753
2025-03-08 14:28:31.753,0.0002597472644089,0.0906072683466388
2025-03-08 14:28:31.773,0.0002871449598302,0.0975799588861478
2025-03-08 14:28:31.792,0.0002860917236991,0.0353467017363756
2025-03-08 14:28:31.812,0.000258464590503,-0.0839308901172035
2025-03-08 14:28:31.831,0.0002098119322412,-0.2419339485605544
2025-03-08 14:28:31.851,0.0001483635047331,-0.4167110729499114
2025-03-08 14:28:31.870,8.355026038345756e-05,-0.585284255977231
2025-03-08 14:28:31.890,2.4336424570899304e-05,-0.7261681777893864
2025-03-08 14:28:31.909,-2.234300440354653e-05,-0.8216974107640397
2025-03-08 14:28:31.929,-5.277930253009717e-05,-0.8600234028243656
2025-03-08 14:28:31.948,-6.70728419145511e-05,-0.8365637017782095
2025-03-08 14:28:31.968,-6.888852358003493e-05,-0.7546372745072267
2025-03-08 14:28:31.988,-6.432124023286197e-05,-0.625063354943649
2025-03-08 14:28:32.007,-6.009330122207416e-05,-0.4646524971416667
2025-03-08 14:28:32.027,-6.159785749595532e-05,-0.293735905704838
2025-03-08 14:28:32.046,-7.140694073209491e-05,-0.1330861375717214
2025-03-08 14:28:32.066,-8.869115545997421e-05,-0.0007178213150748
2025-03-08 14:28:32.085,-0.0001096565241715,0.0908953269223645
2025-03-08 14:28:32.105,-0.0001287889108931,0.136684217898502
2025-03-08 14:28:32.124,-0.0001405146297387,0.1395426921214611
2025-03-08 14:28:32.144,-0.000140816336462,0.1094063744645698
2025-03-08 14:28:32.163,-0.0001283554225217,0.0609777987347194
2025-03-08 14:28:32.183,-0.0001047693719168,0.0105572095020406
2025-03-08 14:28:32.202,-7.404556575596761e-05,-0.0272959190516911
2025-03-08 14:28:32.222,-4.116833628363008e-05,-0.0424631269306483
2025-03-08 14:28:32.241,-1.0500660621419537e-05,-0.0306882880117116
2025-03-08 14:28:32.261,1.551232880462172e-05,0.0065371814425543
2025-03-08 14:28:32.281,3.683738304228437e-05,0.0634146909505282
2025-03-08 14:28:32.300,5.539876538605842e-05,0.1320200136654181
2025-03-08 14:28:32.320,7.393307365778689e-05,0.2045012879258351
2025-03-08 14:28:32.339,9.465491651729856e-05,0.2746936759041783
2025-03-08 14:28:32.359,0.0001182036342521,0.3388505866047678
2025-03-08 14:28:32.378,0.0001431242413951,0.3955105245964772
2025-03-08 14:28:32.398,0.0001659316549768,0.4447337599412343
2025-03-08 14:28:32.417,0.0001817289555643,0.4870282689519017
2025-03-08 14:28:32.437,0.0001853311592497,0.5222919595258191
2025-03-08 14:28:32.456,0.00017274602271,0.5490787058506995
2025-03-08 14:28:32.476,0.0001426628435457,0.5644429221808579
2025-03-08 14:28:32.495,9.74491141227286e-05,0.5644907257384709
2025-03-08 14:28:32.515,4.321821653673437e-05,0.545558332418896
2025-03-08 14:28:32.534,-1.1178124040073794e-05,0.5057116735586932
2025-03-08 14:28:32.554,-5.600574385423568e-05,0.4461100949430095
2025-03-08 14:28:32.574,-8.285182155608055e-05,0.371767036049466
2025-03-08 14:28:32.593,-8.660011058098402e-05,0.2913787203777336
2025-03-08 14:28:32.613,-6.669926201632055e-05,0.2161379458917722
2025-03-08 14:28:32.632,-2.7433708560916026e-05,0.157736989399125
2025-03-08 14:28:32.652,2.287970624117481e-05,0.1260104638886256
2025-03-08 14:28:32.671,7.36284456767245e-05,0.1267993770583823
2025-03-08 14:28:32.691,0.0001142185090556,0.1605873961332782
2025-03-08 14:28:32.710,0.0001364265924932,0.2222741264525204
2025-03-08 14:28:32.730,0.0001361726591895,0.3021573831874738
2025-03-08 14:28:32.749,0.0001142155997511,0.3878762505290828
2025-03-08 14:28:32.769,7.560682676124903e-05,0.4668103734426091
2025-03-08 14:28:32.788,2.81489436602762e-05,0.5283178568807454
2025-03-08 14:28:32.808,-1.9604983507640733e-05,0.5652679666879625
2025-03-08 14:28:32.827,-6.022961417186381e-05,0.5745734036719976
2025-03-08 14:28:32.847,-8.875805295800683e-05,0.5567671354252349
2025-03-08 14:28:32.866,-0.0001032777379106,0.5149596938482461
2025-03-08 14:28:32.886,-0.0001048183419724,0.4536249645371048
2025-03-08 14:28:32.906,-9.670068417557484e-05,0.3775663651882608
2025-03-08 14:28:32.925,-8.357752272692632e-05,0.2912041831313922
2025-03-08 14:28:32.945,-7.039242146614772e-05,0.1981426968476929
2025-03-08 14:28:32.964,-6.143617125586755e-05,0.1009173914225286
2025-03-08 14:28:32.984,-5.961795149648962e-05,0.0008847258807365
2025-03-08 14:28:33.003,-6.60115590445055e-05,-0.1016840448681061
2025-03-08 14:28:33.023,-7.969684382804993e-05,-0.2072110669441135
2025-03-08 14:28:33.042,-9.789354847236702e-05,-0.3161138971801163
2025-03-08 14:28:33.062,-0.0001163713554258,-0.4279558738712828
2025-03-08 14:28:33.081,-0.0001301048068082,-0.5407325363739889
2025-03-08 14:28:33.101,-0.0001341155848758,-0.6505899006269269
2025-03-08 14:28:33.120,-0.0001244050936312,-0.7521329563308506
2025-03-08 14:28:33.140,-9.883493011911982e-05,-0.8392609647910955
2025-03-08 14:28:33.159,-5.777903961814922e-05,-0.9062637257304264
2025-03-08 14:28:33.179,-4.372767997229602e-06,-0.948824734552767
2025-03-08 14:28:33.199,5.575867423587243e-05,-0.9646417428617065
2025-03-08 14:28:33.218,0.0001152976613714,-0.9535471882223676
2025-03-08 14:28:33.238,0.0001664310377934,-0.9171857514110298
2025-03-08 14:28:33.257,0.0002022156155077,-0.8584000141485262
2025-03-08 14:28:33.277,0.0002178300057486,-0.7804874977014414
2025-03-08 14:28:33.296,0.0002114419966344,-0.686484638829674
2025-03-08 14:28:33.316,0.0001845055782167,-0.5786500176629916
2025-03-08 14:28:33.335,0.0001414474287248,-0.4583400001299158
2025-03-08 14:28:33.355,8.885277499117656e-05,-0.3264304009526595
2025-03-08 14:28:33.374,3.43440605972732e-05,-0.1842878209452736
