Time,#Frame,HeadQRotationX,HeadQRotationY,HeadQRotationZ,HeadQRotationW,HeadEulX,HeadEulY,HeadEulZ,FMS,Condition
2025-05-30 16:47:44.528,1,-0.04361941,3.572875e-07,1.559951e-08,0.9990483,355.0,4.098114e-05,-2.04333e-13,2,NB
2025-05-30 16:47:45.043,2,-0.04361941,1.627656e-07,7.106503e-09,0.9990483,355.0,1.866934e-05,-1.532498e-13,2,NB
2025-05-30 16:47:45.111,3,0.04361941,-1.627656e-07,-7.106503e-09,-0.9990483,355.0,1.866934e-05,-1.532498e-13,2,NB
2025-05-30 16:47:45.199,4,0.073369,-0.1190502,0.00773525,-0.9901435,351.7525,13.84902,358.1014,2,NB
2025-05-30 16:47:45.311,5,0.0738156,-0.120029,0.008608829,-0.989985,351.7156,13.97179,357.9867,2,NB
2025-05-30 16:47:45.406,6,0.0732982,-0.1200564,0.00876194,-0.9900187,351.7768,13.97411,357.9763,2,NB
2025-05-30 16:47:45.486,7,0.07340939,-0.119853,0.008311478,-0.9900391,351.7574,13.94724,358.0281,2,NB
2025-05-30 16:47:45.581,8,0.074162,-0.1193771,0.007689747,-0.9900454,351.662,13.88981,358.0926,2,NB
2025-05-30 16:47:45.671,9,0.07454431,-0.1199929,0.00757724,-0.9899433,351.6181,13.96205,358.0948,2,NB
2025-05-30 16:47:45.770,10,0.07469594,-0.1206678,0.007574203,-0.9898497,351.6021,14.04116,358.0872,2,NB
2025-05-30 16:47:45.850,11,0.07431346,-0.1210739,0.007517306,-0.9898294,351.6456,14.08641,358.0958,2,NB
2025-05-30 16:47:45.927,12,0.0738567,-0.1206966,0.007187933,-0.9899121,351.6924,14.03799,358.1433,2,NB
2025-05-30 16:47:46.024,13,0.07362024,-0.1204861,0.006711485,-0.9899587,351.7122,14.00867,358.2031,2,NB
2025-05-30 16:47:46.116,14,0.07360148,-0.120759,0.00656503,-0.9899279,351.7128,14.03914,358.2179,2,NB
2025-05-30 16:47:46.214,15,0.07305846,-0.1212926,0.006949864,-0.9899002,351.7811,14.10225,358.1772,2,NB
2025-05-30 16:47:46.304,16,0.07289882,-0.1221693,0.007385433,-0.989801,351.8071,14.20714,358.1223,2,NB
2025-05-30 16:47:46.406,17,0.07254606,-0.1223682,0.007266681,-0.9898032,351.846,14.22792,358.1394,2,NB
2025-05-30 16:47:46.486,18,0.07257354,-0.1222324,0.007190032,-0.9898186,351.8415,14.21162,358.1489,2,NB
2025-05-30 16:47:46.586,19,0.07300876,-0.1223821,0.007055264,-0.989769,351.7903,14.22966,358.1567,2,NB
2025-05-30 16:47:46.681,20,0.07312166,-0.1228143,0.007153371,-0.9897064,351.7796,14.28118,358.1402,2,NB
2025-05-30 16:47:46.770,21,0.07326567,-0.1228272,0.007032331,-0.9896951,351.7615,14.28227,358.1519,2,NB
2025-05-30 16:47:46.871,22,0.07373426,-0.1226046,0.007253997,-0.9896863,351.7108,14.26005,358.1214,2,NB
2025-05-30 16:47:46.944,23,0.07374157,-0.1227784,0.007236729,-0.9896643,351.7101,14.28016,358.1219,2,NB
2025-05-30 16:47:47.027,24,0.0737382,-0.1220553,0.007752304,-0.9897501,351.7164,14.20022,358.0689,2,NB
2025-05-30 16:47:47.119,25,0.07375629,-0.1224094,0.007717088,-0.9897053,351.7146,14.2412,358.0697,2,NB
2025-05-30 16:47:47.193,26,0.07758574,-0.122458,0.007807783,-0.9894058,351.2794,14.26346,358.0026,2,NB
2025-05-30 16:47:47.280,27,0.08930218,-0.1226111,0.009292909,-0.9883853,349.9649,14.34885,357.6563,2,NB
2025-05-30 16:47:47.377,28,0.1047431,-0.1223778,0.01096386,-0.9868802,348.2259,14.42319,357.232,2,NB
2025-05-30 16:47:47.437,29,0.1188351,-0.1221205,0.01247742,-0.9852965,346.6365,14.5009,356.8412,2,NB
2025-05-30 16:47:47.488,30,0.1271148,-0.1216007,0.01315,-0.9843183,345.6973,14.5068,356.6395,2,NB
2025-05-30 16:47:47.540,31,0.1324196,-0.1212639,0.01356855,-0.9836546,345.0948,14.51234,356.511,2,NB
2025-05-30 16:47:47.589,32,0.1418116,-0.1210288,0.01427339,-0.9823635,344.0281,14.56909,356.2804,2,NB
2025-05-30 16:47:47.642,33,0.1468426,-0.1207,0.01456742,-0.9816602,343.4542,14.57648,356.1689,2,NB
2025-05-30 16:47:47.691,34,0.1554498,-0.1203429,0.0153983,-0.9803653,342.477,14.62327,355.9345,2,NB
2025-05-30 16:47:47.743,35,0.1621283,-0.1202383,0.01617281,-0.9792833,341.7207,14.68664,355.7322,2,NB
2025-05-30 16:47:47.793,36,0.1692991,-0.1204287,0.01711648,-0.9780296,340.911,14.79761,355.4931,2,NB
2025-05-30 16:47:47.844,37,0.1735709,-0.1203305,0.01765668,-0.9772831,340.4271,14.84015,355.3562,2,NB
2025-05-30 16:47:47.895,38,0.1825185,-0.1199276,0.01886279,-0.9756787,339.4127,14.91239,355.0617,2,NB
2025-05-30 16:47:47.943,39,0.1886592,-0.1200954,0.01995342,-0.9744675,338.7221,15.02618,354.8156,2,NB
2025-05-30 16:47:47.993,40,0.1970296,-0.1200526,0.0208206,-0.9727966,337.7691,15.1409,354.5563,2,NB
2025-05-30 16:47:48.044,41,0.2040821,-0.1195841,0.02183376,-0.9713772,336.9671,15.19656,354.3109,2,NB
2025-05-30 16:47:48.093,42,0.2119683,-0.1192262,0.02290644,-0.9697061,336.0693,15.28376,354.0361,2,NB
2025-05-30 16:47:48.142,43,0.2198083,-0.1191956,0.02390444,-0.9679388,335.1766,15.41549,353.7584,2,NB
2025-05-30 16:47:48.189,44,0.2278794,-0.119141,0.02463765,-0.9660587,334.2516,15.54745,353.5039,2,NB
2025-05-30 16:47:48.241,45,0.2346309,-0.119181,0.0258225,-0.9644053,333.4868,15.69024,353.2141,2,NB
2025-05-30 16:47:48.288,46,0.2447313,-0.1191894,0.02719668,-0.9618529,332.3346,15.89721,352.8226,2,NB
2025-05-30 16:47:48.336,47,0.2523896,-0.1189514,0.02829557,-0.9598695,331.4588,16.03382,352.5197,2,NB
2025-05-30 16:47:48.385,48,0.2619078,-0.1186756,0.02957694,-0.9573117,330.3675,16.21433,352.145,2,NB
2025-05-30 16:47:48.434,49,0.2678641,-0.1186364,0.03025124,-0.9556459,329.6827,16.34646,351.9172,2,NB
2025-05-30 16:47:48.483,50,0.2764047,-0.1183796,0.03119169,-0.9532124,328.6973,16.51765,351.5941,2,NB
2025-05-30 16:47:48.534,51,0.2874126,-0.1176714,0.03245651,-0.9499969,327.4222,16.70597,351.173,2,NB
2025-05-30 16:47:48.580,52,0.2956429,-0.1173483,0.03341993,-0.9474744,326.4692,16.88588,350.839,2,NB
2025-05-30 16:47:48.629,53,0.308068,-0.1167614,0.03477627,-0.9435316,325.0247,17.16047,350.3351,2,NB
2025-05-30 16:47:48.675,54,0.315173,-0.1164601,0.03558534,-0.9411891,324.198,17.33471,350.0316,2,NB
2025-05-30 16:47:48.723,55,0.3228571,-0.1162605,0.03649612,-0.9385707,323.3045,17.55176,349.6846,2,NB
2025-05-30 16:47:48.769,56,0.3380139,-0.1159917,0.03855421,-0.9331701,321.5446,18.04267,348.9294,2,NB
2025-05-30 16:47:48.818,57,0.3446195,-0.1159422,0.03946991,-0.9307186,320.7774,18.28246,348.5805,2,NB
2025-05-30 16:47:48.864,58,0.3629835,-0.1149017,0.04158754,-0.9237484,318.6197,18.85351,347.6685,2,NB
2025-05-30 16:47:48.909,59,0.368369,-0.1143329,0.04215002,-0.9216592,317.9805,18.99471,347.4105,2,NB
2025-05-30 16:47:48.955,60,0.3805549,-0.1139351,0.04381955,-0.9166662,316.5518,19.49077,346.697,2,NB
2025-05-30 16:47:49.002,61,0.3927453,-0.1136353,0.04516456,-0.9114814,315.1143,20.02606,345.9844,2,NB
2025-05-30 16:47:49.047,62,0.4046582,-0.1128019,0.04677005,-0.9062781,313.7044,20.5301,345.237,2,NB
2025-05-30 16:47:49.093,63,0.4168471,-0.1119934,0.0478722,-0.9007799,312.2471,21.06686,344.5052,2,NB
2025-05-30 16:47:49.136,64,0.4299274,-0.1113044,0.04946396,-0.8946101,310.6922,21.75742,343.5888,2,NB
2025-05-30 16:47:49.179,65,0.4477667,-0.1106343,0.05180388,-0.885766,308.577,22.87403,342.178,2,NB
2025-05-30 16:47:49.219,66,0.4510047,-0.1107352,0.05220079,-0.8840859,308.1967,23.12797,341.8929,2,NB
2025-05-30 16:47:49.262,67,0.4509923,-0.1110431,0.05289819,-0.884012,308.2222,23.23056,341.7572,2,NB
2025-05-30 16:47:49.302,68,0.4509264,-0.1113875,0.05327381,-0.8839798,308.2468,23.3112,341.6743,2,NB
2025-05-30 16:47:49.346,69,0.4509516,-0.1117047,0.05377444,-0.8838966,308.2631,23.40272,341.5673,2,NB
2025-05-30 16:47:49.388,70,0.4512838,-0.1118678,0.05405965,-0.883689,308.2336,23.4729,341.4861,2,NB
2025-05-30 16:47:49.434,71,0.4514759,-0.1121806,0.05413953,-0.8835464,308.2189,23.543,341.4358,2,NB
2025-05-30 16:47:49.468,72,0.4514568,-0.1123436,0.0542251,-0.88353,308.2268,23.57496,341.4106,2,NB
2025-05-30 16:47:49.510,73,0.4513531,-0.112238,0.05391005,-0.8836159,308.229,23.52697,341.4766,2,NB
2025-05-30 16:47:49.553,74,0.451196,-0.1119559,0.05369017,-0.8837452,308.2365,23.45367,341.5447,2,NB
2025-05-30 16:47:49.594,75,0.4508712,-0.1118023,0.05375565,-0.8839264,308.2743,23.41204,341.5681,2,NB
2025-05-30 16:47:49.634,76,0.4504669,-0.1117506,0.05374786,-0.8841395,308.322,23.37643,341.6006,2,NB
2025-05-30 16:47:49.679,77,0.4503598,-0.1120075,0.05386329,-0.8841546,308.3432,23.4202,341.5693,2,NB
2025-05-30 16:47:49.720,78,0.4503774,-0.1121357,0.05388406,-0.884128,308.3442,23.44394,341.5548,2,NB
2025-05-30 16:47:49.760,79,0.4504718,-0.1123044,0.05405433,-0.8840482,308.3406,23.49059,341.508,2,NB
2025-05-30 16:47:49.804,80,0.4507576,-0.112637,0.05421106,-0.8838505,308.317,23.57573,341.4376,2,NB
2025-05-30 16:47:49.845,81,0.450878,-0.1129211,0.05415914,-0.8837561,308.307,23.62637,341.4157,2,NB
2025-05-30 16:47:49.887,82,0.4510215,-0.1129386,0.05410631,-0.8836839,308.2886,23.63478,341.413,2,NB
2025-05-30 16:47:49.927,83,0.4510928,-0.1127609,0.05382806,-0.8836871,308.2691,23.5894,341.4667,2,NB
2025-05-30 16:47:49.971,84,0.4510148,-0.1126791,0.05397663,-0.8837284,308.2807,23.582,341.4545,2,NB
2025-05-30 16:47:50.009,85,0.4510191,-0.1129399,0.05433596,-0.8836707,308.2949,23.65211,341.3762,2,NB
2025-05-30 16:47:50.042,86,0.4509506,-0.1131055,0.05428833,-0.8836874,308.3054,23.67115,341.3756,2,NB
2025-05-30 16:47:50.050,87,0.4508201,-0.113377,0.0543166,-0.8837175,308.3275,23.7091,341.3589,2,NB
2025-05-30 16:47:50.106,88,0.4508263,-0.113305,0.05437161,-0.8837202,308.3267,23.70185,341.3552,2,NB
2025-05-30 16:47:50.139,89,0.4510223,-0.1129054,0.05424897,-0.883679,308.2916,23.64012,341.3926,2,NB
2025-05-30 16:47:50.174,90,0.451304,-0.1128707,0.05428171,-0.8835375,308.2576,23.65559,341.3708,2,NB
2025-05-30 16:47:50.205,91,0.4515411,-0.1130472,0.05444776,-0.8833836,308.237,23.71286,341.3142,2,NB
2025-05-30 16:47:50.242,92,0.4514158,-0.1134509,0.05437538,-0.8834003,308.2586,23.76529,341.3029,2,NB
2025-05-30 16:47:50.260,93,0.4516066,-0.1136456,0.05414446,-0.8832918,308.2336,23.7926,341.3118,2,NB
2025-05-30 16:47:50.309,94,0.4517387,-0.1133584,0.0543792,-0.8832468,308.2178,23.77197,341.2874,2,NB
2025-05-30 16:47:50.340,95,0.4516487,-0.113301,0.05411292,-0.8833166,308.2205,23.73645,341.3409,2,NB
2025-05-30 16:47:50.375,96,0.4516045,-0.1134607,0.05408605,-0.8833205,308.2285,23.75769,341.3358,2,NB
2025-05-30 16:47:50.405,97,0.4517518,-0.1134848,0.05414829,-0.8832381,308.2128,23.77618,341.3138,2,NB
2025-05-30 16:47:50.438,98,0.451953,-0.1133566,0.05433163,-0.8831404,308.1906,23.78242,341.2804,2,NB
2025-05-30 16:47:50.474,99,0.4520186,-0.1135964,0.05450095,-0.8830656,308.1921,23.83897,341.2299,2,NB
2025-05-30 16:47:50.505,100,0.4520378,-0.113914,0.05419933,-0.8830334,308.1885,23.86967,341.2523,2,NB
2025-05-30 16:47:50.542,101,0.4520271,-0.1138693,0.05412662,-0.883049,308.187,23.85614,341.2682,2,NB
2025-05-30 16:47:50.571,102,0.4515658,-0.113699,0.05429671,-0.8832966,308.2436,23.81009,341.2859,2,NB
2025-05-30 16:47:50.604,103,0.4510025,-0.1132533,0.05463017,-0.883621,308.3111,23.72451,341.3057,2,NB
2025-05-30 16:47:50.638,104,0.450731,-0.1131005,0.05462898,-0.8837792,308.3407,23.68133,341.3363,2,NB
2025-05-30 16:47:50.670,105,0.450397,-0.1130572,0.0549025,-0.883938,308.3872,23.67262,341.3185,2,NB
2025-05-30 16:47:50.693,106,0.4499328,-0.1130266,0.05510633,-0.8841656,308.448,23.65211,341.3198,2,NB
2025-05-30 16:47:50.737,107,0.4491406,-0.113144,0.05582474,-0.8845081,308.5647,23.67255,341.2495,2,NB
2025-05-30 16:47:50.774,108,0.4485961,-0.1132005,0.05590926,-0.8847719,308.6338,23.65214,341.2685,2,NB
2025-05-30 16:47:50.807,109,0.4480138,-0.1129176,0.0558662,-0.8851058,308.6971,23.56465,341.3364,2,NB
2025-05-30 16:47:50.825,110,0.4473534,-0.1127705,0.05584838,-0.8854597,308.7732,23.49629,341.3947,2,NB
2025-05-30 16:47:50.869,111,0.4446119,-0.1121341,0.05594255,-0.8869141,309.0934,23.22349,341.6095,2,NB
2025-05-30 16:47:50.903,112,0.4417057,-0.1116131,0.05646631,-0.8883976,309.4467,22.99427,341.754,2,NB
2025-05-30 16:47:50.925,113,0.438406,-0.1110988,0.05676922,-0.8900756,309.8419,22.73001,341.9537,2,NB
2025-05-30 16:47:50.959,114,0.4317771,-0.1102182,0.05658397,-0.8934309,310.6192,22.18316,342.4521,2,NB
2025-05-30 16:47:51.007,115,0.419053,-0.107263,0.05587925,-0.8998705,312.0809,20.97322,343.4889,2,NB
2025-05-30 16:47:51.026,116,0.4114342,-0.1048831,0.05497362,-0.9037142,312.9367,20.16335,344.1833,2,NB
2025-05-30 16:47:51.075,117,0.3893324,-0.09839247,0.05120604,-0.9143944,315.4179,17.97593,346.1697,2,NB
2025-05-30 16:47:51.236,118,0.3654208,-0.09396762,0.04936812,-0.9247705,318.1961,16.35283,347.6068,2,NB
2025-05-30 16:47:51.253,119,0.283332,-0.06843933,0.04138867,-0.9556809,327.5961,10.52802,351.9734,2,NB
2025-05-30 16:47:51.301,120,0.2863699,-0.06817096,0.04019707,-0.9548452,327.2212,10.49932,352.0829,2,NB
2025-05-30 16:47:51.329,121,0.2674227,-0.06002314,0.03538242,-0.961057,329.3515,8.980656,353.3175,2,NB
2025-05-30 16:47:51.350,122,0.2632627,-0.05862522,0.03368616,-0.9623519,329.8177,8.687822,353.6436,2,NB
2025-05-30 16:47:51.398,123,0.2555187,-0.05590027,0.03167202,-0.9646671,330.6962,8.177307,354.0977,2,NB
2025-05-30 16:47:51.428,124,0.2451563,-0.05165214,0.02948255,-0.9676577,331.8742,7.454516,354.6399,2,NB
2025-05-30 16:47:51.474,125,0.2447288,-0.05069045,0.02986982,-0.9678048,331.9221,7.341032,354.6264,2,NB
2025-05-30 16:47:51.505,126,0.2515546,-0.05347554,0.03002118,-0.9658983,331.1354,7.770492,354.4369,2,NB
2025-05-30 16:47:51.521,127,0.2535199,-0.05461672,0.02983188,-0.9653263,330.9089,7.930866,354.399,2,NB
2025-05-30 16:47:51.580,128,0.2529798,-0.05512763,0.03023736,-0.9654263,330.9788,8.002886,354.3377,2,NB
2025-05-30 16:47:51.618,129,0.2496175,-0.05389863,0.03084531,-0.9663513,331.3726,7.829263,354.343,2,NB
2025-05-30 16:47:51.631,130,0.2469244,-0.05298042,0.03124072,-0.967081,331.6874,7.696258,354.3556,2,NB
2025-05-30 16:47:51.694,131,0.24886,-0.05344331,0.03065522,-0.9665779,331.4576,7.757257,354.391,2,NB
2025-05-30 16:47:51.711,132,0.2484518,-0.05353944,0.03064835,-0.9666779,331.5062,7.764724,354.3937,2,NB
2025-05-30 16:47:51.760,133,0.2464584,-0.05217033,0.03051318,-0.9672672,331.7319,7.56601,354.4785,2,NB
2025-05-30 16:47:51.781,134,0.2424022,-0.05061584,0.0305652,-0.9683725,332.2006,7.329288,354.5682,2,NB
2025-05-30 16:47:51.827,135,0.2353766,-0.04788962,0.0312077,-0.9702221,333.0157,6.936305,354.6492,2,NB
2025-05-30 16:47:51.853,136,0.233628,-0.04699182,0.03119299,-0.9706889,333.216,6.806682,354.6965,2,NB
2025-05-30 16:47:51.914,137,0.2313869,-0.04563595,0.03090013,-0.9712996,333.4697,6.607612,354.7964,2,NB
2025-05-30 16:47:51.949,138,0.2269675,-0.04436284,0.03171418,-0.9723746,333.9866,6.431726,354.7768,2,NB
2025-05-30 16:47:51.975,139,0.225032,-0.04433851,0.03112717,-0.9728442,334.2095,6.394398,354.8694,2,NB
2025-05-30 16:47:52.023,140,0.2225404,-0.04342041,0.03096257,-0.9734639,334.4955,6.253783,354.9398,2,NB
2025-05-30 16:47:52.050,141,0.2230628,-0.04310051,0.03009309,-0.9733859,334.4272,6.194421,355.0513,2,NB
2025-05-30 16:47:52.084,142,0.2229575,-0.04242558,0.02968487,-0.9734522,334.4335,6.098481,355.1218,2,NB
2025-05-30 16:47:52.127,143,0.2252267,-0.04223556,0.02808825,-0.9729853,334.1567,6.049106,355.3038,2,NB
2025-05-30 16:47:52.147,144,0.2256806,-0.04225051,0.02784545,-0.9728864,334.102,6.047856,355.3293,2,NB
2025-05-30 16:47:52.194,145,0.2236646,-0.04125635,0.02619945,-0.9734402,334.3237,5.861559,355.5797,2,NB
2025-05-30 16:47:52.238,146,0.2179825,-0.03900295,0.02379673,-0.9748827,334.9659,5.47329,355.9874,2,NB
2025-05-30 16:47:52.270,147,0.2133318,-0.03602825,0.02184852,-0.9760709,335.4883,5.02233,356.3437,2,NB
2025-05-30 16:47:52.292,148,0.2097085,-0.03337071,0.02031968,-0.9769831,335.8952,4.632878,356.6273,2,NB
2025-05-30 16:47:52.354,149,0.2016499,-0.02827361,0.016901,-0.9789037,336.8066,3.878264,357.2256,2,NB
2025-05-30 16:47:52.381,150,0.2001658,-0.02812739,0.01562705,-0.9792336,336.9746,3.821751,357.3928,2,NB
2025-05-30 16:47:52.414,151,0.2009174,-0.02750975,0.01399541,-0.9791219,336.8789,3.709098,357.6032,2,NB
2025-05-30 16:47:52.444,152,0.2032119,-0.0269688,0.01312479,-0.9786754,336.6062,3.630816,357.7114,2,NB
2025-05-30 16:47:52.489,153,0.2025604,-0.02521011,0.01124273,-0.9788808,336.6718,3.365739,357.9889,2,NB
2025-05-30 16:47:52.523,154,0.2008369,-0.02407845,0.01092748,-0.9792678,336.8699,3.21332,358.0636,2,NB
2025-05-30 16:47:52.567,155,0.2003811,-0.02422084,0.01111215,-0.9793556,336.9241,3.23368,358.0396,2,NB
2025-05-30 16:47:52.589,156,0.2006505,-0.02495577,0.01127693,-0.9792801,336.8946,3.328472,357.9999,2,NB
2025-05-30 16:47:52.645,157,0.1982496,-0.02445828,0.0104641,-0.9797906,337.1715,3.2391,358.1221,2,NB
2025-05-30 16:47:52.678,158,0.1957347,-0.02359011,0.009793043,-0.9803243,337.4615,3.108524,358.2357,2,NB
2025-05-30 16:47:52.700,159,0.1956508,-0.02347717,0.009541472,-0.9803463,337.4702,3.088417,358.2694,2,NB
2025-05-30 16:47:52.750,160,0.1963044,-0.02366865,0.00889705,-0.980217,337.3922,3.098173,358.3405,2,NB
2025-05-30 16:47:52.779,161,0.1983522,-0.02396592,0.00860377,-0.9798,337.1526,3.133677,358.3604,2,NB
2025-05-30 16:47:52.823,162,0.2029577,-0.02480735,0.008751621,-0.9788342,336.6161,3.255038,358.3017,2,NB
2025-05-30 16:47:52.856,163,0.2093265,-0.02826967,0.009228637,-0.9773936,335.8789,3.714293,358.1242,2,NB
2025-05-30 16:47:52.897,164,0.2134911,-0.02984085,0.009800651,-0.97644,335.3964,3.939169,357.9905,2,NB
2025-05-30 16:47:52.930,165,0.2228146,-0.03368555,0.01101656,-0.9742166,334.3167,4.489524,357.6803,2,NB
2025-05-30 16:47:53.013,166,0.225834,-0.03386634,0.01154156,-0.9735086,333.9649,4.54182,357.591,2,NB
2025-05-30 16:47:53.026,167,0.2350007,-0.03580798,0.01245286,-0.9712557,332.8965,4.859523,357.3589,2,NB
2025-05-30 16:47:53.045,168,0.2353234,-0.03434746,0.01201121,-0.9712359,332.8524,4.665132,357.456,2,NB
2025-05-30 16:47:53.071,169,0.2406606,-0.03282928,0.01128884,-0.9699883,332.2163,4.481016,357.5576,2,NB
2025-05-30 16:47:53.123,170,0.2484905,-0.03206461,0.009476287,-0.9680572,331.282,4.367763,357.7597,2,NB
2025-05-30 16:47:53.156,171,0.2490316,-0.03039552,0.009245694,-0.9679742,331.2133,4.151609,357.8396,2,NB
2025-05-30 16:47:53.211,172,0.2480337,-0.02964815,0.009605971,-0.9682501,331.3311,4.063765,357.8243,2,NB
2025-05-30 16:47:53.233,173,0.2451592,-0.03083818,0.009964859,-0.9689411,331.6748,4.211577,357.7583,2,NB
2025-05-30 16:47:53.290,174,0.2425242,-0.03222835,0.01043739,-0.9695538,331.9912,4.388515,357.6714,2,NB
2025-05-30 16:47:53.340,175,0.2439477,-0.0332495,0.01090009,-0.969157,331.8279,4.539235,357.5717,2,NB
2025-05-30 16:47:53.368,176,0.2444747,-0.03083059,0.009874184,-0.9691152,331.7552,4.204353,357.7742,2,NB
2025-05-30 16:47:53.393,177,0.2448565,-0.02993325,0.009395555,-0.9690518,331.7061,4.077778,357.8608,2,NB
2025-05-30 16:47:53.456,178,0.2456234,-0.0309299,0.008737858,-0.9688325,331.6149,4.18637,357.9073,2,NB
2025-05-30 16:47:53.497,179,0.2473456,-0.03197708,0.008774467,-0.9683598,331.414,4.3283,357.8585,2,NB
2025-05-30 16:47:53.538,180,0.2480089,-0.03222777,0.008516809,-0.9681842,331.335,4.355009,357.8788,2,NB
2025-05-30 16:47:53.577,181,0.2477965,-0.03151989,0.00824756,-0.9682642,331.3574,4.255696,357.937,2,NB
2025-05-30 16:47:53.619,182,0.2472463,-0.03014614,0.007988175,-0.9684507,331.4184,4.070935,358.0175,2,NB
2025-05-30 16:47:53.656,183,0.2470547,-0.03001776,0.008179145,-0.9685021,331.4416,4.059947,357.9986,2,NB
2025-05-30 16:47:53.698,184,0.2460115,-0.03118397,0.009013128,-0.9687233,331.5708,4.229124,357.8621,2,NB
2025-05-30 16:47:53.768,185,0.2458901,-0.03184647,0.009330301,-0.9687296,331.588,4.322354,357.8017,2,NB
2025-05-30 16:47:53.781,186,0.2455981,-0.03212473,0.009991553,-0.9687878,331.6261,4.377107,357.7112,2,NB
2025-05-30 16:47:53.816,187,0.2454789,-0.03220584,0.01025688,-0.9688125,331.6416,4.395185,357.6759,2,NB
2025-05-30 16:47:53.856,188,0.246621,-0.03226265,0.0104072,-0.968519,331.5076,4.413103,357.6477,2,NB
2025-05-30 16:47:53.878,189,0.2464471,-0.03218507,0.01018065,-0.9685682,331.5269,4.395142,357.6799,2,NB
2025-05-30 16:47:53.933,190,0.2457219,-0.03215824,0.01051248,-0.9687499,331.614,4.398575,357.6436,2,NB
2025-05-30 16:47:53.972,191,0.2455833,-0.03268865,0.01056532,-0.9687667,331.6319,4.466526,357.6209,2,NB
2025-05-30 16:47:54.013,192,0.2445854,-0.03342911,0.01062611,-0.9689931,331.7518,4.55664,357.5963,2,NB
2025-05-30 16:47:54.052,193,0.2450239,-0.03377267,0.01015524,-0.9688755,331.6986,4.587409,357.6418,2,NB
2025-05-30 16:47:54.078,194,0.2451917,-0.03362774,0.009565767,-0.9688441,331.6757,4.551273,357.7196,2,NB
2025-05-30 16:47:54.122,195,0.2469296,-0.03301849,0.008596098,-0.9684327,331.4646,4.452217,357.8502,2,NB
2025-05-30 16:47:54.171,196,0.2484795,-0.03232072,0.007955597,-0.9680651,331.2771,4.350964,357.9438,2,NB
2025-05-30 16:47:54.211,197,0.2496809,-0.031963,0.007661745,-0.9677703,331.133,4.301939,357.9851,2,NB
2025-05-30 16:47:54.250,198,0.2499859,-0.03223694,0.007891594,-0.9676805,331.0986,4.34564,357.9451,2,NB
2025-05-30 16:47:54.289,199,0.2493667,-0.03305056,0.007992815,-0.9678121,331.174,4.449008,357.9097,2,NB
2025-05-30 16:47:54.322,200,0.2491423,-0.03321668,0.007905305,-0.9678649,331.2004,4.466098,357.9168,2,NB
2025-05-30 16:47:54.370,201,0.2493196,-0.03256131,0.007914459,-0.9678414,331.1781,4.384228,357.9359,2,NB
2025-05-30 16:47:54.409,202,0.2495337,-0.03213774,0.008035721,-0.9677994,331.1525,4.335539,357.933,2,NB
2025-05-30 16:47:54.447,203,0.2499774,-0.03233391,0.008570755,-0.9676738,331.1028,4.380026,357.856,2,NB
2025-05-30 16:47:54.489,204,0.2503831,-0.0333612,0.008876577,-0.9675313,331.0586,4.522352,357.7811,2,NB
2025-05-30 16:47:54.527,205,0.251588,-0.03332174,0.008588262,-0.9672226,330.9147,4.514158,357.8109,2,NB
2025-05-30 16:47:54.566,206,0.2522074,-0.03311162,0.008254508,-0.9670714,330.8394,4.479682,357.8561,2,NB
2025-05-30 16:47:54.606,207,0.2531278,-0.03332516,0.007810016,-0.9668273,330.729,4.496838,357.8995,2,NB
2025-05-30 16:47:54.646,208,0.2543467,-0.03312568,0.008104252,-0.9665117,330.5857,4.487481,357.8607,2,NB
2025-05-30 16:47:54.686,209,0.2542534,-0.03267951,0.008873321,-0.9665447,330.5993,4.455827,357.7785,2,NB
2025-05-30 16:47:54.710,210,0.253642,-0.0327509,0.009049445,-0.9667013,330.6726,4.467561,357.7578,2,NB
2025-05-30 16:47:54.766,211,0.2547462,-0.03303812,0.009064541,-0.966401,330.5427,4.510454,357.7389,2,NB
2025-05-30 16:47:54.803,212,0.2551638,-0.03336323,0.008439458,-0.9662853,330.4911,4.533177,357.8047,2,NB
2025-05-30 16:47:54.843,213,0.2557785,-0.03368319,0.008169401,-0.966114,330.4178,4.568132,357.8242,2,NB
2025-05-30 16:47:54.884,214,0.2570619,-0.03387487,0.008247437,-0.965766,330.2666,4.602014,357.7992,2,NB
2025-05-30 16:47:54.922,215,0.2583579,-0.03417327,0.008225597,-0.9654098,330.1137,4.646338,357.783,2,NB
2025-05-30 16:47:54.960,216,0.2599491,-0.034311,0.008019857,-0.9649793,329.9245,4.665557,357.7936,2,NB
2025-05-30 16:47:55.000,217,0.2628867,-0.03441984,0.007368651,-0.9641845,329.5733,4.672973,357.8528,2,NB
2025-05-30 16:47:55.039,218,0.2608042,-0.03353253,0.007499453,-0.9647802,329.8189,4.552628,357.8811,2,NB
2025-05-30 16:47:55.078,219,0.259851,-0.0322276,0.007843736,-0.965079,329.9306,4.39247,357.8883,2,NB
2025-05-30 16:47:55.120,220,0.2565222,-0.03245761,0.008098381,-0.9659595,330.3267,4.413361,357.8697,2,NB
2025-05-30 16:47:55.157,221,0.2552862,-0.03333969,0.008802602,-0.9662506,330.4783,4.542977,357.7585,2,NB
2025-05-30 16:47:55.197,222,0.2555813,-0.03350241,0.00968397,-0.9661584,330.4479,4.594827,357.6389,2,NB
2025-05-30 16:47:55.210,223,0.2554191,-0.0331029,0.009491205,-0.966217,330.4652,4.536582,357.6779,2,NB
2025-05-30 16:47:55.270,224,0.2553616,-0.03359773,0.01045834,-0.9662052,330.4778,4.631683,357.5387,2,NB
2025-05-30 16:47:55.310,225,0.2558529,-0.03330277,0.01103249,-0.9660791,330.4216,4.616132,357.4721,2,NB
2025-05-30 16:47:55.333,226,0.2560214,-0.0325275,0.01106386,-0.9660605,330.3998,4.519338,357.493,2,NB
2025-05-30 16:47:55.388,227,0.2577582,-0.0316011,0.009794374,-0.965643,330.186,4.367885,357.6745,2,NB
2025-05-30 16:47:55.410,228,0.2586501,-0.03187855,0.009223081,-0.965401,330.0784,4.388674,357.732,2,NB
2025-05-30 16:47:55.466,229,0.2621102,-0.03342645,0.008195437,-0.9644242,329.6671,4.57007,357.7869,2,NB
2025-05-30 16:47:55.503,230,0.2642024,-0.03391317,0.008290795,-0.9638352,329.4205,4.647345,357.7432,2,NB
2025-05-30 16:47:55.533,231,0.2628135,-0.03257023,0.008266131,-0.9642615,329.5821,4.466524,357.8028,2,NB
2025-05-30 16:47:55.585,232,0.261198,-0.03256242,0.009172432,-0.9646924,329.7779,4.488167,357.698,2,NB
2025-05-30 16:47:55.600,233,0.2601272,-0.0317837,0.009209146,-0.9650073,329.9031,4.383954,357.7273,2,NB
2025-05-30 16:47:55.661,234,0.2575224,-0.03033241,0.00864389,-0.9657576,330.2059,4.165718,357.8658,2,NB
2025-05-30 16:47:55.701,235,0.2602987,-0.03138836,0.009639989,-0.9649698,329.8838,4.34908,357.6847,2,NB
2025-05-30 16:47:55.733,236,0.2603039,-0.0328696,0.01014048,-0.964914,329.8891,4.555833,357.5697,2,NB
2025-05-30 16:47:55.782,237,0.2598699,-0.03361183,0.01012218,-0.9650055,329.9423,4.647697,357.5496,2,NB
2025-05-30 16:47:55.821,238,0.2585277,-0.03294386,0.009778039,-0.9653925,330.0981,4.543008,357.6257,2,NB
2025-05-30 16:47:55.859,239,0.2581793,-0.03184818,0.009212773,-0.9655281,330.1341,4.381942,357.7375,2,NB
2025-05-30 16:47:55.901,240,0.2579494,-0.03024384,0.008478307,-0.9656478,330.1544,4.150928,357.8872,2,NB
2025-05-30 16:47:55.942,241,0.2579804,-0.02731452,0.007331478,-0.9657362,330.14,3.738046,358.1331,2,NB
2025-05-30 16:47:55.977,242,0.2570391,-0.0243352,0.005825724,-0.9660771,330.2408,3.302762,358.4312,2,NB
2025-05-30 16:47:56.014,243,0.2574409,-0.0181441,0.00196117,-0.9661218,330.174,2.382799,359.1327,2,NB
2025-05-30 16:47:56.054,244,0.2590474,-0.02124605,0.002145083,-0.9656287,329.987,2.78962,358.9975,2,NB
2025-05-30 16:47:56.065,245,0.2584877,-0.02525803,0.002329374,-0.9656816,330.0585,3.30698,358.8391,2,NB
2025-05-30 16:47:56.129,246,0.2564652,-0.02931909,0.003088796,-0.9661038,330.3063,3.843872,358.6143,2,NB
2025-05-30 16:47:56.163,247,0.2547514,-0.02815061,0.004039879,-0.9665884,330.5113,3.72019,358.5417,2,NB
2025-05-30 16:47:56.204,248,0.2550902,-0.02449946,0.004360667,-0.9665971,330.467,3.267158,358.6216,2,NB
2025-05-30 16:47:56.245,249,0.2551365,-0.02358481,0.004616786,-0.9666065,330.461,3.159397,358.6195,2,NB
2025-05-30 16:47:56.285,250,0.2543261,-0.0255757,0.005916552,-0.9667624,330.5645,3.453397,358.3913,2,NB
2025-05-30 16:47:56.320,251,0.2539278,-0.02682822,0.006418257,-0.9668299,330.6157,3.627922,358.2878,2,NB
2025-05-30 16:47:56.359,252,0.2536952,-0.02876868,0.007286681,-0.9668289,330.6502,3.902693,358.114,2,NB
2025-05-30 16:47:56.401,253,0.2544698,-0.02874443,0.007108126,-0.9666274,330.5577,3.897144,358.1331,2,NB
2025-05-30 16:47:56.433,254,0.2555732,-0.02758198,0.006498298,-0.9663745,330.4225,3.73351,358.2435,2,NB
2025-05-30 16:47:56.478,255,0.2559373,-0.02713045,0.006248163,-0.9662925,330.3776,3.669096,358.2885,2,NB
2025-05-30 16:47:56.517,256,0.2556143,-0.02743926,0.005648898,-0.966373,330.4141,3.686968,358.3562,2,NB
2025-05-30 16:47:56.556,257,0.2555814,-0.0276486,0.00630255,-0.9663716,330.4209,3.735462,358.2661,2,NB
2025-05-30 16:47:56.598,258,0.2541308,-0.02776841,0.006303164,-0.9667507,330.5929,3.744581,358.2699,2,NB
2025-05-30 16:47:56.622,259,0.2511611,-0.02710714,0.006758827,-0.9675422,330.9448,3.663127,358.25,2,NB
2025-05-30 16:47:56.680,260,0.2431953,-0.0258366,0.007807123,-0.9696019,331.8877,3.503472,358.1999,2,NB
2025-05-30 16:47:56.723,261,0.2239165,-0.02384458,0.009592889,-0.9742695,334.1605,3.233011,358.1299,2,NB
2025-05-30 16:47:56.755,262,0.1934161,-0.0208958,0.01247831,-0.9808149,337.7351,2.837762,357.9837,2,NB
2025-05-30 16:47:56.806,263,0.1802469,-0.02198014,0.01257752,-0.9832955,339.2728,2.927093,357.9989,2,NB
2025-05-30 16:47:56.833,264,0.1778147,-0.02061646,0.01045501,-0.9837925,339.5473,2.708928,358.2935,2,NB
2025-05-30 16:47:56.877,265,0.1609809,-0.01684375,0.0126351,-0.9867331,341.5024,2.254658,358.1656,2,NB
2025-05-30 16:47:56.933,266,0.1469948,-0.01742463,0.01608687,-0.988853,343.133,2.347026,357.7879,2,NB
2025-05-30 16:47:56.973,267,0.1333249,-0.01722965,0.01759484,-0.9907665,344.7173,2.307142,357.6556,2,NB
2025-05-30 16:47:57.014,268,0.125042,-0.01843408,0.01752191,-0.9918255,345.6767,2.422181,357.6714,2,NB
2025-05-30 16:47:57.057,269,0.1269364,-0.01838288,0.0153808,-0.9916214,345.4526,2.389889,357.9177,2,NB
2025-05-30 16:47:57.115,270,0.1155188,-0.01405513,0.01187747,-0.993135,346.7549,1.805078,358.42,2,NB
2025-05-30 16:47:57.134,271,0.1077033,-0.01262267,0.01141915,-0.9940374,347.6529,1.616357,358.5088,2,NB
2025-05-30 16:47:57.168,272,0.1039525,-0.01126985,0.01056767,-0.9944624,348.0818,1.441381,358.6319,2,NB
2025-05-30 16:47:57.224,273,0.09256014,-0.008172698,0.009830995,-0.9956251,349.3884,1.054796,358.7706,2,NB
2025-05-30 16:47:57.270,274,0.08560595,-0.007048301,0.009418644,-0.9962597,350.1867,0.9104075,358.8385,2,NB
2025-05-30 16:47:57.312,275,0.08457404,-0.005983319,0.008895602,-0.9963596,350.3037,0.7805274,358.9107,2,NB
2025-05-30 16:47:57.354,276,0.08044171,-0.006977012,0.007752696,-0.9967048,350.7789,0.8797387,359.0378,2,NB
2025-05-30 16:47:57.399,277,0.07775721,-0.006797947,0.008146917,-0.9969159,351.0876,0.8595866,358.9966,2,NB
2025-05-30 16:47:57.422,278,0.0708178,-0.006637007,0.008110835,-0.9974343,351.8848,0.8327823,359.0091,2,NB
2025-05-30 16:47:57.480,279,0.06662393,-0.006382855,0.008214029,-0.997724,352.3663,0.7995788,359.0033,2,NB
2025-05-30 16:47:57.510,280,0.0615783,-0.007035243,0.007466077,-0.9980497,352.9456,0.8638621,359.0895,2,NB
2025-05-30 16:47:57.566,281,0.0624252,-0.009177472,0.005407672,-0.9979929,352.8481,1.096833,359.3105,2,NB
2025-05-30 16:47:57.608,282,0.0578289,-0.01010767,0.004835062,-0.9982638,353.3757,1.196356,359.3757,2,NB
2025-05-30 16:47:57.650,283,0.05150643,-0.008423032,0.004114567,-0.9986289,354.0994,0.9934827,359.4767,2,NB
2025-05-30 16:47:57.678,284,0.04183418,-0.00714524,0.00347521,-0.9990931,355.2078,0.8376591,359.5663,2,NB
2025-05-30 16:47:57.733,285,0.03587037,-0.006608225,0.002482329,-0.9993317,355.8907,0.7689438,359.6878,2,NB
2025-05-30 16:47:57.772,286,0.02870566,-0.006047423,0.00210183,-0.9995676,356.7116,0.7007689,359.7389,2,NB
2025-05-30 16:47:57.814,287,0.02185869,-0.006668245,0.002153104,-0.9997367,357.4967,0.7700742,359.7364,2,NB
2025-05-30 16:47:57.854,288,0.02103728,-0.008182795,0.0001183082,-0.9997454,357.5893,0.9385979,359.9667,2,NB
2025-05-30 16:47:57.896,289,0.01658723,-0.008367305,-0.0002760093,-0.9998274,358.099,0.9587047,0.01572733,2,NB
2025-05-30 16:47:57.922,290,0.009580925,-0.008906726,-0.000563778,-0.9999144,358.9016,1.02017,0.05483011,2,NB
2025-05-30 16:47:57.980,291,0.0009287894,-0.01089736,-0.0008645162,-0.9999399,359.8925,1.248679,0.0979007,2,NB
2025-05-30 16:47:58.022,292,-0.006098494,-0.01135669,-0.0012093,-0.9999163,0.6972206,1.302326,0.1465115,2,NB
2025-05-30 16:47:58.061,293,-0.01475327,-0.01107934,-0.001568781,-0.9998286,1.688563,1.27269,0.1985555,2,NB
2025-05-30 16:47:58.103,294,-0.02624825,-0.01234883,-0.001879877,-0.9995775,3.005274,1.42223,0.2528187,2,NB
2025-05-30 16:47:58.148,295,-0.03399682,-0.01520191,-0.00164187,-0.9993051,3.893176,1.751511,0.2478091,2,NB
2025-05-30 16:47:58.195,296,-0.04640767,-0.01338231,-0.002070126,-0.9988309,5.31616,1.549569,0.3094402,2,NB
2025-05-30 16:47:58.222,297,-0.05731988,-0.01091343,-0.002397732,-0.9982934,6.568545,1.27266,0.3482626,2,NB
2025-05-30 16:47:58.281,298,-0.0647864,-0.01105908,-0.003144371,-0.997833,7.424664,1.298876,0.4453785,2,NB
2025-05-30 16:47:58.325,299,-0.0777581,-0.01108978,-0.004202479,-0.9969018,8.913383,1.320364,0.5859777,2,NB
2025-05-30 16:47:58.370,300,-0.08530647,-0.0106191,-0.004519982,-0.996288,9.781053,1.275166,0.6289904,2,NB
2025-05-30 16:47:58.413,301,-0.1038274,-0.009798905,-0.00492317,-0.994535,11.91283,1.201268,0.6925883,2,NB
2025-05-30 16:47:58.501,302,-0.1130298,-0.01582758,-0.004017523,-0.9934574,12.97074,1.902767,0.6797239,2,NB
2025-05-30 16:47:58.518,303,-0.1409905,-0.02210737,-0.003606251,-0.9897577,16.19656,2.672641,0.7978793,2,NB
2025-05-30 16:47:58.533,304,-0.1458851,-0.02500824,-0.003070285,-0.9889808,16.76228,3.014918,0.8000381,2,NB
2025-05-30 16:47:58.604,305,-0.1438743,-0.02396267,-0.003291605,-0.9893004,16.52968,2.891481,0.801365,2,NB
2025-05-30 16:47:58.635,306,-0.1674945,-0.0221175,-0.0030447,-0.9856203,19.27103,2.709228,0.8140284,2,NB
2025-05-30 16:47:58.676,307,-0.1760148,-0.01716833,-0.001930429,-0.984236,20.26813,2.10612,0.6012439,2,NB
2025-05-30 16:47:58.717,308,-0.1829107,-0.01785458,-0.002359868,-0.9829646,21.06981,2.208775,0.6859202,2,NB
2025-05-30 16:47:58.756,309,-0.1999936,-0.01958705,-0.004104767,-0.9795929,23.05806,2.492642,0.9886938,2,NB
2025-05-30 16:47:58.793,310,-0.213317,-0.01961105,-0.005934259,-0.9767683,24.61316,2.574849,1.257989,2,NB
2025-05-30 16:47:58.822,311,-0.2160649,-0.01844104,-0.007113225,-0.9761791,24.93398,2.469866,1.381135,2,NB
2025-05-30 16:47:58.871,312,-0.2253568,-0.01583202,-0.007491913,-0.974119,26.02806,2.182565,1.385808,2,NB
2025-05-30 16:47:58.908,313,-0.2396377,-0.01442823,-0.008365912,-0.9707193,27.71024,2.072802,1.498852,2,NB
2025-05-30 16:47:58.948,314,-0.2445815,-0.01458236,-0.008991312,-0.9694775,28.29233,2.126466,1.598747,2,NB
2025-05-30 16:47:58.977,315,-0.2550883,-0.01444554,-0.009927342,-0.966759,29.5334,2.173335,1.749596,2,NB
2025-05-30 16:47:59.029,316,-0.2617205,-0.01445233,-0.00993863,-0.9649845,30.31974,2.197186,1.775545,2,NB
2025-05-30 16:47:59.055,317,-0.271852,-0.0139938,-0.01020648,-0.9621834,31.5241,2.183584,1.831897,2,NB
2025-05-30 16:47:59.088,318,-0.2823144,-0.01312249,-0.01017465,-0.9591784,32.77303,2.107342,1.835254,2,NB
2025-05-30 16:47:59.132,319,-0.2856796,-0.01196467,-0.01008989,-0.9581975,33.17743,1.964642,1.791928,2,NB
2025-05-30 16:47:59.184,320,-0.293307,-0.01114709,-0.01031997,-0.9558977,34.09128,1.893595,1.817722,2,NB
2025-05-30 16:47:59.199,321,-0.3128404,-0.01003851,-0.01059562,-0.9496937,36.44083,1.83046,1.881024,2,NB
2025-05-30 16:47:59.260,322,-0.3154568,-0.009916105,-0.01056251,-0.9488294,36.75681,1.822585,1.881174,2,NB
2025-05-30 16:47:59.287,323,-0.3286119,-0.009436982,-0.01130771,-0.9443503,38.34798,1.845407,2.013809,2,NB
2025-05-30 16:47:59.320,324,-0.3368737,-0.00898331,-0.01136278,-0.9414386,39.35234,1.82086,2.034162,2,NB
2025-05-30 16:47:59.365,325,-0.3470401,-0.008345009,-0.01163106,-0.9377412,40.59238,1.790322,2.083409,2,NB
2025-05-30 16:47:59.409,326,-0.3611546,-0.00729741,-0.01211219,-0.9323989,42.32253,1.732772,2.159296,2,NB
2025-05-30 16:47:59.431,327,-0.3704947,-0.006517712,-0.01217259,-0.928732,43.47371,1.668221,2.166977,2,NB
2025-05-30 16:47:59.497,328,-0.3749792,-0.006505364,-0.01225384,-0.9269296,44.02715,1.693586,2.199553,2,NB
2025-05-30 16:47:59.520,329,-0.391995,-0.006064713,-0.01255625,-0.9198619,46.13792,1.736803,2.303839,2,NB
2025-05-30 16:47:59.554,330,-0.4055828,-0.005201774,-0.01282463,-0.9139536,47.83666,1.69982,2.361799,2,NB
2025-05-30 16:47:59.598,331,-0.4087566,-0.003008871,-0.01293366,-0.912547,48.24,1.382168,2.24289,2,NB
2025-05-30 16:47:59.652,332,-0.4292037,-0.001217125,-0.01343615,-0.9031071,50.82325,1.245581,2.296505,2,NB
2025-05-30 16:47:59.676,333,-0.4448432,3.30765e-05,-0.01332008,-0.8955096,52.81834,1.117977,2.259548,2,NB
2025-05-30 16:47:59.720,334,-0.4587675,0.00202535,-0.01377756,-0.8884474,54.61082,0.8946585,2.238762,2,NB
2025-05-30 16:47:59.752,335,-0.4713234,0.003102423,-0.01390934,-0.8818455,56.23817,0.7876796,2.228225,2,NB
2025-05-30 16:47:59.809,336,-0.4800376,0.004798286,-0.01346473,-0.8771315,57.37758,0.4792973,2.021228,2,NB
2025-05-30 16:47:59.828,337,-0.4969783,0.005386858,-0.01341295,-0.8676428,59.60337,0.4511565,2.029736,2,NB
2025-05-30 16:47:59.873,338,-0.503698,0.005407618,-0.01318374,-0.8637623,60.49274,0.4582764,2.016115,2,NB
2025-05-30 16:47:59.924,339,-0.5225909,0.005912595,-0.01297167,-0.8524646,63.01604,0.4390844,2.012724,2,NB
2025-05-30 16:47:59.950,340,-0.5335513,0.006121777,-0.01275361,-0.8456495,64.49541,0.4332194,2.001392,2,NB
2025-05-30 16:47:59.972,341,-0.5529124,0.006235919,-0.01299295,-0.8331149,67.13766,0.586575,2.176244,2,NB
2025-05-30 16:48:00.017,342,-0.5598222,0.006239582,-0.01337982,-0.8284814,68.09003,0.7127636,2.332055,2,NB
2025-05-30 16:48:00.049,343,-0.5809253,0.006050585,-0.0134492,-0.8138234,71.03262,1.018547,2.620531,2,NB
2025-05-30 16:48:00.123,344,-0.5885074,0.00646768,-0.01315242,-0.8083591,72.10487,0.9368693,2.546293,2,NB
2025-05-30 16:48:00.128,345,-0.6211594,0.007194008,-0.01277049,-0.7835473,76.80507,1.152529,2.781061,2,NB
2025-05-30 16:48:00.172,346,-0.6212595,0.008121701,-0.01274523,-0.7834593,76.82283,0.7817239,2.483843,2,NB
2025-05-30 16:48:00.217,347,-0.6403017,0.008356881,-0.01211689,-0.7679827,79.63563,0.8538737,2.5197,2,NB
2025-05-30 16:48:00.250,348,-0.6689451,0.008230077,-0.01205484,-0.7431687,83.97504,2.126868,3.772854,2,NB
2025-05-30 16:48:00.283,349,-0.6784108,0.007906206,-0.01243431,-0.7345353,85.43649,3.787846,5.43737,2,NB
2025-05-30 16:48:00.327,350,-0.6921716,0.007647107,-0.01201671,-0.7215926,87.58979,7.650924,9.244656,2,NB
2025-05-30 16:48:00.360,351,-0.7086581,0.008138106,-0.01130373,-0.7054148,89.63416,134.9066,136.4824,2,NB
2025-05-30 16:48:00.414,352,-0.7289418,0.008348328,-0.01076973,-0.6844403,86.38828,176.1105,177.6605,2,NB
2025-05-30 16:48:00.450,353,-0.7433674,0.0083156,-0.01071815,-0.6687458,83.94758,177.3837,178.9282,2,NB
2025-05-30 16:48:00.487,354,-0.7501122,0.00879145,-0.01144044,-0.6611533,82.78379,177.473,179.1157,2,NB
2025-05-30 16:48:00.524,355,-0.7703246,0.008929671,-0.01053363,-0.6375026,79.22093,178.5161,180.1002,2,NB
2025-05-30 16:48:00.550,356,-0.7873398,0.01020984,-0.01027099,-0.6163493,76.11092,179.1436,180.8154,2,NB
2025-05-30 16:48:00.597,357,-0.8020899,0.01087067,-0.01020388,-0.5970175,73.32443,179.3233,181.0493,2,NB
2025-05-30 16:48:00.617,358,-0.8083882,0.0109291,-0.009434522,-0.5884728,72.1076,179.5542,181.2246,2,NB
2025-05-30 16:48:00.672,359,-0.8199162,0.01051522,-0.009127574,-0.5723144,69.83297,179.5128,181.1294,2,NB
2025-05-30 16:48:00.709,360,-0.8182086,0.01013982,-0.009857169,-0.5747476,70.17397,179.244,180.889,2,NB
2025-05-30 16:48:00.728,361,-0.8163706,0.009549287,-0.009033445,-0.577379,70.54148,179.3598,180.8875,2,NB
2025-05-30 16:48:00.772,362,-0.8133159,0.01025397,-0.007495455,-0.5816838,71.14493,179.9533,181.4113,2,NB
2025-05-30 16:48:00.794,363,-0.8066888,0.009995484,-0.007723957,-0.5908415,72.44065,179.8765,181.3294,2,NB
2025-05-30 16:48:00.838,364,-0.7941682,0.01016646,-0.00837822,-0.6075553,74.83415,179.7911,181.307,2,NB
2025-05-30 16:48:00.883,365,-0.7830374,0.009865999,-0.007314826,-0.6218535,76.90946,180.2061,181.6074,2,NB
2025-05-30 16:48:00.905,366,-0.7778537,0.01017242,-0.006936223,-0.628325,77.85841,180.5428,181.9369,2,NB
2025-05-30 16:48:00.950,367,-0.7689345,0.01000063,-0.006979883,-0.6392114,79.47111,180.6431,182.0248,2,NB
2025-05-30 16:48:01.002,368,-0.7624224,0.009550211,-0.007203275,-0.6469694,80.63262,180.4835,181.8456,2,NB
2025-05-30 16:48:01.028,369,-0.7527623,0.008587156,-0.007315274,-0.658196,82.33105,180.1248,181.4163,2,NB
2025-05-30 16:48:01.074,370,-0.7482886,0.008629086,-0.007358292,-0.6632766,83.10673,180.2075,181.5053,2,NB
2025-05-30 16:48:01.094,371,-0.7430331,0.00931602,-0.006765748,-0.6691558,84.00756,181.3246,182.6295,2,NB
2025-05-30 16:48:01.127,372,-0.7367826,0.008804722,-0.005952451,-0.6760463,85.07185,182.0903,183.2872,2,NB
2025-05-30 16:48:01.172,373,-0.7313308,0.007403094,-0.004928003,-0.6819652,85.9942,182.3704,183.3702,2,NB
2025-05-30 16:48:01.220,374,-0.7260781,0.006516722,-0.004574665,-0.6875663,86.87519,182.4373,183.3364,2,NB
2025-05-30 16:48:01.239,375,-0.7180744,0.005148261,-0.004655071,-0.695932,88.2055,180.8787,181.6732,2,NB
2025-05-30 16:48:01.283,376,-0.7089753,0.004021893,-0.005127146,-0.7052035,89.68286,163.297,164.0385,2,NB
2025-05-30 16:48:01.316,377,-0.7025213,0.003367434,-0.005566353,-0.711633,89.24049,13.20579,13.92972,2,NB
2025-05-30 16:48:01.361,378,-0.6921324,0.002754307,-0.00697557,-0.7217319,87.57715,7.722088,8.510666,2,NB
2025-05-30 16:48:01.410,379,-0.684435,0.002373603,-0.008100616,-0.7290254,86.35664,6.894186,7.743334,2,NB
2025-05-30 16:48:01.428,380,-0.6753995,0.002544386,-0.009684034,-0.7373842,84.94275,6.074686,7.066517,2,NB
2025-05-30 16:48:01.472,381,-0.6676901,0.001995283,-0.01037407,-0.7443646,83.74715,5.734504,6.73828,2,NB
2025-05-30 16:48:01.493,382,-0.6579471,0.001918598,-0.01004695,-0.7529949,82.2645,4.402077,5.373852,2,NB
2025-05-30 16:48:01.557,383,-0.649729,0.002684393,-0.008502878,-0.7601138,81.0341,2.562682,3.471961,2,NB
2025-05-30 16:48:01.583,384,-0.6408624,0.003400193,-0.004737359,-0.7676337,79.71355,0.2733043,0.935347,2,NB
2025-05-30 16:48:01.604,385,-0.633591,0.003733792,-0.003557563,-0.7736512,78.63253,359.631,0.2247726,2,NB
2025-05-30 16:48:01.664,386,-0.6246121,0.004045595,-0.001187388,-0.780924,77.30624,358.7391,359.1658,2,NB
2025-05-30 16:48:01.701,387,-0.6144089,0.004422992,-0.0001512223,-0.7889755,75.8147,358.4115,358.785,2,NB
2025-05-30 16:48:01.727,388,-0.6051066,0.004973138,0.0006219049,-0.7961289,74.46761,358.1444,358.5002,2,NB
2025-05-30 16:48:01.760,389,-0.595356,0.004274191,0.001186245,-0.80345,73.07116,358.3704,358.6234,2,NB
2025-05-30 16:48:01.794,390,-0.5820319,0.004264918,0.002197128,-0.8131519,71.18089,358.3135,358.4834,2,NB
2025-05-30 16:48:01.828,391,-0.5757147,0.004143118,0.002955616,-0.817635,70.29214,358.2704,358.3681,2,NB
2025-05-30 16:48:01.872,392,-0.5614209,0.003104493,0.004294732,-0.8275135,68.30116,358.4563,358.3581,2,NB
2025-05-30 16:48:01.919,393,-0.5462656,0.00304664,0.004254143,-0.8375958,66.21615,358.6144,358.5145,2,NB
2025-05-30 16:48:01.939,394,-0.5363341,0.00251231,0.003895279,-0.8439932,64.86437,358.8643,358.7495,2,NB
2025-05-30 16:48:01.983,395,-0.5203706,0.000755734,0.003304509,-0.853934,62.71273,359.4089,359.1964,2,NB
2025-05-30 16:48:02.005,396,-0.4865734,8.282295e-05,0.002391669,-0.8736366,58.23082,359.731,359.5365,2,NB
2025-05-30 16:48:02.050,397,-0.4757797,-0.001484737,0.001520287,-0.879562,56.82048,0.1219899,359.8679,2,NB
2025-05-30 16:48:02.103,398,-0.4512788,-0.002646274,0.0009845929,-0.8923787,53.65162,0.3706655,0.06101387,2,NB
2025-05-30 16:48:02.130,399,-0.4119275,-0.003085902,0.0007932809,-0.9112111,48.65196,0.4310696,0.0951106,2,NB
2025-05-30 16:48:02.176,400,-0.3812422,-0.003053869,0.0009700211,-0.9244698,44.82143,0.3963597,0.04321717,2,NB
2025-05-30 16:48:02.216,401,-0.3589116,-0.00187786,0.0004866415,-0.9333696,42.06676,0.2435929,0.03392366,2,NB
2025-05-30 16:48:02.242,402,-0.3001999,-0.0005831843,0.0006053845,-0.9538761,34.93925,0.05235701,359.9438,2,NB
2025-05-30 16:48:02.293,403,-0.2527444,4.258003e-06,0.0009656488,-0.9675328,29.27992,359.9674,359.8771,2,NB
2025-05-30 16:48:02.334,404,-0.2196606,0.001363818,0.001587484,-0.9755742,25.37786,359.787,359.7656,2,NB
2025-05-30 16:48:02.364,405,-0.1868934,0.002623338,0.001176286,-0.982376,21.54261,359.6554,359.7972,2,NB
2025-05-30 16:48:02.412,406,-0.1525258,0.003675037,0.0008717643,-0.9882924,17.54614,359.5475,359.8291,2,NB
2025-05-30 16:48:02.447,407,-0.1345324,0.004587209,0.002038748,-0.9908966,15.46184,359.4269,359.6864,2,NB
2025-05-30 16:48:02.464,408,-0.1039969,0.005333527,0.002433435,-0.9945604,11.93703,359.3491,359.6516,2,NB
2025-05-30 16:48:02.510,409,-0.09887509,0.005844301,0.003580262,-0.9950764,11.34607,359.2789,359.5161,2,NB
2025-05-30 16:48:02.563,410,-0.07457563,0.005033843,0.003005793,-0.9971982,8.551776,359.3923,359.6092,2,NB
2025-05-30 16:48:02.588,411,-0.05570523,0.004474568,0.002299029,-0.9984347,6.385388,359.4701,359.7066,2,NB
2025-05-30 16:48:02.632,412,-0.03163434,0.004021152,0.001945378,-0.9994896,3.624699,359.5315,359.7621,2,NB
2025-05-30 16:48:02.656,413,-0.01952228,0.004271024,0.001918453,-0.9997986,2.236267,359.506,359.7705,2,NB
2025-05-30 16:48:02.718,414,-0.004290175,0.00451127,0.002526846,-0.9999776,0.4903064,359.4818,359.7082,2,NB
2025-05-30 16:48:02.733,415,0.01268767,0.004377691,0.002822216,-0.9999061,358.5447,359.5023,359.6829,2,NB
2025-05-30 16:48:02.777,416,0.01800017,0.003969038,0.002988675,-0.9998258,357.9359,359.5511,359.6656,2,NB
2025-05-30 16:48:02.828,417,0.03888379,0.004107981,0.002801742,-0.9992315,355.5419,359.5407,359.6966,2,NB
2025-05-30 16:48:02.855,418,0.06573731,0.006298685,0.003049064,-0.9978125,352.4596,359.2967,359.6962,2,NB
2025-05-30 16:48:02.889,419,0.08352932,0.008482739,0.00229328,-0.9964667,350.4152,359.0399,359.8168,2,NB
2025-05-30 16:48:02.922,420,0.1296298,0.01279759,0.00151171,-0.9914789,345.1026,358.5185,0.01898662,2,NB
2025-05-30 16:48:02.983,421,0.1758837,0.01682034,0.0004678699,-0.9842673,339.7419,357.9874,0.3051146,2,NB
2025-05-30 16:48:03.012,422,0.216486,0.0209702,-0.001309714,-0.9760597,335.0042,357.3754,0.7356243,2,NB
2025-05-30 16:48:03.057,423,0.2439083,0.02409069,-0.002913257,-0.9694948,331.7841,356.8687,1.1315,2,NB
2025-05-30 16:48:03.070,424,0.2859601,0.02759198,-0.004918067,-0.9578317,326.8022,356.1854,1.72586,2,NB
2025-05-30 16:48:03.132,425,0.3023503,0.02956209,-0.006338174,-0.9527174,324.849,355.7804,2.099433,2,NB
2025-05-30 16:48:03.155,426,0.3672776,0.03210129,-0.009485551,-0.929509,316.9868,354.7705,3.231193,2,NB
2025-05-30 16:48:03.199,427,0.3781589,0.03143345,-0.01014475,-0.9251514,315.6475,354.7174,3.411024,2,NB
2025-05-30 16:48:03.218,428,0.4277184,0.03168445,-0.01368905,-0.903253,309.4835,353.775,4.675801,2,NB
2025-05-30 16:48:03.261,429,0.4405797,0.03186058,-0.01413065,-0.8970367,307.8582,353.4871,4.994129,2,NB
2025-05-30 16:48:03.293,430,0.4785964,0.03205702,-0.01752538,-0.8772748,303.0077,352.2967,6.47525,2,NB
2025-05-30 16:48:03.327,431,0.4936436,0.0326271,-0.01880664,-0.8688486,301.0657,351.6133,7.224393,2,NB
2025-05-30 16:48:03.360,432,0.5159345,0.0325766,-0.02024451,-0.8557692,298.1492,350.65,8.319795,2,NB
2025-05-30 16:48:03.394,433,0.5455046,0.03126352,-0.02161163,-0.8372457,294.204,349.3273,9.872847,2,NB
2025-05-30 16:48:03.427,434,0.5638397,0.02993335,-0.02253046,-0.8250343,291.7167,348.3372,11.05197,2,NB
2025-05-30 16:48:03.460,435,0.5962047,0.02884899,-0.02312277,-0.8019809,287.2625,345.5909,13.9398,2,NB
2025-05-30 16:48:03.493,436,0.624431,0.02749544,-0.02255229,-0.78027,283.2924,341.994,17.60281,2,NB
2025-05-30 16:48:03.527,437,0.6457518,0.02492847,-0.02122104,-0.7628453,280.2117,338.3385,21.35985,2,NB
2025-05-30 16:48:03.560,438,0.6660463,0.02385529,-0.02023664,-0.7452543,277.3505,330.7502,28.95601,2,NB
2025-05-30 16:48:03.594,439,0.697193,0.02295973,-0.01910331,-0.7162612,273.7428,294.2297,65.45768,2,NB
2025-05-30 16:48:03.627,440,0.7100719,0.0133768,-0.01185008,-0.7039025,272.1044,256.196,103.6803,2,NB
2025-05-30 16:48:03.660,441,0.734907,0.009386915,-0.00826434,-0.6780528,274.8251,197.2022,162.7067,2,NB
2025-05-30 16:48:03.707,442,0.7646461,0.01583214,-0.01367403,-0.6441111,280.0681,193.6674,166.1571,2,NB
2025-05-30 16:48:03.727,443,0.7719982,0.01668675,-0.01385594,-0.6352548,281.3718,192.4755,167.294,2,NB
2025-05-30 16:48:03.760,444,0.7941554,0.01625796,-0.01368087,-0.6073432,285.3763,188.9995,170.7897,2,NB
2025-05-30 16:48:03.793,445,0.8058086,0.0162681,-0.01398322,-0.5917877,287.5831,187.9516,171.861,2,NB
2025-05-30 16:48:03.827,446,0.8200885,0.01585434,-0.01401807,-0.5718455,290.3669,186.7861,173.0627,2,NB
2025-05-30 16:48:03.849,447,0.8359118,0.01499726,-0.0138848,-0.5484833,293.5731,185.692,174.2159,2,NB
2025-05-30 16:48:03.893,448,0.8434504,0.01511146,-0.01443053,-0.536801,295.1641,185.4745,174.469,2,NB
2025-05-30 16:48:03.938,449,0.8644034,0.01436771,-0.01513731,-0.502366,299.7662,184.6914,175.3731,2,NB
2025-05-30 16:48:03.987,450,0.886254,0.01298385,-0.0161305,-0.4627368,304.9367,184.0662,176.2011,2,NB
2025-05-30 16:48:04.023,451,0.8930601,0.01238901,-0.01669254,-0.4494573,306.6429,183.9345,176.4329,2,NB
2025-05-30 16:48:04.028,452,0.9129443,0.01122613,-0.01746512,-0.4075562,311.9473,183.5199,177.0215,2,NB
2025-05-30 16:48:04.072,453,0.9144844,0.01115538,-0.01785231,-0.4040734,312.3844,183.5437,177.0383,2,NB
2025-05-30 16:48:04.111,454,0.9266104,0.01056292,-0.01824655,-0.3754317,315.9431,183.3302,177.3461,2,NB
2025-05-30 16:48:04.157,455,0.9376871,0.009983689,-0.01772826,-0.3468849,319.4445,183.031,177.6599,2,NB
2025-05-30 16:48:04.197,456,0.95291,0.008030066,-0.01840313,-0.3025879,324.8035,182.801,178.1458,2,NB
2025-05-30 16:48:04.220,457,0.9587833,0.007535484,-0.01862101,-0.2834276,327.0975,182.7292,178.2934,2,NB
2025-05-30 16:48:04.253,458,0.9616918,0.008024493,-0.01943466,-0.2733261,328.3049,182.8137,178.245,2,NB
2025-05-30 16:48:04.298,459,0.9645317,0.008747505,-0.02040114,-0.2630323,329.5325,182.9233,178.1645,2,NB
2025-05-30 16:48:04.345,460,0.9753729,0.008328716,-0.02172097,-0.2193327,334.6909,182.9183,178.3662,2,NB
2025-05-30 16:48:04.383,461,0.9780708,0.007940439,-0.02206749,-0.2069488,336.1421,182.9115,178.4545,2,NB
2025-05-30 16:48:04.398,462,0.9862728,0.006724281,-0.02439596,-0.1631745,341.2439,183.046,178.7156,2,NB
2025-05-30 16:48:04.442,463,0.9882048,0.006681928,-0.02476033,-0.1509765,342.6588,183.0599,178.7584,2,NB
2025-05-30 16:48:04.487,464,0.9907414,0.006156377,-0.025146,-0.1332725,344.7063,183.0586,178.8772,2,NB
2025-05-30 16:48:04.539,465,0.9941674,0.004852614,-0.02542373,-0.1046976,347.9991,183.022,179.123,2,NB
2025-05-30 16:48:04.579,466,0.9963672,0.00422645,-0.02603199,-0.08097603,350.7267,183.0527,179.2663,2,NB
2025-05-30 16:48:04.618,467,0.9980339,0.003897267,-0.02701838,-0.0564213,353.5457,183.1366,179.3756,2,NB
2025-05-30 16:48:04.642,468,0.9991425,0.003757306,-0.02795586,-0.03031417,356.5392,183.2214,179.4717,2,NB
2025-05-30 16:48:04.687,469,0.9994899,0.0037011,-0.0289779,-0.01291619,358.5328,183.3274,179.5331,2,NB
2025-05-30 16:48:04.741,470,0.9994789,0.00352812,-0.02961251,0.0123689,1.428753,183.3896,179.6378,2,NB
2025-05-30 16:48:04.764,471,0.9990336,0.003283922,-0.03033658,0.03164354,3.636433,183.4702,179.7335,2,NB
2025-05-30 16:48:04.808,472,0.9982284,0.00281511,-0.03120847,0.05057978,5.805746,183.5742,179.8581,2,NB
2025-05-30 16:48:04.860,473,0.9965466,0.002129655,-0.03129609,0.07688376,8.822262,183.6001,180.0329,2,NB
2025-05-30 16:48:04.887,474,0.9950495,0.0008045162,-0.03166143,0.09419944,10.80792,183.669,180.2545,2,NB
2025-05-30 16:48:04.920,475,0.9918405,-0.0002417028,-0.0314933,0.123534,14.184,183.6981,180.4882,2,NB
2025-05-30 16:48:04.979,476,0.9893092,-0.0004709859,-0.03168655,0.1423495,16.35723,183.7544,180.5943,2,NB
2025-05-30 16:48:05.009,477,0.9838209,-0.001582295,-0.03090931,0.1764616,20.31097,183.7525,180.8567,2,NB
2025-05-30 16:48:05.031,478,0.9818965,-0.002014447,-0.03032679,0.1869648,21.53305,183.7173,180.9422,2,NB
2025-05-30 16:48:05.076,479,0.9794025,-0.001845855,-0.0299163,0.1996815,23.01839,183.6965,180.9689,2,NB
2025-05-30 16:48:05.119,480,0.9725063,-0.002380264,-0.02883676,0.2310722,26.69885,183.6702,181.1517,2,NB
2025-05-30 16:48:05.165,481,0.9679984,-0.00214717,-0.02740866,0.2494464,28.86906,183.5441,181.1667,2,NB
2025-05-30 16:48:05.197,482,0.9618114,-0.002944198,-0.02594409,0.2724654,31.59878,183.4672,181.3321,2,NB
2025-05-30 16:48:05.258,483,0.9570308,-0.003396846,-0.02543858,0.2888489,33.55256,183.4846,181.4575,2,NB
2025-05-30 16:48:05.286,484,0.9496553,-0.00491129,-0.0258047,0.312194,36.34882,183.7073,181.81,2,NB
2025-05-30 16:48:05.319,485,0.9424293,-0.00547929,-0.02537614,0.3333965,38.91207,183.7938,182.0068,2,NB
2025-05-30 16:48:05.364,486,0.9331617,-0.006622253,-0.02446279,0.3585625,41.97987,183.8879,182.3053,2,NB
2025-05-30 16:48:05.398,487,0.9266782,-0.007793686,-0.02369642,0.3750271,44.00247,183.967,182.5672,2,NB
2025-05-30 16:48:05.441,488,0.9188795,-0.008164009,-0.02335865,0.3937618,46.3241,184.0985,182.7721,2,NB
2025-05-30 16:48:05.486,489,0.9081178,-0.009460744,-0.02223248,0.4180173,49.35826,184.2518,183.1482,2,NB
2025-05-30 16:48:05.518,490,0.9007505,-0.009625109,-0.02137205,0.4337044,51.34372,184.3014,183.2927,2,NB
2025-05-30 16:48:05.561,491,0.8898084,-0.01003065,-0.02050302,0.4557635,54.16171,184.4699,183.578,2,NB
2025-05-30 16:48:05.610,492,0.8783307,-0.01037707,-0.01959983,0.4775391,56.97864,184.6672,183.8877,2,NB
2025-05-30 16:48:05.647,493,0.8742494,-0.01000101,-0.01883729,0.4850084,57.95805,184.6097,183.8648,2,NB
2025-05-30 16:48:05.672,494,0.8613025,-0.01099602,-0.01784198,0.5076602,60.9393,184.9484,184.3754,2,NB
2025-05-30 16:48:05.720,495,0.851836,-0.01135175,-0.01776175,0.5233844,63.03354,185.3324,184.7983,2,NB
2025-05-30 16:48:05.739,496,0.8382336,-0.01183799,-0.01755041,0.5449003,65.9362,185.9579,185.4846,2,NB
2025-05-30 16:48:05.783,497,0.822748,-0.01269527,-0.01745339,0.5679967,69.09814,186.9453,186.5533,2,NB
2025-05-30 16:48:05.805,498,0.8125223,-0.01285131,-0.01736965,0.5825297,71.11854,187.6713,187.3002,2,NB
2025-05-30 16:48:05.849,499,0.8038425,-0.01311165,-0.01734536,0.5944447,72.78967,188.4491,188.1022,2,NB
2025-05-30 16:48:05.902,500,0.7877622,-0.01382352,-0.0166158,0.6156002,75.79726,190.1406,189.9126,2,NB
2025-05-30 16:48:05.927,501,0.7664272,-0.0138216,-0.01601584,0.6419828,79.61651,193.5723,193.3938,2,NB
2025-05-30 16:48:05.961,502,0.7535457,-0.01392356,-0.01559621,0.6570632,81.81754,197.08,196.9441,2,NB
2025-05-30 16:48:06.012,503,0.7335562,-0.0139384,-0.01483173,0.6793242,85.02409,207.9822,207.9097,2,NB
2025-05-30 16:48:06.039,504,0.7230125,-0.01426191,-0.01501897,0.6905245,86.45558,222.0585,221.9971,2,NB
2025-05-30 16:48:06.060,505,0.6976133,-0.0142495,-0.01432976,0.7161896,87.23792,303.0268,303.0203,2,NB
2025-05-30 16:48:06.105,506,0.6892743,-0.01398645,-0.01348476,0.7242401,86.39647,321.8244,321.8651,2,NB
2025-05-30 16:48:06.139,507,0.6604752,-0.005472683,-0.003950753,0.7508177,82.6349,353.9833,354.1069,2,NB
2025-05-30 16:48:06.183,508,0.6370581,-0.01776293,-0.01801014,0.7704009,78.79552,344.9924,344.9723,2,NB
2025-05-30 16:48:06.205,509,0.6166713,-0.01689009,-0.01578409,0.7868814,75.92095,349.0883,349.1786,2,NB
2025-05-30 16:48:06.249,510,0.6079245,-0.01727284,-0.01637481,0.7936381,74.66113,349.6938,349.7672,2,NB
2025-05-30 16:48:06.301,511,0.5786088,-0.01914463,-0.01789824,0.8151842,70.50315,351.0497,351.1522,2,NB
2025-05-30 16:48:06.327,512,0.5570405,-0.02102445,-0.01841849,0.8300149,67.50743,351.6704,351.8857,2,NB
2025-05-30 16:48:06.360,513,0.5318213,-0.02227146,-0.01824145,0.8463673,64.08186,352.4933,352.8284,2,NB
2025-05-30 16:48:06.394,514,0.5050119,-0.02370568,-0.01810447,0.862597,60.50339,353.0964,353.5657,2,NB
2025-05-30 16:48:06.447,515,0.4912018,-0.02452764,-0.01730307,0.8705286,58.68926,353.4031,354.011,2,NB
2025-05-30 16:48:06.472,516,0.4583699,-0.02598165,-0.01705246,0.8882181,54.42735,353.903,354.6628,2,NB
2025-05-30 16:48:06.507,517,0.4272791,-0.02740629,-0.01577988,0.9035667,50.46944,354.3185,355.3195,2,NB
2025-05-30 16:48:06.541,518,0.4051647,-0.02826076,-0.01483623,0.9136865,47.69296,354.5726,355.739,2,NB
2025-05-30 16:48:06.586,519,0.3695596,-0.02925247,-0.01328099,0.9286517,43.28338,354.9447,356.3544,2,NB
2025-05-30 16:48:06.620,520,0.3408939,-0.02968975,-0.01182051,0.9395587,39.7827,355.234,356.8331,2,NB
2025-05-30 16:48:06.664,521,0.3048164,-0.02954125,-0.009419224,0.9519064,35.43344,355.6371,357.4718,2,NB
2025-05-30 16:48:06.698,522,0.2752733,-0.02915537,-0.007272971,0.9608964,31.9105,355.9445,357.9728,2,NB
2025-05-30 16:48:06.756,523,0.2493175,-0.02865341,-0.005649548,0.9679815,28.83871,356.1846,358.3499,2,NB
2025-05-30 16:48:06.776,524,0.2094762,-0.02715342,-0.003770879,0.9774295,24.16034,356.5654,358.8226,2,NB
2025-05-30 16:48:06.820,525,0.1678095,-0.02485076,-0.002443,0.9855033,19.30715,356.9752,359.2013,2,NB
2025-05-30 16:48:06.865,526,0.1475594,-0.02313479,-0.00180143,0.9887811,16.96123,357.2266,359.3776,2,NB
2025-05-30 16:48:06.899,527,0.1070966,-0.02000524,-0.0004954433,0.9940473,12.29225,357.6609,359.691,2,NB
2025-05-30 16:48:06.943,528,0.06816262,-0.01681734,0.0001151517,0.9975325,7.816029,358.0602,359.8807,2,NB
2025-05-30 16:48:06.977,529,0.03610308,-0.01369379,0.0005826211,0.9992542,4.138535,358.4301,0.01008727,2,NB
2025-05-30 16:48:07.021,530,-0.000902947,-0.009635335,0.001518557,0.9999521,359.8982,358.8957,0.1750029,2,NB
2025-05-30 16:48:07.054,531,-0.03918062,-0.00527673,0.002309206,0.9992157,355.5106,359.3835,0.2889871,2,NB
2025-05-30 16:48:07.100,532,-0.05832962,-0.004235961,0.002953178,0.9982842,353.3137,359.4922,0.368652,2,NB
2025-05-30 16:48:07.132,533,-0.0954746,-0.006142486,0.01392895,0.9953157,349.054,359.1312,1.686792,2,NB
2025-05-30 16:48:07.178,534,-0.1113615,-0.008345432,0.01957494,0.9935523,347.2346,358.7696,2.395034,2,NB
2025-05-30 16:48:07.200,535,-0.1471477,-0.01247477,0.0330825,0.9884825,343.1372,357.9401,4.139075,2,NB
2025-05-30 16:48:07.245,536,-0.1633758,-0.01572614,0.04113549,0.9855807,341.2919,357.3108,5.223032,2,NB
2025-05-30 16:48:07.278,537,-0.1814351,-0.01942321,0.04942778,0.981968,339.2429,356.5616,6.39306,2,NB
2025-05-30 16:48:07.308,538,-0.2025471,-0.02498894,0.06054549,0.9770797,336.8722,355.4247,8.028343,2,NB
2025-05-30 16:48:07.367,539,-0.2156863,-0.02916444,0.06761994,0.973682,335.4129,354.5755,9.1283,2,NB
2025-05-30 16:48:07.390,540,-0.2472111,-0.03862261,0.08696725,0.9642779,331.963,352.351,12.21943,2,NB
2025-05-30 16:48:07.433,541,-0.2562706,-0.04174258,0.09441732,0.9610767,331.0066,351.5435,13.41179,2,NB
2025-05-30 16:48:07.466,542,-0.2778965,-0.05013525,0.1094097,0.9530423,328.7533,349.4611,16.05264,2,NB
2025-05-30 16:48:07.499,543,-0.2931154,-0.05767182,0.1226901,0.9464168,327.2709,347.569,18.43628,2,NB
2025-05-30 16:48:07.555,544,-0.3133215,-0.07041965,0.1442842,0.935977,325.5142,344.3585,22.40886,2,NB
2025-05-30 16:48:07.573,545,-0.3246907,-0.0789783,0.1592097,0.928973,324.6823,342.1491,25.1745,2,NB
2025-05-30 16:48:07.622,546,-0.3144895,-0.0893106,0.1885737,0.9260454,326.7166,340.1383,29.01138,2,NB
2025-05-30 16:48:07.655,547,-0.3190573,-0.1150608,0.2310684,0.9119051,328.0806,335.1056,35.66189,2,NB
2025-05-30 16:48:07.690,548,-0.325698,-0.1392583,0.2551424,0.8996836,329.0033,330.9084,39.89637,2,NB
2025-05-30 16:48:07.747,549,-0.3327486,-0.1609051,0.2756011,0.8873737,329.8773,327.1664,43.57402,2,NB
2025-05-30 16:48:07.766,550,-0.3476524,-0.1827405,0.3085141,0.8663504,330.6843,322.4714,49.35837,2,NB
2025-05-30 16:48:07.800,551,-0.3566195,-0.1982965,0.3286188,0.8517693,331.4982,319.3753,52.9356,2,NB
2025-05-30 16:48:07.856,552,-0.3675076,-0.2164055,0.355751,0.8315939,332.7895,315.6746,57.58239,2,NB
2025-05-30 16:48:07.889,553,-0.3714108,-0.2297627,0.368716,0.8205558,333.8903,313.5367,59.76182,2,NB
2025-05-30 16:48:07.912,554,-0.3980055,-0.249287,0.3995859,0.7872604,334.6945,308.1862,66.26759,2,NB
2025-05-30 16:48:07.944,555,-0.4031508,-0.2546249,0.4086296,0.7782402,335.2032,306.9165,67.93772,2,NB
2025-05-30 16:48:08.000,556,-0.4162409,-0.260734,0.4248369,0.7604441,335.6998,304.5992,71.27961,2,NB
2025-05-30 16:48:08.033,557,-0.4326155,-0.2599688,0.4461551,0.7390575,335.9532,302.489,75.5694,2,NB
2025-05-30 16:48:08.083,558,-0.4379734,-0.2583271,0.4504537,0.7338516,335.7898,301.969,76.65316,2,NB
2025-05-30 16:48:08.110,559,-0.4545511,-0.2513814,0.4673039,0.7154146,335.4529,300.4061,80.507,2,NB
2025-05-30 16:48:08.159,560,-0.4637239,-0.2476912,0.480298,0.7020851,335.593,299.4134,83.154,2,NB
2025-05-30 16:48:08.188,561,-0.4744285,-0.2430691,0.4974011,0.6844175,335.9453,298.2112,86.54571,2,NB
2025-05-30 16:48:08.222,562,-0.4912898,-0.2323104,0.5244156,0.6554806,336.3964,296.5325,92.04847,2,NB
2025-05-30 16:48:08.266,563,-0.5029458,-0.2228111,0.5401199,0.6369234,336.4227,295.5159,95.59566,2,NB
2025-05-30 16:48:08.300,564,-0.5178263,-0.2059755,0.5668887,0.6066856,336.7474,294.3528,101.2354,2,NB
2025-05-30 16:48:08.345,565,-0.5302727,-0.1880453,0.5893309,0.5797752,336.844,293.5187,106.2315,2,NB
2025-05-30 16:48:08.367,566,-0.5415276,-0.1706172,0.6108516,0.5518135,337.0952,292.6863,111.1781,2,NB
2025-05-30 16:48:08.430,567,-0.5527672,-0.1562002,0.6236654,0.5301809,336.9646,291.689,115.0069,2,NB
2025-05-30 16:48:08.443,568,-0.5669876,-0.1296623,0.6524459,0.4858263,337.5598,290.4825,122.3316,2,NB
2025-05-30 16:48:08.499,569,-0.5818403,-0.113561,0.6608831,0.4602168,337.3287,288.7847,126.6351,2,NB
2025-05-30 16:48:08.532,570,-0.6037591,-0.07992998,0.6868631,0.3966175,338.3386,286.1283,136.3624,2,NB
2025-05-30 16:48:08.577,571,-0.6238142,-0.06400348,0.6875383,0.3661293,338.3594,283.28,141.1311,2,NB
2025-05-30 16:48:08.611,572,-0.6403889,-0.03901577,0.6993986,0.3149948,339.5822,280.8716,148.4346,2,NB
2025-05-30 16:48:08.643,573,-0.6530718,-0.02865913,0.7005171,0.2862725,340.5028,278.8701,152.2778,2,NB
2025-05-30 16:48:08.687,574,-0.6690373,-0.01722341,0.7008737,0.2467156,342.1828,276.2827,157.2033,2,NB
2025-05-30 16:48:08.720,575,-0.6773545,-0.009707591,0.7020926,0.2194602,343.5204,274.9171,160.4227,2,NB
2025-05-30 16:48:08.774,576,-0.6849672,-0.004356771,0.7053493,0.182438,345.8901,273.6418,164.2449,2,NB
2025-05-30 16:48:08.799,577,-0.6904286,-0.002073466,0.706432,0.1557499,347.7523,272.7337,166.8143,2,NB
2025-05-30 16:48:08.843,578,-0.6976302,-0.001924847,0.7058399,0.1228771,350.2861,271.5474,169.7053,2,NB
2025-05-30 16:48:08.876,579,-0.703227,-0.001395823,0.7053383,0.08926332,352.9015,270.6317,172.5956,2,NB
2025-05-30 16:48:08.920,580,-0.7077655,-0.0007284032,0.7032732,0.06689159,354.6256,269.8927,174.5178,2,NB
2025-05-30 16:48:08.942,581,-0.7118894,-0.002705465,0.7013813,0.03564477,357.3087,269.2206,176.9095,2,NB
2025-05-30 16:48:09.006,582,-0.7159025,-0.004086827,0.6977061,0.02594595,358.1979,268.563,177.5884,2,NB
2025-05-30 16:48:09.020,583,-0.7187691,-0.01137961,0.6949778,-0.01573148,2.20252,268.0779,180.3158,2,NB
2025-05-30 16:48:09.065,584,-0.7178465,-0.01287523,0.6956362,-0.02491902,3.077634,268.2245,180.9287,2,NB
2025-05-30 16:48:09.120,585,-0.7134284,-0.01484718,0.6991978,-0.0438439,4.779491,268.942,182.3077,2,NB
2025-05-30 16:48:09.143,586,-0.7068137,-0.01641213,0.7029236,-0.07774131,7.641262,270.0168,184.9832,2,NB
2025-05-30 16:48:09.198,587,-0.700383,-0.01536522,0.7060915,-0.1032595,9.575136,271.0724,187.2417,2,NB
2025-05-30 16:48:09.238,588,-0.694294,-0.01382534,0.7081998,-0.1273496,11.32759,272.0766,189.4613,2,NB
2025-05-30 16:48:09.265,589,-0.6859225,-0.007890625,0.7088442,-0.1642809,13.68326,273.4752,193.2124,2,NB
2025-05-30 16:48:09.298,590,-0.678122,0.000617637,0.7075015,-0.1989772,15.60403,274.7825,197.0495,2,NB
2025-05-30 16:48:09.344,591,-0.6689072,0.01308773,0.7049177,-0.2355487,17.25763,276.2994,201.4737,2,NB
2025-05-30 16:48:09.395,592,-0.6598397,0.02687947,0.7035056,-0.26262,17.98418,277.7206,205.2003,2,NB
2025-05-30 16:48:09.422,593,-0.6502689,0.04465479,0.6946092,-0.3044255,19.50454,279.1758,210.6818,2,NB
2025-05-30 16:48:09.466,594,-0.6413707,0.06164181,0.6875986,-0.3347421,20.15847,280.4141,215.072,2,NB
2025-05-30 16:48:09.500,595,-0.6317248,0.0796722,0.6765555,-0.3699311,21.07464,281.6956,220.1144,2,NB
2025-05-30 16:48:09.534,596,-0.6190613,0.1053703,0.6552025,-0.4199645,22.45078,283.2177,227.4438,2,NB
2025-05-30 16:48:09.577,597,-0.6133164,0.1141799,0.650262,-0.4335498,22.53902,283.8829,229.6505,2,NB
2025-05-30 16:48:09.621,598,-0.5984328,0.1430124,0.6173472,-0.4902125,24.21375,285.4429,238.3563,2,NB
2025-05-30 16:48:09.665,599,-0.5897677,0.1592853,0.5945718,-0.5227684,25.29067,286.2894,243.5529,2,NB
2025-05-30 16:48:09.699,600,-0.5824973,0.1738177,0.5721707,-0.5505499,26.26228,286.9183,248.1773,2,NB
2025-05-30 16:48:09.743,601,-0.5715318,0.1914889,0.5399318,-0.5875009,27.69527,287.9832,254.5182,2,NB
2025-05-30 16:48:09.798,602,-0.5634331,0.2007943,0.5189629,-0.6106575,28.66709,288.9164,258.5914,2,NB
2025-05-30 16:48:09.821,603,-0.55066,0.213761,0.4889614,-0.6418698,29.85866,290.39,264.4007,2,NB
2025-05-30 16:48:09.866,604,-0.5403705,0.2217121,0.4660235,-0.6645795,30.76993,291.6993,268.7759,2,NB
2025-05-30 16:48:09.909,605,-0.5262735,0.229045,0.4390958,-0.6912088,31.76148,293.6555,274.0778,2,NB
2025-05-30 16:48:09.943,606,-0.5171843,0.2321493,0.4239415,-0.7063292,32.26048,294.9907,277.1729,2,NB
2025-05-30 16:48:09.977,607,-0.5038093,0.2351049,0.4029262,-0.7270163,32.8946,297.0461,281.5174,2,NB
2025-05-30 16:48:10.033,608,-0.4913562,0.234961,0.3842224,-0.7454768,33.50671,299.1951,285.4327,2,NB
2025-05-30 16:48:10.066,609,-0.481541,0.2335448,0.3702964,-0.7592469,33.93523,300.987,288.4083,2,NB
2025-05-30 16:48:10.110,610,-0.4706883,0.2294937,0.3555346,-0.7741967,34.44568,303.2013,291.6386,2,NB
2025-05-30 16:48:10.154,611,-0.4552658,0.2219862,0.340551,-0.7921366,34.75512,306.3445,295.4853,2,NB
2025-05-30 16:48:10.187,612,-0.4466995,0.2148388,0.3341793,-0.8016409,34.93143,308.3436,297.4219,2,NB
2025-05-30 16:48:10.233,613,-0.4306731,0.1958418,0.3185772,-0.8213864,35.64183,312.8162,301.6189,2,NB
2025-05-30 16:48:10.277,614,-0.4190589,0.1763341,0.3058147,-0.8365247,36.38834,316.7752,304.9997,2,NB
2025-05-30 16:48:10.310,615,-0.3918793,0.148905,0.2790565,-0.8639361,36.44219,323.7218,311.8879,2,NB
2025-05-30 16:48:10.355,616,-0.3843381,0.1354068,0.2724935,-0.8716058,36.59734,326.2959,313.8375,2,NB
2025-05-30 16:48:10.399,617,-0.3637474,0.111762,0.2498938,-0.8903653,36.29044,331.806,319.2352,2,NB
2025-05-30 16:48:10.432,618,-0.3420744,0.09303665,0.2292831,-0.9065091,35.27654,336.4991,324.044,2,NB
2025-05-30 16:48:10.487,619,-0.3266554,0.07900521,0.2159079,-0.9167543,34.38907,339.7286,327.1624,2,NB
2025-05-30 16:48:10.520,620,-0.2992637,0.06114282,0.191425,-0.9327698,32.33575,344.3,332.2274,2,NB
2025-05-30 16:48:10.565,621,-0.282447,0.05058586,0.1768646,-0.9414796,30.92679,346.8497,335.0684,2,NB
2025-05-30 16:48:10.610,622,-0.2602831,0.04185944,0.1587375,-0.9514741,28.81716,349.3256,338.3069,2,NB
2025-05-30 16:48:10.654,623,-0.2426835,0.03761946,0.1452112,-0.958438,27.01789,350.7896,340.5522,2,NB
2025-05-30 16:48:10.699,624,-0.215982,0.0309542,0.123947,-0.9680037,24.23431,352.8519,343.8701,2,NB
2025-05-30 16:48:10.743,625,-0.1933893,0.02722428,0.104627,-0.9751477,21.80627,354.2163,346.6369,2,NB
2025-05-30 16:48:10.788,626,-0.1714268,0.02454896,0.08686282,-0.9810532,19.39585,355.2597,349.0699,2,NB
2025-05-30 16:48:10.832,627,-0.153781,0.02176647,0.07315838,-0.9851527,17.44623,356.0699,350.9026,2,NB
2025-05-30 16:48:10.877,628,-0.1309074,0.01711095,0.05774635,-0.9895636,14.89842,357.0946,352.9406,2,NB
2025-05-30 16:48:10.920,629,-0.104874,0.01428797,0.04215462,-0.993489,11.95702,357.8189,354.9123,2,NB
2025-05-30 16:48:10.965,630,-0.07529205,0.01177356,0.0278858,-0.9967021,8.593944,358.3965,356.6743,2,NB
2025-05-30 16:48:11.010,631,-0.05402347,0.008337182,0.01912579,-0.9983218,6.173912,358.9215,357.7468,2,NB
2025-05-30 16:48:11.043,632,-0.03438861,0.004162465,0.01166773,-0.9993319,3.93554,359.4761,358.6441,2,NB
2025-05-30 16:48:11.098,633,-0.007010054,-0.00122061,0.002312561,-0.9999722,0.8036203,0.1380237,359.736,2,NB
2025-05-30 16:48:11.132,634,0.03153532,-0.003537226,-0.007519106,-0.9994682,356.3828,0.3787061,0.85011,2,NB
2025-05-30 16:48:11.187,635,0.0411955,-0.004105132,-0.006063795,-0.9991244,355.2753,0.4428857,0.6771891,2,NB
2025-05-30 16:48:11.222,636,0.09794533,-0.005904369,-0.004290599,-0.9951652,348.7556,0.6374115,0.4313035,2,NB
2025-05-30 16:48:11.254,637,0.1303512,-0.008003219,-0.002582815,-0.9914324,345.0183,0.9013375,0.1800067,2,NB
2025-05-30 16:48:11.309,638,0.1408328,-0.01013417,-0.001780158,-0.9899801,343.8067,1.167315,0.03998578,2,NB
2025-05-30 16:48:11.342,639,0.1812163,-0.0109565,-9.501155e-05,-0.9833824,339.12,1.319443,359.7679,2,NB
2025-05-30 16:48:11.386,640,0.2069199,-0.01152254,0.0003538978,-0.9782902,336.1185,1.421989,359.6578,2,NB
2025-05-30 16:48:11.431,641,0.2323198,-0.01218478,0.001084833,-0.9725627,333.1366,1.554796,359.5009,2,NB
2025-05-30 16:48:11.476,642,0.2502087,-0.01298211,0.001489227,-0.9681038,331.0257,1.695293,359.3857,2,NB
2025-05-30 16:48:11.520,643,0.2793208,-0.01365731,0.002101021,-0.9600986,327.5683,1.860227,359.2082,2,NB
2025-05-30 16:48:11.553,644,0.3008515,-0.01384096,0.002924762,-0.9535663,324.9926,1.969971,359.0272,2,NB
2025-05-30 16:48:11.609,645,0.3081432,-0.0131106,0.00262706,-0.9512461,324.1142,1.878768,359.0751,2,NB
2025-05-30 16:48:11.642,646,0.3418422,-0.01244149,0.003263012,-0.9396695,320.0323,1.915133,358.9056,2,NB
2025-05-30 16:48:11.686,647,0.3564111,-0.01186076,0.004187915,-0.9342448,318.2524,1.931531,358.7497,2,NB
2025-05-30 16:48:11.730,648,0.378089,-0.01298227,0.00431618,-0.9256682,315.5844,2.190257,358.5714,2,NB
2025-05-30 16:48:11.786,649,0.3922469,-0.01427017,0.00578315,-0.9197312,313.8333,2.547794,358.1935,2,NB
2025-05-30 16:48:11.819,650,0.4296351,-0.01480428,0.008463569,-0.9028417,309.1465,3.087644,357.4576,2,NB
2025-05-30 16:48:11.851,651,0.4451745,-0.01673756,0.01160421,-0.8952123,307.1874,3.822952,356.6159,2,NB
2025-05-30 16:48:11.895,652,0.4549888,-0.021077,0.01797777,-0.8900661,305.9839,5.261433,355.0026,2,NB
2025-05-30 16:48:11.927,653,0.4801346,-0.02461287,0.02518769,-0.8764877,302.8151,7.137234,352.8142,2,NB
2025-05-30 16:48:11.960,654,0.5010282,-0.03305128,0.0355982,-0.8640667,300.2892,10.60112,349.1851,2,NB
2025-05-30 16:48:11.993,655,0.5164338,-0.03874772,0.04438176,-0.8542981,298.4856,13.58722,345.9418,2,NB
2025-05-30 16:48:12.042,656,0.5330464,-0.04168805,0.05157293,-0.8434833,296.5004,16.3098,342.8673,2,NB
2025-05-30 16:48:12.060,657,0.5552045,-0.0421767,0.06094423,-0.8284051,293.8329,19.90214,338.5436,2,NB
2025-05-30 16:48:12.093,658,0.5847214,-0.04405469,0.07439698,-0.8066136,290.4901,26.84513,330.6563,2,NB
2025-05-30 16:48:12.127,659,0.5953333,-0.04766876,0.0855107,-0.7974923,289.7128,31.82001,325.0674,2,NB
2025-05-30 16:48:12.160,660,0.6108738,-0.05579006,0.1000785,-0.7833933,288.9253,40.27794,316.0833,2,NB
2025-05-30 16:48:12.194,661,0.6155754,-0.07553019,0.1236102,-0.77465,290.7657,49.40116,306.6374,2,NB
2025-05-30 16:48:12.227,662,0.6140105,-0.0918452,0.1404914,-0.7712445,292.8835,53.90057,302.077,2,NB
2025-05-30 16:48:12.260,663,0.6155518,-0.1170603,0.1634645,-0.7620186,295.8612,60.50087,295.6405,2,NB
2025-05-30 16:48:12.293,664,0.6180204,-0.1391596,0.1872432,-0.7507502,298.855,65.85926,290.1169,2,NB
2025-05-30 16:48:12.340,665,0.615434,-0.1578689,0.2079497,-0.7436905,301.818,68.56899,287.2104,2,NB
2025-05-30 16:48:12.360,666,0.6109092,-0.1771468,0.2265373,-0.7376248,304.8167,70.47549,285.3294,2,NB
2025-05-30 16:48:12.394,667,0.6048174,-0.205031,0.2525212,-0.7269055,309.1278,73.01757,282.8977,2,NB
2025-05-30 16:48:12.441,668,0.5945877,-0.227663,0.2730699,-0.7211576,312.8407,73.83801,282.209,2,NB
2025-05-30 16:48:12.468,669,0.5926188,-0.2503141,0.2904,-0.7083884,316.0345,76.15033,280.3201,2,NB
2025-05-30 16:48:12.503,670,0.5845498,-0.2615491,0.3023705,-0.7060212,318.1456,76.03222,280.3444,2,NB
2025-05-30 16:48:12.550,671,0.5753731,-0.2879045,0.3230595,-0.6940387,322.2192,77.42213,279.4052,2,NB
2025-05-30 16:48:12.584,672,0.5675853,-0.3075559,0.3393086,-0.6841974,325.3914,78.32784,278.7661,2,NB
2025-05-30 16:48:12.619,673,0.5595736,-0.3251801,0.3538744,-0.67521,328.2972,79.00457,278.333,2,NB
2025-05-30 16:48:12.672,674,0.5475344,-0.3499933,0.3712706,-0.6632264,332.1995,79.8805,278.1059,2,NB
2025-05-30 16:48:12.706,675,0.5414333,-0.3752178,0.3843675,-0.6467793,335.6737,81.66289,277.4547,2,NB
2025-05-30 16:48:12.739,676,0.5355805,-0.3877908,0.3907676,-0.6403693,337.4886,82.18939,277.5205,2,NB
2025-05-30 16:48:12.783,677,0.5286778,-0.4057491,0.399475,-0.6295134,340.035,83.17257,277.4482,2,NB
2025-05-30 16:48:12.837,678,0.5171626,-0.4307014,0.410056,-0.6155433,343.5339,84.37012,277.7183,2,NB
2025-05-30 16:48:12.862,679,0.5062088,-0.4486192,0.4194439,-0.6054425,346.3129,84.98185,278.0249,2,NB
2025-05-30 16:48:12.918,680,0.4865894,-0.4748837,0.4344074,-0.590768,350.6574,85.61565,278.6875,2,NB
2025-05-30 16:48:12.949,681,0.4544683,-0.5142406,0.4594778,-0.5638224,357.7125,86.67056,279.4861,2,NB
2025-05-30 16:48:12.983,682,0.440805,-0.5255881,0.4670283,-0.5579723,359.9436,86.62352,280.0875,2,NB
2025-05-30 16:48:13.028,683,0.4228635,-0.5381969,0.476302,-0.5519668,2.629381,86.38063,280.8854,2,NB
2025-05-30 16:48:13.072,684,0.3911745,-0.5595196,0.4972612,-0.5353987,7.908198,86.07262,281.6155,2,NB
2025-05-30 16:48:13.106,685,0.3740923,-0.5694404,0.5066302,-0.528317,10.46954,85.82533,282.1377,2,NB
2025-05-30 16:48:13.161,686,0.3388063,-0.5861603,0.5272141,-0.51349,15.67121,85.0396,282.8731,2,NB
2025-05-30 16:48:13.194,687,0.2957775,-0.606372,0.5539205,-0.4878534,22.53028,84.42976,283.2289,2,NB
2025-05-30 16:48:13.239,688,0.2855152,-0.6083522,0.5572575,-0.4877016,23.5485,83.94006,283.6212,2,NB
2025-05-30 16:48:13.272,689,0.2486672,-0.6204456,0.5855986,-0.4585699,29.90751,82.94781,282.6938,2,NB
2025-05-30 16:48:13.327,690,0.2495021,-0.6170558,0.5856342,-0.4626269,29.46456,82.47758,282.5753,2,NB
2025-05-30 16:48:13.377,691,0.2206861,-0.6253013,0.6113065,-0.4319728,35.01847,81.53247,280.9243,2,NB
2025-05-30 16:48:13.405,692,0.2085826,-0.626089,0.6221753,-0.4211935,37.11142,80.6899,280.0222,2,NB
2025-05-30 16:48:13.450,693,0.1965812,-0.6269789,0.6323315,-0.4103783,39.16617,79.85933,279.1302,2,NB
2025-05-30 16:48:13.495,694,0.1836671,-0.6284661,0.6436878,-0.3961855,41.57036,79.01237,277.9802,2,NB
2025-05-30 16:48:13.539,695,0.178679,-0.6283147,0.6483824,-0.3910177,42.45749,78.53966,277.4255,2,NB
2025-05-30 16:48:13.583,696,0.1618797,-0.6331756,0.6645923,-0.3622165,46.41365,77.79404,275.345,2,NB
2025-05-30 16:48:13.626,697,0.1530904,-0.6345322,0.6731117,-0.3476395,48.39856,77.13197,274.0566,2,NB
2025-05-30 16:48:13.669,698,0.1444683,-0.6382548,0.6807035,-0.3292457,50.69576,76.90465,272.8544,2,NB
2025-05-30 16:48:13.712,699,0.1382432,-0.6423216,0.6860911,-0.3123957,52.65611,76.98361,271.9212,2,NB
2025-05-30 16:48:13.754,700,0.1323492,-0.6482328,0.6900371,-0.293474,54.77836,77.52782,271.2583,2,NB
2025-05-30 16:48:13.797,701,0.1271886,-0.6529818,0.6929312,-0.2780009,56.53529,77.97572,270.7626,2,NB
2025-05-30 16:48:13.840,702,0.1160089,-0.659549,0.6990412,-0.2507565,59.76003,78.19006,269.5184,2,NB
2025-05-30 16:48:13.884,703,0.110971,-0.6647192,0.7005753,-0.2345811,61.55902,78.90263,269.2492,2,NB
2025-05-30 16:48:13.917,704,0.1046499,-0.6697844,0.702615,-0.2162631,63.62905,79.50929,268.8082,2,NB
2025-05-30 16:48:13.961,705,0.09820025,-0.6753957,0.7033741,-0.1986517,65.65729,80.44879,268.7827,2,NB
2025-05-30 16:48:13.995,706,0.09186343,-0.6808374,0.7032091,-0.1830813,67.50381,81.57748,269.1189,3,NB
2025-05-30 16:48:14.040,707,0.08870119,-0.685724,0.7010568,-0.1744541,68.51513,83.12697,270.2038,3,NB
2025-05-30 16:48:14.072,708,0.07958245,-0.6937457,0.699314,-0.1527864,71.08029,85.61919,271.6353,3,NB
2025-05-30 16:48:14.117,709,0.0765796,-0.6996047,0.6956526,-0.144071,72.04478,88.25678,273.7955,3,NB
2025-05-30 16:48:14.149,710,0.06746206,-0.7085283,0.6915604,-0.1232108,74.44127,92.80512,277.3655,3,NB
2025-05-30 16:48:14.183,711,0.06538393,-0.7128477,0.6882712,-0.1177119,74.98808,95.50611,279.7838,3,NB
2025-05-30 16:48:14.227,712,0.05858505,-0.719878,0.6842446,-0.1007623,76.7399,100.8846,284.3257,3,NB
2025-05-30 16:48:14.249,713,0.05221383,-0.7251998,0.6811284,-0.08615858,78.21223,106.2839,289.0493,3,NB
2025-05-30 16:48:14.294,714,0.0482642,-0.7296404,0.6778088,-0.07662229,79.02702,111.3856,293.6942,3,NB
2025-05-30 16:48:14.339,715,0.04070513,-0.7341319,0.674951,-0.06192462,80.38927,119.1069,300.8325,3,NB
2025-05-30 16:48:14.372,716,0.02871267,-0.7424898,0.6680814,-0.03939494,81.81955,137.0976,317.9654,3,NB
2025-05-30 16:48:14.421,717,0.02402726,-0.7466477,0.6640573,-0.03111511,81.94675,145.9826,326.5584,3,NB
2025-05-30 16:48:14.458,718,0.01669149,-0.752995,0.657564,-0.01816236,81.76071,159.8768,339.9962,3,NB
2025-05-30 16:48:14.482,719,0.0113257,-0.7587359,0.6512632,-0.006922169,81.15829,170.5425,350.1847,3,NB
2025-05-30 16:48:14.505,720,0.001729272,-0.7658467,0.6429445,0.009922367,80.00667,184.2878,3.340036,3,NB
2025-05-30 16:48:14.550,721,-0.002842557,-0.7717324,0.6357232,0.01664306,78.84929,188.7149,7.591323,3,NB
2025-05-30 16:48:14.594,722,-0.01208563,-0.7804165,0.6245681,0.02681212,76.95635,194.6145,13.41345,3,NB
2025-05-30 16:48:14.627,723,-0.0121959,-0.7994187,0.5999423,0.0291603,73.43541,192.4074,11.01827,3,NB
2025-05-30 16:48:14.661,724,-0.01041868,-0.8138445,0.5802962,0.02837439,70.72594,190.1688,8.692999,3,NB
2025-05-30 16:48:14.705,725,-0.007863858,-0.8352014,0.5492052,0.02739787,66.48604,187.8372,6.220387,3,NB
2025-05-30 16:48:14.727,726,-0.006495205,-0.8487607,0.528049,0.02697474,63.64025,186.8101,5.105715,3,NB
2025-05-30 16:48:14.772,727,-0.004302054,-0.857124,0.5144299,0.02611613,61.84029,185.9836,4.161199,3,NB
2025-05-30 16:48:14.805,728,-0.001997913,-0.8712665,0.4901098,0.02613522,58.64153,185.2371,3.205588,3,NB
2025-05-30 16:48:14.860,729,-0.0005051995,-0.8845202,0.4658854,0.02397359,55.50199,184.3421,2.35081,3,NB
2025-05-30 16:48:14.871,730,-0.0003136484,-0.8911977,0.4530687,0.02225955,53.85566,183.8847,2.014072,3,NB
2025-05-30 16:48:14.917,731,-9.32586e-05,-0.8999416,0.4355998,0.0189294,51.63059,183.154,1.537888,3,NB
2025-05-30 16:48:14.968,732,0.000710474,-0.9153742,0.4022648,0.01652038,47.43148,182.5141,1.015619,3,NB
2025-05-30 16:48:15.008,733,0.001174258,-0.9216352,0.3877362,0.0157618,45.62184,182.3061,0.8240333,3,NB
2025-05-30 16:48:15.032,734,0.001552218,-0.926398,0.3762313,0.01531397,44.19699,182.1747,0.6910726,3,NB
2025-05-30 16:48:15.076,735,0.002032815,-0.9359003,0.35188,0.01634254,41.202,182.2211,0.5860877,3,NB
2025-05-30 16:48:15.124,736,0.002107697,-0.9469252,0.3210113,0.01673871,37.44632,182.1906,0.4874973,3,NB
2025-05-30 16:48:15.153,737,0.002523361,-0.9521957,0.3049926,0.01722392,35.51472,182.2011,0.4012921,3,NB
2025-05-30 16:48:15.186,738,0.003094366,-0.9576269,0.2874988,0.01690663,33.41764,182.1011,0.2604903,3,NB
2025-05-30 16:48:15.231,739,0.003606553,-0.9635538,0.2671034,0.01438984,30.98681,181.7249,0.0492522,3,NB
2025-05-30 16:48:15.265,740,0.004204578,-0.9702414,0.2418582,0.01089548,27.99622,181.24,359.8126,3,NB
2025-05-30 16:48:15.309,741,0.004529157,-0.9740707,0.2260867,0.007128967,26.13664,180.7557,359.6426,3,NB
2025-05-30 16:48:15.343,742,0.004792042,-0.9787642,0.2048725,0.00499442,23.64644,180.4887,359.5413,3,NB
2025-05-30 16:48:15.398,743,0.004993542,-0.9835764,0.1803656,0.004587116,20.7844,180.4426,359.4994,3,NB
2025-05-30 16:48:15.420,744,0.004773462,-0.9871693,0.1595298,0.004942087,18.3616,180.4971,359.5262,3,NB
2025-05-30 16:48:15.474,745,0.005420212,-0.9907913,0.1351197,0.006806271,15.53486,180.715,359.4706,3,NB
2025-05-30 16:48:15.498,746,0.005964697,-0.9930673,0.1170705,0.008752171,13.4515,180.9418,359.4228,3,NB
2025-05-30 16:48:15.543,747,0.006034741,-0.996205,0.08616014,0.01076357,9.89227,181.1869,359.4086,3,NB
2025-05-30 16:48:15.565,748,0.006482357,-0.9978791,0.06367403,0.01188116,7.309667,181.3222,359.3401,3,NB
2025-05-30 16:48:15.610,749,0.006917691,-0.9986115,0.05036021,0.01383582,5.783626,181.5514,359.2846,3,NB
2025-05-30 16:48:15.654,750,0.007133107,-0.9996363,0.02238544,0.01325373,2.575951,181.5016,359.2161,3,NB
2025-05-30 16:48:15.688,751,0.007811234,-0.9998952,-0.001669344,0.01208246,359.8195,181.386,359.1026,3,NB
2025-05-30 16:48:15.732,752,0.007650991,-0.9992844,-0.03531937,0.01117385,355.962,181.3138,359.0763,3,NB
2025-05-30 16:48:15.754,753,0.007029598,-0.9980634,-0.06082874,0.01096304,353.0347,181.3126,359.113,3,NB
2025-05-30 16:48:15.799,754,0.005494852,-0.9977475,-0.06597126,0.01084934,352.4422,181.2933,359.2835,3,NB
2025-05-30 16:48:15.850,755,0.005315659,-0.9959518,-0.08918884,0.009864629,349.7729,181.1993,359.2811,3,NB
2025-05-30 16:48:15.866,756,0.005127125,-0.9947599,-0.1016885,0.009291235,348.3334,181.1425,359.2927,3,NB
2025-05-30 16:48:15.909,757,0.004573882,-0.9939986,-0.1089354,0.008896031,347.4975,181.0965,359.3526,3,NB
2025-05-30 16:48:15.954,758,0.005171031,-0.9923083,-0.1233264,0.009392147,345.8383,181.1769,359.2567,3,NB
2025-05-30 16:48:15.976,759,0.005573184,-0.9908801,-0.1343021,0.009422831,344.5707,181.199,359.1931,3,NB
2025-05-30 16:48:16.035,760,0.006133629,-0.9883879,-0.1515189,0.009699952,342.5784,181.2632,359.0953,3,NB
2025-05-30 16:48:16.071,761,0.00713605,-0.986391,-0.1638832,0.01114395,341.1467,181.4728,358.9265,3,NB
2025-05-30 16:48:16.087,762,0.007557738,-0.9835109,-0.1802916,0.01202123,339.2399,181.6161,358.8234,3,NB
2025-05-30 16:48:16.145,763,0.008274222,-0.9830371,-0.1827123,0.01364743,338.9612,181.8331,358.6951,3,NB
2025-05-30 16:48:16.176,764,0.008708,-0.9800736,-0.197931,0.01426801,337.187,181.953,358.5878,3,NB
2025-05-30 16:48:16.198,765,0.008970705,-0.9761617,-0.2163893,0.01427291,335.0261,182.007,358.5024,3,NB
2025-05-30 16:48:16.242,766,0.00942657,-0.9753709,-0.2198456,0.0151991,334.6228,182.1436,358.4099,3,NB
2025-05-30 16:48:16.276,767,0.01076381,-0.9719229,-0.2344921,0.01623967,332.905,182.3572,358.1629,3,NB
2025-05-30 16:48:16.320,768,0.01115104,-0.9694371,-0.2444321,0.01790228,331.7367,182.6134,358.0239,3,NB
2025-05-30 16:48:16.342,769,0.01186612,-0.9661251,-0.2571592,0.01818845,330.2336,182.7236,357.8687,3,NB
2025-05-30 16:48:16.386,770,0.01387775,-0.9639862,-0.2648017,0.02045873,329.3387,183.1184,357.4954,3,NB
2025-05-30 16:48:16.431,771,0.01614325,-0.959231,-0.2812661,0.02247402,327.3931,183.5525,357.0323,3,NB
2025-05-30 16:48:16.472,772,0.01699607,-0.9567733,-0.289392,0.02342022,326.4291,183.7609,356.8298,3,NB
2025-05-30 16:48:16.509,773,0.01948321,-0.957069,-0.2880626,0.02567677,326.6061,184.1468,356.4232,3,NB
2025-05-30 16:48:16.531,774,0.02185069,-0.9512793,-0.3063475,0.02723259,324.433,184.5974,355.893,3,NB
2025-05-30 16:48:16.564,775,0.0250037,-0.9526579,-0.3016119,0.02912559,325.0257,184.941,355.4355,3,NB
2025-05-30 16:48:16.609,776,0.02710802,-0.9588822,-0.2807113,0.03180627,327.5466,185.1821,355.2522,3,NB
2025-05-30 16:48:16.642,777,0.02958367,-0.9611161,-0.2725464,0.03315601,328.5378,185.3721,354.9597,3,NB
2025-05-30 16:48:16.676,778,0.03464456,-0.9602305,-0.2750481,0.0332562,328.2701,185.5951,354.2761,3,NB
2025-05-30 16:48:16.727,779,0.03686969,-0.9620536,-0.2682086,0.03402785,329.0992,185.7019,354.0334,3,NB
2025-05-30 16:48:16.742,780,0.03745318,-0.963085,-0.2644044,0.03398699,329.5529,185.6764,354.0,3,NB
2025-05-30 16:48:16.787,781,0.04009764,-0.9657528,-0.2544971,0.03074558,330.7188,185.249,353.8728,3,NB
2025-05-30 16:48:16.820,782,0.03931712,-0.9686336,-0.2434291,0.03075027,332.0196,185.1137,354.0764,3,NB
2025-05-30 16:48:16.875,783,0.03756746,-0.9742592,-0.2205106,0.0279803,334.6868,184.5103,354.5702,3,NB
2025-05-30 16:48:16.887,784,0.03702725,-0.9775001,-0.2059084,0.0269197,336.387,184.2483,354.773,3,NB
2025-05-30 16:48:16.932,785,0.0346412,-0.9805126,-0.1917535,0.02501576,338.0189,183.8548,355.2043,3,NB
2025-05-30 16:48:16.964,786,0.03455976,-0.9834595,-0.1761279,0.02433499,339.8336,183.6671,355.3225,3,NB
2025-05-30 16:48:17.009,787,0.03162723,-0.985752,-0.1632448,0.02538042,341.323,183.6533,355.7237,3,NB
2025-05-30 16:48:17.043,788,0.03045417,-0.9875578,-0.151885,0.02707915,342.642,183.7687,355.8919,3,NB
2025-05-30 16:48:17.087,789,0.02558793,-0.9887549,-0.1439462,0.03144465,343.5579,184.1584,356.4341,3,NB
2025-05-30 16:48:17.109,790,0.02249927,-0.9896214,-0.1378971,0.03358489,344.2512,184.3307,356.796,3,NB
2025-05-30 16:48:17.154,791,0.01774279,-0.9916682,-0.1223073,0.03633945,346.0375,184.5161,357.3967,3,NB
2025-05-30 16:48:17.187,792,0.01456853,-0.992465,-0.1152778,0.03888781,346.8392,184.745,357.7703,3,NB
2025-05-30 16:48:17.231,793,0.01183245,-0.9933801,-0.1065399,0.04129759,347.8371,184.963,358.106,3,NB
2025-05-30 16:48:17.264,794,0.008879245,-0.9943889,-0.0961512,0.04320871,349.0206,185.1218,358.4842,3,NB
2025-05-30 16:48:17.298,795,0.0059447,-0.9950125,-0.08927688,0.04410011,349.7968,185.1779,358.8528,3,NB
2025-05-30 16:48:17.342,796,0.004604728,-0.9957445,-0.08193861,0.04192677,350.6309,184.8985,359.0685,3,NB
2025-05-30 16:48:17.375,797,0.004440022,-0.9962439,-0.07733509,0.03870233,351.1559,184.516,359.1399,3,NB
2025-05-30 16:48:17.420,798,0.004229872,-0.9966434,-0.07485077,0.03288848,351.4356,183.838,359.2262,3,NB
2025-05-30 16:48:17.453,799,0.003579548,-0.9967154,-0.07549666,0.02908432,351.3563,183.3933,359.3319,3,NB
2025-05-30 16:48:17.487,800,0.004108184,-0.9966125,-0.07785067,0.02619824,351.0856,183.0671,359.2885,3,NB
2025-05-30 16:48:17.541,801,0.005332395,-0.9964581,-0.08126344,0.02096243,350.6928,182.4766,359.1852,3,NB
2025-05-30 16:48:17.564,802,0.006795814,-0.9967375,-0.07847643,0.01760516,351.0135,182.0981,359.0538,3,NB
2025-05-30 16:48:17.598,803,0.007420778,-0.9970098,-0.07500112,0.01708204,351.4136,182.0387,358.994,3,NB
2025-05-30 16:48:17.642,804,0.008425513,-0.9966072,-0.07928579,0.02041931,350.9272,182.4397,358.8376,3,NB
2025-05-30 16:48:17.688,805,0.01016667,-0.9969081,-0.07376626,0.02509475,351.572,182.9863,358.6113,3,NB
2025-05-30 16:48:17.709,806,0.01165864,-0.9970319,-0.06929617,0.03146341,352.0999,183.7253,358.4028,3,NB
2025-05-30 16:48:17.753,807,0.0154132,-0.9965591,-0.07116909,0.03959284,351.9158,184.699,357.8956,3,NB
2025-05-30 16:48:17.787,808,0.01826804,-0.9963819,-0.07003884,0.04454515,352.0711,185.2907,357.5323,3,NB
2025-05-30 16:48:17.831,809,0.02478645,-0.9945415,-0.08886454,0.04874668,349.9596,185.9087,356.6252,3,NB
2025-05-30 16:48:17.876,810,0.03028725,-0.9928347,-0.1057098,0.04676953,348.0492,185.8239,355.8953,3,NB
2025-05-30 16:48:17.898,811,0.03478925,-0.9915859,-0.1175813,0.0414939,346.6855,185.3345,355.3582,3,NB
2025-05-30 16:48:17.951,812,0.0347378,-0.9932189,-0.105339,0.03483427,348.0634,184.4854,355.5246,3,NB
2025-05-30 16:48:17.975,813,0.03482096,-0.9960399,-0.07514618,0.03233013,351.5211,184.0374,355.6962,3,NB
2025-05-30 16:48:18.020,814,0.0347409,-0.9974299,-0.05298172,0.03346492,354.067,184.061,355.7998,3,NB
2025-05-30 16:48:18.062,815,0.0339036,-0.9985359,-0.02372878,0.03483757,357.4193,184.086,356.0186,3,NB
2025-05-30 16:48:18.087,816,0.03267564,-0.9988728,-0.01295054,0.03190465,358.637,183.704,356.2087,3,NB
2025-05-30 16:48:18.130,817,0.03101121,-0.9990969,0.01026022,0.02718188,1.271371,183.0778,356.4785,3,NB
2025-05-30 16:48:18.176,818,0.02911767,-0.9991175,0.02259337,0.020157,2.654931,182.2354,356.7132,3,NB
2025-05-30 16:48:18.217,819,0.02895089,-0.998584,0.04216761,0.01462354,4.87962,181.5392,356.7443,3,NB
2025-05-30 16:48:18.242,820,0.02939595,-0.9976394,0.06142697,0.008854422,7.070149,180.8115,356.6746,3,NB
2025-05-30 16:48:18.276,821,0.02950243,-0.9968113,0.07367611,0.008301926,8.474671,180.707,356.6618,3,NB
2025-05-30 16:48:18.332,822,0.03427918,-0.9962352,0.07953283,0.003886119,9.133374,180.1329,356.0692,3,NB
2025-05-30 16:48:18.353,823,0.03815863,-0.9956279,0.08523348,0.002117159,9.781028,179.8669,355.5989,3,NB
2025-05-30 16:48:18.398,824,0.03806653,-0.9948432,0.09396585,0.002943777,10.78864,179.9244,355.6103,3,NB
2025-05-30 16:48:18.430,825,0.04660796,-0.9925995,0.1121334,-0.0004318282,12.85984,179.3353,354.5483,3,NB
2025-05-30 16:48:18.464,826,0.05165359,-0.9910895,0.1227153,-0.003840923,14.05463,178.8015,353.8854,3,NB
2025-05-30 16:48:18.509,827,0.05865575,-0.9883555,0.1401789,-0.007951947,16.03117,178.0823,352.9373,3,NB
2025-05-30 16:48:18.560,828,0.06825858,-0.9836691,0.1662255,-0.01025467,19.00325,177.4014,351.626,3,NB
2025-05-30 16:48:18.587,829,0.07500508,-0.9792366,0.1880445,-0.0104638,21.51288,176.9993,350.6697,3,NB
2025-05-30 16:48:18.639,830,0.08440295,-0.9724354,0.2171243,-0.01013828,24.87041,176.4378,349.2931,3,NB
2025-05-30 16:48:18.678,831,0.09451358,-0.9658725,0.241042,-0.007531291,27.65897,176.1085,347.8641,3,NB
2025-05-30 16:48:18.708,832,0.1068491,-0.957288,0.2686681,-0.0008699745,30.94396,176.0501,346.1687,3,NB
2025-05-30 16:48:18.730,833,0.1153534,-0.950523,0.2883907,0.005550636,33.33439,176.158,345.0104,3,NB
2025-05-30 16:48:18.775,834,0.1182833,-0.9480013,0.2952123,0.01235436,34.23897,176.7815,344.7842,3,NB
2025-05-30 16:48:18.819,835,0.1299042,-0.9386784,0.3185545,0.02304297,37.15887,177.1589,343.2865,3,NB
2025-05-30 16:48:18.863,836,0.1404257,-0.9305882,0.3363543,0.03394476,39.46065,177.6774,342.0045,3,NB
2025-05-30 16:48:18.914,837,0.1514816,-0.9221252,0.3529236,0.04672918,41.68513,178.4084,340.7362,3,NB
2025-05-30 16:48:18.940,838,0.158121,-0.9172766,0.3611815,0.05612013,42.87133,179.1192,340.093,3,NB
2025-05-30 16:48:18.974,839,0.1648512,-0.9119772,0.3700055,0.06494468,44.12974,179.7178,339.393,3,NB
2025-05-30 16:48:19.019,840,0.1667983,-0.9115931,0.3691521,0.07002349,44.13829,180.3607,339.4083,3,NB
2025-05-30 16:48:19.051,841,0.1765776,-0.9064273,0.3754549,0.07901716,45.11709,180.865,338.3123,3,NB
2025-05-30 16:48:19.096,842,0.1812588,-0.9043512,0.3776594,0.08165623,45.45299,180.8808,337.7017,3,NB
2025-05-30 16:48:19.129,843,0.1880849,-0.9022765,0.3778919,0.0878589,45.6412,181.3437,337.0154,3,NB
2025-05-30 16:48:19.174,844,0.188752,-0.9055507,0.3702342,0.08530867,44.64692,181.187,336.9392,3,NB
2025-05-30 16:48:19.207,845,0.1926009,-0.9081624,0.3621403,0.08366948,43.62963,180.9875,336.4478,3,NB
2025-05-30 16:48:19.252,846,0.193793,-0.9193105,0.3315557,0.08592801,40.00912,182.206,336.9956,3,NB
2025-05-30 16:48:19.304,847,0.1873866,-0.9312955,0.2986595,0.09152985,36.19842,184.161,338.6072,3,NB
2025-05-30 16:48:19.331,848,0.1857248,-0.93538,0.285845,0.09414573,34.73054,184.8824,339.067,3,NB
2025-05-30 16:48:19.364,849,0.1902109,-0.9355199,0.2816547,0.09640109,34.3093,185.0858,338.5853,3,NB
2025-05-30 16:48:19.420,850,0.1943613,-0.9367214,0.2738345,0.09895259,33.46849,185.4298,338.1896,3,NB
2025-05-30 16:48:19.442,851,0.1982132,-0.9362695,0.2716168,0.1016631,33.2926,185.6774,337.7921,3,NB
2025-05-30 16:48:19.502,852,0.2021294,-0.9345226,0.2737455,0.1042823,33.62809,185.8069,337.3469,3,NB
2025-05-30 16:48:19.542,853,0.2036117,-0.9335015,0.2749164,0.107418,33.84945,186.1239,337.2563,3,NB
2025-05-30 16:48:19.577,854,0.2035254,-0.9333318,0.2743256,0.1105203,33.85279,186.5436,337.3903,3,NB
2025-05-30 16:48:19.598,855,0.2058679,-0.9329199,0.27246,0.1142132,33.73774,186.9706,337.228,3,NB
2025-05-30 16:48:19.642,856,0.2088824,-0.9322768,0.2714803,0.1163038,33.69537,187.1419,336.9075,3,NB
2025-05-30 16:48:19.687,857,0.2132677,-0.9316444,0.269303,0.1184555,33.52596,187.2947,336.4125,3,NB
2025-05-30 16:48:19.720,858,0.2145473,-0.9328849,0.2630481,0.1204201,32.85117,187.648,336.3541,3,NB
2025-05-30 16:48:19.765,859,0.2097134,-0.9354361,0.2544708,0.1273754,31.97214,188.9225,337.2887,3,NB
2025-05-30 16:48:19.813,860,0.2043916,-0.9375639,0.2468223,0.1351928,31.20407,190.2777,338.2806,3,NB
2025-05-30 16:48:19.842,861,0.1981565,-0.9394423,0.2393859,0.1444886,30.46693,191.8235,339.4088,3,NB
2025-05-30 16:48:19.876,862,0.1934593,-0.9403613,0.2320629,0.1563367,29.79746,193.6124,340.3872,3,NB
2025-05-30 16:48:19.930,863,0.1888099,-0.9412058,0.2246457,0.167383,29.08344,195.2763,341.2982,3,NB
2025-05-30 16:48:19.954,864,0.1853414,-0.9415831,0.2165949,0.1793227,28.31743,197.0015,342.0472,3,NB
2025-05-30 16:48:19.998,865,0.1843262,-0.941395,0.2102394,0.1886771,27.73564,198.2876,342.3943,3,NB
2025-05-30 16:48:20.031,866,0.1780369,-0.9413247,0.1940418,0.2110898,26.13426,201.4508,343.6143,3,NB
2025-05-30 16:48:20.087,867,0.1767264,-0.9408215,0.1877128,0.2199702,25.52834,202.6537,343.919,3,NB
2025-05-30 16:48:20.109,868,0.1750778,-0.9396461,0.1793142,0.2329373,24.74294,204.3855,344.3179,3,NB
2025-05-30 16:48:20.153,869,0.1728182,-0.9369022,0.1682041,0.2530926,23.74454,207.0385,344.8849,3,NB
2025-05-30 16:48:20.187,870,0.1704074,-0.9341881,0.1604308,0.2692884,23.04926,209.1673,345.3978,3,NB
2025-05-30 16:48:20.231,871,0.1675688,-0.9303155,0.1517734,0.2887886,22.28278,211.7169,345.983,3,NB
2025-05-30 16:48:20.253,872,0.1661789,-0.9273517,0.1443446,0.3026024,21.61012,213.509,346.2579,3,NB
2025-05-30 16:48:20.309,873,0.1681837,-0.9239233,0.1404178,0.313629,21.40543,214.8719,346.1607,3,NB
2025-05-30 16:48:20.354,874,0.1683559,-0.9189277,0.1280852,0.3329003,20.33409,217.3361,346.1707,3,NB
2025-05-30 16:48:20.391,875,0.1695231,-0.9166573,0.1238712,0.3400844,20.02312,218.2353,346.0479,3,NB
2025-05-30 16:48:20.420,876,0.1706435,-0.9081052,0.1058577,0.3674509,18.52183,221.7378,345.8294,3,NB
2025-05-30 16:48:20.453,877,0.1726951,-0.9017144,0.09714828,0.3842526,17.93374,223.8754,345.589,3,NB
2025-05-30 16:48:20.508,878,0.175596,-0.8937247,0.0917848,0.4024897,17.78294,226.1931,345.4026,3,NB
2025-05-30 16:48:20.531,879,0.1777904,-0.8815688,0.07567871,0.4306969,16.65329,229.8657,344.9804,3,NB
2025-05-30 16:48:20.564,880,0.17904,-0.8751155,0.07020305,0.4440602,16.37247,231.6149,344.8337,3,NB
2025-05-30 16:48:20.620,881,0.1829529,-0.8589886,0.05393971,0.4751395,15.45749,235.7343,344.1617,3,NB
2025-05-30 16:48:20.658,882,0.186253,-0.8476101,0.03980853,0.4952601,14.59421,238.4565,343.41,3,NB
2025-05-30 16:48:20.687,883,0.1895176,-0.8342425,0.02363387,0.517266,13.62079,241.4989,342.5304,3,NB
2025-05-30 16:48:20.720,884,0.1952298,-0.8178052,0.004243063,0.5413522,12.61015,244.9082,341.1855,3,NB
2025-05-30 16:48:20.774,885,0.2010746,-0.8014838,-0.01381355,0.5630298,11.78731,248.069,339.8091,3,NB
2025-05-30 16:48:20.798,886,0.2060362,-0.785816,-0.03328522,0.5821809,10.81208,250.9922,338.3385,3,NB
2025-05-30 16:48:20.842,887,0.2102653,-0.7741417,-0.04698013,0.5952195,10.22822,253.0433,337.1924,3,NB
2025-05-30 16:48:20.877,888,0.2172983,-0.7565533,-0.06755337,0.6130624,9.451883,255.9674,335.3364,3,NB
2025-05-30 16:48:20.929,889,0.2198761,-0.7463317,-0.08309843,0.6226866,8.61474,257.6949,334.1119,3,NB
2025-05-30 16:48:20.943,890,0.2240249,-0.7331715,-0.1008556,0.6341141,7.829506,259.7988,332.5677,3,NB
2025-05-30 16:48:21.002,891,0.2254743,-0.7260219,-0.1119919,0.639931,7.236132,260.9588,331.6724,3,NB
2025-05-30 16:48:21.032,892,0.2292441,-0.7039843,-0.1380631,0.6578693,6.156055,264.4421,329.5126,3,NB
2025-05-30 16:48:21.065,893,0.2307918,-0.6877912,-0.1557848,0.6703802,5.459475,266.9686,328.0795,3,NB
2025-05-30 16:48:21.117,894,0.2313033,-0.6744346,-0.1697786,0.680303,4.916486,269.0381,326.975,3,NB
2025-05-30 16:48:21.143,895,0.2328833,-0.6554524,-0.1903498,0.6927588,4.193977,271.8557,325.2115,3,NB
2025-05-30 16:48:21.187,896,0.2340334,-0.6365184,-0.2095063,0.7044004,3.611867,274.6061,323.5397,3,NB
2025-05-30 16:48:21.209,897,0.2342959,-0.6228479,-0.2236497,0.7121426,3.158867,276.5751,322.3142,3,NB
2025-05-30 16:48:21.254,898,0.2342809,-0.6111552,-0.2358997,0.7182988,2.764145,278.2429,321.2455,3,NB
2025-05-30 16:48:21.299,899,0.2335085,-0.6005309,-0.248055,0.7233985,2.28728,279.7767,320.2191,3,NB
2025-05-30 16:48:21.332,900,0.2319832,-0.5731219,-0.2772599,0.7354198,1.340998,283.6208,317.6313,3,NB
2025-05-30 16:48:21.377,901,0.2307696,-0.5682243,-0.2836007,0.7371821,1.027992,284.3458,317.1174,3,NB
2025-05-30 16:48:21.410,902,0.2185465,-0.5519177,-0.284052,0.7529534,0.8917906,287.1746,318.0042,3,NB
2025-05-30 16:48:21.454,903,0.2119084,-0.5462839,-0.2816285,0.7598383,0.8213003,288.2624,318.7324,3,NB
2025-05-30 16:48:21.502,904,0.2018678,-0.5354466,-0.278758,0.771259,0.737107,290.1892,319.7427,3,NB
2025-05-30 16:48:21.541,905,0.1897675,-0.5197489,-0.2747377,0.7863643,0.737049,292.8134,320.9939,3,NB
2025-05-30 16:48:21.565,906,0.1823058,-0.5089522,-0.2715452,0.7962383,0.797049,294.5511,321.8255,3,NB
2025-05-30 16:48:21.610,907,0.1690991,-0.4877671,-0.2664512,0.8139367,0.8789262,297.8419,323.2173,3,NB
2025-05-30 16:48:21.656,908,0.1613644,-0.4724034,-0.2630995,0.8255758,1.023296,300.1108,324.0578,3,NB
2025-05-30 16:48:21.687,909,0.1556522,-0.4587033,-0.261179,0.8349549,1.164199,302.062,324.6155,3,NB
2025-05-30 16:48:21.709,910,0.1441916,-0.4395082,-0.2584426,0.8480855,0.9968959,304.9016,325.5842,3,NB
2025-05-30 16:48:21.769,911,0.1398989,-0.4321544,-0.2580506,0.8526903,0.8907259,305.9736,325.871,3,NB
2025-05-30 16:48:21.808,912,0.1268075,-0.4132106,-0.2551439,0.8649154,0.486977,308.7833,326.8952,3,NB
2025-05-30 16:48:21.830,913,0.1096129,-0.3863541,-0.2529851,0.8801785,359.8553,312.6434,327.9915,3,NB
2025-05-30 16:48:21.884,914,0.1008195,-0.3727097,-0.2521918,0.887312,359.4802,314.5776,328.4851,3,NB
2025-05-30 16:48:21.924,915,0.08467317,-0.3459328,-0.2512618,0.9000158,358.7723,318.2875,329.2709,3,NB
2025-05-30 16:48:21.953,916,0.08017842,-0.3373891,-0.2496367,0.9041138,358.6552,319.4368,329.626,3,NB
2025-05-30 16:48:21.976,917,0.06740962,-0.3136232,-0.248514,0.913968,358.1284,322.6191,330.2105,3,NB
2025-05-30 16:48:22.020,918,0.0647081,-0.297259,-0.2431953,0.9210353,358.5453,324.6035,330.882,3,NB
2025-05-30 16:48:22.064,919,0.06017882,-0.2744361,-0.2442033,0.9281316,358.7206,327.3877,330.892,3,NB
2025-05-30 16:48:22.097,920,0.04798187,-0.254171,-0.2498306,0.9331023,357.8535,330.0887,330.5956,3,NB
2025-05-30 16:48:22.130,921,0.03166664,-0.2286275,-0.2559123,0.9387416,356.7,333.5004,330.2793,3,NB
2025-05-30 16:48:22.175,922,0.02602936,-0.2213334,-0.2584665,0.9399624,356.2455,334.5027,330.0999,3,NB
2025-05-30 16:48:22.225,923,0.01759617,-0.2028732,-0.263055,0.9430457,355.7823,336.8613,329.6918,3,NB
2025-05-30 16:48:22.263,924,0.006249502,-0.1736595,-0.2694998,0.9471923,355.3101,340.5209,329.0407,3,NB
2025-05-30 16:48:22.275,925,-0.002092253,-0.1538199,-0.2742545,0.9492732,354.9317,343.0206,328.528,3,NB
2025-05-30 16:48:22.320,926,-0.003542364,-0.136464,-0.2740797,0.9519693,355.3224,345.0047,328.4929,3,NB
2025-05-30 16:48:22.364,927,-7.714494e-05,-0.1098404,-0.2768674,0.9546097,356.5045,347.8743,328.0237,3,NB
2025-05-30 16:48:22.398,928,-0.006535447,-0.08617747,-0.2882941,0.9536338,356.4366,350.7405,326.6473,3,NB
2025-05-30 16:48:22.442,929,-0.01765106,-0.06641984,-0.2980475,0.952074,355.802,353.3235,325.4794,3,NB
2025-05-30 16:48:22.465,930,-0.0343432,-0.0462455,-0.3079897,0.9496444,354.6227,356.1598,324.2425,3,NB
2025-05-30 16:48:22.520,931,-0.04509272,-0.0442607,-0.3124877,0.9478182,353.5036,356.7852,323.6886,3,NB
2025-05-30 16:48:22.543,932,-0.0626181,-0.02087939,-0.324867,0.9434535,352.431,0.07442542,321.994,3,NB
2025-05-30 16:48:22.600,933,-0.06955367,-0.01200221,-0.3295318,0.9415027,352.0169,1.34471,321.3254,3,NB
2025-05-30 16:48:22.622,934,-0.08525527,0.008990303,-0.3400419,0.9364948,351.1662,4.342456,319.7524,3,NB
2025-05-30 16:48:22.673,935,-0.09407276,0.0210935,-0.3457834,0.9333485,350.734,6.074035,318.8504,3,NB
2025-05-30 16:48:22.710,936,-0.1045667,0.03511819,-0.3528075,0.9291715,350.2389,8.110806,317.7226,3,NB
2025-05-30 16:48:22.724,937,-0.1145793,0.04690689,-0.3594768,0.9249043,349.7336,9.898199,316.63,3,NB
2025-05-30 16:48:22.778,938,-0.1180893,0.0503157,-0.3618495,0.9233571,349.5333,10.45121,316.2412,3,NB
2025-05-30 16:48:22.825,939,-0.1362688,0.06936001,-0.3726427,0.915291,348.5941,13.48156,314.342,3,NB
2025-05-30 16:48:22.847,940,-0.1471477,0.08404627,-0.3737043,0.9119369,348.1376,15.60562,313.8019,3,NB
2025-05-30 16:48:22.881,941,-0.1595467,0.1042873,-0.3699735,0.9092791,347.7031,18.35684,313.7241,3,NB
2025-05-30 16:48:22.928,942,-0.1754731,0.1318707,-0.3635355,0.9053516,347.1823,22.06898,313.7355,3,NB
2025-05-30 16:48:22.961,943,-0.1867526,0.1537293,-0.3571197,0.9021953,346.8692,24.94842,313.8923,3,NB
2025-05-30 16:48:22.995,944,-0.2018597,0.187638,-0.3457473,0.8969413,346.5638,29.31334,314.3102,3,NB
2025-05-30 16:48:23.050,945,-0.2000699,0.2006862,-0.3361557,0.898163,347.0284,30.52868,315.4072,3,NB
2025-05-30 16:48:23.071,946,-0.2197056,0.2553916,-0.3149346,0.8873112,346.7599,37.42801,316.4144,3,NB
2025-05-30 16:48:23.116,947,-0.2296379,0.2702419,-0.3108155,0.8818331,346.2896,39.60804,316.2107,3,NB
2025-05-30 16:48:23.161,948,-0.2471853,0.317651,-0.2895094,0.8684364,345.7943,45.78779,317.1022,3,NB
2025-05-30 16:48:23.194,949,-0.2520124,0.3309286,-0.2831135,0.8641892,345.6295,47.54005,317.3658,3,NB
2025-05-30 16:48:23.228,950,-0.2583492,0.3637208,-0.2668906,0.8542439,345.6858,51.59533,318.3526,3,NB
2025-05-30 16:48:23.261,951,-0.2603096,0.3904476,-0.2530849,0.8460129,345.9471,54.77119,319.3842,3,NB
2025-05-30 16:48:23.306,952,-0.2582085,0.4282208,-0.2338453,0.8338296,346.6836,59.08785,321.0973,3,NB
2025-05-30 16:48:23.350,953,-0.2540019,0.452872,-0.2226192,0.8251247,347.436,61.83029,322.2588,3,NB
2025-05-30 16:48:23.383,954,-0.2495958,0.4823415,-0.2085355,0.8133645,348.179,65.22961,323.6598,3,NB
2025-05-30 16:48:23.425,955,-0.2468976,0.5127332,-0.1899816,0.8000335,348.4494,68.92592,325.3414,3,NB
2025-05-30 16:48:23.450,956,-0.2435838,0.528887,-0.1799107,0.792829,348.7006,70.83719,326.3812,3,NB
2025-05-30 16:48:23.494,957,-0.2398735,0.5417445,-0.1697634,0.7874986,348.8217,72.31949,327.4882,3,NB
2025-05-30 16:48:23.528,958,-0.2352385,0.5559174,-0.1598331,0.7810711,349.0608,73.96305,328.6215,3,NB
2025-05-30 16:48:23.572,959,-0.2264965,0.5718355,-0.1508188,0.7739236,349.7412,75.67854,329.9681,3,NB
2025-05-30 16:48:23.605,960,-0.2177528,0.5880482,-0.1426483,0.7657901,350.4599,77.49287,331.2342,3,NB
2025-05-30 16:48:23.639,961,-0.2139219,0.59964,-0.1347732,0.7592796,350.606,78.93559,332.129,3,NB
2025-05-30 16:48:23.683,962,-0.20565,0.6127628,-0.1269501,0.7524053,351.1479,80.41896,333.3586,3,NB
2025-05-30 16:48:23.716,963,-0.197673,0.6209868,-0.1212164,0.7487374,351.6359,81.24435,334.43,3,NB
2025-05-30 16:48:23.761,964,-0.1887932,0.6299099,-0.1110908,0.7451374,351.8712,82.15387,335.9524,3,NB
2025-05-30 16:48:23.794,965,-0.1816695,0.6345932,-0.1053432,0.7437679,352.1523,82.54247,336.9873,3,NB
2025-05-30 16:48:23.827,966,-0.1801185,0.6361016,-0.09981471,0.7436191,351.9004,82.69608,337.5796,3,NB
2025-05-30 16:48:23.871,967,-0.1746939,0.6360959,-0.09490934,0.7455579,351.9669,82.47181,338.4465,3,NB
2025-05-30 16:48:23.905,968,-0.1703052,0.6379058,-0.08402584,0.7463325,351.5464,82.55627,339.7288,3,NB
2025-05-30 16:48:23.957,969,-0.1665819,0.6363419,-0.06810267,0.7501211,350.605,82.15639,341.4309,3,NB
2025-05-30 16:48:23.982,970,-0.1619017,0.636829,-0.06361032,0.7511262,350.6654,82.05024,342.1927,3,NB
2025-05-30 16:48:24.033,971,-0.1572207,0.6397973,-0.06341769,0.7496129,351.1087,82.32889,342.5508,3,NB
2025-05-30 16:48:24.060,972,-0.1533118,0.6439787,-0.06074666,0.747059,351.3252,82.81899,343.0488,3,NB
2025-05-30 16:48:24.094,973,-0.1480993,0.6496988,-0.05678321,0.7434608,351.58,83.50389,343.7464,3,NB
2025-05-30 16:48:24.138,974,-0.1446228,0.6509922,-0.05535491,0.7431214,351.7859,83.58476,344.135,3,NB
2025-05-30 16:48:24.187,975,-0.1395531,0.660243,-0.05288237,0.7360761,352.2059,84.83407,344.6584,3,NB
2025-05-30 16:48:24.223,976,-0.1387677,0.6617281,-0.05131645,0.7350008,352.1793,85.03635,344.8397,3,NB
2025-05-30 16:48:24.249,977,-0.1365099,0.6695237,-0.04953249,0.7284572,352.3826,86.17003,345.0944,3,NB
2025-05-30 16:48:24.283,978,-0.1359248,0.6722103,-0.049646,0.7260808,352.4934,86.57002,345.1057,3,NB
2025-05-30 16:48:24.339,979,-0.1320265,0.677288,-0.04789731,0.7221884,352.7722,87.24403,345.522,3,NB
2025-05-30 16:48:24.361,980,-0.1288296,0.682965,-0.04588769,0.7175349,352.9809,88.04125,345.8979,3,NB
2025-05-30 16:48:24.414,981,-0.1266628,0.6821734,-0.04458445,0.7187548,353.0357,87.8527,346.1923,3,NB
2025-05-30 16:48:24.437,982,-0.1253612,0.6850991,-0.04294627,0.7162957,353.0648,88.27699,346.4076,3,NB
2025-05-30 16:48:24.482,983,-0.1235946,0.6848561,-0.0428221,0.7168424,353.192,88.18822,346.5663,3,NB
2025-05-30 16:48:24.529,984,-0.1211257,0.6863166,-0.04218587,0.7159041,353.3662,88.35028,346.8094,3,NB
2025-05-30 16:48:24.560,985,-0.1202098,0.6866605,-0.04037827,0.7158329,353.3013,88.37905,347.0308,3,NB
2025-05-30 16:48:24.593,986,-0.1212585,0.6869247,-0.03762174,0.7155528,353.0013,88.44917,347.1684,3,NB
2025-05-30 16:48:24.638,987,-0.1243427,0.6817054,-0.03705407,0.7200306,352.6147,87.70955,347.0115,3,NB
2025-05-30 16:48:24.671,988,-0.1228169,0.6832389,-0.03943729,0.718711,352.955,87.90958,346.9252,3,NB
2025-05-30 16:48:24.704,989,-0.1218591,0.6824018,-0.0421562,0.7195145,353.2335,87.75173,346.7871,3,NB
2025-05-30 16:48:24.749,990,-0.1208575,0.682721,-0.04382194,0.7192811,353.4526,87.77497,346.7287,3,NB
2025-05-30 16:48:24.782,991,-0.1186941,0.6856837,-0.04425526,0.7167923,353.7154,88.18401,346.8451,3,NB
2025-05-30 16:48:24.827,992,-0.1170184,0.6880198,-0.04412918,0.7148344,353.8821,88.50903,346.9738,3,NB
2025-05-30 16:48:24.860,993,-0.1165183,0.6895794,-0.0440113,0.7134193,353.9409,88.74339,347.0118,3,NB
2025-05-30 16:48:24.915,994,-0.1162965,0.692883,-0.0446212,0.7102095,354.0676,89.26398,346.953,3,NB
2025-05-30 16:48:24.955,995,-0.1158445,0.6968582,-0.04614139,0.706286,354.2994,89.88844,346.8348,3,NB
2025-05-30 16:48:24.981,996,-0.1173069,0.6992191,-0.05048536,0.7034082,354.5816,90.30712,346.342,3,NB
2025-05-30 16:48:25.016,997,-0.1178216,0.701639,-0.05395853,0.7006495,354.8718,90.71092,346.0003,3,NB
2025-05-30 16:48:25.060,998,-0.1194601,0.7031699,-0.05850876,0.6984686,355.1473,91.00271,345.485,3,NB
2025-05-30 16:48:25.094,999,-0.1210033,0.7029964,-0.06306123,0.6979812,355.3969,91.01697,344.9895,3,NB
2025-05-30 16:48:25.138,1000,-0.1224479,0.7029998,-0.06625309,0.69743,355.5467,91.05774,344.6107,3,NB
2025-05-30 16:48:25.171,1001,-0.1257155,0.7042414,-0.07173502,0.6950496,355.7723,91.35143,343.8864,3,NB
2025-05-30 16:48:25.216,1002,-0.1264073,0.7055785,-0.07466959,0.6932566,355.9921,91.58772,343.5844,3,NB
2025-05-30 16:48:25.272,1003,-0.1299674,0.7069328,-0.08044526,0.6905673,356.2293,91.91193,342.8124,3,NB
2025-05-30 16:48:25.310,1004,-0.1317334,0.707742,-0.08210721,0.6892069,356.2524,92.09651,342.5252,3,NB
2025-05-30 16:48:25.348,1005,-0.1344418,0.708932,-0.08730999,0.6868173,356.5097,92.37244,341.8727,3,NB
2025-05-30 16:48:25.371,1006,-0.1361634,0.7098582,-0.09183753,0.6849284,356.7816,92.57625,341.36,3,NB
2025-05-30 16:48:25.416,1007,-0.1375231,0.7108737,-0.09280116,0.6834722,356.7871,92.78476,341.1625,3,NB
2025-05-30 16:48:25.448,1008,-0.1415397,0.712366,-0.09892141,0.6802323,357.0409,93.15691,340.325,3,NB
2025-05-30 16:48:25.506,1009,-0.1422391,0.7130488,-0.09950931,0.6792847,357.0576,93.29153,340.2155,3,NB
2025-05-30 16:48:25.527,1010,-0.1442592,0.7142953,-0.1015795,0.6772395,357.1179,93.56239,339.8725,3,NB
2025-05-30 16:48:25.582,1011,-0.1472829,0.7158911,-0.1062724,0.6741768,357.3388,93.92542,339.234,3,NB
2025-05-30 16:48:25.604,1012,-0.1507684,0.7176461,-0.1120093,0.670602,357.6247,94.33334,338.473,3,NB
2025-05-30 16:48:25.649,1013,-0.1519015,0.7189693,-0.1144505,0.6685137,357.7922,94.59091,338.178,3,NB
2025-05-30 16:48:25.682,1014,-0.1532138,0.7202649,-0.117613,0.6662668,358.0093,94.85088,337.8112,3,NB
2025-05-30 16:48:25.727,1015,-0.1555662,0.7215713,-0.121435,0.6636173,358.2107,95.15067,337.3026,3,NB
2025-05-30 16:48:25.760,1016,-0.1579203,0.7227463,-0.1247834,0.661157,358.3699,95.43059,336.8316,3,NB
2025-05-30 16:48:25.804,1017,-0.1610669,0.723996,-0.1273833,0.6585293,358.4136,95.75436,336.35,3,NB
2025-05-30 16:48:25.855,1018,-0.1645501,0.7258368,-0.1316282,0.6547965,358.6011,96.19216,335.7088,3,NB
2025-05-30 16:48:25.882,1019,-0.1677822,0.7275964,-0.1354802,0.651228,358.775,96.61061,335.1207,3,NB
2025-05-30 16:48:25.914,1020,-0.1706208,0.7293531,-0.1392072,0.6477301,358.9703,97.01645,334.5774,3,NB
2025-05-30 16:48:25.971,1021,-0.1717415,0.7305647,-0.1406118,0.6457621,359.0628,97.26487,334.3675,3,NB
2025-05-30 16:48:25.993,1022,-0.1757809,0.7333878,-0.1469529,0.6400378,359.4576,97.90433,333.5151,3,NB
2025-05-30 16:48:26.037,1023,-0.1765445,0.7350249,-0.1487259,0.6375354,359.6292,98.21349,333.3093,3,NB
2025-05-30 16:48:26.070,1024,-0.1808596,0.7385916,-0.1550907,0.63065,0.05610489,99.0012,332.4334,3,NB
2025-05-30 16:48:26.115,1025,-0.1822648,0.7410344,-0.1557958,0.6271966,0.1299701,99.48011,332.2536,3,NB
2025-05-30 16:48:26.148,1026,-0.1844791,0.7438797,-0.1591485,0.6223202,0.4105005,100.0661,331.7997,3,NB
2025-05-30 16:48:26.191,1027,-0.1880289,0.7483122,-0.1660011,0.6140992,1.002987,100.9925,330.9636,3,NB
2025-05-30 16:48:26.237,1028,-0.1905842,0.7517384,-0.1713525,0.607623,1.490878,101.7086,330.3341,3,NB
2025-05-30 16:48:26.270,1029,-0.1939561,0.7542688,-0.1771054,0.6017421,1.933931,102.3101,329.6008,3,NB
2025-05-30 16:48:26.325,1030,-0.1966389,0.7553699,-0.179126,0.5988853,2.010612,102.6289,329.2071,3,NB
2025-05-30 16:48:26.348,1031,-0.2010206,0.7569785,-0.1839269,0.5939237,2.27384,103.1223,328.4511,3,NB
2025-05-30 16:48:26.392,1032,-0.2041118,0.7586356,-0.1871997,0.5897177,2.481458,103.568,327.9283,3,NB
2025-05-30 16:48:26.426,1033,-0.2068928,0.7603131,-0.1901938,0.5856158,2.687832,104.0062,327.4552,3,NB
2025-05-30 16:48:26.480,1034,-0.2104435,0.7624446,-0.1944904,0.5801426,3.003777,104.57,326.8167,3,NB
2025-05-30 16:48:26.503,1035,-0.2136903,0.7642142,-0.1983555,0.5752985,3.284891,105.0582,326.2375,3,NB
2025-05-30 16:48:26.547,1036,-0.2173155,0.7657399,-0.20206,0.5706035,3.522979,105.5258,325.6343,3,NB
2025-05-30 16:48:26.602,1037,-0.2207072,0.7670771,-0.2051604,0.5663837,3.711792,105.9509,325.0963,3,NB
2025-05-30 16:48:26.637,1038,-0.2237564,0.7698038,-0.2088571,0.5601018,4.065989,106.6216,324.5551,3,NB
2025-05-30 16:48:26.659,1039,-0.2283546,0.7725641,-0.2145136,0.5522527,4.54443,107.3941,323.7274,3,NB
2025-05-30 16:48:26.714,1040,-0.2295892,0.7734075,-0.2158938,0.550018,4.668548,107.6225,323.5162,3,NB
2025-05-30 16:48:26.756,1041,-0.2335335,0.7757615,-0.2213309,0.5428342,5.155561,108.2979,322.766,3,NB
2025-05-30 16:48:26.780,1042,-0.2376962,0.7777139,-0.2250797,0.5366571,5.44974,108.9136,322.1152,3,NB
2025-05-30 16:48:26.825,1043,-0.2403671,0.7784871,-0.2274771,0.5333253,5.611822,109.2211,321.6945,3,NB
2025-05-30 16:48:26.876,1044,-0.2438354,0.7801841,-0.2311409,0.5276657,5.931399,109.7609,321.1147,3,NB
2025-05-30 16:48:26.902,1045,-0.2478852,0.7824368,-0.2347486,0.5208061,6.266408,110.4504,320.4889,3,NB
2025-05-30 16:48:26.936,1046,-0.2500262,0.7842628,-0.2371449,0.5159276,6.544621,110.9462,320.1299,3,NB
2025-05-30 16:48:26.996,1047,-0.2540504,0.7872676,-0.2396117,0.5081875,6.838228,111.7961,319.5972,3,NB
2025-05-30 16:48:27.024,1048,-0.2571055,0.7887202,-0.2420469,0.5032205,7.068332,112.2871,319.1451,3,NB
2025-05-30 16:48:27.057,1049,-0.2615651,0.790548,-0.2458923,0.49614,7.425299,112.9567,318.4622,3,NB
2025-05-30 16:48:27.116,1050,-0.2653853,0.7927862,-0.2485917,0.4891453,7.731793,113.6738,317.9272,3,NB
2025-05-30 16:48:27.135,1051,-0.2695595,0.7954382,-0.252981,0.4802257,8.25405,114.5236,317.2466,3,NB
2025-05-30 16:48:27.195,1052,-0.2712001,0.7967761,-0.2545206,0.4762542,8.468835,114.9229,316.9966,3,NB
2025-05-30 16:48:27.208,1053,-0.2750195,0.7987131,-0.2581374,0.4688146,8.887166,115.6166,316.3984,3,NB
2025-05-30 16:48:27.267,1054,-0.2773121,0.7999761,-0.2590542,0.4647876,9.014931,116.0498,316.1274,3,NB
2025-05-30 16:48:27.300,1055,-0.2822768,0.8026882,-0.2628867,0.4548649,9.510977,117.0148,315.4151,3,NB
2025-05-30 16:48:27.350,1056,-0.2865208,0.8055623,-0.2659117,0.4452712,9.977301,117.9788,314.8341,3,NB
2025-05-30 16:48:27.378,1057,-0.2882749,0.8068587,-0.2656521,0.4419341,10.01409,118.3913,314.6979,3,NB
2025-05-30 16:48:27.411,1058,-0.2934915,0.8101785,-0.2683308,0.430665,10.48619,119.5571,314.054,3,NB
2025-05-30 16:48:27.455,1059,-0.2944324,0.8110672,-0.2685577,0.4282016,10.57275,119.8338,313.9601,3,NB
2025-05-30 16:48:27.507,1060,-0.297326,0.8131406,-0.2701191,0.4212312,10.88297,120.5535,313.604,3,NB
2025-05-30 16:48:27.533,1061,-0.302503,0.8163165,-0.2733122,0.4091701,11.45909,121.7525,312.9346,3,NB
2025-05-30 16:48:27.577,1062,-0.3037743,0.8168834,-0.2740142,0.4066191,11.57406,122.0007,312.772,3,NB
2025-05-30 16:48:27.610,1063,-0.3089712,0.8204979,-0.2775066,0.3928235,12.2774,123.3627,312.0969,3,NB
2025-05-30 16:48:27.663,1064,-0.3097923,0.8217804,-0.278189,0.3889946,12.48625,123.7612,311.998,3,NB
2025-05-30 16:48:27.687,1065,-0.3129412,0.8239643,-0.279069,0.381145,12.78738,124.5956,311.6721,3,NB
2025-05-30 16:48:27.732,1066,-0.3166032,0.8266106,-0.2802583,0.3713934,13.18878,125.62,311.2877,3,NB
2025-05-30 16:48:27.782,1067,-0.3188146,0.8285044,-0.2809924,0.3646661,13.47877,126.3305,311.0634,3,NB
2025-05-30 16:48:27.809,1068,-0.322044,0.8310288,-0.2825011,0.3547847,13.94678,127.3385,310.7068,3,NB
2025-05-30 16:48:27.843,1069,-0.3241636,0.8328651,-0.2831232,0.3479873,14.24077,128.0563,310.5021,3,NB
2025-05-30 16:48:27.887,1070,-0.3274474,0.8352742,-0.2836083,0.3386179,14.59721,129.0611,310.2051,3,NB
2025-05-30 16:48:27.920,1071,-0.323053,0.8392141,-0.2852009,0.3316884,15.33031,129.7964,310.6765,3,NB
2025-05-30 16:48:27.964,1072,-0.316097,0.8438886,-0.2870307,0.3248823,16.20382,130.5378,311.4279,3,NB
2025-05-30 16:48:28.015,1073,-0.3087614,0.8489646,-0.2886568,0.3171799,17.11275,131.4091,312.2571,3,NB
2025-05-30 16:48:28.042,1074,-0.3021109,0.8534399,-0.2901576,0.3101263,17.93145,132.2137,313.0168,3,NB
2025-05-30 16:48:28.076,1075,-0.2947438,0.8587797,-0.2915102,0.3010744,18.85694,133.2786,313.9092,3,NB
2025-05-30 16:48:28.120,1076,-0.288541,0.8635969,-0.2923019,0.2924113,19.64046,134.328,314.7116,3,NB
2025-05-30 16:48:28.170,1077,-0.2786613,0.8700437,-0.2941546,0.2807939,20.81563,135.7243,315.9342,3,NB
2025-05-30 16:48:28.210,1078,-0.2761828,0.8716144,-0.2950202,0.2774433,21.16392,136.1023,316.2261,3,NB
2025-05-30 16:48:28.230,1079,-0.2650829,0.878563,-0.2970956,0.2638038,22.46844,137.7735,317.6489,3,NB
2025-05-30 16:48:28.275,1080,-0.2615657,0.8807856,-0.2974916,0.2594209,22.85133,138.3337,318.1251,3,NB
2025-05-30 16:48:28.319,1081,-0.2545923,0.8850021,-0.2985224,0.2506762,23.62479,139.4438,319.0646,3,NB
2025-05-30 16:48:28.341,1082,-0.2426794,0.8919933,-0.2999197,0.235591,24.87919,141.4099,320.7284,3,NB
2025-05-30 16:48:28.404,1083,-0.2393636,0.8943927,-0.2986847,0.2314187,25.05552,142.0626,321.2995,3,NB
2025-05-30 16:48:28.430,1084,-0.2308355,0.8991411,-0.2997735,0.2199916,25.94535,143.5688,322.5323,3,NB
2025-05-30 16:48:28.483,1085,-0.2240349,0.9034403,-0.299104,0.2100979,26.50697,144.9719,323.6439,3,NB
2025-05-30 16:48:28.496,1086,-0.2146585,0.908914,-0.2991728,0.1956852,27.37638,146.96,325.1605,3,NB
2025-05-30 16:48:28.542,1087,-0.2095882,0.9122438,-0.2985087,0.1864856,27.80442,148.257,326.0707,3,NB
2025-05-30 16:48:28.586,1088,-0.2018378,0.9167876,-0.2978467,0.1733479,28.43412,150.1205,327.4332,3,NB
2025-05-30 16:48:28.630,1089,-0.1949299,0.9210161,-0.296542,0.1606074,28.92245,151.9602,328.7307,3,NB
2025-05-30 16:48:28.652,1090,-0.1892929,0.9243261,-0.295147,0.1505917,29.24941,153.4397,329.8042,3,NB
2025-05-30 16:48:28.696,1091,-0.1850886,0.9276789,-0.2919082,0.1412236,29.29564,154.8905,330.7708,3,NB
2025-05-30 16:48:28.741,1092,-0.1747825,0.9335796,-0.2883193,0.1214591,29.7278,157.8387,332.8412,3,NB
2025-05-30 16:48:28.774,1093,-0.1720735,0.9358863,-0.2851197,0.1149546,29.6116,158.8779,333.5212,3,NB
2025-05-30 16:48:28.820,1094,-0.1675615,0.93876,-0.2816427,0.1064438,29.54573,160.2318,334.4978,3,NB
2025-05-30 16:48:28.852,1095,-0.1580706,0.9439797,-0.2762665,0.08713891,29.60591,163.1617,336.5081,3,NB
2025-05-30 16:48:28.897,1096,-0.1561438,0.9460018,-0.2718246,0.08253001,29.24335,163.964,337.0457,3,NB
2025-05-30 16:48:28.941,1097,-0.1485996,0.9514419,-0.2615674,0.06526388,28.57677,166.7065,338.8463,3,NB
2025-05-30 16:48:28.964,1098,-0.1429284,0.955065,-0.2543936,0.05202467,28.10268,168.7497,340.1531,3,NB
2025-05-30 16:48:29.025,1099,-0.1417906,0.9566597,-0.2497057,0.04842738,27.64769,169.3657,340.5148,3,NB
2025-05-30 16:48:29.052,1100,-0.1366166,0.9597069,-0.2430041,0.03532434,27.17911,171.3235,341.6953,3,NB
2025-05-30 16:48:29.086,1101,-0.1332033,0.9616863,-0.2382332,0.02572151,26.83089,172.7289,342.4918,3,NB
2025-05-30 16:48:29.130,1102,-0.1290859,0.9635503,-0.2338598,0.01474761,26.54265,174.3036,343.3945,3,NB
2025-05-30 16:48:29.164,1103,-0.1240621,0.9660171,-0.2267313,0.003571656,25.92322,175.9731,344.4363,3,NB
2025-05-30 16:48:29.208,1104,-0.1175174,0.9695613,-0.2144468,-0.01238481,24.75565,178.3349,345.8127,3,NB
2025-05-30 16:48:29.241,1105,-0.1136544,0.971776,-0.20565,-0.02103551,23.8581,179.6327,346.5809,3,NB
2025-05-30 16:48:29.286,1106,-0.1098479,0.974074,-0.1954007,-0.03052887,22.79135,181.0284,347.339,3,NB
2025-05-30 16:48:29.319,1107,-0.1053629,0.9765661,-0.1828239,-0.04234159,21.46924,182.7206,348.2001,3,NB
2025-05-30 16:48:29.364,1108,-0.1017544,0.978358,-0.17355,-0.04839841,20.45291,183.6337,348.7803,3,NB
2025-05-30 16:48:29.412,1109,-0.09892522,0.9802375,-0.1611084,-0.05824589,19.10939,184.9976,349.3162,3,NB
2025-05-30 16:48:29.451,1110,-0.09513301,0.9820443,-0.1488002,-0.06631298,17.75057,186.144,349.8941,3,NB
2025-05-30 16:48:29.475,1111,-0.09243257,0.9832633,-0.1387281,-0.07351474,16.64271,187.1301,350.3035,3,NB
2025-05-30 16:48:29.529,1112,-0.08879419,0.984866,-0.1231187,-0.08364621,14.91379,188.504,350.8115,3,NB
2025-05-30 16:48:29.553,1113,-0.08492505,0.9861181,-0.1073881,-0.09395126,13.16478,189.8787,351.2983,3,NB
2025-05-30 16:48:29.603,1114,-0.08370647,0.9864238,-0.1032065,-0.09648833,12.69517,190.2193,351.439,3,NB
2025-05-30 16:48:29.631,1115,-0.08059204,0.9872446,-0.09007335,-0.1036343,11.21861,191.1752,351.7672,3,NB
2025-05-30 16:48:29.664,1116,-0.07821852,0.9877458,-0.0785123,-0.1098914,9.921075,192.0003,351.9899,3,NB
2025-05-30 16:48:29.709,1117,-0.07565334,0.9881569,-0.06550015,-0.1163294,8.456021,192.8506,352.1979,3,NB
2025-05-30 16:48:29.742,1118,-0.07343841,0.9883977,-0.05329952,-0.1218038,7.079843,193.5764,352.3452,3,NB
2025-05-30 16:48:29.775,1119,-0.06994434,0.9885142,-0.03608366,-0.1290185,5.128321,194.5385,352.5599,3,NB
2025-05-30 16:48:29.830,1120,-0.06831872,0.9884591,-0.02623391,-0.1326398,4.013175,195.0267,352.6219,3,NB
2025-05-30 16:48:29.853,1121,-0.06565018,0.9881768,-0.01160005,-0.1380667,2.352882,195.758,352.7238,3,NB
2025-05-30 16:48:29.907,1122,-0.0640067,0.9878856,-0.003419541,-0.1413283,1.423841,196.1934,352.7884,3,NB
2025-05-30 16:48:29.930,1123,-0.06105523,0.9870075,0.01508873,-0.1478547,359.3279,197.0814,352.8196,3,NB
2025-05-30 16:48:29.964,1124,-0.06031876,0.9865335,0.02207908,-0.15042,358.5435,197.4305,352.7791,3,NB
2025-05-30 16:48:30.019,1125,-0.05918895,0.985706,0.03316483,-0.1542102,357.2989,197.9556,352.7005,3,NB
2025-05-30 16:48:30.042,1126,-0.05720161,0.9839389,0.04955718,-0.1616685,355.4673,198.9552,352.5886,3,NB
2025-05-30 16:48:30.093,1127,-0.05517415,0.9814381,0.06459662,-0.1719377,353.8102,200.282,352.4565,3,NB
2025-05-30 16:48:30.120,1128,-0.05114225,0.9770595,0.08485331,-0.1885187,351.5741,202.4069,352.3356,3,NB
2025-05-30 16:48:30.152,1129,-0.04828522,0.9724051,0.101519,-0.2044289,349.7646,204.4543,352.0909,3,NB
2025-05-30 16:48:30.198,1130,-0.04774221,0.965907,0.1129963,-0.2279835,348.6665,207.399,351.5695,3,NB
2025-05-30 16:48:30.219,1131,-0.04295865,0.9578037,0.1351476,-0.2500041,346.2663,210.3286,351.1251,3,NB
2025-05-30 16:48:30.277,1132,-0.04572021,0.9515647,0.1431746,-0.268208,345.6435,212.711,350.2649,3,NB
2025-05-30 16:48:30.298,1133,-0.04374116,0.9422988,0.1623002,-0.2895141,343.7074,215.6786,349.4093,3,NB
2025-05-30 16:48:30.342,1134,-0.04626546,0.9330817,0.1750107,-0.3107885,342.672,218.6469,348.2057,3,NB
2025-05-30 16:48:30.376,1135,-0.04477923,0.9228641,0.191388,-0.3311907,341.1199,221.6181,347.2128,3,NB
2025-05-30 16:48:30.420,1136,-0.04481407,0.9109173,0.2062417,-0.3545221,339.8815,225.0349,345.9549,3,NB
2025-05-30 16:48:30.442,1137,-0.04106753,0.9004583,0.2207962,-0.3724747,338.4667,227.7845,345.1475,3,NB
2025-05-30 16:48:30.498,1138,-0.04651695,0.8964527,0.2203698,-0.3816362,338.9246,229.0481,344.3572,3,NB
2025-05-30 16:48:30.520,1139,-0.04622597,0.8900756,0.2252249,-0.3935767,338.6203,230.7836,343.8139,3,NB
2025-05-30 16:48:30.554,1140,-0.04344669,0.8826938,0.2296152,-0.4077268,338.2886,232.7719,343.4953,3,NB
2025-05-30 16:48:30.607,1141,-0.04672926,0.8854906,0.2175412,-0.4079203,339.6877,232.3729,343.8894,3,NB
2025-05-30 16:48:30.631,1142,-0.04145206,0.8802575,0.2170491,-0.4199031,339.6773,233.8529,344.2048,3,NB
2025-05-30 16:48:30.665,1143,-0.04042934,0.8812551,0.2119201,-0.4205295,340.1531,233.7272,344.6182,3,NB
2025-05-30 16:48:30.708,1144,-0.036993,0.8830861,0.2039386,-0.4209509,340.7891,233.4457,345.4627,3,NB
2025-05-30 16:48:30.753,1145,-0.02880009,0.8804966,0.203117,-0.4273638,340.5447,234.1513,346.2367,3,NB
2025-05-30 16:48:30.776,1146,-0.02287224,0.8797332,0.2002118,-0.4306527,340.5754,234.4061,346.9663,3,NB
2025-05-30 16:48:30.820,1147,-0.01317315,0.8779261,0.1926171,-0.438145,340.9336,235.0189,348.2841,3,NB
2025-05-30 16:48:30.865,1148,-0.005753268,0.8763441,0.1872357,-0.443769,341.1519,235.5008,349.266,3,NB
2025-05-30 16:48:30.887,1149,0.0005229004,0.8756564,0.1840396,-0.4464923,341.169,235.6864,350.0569,3,NB
2025-05-30 16:48:30.931,1150,0.008950025,0.8737378,0.176407,-0.4531921,341.5559,236.2527,351.2535,3,NB
2025-05-30 16:48:30.953,1151,0.01268335,0.8730432,0.1698157,-0.4569439,342.055,236.5258,351.9608,3,NB
2025-05-30 16:48:30.998,1152,0.01577649,0.8761546,0.1543931,-0.456363,343.4445,236.0159,353.2134,3,NB
2025-05-30 16:48:31.048,1153,0.02215173,0.8742958,0.1368019,-0.4651898,344.9406,236.7284,354.739,3,NB
2025-05-30 16:48:31.064,1154,0.02510155,0.8740234,0.1270118,-0.4683174,345.7866,236.9205,355.5576,3,NB
2025-05-30 16:48:31.109,1155,0.03014522,0.8786851,0.1144545,-0.4624979,346.7604,235.8819,356.8851,3,NB
2025-05-30 16:48:31.152,1156,0.03445581,0.8818528,0.09907048,-0.4597103,348.0879,235.2514,358.2244,3,NB
2025-05-30 16:48:31.176,1157,0.03599698,0.8826461,0.09014072,-0.4599076,348.9167,235.1537,358.8691,3,NB
2025-05-30 16:48:31.220,1158,0.03806261,0.885187,0.0790768,-0.4568835,349.9344,234.6254,359.7165,3,NB
2025-05-30 16:48:31.265,1159,0.0360931,0.886887,0.06489179,-0.4559805,351.4879,234.3978,0.2805297,3,NB
2025-05-30 16:48:31.298,1160,0.03402392,0.8874073,0.05484844,-0.4564454,352.6225,234.4004,0.5959796,3,NB
2025-05-30 16:48:31.350,1161,0.03165915,0.8872448,0.04739381,-0.4577646,353.5068,234.5402,0.7374728,3,NB
2025-05-30 16:48:31.376,1162,0.02972107,0.8885841,0.04052433,-0.4559528,354.3114,234.2814,0.913534,3,NB
2025-05-30 16:48:31.409,1163,0.0255802,0.8862496,0.02863546,-0.461614,355.7348,234.9862,1.086182,3,NB
2025-05-30 16:48:31.462,1164,0.02283697,0.8852473,0.0248941,-0.4638925,356.2581,235.2789,0.9954723,3,NB
2025-05-30 16:48:31.487,1165,0.01714186,0.8836521,0.01288342,-0.4676531,357.7763,235.7578,1.046204,3,NB
2025-05-30 16:48:31.540,1166,0.01181956,0.8817982,0.001146591,-0.4714776,359.2455,236.2574,1.132551,3,NB
2025-05-30 16:48:31.564,1167,0.006453265,0.880881,-0.01132373,-0.4731586,0.793164,236.493,1.265599,3,NB
2025-05-30 16:48:31.598,1168,0.003055025,0.8811249,-0.01849023,-0.4725124,1.701781,236.4253,1.310327,3,NB
2025-05-30 16:48:31.642,1169,-0.0008618385,0.8813952,-0.02770027,-0.4715663,2.84548,236.3306,1.41169,3,NB
2025-05-30 16:48:31.689,1170,-0.005646024,0.8810495,-0.03919115,-0.4713641,4.265677,236.3516,1.551344,3,NB
2025-05-30 16:48:31.719,1171,-0.009575654,0.8808743,-0.04826329,-0.4707864,5.396294,236.3224,1.644654,3,NB
2025-05-30 16:48:31.753,1172,-0.01469105,0.8805371,-0.05926422,-0.4700283,6.787024,236.2885,1.722013,3,NB
2025-05-30 16:48:31.798,1173,-0.0164699,0.8807395,-0.06185802,-0.4692551,7.147192,236.2018,1.677312,3,NB
2025-05-30 16:48:31.841,1174,-0.02278852,0.880251,-0.07624439,-0.4677882,8.948626,236.1164,1.810723,3,NB
2025-05-30 16:48:31.864,1175,-0.026065,0.8803602,-0.08288471,-0.4662795,9.802003,235.9721,1.826148,3,NB
2025-05-30 16:48:31.919,1176,-0.0308165,0.8801485,-0.09319564,-0.4644393,11.10904,235.8233,1.887575,3,NB
2025-05-30 16:48:31.958,1177,-0.03741791,0.8798033,-0.1082442,-0.4613346,13.00238,235.5697,2.001652,3,NB
2025-05-30 16:48:31.987,1178,-0.04140191,0.8795606,-0.1181818,-0.4590122,14.23527,235.3803,2.108533,3,NB
2025-05-30 16:48:32.019,1179,-0.04607164,0.8789986,-0.1312624,-0.4560804,15.82998,235.1672,2.307677,3,NB
2025-05-30 16:48:32.073,1180,-0.05019613,0.8784389,-0.1418078,-0.4535595,17.13792,234.9824,2.425914,3,NB
2025-05-30 16:48:32.097,1181,-0.05477712,0.8778715,-0.1523858,-0.4506881,18.47707,234.7556,2.488606,3,NB
2025-05-30 16:48:32.142,1182,-0.05836943,0.877008,-0.1612376,-0.4488349,19.58529,234.6497,2.576792,3,NB
2025-05-30 16:48:32.175,1183,-0.0626263,0.8746017,-0.175079,-0.4477693,21.24354,234.7671,2.905465,3,NB
2025-05-30 16:48:32.220,1184,-0.06225708,0.8746372,-0.1776107,-0.4467534,21.48865,234.6969,3.067433,3,NB
2025-05-30 16:48:32.252,1185,-0.06468103,0.8722899,-0.1904081,-0.445726,22.94468,234.8517,3.542389,3,NB
2025-05-30 16:48:32.297,1186,-0.06470345,0.8715079,-0.1958378,-0.4448992,23.51076,234.8883,3.844133,3,NB
2025-05-30 16:48:32.331,1187,-0.06844851,0.867996,-0.2121937,-0.4437025,25.41096,235.1455,4.411385,3,NB
2025-05-30 16:48:32.364,1188,-0.07025442,0.8662419,-0.219196,-0.4434441,26.23547,235.3011,4.648091,3,NB
2025-05-30 16:48:32.409,1189,-0.07196121,0.8642733,-0.2271914,-0.4429871,27.15934,235.4735,4.958072,3,NB
2025-05-30 16:48:32.460,1190,-0.07372127,0.8622033,-0.2357489,-0.4422596,28.14696,235.6391,5.29687,3,NB
2025-05-30 16:48:32.486,1191,-0.07481948,0.8602469,-0.2441496,-0.4413259,29.08439,235.797,5.698462,3,NB
2025-05-30 16:48:32.530,1192,-0.0743643,0.8592182,-0.2489809,-0.4407072,29.56453,235.9058,6.049416,3,NB
2025-05-30 16:48:32.579,1193,-0.07450395,0.8575974,-0.2577288,-0.4388073,30.49351,235.984,6.557025,3,NB
2025-05-30 16:48:32.609,1194,-0.07370286,0.8570728,-0.2629777,-0.4368491,31.00922,235.9406,6.93086,3,NB
2025-05-30 16:48:32.642,1195,-0.07251699,0.8564632,-0.2693534,-0.4343514,31.62638,235.8838,7.407066,3,NB
2025-05-30 16:48:32.698,1196,-0.07049063,0.8564325,-0.274535,-0.4314919,32.07802,235.7491,7.880751,3,NB
2025-05-30 16:48:32.719,1197,-0.06870466,0.8561171,-0.2806061,-0.4284899,32.63884,235.6361,8.387665,3,NB
2025-05-30 16:48:32.764,1198,-0.06537862,0.8572193,-0.2830148,-0.42521,32.73885,235.3537,8.793837,3,NB
2025-05-30 16:48:32.798,1199,-0.06315283,0.85742,-0.2892981,-0.4208915,33.31631,235.0833,9.312834,3,NB
2025-05-30 16:48:32.841,1200,-0.06011935,0.8584307,-0.2928135,-0.4168245,33.56197,234.741,9.733964,3,NB
2025-05-30 16:48:32.886,1201,-0.05562706,0.859381,-0.2976166,-0.4120613,33.87449,234.4046,10.38491,3,NB
2025-05-30 16:48:32.908,1202,-0.05103021,0.8604379,-0.3019437,-0.4072748,34.13703,234.0508,11.01406,3,NB
2025-05-30 16:48:32.953,1203,-0.04564431,0.8631634,-0.3015494,-0.4024098,33.86984,233.467,11.3845,3,NB
2025-05-30 16:48:33.013,1204,-0.04028609,0.8654553,-0.3047251,-0.3956095,34.00927,232.7921,11.9311,3,NB
2025-05-30 16:48:33.042,1205,-0.03266042,0.8684677,-0.3091215,-0.3861882,34.20462,231.874,12.71481,3,NB
2025-05-30 16:48:33.089,1206,-0.02673524,0.8706554,-0.3120524,-0.3792992,34.30939,231.206,13.31038,3,NB
2025-05-30 16:48:33.119,1207,-0.02025218,0.8746006,-0.3084557,-0.3735223,33.68869,230.3736,13.55408,3,NB
2025-05-30 16:48:33.153,1208,-0.01256865,0.8764085,-0.3136633,-0.3651925,33.98489,229.6827,14.46097,3,NB
2025-05-30 16:48:33.197,1209,-0.00418066,0.8788263,-0.3115373,-0.3613747,33.4079,229.2681,15.12512,3,NB
2025-05-30 16:48:33.230,1210,0.01050834,0.8829706,-0.3129409,-0.3497435,33.04412,228.129,16.45574,3,NB
2025-05-30 16:48:33.274,1211,0.0230866,0.8888605,-0.3059739,-0.340256,31.88564,226.8037,17.07102,3,NB
2025-05-30 16:48:33.325,1212,0.03700304,0.8942692,-0.3023427,-0.3278754,31.09689,225.3132,17.98826,3,NB
2025-05-30 16:48:33.352,1213,0.05082591,0.9002231,-0.2950587,-0.3161575,29.94043,223.7491,18.71772,3,NB
2025-05-30 16:48:33.386,1214,0.06353401,0.9048029,-0.2896924,-0.3055711,29.03872,222.421,19.51183,3,NB
2025-05-30 16:48:33.445,1215,0.07604924,0.908911,-0.2860825,-0.2936909,28.3839,221.0174,20.37333,3,NB
2025-05-30 16:48:33.474,1216,0.08604472,0.9121804,-0.2817272,-0.2848742,27.70686,219.9249,21.0148,3,NB
2025-05-30 16:48:33.497,1217,0.09894601,0.9153478,-0.2788624,-0.2731006,27.15942,218.6048,22.01059,3,NB
2025-05-30 16:48:33.562,1218,0.1102591,0.9179291,-0.2744063,-0.2644813,26.45201,217.5834,22.8434,3,NB
2025-05-30 16:48:33.585,1219,0.1194674,0.920036,-0.2687962,-0.2588632,25.64239,216.8416,23.46633,3,NB
2025-05-30 16:48:33.638,1220,0.13034,0.9224951,-0.2600543,-0.2537443,24.43443,216.0627,24.14773,3,NB
2025-05-30 16:48:33.663,1221,0.1388808,0.9237437,-0.2551971,-0.2495683,23.71283,215.5217,24.79447,3,NB
2025-05-30 16:48:33.716,1222,0.1448768,0.925245,-0.248063,-0.2477844,22.78298,215.1196,25.09469,3,NB
2025-05-30 16:48:33.730,1223,0.1548053,0.9270445,-0.2420315,-0.2409248,21.9721,214.228,25.80184,3,NB
2025-05-30 16:48:33.785,1224,0.1605645,0.929112,-0.2333271,-0.2377574,20.92976,213.5894,25.99101,3,NB
2025-05-30 16:48:33.808,1225,0.1714227,0.931102,-0.2291761,-0.2261455,20.44082,212.2273,26.82678,3,NB
2025-05-30 16:48:33.852,1226,0.1729024,0.9326653,-0.2226038,-0.2251397,19.71705,211.8628,26.6849,3,NB
2025-05-30 16:48:33.897,1227,0.1787589,0.9359373,-0.2104368,-0.2185936,18.40671,210.6994,26.71913,3,NB
2025-05-30 16:48:33.929,1228,0.1914602,0.9395939,-0.1980967,-0.203136,17.12612,208.6082,27.43219,3,NB
2025-05-30 16:48:33.974,1229,0.1914064,0.9423569,-0.1874793,-0.2004463,16.05806,207.892,26.97516,3,NB
2025-05-30 16:48:34.008,1230,0.1990079,0.9445177,-0.1788401,-0.1905212,15.18906,206.5313,27.39701,3,NB
2025-05-30 16:48:34.052,1231,0.2053592,0.948246,-0.1612863,-0.1806765,13.39548,204.8554,27.40422,3,NB
2025-05-30 16:48:34.099,1232,0.210727,0.9497501,-0.1529825,-0.1736815,12.55587,203.8314,27.67953,3,NB
2025-05-30 16:48:34.119,1233,0.2147258,0.9516985,-0.1437119,-0.1658614,11.67215,202.6677,27.7761,3,NB
2025-05-30 16:48:34.175,1234,0.2258611,0.9547979,-0.1238543,-0.148351,9.758647,200.1341,28.35435,3,NB
2025-05-30 16:48:34.197,1235,0.2331183,0.9562334,-0.1117747,-0.1370405,8.619514,198.5292,28.81017,3,NB
2025-05-30 16:48:34.251,1236,0.2355268,0.9580199,-0.1014125,-0.128222,7.695645,197.2245,28.79145,3,NB
2025-05-30 16:48:34.275,1237,0.2433925,0.959211,-0.08429071,-0.1164883,6.02719,195.4249,29.29274,3,NB
2025-05-30 16:48:34.320,1238,0.2449374,0.9596328,-0.07899435,-0.113449,5.51091,194.9293,29.35963,3,NB
2025-05-30 16:48:34.341,1239,0.2580471,0.9597359,-0.05326892,-0.0973727,2.980419,192.3971,30.42253,3,NB
2025-05-30 16:48:34.385,1240,0.2579456,0.959988,-0.04693282,-0.09841028,2.25465,192.3172,30.32321,3,NB
2025-05-30 16:48:34.430,1241,0.2626855,0.9594538,-0.03551012,-0.09583278,1.019511,191.688,30.72754,3,NB
2025-05-30 16:48:34.464,1242,0.270646,0.9584306,-0.01477506,-0.08912592,358.8585,190.3042,31.4348,3,NB
2025-05-30 16:48:34.497,1243,0.2767859,0.9572207,0.002077678,-0.08434466,357.0957,189.2376,32.02038,3,NB
2025-05-30 16:48:34.552,1244,0.2800258,0.9563217,0.01622952,-0.08228759,355.5766,188.5539,32.31072,3,NB
2025-05-30 16:48:34.592,1245,0.2832187,0.9556831,0.03861801,-0.07046922,353.4696,186.5202,32.64223,3,NB
2025-05-30 16:48:34.629,1246,0.2800365,0.9566846,0.04521015,-0.06550078,352.9238,185.7837,32.27324,3,NB
2025-05-30 16:48:34.652,1247,0.2735521,0.9588259,0.05746684,-0.0501974,352.0873,183.7523,31.58719,3,NB
2025-05-30 16:48:34.697,1248,0.2701956,0.9600766,0.05876268,-0.04236121,352.1995,182.8688,31.2409,3,NB
2025-05-30 16:48:34.719,1249,0.2629603,0.9617693,0.07312209,-0.02247558,351.2297,180.2769,30.56214,3,NB
2025-05-30 16:48:34.778,1250,0.2594452,0.9628197,0.07422313,-0.0125514,351.4055,179.1688,30.22435,3,NB
2025-05-30 16:48:34.807,1251,0.2530959,0.9642131,0.07892839,0.002474822,351.3177,177.4068,29.61237,3,NB
2025-05-30 16:48:34.829,1252,0.2473992,0.9648774,0.08681373,0.01639424,350.8269,175.6667,29.11,3,NB
2025-05-30 16:48:34.875,1253,0.244611,0.9652681,0.08861132,0.02390093,350.8294,174.799,28.85764,3,NB
2025-05-30 16:48:34.919,1254,0.2401211,0.9652233,0.09628554,0.03761763,350.3396,173.0751,28.52596,3,NB
2025-05-30 16:48:34.941,1255,0.233879,0.9647371,0.1070596,0.0558695,349.6049,170.7634,28.09638,3,NB
2025-05-30 16:48:34.985,1256,0.2316845,0.9645618,0.1096393,0.06262708,349.4853,169.9475,27.94013,3,NB
2025-05-30 16:48:35.029,1257,0.2261055,0.9639028,0.1175756,0.07709613,348.9422,168.1346,27.55535,3,NB
2025-05-30 16:48:35.052,1258,0.2227128,0.9632446,0.1219953,0.08761435,348.697,166.8476,27.34452,3,NB
2025-05-30 16:48:35.110,1259,0.2198554,0.9625133,0.124933,0.09809934,348.6172,165.6012,27.17584,3,NB
2025-05-30 16:48:35.129,1260,0.2119502,0.9600844,0.1350116,0.1228298,348.043,162.5673,26.73781,3,NB
2025-05-30 16:48:35.186,1261,0.2098647,0.9590132,0.1361596,0.1330838,348.153,161.385,26.63573,3,NB
2025-05-30 16:48:35.207,1262,0.206249,0.9575081,0.1398953,0.1451514,347.9932,159.9292,26.4441,3,NB
2025-05-30 16:48:35.251,1263,0.2017368,0.955153,0.1428034,0.1630719,348.0532,157.833,26.20067,3,NB
2025-05-30 16:48:35.285,1264,0.1970834,0.952616,0.1454752,0.1803273,348.107,155.8139,25.93453,3,NB
2025-05-30 16:48:35.330,1265,0.1932393,0.9502181,0.1461225,0.1959395,348.3478,154.0321,25.68567,3,NB
2025-05-30 16:48:35.374,1266,0.1888794,0.9466553,0.1483652,0.2148402,348.478,151.8148,25.469,3,NB
2025-05-30 16:48:35.396,1267,0.1845305,0.9424223,0.1514333,0.234215,348.5222,149.5028,25.29585,3,NB
2025-05-30 16:48:35.440,1268,0.1817134,0.9389449,0.1517996,0.2496395,348.794,147.7139,25.1591,3,NB
2025-05-30 16:48:35.484,1269,0.1795798,0.9353984,0.1509086,0.2645898,349.2054,146.0073,25.04346,3,NB
2025-05-30 16:48:35.518,1270,0.1764071,0.9300106,0.1523388,0.2841719,349.45,143.6778,24.95034,3,NB
2025-05-30 16:48:35.551,1271,0.1754139,0.9261968,0.1526583,0.2967912,349.7083,142.179,24.98279,3,NB
2025-05-30 16:48:35.607,1272,0.1754158,0.9236251,0.1493811,0.3063191,350.3007,141.1546,24.93435,3,NB
2025-05-30 16:48:35.628,1273,0.1714921,0.9139659,0.1510017,0.3353438,350.7349,137.6573,24.84931,3,NB
2025-05-30 16:48:35.662,1274,0.1693796,0.9120553,0.1487868,0.3425323,351.0619,136.8807,24.57894,3,NB
2025-05-30 16:48:35.719,1275,0.1670905,0.9049982,0.1476043,0.3623151,351.5999,134.5399,24.44574,3,NB
2025-05-30 16:48:35.756,1276,0.1663802,0.8972017,0.1486176,0.3811295,351.9605,132.2146,24.57764,3,NB
2025-05-30 16:48:35.784,1277,0.1666263,0.8914461,0.1483535,0.3943995,352.3533,130.5919,24.6966,3,NB
2025-05-30 16:48:35.817,1278,0.1666875,0.8855433,0.1478956,0.4076217,352.7589,128.9734,24.77978,3,NB
2025-05-30 16:48:35.850,1279,0.1669856,0.8770066,0.1465151,0.4260382,353.4134,126.7265,24.86695,3,NB
2025-05-30 16:48:35.895,1280,0.1676246,0.8746043,0.1431946,0.4318155,353.9319,126.1119,24.78577,3,NB
2025-05-30 16:48:35.918,1281,0.1703767,0.8580528,0.1439861,0.4625852,354.867,122.1882,25.29694,3,NB
2025-05-30 16:48:35.962,1282,0.1721421,0.8556015,0.1419491,0.4670802,355.291,121.6781,25.38001,3,NB
2025-05-30 16:48:36.006,1283,0.1742445,0.8439676,0.1429907,0.4867354,355.8862,119.1133,25.74902,3,NB
2025-05-30 16:48:36.040,1284,0.1762399,0.8354048,0.1429737,0.5005968,356.4206,117.3109,26.00586,3,NB
2025-05-30 16:48:36.085,1285,0.1786001,0.825654,0.143128,0.5156666,357.0105,115.3272,26.30436,3,NB
2025-05-30 16:48:36.131,1286,0.1818086,0.8128017,0.1443939,0.5342747,357.6814,112.8127,26.75711,3,NB
2025-05-30 16:48:36.168,1287,0.1832847,0.8081729,0.1449806,0.5405961,357.927,111.9451,26.95561,3,NB
2025-05-30 16:48:36.204,1288,0.1871048,0.7942791,0.1462639,0.5592135,358.6772,109.3819,27.44746,3,NB
2025-05-30 16:48:36.242,1289,0.1909189,0.7810541,0.147171,0.5760602,359.4307,107.038,27.89273,3,NB
2025-05-30 16:48:36.264,1290,0.1937833,0.7734788,0.1474231,0.5851883,359.9279,105.762,28.18469,3,NB
2025-05-30 16:48:36.308,1291,0.1992232,0.7592421,0.1494495,0.601271,0.7241021,103.4322,28.83409,3,NB
2025-05-30 16:48:36.342,1292,0.2022302,0.749819,0.1506381,0.6117047,1.232402,101.9055,29.18801,3,NB
2025-05-30 16:48:36.394,1293,0.2070075,0.7364548,0.1521272,0.6258113,2.007235,99.81921,29.71019,3,NB
2025-05-30 16:48:36.410,1294,0.2120405,0.721881,0.1538139,0.6405218,2.840883,97.60305,30.25154,3,NB
2025-05-30 16:48:36.470,1295,0.2138585,0.7154213,0.1553299,0.6467687,3.117354,96.62073,30.50902,3,NB
2025-05-30 16:48:36.498,1296,0.2174688,0.7022174,0.1574825,0.6593917,3.762478,94.64481,30.94495,3,NB
2025-05-30 16:48:36.549,1297,0.2212246,0.6851448,0.1577367,0.6758369,4.754041,92.11207,31.20709,3,NB
2025-05-30 16:48:36.578,1298,0.2198216,0.6789246,0.1551169,0.6831389,5.147036,91.06548,30.82942,3,NB
2025-05-30 16:48:36.626,1299,0.216081,0.6627251,0.1475925,0.7016559,6.177131,88.37408,29.76243,3,NB
2025-05-30 16:48:36.656,1300,0.2151832,0.659578,0.1459291,0.7052359,6.373346,87.84873,29.52047,3,NB
2025-05-30 16:48:36.690,1301,0.2114979,0.64363,0.1385563,0.722365,7.307781,85.25681,28.44391,3,NB
2025-05-30 16:48:36.742,1302,0.209719,0.6391215,0.1364888,0.7272637,7.50289,84.49662,28.07507,3,NB
2025-05-30 16:48:36.769,1303,0.2064446,0.6246286,0.1310395,0.7416526,8.193591,82.1936,27.18971,3,NB
2025-05-30 16:48:36.802,1304,0.2029546,0.6088357,0.1251505,0.7566149,8.900836,79.72311,26.22096,3,NB
2025-05-30 16:48:36.848,1305,0.1995844,0.58996,0.1177354,0.7734673,9.777684,76.84821,25.07336,3,NB
2025-05-30 16:48:36.881,1306,0.19689,0.5728361,0.1108415,0.7879133,10.56067,74.28974,24.02497,3,NB
2025-05-30 16:48:36.925,1307,0.1936727,0.55068,0.1023742,0.8054577,11.49249,71.03437,22.70321,3,NB
2025-05-30 16:48:36.970,1308,0.1914884,0.5357251,0.09715641,0.8166344,12.04347,68.86304,21.84158,3,NB
2025-05-30 16:48:37.004,1309,0.1874067,0.5111299,0.08944491,0.8340412,12.77799,65.31735,20.45269,3,NB
2025-05-30 16:48:37.055,1310,0.1826589,0.4784423,0.07911443,0.8552601,13.69411,60.70092,18.61356,3,NB
2025-05-30 16:48:37.082,1311,0.1791365,0.4552037,0.07124737,0.8692662,14.27467,57.45169,17.22321,3,NB
2025-05-30 16:48:37.127,1312,0.1767391,0.4359934,0.06544067,0.8799947,14.71407,54.81322,16.16591,3,NB
2025-05-30 16:48:37.162,1313,0.1717169,0.4082897,0.05779606,0.8946915,15.07435,51.00299,14.61498,3,NB
2025-05-30 16:48:37.212,1314,0.1658152,0.376007,0.04991616,0.9102925,15.32792,46.6326,12.91604,3,NB
2025-05-30 16:48:37.249,1315,0.160065,0.3426645,0.04160691,0.924786,15.51778,42.18937,11.16958,3,NB
2025-05-30 16:48:37.284,1316,0.1558535,0.3197676,0.03677437,0.9338662,15.51996,39.17846,10.06292,3,NB
2025-05-30 16:48:37.316,1317,0.1504951,0.2907558,0.03161988,0.9443582,15.41778,35.41735,8.785285,3,NB
2025-05-30 16:48:37.361,1318,0.1446622,0.2659021,0.02669372,0.9527101,15.1559,32.20256,7.608291,3,NB
2025-05-30 16:48:37.395,1319,0.1405427,0.2465319,0.0237323,0.9585963,14.93635,29.74106,6.823437,3,NB
2025-05-30 16:48:37.439,1320,0.1367355,0.2289115,0.02116036,0.9635638,14.70362,27.52012,6.135465,3,NB
2025-05-30 16:48:37.472,1321,0.1283857,0.1951495,0.01632724,0.9721972,14.07903,23.29847,4.840971,3,NB
2025-05-30 16:48:37.517,1322,0.1252245,0.1856757,0.01512738,0.9744818,13.79451,22.11852,4.487505,3,NB
2025-05-30 16:48:37.550,1323,0.1158514,0.1519971,0.01129259,0.981503,12.94315,17.989,3.37562,3,NB
2025-05-30 16:48:37.594,1324,0.1123237,0.1408644,0.01035382,0.983582,12.59407,16.63767,3.055013,3,NB
2025-05-30 16:48:37.628,1325,0.1060367,0.1218675,0.009003328,0.986825,11.95157,14.34765,2.555129,3,NB
2025-05-30 16:48:37.679,1326,0.1002234,0.1064727,0.008022516,0.9892192,11.33689,12.50246,2.175167,3,NB
2025-05-30 16:48:37.705,1327,0.09361465,0.08868027,0.007197311,0.9916251,10.62527,10.38807,1.800316,3,NB
2025-05-30 16:48:37.756,1328,0.08873435,0.07773211,0.007156104,0.9929918,10.0852,9.095898,1.630082,3,NB
2025-05-30 16:48:37.785,1329,0.08205421,0.06233454,0.006930599,0.9946525,9.344301,7.286024,1.394698,3,NB
2025-05-30 16:48:37.828,1330,0.07475009,0.04530086,0.006717561,0.9961503,8.529349,5.294659,1.167843,3,NB
2025-05-30 16:48:37.872,1331,0.06887434,0.03315276,0.00714825,0.9970487,7.866662,3.883725,1.088677,3,NB
2025-05-30 16:48:37.895,1332,0.06258457,0.02159469,0.008154195,0.9977729,7.154087,2.548208,1.095788,3,NB
2025-05-30 16:48:37.938,1333,0.05628111,0.0114295,0.008165294,0.9983163,6.441345,1.368951,1.014266,3,NB
2025-05-30 16:48:37.971,1334,0.05094076,0.003295977,0.008429938,0.9986608,5.836468,0.4286198,0.989122,3,NB
2025-05-30 16:48:38.017,1335,0.04763846,0.0003483742,0.008569272,0.9988279,5.460487,0.08704836,0.9872457,3,NB
2025-05-30 16:48:38.050,1336,0.0378543,-0.01292569,0.009651821,0.9991531,4.352591,358.5576,1.052105,3,NB
2025-05-30 16:48:38.094,1337,0.03413999,-0.01554309,0.009098672,0.9992548,3.928523,358.2514,0.9834059,3,NB
2025-05-30 16:48:38.140,1338,0.0272498,-0.02302301,0.009907846,0.9993145,3.148179,357.3896,1.064353,3,NB
2025-05-30 16:48:38.176,1339,0.01832756,-0.03106303,0.01051783,0.9992942,2.136635,356.4603,1.140033,3,NB
2025-05-30 16:48:38.205,1340,0.01427734,-0.03509107,0.01023824,0.9992297,1.676211,355.9937,1.115449,3,NB
2025-05-30 16:48:38.238,1341,0.008991081,-0.0417587,0.0106618,0.9990304,1.080386,355.2241,1.177835,3,NB
2025-05-30 16:48:38.290,1342,0.009300405,-0.04377883,0.009771241,0.9989502,1.113719,354.9917,1.072134,3,NB
2025-05-30 16:48:38.330,1343,0.01095639,-0.04455171,0.01015535,0.9988954,1.306081,354.9051,1.106853,3,NB
2025-05-30 16:48:38.360,1344,0.01190707,-0.04120406,0.009817371,0.9990317,1.409624,355.2896,1.068063,3,NB
2025-05-30 16:48:38.393,1345,0.01063845,-0.03929751,0.01009482,0.9991201,1.263565,355.5074,1.108195,3,NB
2025-05-30 16:48:38.443,1346,0.01057198,-0.03815626,0.01093163,0.9991562,1.258336,355.6393,1.20577,3,NB
2025-05-30 16:48:38.470,1347,0.01022201,-0.03677173,0.01127981,0.9992079,1.21805,355.7981,1.248855,3,NB
2025-05-30 16:48:38.504,1348,0.0107748,-0.03556554,0.01056495,0.9992535,1.276943,355.9362,1.166207,3,NB
2025-05-30 16:48:38.556,1349,0.01177548,-0.03324337,0.009800391,0.99933,1.385935,356.2025,1.077811,3,NB
2025-05-30 16:48:38.593,1350,0.01374767,-0.02812363,0.009191422,0.9994677,1.60436,356.7905,1.008841,3,NB
2025-05-30 16:48:38.630,1351,0.0146003,-0.02577882,0.009085617,0.9995198,1.699356,357.06,0.9979946,3,NB
2025-05-30 16:48:38.660,1352,0.01575106,-0.02113701,0.007976888,0.9996208,1.823882,357.5913,0.8760641,3,NB
2025-05-30 16:48:38.708,1353,0.01736043,-0.01752222,0.006495534,0.9996747,2.002162,358.0041,0.7096846,3,NB
2025-05-30 16:48:38.742,1354,0.01827936,-0.01367201,0.004721968,0.9997284,2.101961,358.4424,0.5126641,3,NB
2025-05-30 16:48:38.771,1355,0.01927474,-0.009097267,0.002558955,0.9997696,2.21143,358.9626,0.2732783,3,NB
2025-05-30 16:48:38.805,1356,0.01888293,-0.005761855,0.001632161,0.9998038,2.164993,359.3429,0.1746524,3,NB
2025-05-30 16:48:38.857,1357,0.01817445,-0.001845096,0.0006200945,0.9998331,2.082881,359.7898,0.0672475,3,NB
2025-05-30 16:48:38.882,1358,0.01817362,0.0005112862,6.357276e-05,0.9998348,2.082654,0.05875061,0.008353991,3,NB
2025-05-30 16:48:38.915,1359,0.018429,0.002719893,-0.0007412752,0.9998263,2.11215,0.3102695,359.9207,3,NB
2025-05-30 16:48:38.960,1360,0.01892137,0.005411862,-0.001834125,0.9998047,2.169461,0.6165095,359.8015,3,NB
2025-05-30 16:48:38.993,1361,0.02008986,0.007114334,-0.002293742,0.9997703,2.304091,0.810457,359.7534,3,NB
2025-05-30 16:48:39.026,1362,0.02079795,0.008455904,-0.002388867,0.9997452,2.385665,0.9639157,359.7462,3,NB
2025-05-30 16:48:39.070,1363,0.02166596,0.009373508,-0.003240146,0.9997162,2.486292,1.066841,359.6518,3,NB
2025-05-30 16:48:39.105,1364,0.02218218,0.01011304,-0.004457637,0.999693,2.547114,1.148394,359.5146,3,NB
2025-05-30 16:48:39.153,1365,0.02231183,0.01080329,-0.004385053,0.9996832,2.562219,1.227684,359.5248,3,NB
2025-05-30 16:48:39.183,1366,0.02173644,0.01090848,-0.004278177,0.9996951,2.49619,1.240256,359.5366,3,NB
2025-05-30 16:48:39.227,1367,0.0214298,0.01069554,-0.004187565,0.9997045,2.460837,1.216186,359.5461,3,NB
2025-05-30 16:48:39.248,1368,0.02119902,0.01022053,-0.003914614,0.9997155,2.433854,1.162472,359.576,3,NB
2025-05-30 16:48:39.293,1369,0.02152682,0.009296264,-0.003957385,0.9997174,2.471076,1.056252,359.5692,3,NB
2025-05-30 16:48:39.336,1370,0.02223843,0.009049151,-0.00381199,0.9997046,2.55238,1.028011,359.586,3,NB
2025-05-30 16:48:39.360,1371,0.02220701,0.008976746,-0.002941624,0.9997089,2.54786,1.021938,359.6855,3,NB
2025-05-30 16:48:39.404,1372,0.02198,0.008784682,-0.002755789,0.9997161,2.521595,1.000443,359.7061,3,NB
2025-05-30 16:48:39.437,1373,0.02175899,0.008503165,-0.002221363,0.9997247,2.495663,0.9695497,359.7665,3,NB
2025-05-30 16:48:39.471,1374,0.02155766,0.00792457,-0.001993232,0.9997343,2.472247,0.9038021,359.791,3,NB
2025-05-30 16:48:39.522,1375,0.0211161,0.007238536,-0.001844994,0.9997492,2.421371,0.8255683,359.806,3,NB
2025-05-30 16:48:39.549,1376,0.02070589,0.007302185,-0.001750458,0.9997575,2.374288,0.8331569,359.8166,3,NB
2025-05-30 16:48:39.582,1377,0.02078892,0.007460204,-0.001485547,0.999755,2.383609,0.8518963,359.8474,3,NB
2025-05-30 16:48:39.626,1378,0.02189778,0.007161685,-0.0007766982,0.9997344,2.510074,0.8193154,359.9289,3,NB
2025-05-30 16:48:39.669,1379,0.02254598,0.006589326,-0.000699617,0.9997239,2.58427,0.7538534,359.9368,3,NB
2025-05-30 16:48:39.694,1380,0.02255083,0.00630627,-0.0006030863,0.9997257,2.584738,0.7216417,359.9471,3,NB
2025-05-30 16:48:39.727,1381,0.02238635,0.006198891,-0.0002435929,0.9997303,2.565624,0.7102541,359.988,3,NB
2025-05-30 16:48:39.770,1382,0.0228535,0.006602563,-0.0003026518,0.9997171,2.619219,0.7564034,359.9826,3,NB
2025-05-30 16:48:39.805,1383,0.02253436,0.006563975,-0.0003337217,0.9997246,2.582661,0.7518923,359.9787,3,NB
2025-05-30 16:48:39.848,1384,0.02217463,0.006454607,0.0002136509,0.9997333,2.541023,0.7407381,0.04091762,3,NB
2025-05-30 16:48:39.881,1385,0.02255633,0.006374287,0.0003355358,0.9997253,2.584686,0.7318704,0.05497096,3,NB
2025-05-30 16:48:39.928,1386,0.02329133,0.006437832,0.0001884719,0.9997081,2.669037,0.7388308,0.0388156,3,NB
2025-05-30 16:48:39.949,1387,0.02410144,0.006848138,0.0003764839,0.9996861,2.761729,0.7864702,0.06211381,3,NB
2025-05-30 16:48:39.993,1388,0.02472974,0.007205358,0.0004226154,0.9996682,2.833684,0.8276374,0.06891503,3,NB
2025-05-30 16:48:40.040,1389,0.02527332,0.007493575,0.0004905046,0.9996524,2.895914,0.8609542,0.07798997,3,NB
2025-05-30 16:48:40.076,1390,0.02605739,0.00713156,0.000597383,0.9996349,2.98573,0.8198426,0.08984657,3,NB
2025-05-30 16:48:40.104,1391,0.02574344,0.006335202,0.0009262804,0.9996482,2.949573,0.7294236,0.1249609,3,NB
2025-05-30 16:48:40.151,1392,0.02598346,0.00621886,0.0005447246,0.999643,2.977373,0.7149799,0.0810245,3,NB
2025-05-30 16:48:40.188,1393,0.02692857,0.006417439,0.0007941393,0.9996166,3.08551,0.738644,0.1109305,3,NB
2025-05-30 16:48:40.227,1394,0.02619148,0.006833461,0.0006213668,0.9996335,3.001108,0.7857369,0.09181266,3,NB
2025-05-30 16:48:40.262,1395,0.02618993,0.006789515,0.0006104421,0.9996338,3.000943,0.7806628,0.09042625,3,NB
2025-05-30 16:48:40.300,1396,0.0266467,0.006739661,0.0005025651,0.9996222,3.05339,0.7746742,0.07825854,3,NB
2025-05-30 16:48:40.327,1397,0.02806159,0.007110365,-0.00012916,0.999581,3.216068,0.8153426,0.008082523,3,NB
2025-05-30 16:48:40.360,1398,0.02921898,0.007418936,1.594382e-05,0.9995456,3.34862,0.8512992,0.02671225,3,NB
2025-05-30 16:48:40.393,1399,0.0298494,0.007958078,0.0002681075,0.9995228,3.420643,0.9140774,0.0580321,3,NB
2025-05-30 16:48:40.449,1400,0.03227975,0.009438115,-0.000192733,0.9994344,3.699674,1.082524,0.0128652,3,NB
2025-05-30 16:48:40.471,1401,0.03323286,0.01013798,4.013326e-05,0.9993963,3.808663,1.163829,0.04329931,3,NB
2025-05-30 16:48:40.515,1402,0.03514859,0.01103076,0.0004018026,0.9993212,4.027806,1.268028,0.09066485,3,NB
2025-05-30 16:48:40.548,1403,0.03621919,0.01141599,0.0006560669,0.9992785,4.150188,1.313514,0.1228287,3,NB
2025-05-30 16:48:40.582,1404,0.03654965,0.01190496,0.0007402871,0.9992607,4.187904,1.370088,0.1349898,3,NB
2025-05-30 16:48:40.626,1405,0.03720088,0.01155723,0.0005603283,0.9992409,4.26286,1.329541,0.1137423,3,NB
2025-05-30 16:48:40.659,1406,0.03728149,0.01112682,0.0003417852,0.9992428,4.272432,1.279195,0.08691298,3,NB
2025-05-30 16:48:40.693,1407,0.03759901,0.0104153,0.0002486568,0.9992387,4.309013,1.197139,0.07355484,3,NB
2025-05-30 16:48:40.737,1408,0.03814638,0.009952863,-5.864113e-05,0.9992227,4.372163,1.142772,0.0368993,3,NB
2025-05-30 16:48:40.769,1409,0.03838612,0.01017813,-0.000287296,0.9992113,4.399913,1.167666,0.01191017,3,NB
2025-05-30 16:48:40.821,1410,0.03888339,0.01068049,-0.0003112431,0.9991868,4.456958,1.225311,0.0119886,3,NB
2025-05-30 16:48:40.848,1411,0.03891148,0.01114097,-0.0002821115,0.9991806,4.460137,1.278334,0.01742846,3,NB
2025-05-30 16:48:40.882,1412,0.039028,0.01107753,-0.0004458666,0.9991767,4.473707,1.270326,-0.001513279,3,NB
2025-05-30 16:48:40.933,1413,0.03961881,0.01089051,-0.0008768513,0.9991552,4.541994,1.246939,359.9489,3,NB
2025-05-30 16:48:40.959,1414,0.03980657,0.01141402,-0.0009917453,0.9991418,4.563704,1.306559,359.9383,3,NB
2025-05-30 16:48:40.993,1415,0.03993648,0.01183975,-0.0009235041,0.9991317,4.578533,1.355783,359.9483,3,NB
2025-05-30 16:48:41.037,1416,0.03978906,0.01221955,-0.001064273,0.9991329,4.561845,1.398759,359.9337,3,NB
2025-05-30 16:48:41.070,1417,0.03963949,0.01208353,-0.0008994779,0.9991407,4.544456,1.383879,359.9518,3,NB
2025-05-30 16:48:41.119,1418,0.03896125,0.01188556,-0.0008582679,0.9991698,4.466615,1.361284,359.9547,3,NB
2025-05-30 16:48:41.148,1419,0.03863188,0.01210706,-0.001363152,0.9991793,4.429556,1.384463,359.8972,3,NB
2025-05-30 16:48:41.195,1420,0.03848884,0.01256433,-0.0007346798,0.9991798,4.412297,1.439763,359.9712,3,NB
2025-05-30 16:48:41.226,1421,0.03848285,0.01254791,-0.000474449,0.9991804,4.411235,1.439027,0.001013587,3,NB
2025-05-30 16:48:41.270,1422,0.03831368,0.01179499,0.0001757473,0.9991962,4.390954,1.355396,0.07211969,3,NB
2025-05-30 16:48:41.307,1423,0.03812614,0.01070205,0.000454682,0.9992156,4.369183,1.231061,0.09910642,3,NB
2025-05-30 16:48:41.337,1424,0.03870757,0.01033902,0.0002158397,0.9991971,4.436175,1.188416,0.07078498,3,NB
2025-05-30 16:48:41.370,1425,0.03896533,0.01079196,0.000415852,0.9991822,4.465451,1.241379,0.09609307,3,NB
2025-05-30 16:48:41.416,1426,0.03863769,0.01152125,0.0004346158,0.9991869,4.427784,1.325162,0.1010755,3,NB
2025-05-30 16:48:41.449,1427,0.03828802,0.0117671,9.228796e-05,0.9991976,4.388126,1.351821,0.06237776,3,NB
2025-05-30 16:48:41.482,1428,0.03842999,0.01213121,0.0001822826,0.9991878,4.404257,1.394062,0.07451397,3,NB
2025-05-30 16:48:41.533,1429,0.03824846,0.01229088,4.072301e-05,0.9991928,4.38363,1.411745,0.05870483,3,NB
2025-05-30 16:48:41.560,1430,0.03742829,0.01254782,-0.000124586,0.9992206,4.289809,1.440405,0.0396629,3,NB
2025-05-30 16:48:41.593,1431,0.03737917,0.01279664,-0.0002541669,0.9992193,4.284356,1.468416,0.02578171,3,NB
2025-05-30 16:48:41.637,1432,0.03731444,0.0129774,-6.425463e-05,0.9992194,4.276647,1.48998,0.04826741,3,NB
2025-05-30 16:48:41.670,1433,0.03771876,0.01278297,0.000353382,0.9992067,4.322403,1.469526,0.09598673,3,NB
2025-05-30 16:48:41.705,1434,0.03771625,0.01240269,0.0003599628,0.9992115,4.322143,1.42588,0.0950906,3,NB
2025-05-30 16:48:41.749,1435,0.0379669,0.01192817,7.71553e-05,0.9992079,4.351316,1.3702,0.06090564,3,NB
2025-05-30 16:48:41.782,1436,0.03806118,0.01211538,-0.0001015258,0.999202,4.362364,1.390936,0.04133616,3,NB
2025-05-30 16:48:41.827,1437,0.03769949,0.01278665,-0.000154124,0.9992074,4.320939,1.467746,0.0376987,3,NB
2025-05-30 16:48:41.859,1438,0.03723276,0.01298181,5.818994e-05,0.9992224,4.267098,1.490998,0.06222303,3,NB
2025-05-30 16:48:41.908,1439,0.03716633,0.0129429,-0.0001081739,0.9992253,4.259732,1.485808,0.04285532,3,NB
2025-05-30 16:48:41.937,1440,0.03719885,0.0131587,-0.0003159976,0.9992213,4.263765,1.509707,0.01996402,3,NB
2025-05-30 16:48:41.970,1441,0.03748953,0.01337678,-0.0003004411,0.9992075,4.297067,1.534857,0.0231307,3,NB
2025-05-30 16:48:42.020,1442,0.03773492,0.01339612,-0.000244055,0.999198,4.325117,1.537357,0.03006759,3,NB
2025-05-30 16:48:42.049,1443,0.03795832,0.01323644,0.0002564601,0.9991917,4.349976,1.521234,0.08719018,3,NB
2025-05-30 16:48:42.081,1444,0.03801152,0.01284836,0.0004171897,0.9991947,4.355872,1.477376,0.1040333,3,NB
2025-05-30 16:48:42.125,1445,0.03774126,0.01213272,0.0005886874,0.9992138,4.324716,1.395873,0.1202199,3,NB
2025-05-30 16:48:42.170,1446,0.03637043,0.01205699,0.0007951888,0.9992654,4.167256,1.387733,0.1416801,3,NB
2025-05-30 16:48:42.194,1447,0.03563501,0.01265656,0.0006612936,0.9992846,4.083046,1.455849,0.1277314,3,NB
2025-05-30 16:48:42.237,1448,0.03526286,0.01323178,0.001160352,0.9992899,4.039543,1.523827,0.1868038,3,NB
2025-05-30 16:48:42.282,1449,0.03526273,0.01312541,0.001029579,0.9992914,4.039746,1.511085,0.1713607,3,NB
2025-05-30 16:48:42.304,1450,0.03544819,0.01260113,0.0007680145,0.9992918,4.061478,1.449875,0.1394826,3,NB
2025-05-30 16:48:42.357,1451,0.03657325,0.01218211,0.0002077401,0.9992568,4.191318,1.399682,0.07504331,3,NB
2025-05-30 16:48:42.382,1452,0.03689141,0.01253213,8.99783e-05,0.9992408,4.227941,1.439435,0.06345451,3,NB
2025-05-30 16:48:42.415,1453,0.0373868,0.01289329,0.0002488306,0.9992177,4.284485,1.481678,0.08396384,3,NB
2025-05-30 16:48:42.459,1454,0.03671099,0.01276959,0.0007915024,0.9992441,4.206209,1.46963,0.1447396,3,NB
2025-05-30 16:48:42.493,1455,0.03661413,0.01262864,0.0007550254,0.9992495,4.195176,1.453266,0.1398149,3,NB
2025-05-30 16:48:42.527,1456,0.03655841,0.01236173,0.001198782,0.9992545,4.188192,1.424466,0.1895612,3,NB
2025-05-30 16:48:42.570,1457,0.03588187,0.01223465,0.001097983,0.9992806,4.110787,1.409261,0.1764893,3,NB
2025-05-30 16:48:42.618,1458,0.03537392,0.01236592,0.0007432131,0.9992974,4.053031,1.422751,0.1355712,3,NB
2025-05-30 16:48:42.648,1459,0.03540945,0.01235725,0.0006944833,0.9992963,4.057175,1.421566,0.1299928,3,NB
2025-05-30 16:48:42.682,1460,0.03587896,0.01251514,0.0009386998,0.9992774,4.110635,1.44081,0.1593545,3,NB
2025-05-30 16:48:42.739,1461,0.03636446,0.01253077,0.0005847033,0.9992599,4.166809,1.441255,0.1194848,3,NB
2025-05-30 16:48:42.759,1462,0.03638472,0.01229912,0.0006236073,0.999262,4.169104,1.414823,0.1230127,3,NB
2025-05-30 16:48:42.804,1463,0.03630757,0.01161946,0.0008113249,0.9992728,4.160089,1.337545,0.1416199,3,NB
2025-05-30 16:48:42.850,1464,0.03555511,0.01124451,0.001159991,0.9993039,4.073415,1.295738,0.1790989,3,NB
2025-05-30 16:48:42.871,1465,0.03529216,0.01080521,0.001630925,0.9993174,4.042757,1.247138,0.2310364,3,NB
2025-05-30 16:48:42.914,1466,0.03480188,0.01033377,0.002011535,0.9993389,3.986198,1.194378,0.2722232,3,NB
2025-05-30 16:48:42.948,1467,0.03508306,0.01021397,0.002127874,0.99933,4.018331,1.181192,0.2854383,3,NB
2025-05-30 16:48:42.981,1468,0.03504262,0.01035808,0.00232812,0.9993295,4.013413,1.198528,0.3089569,3,NB
2025-05-30 16:48:43.026,1469,0.03532649,0.0107618,0.002735155,0.9993142,4.045328,1.246642,0.3576691,3,NB
2025-05-30 16:48:43.060,1470,0.03543922,0.01093902,0.002592409,0.9993086,4.058372,1.26646,0.3421466,3,NB
2025-05-30 16:48:43.111,1471,0.03533255,0.01075591,0.002429083,0.999315,4.046407,1.244727,0.322516,3,NB
2025-05-30 16:48:43.138,1472,0.03498677,0.01075516,0.002098527,0.9993278,4.007172,1.243172,0.284127,3,NB
2025-05-30 16:48:43.187,1473,0.03464241,0.01034649,0.001998397,0.9993443,3.967926,1.195728,0.2705715,3,NB
2025-05-30 16:48:43.216,1474,0.03371595,0.01017947,0.001965381,0.9993778,3.86179,1.176102,0.2650076,3,NB
2025-05-30 16:48:43.248,1475,0.03348808,0.0102765,0.001498254,0.9993852,3.836194,1.185366,0.2114917,3,NB
2025-05-30 16:48:43.292,1476,0.03290877,0.01043911,0.001688128,0.9994025,3.769513,1.204579,0.2332013,3,NB
2025-05-30 16:48:43.326,1477,0.03242597,0.01093922,0.001749683,0.9994129,3.713967,1.26206,0.2415364,3,NB
2025-05-30 16:48:43.360,1478,0.03208904,0.01092977,0.00127308,0.9994246,3.675943,1.259111,0.1863742,3,NB
2025-05-30 16:48:43.411,1479,0.0320357,0.01051558,0.001089436,0.999431,3.670127,1.210883,0.163708,3,NB
2025-05-30 16:48:43.451,1480,0.03221151,0.01074976,0.001108461,0.9994228,3.690221,1.237875,0.1669725,3,NB
2025-05-30 16:48:43.471,1481,0.03265867,0.01098503,0.001330846,0.9994054,3.741165,1.265824,0.1939371,3,NB
2025-05-30 16:48:43.515,1482,0.03218012,0.01098035,0.001468307,0.9994208,3.686129,1.265662,0.2090819,3,NB
2025-05-30 16:48:43.548,1483,0.03200212,0.01109012,0.001394006,0.9994254,3.665794,1.277936,0.20073,3,NB
2025-05-30 16:48:43.592,1484,0.03181861,0.01098506,0.001600702,0.9994321,3.644515,1.26658,0.2238291,3,NB
2025-05-30 16:48:43.626,1485,0.0316706,0.01097271,0.001529691,0.999437,3.62764,1.26486,0.2154451,3,NB
2025-05-30 16:48:43.675,1486,0.03137251,0.01094254,0.001603744,0.9994467,3.593379,1.261576,0.2234524,3,NB
2025-05-30 16:48:43.703,1487,0.03134516,0.01094853,0.00170736,0.9994473,3.590112,1.262628,0.2353293,3,NB
2025-05-30 16:48:43.737,1488,0.03179411,0.01101027,0.001794717,0.9994322,3.641455,1.270174,0.2461545,3,NB
2025-05-30 16:48:43.782,1489,0.03227613,0.01068785,0.001888353,0.9994202,3.696678,1.233673,0.2563277,3,NB
2025-05-30 16:48:43.815,1490,0.03289519,0.01046205,0.001884516,0.9994024,3.767713,1.207949,0.255811,3,NB
2025-05-30 16:48:43.847,1491,0.03328102,0.01018277,0.001537426,0.999393,3.812428,1.174696,0.2153804,3,NB
2025-05-30 16:48:43.891,1492,0.03343823,0.01005877,0.001732257,0.9993888,3.830253,1.161256,0.2374543,3,NB
2025-05-30 16:48:43.926,1493,0.03336338,0.009910388,0.001899737,0.9993924,3.821513,1.144841,0.2560207,3,NB
2025-05-30 16:48:43.970,1494,0.03305703,0.009582043,0.001997564,0.9994057,3.786366,1.107421,0.2656459,3,NB
2025-05-30 16:48:44.004,1495,0.03290548,0.009484312,0.002018871,0.9994116,3.768994,1.096233,0.2675513,3,NB
2025-05-30 16:48:44.053,1496,0.03289787,0.009631808,0.001952421,0.9994106,3.768157,1.112909,0.2604732,3,NB
2025-05-30 16:48:44.082,1497,-0.03292669,-0.01008984,-0.001941255,-0.999405,3.771354,1.165452,0.2609553,3,NB
2025-05-30 16:48:44.114,1498,-0.03334499,-0.01045052,-0.001875123,-0.9993876,3.819296,1.206742,0.2552414,3,NB
2025-05-30 16:48:44.167,1499,-0.03327468,-0.01035772,-0.0016229,-0.9993913,3.811562,1.195103,0.2258515,3,NB
2025-05-30 16:48:44.206,1500,-0.03331303,-0.01015243,-0.001189338,-0.9993927,3.816512,1.169892,0.1753502,3,NB
2025-05-30 16:48:44.226,1501,-0.03304276,-0.01034949,-0.001272211,-0.9993997,3.785393,1.192758,0.1852892,3,NB
2025-05-30 16:48:44.270,1502,-0.03342697,-0.0112981,-0.001150205,-0.9993767,3.829423,1.301283,0.1753902,3,NB
2025-05-30 16:48:44.303,1503,-0.03329439,-0.01143009,-0.001520479,-0.9993792,3.813711,1.317814,0.2182183,3,NB
2025-05-30 16:48:44.348,1504,-0.03319469,-0.01084361,-0.00151577,-0.9993891,3.802414,1.250444,0.21531,3,NB
2025-05-30 16:48:44.381,1505,-0.032574,-0.0100345,-0.001926046,-0.9994172,3.730951,1.158923,0.2585847,3,NB
2025-05-30 16:48:44.436,1506,-0.0325956,-0.009647001,-0.001966659,-0.9994202,3.733482,1.114605,0.2618217,3,NB
2025-05-30 16:48:44.473,1507,-0.03267092,-0.009867715,-0.002430763,-0.9994146,3.74153,1.141704,0.3159997,3,NB
2025-05-30 16:48:44.504,1508,-0.03276889,-0.00995927,-0.002866289,-0.9994093,3.75223,1.153888,0.3664439,3,NB
2025-05-30 16:48:44.536,1509,-0.03258998,-0.009996245,-0.002408804,-0.999416,3.732235,1.156343,0.3138659,3,NB
2025-05-30 16:48:44.570,1510,-0.03246569,-0.009835135,-0.002755368,-0.9994208,3.717641,1.139093,0.3528934,3,NB
2025-05-30 16:48:44.615,1511,-0.03245865,-0.009942733,-0.00265207,-0.9994202,3.716916,1.151055,0.3414306,3,NB
2025-05-30 16:48:44.648,1512,-0.03223483,-0.009895211,-0.002304147,-0.9994287,3.69167,1.144221,0.3010623,3,NB
2025-05-30 16:48:44.693,1513,-0.03173885,-0.01040843,-0.001800799,-0.9994404,3.63526,1.201105,0.2445892,3,NB
2025-05-30 16:48:44.726,1514,-0.03153898,-0.01118407,-0.002055762,-0.9994379,3.611827,1.290982,0.2764109,3,NB
2025-05-30 16:48:44.769,1515,-0.03158469,-0.01124538,-0.002453322,-0.9994348,3.616533,1.299475,0.3223155,3,NB
2025-05-30 16:48:44.803,1516,-0.03180592,-0.0106761,-0.00252527,-0.9994339,3.641989,1.23449,0.3287877,3,NB
2025-05-30 16:48:44.854,1517,-0.0314905,-0.0102862,-0.002288227,-0.9994486,3.606239,1.188757,0.2997801,3,NB
2025-05-30 16:48:44.881,1518,-0.03080866,-0.01029301,-0.002445335,-0.9994694,3.527884,1.189839,0.317007,3,NB
2025-05-30 16:48:44.914,1519,-0.03054564,-0.01060586,-0.002641002,-0.9994738,3.497391,1.226324,0.3402363,3,NB
2025-05-30 16:48:44.959,1520,-0.02814485,-0.01039913,-0.002308486,-0.9995472,3.22265,1.200544,0.2984253,3,NB
2025-05-30 16:48:44.993,1521,-0.02326699,-0.01054347,-0.002068737,-0.9996717,2.663785,1.214715,0.2653807,3,NB
2025-05-30 16:48:45.036,1522,-0.001371126,-0.01081417,-0.001292787,-0.9999399,0.1555082,1.239442,0.1498334,3,NB
2025-05-30 16:48:45.069,1523,0.01833188,-0.005868184,-0.001161007,-0.9998142,357.8985,0.6703464,0.120771,3,NB
2025-05-30 16:48:45.103,1524,0.03257216,0.004671661,-0.002234983,-0.999456,356.2681,359.4554,0.2739898,3,NB
2025-05-30 16:48:45.148,1525,0.04713542,0.02110809,-0.000325412,-0.9986655,354.5987,357.5712,0.151926,3,NB
2025-05-30 16:48:45.198,1526,0.05239613,0.03374263,0.0008676387,-0.9980559,353.9932,356.1219,0.1039358,3,NB
2025-05-30 16:48:45.225,1527,0.05312459,0.04950136,0.0025395,-0.9973571,353.9026,354.3166,0.01117302,3,NB
2025-05-30 16:48:45.274,1528,0.04815055,0.05477079,0.004045265,-0.9973291,354.4631,353.721,359.8391,3,NB
2025-05-30 16:48:45.302,1529,0.04089444,0.05568297,0.002991262,-0.9976062,355.3007,353.6139,359.9187,3,NB
2025-05-30 16:48:45.336,1530,0.03528834,0.04895459,0.001686415,-0.9981761,355.9508,354.3843,0.005076176,3,NB
2025-05-30 16:48:45.370,1531,0.0337338,0.0397999,0.002663522,-0.9986346,356.1246,355.4406,359.8487,3,NB
2025-05-30 16:48:45.415,1532,0.03224818,0.0258359,0.00760286,-0.9991171,356.2828,357.0627,359.2234,3,NB
2025-05-30 16:48:45.464,1533,0.03071621,0.0180585,0.01205707,-0.9992924,356.4555,357.9702,358.6803,3,NB
2025-05-30 16:48:45.492,1534,0.02932556,0.006692863,0.02304345,-0.9992819,356.6223,359.3098,357.3783,3,NB
2025-05-30 16:48:45.539,1535,0.02950553,-0.0005861809,0.02699401,-0.9991999,356.6215,0.1586626,356.9003,3,NB
2025-05-30 16:48:45.559,1536,0.03216954,-0.006406214,0.02838258,-0.999059,356.3354,0.8397824,356.7185,3,NB
2025-05-30 16:48:45.604,1537,0.03635827,-0.01461657,0.03141889,-0.9987379,355.888,1.808679,356.3314,3,NB
2025-05-30 16:48:45.637,1538,0.04127787,-0.02033588,0.03294573,-0.9983974,355.3492,2.491407,356.1188,3,NB
2025-05-30 16:48:45.681,1539,0.04680826,-0.02802727,0.03778399,-0.9977956,354.7621,3.423599,355.5061,3,NB
2025-05-30 16:48:45.714,1540,0.04891236,-0.03324502,0.04183688,-0.9973727,354.561,4.055713,355.0033,3,NB
2025-05-30 16:48:45.748,1541,0.05200139,-0.03890412,0.04706023,-0.9967787,354.2605,4.753405,354.3555,3,NB
2025-05-30 16:48:45.804,1542,0.05307149,-0.04778965,0.05504449,-0.9959266,354.235,5.828212,353.3793,3,NB
2025-05-30 16:48:45.838,1543,0.05120734,-0.05231985,0.06092479,-0.9954541,354.5157,6.367851,352.6901,3,NB
2025-05-30 16:48:45.886,1544,0.04947403,-0.05504923,0.06599593,-0.9950712,354.7677,6.694285,352.1049,3,NB
2025-05-30 16:48:45.915,1545,0.05073829,-0.0570057,0.06974728,-0.9946414,354.6649,6.949954,351.6534,3,NB
2025-05-30 16:48:45.949,1546,0.05483674,-0.05761649,0.07057802,-0.99433,354.2079,7.06226,351.5221,3,NB
2025-05-30 16:48:45.993,1547,0.05739071,-0.05729531,0.06957722,-0.994275,353.9065,7.04296,351.6188,3,NB
2025-05-30 16:48:46.026,1548,0.05881548,-0.05539624,0.06551319,-0.9945754,353.7,6.812127,352.0873,3,NB
2025-05-30 16:48:46.077,1549,0.0588285,-0.05391611,0.06405823,-0.9947507,353.6771,6.632792,352.2641,3,NB
2025-05-30 16:48:46.104,1550,0.05731293,-0.05062202,0.0589651,-0.9953271,353.793,6.209484,352.8823,3,NB
2025-05-30 16:48:46.137,1551,0.05368987,-0.0452598,0.05357248,-0.9960919,354.1393,5.533195,353.5594,3,NB
2025-05-30 16:48:46.190,1552,0.04956711,-0.04180387,0.04815516,-0.9967331,354.5611,5.077715,354.2267,3,NB
2025-05-30 16:48:46.229,1553,0.04776433,-0.03879869,0.04292594,-0.9971814,354.7254,4.69352,354.8539,3,NB
2025-05-30 16:48:46.259,1554,0.04909424,-0.03526402,0.03921258,-0.997401,354.539,4.274404,355.2932,3,NB
2025-05-30 16:48:46.292,1555,0.05013857,-0.03581691,0.03685224,-0.9974194,354.4118,4.330137,355.5566,3,NB
2025-05-30 16:48:46.326,1556,0.05232089,-0.03593759,0.03283403,-0.9974433,354.1448,4.331171,356.0076,3,NB
2025-05-30 16:48:46.370,1557,0.06424423,-0.03917313,0.02919055,-0.9967378,352.774,4.73208,356.3461,3,NB
2025-05-30 16:48:46.403,1558,0.07040614,-0.04211576,0.02720362,-0.9962577,352.0682,5.082753,356.5192,3,NB
2025-05-30 16:48:46.458,1559,0.07315187,-0.04496318,0.02653056,-0.9959536,351.7596,5.417869,356.5576,3,NB
2025-05-30 16:48:46.495,1560,0.06930499,-0.04603629,0.02845761,-0.9961265,352.2152,5.540553,356.3499,3,NB
2025-05-30 16:48:46.514,1561,0.06302234,-0.04692802,0.02907977,-0.996484,352.9421,5.620183,356.31,3,NB
2025-05-30 16:48:46.570,1562,0.05657684,-0.05050195,0.02643831,-0.9967697,353.6779,5.987041,356.6303,3,NB
2025-05-30 16:48:46.593,1563,0.05550769,-0.05355661,0.02672312,-0.9966628,353.8125,6.336377,356.5854,3,NB
2025-05-30 16:48:46.636,1564,0.05869186,-0.06274179,0.02565324,-0.9959723,353.4718,7.401681,356.6264,3,NB
2025-05-30 16:48:46.670,1565,0.0613649,-0.07071917,0.02217376,-0.99536,353.1642,8.310113,356.9505,3,NB
2025-05-30 16:48:46.704,1566,0.06478142,-0.0800649,0.02120002,-0.9944566,352.7933,9.397257,356.9644,3,NB
2025-05-30 16:48:46.760,1567,0.06746363,-0.09957647,0.02229108,-0.99249,352.5608,11.67549,356.6651,3,NB
2025-05-30 16:48:46.781,1568,0.06194632,-0.1065342,0.0234742,-0.9920999,353.2284,12.4624,356.5489,3,NB
2025-05-30 16:48:46.826,1569,0.04684319,-0.1230593,0.02672059,-0.990933,355.0515,14.31852,356.2888,3,NB
2025-05-30 16:48:46.860,1570,0.03228166,-0.1336799,0.02561592,-0.9901675,356.7278,15.47511,356.5914,3,NB
2025-05-30 16:48:46.893,1571,0.03028204,-0.1426371,0.02441221,-0.9890105,356.9657,16.50003,356.732,3,NB
2025-05-30 16:48:46.949,1572,0.03662283,-0.1475573,0.02545637,-0.9880474,356.2813,17.10184,356.489,3,NB
2025-05-30 16:48:46.970,1573,0.03959809,-0.1462666,0.02608792,-0.9881081,355.9502,16.9687,356.3709,3,NB
2025-05-30 16:48:47.015,1574,0.04560896,-0.1383471,0.02563365,-0.989001,355.232,16.0781,356.3568,3,NB
2025-05-30 16:48:47.048,1575,0.0539744,-0.1304373,0.0253782,-0.9896611,354.2486,15.20284,356.2939,3,NB
2025-05-30 16:48:47.093,1576,0.06771089,-0.1232876,0.02086754,-0.9898384,352.594,14.41672,356.6466,3,NB
2025-05-30 16:48:47.126,1577,0.07574278,-0.120996,0.01701823,-0.9896128,351.6168,14.16237,356.9864,3,NB
2025-05-30 16:48:47.160,1578,0.07457402,-0.1200077,0.01625098,-0.9898347,351.7362,14.03517,357.0998,3,NB
2025-05-30 16:48:47.212,1579,0.06622235,-0.1221625,0.01853433,-0.990125,352.7263,14.26159,356.944,3,NB
2025-05-30 16:48:47.237,1580,0.05850031,-0.123435,0.01945448,-0.9904358,353.6225,14.37823,356.9442,3,NB
2025-05-30 16:48:47.271,1581,0.05520176,-0.1213442,0.01944974,-0.9908835,353.9915,14.12058,357.0062,3,NB
2025-05-30 16:48:47.315,1582,0.05435847,-0.1140592,0.02003345,-0.9917834,354.0734,13.27643,356.9953,3,NB
2025-05-30 16:48:47.348,1583,0.05278959,-0.107478,0.01952371,-0.992613,354.2261,12.50518,357.1133,3,NB
2025-05-30 16:48:47.393,1584,0.05272681,-0.09983709,0.01938967,-0.9934166,354.2097,11.62072,357.174,3,NB
2025-05-30 16:48:47.426,1585,0.05359036,-0.09820026,0.01877015,-0.9935455,354.0994,11.43141,357.2443,3,NB
2025-05-30 16:48:47.470,1586,0.05681484,-0.1002662,0.01526105,-0.99322,353.6963,11.66148,357.595,3,NB
2025-05-30 16:48:47.515,1587,0.05834416,-0.1037695,0.01379244,-0.9927929,353.5126,12.06323,357.7219,3,NB
2025-05-30 16:48:47.537,1588,0.05857243,-0.1073835,0.01440983,-0.9923863,353.5026,12.48644,357.6246,3,NB
2025-05-30 16:48:47.581,1589,0.05727734,-0.1075129,0.01654422,-0.9924145,353.6773,12.50986,357.3961,3,NB
2025-05-30 16:48:47.615,1590,0.05582181,-0.106147,0.01848554,-0.9926102,353.8637,12.35775,357.2012,3,NB
2025-05-30 16:48:47.665,1591,0.05272256,-0.1025466,0.01922805,-0.993144,354.216,11.93297,357.1767,3,NB
2025-05-30 16:48:47.692,1592,0.05065509,-0.09979202,0.01870118,-0.9935421,354.438,11.60344,357.2777,3,NB
2025-05-30 16:48:47.727,1593,0.04915919,-0.0973665,0.01769297,-0.9938764,354.5906,11.31212,357.4241,3,NB
2025-05-30 16:48:47.771,1594,0.04894474,-0.09594786,0.01728524,-0.994032,354.6069,11.14533,357.481,3,NB
2025-05-30 16:48:47.804,1595,0.04957281,-0.09695599,0.01702446,-0.9939076,354.5349,11.26262,357.4981,3,NB
2025-05-30 16:48:47.855,1596,0.05194806,-0.09851813,0.01605197,-0.9936488,354.2566,11.44626,357.5729,3,NB
2025-05-30 16:48:47.881,1597,0.0537619,-0.09839075,0.01388728,-0.9935976,354.0245,11.42535,357.8002,3,NB
2025-05-30 16:48:47.914,1598,0.05289681,-0.09666787,0.01326606,-0.9938216,354.1125,11.21966,357.8917,3,NB
2025-05-30 16:48:47.960,1599,0.05133587,-0.09501726,0.0160339,-0.9940218,354.3178,11.03949,357.6022,3,NB
2025-05-30 16:48:47.994,1600,0.0502872,-0.09335636,0.01773566,-0.9942039,354.452,10.85338,357.4286,3,NB
2025-05-30 16:48:48.026,1601,0.04957274,-0.09177224,0.01805909,-0.9943814,354.5329,10.66964,357.4082,3,NB
2025-05-30 16:48:48.070,1602,0.0465715,-0.08936923,0.01652515,-0.994772,354.8535,10.37379,357.6291,3,NB
2025-05-30 16:48:48.104,1603,0.04560595,-0.08744962,0.01586417,-0.994998,354.9525,10.14585,357.7248,3,NB
2025-05-30 16:48:48.148,1604,0.04400843,-0.08540171,0.01745473,-0.9952212,355.1461,9.912314,357.5693,3,NB
2025-05-30 16:48:48.181,1605,0.04376635,-0.08560789,0.01903147,-0.9951853,355.1899,9.942825,357.3902,3,NB
2025-05-30 16:48:48.216,1606,0.0437897,-0.08588573,0.01824468,-0.9951751,355.1801,9.97118,357.4787,3,NB
2025-05-30 16:48:48.270,1607,0.04027798,-0.08569764,0.0152234,-0.9953904,355.5508,9.924534,357.8611,3,NB
2025-05-30 16:48:48.293,1608,0.03712492,-0.08471967,0.01503081,-0.9955996,355.907,9.802005,357.919,3,NB
2025-05-30 16:48:48.337,1609,0.03311612,-0.08099297,0.0166245,-0.9960258,356.3721,9.367678,357.7902,3,NB
2025-05-30 16:48:48.370,1610,0.03303933,-0.07967424,0.01854902,-0.9961006,356.3957,9.222557,357.5756,3,NB
2025-05-30 16:48:48.414,1611,0.03217397,-0.07817315,0.01849135,-0.9962491,356.4904,9.046997,357.5956,3,NB
2025-05-30 16:48:48.448,1612,0.03230113,-0.07709281,0.01738909,-0.9963489,356.4634,8.919189,357.7243,3,NB
2025-05-30 16:48:48.482,1613,0.03140525,-0.07606004,0.0163767,-0.9964741,356.5546,8.794367,357.8519,3,NB
2025-05-30 16:48:48.536,1614,0.03061922,-0.07499275,0.01565618,-0.996591,356.6359,8.667067,357.9449,3,NB
2025-05-30 16:48:48.559,1615,0.03039352,-0.07390314,0.0144728,-0.9966972,356.6493,8.537206,358.086,3,NB
2025-05-30 16:48:48.602,1616,0.02997656,-0.0728033,0.01282627,-0.9968133,356.681,8.404266,358.2817,3,NB
2025-05-30 16:48:48.636,1617,0.03199252,-0.07158809,0.01007156,-0.9968703,356.4257,8.259223,358.5841,3,NB
2025-05-30 16:48:48.671,1618,0.03284957,-0.06964246,0.00781399,-0.9970005,356.3068,8.028783,358.8426,3,NB
2025-05-30 16:48:48.725,1619,0.03156041,-0.06682221,0.006411324,-0.9972451,356.4402,7.697291,359.0237,3,NB
2025-05-30 16:48:48.748,1620,0.02954737,-0.06478947,0.006586942,-0.9974397,356.6698,7.461254,359.0261,3,NB
2025-05-30 16:48:48.792,1621,0.02918034,-0.06129676,0.006654275,-0.9976709,356.7089,7.059442,359.0327,3,NB
2025-05-30 16:48:48.825,1622,0.0292112,-0.05901851,0.006658217,-0.9978073,356.7032,6.797639,359.0395,3,NB
2025-05-30 16:48:48.869,1623,0.02813927,-0.05645134,0.009145947,-0.9979669,356.8396,6.509056,358.7701,3,NB
2025-05-30 16:48:48.902,1624,0.02679513,-0.0540368,0.01174292,-0.9981104,357.0067,6.237321,358.4887,3,NB
2025-05-30 16:48:48.937,1625,0.02377677,-0.05065216,0.01340507,-0.9983434,357.3568,5.847574,358.3264,3,NB
2025-05-30 16:48:48.992,1626,0.02096333,-0.04887026,0.01378636,-0.99849,357.678,5.638499,358.3036,3,NB
2025-05-30 16:48:49.015,1627,0.02295096,-0.04918309,0.01292139,-0.9984426,357.4461,5.676079,358.3905,3,NB
2025-05-30 16:48:49.059,1628,0.02480641,-0.05004957,0.01067069,-0.9983817,357.2221,5.772843,358.6352,3,NB
2025-05-30 16:48:49.092,1629,0.02583475,-0.05079437,0.008054293,-0.9983426,357.0901,5.852507,358.9268,3,NB
2025-05-30 16:48:49.136,1630,0.02433348,-0.05102094,0.006424343,-0.9983805,357.2526,5.872025,359.1217,3,NB
2025-05-30 16:48:49.169,1631,0.02034013,-0.05070658,0.006111097,-0.9984878,357.7076,5.830719,359.1819,3,NB
2025-05-30 16:48:49.203,1632,0.01172814,-0.05040153,0.005527298,-0.9986449,358.6897,5.786534,359.2995,3,NB
2025-05-30 16:48:49.259,1633,0.003358579,-0.04917678,0.004374912,-0.9987749,359.6403,5.639235,359.4803,3,NB
2025-05-30 16:48:49.281,1634,0.003139216,-0.04552459,0.002974803,-0.998954,359.6562,5.219656,359.6431,3,NB
2025-05-30 16:48:49.325,1635,0.005863502,-0.04138755,0.001294701,-0.9991252,359.3348,4.745127,359.8239,3,NB
2025-05-30 16:48:49.359,1636,0.004366562,-0.04104862,4.408559e-05,-0.9991477,359.5002,4.705303,359.9744,3,NB
2025-05-30 16:48:49.413,1637,0.007743903,-0.04157612,-0.001730614,-0.9991039,359.1051,4.764537,0.1612618,3,NB
2025-05-30 16:48:49.436,1638,0.01274826,-0.04291302,-0.003786803,-0.9989904,358.5219,4.914631,0.3709342,3,NB
2025-05-30 16:48:49.470,1639,0.01741746,-0.04384264,-0.00530618,-0.9988726,357.9793,5.017267,0.5201831,3,NB
2025-05-30 16:48:49.526,1640,0.02016914,-0.04249666,-0.005606934,-0.9988773,357.6634,4.861198,0.5440276,3,NB
2025-05-30 16:48:49.563,1641,0.02116136,-0.04061419,-0.004693528,-0.9989398,357.5551,4.647047,0.4391867,3,NB
2025-05-30 16:48:49.600,1642,0.02829102,-0.03544465,-0.004478308,-0.9989612,356.7415,4.052845,0.398382,3,NB
2025-05-30 16:48:49.625,1643,0.03038065,-0.03260433,-0.003486262,-0.9990005,356.5069,3.729867,0.286122,3,NB
2025-05-30 16:48:49.669,1644,0.04128107,-0.0296709,-0.003278423,-0.9987017,355.2591,3.393699,0.2356416,3,NB
2025-05-30 16:48:49.704,1645,0.04936539,-0.02915023,-0.007894104,-0.9983242,354.317,3.308205,0.7418499,3,NB
2025-05-30 16:48:49.737,1646,0.05146619,-0.02936683,-0.009999829,-0.9981929,354.0688,3.319752,0.9759028,3,NB
2025-05-30 16:48:49.792,1647,0.06299821,-0.02995222,-0.01128109,-0.9975004,352.7408,3.371203,1.081995,3,NB
2025-05-30 16:48:49.814,1648,0.07067267,-0.02955809,-0.0121862,-0.9969872,351.8572,3.313446,1.164673,3,NB
2025-05-30 16:48:49.859,1649,0.07364655,-0.02862728,-0.01297589,-0.9967891,351.5143,3.197044,1.254391,3,NB
2025-05-30 16:48:49.892,1650,0.07260236,-0.02488935,-0.01330624,-0.9969617,351.6381,2.763175,1.327308,3,NB
2025-05-30 16:48:49.942,1651,0.0833966,-0.01700458,-0.0141608,-0.9962708,350.4067,1.831911,1.474938,3,NB
2025-05-30 16:48:49.969,1652,0.08772898,-0.00832897,-0.0177545,-0.9959514,349.9188,0.7842112,1.9734,3,NB
2025-05-30 16:48:50.003,1653,0.08249643,-0.007327678,-0.0138233,-0.9964686,350.5253,0.7158311,1.530222,3,NB
2025-05-30 16:48:50.054,1654,0.09224817,-0.01905584,0.002938907,-0.9955494,349.4226,2.243675,359.454,3,NB
2025-05-30 16:48:50.092,1655,0.09481019,-0.02617117,0.005922551,-0.9951338,349.1413,3.10585,359.0227,3,NB
2025-05-30 16:48:50.114,1656,0.09148331,-0.02853023,0.002750491,-0.9953941,349.5157,3.340735,359.3768,3,NB
2025-05-30 16:48:50.170,1657,0.08492969,-0.02753188,0.001300282,-0.9960057,350.264,3.202745,359.5775,3,NB
2025-05-30 16:48:50.193,1658,0.08169693,-0.02674611,0.00556631,-0.9962829,350.6486,3.149008,359.1022,3,NB
2025-05-30 16:48:50.245,1659,0.08350056,-0.02518815,0.009089692,-0.996148,350.4505,3.005208,358.7033,3,NB
2025-05-30 16:48:50.281,1660,0.08379364,-0.01617484,0.007691984,-0.9963223,350.4027,1.948179,358.9518,3,NB
2025-05-30 16:48:50.303,1661,0.08249548,-0.01313914,0.009486682,-0.9964597,350.5517,1.612063,358.7758,3,NB
2025-05-30 16:48:50.357,1662,0.07975739,-0.01006547,0.01303517,-0.9966784,350.8672,1.285119,358.3987,3,NB
2025-05-30 16:48:50.381,1663,0.0742952,-0.009781998,0.01215812,-0.9971143,351.4934,1.234889,358.511,3,NB
2025-05-30 16:48:50.425,1664,0.0716908,-0.008019148,0.008955945,-0.9973544,351.7867,1.000381,358.8992,3,NB
2025-05-30 16:48:50.459,1665,0.07095192,-0.004712044,0.00722336,-0.9974426,351.8669,0.6033887,359.1273,3,NB
2025-05-30 16:48:50.493,1666,0.06658456,-0.003268967,0.007408478,-0.997748,352.3674,0.4341298,359.1202,3,NB
2025-05-30 16:48:50.537,1667,0.06742701,-0.0001676857,0.006476975,-0.9977033,352.2679,0.06985111,359.2514,3,NB
2025-05-30 16:48:50.569,1668,0.06257011,0.004082054,0.005867207,-0.998015,352.8227,359.5719,359.3532,3,NB
2025-05-30 16:48:50.622,1669,0.05372491,0.01117299,0.004777256,-0.998482,353.8349,358.7437,359.5194,3,NB
2025-05-30 16:48:50.647,1670,0.04744405,0.01815007,0.00272922,-0.9987053,354.5565,357.9279,359.7854,3,NB
2025-05-30 16:48:50.681,1671,0.04322294,0.0251202,0.0007051234,-0.9987494,355.045,357.1165,0.04388379,3,NB
2025-05-30 16:48:50.725,1672,0.03905514,0.03531101,-0.00245484,-0.99861,355.5363,355.9326,0.4402832,3,NB
2025-05-30 16:48:50.759,1673,0.03484962,0.04860436,-0.0063303,-0.9981899,356.0459,354.3929,0.9204165,3,NB
2025-05-30 16:48:50.802,1674,0.03089884,0.07196224,-0.008169886,-0.9968952,356.5355,351.7064,1.190354,3,NB
2025-05-30 16:48:50.834,1675,0.03343017,0.09187236,-0.01091062,-0.9951498,356.3,349.3991,1.599688,3,NB
2025-05-30 16:48:50.868,1676,0.0334764,0.1183549,-0.01362049,-0.9923136,356.3757,346.3332,2.007243,3,NB
2025-05-30 16:48:50.911,1677,0.02714525,0.1571878,-0.01421349,-0.9870933,357.1844,341.8524,2.099679,3,NB
2025-05-30 16:48:50.955,1678,0.02711203,0.1919648,-0.01711151,-0.9808781,357.328,337.7947,2.523296,3,NB
2025-05-30 16:48:50.988,1679,0.02511764,0.2148899,-0.01778808,-0.9761532,357.6277,335.1158,2.611407,3,NB
2025-05-30 16:48:51.033,1680,0.02125357,0.2365364,-0.01693683,-0.9712425,358.0933,332.5843,2.463206,3,NB
2025-05-30 16:48:51.058,1681,0.02142923,0.2435758,-0.01471212,-0.9695334,358.0294,331.7565,2.234536,3,NB
2025-05-30 16:48:51.115,1682,0.02257831,0.2547168,-0.008929927,-0.9667109,357.7589,330.4452,1.649744,3,NB
2025-05-30 16:48:51.143,1683,0.01641353,0.2549785,-0.006483004,-0.9667858,358.3708,330.4336,1.198371,3,NB
2025-05-30 16:48:51.177,1684,0.01314699,0.2526138,-0.006947354,-0.967453,358.7435,330.7196,1.151123,3,NB
2025-05-30 16:48:51.231,1685,0.01518529,0.2449146,-0.007887671,-0.9693937,358.5344,331.6255,1.302912,3,NB
2025-05-30 16:48:51.267,1686,0.0130983,0.242951,-0.009101868,-0.9699075,358.7975,331.8604,1.376705,3,NB
2025-05-30 16:48:51.299,1687,0.0077067,0.244398,-0.01029667,-0.9695897,359.4321,331.6983,1.360057,3,NB
2025-05-30 16:48:51.322,1688,0.004841751,0.2460365,-0.01102176,-0.9691858,359.773,331.509,1.360728,3,NB
2025-05-30 16:48:51.366,1689,0.003443098,0.2517863,-0.009985647,-0.9677254,359.9063,330.8309,1.206773,3,NB
2025-05-30 16:48:51.410,1690,-0.0002194104,0.2596411,-0.008996629,-0.9656634,0.2919543,329.9037,0.9890724,3,NB
2025-05-30 16:48:51.459,1691,-0.004255479,0.2670388,-0.009358311,-0.963631,0.7562969,329.028,0.9032788,3,NB
2025-05-30 16:48:51.488,1692,-0.01027849,0.277794,-0.00760095,-0.9605557,1.37346,327.7462,0.509608,3,NB
2025-05-30 16:48:51.521,1693,-0.01483145,0.2830476,-0.006000787,-0.9589726,1.824773,327.1142,0.1784622,3,NB
2025-05-30 16:48:51.565,1694,-0.01399361,0.2862089,-0.007016692,-0.9580395,1.76667,326.7384,0.3115147,3,NB
2025-05-30 16:48:51.587,1695,-0.01247123,0.2866039,-0.008580728,-0.9579297,1.651014,326.6942,0.532556,3,NB
2025-05-30 16:48:51.647,1696,-0.01022597,0.286175,-0.01020244,-0.9580685,1.457403,326.7482,0.785027,3,NB
2025-05-30 16:48:51.676,1697,-0.009460224,0.2866192,-0.01090042,-0.957936,1.396615,326.6959,0.8861393,3,NB
2025-05-30 16:48:51.709,1698,-0.006159248,0.2879324,-0.009433229,-0.9575846,0.9871559,326.5366,0.8320493,3,NB
2025-05-30 16:48:51.755,1699,-0.002877048,0.2870841,-0.00505684,-0.9578878,0.4821642,326.6344,0.4604422,3,NB
2025-05-30 16:48:51.799,1700,-0.002794578,0.2867931,-0.003917719,-0.9579806,0.4355352,326.6688,0.3382438,3,NB
2025-05-30 16:48:51.821,1701,-0.00842705,0.2849552,0.001221062,-0.9585031,0.8857598,326.8833,359.5907,3,NB
2025-05-30 16:48:51.865,1702,-0.01453643,0.2827443,0.0048171,-0.9590732,1.441655,327.1353,358.9992,3,NB
2025-05-30 16:48:51.913,1703,-0.01553495,0.2816902,0.003293212,-0.9593741,1.601758,327.2615,359.1361,3,NB
2025-05-30 16:48:51.943,1704,-0.01446439,0.2812522,0.001628045,-0.9595236,1.538121,327.3179,359.3546,3,NB
2025-05-30 16:48:51.965,1705,-0.01442042,0.2811863,0.0009299358,-0.9595445,1.555834,327.3268,359.4329,3,NB
2025-05-30 16:48:52.009,1706,-0.0138107,0.2803013,0.001651758,-0.9598114,1.466092,327.4324,359.3745,3,NB
2025-05-30 16:48:52.054,1707,-0.01296163,0.2754559,0.002241104,-0.9612238,1.357085,328.011,359.3438,3,NB
2025-05-30 16:48:52.088,1708,-0.01267247,0.2693419,0.003457419,-0.9629552,1.291762,328.7383,359.2271,3,NB
2025-05-30 16:48:52.132,1709,-0.01531825,0.254795,0.008073744,-0.9668401,1.461561,330.4555,358.6577,3,NB
2025-05-30 16:48:52.178,1710,-0.02175001,0.2363843,0.0148086,-0.9713033,2.020134,332.6044,357.7607,3,NB
2025-05-30 16:48:52.199,1711,-0.02774708,0.2177754,0.0201059,-0.9753973,2.6005,334.7613,357.056,3,NB
2025-05-30 16:48:52.253,1712,-0.03659579,0.1921491,0.02816666,-0.9802786,3.492836,337.6982,356.0196,3,NB
2025-05-30 16:48:52.291,1713,-0.04166412,0.1785844,0.03508369,-0.9824159,3.97563,339.2271,355.1805,3,NB
2025-05-30 16:48:52.322,1714,-0.04896096,0.1586316,0.03941932,-0.985335,4.817349,341.4826,354.6323,3,NB
2025-05-30 16:48:52.355,1715,-0.05621677,0.1428099,0.04154469,-0.9872787,5.689491,343.2572,354.3429,3,NB
2025-05-30 16:48:52.388,1716,-0.06388233,0.1213439,0.04571038,-0.9894975,6.622628,345.6626,353.8763,3,NB
2025-05-30 16:48:52.434,1717,-0.07245319,0.08795541,0.05172347,-0.9921388,7.739451,349.4149,353.3133,3,NB
2025-05-30 16:48:52.468,1718,-0.08076788,0.07386503,0.05001755,-0.9927331,8.799241,350.9916,353.5368,3,NB
2025-05-30 16:48:52.502,1719,-0.08851782,0.05670911,0.04536764,-0.9934237,9.830025,352.9634,354.1646,3,NB
2025-05-30 16:48:52.547,1720,-0.1033061,0.03966502,0.03738266,-0.9931551,11.66753,354.9321,355.1707,3,NB
2025-05-30 16:48:52.592,1721,-0.115399,0.02501206,0.02891611,-0.9925833,13.15815,356.6838,356.2801,3,NB
2025-05-30 16:48:52.625,1722,-0.1192793,0.01582367,0.02609099,-0.9923918,13.64573,357.7807,356.7224,3,NB
2025-05-30 16:48:52.676,1723,-0.1228417,0.01212231,0.02587065,-0.9920151,14.06924,358.2036,356.7906,3,NB
2025-05-30 16:48:52.703,1724,-0.1193845,0.0148958,0.02687497,-0.9923726,13.65925,357.8779,356.6432,3,NB
2025-05-30 16:48:52.736,1725,-0.1197039,0.01994595,0.02687821,-0.9922454,13.67883,357.2854,356.571,3,NB
2025-05-30 16:48:52.780,1726,-0.1205919,0.02642212,0.02937451,-0.9919157,13.74976,356.488,356.1839,3,NB
2025-05-30 16:48:52.814,1727,-0.1201284,0.03160721,0.02892548,-0.9918334,13.67807,355.8895,356.1658,3,NB
2025-05-30 16:48:52.858,1728,-0.1234964,0.03447774,0.02749661,-0.9913647,14.06154,355.5567,356.2742,3,NB
2025-05-30 16:48:52.891,1729,-0.1275481,0.03405935,0.02653443,-0.9908923,14.53464,355.5998,356.3708,3,NB
2025-05-30 16:48:52.936,1730,-0.1323471,0.03064826,0.02520745,-0.9904088,15.10628,355.9979,356.5532,3,NB
2025-05-30 16:48:52.969,1731,-0.132989,0.02882919,0.02422034,-0.9904021,15.19047,356.2245,356.6946,3,NB
2025-05-30 16:48:53.024,1732,-0.1347197,0.02637601,0.0236292,-0.9902509,15.40059,356.515,356.7948,3,NB
2025-05-30 16:48:53.048,1733,-0.137187,0.02383943,0.02419167,-0.9899628,15.69203,356.7942,356.7584,3,NB
2025-05-30 16:48:53.080,1734,-0.1395898,0.01995182,0.0245589,-0.9897038,15.98139,357.2366,356.7691,3,NB
2025-05-30 16:48:53.137,1735,-0.1399886,0.01448086,0.02342793,-0.9897701,16.04753,357.8995,356.992,3,NB
2025-05-30 16:48:53.178,1736,-0.1412883,0.01203252,0.02233468,-0.9896435,16.20724,358.2021,357.1583,3,NB
2025-05-30 16:48:53.214,1737,-0.1406272,0.00696092,0.02157159,-0.9898032,16.14602,358.8161,357.3351,3,NB
2025-05-30 16:48:53.255,1738,-0.1437836,0.005346439,0.02129531,-0.9893656,16.51589,359.0017,357.389,3,NB
2025-05-30 16:48:53.294,1739,-0.1458096,0.00509168,0.02119121,-0.9890727,16.75122,359.0275,357.402,3,NB
2025-05-30 16:48:53.325,1740,-0.1490727,0.00567555,0.02074738,-0.9885923,17.12808,358.9563,357.4383,3,NB
2025-05-30 16:48:53.358,1741,-0.1519784,0.006430103,0.02104406,-0.9881389,17.46246,358.8524,357.3837,3,NB
2025-05-30 16:48:53.402,1742,-0.1554779,0.00739882,0.02113972,-0.9875855,17.86543,358.7244,357.347,3,NB
2025-05-30 16:48:53.436,1743,-0.155443,0.008214211,0.02086242,-0.9875904,17.85958,358.6328,357.3648,3,NB
2025-05-30 16:48:53.481,1744,-0.153239,0.006732085,0.02203491,-0.9879206,17.60657,358.7944,357.2578,3,NB
2025-05-30 16:48:53.513,1745,-0.1517128,0.005855286,0.02127975,-0.9881783,17.43294,358.9172,357.3667,3,NB
2025-05-30 16:48:53.558,1746,-0.1524909,0.006810037,0.02160001,-0.9880454,17.52018,358.7956,357.3097,3,NB
2025-05-30 16:48:53.591,1747,-0.1533065,0.008811839,0.02169142,-0.9879014,17.60909,358.5535,357.2603,3,NB
2025-05-30 16:48:53.637,1748,-0.1535945,0.0110479,0.02134382,-0.9878417,17.63683,358.2933,357.2597,3,NB
2025-05-30 16:48:53.681,1749,-0.1545385,0.01240005,0.02054593,-0.9876954,17.74399,358.1441,357.3269,3,NB
2025-05-30 16:48:53.722,1750,-0.15529,0.01587937,0.02031588,-0.9875324,17.8221,357.7321,357.2873,3,NB
2025-05-30 16:48:53.747,1751,-0.1539059,0.01594683,0.01977653,-0.9877589,17.66272,357.7391,357.3547,3,NB
2025-05-30 16:48:53.780,1752,-0.1516049,0.01375821,0.01918472,-0.9881593,17.40305,358.0177,357.4721,3,NB
2025-05-30 16:48:53.824,1753,-0.1514293,0.01056614,0.0196595,-0.9882162,17.39,358.3885,357.4742,3,NB
2025-05-30 16:48:53.869,1754,-0.1514241,0.008334776,0.02042866,-0.9882228,17.394,358.6393,357.4233,3,NB
2025-05-30 16:48:53.903,1755,-0.1519891,0.007173121,0.02137475,-0.988125,17.46132,358.7582,357.3309,3,NB
2025-05-30 16:48:53.953,1756,-0.1520696,0.006945241,0.02159489,-0.9881095,17.47099,358.781,357.3087,3,NB
2025-05-30 16:48:53.981,1757,-0.1515811,0.006335278,0.02206168,-0.9881784,17.41549,358.8464,357.2654,3,NB
2025-05-30 16:48:54.025,1758,-0.1508773,0.005528937,0.02272607,-0.9882759,17.33544,358.9324,357.2026,3,NB
2025-05-30 16:48:54.058,1759,-0.1502069,0.004686081,0.02320439,-0.9883713,17.25967,359.0259,357.1624,3,NB
2025-05-30 16:48:54.103,1760,-0.1495863,0.003516105,0.02388326,-0.988454,17.19055,359.1545,357.1039,3,NB
2025-05-30 16:48:54.136,1761,-0.1489162,0.002472783,0.02398931,-0.9885557,17.11589,359.2785,357.1112,3,NB
2025-05-30 16:48:54.169,1762,-0.1478015,0.001697148,0.02443122,-0.9887139,16.98875,359.3663,357.0744,3,NB
2025-05-30 16:48:54.226,1763,-0.1482968,0.0004559969,0.02523265,-0.9886209,17.04937,359.4975,357.0006,3,NB
2025-05-30 16:48:54.258,1764,-0.149641,0.0005233779,0.02551488,-0.9884111,17.20473,359.4799,356.9639,3,NB
2025-05-30 16:48:54.301,1765,-0.149629,0.001207047,0.02558712,-0.9884104,17.20119,359.3976,356.9431,3,NB
2025-05-30 16:48:54.326,1766,-0.1484041,0.001885129,0.0257593,-0.9885896,17.05708,359.3184,356.9126,3,NB
2025-05-30 16:48:54.380,1767,-0.1471938,0.001187575,0.02659209,-0.9887495,16.91858,359.3905,356.8282,3,NB
2025-05-30 16:48:54.414,1768,-0.1474589,-0.001038465,0.02773854,-0.9886786,16.95596,359.633,356.7311,3,NB
2025-05-30 16:48:54.448,1769,-0.1485758,-0.00441166,0.03154212,-0.9883881,17.09635,359.9609,356.3384,3,NB
2025-05-30 16:48:54.499,1770,-0.1498317,-0.006760534,0.03329714,-0.9881276,17.25085,0.2029388,356.1708,3,NB
2025-05-30 16:48:54.535,1771,-0.1497094,-0.008470477,0.03182961,-0.9881814,17.24266,0.4325669,356.3758,3,NB
2025-05-30 16:48:54.559,1772,-0.1482843,-0.009081339,0.03106585,-0.9884151,17.07942,0.5238222,356.4782,3,NB
2025-05-30 16:48:54.614,1773,-0.1464283,-0.00812078,0.02869496,-0.9887717,16.86001,0.4583446,356.7433,3,NB
2025-05-30 16:48:54.636,1774,-0.1461806,-0.005323957,0.02676265,-0.9888816,16.82177,0.1619235,356.9234,3,NB
2025-05-30 16:48:54.681,1775,-0.1465794,-0.003014273,0.02697618,-0.9888266,16.8607,359.8834,356.8573,3,NB
2025-05-30 16:48:54.713,1776,-0.1466427,-0.003374158,0.02725917,-0.9888083,16.86914,359.9209,356.83,3,NB
2025-05-30 16:48:54.759,1777,-0.1469357,-0.004792866,0.02636531,-0.988783,16.90752,0.1036117,356.9606,3,NB
2025-05-30 16:48:54.792,1778,-0.145835,-0.005341363,0.02499992,-0.9889787,16.78148,0.1958869,357.1328,3,NB
2025-05-30 16:48:54.836,1779,-0.1441466,-0.003938986,0.02363342,-0.9892663,16.58186,0.0585896,357.2715,3,NB
2025-05-30 16:48:54.870,1780,-0.1426559,-0.002536025,0.02247415,-0.989514,16.40553,359.9168,357.3858,3,NB
2025-05-30 16:48:54.913,1781,-0.1418634,-0.0008428321,0.0214639,-0.9896532,16.30959,359.736,357.4773,3,NB
2025-05-30 16:48:54.958,1782,-0.1396496,3.722211e-05,0.02059703,-0.9899868,16.05148,359.6526,357.5672,3,NB
2025-05-30 16:48:54.991,1783,-0.1390133,-0.000256409,0.0203613,-0.9900812,15.97866,359.6929,357.6006,3,NB
2025-05-30 16:48:55.026,1784,-0.1373555,-0.001365618,0.02077737,-0.990303,15.7895,359.8212,357.5713,3,NB
2025-05-30 16:48:55.079,1785,-0.1359423,-0.002654532,0.02102982,-0.9904901,15.6292,359.9727,357.5636,3,NB
2025-05-30 16:48:55.102,1786,-0.13584,-0.003775021,0.02181196,-0.9904836,15.62019,0.09235221,357.4896,3,NB
2025-05-30 16:48:55.138,1787,-0.1347763,-0.003911286,0.02085803,-0.9906489,15.49743,0.1264714,357.6049,3,NB
2025-05-30 16:48:55.192,1788,-0.1315108,-0.002185035,0.02122722,-0.9910851,15.11573,359.9257,357.5362,3,NB
2025-05-30 16:48:55.226,1789,-0.1300531,-6.868359e-05,0.02093809,-0.991286,14.94208,359.6851,357.5386,3,NB
2025-05-30 16:48:55.275,1790,-0.1268779,-7.637743e-05,0.0204891,-0.9917068,14.57544,359.7012,357.5946,3,NB
2025-05-30 16:48:55.313,1791,-0.1213054,-0.00136918,0.02047,-0.9924033,13.93517,359.8672,357.6205,3,NB
2025-05-30 16:48:55.336,1792,-0.1152479,-0.003461113,0.02044928,-0.9931203,13.24124,0.1272057,357.6555,3,NB
2025-05-30 16:48:55.390,1793,-0.1079144,-0.004130288,0.02033995,-0.9939436,12.39732,0.2241309,357.6797,3,NB
2025-05-30 16:48:55.415,1794,-0.1069215,-0.002774537,0.01992376,-0.994064,12.2797,0.07362374,357.7115,3,NB
2025-05-30 16:48:55.459,1795,-0.1095146,0.0002896875,0.01860363,-0.9938111,12.5718,359.727,357.8251,3,NB
2025-05-30 16:48:55.507,1796,-0.112448,0.002252287,0.01799616,-0.9934922,12.90595,359.499,357.8679,3,NB
2025-05-30 16:48:55.537,1797,-0.1147166,0.003658328,0.01706916,-0.9932449,13.16514,359.3419,357.955,3,NB
2025-05-30 16:48:55.569,1798,-0.1150006,0.003500742,0.01644855,-0.9932232,13.19861,359.3681,358.0293,3,NB
2025-05-30 16:48:55.624,1799,-0.1139993,0.002228831,0.01567837,-0.9933547,13.08602,359.5292,358.1375,3,NB
2025-05-30 16:48:55.648,1800,-0.1128596,0.001731008,0.01571394,-0.9934853,12.9555,359.5893,358.141,3,NB
2025-05-30 16:48:55.692,1801,-0.1118674,0.0008951199,0.01569286,-0.9935989,12.84266,359.6891,358.1553,3,NB
2025-05-30 16:48:55.725,1802,-0.1124764,0.0003936496,0.01597385,-0.993526,12.91374,359.7428,358.1287,3,NB
2025-05-30 16:48:55.769,1803,-0.1125089,-0.0001048391,0.01616734,-0.9935192,12.91838,359.7984,358.1126,3,NB
2025-05-30 16:48:55.821,1804,-0.1126453,-0.0006824859,0.01676674,-0.9934936,12.93513,359.8577,358.0501,3,NB
2025-05-30 16:48:55.847,1805,-0.1106156,-0.001377858,0.01594422,-0.9937345,12.70251,359.9537,358.1564,3,NB
2025-05-30 16:48:55.880,1806,-0.1096734,-0.0005887431,0.01567637,-0.993844,12.59247,359.8668,358.1779,3,NB
2025-05-30 16:48:55.925,1807,-0.1076671,-0.0001151827,0.01440923,-0.9940826,12.36057,359.8314,358.3209,3,NB
2025-05-30 16:48:55.959,1808,-0.1069589,0.000198319,0.01349584,-0.9941719,12.27861,359.8076,358.4238,3,NB
2025-05-30 16:48:56.002,1809,-0.1066755,0.0006155629,0.01363037,-0.9942003,12.24526,359.7578,358.4031,3,NB
2025-05-30 16:48:56.036,1810,-0.1062921,0.0004585971,0.01369165,-0.9942407,12.20131,359.7759,358.3981,3,NB
2025-05-30 16:48:56.081,1811,-0.1059827,7.556479e-05,0.01423703,-0.9942662,12.16618,359.8143,358.3395,3,NB
2025-05-30 16:48:56.114,1812,-0.1033249,0.0003263614,0.01392005,-0.9945503,11.85962,359.7936,358.3748,3,NB
2025-05-30 16:48:56.159,1813,-0.09867066,0.0007133345,0.01372995,-0.9950253,11.32301,359.7587,358.395,3,NB
2025-05-30 16:48:56.215,1814,-0.09281407,0.0009357244,0.01328289,-0.9955946,10.64862,359.7476,358.4477,3,NB
2025-05-30 16:48:56.236,1815,-0.087019,0.0005122963,0.01308912,-0.9961206,9.982619,359.8081,358.4776,3,NB
2025-05-30 16:48:56.281,1816,-0.08061597,-0.0003829184,0.01353002,-0.9966534,9.247686,359.9177,358.4378,3,NB
2025-05-30 16:48:56.333,1817,-0.07326716,-0.0005595713,0.01337366,-0.9972226,8.403433,359.9511,358.4597,3,NB
2025-05-30 16:48:56.359,1818,-0.06992241,-0.000215641,0.01301539,-0.9974675,8.0187,359.9196,358.4992,3,NB
2025-05-30 16:48:56.402,1819,-0.06207758,0.0001383843,0.0128467,-0.9979888,7.117344,359.892,358.5183,3,NB
2025-05-30 16:48:56.436,1820,-0.05796646,0.0008257023,0.01269747,-0.9982376,6.64444,359.82,358.532,3,NB
2025-05-30 16:48:56.488,1821,-0.05095124,0.0006964557,0.0131477,-0.9986145,5.839547,359.8427,358.4834,3,NB
2025-05-30 16:48:56.514,1822,-0.04483551,0.0006522475,0.01349948,-0.9989031,5.138009,359.8554,358.445,3,NB
2025-05-30 16:48:56.558,1823,-0.04125132,0.001012808,0.01329113,-0.99906,4.726424,359.8206,358.4682,3,NB
2025-05-30 16:48:56.591,1824,-0.03455725,0.001288492,0.01260031,-0.9993225,3.958575,359.8021,358.5484,3,NB
2025-05-30 16:48:56.625,1825,-0.03085408,0.001465997,0.01196857,-0.9994513,3.533905,359.7894,358.6213,3,NB
2025-05-30 16:48:56.669,1826,-0.02609638,0.002516676,0.01044374,-0.9996019,2.987576,359.6801,358.7945,3,NB
2025-05-30 16:48:56.702,1827,-0.02040138,0.003223942,0.009910969,-0.9997377,2.334197,359.6071,358.856,3,NB
2025-05-30 16:48:56.757,1828,-0.016596,0.003137406,0.009931217,-0.9998081,1.898173,359.6215,358.8555,3,NB
2025-05-30 16:48:56.780,1829,-0.01012907,0.003118917,0.009509075,-0.9998988,1.157269,359.6315,358.9066,3,NB
2025-05-30 16:48:56.825,1830,-0.004956461,0.003980817,0.01011457,-0.9999287,0.5633233,359.5381,358.8387,3,NB
2025-05-30 16:48:56.875,1831,-2.765656e-05,0.004358733,0.01069481,-0.9999334,-0.002172783,359.5005,358.7744,3,NB
2025-05-30 16:48:56.903,1832,0.00627245,0.003515412,0.01120919,-0.9999114,359.2768,359.6052,358.718,3,NB
2025-05-30 16:48:56.936,1833,0.01341514,0.001742687,0.01192599,-0.9998375,358.4604,359.8186,358.6357,3,NB
2025-05-30 16:48:56.980,1834,0.01770945,0.0001986017,0.01234047,-0.9997671,357.9704,0.002291836,358.5856,3,NB
2025-05-30 16:48:57.026,1835,0.02444059,-0.000142488,0.01340658,-0.9996115,357.1995,0.05393359,358.4619,3,NB
2025-05-30 16:48:57.047,1836,0.02689548,-4.20017e-05,0.01345305,-0.9995478,356.918,0.04634011,358.4565,3,NB
2025-05-30 16:48:57.092,1837,0.03316697,0.0006287695,0.01338545,-0.9993601,356.198,359.9788,358.4659,3,NB
2025-05-30 16:48:57.125,1838,0.04044859,0.001224548,0.01378133,-0.9990859,355.3622,359.9234,358.4225,3,NB
2025-05-30 16:48:57.169,1839,0.04534119,0.001240362,0.01354276,-0.9988791,354.8011,359.9281,358.4497,3,NB
2025-05-30 16:48:57.203,1840,0.05332883,0.0009646856,0.0135943,-0.9984841,353.8851,359.9725,358.4414,3,NB
2025-05-30 16:48:57.247,1841,0.06002674,0.001081389,0.0129986,-0.9981117,353.1163,359.9655,358.5098,3,NB
2025-05-30 16:48:57.296,1842,0.066592,0.001442488,0.01245704,-0.9977016,352.362,359.9295,358.574,3,NB
2025-05-30 16:48:57.333,1843,0.07448867,0.001880554,0.01219212,-0.9971457,351.4543,359.8879,358.6073,3,NB
2025-05-30 16:48:57.373,1844,0.08139658,0.001677953,0.01223867,-0.9966054,350.6606,359.9215,358.5993,3,NB
2025-05-30 16:48:57.391,1845,0.08823787,0.001392485,0.01178997,-0.9960288,349.8743,359.9597,358.6472,3,NB
2025-05-30 16:48:57.447,1846,0.09343527,0.001136855,0.01201454,-0.9955524,349.2767,-0.001074956,358.6172,3,NB
2025-05-30 16:48:57.468,1847,0.1039172,0.0009922051,0.01181103,-0.9945155,348.0699,0.02818001,358.6362,3,NB
2025-05-30 16:48:57.513,1848,0.1089282,0.001709293,0.01138,-0.9939831,347.4915,359.9461,358.694,3,NB
2025-05-30 16:48:57.563,1849,0.1185969,0.00241874,0.01132033,-0.9928752,346.3755,359.8752,358.7084,3,NB
2025-05-30 16:48:57.591,1850,0.1259993,0.001710811,0.01045807,-0.9919739,345.5218,359.9551,358.7976,3,NB
2025-05-30 16:48:57.624,1851,0.1364915,0.001714796,0.01011465,-0.9905882,344.3091,359.9621,358.8352,3,NB
2025-05-30 16:48:57.657,1852,0.1432555,0.00174579,0.009916346,-0.9896347,343.5263,359.9633,358.8571,3,NB
2025-05-30 16:48:57.713,1853,0.1514857,0.00217321,0.009247717,-0.988414,342.5724,359.9103,358.9417,3,NB
2025-05-30 16:48:57.735,1854,0.1630889,0.002535878,0.009624271,-0.9865614,341.2256,359.8872,358.9008,3,NB
2025-05-30 16:48:57.768,1855,0.1660272,0.002247951,0.01028754,-0.986065,340.8845,359.9383,358.8149,3,NB
2025-05-30 16:48:57.812,1856,0.1751768,0.002048537,0.01066214,-0.9844772,339.8207,359.9818,358.7622,3,NB
2025-05-30 16:48:57.861,1857,0.187511,0.002141292,0.01094361,-0.9821994,338.3835,359.9937,358.7245,3,NB
2025-05-30 16:48:57.890,1858,0.1935308,0.002295393,0.01147745,-0.9810246,337.6806,-0.003790133,358.6602,3,NB
2025-05-30 16:48:57.934,1859,0.2068978,0.002473167,0.01163117,-0.9782904,336.117,-0.001630866,358.638,3,NB
2025-05-30 16:48:57.948,1860,0.219,0.002467418,0.01159626,-0.9756529,334.6978,0.01676132,358.6343,3,NB
2025-05-30 16:48:58.001,1861,0.2231313,0.001882057,0.01270619,-0.974704,334.2133,0.1273538,358.4771,3,NB
2025-05-30 16:48:58.033,1862,0.2365941,0.0018098,0.01229391,-0.9715292,332.6283,0.1484448,358.5139,3,NB
2025-05-30 16:48:58.067,1863,0.2425094,0.002076447,0.01216783,-0.9700707,331.9298,0.1216226,358.5323,3,NB
2025-05-30 16:48:58.101,1864,0.2568294,0.00285109,0.01230077,-0.9663743,330.2341,0.05332858,358.5273,3,NB
2025-05-30 16:48:58.145,1865,0.2688364,0.003503045,0.01167619,-0.9631088,328.8072,359.9685,358.6196,3,NB
2025-05-30 16:48:58.177,1866,0.2794861,0.00362259,0.01135758,-0.9600759,327.5381,359.9588,358.6565,3,NB
2025-05-30 16:48:58.227,1867,0.2792194,0.003827944,0.01106717,-0.960156,327.5697,359.9205,358.7023,3,NB
2025-05-30 16:48:58.244,1868,0.2793904,0.003906546,0.01055484,-0.9601117,327.5493,359.8911,358.772,3,NB
2025-05-30 16:48:58.288,1869,0.2790383,0.004519958,0.01053028,-0.9602117,327.5905,359.8097,358.7987,3,NB
2025-05-30 16:48:58.332,1870,0.2787764,0.004700079,0.01016619,-0.9602908,327.6216,359.7721,358.8531,3,NB
2025-05-30 16:48:58.356,1871,0.2787412,0.004676854,0.01004983,-0.9603024,327.6259,359.7707,358.8674,3,NB
2025-05-30 16:48:58.406,1872,0.2782836,0.004586257,0.01043658,-0.9604315,327.6805,359.7965,358.8138,3,NB
2025-05-30 16:48:58.433,1873,0.2784413,0.004172785,0.01071346,-0.9603845,327.6621,359.8611,358.762,3,NB
2025-05-30 16:48:58.477,1874,0.2788736,0.003561939,0.01070298,-0.9602617,327.6114,359.9409,358.74,3,NB
2025-05-30 16:48:58.500,1875,0.2787095,0.003432862,0.01082752,-0.9603084,327.6311,359.9622,358.719,3,NB
2025-05-30 16:48:58.546,1876,0.278623,0.004004846,0.0105778,-0.9603341,327.6407,359.8781,358.7732,3,NB
2025-05-30 16:48:58.566,1877,0.2793265,0.004096576,0.01055553,-0.9601295,327.5566,359.8663,358.7791,3,NB
2025-05-30 16:48:58.611,1878,0.2807788,0.003681408,0.01084976,-0.9597042,327.3838,359.9338,358.7239,3,NB
2025-05-30 16:48:58.643,1879,0.2810404,0.003444443,0.01072561,-0.9596299,327.3529,359.9604,358.7309,3,NB
2025-05-30 16:48:58.691,1880,0.2806654,0.003504399,0.01087451,-0.9597378,327.3976,359.9577,358.714,3,NB
2025-05-30 16:48:58.725,1881,0.2795955,0.003697331,0.01062111,-0.9600521,327.525,359.9212,358.7552,3,NB
2025-05-30 16:48:58.744,1882,0.2789513,0.003976858,0.01030472,-0.9602418,327.6016,359.8719,358.8076,3,NB
2025-05-30 16:48:58.788,1883,0.27841,0.004728902,0.009905174,-0.9603996,327.6653,359.7581,358.8883,3,NB
2025-05-30 16:48:58.822,1884,0.277338,0.00507234,0.01007156,-0.9607063,327.7928,359.7183,358.88,3,NB
2025-05-30 16:48:58.856,1885,0.2767008,0.004855581,0.01020561,-0.9608897,327.869,359.7508,358.8547,3,NB
2025-05-30 16:48:58.888,1886,0.2771188,0.004384713,0.01057152,-0.9607676,327.8196,359.8263,358.7893,3,NB
2025-05-30 16:48:58.933,1887,0.2770424,0.003554533,0.01047616,-0.9607941,327.8298,359.9306,358.7706,3,NB
2025-05-30 16:48:58.966,1888,0.2773774,0.003402113,0.01083617,-0.960694,327.79,359.9644,358.7178,3,NB
2025-05-30 16:48:58.999,1889,0.2778524,0.003302894,0.01082236,-0.9605573,327.7335,359.9776,358.7155,3,NB
2025-05-30 16:48:59.043,1890,0.2781832,0.003208115,0.01074407,-0.9604627,327.6942,359.9875,358.7218,3,NB
2025-05-30 16:48:59.066,1891,0.2778133,0.003063794,0.01105814,-0.9605667,327.7385,0.01749746,358.6758,3,NB
2025-05-30 16:48:59.111,1892,0.2774993,0.002409921,0.01084739,-0.9606616,327.7769,0.09414437,358.679,3,NB
2025-05-30 16:48:59.154,1893,0.2772785,0.002395277,0.01068317,-0.9607273,327.8032,0.08951035,358.7,3,NB
2025-05-30 16:48:59.177,1894,0.2774022,0.002699081,0.01065205,-0.9606912,327.788,0.04901771,358.7153,3,NB
2025-05-30 16:48:59.210,1895,0.2778473,0.002856188,0.01059396,-0.9605627,327.7347,0.02709763,358.7284,3,NB
2025-05-30 16:48:59.255,1896,0.2782984,0.003018173,0.01036363,-0.9604341,327.6807,-0.001976244,358.7641,3,NB
2025-05-30 16:48:59.296,1897,0.2784736,0.003059718,0.01012026,-0.9603859,327.6598,359.9837,358.7972,3,NB
2025-05-30 16:48:59.332,1898,0.2787641,0.002827791,0.009542121,-0.9603081,327.6254,359.9925,358.8636,3,NB
2025-05-30 16:48:59.368,1899,0.2786992,0.002719786,0.01019485,-0.9603206,327.6333,0.03112663,358.7745,3,NB
2025-05-30 16:48:59.403,1900,0.2782252,0.002472768,0.009890447,-0.9604619,327.6901,0.0510844,358.8052,3,NB
2025-05-30 16:48:59.438,1901,0.2782435,0.002319708,0.009943271,-0.9604564,327.6881,0.07303699,358.7926,3,NB
2025-05-30 16:48:59.455,1902,0.2777122,0.002497707,0.01021884,-0.9606068,327.7513,0.05942464,358.7639,3,NB
2025-05-30 16:48:59.511,1903,0.2764978,0.003216251,0.0109635,-0.9609467,327.8952,359.992,358.695,3,NB
2025-05-30 16:48:59.533,1904,0.2739087,0.003268678,0.01149069,-0.9616816,328.2037,0.000535695,358.6307,3,NB
2025-05-30 16:48:59.577,1905,0.2674414,0.003605811,0.01280684,-0.9634824,328.973,359.9934,358.4787,3,NB
2025-05-30 16:48:59.610,1906,0.2580241,0.00429443,0.01424825,-0.9660239,330.0901,359.9376,358.3266,3,NB
2025-05-30 16:48:59.644,1907,0.2372538,0.005464256,0.01687109,-0.9712859,332.544,359.8315,358.0509,3,NB
2025-05-30 16:48:59.677,1908,0.2058887,0.005580487,0.0215558,-0.9783221,336.2284,359.8721,357.5025,3,NB
2025-05-30 16:48:59.711,1909,0.1803598,0.002512164,0.02964857,-0.9831507,339.2194,0.3526918,356.4807,3,NB
2025-05-30 16:48:59.762,1910,0.1728708,-0.002782496,0.03426845,-0.9843444,340.1147,1.055703,355.8272,3,NB
2025-05-30 16:48:59.789,1911,0.1615806,-0.008103675,0.03279603,-0.9862812,341.4461,1.606832,355.9285,3,NB
2025-05-30 16:48:59.823,1912,0.1585979,-0.009412671,0.03159434,-0.9867929,341.7954,1.725159,356.0559,3,NB
2025-05-30 16:48:59.849,1913,0.1528008,-0.0102186,0.03359308,-0.9876331,342.4742,1.829928,355.8217,3,NB
2025-05-30 16:48:59.901,1914,0.1584859,-0.01058511,0.03335151,-0.9867411,341.8164,1.89768,355.8246,3,NB
2025-05-30 16:48:59.933,1915,0.1602987,-0.01059725,0.03301658,-0.9864594,341.6056,1.901895,355.8581,3,NB
2025-05-30 16:48:59.968,1916,0.1637705,-0.01010856,0.0331272,-0.9858903,341.201,1.863416,355.8425,3,NB
2025-05-30 16:49:00.013,1917,0.1664645,-0.009310128,0.03278672,-0.9854583,340.8843,1.774907,355.89,3,NB
2025-05-30 16:49:00.045,1918,0.1645969,-0.008107358,0.0329942,-0.9857757,341.0964,1.626044,355.8953,3,NB
2025-05-30 16:49:00.079,1919,0.1602852,-0.007442542,0.03343599,-0.9864763,341.5947,1.534096,355.8689,3,NB
2025-05-30 16:49:00.106,1920,0.1577106,-0.007255821,0.03356916,-0.9868882,341.8927,1.501763,355.8643,3,NB
2025-05-30 16:49:00.157,1921,0.1530016,-0.007792403,0.03402473,-0.9876094,342.4414,1.550861,355.8142,3,NB
2025-05-30 16:49:00.180,1922,0.1531727,-0.008418718,0.03364966,-0.9875906,342.4236,1.619167,355.8468,3,NB
2025-05-30 16:49:00.234,1923,0.1534366,-0.009675928,0.03155541,-0.9876072,342.3946,1.731199,356.0718,3,NB
2025-05-30 16:49:00.279,1924,0.1556494,-0.00870738,0.02989213,-0.9873216,342.1316,1.595456,356.2809,3,NB
2025-05-30 16:49:00.311,1925,0.1556549,-0.007081791,0.02896727,-0.9873614,342.1236,1.38493,356.4212,3,NB
2025-05-30 16:49:00.353,1926,0.1561012,-0.005659431,0.02812823,-0.9873243,342.0657,1.201943,356.5466,3,NB
2025-05-30 16:49:00.378,1927,0.1572149,-0.004923552,0.0277119,-0.9871633,341.9335,1.111042,356.6074,3,NB
2025-05-30 16:49:00.411,1928,0.1569487,-0.005054782,0.02734157,-0.9872153,341.9644,1.118599,356.6496,3,NB
2025-05-30 16:49:00.445,1929,0.1571278,-0.005877852,0.02696206,-0.9871928,341.946,1.210055,356.6788,3,NB
2025-05-30 16:49:00.500,1930,0.1577488,-0.00635373,0.02726589,-0.9870824,341.8759,1.27491,356.6321,3,NB
2025-05-30 16:49:00.537,1931,0.1597842,-0.006629245,0.02710486,-0.9867575,341.6406,1.312816,356.641,3,NB
2025-05-30 16:49:00.551,1932,0.1607296,-0.00655498,0.02714239,-0.9866036,341.5307,1.308502,356.6355,3,NB
2025-05-30 16:49:00.609,1933,0.1624891,-0.006438158,0.02660814,-0.9863306,341.3254,1.291196,356.6971,3,NB
2025-05-30 16:49:00.648,1934,0.163569,-0.006441333,0.02627525,-0.9861609,341.1996,1.289292,356.7341,3,NB
2025-05-30 16:49:00.679,1935,0.1647645,-0.006388937,0.02518229,-0.9859908,341.0592,1.265963,356.8628,3,NB
2025-05-30 16:49:00.698,1936,0.1652901,-0.005938488,0.02452186,-0.9859222,340.9959,1.200925,356.9495,3,NB
2025-05-30 16:49:00.745,1937,0.1658965,-0.005216854,0.02346442,-0.9858503,340.9221,1.095657,357.089,3,NB
2025-05-30 16:49:00.778,1938,0.1663669,-0.005127314,0.02253543,-0.9857932,340.8662,1.067873,357.2009,3,NB
2025-05-30 16:49:00.822,1939,0.168033,-0.004657539,0.02174636,-0.9855306,340.6705,1.001207,357.3014,3,NB
2025-05-30 16:49:00.855,1940,0.1689413,-0.00441018,0.02102509,-0.985392,340.5635,0.9597546,357.391,3,NB
2025-05-30 16:49:00.903,1941,0.1701816,-0.004086915,0.02025848,-0.9851961,340.4178,0.9090763,357.4871,3,NB
2025-05-30 16:49:00.940,1942,0.1717757,-0.004032912,0.02009617,-0.9849229,340.2322,0.9040543,357.5047,3,NB
2025-05-30 16:49:00.967,1943,0.1727072,-0.004241025,0.01986539,-0.9847638,340.1241,0.9269901,357.5263,3,NB
2025-05-30 16:49:01.000,1944,0.1735085,-0.004314364,0.01932545,-0.9846334,340.0306,0.9267939,357.588,3,NB
2025-05-30 16:49:01.034,1945,0.17404,-0.004005243,0.01909266,-0.9845454,339.9678,0.8863028,357.6216,3,NB
2025-05-30 16:49:01.088,1946,0.1745975,-0.003713882,0.01891896,-0.9844512,339.9021,0.8492222,357.6476,3,NB
2025-05-30 16:49:01.111,1947,0.1748906,-0.003403862,0.01897392,-0.9843993,339.8673,0.8139867,357.6471,3,NB
2025-05-30 16:49:01.159,1948,0.1752476,-0.003281604,0.01865475,-0.9843423,339.8253,0.7934867,357.6874,3,NB
2025-05-30 16:49:01.196,1949,0.1756715,-0.003567417,0.0182754,-0.9842728,339.7763,0.8208934,357.7262,3,NB
2025-05-30 16:49:01.222,1950,0.1768758,-0.003749408,0.01797727,-0.984062,339.6363,0.8396805,357.756,3,NB
2025-05-30 16:49:01.256,1951,0.1782161,-0.003806021,0.01770668,-0.9838247,339.4801,0.8442883,357.785,3,NB
2025-05-30 16:49:01.289,1952,0.1798658,-0.003975672,0.01751575,-0.9835273,339.2883,0.8650287,357.8014,3,NB
2025-05-30 16:49:01.333,1953,0.1809161,-0.004155798,0.01714717,-0.9833403,339.166,0.881437,357.8399,3,NB
2025-05-30 16:49:01.378,1954,0.1820703,-0.004446051,0.01642688,-0.9831383,339.0315,0.9034808,357.9183,3,NB
2025-05-30 16:49:01.400,1955,0.1832552,-0.004622225,0.01573782,-0.9829285,338.8932,0.9123578,357.9954,3,NB
2025-05-30 16:49:01.452,1956,0.1847154,-0.004214874,0.0155685,-0.9826598,338.722,0.8630108,358.0225,3,NB
2025-05-30 16:49:01.479,1957,0.1844386,-0.004080753,0.0150697,-0.9827202,338.7536,0.8348079,358.0863,3,NB
2025-05-30 16:49:01.525,1958,0.1850516,-0.004326632,0.01454416,-0.9826117,338.6821,0.8540542,358.1432,3,NB
2025-05-30 16:49:01.555,1959,0.1857711,-0.004333166,0.0141997,-0.9824809,338.598,0.8486769,358.1836,3,NB
2025-05-30 16:49:01.589,1960,0.1864031,-0.004385885,0.01411223,-0.9823623,338.5243,0.8545173,358.1919,3,NB
2025-05-30 16:49:01.634,1961,0.1867599,-0.004969256,0.01415325,-0.9822911,338.4838,0.9268737,358.1729,3,NB
2025-05-30 16:49:01.672,1962,0.1868528,-0.005052967,0.01419023,-0.9822726,338.4731,0.9380738,358.1664,3,NB
2025-05-30 16:49:01.707,1963,0.186854,-0.004996382,0.01461352,-0.9822664,338.4733,0.940968,358.1164,3,NB
2025-05-30 16:49:01.745,1964,0.1867454,-0.004725496,0.01449577,-0.9822902,338.4853,0.9052207,358.1371,3,NB
2025-05-30 16:49:01.779,1965,0.1866786,-0.005134272,0.015051,-0.9822925,338.4944,0.9672763,358.0606,3,NB
2025-05-30 16:49:01.800,1966,0.1865616,-0.005472037,0.01519086,-0.9823107,338.5089,1.011056,358.0362,3,NB
2025-05-30 16:49:01.833,1967,0.1864811,-0.005848008,0.0153893,-0.9823207,338.5193,1.060886,358.0037,3,NB
2025-05-30 16:49:01.878,1968,0.1865508,-0.005757413,0.01517251,-0.9823114,338.5107,1.045131,358.0319,3,NB
2025-05-30 16:49:01.910,1969,0.1861897,-0.00519331,0.01529129,-0.9823812,338.5518,0.9786961,358.0311,3,NB
2025-05-30 16:49:01.956,1970,0.1866397,-0.005225606,0.01494988,-0.9823009,338.4991,0.9759054,358.0708,3,NB
2025-05-30 16:49:01.988,1971,0.1868391,-0.005261044,0.01498625,-0.9822623,338.4759,0.9815291,358.0652,3,NB
2025-05-30 16:49:02.022,1972,0.1869735,-0.005630411,0.01517666,-0.9822316,338.4612,1.030946,358.0335,3,NB
2025-05-30 16:49:02.056,1973,0.1877037,-0.006112088,0.01530332,-0.9820876,338.3771,1.094062,358.0056,3,NB
2025-05-30 16:49:02.099,1974,0.1880835,-0.006131347,0.0151655,-0.9820169,338.3327,1.094198,358.0211,3,NB
2025-05-30 16:49:02.132,1975,0.1885338,-0.006132051,0.01527342,-0.9819289,338.2803,1.097968,358.0071,3,NB
2025-05-30 16:49:02.179,1976,0.1891557,-0.005964283,0.01543584,-0.9818078,338.2076,1.083066,357.9901,3,NB
2025-05-30 16:49:02.211,1977,0.1888068,-0.006208268,0.01574738,-0.9818685,338.2491,1.118952,357.9473,3,NB
2025-05-30 16:49:02.244,1978,0.1881485,-0.007064919,0.01672286,-0.9819728,338.3289,1.243518,357.8107,3,NB
2025-05-30 16:49:02.278,1979,0.1877528,-0.007885097,0.01624384,-0.9820504,338.3763,1.330583,357.8506,3,NB
2025-05-30 16:49:02.322,1980,0.1878126,-0.007421747,0.01608857,-0.9820452,338.3681,1.27107,357.88,3,NB
2025-05-30 16:49:02.369,1981,0.1883983,-0.006521927,0.01580526,-0.9819439,338.2975,1.157179,357.9339,3,NB
2025-05-30 16:49:02.389,1982,0.1888166,-0.006360187,0.01559358,-0.981868,338.2481,1.133802,357.9624,3,NB
2025-05-30 16:49:02.421,1983,0.1888107,-0.006651882,0.01547502,-0.9818692,338.2493,1.166362,357.97,3,NB
2025-05-30 16:49:02.467,1984,0.1884599,-0.006907883,0.01554243,-0.9819337,338.2908,1.197987,357.9566,3,NB
2025-05-30 16:49:02.499,1985,0.1890658,-0.006811535,0.01503068,-0.9818258,338.2193,1.176036,358.0196,3,NB
2025-05-30 16:49:02.549,1986,0.1890206,-0.006597121,0.01542129,-0.9818299,338.2246,1.159042,357.9774,3,NB
2025-05-30 16:49:02.577,1987,0.1890729,-0.006890733,0.01496497,-0.9818249,338.2186,1.184118,358.0257,3,NB
2025-05-30 16:49:02.610,1988,0.1889054,-0.007219188,0.01506033,-0.9818533,338.2389,1.225688,358.0068,3,NB
2025-05-30 16:49:02.656,1989,0.1893839,-0.007298641,0.01529825,-0.9817569,338.1835,1.242159,357.9751,3,NB
2025-05-30 16:49:02.678,1990,0.1896465,-0.007701384,0.01558591,-0.9816986,338.1541,1.298418,357.9303,3,NB
2025-05-30 16:49:02.722,1991,0.1909507,-0.008715804,0.01568756,-0.9814357,338.0042,1.427525,357.8911,3,NB
2025-05-30 16:49:02.755,1992,0.1919844,-0.009480818,0.01565673,-0.9812273,337.8852,1.522658,357.8741,3,NB
2025-05-30 16:49:02.800,1993,0.1935736,-0.009731426,0.01560236,-0.9809135,337.7001,1.556534,357.8707,3,NB
2025-05-30 16:49:02.839,1994,0.1934793,-0.009206416,0.01545385,-0.9809395,337.7098,1.488913,357.9015,3,NB
2025-05-30 16:49:02.866,1995,0.1931413,-0.008785183,0.01505059,-0.9810163,337.7477,1.427122,357.9614,3,NB
2025-05-30 16:49:02.900,1996,0.1927537,-0.008810625,0.01467595,-0.9810979,337.7925,1.420183,358.0073,3,NB
2025-05-30 16:49:02.947,1997,0.1917363,-0.008441691,0.01439859,-0.9813046,337.9101,1.36601,358.0521,3,NB
2025-05-30 16:49:02.977,1998,0.1914525,-0.008073485,0.01405751,-0.9813681,337.9421,1.312496,358.1028,3,NB
2025-05-30 16:49:03.010,1999,0.1909784,-0.007644992,0.0139732,-0.981465,337.9965,1.257283,358.1242,3,NB
2025-05-30 16:49:03.043,2000,0.1905326,-0.007329746,0.01405438,-0.981553,338.048,1.219813,358.1227,3,NB
2025-05-30 16:49:03.091,2001,0.1909323,-0.007533883,0.01362478,-0.9814798,338.0012,1.235471,358.1692,3,NB
2025-05-30 16:49:03.110,2002,0.1910876,-0.007914317,0.01391759,-0.9814425,337.9842,1.288926,358.1244,3,NB
2025-05-30 16:49:03.155,2003,0.191956,-0.008382513,0.01413249,-0.981266,337.884,1.353109,358.0853,3,NB
2025-05-30 16:49:03.188,2004,0.192549,-0.008698746,0.01446141,-0.9811423,337.8159,1.400921,358.0365,3,NB
2025-05-30 16:49:03.234,2005,0.1924593,-0.008789034,0.01477981,-0.9811543,337.827,1.419213,357.9958,3,NB
2025-05-30 16:49:03.266,2006,0.1916783,-0.008755487,0.01554058,-0.9812957,337.9192,1.430977,357.9062,3,NB
2025-05-30 16:49:03.298,2007,0.1916598,-0.009128408,0.01600164,-0.9812886,337.9228,1.487094,357.8414,3,NB
2025-05-30 16:49:03.332,2008,0.1915833,-0.009618999,0.01656011,-0.9812896,337.9337,1.55961,357.7622,3,NB
2025-05-30 16:49:03.378,2009,0.1922616,-0.009828952,0.01572122,-0.9811686,337.8537,1.567276,357.8573,3,NB
2025-05-30 16:49:03.399,2010,0.1927899,-0.009637767,0.01547039,-0.9810709,337.7912,1.53967,357.891,3,NB
2025-05-30 16:49:03.444,2011,0.1935831,-0.009132361,0.01483472,-0.9809294,337.6966,1.465391,357.9783,3,NB
2025-05-30 16:49:03.479,2012,0.1939932,-0.009473368,0.014572,-0.980849,337.649,1.501692,358.001,3,NB
2025-05-30 16:49:03.510,2013,0.194576,-0.009780469,0.01427026,-0.9807349,337.5811,1.533413,358.0288,3,NB
2025-05-30 16:49:03.555,2014,0.1948674,-0.009754186,0.0138399,-0.9806836,337.5463,1.520651,358.0811,3,NB
2025-05-30 16:49:03.594,2015,0.194899,-0.009828162,0.01351893,-0.980681,337.5423,1.521986,358.1183,3,NB
2025-05-30 16:49:03.621,2016,0.195162,-0.009383449,0.01319715,-0.9806374,337.5102,1.46083,358.1675,3,NB
2025-05-30 16:49:03.654,2017,0.1944702,-0.009313274,0.01247623,-0.980785,337.5898,1.433113,358.2585,3,NB
2025-05-30 16:49:03.704,2018,0.1948575,-0.009257635,0.01250437,-0.9807082,337.5446,1.428004,358.2555,3,NB
2025-05-30 16:49:03.732,2019,0.1956085,-0.008871055,0.01253023,-0.980562,337.4562,1.383496,358.26,3,NB
2025-05-30 16:49:03.766,2020,0.1963963,-0.008884268,0.01261983,-0.9804032,337.3643,1.389265,358.247,3,NB
2025-05-30 16:49:03.799,2021,0.1970571,-0.009263009,0.01239311,-0.98027,337.2874,1.431516,358.2638,3,NB
2025-05-30 16:49:03.832,2022,0.1970286,-0.009855369,0.01246127,-0.9802691,337.2919,1.505248,358.2411,3,NB
2025-05-30 16:49:03.877,2023,0.1967248,-0.01006135,0.01196955,-0.9803342,337.327,1.517541,358.2967,3,NB
2025-05-30 16:49:03.899,2024,0.1963145,-0.0100871,0.01226632,-0.9804124,337.3755,1.526863,358.2609,3,NB
2025-05-30 16:49:03.955,2025,0.1957126,-0.01008666,0.01207785,-0.9805351,337.4455,1.520693,358.2853,3,NB
2025-05-30 16:49:03.977,2026,0.1951218,-0.009801124,0.01118968,-0.9806663,337.5127,1.462992,358.4017,3,NB
2025-05-30 16:49:04.026,2027,0.1951011,-0.009192636,0.0105802,-0.980683,337.5132,1.374195,358.4906,3,NB
2025-05-30 16:49:04.062,2028,0.1950122,-0.008967982,0.01062709,-0.9807023,337.5233,1.347805,358.4905,3,NB
2025-05-30 16:49:04.087,2029,0.1951912,-0.008633275,0.01072627,-0.9806687,337.502,1.30989,358.4861,3,NB
2025-05-30 16:49:04.121,2030,0.1959539,-0.008895748,0.01102932,-0.980511,337.4138,1.350896,358.4413,3,NB
2025-05-30 16:49:04.154,2031,0.1964591,-0.009441671,0.01186661,-0.9803948,337.3568,1.438923,358.325,3,NB
2025-05-30 16:49:04.199,2032,0.1967479,-0.009972654,0.01214214,-0.9803283,337.3244,1.511013,358.2778,3,NB
2025-05-30 16:49:04.221,2033,0.1965995,-0.01006422,0.0124334,-0.9803535,337.3424,1.528886,358.2404,3,NB
2025-05-30 16:49:04.266,2034,0.1951947,-0.01070608,0.01342622,-0.9806142,337.5093,1.627331,358.1076,3,NB
2025-05-30 16:49:04.312,2035,0.1937939,-0.01150155,0.01390292,-0.9808764,337.6753,1.731551,358.0342,3,NB
2025-05-30 16:49:04.348,2036,0.1926456,-0.01114215,0.01472721,-0.9810948,337.81,1.704222,357.9458,3,NB
2025-05-30 16:49:04.382,2037,0.1926454,-0.01086524,0.01467738,-0.9810987,337.8094,1.66941,357.9584,3,NB
2025-05-30 16:49:04.410,2038,0.1939022,-0.01096899,0.01431282,-0.9808553,337.6622,1.676976,357.9969,3,NB
2025-05-30 16:49:04.444,2039,0.1948306,-0.01081797,0.01399065,-0.9806775,337.553,1.653546,358.0372,3,NB
2025-05-30 16:49:04.477,2040,0.1956349,-0.01034194,0.01381613,-0.980525,337.4578,1.593703,358.0678,3,NB
2025-05-30 16:49:04.521,2041,0.195216,-0.0103731,0.01382972,-0.980608,337.5068,1.596648,358.0665,3,NB
2025-05-30 16:49:04.564,2042,0.1940532,-0.01085713,0.01416639,-0.9808288,337.6441,1.660305,358.0169,3,NB
2025-05-30 16:49:04.588,2043,0.1928768,-0.01147598,0.01431432,-0.9810516,337.783,1.735608,357.9873,3,NB
2025-05-30 16:49:04.621,2044,0.1926161,-0.01133318,0.01451704,-0.9811015,337.8135,1.722328,357.9668,3,NB
2025-05-30 16:49:04.665,2045,0.1928012,-0.01082099,0.01463208,-0.9810692,337.791,1.663415,357.9645,3,NB
2025-05-30 16:49:04.706,2046,0.1933304,-0.01096865,0.01431672,-0.9809681,337.729,1.675367,357.9979,3,NB
2025-05-30 16:49:04.732,2047,0.193913,-0.0110775,0.01463462,-0.9808471,337.6617,1.697916,357.9551,3,NB
2025-05-30 16:49:04.765,2048,0.1943418,-0.01143571,0.01477095,-0.9807561,337.6127,1.746012,357.9287,3,NB
2025-05-30 16:49:04.799,2049,0.1942681,-0.01158586,0.015099,-0.9807639,337.6222,1.771928,357.8855,3,NB
2025-05-30 16:49:04.843,2050,0.1938202,-0.01141819,0.01472418,-0.9808602,337.6735,1.74119,357.9363,3,NB
2025-05-30 16:49:04.865,2051,0.1934777,-0.01121194,0.01444002,-0.9809344,337.7125,1.708303,357.9767,3,NB
2025-05-30 16:49:04.909,2052,0.1930124,-0.01058055,0.01400481,-0.9810394,337.7648,1.61986,358.0459,3,NB
2025-05-30 16:49:04.943,2053,0.1929479,-0.01008418,0.01356357,-0.9810635,337.7707,1.548863,358.1115,3,NB
2025-05-30 16:49:04.989,2054,0.1934359,-0.01005865,0.01402,-0.9809613,337.7144,1.558014,358.0555,3,NB
2025-05-30 16:49:05.010,2055,0.1934981,-0.01040731,0.01417016,-0.9809432,337.708,1.604144,358.0287,3,NB
2025-05-30 16:49:05.055,2056,0.1945402,-0.01092038,0.01443974,-0.9807276,337.5879,1.675982,357.9809,3,NB
2025-05-30 16:49:05.077,2057,0.1948504,-0.01087658,0.01461537,-0.9806638,337.5518,1.675803,357.9597,3,NB
2025-05-30 16:49:05.121,2058,0.1946981,-0.0104293,0.01477999,-0.9806964,337.569,1.624937,357.9509,3,NB
2025-05-30 16:49:05.165,2059,0.194616,-0.01079297,0.01481155,-0.9807084,337.5794,1.669672,357.9385,3,NB
2025-05-30 16:49:05.187,2060,0.1941435,-0.01095302,0.01487436,-0.9807994,337.635,1.689229,357.9283,3,NB
2025-05-30 16:49:05.231,2061,0.1933737,-0.01135629,0.0156363,-0.9809349,337.7271,1.754141,357.8282,3,NB
2025-05-30 16:49:05.266,2062,0.1930816,-0.01166871,0.01533567,-0.9809936,337.7613,1.784,357.8581,3,NB
2025-05-30 16:49:05.299,2063,0.1931536,-0.01128777,0.01466262,-0.9809942,337.7509,1.721878,357.9488,3,NB
2025-05-30 16:49:05.332,2064,0.1934237,-0.01035738,0.01413885,-0.9809588,337.7166,1.597117,358.0339,3,NB
2025-05-30 16:49:05.377,2065,0.1941677,-0.009909393,0.01406574,-0.9808175,337.6287,1.543018,358.0516,3,NB
2025-05-30 16:49:05.416,2066,0.194505,-0.01012138,0.01352709,-0.9807561,337.5889,1.556762,358.1112,3,NB
2025-05-30 16:49:05.443,2067,0.1939909,-0.01060519,0.01407651,-0.9808452,337.6508,1.627347,358.0341,3,NB
2025-05-30 16:49:05.489,2068,0.1949476,-0.01079087,0.0139054,-0.9806558,337.5391,1.648527,358.0479,3,NB
2025-05-30 16:49:05.527,2069,0.1958508,-0.01037035,0.0140579,-0.9804782,337.433,1.603636,358.0371,3,NB
2025-05-30 16:49:05.543,2070,0.196595,-0.01025916,0.01389686,-0.9803326,337.3456,1.588295,358.0575,3,NB
2025-05-30 16:49:05.596,2071,0.1968519,-0.01036688,0.01434691,-0.9802736,337.3165,1.613127,357.9994,3,NB
2025-05-30 16:49:05.620,2072,0.1970946,-0.01075827,0.01454711,-0.9802176,337.2893,1.666389,357.9648,3,NB
2025-05-30 16:49:05.654,2073,0.1969852,-0.01104385,0.01436439,-0.9802392,337.3024,1.696375,357.9804,3,NB
2025-05-30 16:49:05.698,2074,0.1976015,-0.01075945,0.01417051,-0.980121,337.2294,1.658799,358.0093,3,NB
2025-05-30 16:49:05.720,2075,0.1966054,-0.01058544,0.01437452,-0.9803202,337.3458,1.639693,357.9914,3,NB
2025-05-30 16:49:05.764,2076,0.1962082,-0.01052464,0.01396445,-0.9804065,337.3914,1.621159,358.0438,3,NB
2025-05-30 16:49:05.787,2077,0.1956727,-0.01084605,0.01420185,-0.9805065,337.455,1.664497,358.0085,3,NB
2025-05-30 16:49:05.832,2078,0.1949973,-0.01128072,0.01444157,-0.9806327,337.5352,1.72119,357.9707,3,NB
2025-05-30 16:49:05.865,2079,0.1943009,-0.01127488,0.01492557,-0.9807637,337.6174,1.730057,357.9139,3,NB
2025-05-30 16:49:05.913,2080,0.1930429,-0.01165405,0.01512498,-0.9810047,337.7654,1.777072,357.8842,3,NB
2025-05-30 16:49:05.948,2081,0.1914633,-0.01182887,0.01504464,-0.9813133,337.95,1.791549,357.8942,3,NB
2025-05-30 16:49:05.976,2082,0.1898088,-0.01193966,0.014926,-0.9816352,338.1431,1.797165,357.9107,3,NB
2025-05-30 16:49:05.999,2083,0.1862441,-0.01175193,0.01503239,-0.9823183,338.5587,1.766175,357.9121,3,NB
2025-05-30 16:49:06.054,2084,0.1836475,-0.01118751,0.01567726,-0.9828036,338.8612,1.70482,357.8541,3,NB
2025-05-30 16:49:06.076,2085,0.1804739,-0.01124483,0.01590614,-0.9833871,339.2315,1.707281,357.8338,3,NB
2025-05-30 16:49:06.131,2086,0.1760106,-0.01146826,0.01616503,-0.9841888,339.752,1.726353,357.8098,3,NB
2025-05-30 16:49:06.154,2087,0.1722946,-0.01109445,0.01684218,-0.9848391,340.1846,1.684551,357.7462,3,NB
2025-05-30 16:49:06.199,2088,0.1697064,-0.01063902,0.01700464,-0.9852906,340.4847,1.625482,357.743,3,NB
2025-05-30 16:49:06.220,2089,0.1639241,-0.01079762,0.01724013,-0.9862633,341.1572,1.631824,357.7263,3,NB
2025-05-30 16:49:06.265,2090,0.1605449,-0.01129748,0.01723161,-0.9868135,341.5506,1.681171,357.7262,3,NB
2025-05-30 16:49:06.311,2091,0.1570103,-0.01157851,0.01699163,-0.987383,341.961,1.699551,357.7584,3,NB
2025-05-30 16:49:06.345,2092,0.1496562,-0.01206438,0.01665059,-0.9885244,342.8139,1.729636,357.8086,3,NB
2025-05-30 16:49:06.366,2093,0.1433384,-0.01297464,0.01595911,-0.9894601,343.5463,1.807557,357.8905,3,NB
2025-05-30 16:49:06.417,2094,0.1343357,-0.01744983,0.01658527,-0.9906436,344.5987,2.320132,357.7679,3,NB
2025-05-30 16:49:06.433,2095,0.1282797,-0.01829442,0.01724188,-0.9914194,345.3018,2.411451,357.6963,3,NB
2025-05-30 16:49:06.489,2096,0.1242668,-0.01804728,0.01882881,-0.9919061,345.7684,2.393583,357.5262,3,NB
2025-05-30 16:49:06.511,2097,0.1161575,-0.01654822,0.01915088,-0.9929085,346.701,2.197196,357.5339,3,NB
2025-05-30 16:49:06.563,2098,0.1104741,-0.01428926,0.01963264,-0.9935825,347.3515,1.922464,357.5229,3,NB
2025-05-30 16:49:06.598,2099,0.09998856,-0.01375175,0.01925037,-0.9947074,348.5572,1.824632,357.5998,3,NB
2025-05-30 16:49:06.634,2100,0.09002262,-0.01273821,0.01858735,-0.995685,349.7004,1.672317,357.7103,3,NB
2025-05-30 16:49:06.666,2101,0.06867719,-0.008277467,0.01525139,-0.9974881,352.1398,1.076346,358.1741,3,NB
2025-05-30 16:49:06.688,2102,0.05520396,-0.005508824,0.01282916,-0.9983776,353.6797,0.7157655,358.4881,3,NB
2025-05-30 16:49:06.732,2103,0.04734732,-0.001081158,0.01008285,-0.9988272,354.5739,0.1792553,358.8348,3,NB
2025-05-30 16:49:06.777,2104,0.03248027,0.0028774,0.0084226,-0.9994328,356.2747,359.7012,359.044,3,NB
2025-05-30 16:49:06.798,2105,0.01784196,0.004252876,0.007121863,-0.9998066,357.952,359.527,359.1922,3,NB
2025-05-30 16:49:06.843,2106,0.007441938,0.006230212,0.006391851,-0.9999326,359.1427,359.2915,359.2728,3,NB
2025-05-30 16:49:06.877,2107,-0.003043026,0.006865103,0.006326421,-0.999952,0.3437133,359.2111,359.2726,3,NB
2025-05-30 16:49:06.921,2108,-0.01472425,0.00722088,0.006649253,-0.9998436,1.681751,359.1611,359.2256,3,NB
2025-05-30 16:49:06.955,2109,-0.0274719,0.006887701,0.007916782,-0.9995676,3.142013,359.1849,359.0701,3,NB
2025-05-30 16:49:06.999,2110,-0.03230125,0.005548246,0.009558756,-0.9994172,3.695777,359.3278,358.8824,3,NB
2025-05-30 16:49:07.031,2111,-0.04608199,0.004163866,0.01037787,-0.9988753,5.277173,359.4663,358.7849,3,NB
2025-05-30 16:49:07.066,2112,-0.05285662,0.003191142,0.01078372,-0.9985389,6.055396,359.5671,358.7396,3,NB
2025-05-30 16:49:07.111,2113,-0.06295684,0.002485372,0.0107494,-0.9979554,7.215567,359.6353,358.7427,3,NB
2025-05-30 16:49:07.144,2114,-0.07274356,0.002567144,0.01104216,-0.9972864,8.339341,359.6104,358.7029,3,NB
2025-05-30 16:49:07.177,2115,-0.08064848,0.002467891,0.01140104,-0.9966744,9.247778,359.6077,358.6575,3,NB
2025-05-30 16:49:07.232,2116,-0.09135306,0.001627466,0.0114422,-0.9957516,10.48002,359.6893,358.6548,3,NB
2025-05-30 16:49:07.254,2117,-0.1028777,0.0003957598,0.01142291,-0.9946285,11.80849,359.8163,358.665,3,NB
2025-05-30 16:49:07.299,2118,-0.1086786,-0.0008021335,0.01152184,-0.9940099,12.47852,359.9466,358.666,3,NB
2025-05-30 16:49:07.332,2119,-0.1225736,-0.001475893,0.01171252,-0.9923893,14.08233,0.003427865,358.648,3,NB
2025-05-30 16:49:07.376,2120,-0.1277554,-0.002022656,0.01241706,-0.991726,14.68157,0.04970249,358.5717,3,NB
2025-05-30 16:49:07.422,2121,-0.1448175,-0.002805419,0.01275198,-0.9893724,16.65621,0.1111053,358.5394,3,NB
2025-05-30 16:49:07.455,2122,-0.148428,-0.003551987,0.0130917,-0.9888303,17.07559,0.1881023,358.5112,3,NB
2025-05-30 16:49:07.477,2123,-0.1614643,-0.004137996,0.01290057,-0.9867857,18.58844,0.2418381,358.5416,3,NB
2025-05-30 16:49:07.522,2124,-0.1719656,-0.004913181,0.01250888,-0.9850114,19.80981,0.3274521,358.602,3,NB
2025-05-30 16:49:07.566,2125,-0.1834193,-0.005005195,0.01230169,-0.9829452,21.14351,0.3272422,358.627,3,NB
2025-05-30 16:49:07.599,2126,-0.1933852,-0.004569673,0.01184674,-0.9810409,22.30555,0.2715076,358.6698,3,NB
2025-05-30 16:49:07.654,2127,-0.2056694,-0.004099092,0.01099429,-0.9785513,23.74121,0.2190732,358.7586,3,NB
2025-05-30 16:49:07.677,2128,-0.2140057,-0.004226193,0.01080962,-0.9767635,24.7183,0.2289213,358.782,3,NB
2025-05-30 16:49:07.729,2129,-0.2265686,-0.004436499,0.01001098,-0.9739338,26.19416,0.2621419,358.8831,3,NB
2025-05-30 16:49:07.754,2130,-0.236496,-0.004336085,0.009696756,-0.9715744,27.3633,0.2476821,358.9167,3,NB
2025-05-30 16:49:07.799,2131,-0.2412175,-0.004000302,0.009496095,-0.9704165,27.92003,0.2063756,358.93,3,NB
2025-05-30 16:49:07.832,2132,-0.2550386,-0.004316301,0.009667861,-0.966873,29.5553,0.224952,358.9136,3,NB
2025-05-30 16:49:07.876,2133,-0.2599789,-0.005251472,0.009641121,-0.965552,30.14218,0.3397662,358.9473,3,NB
2025-05-30 16:49:07.910,2134,-0.2761915,-0.006250696,0.008994219,-0.9610403,32.07134,0.4764239,359.0645,3,NB
2025-05-30 16:49:07.954,2135,-0.277523,-0.006716229,0.009079598,-0.9606528,32.23061,0.5326812,359.0709,3,NB
2025-05-30 16:49:07.987,2136,-0.2888531,-0.006990058,0.008918409,-0.9573066,33.58452,0.5661118,359.1033,3,NB
2025-05-30 16:49:08.031,2137,-0.2956178,-0.007405323,0.008376924,-0.955241,34.3951,0.6384752,359.1927,3,NB
2025-05-30 16:49:08.079,2138,-0.3079582,-0.007345445,0.008004744,-0.9513379,35.87807,0.6396589,359.2429,3,NB
2025-05-30 16:49:08.117,2139,-0.3148074,-0.007076239,0.008109759,-0.9490947,36.70383,0.5950266,359.2183,3,NB
2025-05-30 16:49:08.143,2140,-0.3217918,-0.006975565,0.007929743,-0.9467516,37.5479,0.5857128,359.2393,3,NB
2025-05-30 16:49:08.187,2141,-0.3348339,-0.007417201,0.007546015,-0.9422179,39.1302,0.6591526,359.3166,3,NB
2025-05-30 16:49:08.220,2142,-0.3447732,-0.00748528,0.006914885,-0.9386308,40.34081,0.6978804,359.4122,3,NB
2025-05-30 16:49:08.265,2143,-0.3555993,-0.007568174,0.006200307,-0.9345874,41.66476,0.7467816,359.524,3,NB
2025-05-30 16:49:08.314,2144,-0.3657403,-0.007337357,0.006211387,-0.9306674,42.91059,0.7129733,359.5154,3,NB
2025-05-30 16:49:08.342,2145,-0.3753666,-0.006873042,0.005829635,-0.9268328,44.09771,0.6672972,359.5495,3,NB
2025-05-30 16:49:08.375,2146,-0.3898559,-0.006755509,0.005414646,-0.9208353,45.89448,0.6766796,359.6127,3,NB
2025-05-30 16:49:08.420,2147,-0.3994448,-0.006557489,0.00486311,-0.916721,47.08987,0.6848291,359.6905,3,NB
2025-05-30 16:49:08.471,2148,-0.4127904,-0.006551605,0.004451224,-0.9107918,48.76308,0.7179346,359.7654,3,NB
2025-05-30 16:49:08.498,2149,-0.4178662,-0.0066526,0.004084148,-0.9084752,49.4022,0.7637538,359.8362,3,NB
2025-05-30 16:49:08.530,2150,-0.4362879,-0.00672206,0.003381344,-0.8997758,51.7362,0.8462342,359.9797,3,NB
2025-05-30 16:49:08.575,2151,-0.4405876,-0.00665112,0.003213963,-0.8976793,52.28425,0.8531847,0.008484169,3,NB
2025-05-30 16:49:08.628,2152,-0.4574623,-0.006792699,0.003120258,-0.8891978,54.44829,0.9091141,0.06560437,3,NB
2025-05-30 16:49:08.651,2153,-0.4774956,-0.006993932,0.003091433,-0.878601,57.04512,0.9835379,0.1313298,3,NB
2025-05-30 16:49:08.696,2154,-0.4852912,-0.007237991,0.003074068,-0.8743173,58.06419,1.047795,0.1786832,3,NB
2025-05-30 16:49:08.717,2155,-0.5049426,-0.00743519,0.0028241,-0.8631164,60.65566,1.167241,0.3079168,3,NB
2025-05-30 16:49:08.761,2156,-0.5130119,-0.007429832,0.002069586,-0.858347,61.72873,1.286148,0.4923839,3,NB
2025-05-30 16:49:08.821,2157,-0.5240004,-0.007150433,0.002005612,-0.8516858,63.20128,1.280831,0.5181647,3,NB
2025-05-30 16:49:08.838,2158,-0.5361909,-0.006782722,0.001945708,-0.8440675,64.84872,1.262414,0.5377733,3,NB
2025-05-30 16:49:08.872,2159,-0.5553088,-0.006416779,0.002032121,-0.8316172,67.46336,1.258165,0.5601028,3,NB
2025-05-30 16:49:08.917,2160,-0.5622802,-0.006502996,0.001681997,-0.8269196,68.42588,1.381231,0.7060797,3,NB
2025-05-30 16:49:08.949,2161,-0.5847139,-0.006028735,0.0008413433,-0.8112168,71.56255,1.593944,1.029985,3,NB
2025-05-30 16:49:09.006,2162,-0.5917616,-0.005840186,0.0009040025,-0.8060914,72.56139,1.595765,1.042902,3,NB
2025-05-30 16:49:09.027,2163,-0.6043703,-0.005767947,0.0003697053,-0.7966827,74.36259,1.858877,1.356884,3,NB
2025-05-30 16:49:09.060,2164,-0.6162119,-0.005326763,-0.0001380964,-0.7875625,76.07439,2.038484,1.61493,3,NB
2025-05-30 16:49:09.094,2165,-0.6350647,-0.005051167,-0.0005924291,-0.7724424,78.84151,2.533942,2.170937,3,NB
2025-05-30 16:49:09.152,2166,-0.6401452,-0.00479554,-0.0005419337,-0.7682389,79.59745,2.559094,2.213006,3,NB
2025-05-30 16:49:09.171,2167,-0.6626763,-0.004762482,-0.0007278232,-0.7488907,82.99562,3.807556,3.480023,3,NB
2025-05-30 16:49:09.216,2168,-0.6752029,-0.005089198,-0.001224099,-0.7376136,84.91557,5.932989,5.619496,3,NB
2025-05-30 16:49:09.238,2169,-0.7007419,-0.005022374,-0.001661417,-0.7133954,88.84073,27.97994,27.70761,3,NB
2025-05-30 16:49:09.283,2170,-0.7080726,-0.004907705,-0.001675927,-0.7061206,89.44363,106.6455,106.3836,3,NB
2025-05-30 16:49:09.327,2171,-0.7227185,-0.004598515,-0.00135873,-0.6911262,87.39503,169.4526,169.1901,3,NB
2025-05-30 16:49:09.349,2172,-0.7364525,-0.004245603,-0.001225528,-0.676475,85.11855,174.9104,174.6655,3,NB
2025-05-30 16:49:09.393,2173,-0.7469389,-0.004073111,-0.0007791488,-0.6648799,83.33559,176.7496,176.4823,3,NB
2025-05-30 16:49:09.427,2174,-0.7610639,-0.003566549,0.0003130415,-0.6486671,80.87926,178.4996,178.1843,3,NB
2025-05-30 16:49:09.484,2175,-0.7763138,-0.002958475,0.002377805,-0.6303353,78.15042,179.9894,179.5547,3,NB
2025-05-30 16:49:09.494,2176,-0.7933533,-0.003016687,0.003498271,-0.6087442,74.99855,180.4157,179.8832,3,NB
2025-05-30 16:49:09.557,2177,-0.8005394,-0.002144755,0.004715186,-0.5992579,73.63355,181.0124,180.4509,3,NB
2025-05-30 16:49:09.583,2178,-0.8191664,-0.002128715,0.005356011,-0.5735272,69.99303,181.0607,180.4448,3,NB
2025-05-30 16:49:09.604,2179,-0.8359979,-0.002095211,0.005207551,-0.5487041,66.55647,180.9229,180.3185,3,NB
2025-05-30 16:49:09.649,2180,-0.8330676,-0.001978204,0.005114817,-0.5531441,67.16602,180.9352,180.3488,3,NB
2025-05-30 16:49:09.694,2181,-0.8294736,-0.001875568,0.005014574,-0.5585204,67.90699,180.9482,180.3793,3,NB
2025-05-30 16:49:09.716,2182,-0.8276644,-0.00169704,0.005058272,-0.5611979,68.27705,181.0014,180.444,3,NB
2025-05-30 16:49:09.760,2183,-0.8228027,-0.00132881,0.005328539,-0.5683007,69.26256,181.1746,180.6262,3,NB
2025-05-30 16:49:09.805,2184,-0.8101193,-0.001564818,0.005556967,-0.5862368,71.77962,181.3138,180.7293,3,NB
2025-05-30 16:49:09.827,2185,-0.8015142,-0.001374205,0.005577787,-0.5979483,73.44431,181.4676,180.8984,3,NB
2025-05-30 16:49:09.872,2186,-0.7942216,-0.001522125,0.005891526,-0.6075979,74.82977,181.6442,181.0382,3,NB
2025-05-30 16:49:09.905,2187,-0.7879522,-0.001133036,0.006302839,-0.6157033,76.00185,182.0227,181.4156,3,NB
2025-05-30 16:49:09.949,2188,-0.7804314,-0.0008200234,0.007007474,-0.6252018,77.38654,182.6017,181.9635,3,NB
2025-05-30 16:49:09.983,2189,-0.7749895,-0.0009028837,0.00746025,-0.6319296,78.37598,182.965,182.2838,3,NB
2025-05-30 16:49:10.016,2190,-0.7700717,-0.000350641,0.007806234,-0.6379097,79.25838,183.5607,182.8968,3,NB
2025-05-30 16:49:10.060,2191,-0.7636088,0.0007983038,0.007919584,-0.6456302,80.40314,184.5157,183.9366,3,NB
2025-05-30 16:49:10.083,2192,-0.7588833,0.0008167485,0.008150538,-0.6511752,81.23389,185.0572,184.4612,3,NB
2025-05-30 16:49:10.127,2193,-0.7531213,0.001724731,0.008303232,-0.6578271,82.22984,186.2744,185.7401,3,NB
2025-05-30 16:49:10.179,2194,-0.7459796,0.002286174,0.009199904,-0.6659014,83.44139,188.4432,187.882,3,NB
2025-05-30 16:49:10.194,2195,-0.7394179,0.002658142,0.009342999,-0.6731768,84.54314,190.5403,189.998,3,NB
2025-05-30 16:49:10.239,2196,-0.7280554,0.003246629,0.009093566,-0.6854506,86.40545,196.3903,195.9163,3,NB
2025-05-30 16:49:10.272,2197,-0.7186904,0.003506442,0.008900019,-0.6952646,87.85215,208.1246,207.6875,3,NB
2025-05-30 16:49:10.305,2198,-0.7122227,0.003492723,0.008319804,-0.7018958,88.72913,229.0346,228.6434,3,NB
2025-05-30 16:49:10.360,2199,-0.7007579,0.002582515,0.006464546,-0.7133653,88.7429,324.4942,324.1797,3,NB
2025-05-30 16:49:10.382,2200,-0.6883459,0.0009645073,0.004173161,-0.72537,86.97108,352.2298,351.9697,3,NB
2025-05-30 16:49:10.416,2201,-0.6790135,-0.0006224353,0.001896699,-0.7341232,85.53226,358.7776,358.5733,3,NB
2025-05-30 16:49:10.471,2202,-0.6710201,0.0006872313,0.001607483,-0.7414371,84.28886,358.1709,358.0962,3,NB
2025-05-30 16:49:10.494,2203,-0.6633763,0.001727933,0.003419802,-0.7482763,83.10394,356.5989,356.4616,3,NB
2025-05-30 16:49:10.527,2204,-0.6579306,0.002366444,0.005415526,-0.7530556,82.26056,355.447,355.1994,3,NB
2025-05-30 16:49:10.561,2205,-0.6516533,0.002251156,0.007392932,-0.7584778,81.30064,355.0503,354.6324,3,NB
2025-05-30 16:49:10.605,2206,-0.6411877,0.001462622,0.01051361,-0.767311,79.72066,354.9438,354.2075,3,NB
2025-05-30 16:49:10.627,2207,-0.6334628,0.0007635866,0.01196307,-0.7736805,78.57276,355.2698,354.3578,3,NB
2025-05-30 16:49:10.672,2208,-0.6282653,0.0005770446,0.01334984,-0.7778845,77.8012,355.2025,354.1617,3,NB
2025-05-30 16:49:10.717,2209,-0.6228758,0.00169951,0.01228046,-0.7822226,77.01099,355.4176,354.5547,3,NB
2025-05-30 16:49:10.738,2210,-0.612694,0.001676525,0.01091425,-0.7902432,75.53899,356.321,355.5664,3,NB
2025-05-30 16:49:10.783,2211,-0.6080928,0.0002560063,0.008852337,-0.7938166,74.88924,357.5436,356.841,3,NB
2025-05-30 16:49:10.816,2212,-0.5995839,-0.0005214788,0.008240548,-0.8002694,73.67157,358.1559,357.4387,3,NB
2025-05-30 16:49:10.860,2213,-0.5928844,-0.001486746,0.007797984,-0.8052486,72.71943,358.6782,357.9172,3,NB
2025-05-30 16:49:10.894,2214,-0.5788642,-0.00181933,0.007960085,-0.8153832,70.7382,358.9146,358.1109,3,NB
2025-05-30 16:49:10.927,2215,-0.5734909,-0.001437894,0.007915011,-0.8191725,69.98428,358.8746,358.105,3,NB
2025-05-30 16:49:10.961,2216,-0.5591614,-0.0009369172,0.007745006,-0.8290222,67.9916,358.9132,358.1965,3,NB
2025-05-30 16:49:11.005,2217,-0.5228098,-0.0008127341,0.007895425,-0.8524126,63.03856,359.1318,358.4062,3,NB
2025-05-30 16:49:11.038,2218,-0.4972236,-0.0006186542,0.008333933,-0.8675824,59.62959,359.1824,358.4308,3,NB
2025-05-30 16:49:11.072,2219,-0.4607336,1.319909e-07,0.008682417,-0.8874962,54.86501,359.2034,358.4655,3,NB
2025-05-30 16:49:11.126,2220,-0.4404754,0.0009546826,0.009284846,-0.8977163,52.26277,359.0738,358.3605,3,NB
2025-05-30 16:49:11.164,2221,-0.39402,0.001980526,0.009426661,-0.9190516,46.40332,359.0803,358.4305,3,NB
2025-05-30 16:49:11.186,2222,-0.3626009,0.002891552,0.009705931,-0.9318896,42.51256,359.0339,358.4307,3,NB
2025-05-30 16:49:11.240,2223,-0.329922,0.004168575,0.0100056,-0.9439461,38.51896,358.9402,358.4151,3,NB
2025-05-30 16:49:11.264,2224,-0.2881933,0.004970287,0.01054582,-0.9575015,33.48964,358.9284,358.4156,3,NB
2025-05-30 16:49:11.308,2225,-0.2552292,0.006462596,0.01161854,-0.9667894,29.56136,358.7861,358.3026,3,NB
2025-05-30 16:49:11.342,2226,-0.2237553,0.007519218,0.01236826,-0.974538,25.84448,358.7145,358.2508,3,NB
2025-05-30 16:49:11.387,2227,-0.1926851,0.00796204,0.01268927,-0.9811464,22.20381,358.7304,358.2689,3,NB
2025-05-30 16:49:11.421,2228,-0.1684916,0.007777893,0.01297238,-0.9855871,19.38562,358.8032,358.2874,3,NB
2025-05-30 16:49:11.465,2229,-0.1390802,0.006648547,0.01302154,-0.9901733,15.97714,358.9994,358.3527,3,NB
2025-05-30 16:49:11.514,2230,-0.1249977,0.005830263,0.01291719,-0.9920559,14.35084,359.1248,358.3979,3,NB
2025-05-30 16:49:11.543,2231,-0.09960575,0.005624144,0.01252976,-0.9949324,11.42359,359.1999,358.4769,3,NB
2025-05-30 16:49:11.593,2232,-0.08443552,0.006067825,0.01253826,-0.9963317,9.677332,359.1741,358.4881,3,NB
2025-05-30 16:49:11.621,2233,-0.06344649,0.007789039,0.01249496,-0.9978768,7.263279,359.0105,358.5024,3,NB
2025-05-30 16:49:11.654,2234,-0.05192732,0.008761976,0.01298507,-0.9985281,5.939266,358.9143,358.4536,3,NB
2025-05-30 16:49:11.700,2235,-0.04419507,0.009187988,0.01278283,-0.9988989,5.05189,358.8791,358.4842,3,NB
2025-05-30 16:49:11.747,2236,-0.02300842,0.009735229,0.01211805,-0.9996145,2.622951,358.8516,358.5846,3,NB
2025-05-30 16:49:11.778,2237,-0.01459019,0.009682955,0.01220065,-0.9997723,1.658225,358.8697,358.5853,3,NB
2025-05-30 16:49:11.811,2238,0.01072355,0.01097571,0.01154613,-0.9998157,358.7568,358.7563,358.6902,3,NB
2025-05-30 16:49:11.844,2239,0.02186838,0.01292286,0.01162826,-0.9996098,357.477,358.5473,358.699,3,NB
2025-05-30 16:49:11.889,2240,0.0643847,0.0187144,0.009602964,-0.9977037,352.5978,357.9134,359.0321,3,NB
2025-05-30 16:49:11.922,2241,0.09779039,0.02232446,0.008934769,-0.9949166,348.7561,357.5063,359.2165,3,NB
2025-05-30 16:49:11.968,2242,0.1481602,0.02796012,0.006707576,-0.9885454,342.9443,356.8045,359.7018,3,NB
2025-05-30 16:49:12.000,2243,0.1821769,0.03075047,0.005458164,-0.9827698,338.9973,356.4102,0.02920226,3,NB
2025-05-30 16:49:12.033,2244,0.2089159,0.03227901,0.003980532,-0.9773927,335.8804,356.1404,0.3582121,3,NB
2025-05-30 16:49:12.067,2245,0.2337989,0.03334087,0.002396721,-0.9717103,332.9653,355.9007,0.7032295,3,NB
2025-05-30 16:49:12.111,2246,0.2674639,0.0356976,0.0005153373,-0.9629064,328.9944,355.418,1.210236,3,NB
2025-05-30 16:49:12.156,2247,0.3175524,0.03812337,-0.003027757,-0.9474694,323.0218,354.6732,2.148545,3,NB
2025-05-30 16:49:12.187,2248,0.3703964,0.03948583,-0.007373322,-0.928005,316.6166,353.7796,3.386847,3,NB
2025-05-30 16:49:12.232,2249,0.386797,0.0394383,-0.008905436,-0.9212781,314.6027,353.4945,3.831186,3,NB
2025-05-30 16:49:12.252,2250,0.4238036,0.03975262,-0.01185782,-0.9048038,310.0062,352.6729,4.921525,3,NB
2025-05-30 16:49:12.294,2251,0.4414891,0.03980059,-0.01270688,-0.8962935,307.7775,352.2541,5.425444,3,NB
2025-05-30 16:49:12.327,2252,0.4708321,0.03939287,-0.01504737,-0.8812146,304.0425,351.4118,6.525003,3,NB
2025-05-30 16:49:12.360,2253,0.4936945,0.03886277,-0.0167769,-0.8686048,301.0912,350.6297,7.512725,3,NB
2025-05-30 16:49:12.409,2254,0.5285524,0.03795562,-0.01857992,-0.8478482,296.5103,349.1526,9.234402,3,NB
2025-05-30 16:49:12.442,2255,0.5494903,0.03730424,-0.01943323,-0.8344408,293.7112,347.9991,10.52125,3,NB
2025-05-30 16:49:12.460,2256,0.5781831,0.0361341,-0.02025313,-0.8148552,289.8125,345.9459,12.74775,3,NB
2025-05-30 16:49:12.508,2257,0.6131388,0.03413357,-0.0206365,-0.7889677,284.9649,342.1469,16.7501,3,NB
2025-05-30 16:49:12.527,2258,0.6263069,0.03298529,-0.02030048,-0.7786139,283.1032,340.1999,18.76548,3,NB
2025-05-30 16:49:12.561,2259,0.6463985,0.03147992,-0.02002518,-0.7620875,280.2749,335.5352,23.53284,3,NB
2025-05-30 16:49:12.593,2260,0.6772466,0.02701299,-0.01783301,-0.7350439,275.9303,321.819,37.43613,3,NB
2025-05-30 16:49:12.638,2261,0.692884,0.01654571,-0.004501887,-0.7208455,272.8358,322.5418,36.48195,3,NB
2025-05-30 16:49:12.660,2262,0.7307602,0.03145624,-0.02165915,-0.6815654,275.8689,226.7971,132.408,3,NB
2025-05-30 16:49:12.704,2263,0.7421998,0.02770774,-0.0176286,-0.6693737,276.9552,211.4944,147.6875,3,NB
2025-05-30 16:49:12.747,2264,0.765707,0.02726819,-0.01760506,-0.6423703,280.65,199.5996,159.614,3,NB
2025-05-30 16:49:12.771,2265,0.773267,0.02621323,-0.0164205,-0.6333259,281.875,196.5447,162.6575,3,NB
2025-05-30 16:49:12.793,2266,0.7921996,0.02580448,-0.016835,-0.6094842,285.2479,192.7691,166.4976,3,NB
2025-05-30 16:49:12.838,2267,0.8044019,0.02485004,-0.01670993,-0.5933303,287.4991,190.8054,168.5273,3,NB
2025-05-30 16:49:12.878,2268,0.8309749,0.02366611,-0.01760171,-0.5555276,292.7167,188.2701,171.2287,3,NB
2025-05-30 16:49:12.904,2269,0.8407137,0.02324286,-0.0180789,-0.5406789,294.7324,187.6274,171.9442,3,NB
2025-05-30 16:49:12.944,2270,0.8557731,0.02282819,-0.01917929,-0.5164916,297.9785,186.9057,172.7896,3,NB
2025-05-30 16:49:12.960,2271,0.8634528,0.02249702,-0.02012373,-0.503526,299.6995,186.6538,173.1473,3,NB
2025-05-30 16:49:13.005,2272,0.8778484,0.0221733,-0.02133706,-0.4779491,303.0508,186.1742,173.7551,3,NB
2025-05-30 16:49:13.039,2273,0.8899583,0.02106188,-0.02216819,-0.4550158,306.0059,185.7233,174.371,3,NB
2025-05-30 16:49:13.071,2274,0.9048728,0.0196674,-0.02371195,-0.4245661,309.8769,185.335,175.0136,3,NB
2025-05-30 16:49:13.105,2275,0.9080575,0.01912271,-0.02389136,-0.4177263,310.7359,185.2195,175.1927,3,NB
2025-05-30 16:49:13.140,2276,0.9215154,0.0181776,-0.02540456,-0.3870836,314.5627,184.9785,175.6544,3,NB
2025-05-30 16:49:13.174,2277,0.9327526,0.01718079,-0.02682529,-0.3591072,318.0105,184.8145,176.041,3,NB
2025-05-30 16:49:13.208,2278,0.9377251,0.01679213,-0.02724684,-0.3459015,319.6237,184.7223,176.211,3,NB
2025-05-30 16:49:13.241,2279,0.9447744,0.01600298,-0.02771612,-0.3261553,322.0191,184.5705,176.4855,3,NB
2025-05-30 16:49:13.274,2280,0.9526449,0.01464639,-0.02830313,-0.3024107,324.8758,184.4025,176.8444,3,NB
2025-05-30 16:49:13.328,2281,0.9586241,0.01386402,-0.02829224,-0.2829267,327.2036,184.2358,177.0958,3,NB
2025-05-30 16:49:13.341,2282,0.9678354,0.0120859,-0.02943517,-0.2495645,331.1602,184.1249,177.5081,3,NB
2025-05-30 16:49:13.386,2283,0.9726337,0.01109901,-0.02986444,-0.2301496,333.4461,184.0517,177.736,3,NB
2025-05-30 16:49:13.438,2284,0.9792427,0.009838567,-0.03107498,-0.2000539,336.9714,184.0374,178.0259,3,NB
2025-05-30 16:49:13.464,2285,0.9832478,0.009037049,-0.03189231,-0.1792351,339.3971,184.0405,178.2121,3,NB
2025-05-30 16:49:13.513,2286,0.9874687,0.008331214,-0.0327065,-0.1541644,342.3068,184.0425,178.4038,3,NB
2025-05-30 16:49:13.542,2287,0.9907987,0.007456648,-0.03307819,-0.1310289,344.9802,184.0076,178.6091,3,NB
2025-05-30 16:49:13.564,2288,0.9940041,0.00666766,-0.03402793,-0.1036999,348.1294,184.045,178.8107,3,NB
2025-05-30 16:49:13.609,2289,0.9944908,0.007196658,-0.03416401,-0.09884044,348.691,184.0569,178.7689,3,NB
2025-05-30 16:49:13.666,2290,0.9968041,0.006952532,-0.03501837,-0.07146522,351.8372,184.1019,178.9079,3,NB
2025-05-30 16:49:13.687,2291,0.9978196,0.006580107,-0.03579281,-0.05506421,353.7183,184.1628,179.0158,3,NB
2025-05-30 16:49:13.731,2292,0.9989219,0.006026187,-0.03688215,-0.02754525,356.8708,184.2511,179.1926,3,NB
2025-05-30 16:49:13.764,2293,0.9992369,0.005368938,-0.03780559,-0.008236659,359.0801,184.3387,179.3495,3,NB
2025-05-30 16:49:13.809,2294,0.9990649,0.004798054,-0.03837176,0.01934476,2.236338,184.39,179.5354,3,NB
2025-05-30 16:49:13.831,2295,0.9984925,0.004378457,-0.03806453,0.03930621,4.521158,184.3533,179.6694,3,NB
2025-05-30 16:49:13.876,2296,0.9981569,0.003674819,-0.03785226,0.04729471,5.433665,184.3332,179.7838,3,NB
2025-05-30 16:49:13.920,2297,0.9954467,0.002402192,-0.03734531,0.08766767,10.06215,184.3061,180.1027,3,NB
2025-05-30 16:49:13.964,2298,0.9939889,0.00211672,-0.03780296,0.1027272,11.79317,184.3775,180.2083,3,NB
2025-05-30 16:49:13.987,2299,0.9908721,0.001425653,-0.03757531,0.129456,14.87171,184.3968,180.4092,3,NB
2025-05-30 16:49:14.050,2300,0.9897205,0.001552382,-0.03702721,0.1381301,15.87475,184.3445,180.4263,4,NB
2025-05-30 16:49:14.090,2301,0.9860554,0.001254096,-0.03588028,0.1624993,18.69659,184.2594,180.5558,4,NB
2025-05-30 16:49:14.119,2302,0.9810392,-1.055212e-05,-0.03490584,0.1906403,21.96564,184.2353,180.8235,4,NB
2025-05-30 16:49:14.153,2303,0.9759687,-0.0006010858,-0.03449514,0.2151629,24.83099,184.2711,181.0113,4,NB
2025-05-30 16:49:14.212,2304,0.9733946,-0.001345321,-0.0347167,0.2264864,26.15671,184.3573,181.1711,4,NB
2025-05-30 16:49:14.241,2305,0.9667648,-0.00175135,-0.03427729,0.2533536,29.32392,184.4181,181.3641,4,NB
2025-05-30 16:49:14.264,2306,0.9595242,-0.002879968,-0.03330395,0.2796358,32.44181,184.4529,181.64,4,NB
2025-05-30 16:49:14.319,2307,0.9569088,-0.003805971,-0.03243603,0.2885466,33.50285,184.4207,181.787,4,NB
2025-05-30 16:49:14.369,2308,0.9465473,-0.00485373,-0.03184156,0.3209532,37.39349,184.5767,182.1372,4,NB
2025-05-30 16:49:14.398,2309,0.9434297,-0.005557441,-0.03202143,0.3299764,38.48158,184.696,182.3149,4,NB
2025-05-30 16:49:14.431,2310,0.9329999,-0.006541734,-0.0314978,0.3584361,41.94596,184.8949,182.6807,4,NB
2025-05-30 16:49:14.491,2311,0.9264857,-0.006102553,-0.03248263,0.3748763,43.96656,185.1626,182.84,4,NB
2025-05-30 16:49:14.528,2312,0.9153033,-0.007254091,-0.03392185,0.401269,47.22898,185.7402,183.4194,4,NB
2025-05-30 16:49:14.551,2313,0.9038556,-0.008686438,-0.0339757,0.4263982,50.37315,186.1951,184.0169,4,NB
2025-05-30 16:49:14.596,2314,0.8998743,-0.009691449,-0.03242503,0.4348347,51.4408,186.1507,184.1991,4,NB
2025-05-30 16:49:14.645,2315,0.8857607,-0.01133884,-0.02986,0.4630423,55.04598,186.3533,184.7799,4,NB
2025-05-30 16:49:14.672,2316,0.879249,-0.01115622,-0.02867396,0.475368,56.64643,186.3731,184.8913,4,NB
2025-05-30 16:49:14.705,2317,0.8694112,-0.01182011,-0.02908891,0.4930908,58.94911,186.9303,185.478,4,NB
2025-05-30 16:49:14.738,2318,0.8543205,-0.01305524,-0.0292409,0.5187595,62.32669,187.8594,186.5087,4,NB
2025-05-30 16:49:14.782,2319,0.8429132,-0.01415347,-0.02890881,0.5370862,64.77155,188.6275,187.4023,4,NB
2025-05-30 16:49:14.805,2320,0.8308287,-0.01452067,-0.02855117,0.5556058,67.27911,189.4743,188.3147,4,NB
2025-05-30 16:49:14.849,2321,0.8220837,-0.01460466,-0.02737315,0.5685211,69.0582,189.9263,188.8741,4,NB
2025-05-30 16:49:14.894,2322,0.8070647,-0.01472054,-0.0260653,0.5897039,72.00636,191.0928,190.1621,4,NB
2025-05-30 16:49:14.916,2323,0.7873409,-0.01558876,-0.02556474,0.6157907,75.66787,193.8972,193.0825,4,NB
2025-05-30 16:49:14.961,2324,0.7755482,-0.01609596,-0.0251065,0.6305838,77.76531,196.2336,195.4993,4,NB
2025-05-30 16:49:14.994,2325,0.7529486,-0.01753169,-0.02534786,0.6573575,81.50304,204.4772,203.8422,4,NB
2025-05-30 16:49:15.039,2326,0.7432764,-0.0177197,-0.02540278,0.6682672,82.98497,210.2063,209.5826,4,NB
2025-05-30 16:49:15.071,2327,0.7198035,-0.0179844,-0.02441348,0.6935154,85.95707,238.4604,237.9391,4,NB
2025-05-30 16:49:15.106,2328,0.7052686,-0.01197511,-0.01743191,0.7086247,87.60175,276.7318,276.2896,4,NB
2025-05-30 16:49:15.150,2329,0.6789787,-0.01826238,-0.02274507,0.7335784,84.46497,323.2732,322.9096,4,NB
2025-05-30 16:49:15.182,2330,0.6592166,-0.02263445,-0.02693753,0.7511297,81.5306,331.8353,331.4856,4,NB
2025-05-30 16:49:15.235,2331,0.6409938,-0.02278517,-0.02641738,0.7667531,79.04111,338.7802,338.4846,4,NB
2025-05-30 16:49:15.261,2332,0.614666,-0.02490774,-0.02758681,0.7879115,75.29156,343.2523,343.0334,4,NB
2025-05-30 16:49:15.283,2333,0.5923644,-0.02610119,-0.02736419,0.8047823,72.17956,345.924,345.8204,4,NB
2025-05-30 16:49:15.345,2334,0.5782872,-0.02735613,-0.02704352,0.814926,70.22743,347.0406,347.0664,4,NB
2025-05-30 16:49:15.371,2335,0.5555834,-0.02822723,-0.02682552,0.8305485,67.12621,348.6201,348.736,4,NB
2025-05-30 16:49:15.418,2336,0.5261101,-0.02971957,-0.0266289,0.8494801,63.15823,349.9865,350.244,4,NB
2025-05-30 16:49:15.438,2337,0.5170845,-0.02977256,-0.02661378,0.8550025,61.96152,350.3948,350.6586,4,NB
2025-05-30 16:49:15.472,2338,0.4679167,-0.03157096,-0.02500256,0.8828546,55.55061,351.9574,352.5146,4,NB
2025-05-30 16:49:15.517,2339,0.4558336,-0.03123132,-0.02455688,0.8891782,54.00811,352.3799,352.9485,4,NB
2025-05-30 16:49:15.566,2340,0.4129593,-0.03235649,-0.0227334,0.9098907,48.59249,353.2572,354.0908,4,NB
2025-05-30 16:49:15.587,2341,0.3958624,-0.0327728,-0.02125181,0.9174788,46.46866,353.5843,354.5895,4,NB
2025-05-30 16:49:15.631,2342,0.3643061,-0.0330632,-0.01904196,0.9304975,42.58728,354.1216,355.3625,4,NB
2025-05-30 16:49:15.665,2343,0.3303164,-0.03315882,-0.01679801,0.9431382,38.45895,354.6035,356.0757,4,NB
2025-05-30 16:49:15.708,2344,0.3039831,-0.033015,-0.01525705,0.951983,35.29357,354.9296,356.5497,4,NB
2025-05-30 16:49:15.753,2345,0.2706557,-0.03191367,-0.01364038,0.9620506,31.32543,355.3811,357.0797,4,NB
2025-05-30 16:49:15.802,2346,0.2387789,-0.03063622,-0.01194126,0.9705172,27.56447,355.7842,357.5556,4,NB
2025-05-30 16:49:15.831,2347,0.1988539,-0.02831141,-0.01009678,0.9795682,22.89292,356.298,358.0691,4,NB
2025-05-30 16:49:15.865,2348,0.1647657,-0.02585007,-0.00880025,0.9859548,18.93214,356.735,358.4327,4,NB
2025-05-30 16:49:15.909,2349,0.1365012,-0.02391913,-0.00776614,0.9903208,15.66358,357.0534,358.696,4,NB
2025-05-30 16:49:15.943,2350,0.09141563,-0.02005877,-0.006402318,0.9955903,10.47277,357.6039,359.0435,4,NB
2025-05-30 16:49:15.987,2351,0.05882671,-0.01721356,-0.005572422,0.9981043,6.732757,357.9793,359.2414,4,NB
2025-05-30 16:49:16.037,2352,0.02741008,-0.01473207,-0.005175356,0.9995024,3.132223,358.2936,359.36,4,NB
2025-05-30 16:49:16.065,2353,-0.01452918,-0.01163282,-0.004651025,0.9998161,358.3289,358.6743,359.4863,4,NB
2025-05-30 16:49:16.099,2354,-0.0436025,-0.01264235,0.003396336,0.9989633,355.0073,358.5301,0.4536812,4,NB
2025-05-30 16:49:16.143,2355,-0.06702944,-0.01478634,0.01221284,0.9975668,352.3355,358.1996,1.523445,4,NB
2025-05-30 16:49:16.177,2356,-0.09510203,-0.0178604,0.0230816,0.9950397,349.1385,357.6696,2.879247,4,NB
2025-05-30 16:49:16.221,2357,-0.1198578,-0.02280285,0.03437052,0.991934,346.3368,356.8452,4.347062,4,NB
2025-05-30 16:49:16.255,2358,-0.1389664,-0.02791329,0.04436831,0.9889089,344.1945,355.9749,5.696757,4,NB
2025-05-30 16:49:16.299,2359,-0.1569967,-0.03378563,0.05601796,0.9854303,342.2037,354.9281,7.301671,4,NB
2025-05-30 16:49:16.323,2360,-0.1832287,-0.04115624,0.07278337,0.9795081,339.3317,353.4149,9.701271,4,NB
2025-05-30 16:49:16.383,2361,-0.1874544,-0.04761083,0.0829255,0.9776081,338.9847,352.3554,11.11693,4,NB
2025-05-30 16:49:16.400,2362,-0.2120697,-0.06016927,0.1061656,0.9696057,336.5173,349.845,14.6132,4,NB
2025-05-30 16:49:16.436,2363,-0.2094348,-0.06966395,0.120645,0.9678477,337.1331,348.3932,16.566,4,NB
2025-05-30 16:49:16.488,2364,-0.2053728,-0.0852527,0.1492217,0.9634765,338.2658,345.9462,20.31892,4,NB
2025-05-30 16:49:16.510,2365,-0.2193357,-0.09793055,0.1803131,0.9538286,337.4741,343.269,24.76476,4,NB
2025-05-30 16:49:16.567,2366,-0.2204587,-0.1119944,0.2034157,0.9473528,338.1523,341.0195,27.93297,4,NB
2025-05-30 16:49:16.600,2367,-0.2449617,-0.1313882,0.239051,0.9303686,336.8592,336.8441,33.62353,4,NB
2025-05-30 16:49:16.633,2368,-0.2604483,-0.1436475,0.2619725,0.9180974,336.236,334.0681,37.39839,4,NB
2025-05-30 16:49:16.679,2369,-0.2699982,-0.1547291,0.2783676,0.9086648,336.1382,331.846,40.1305,4,NB
2025-05-30 16:49:16.710,2370,-0.2957879,-0.1726461,0.3154049,0.8849987,335.5035,327.2583,46.52908,4,NB
2025-05-30 16:49:16.738,2371,-0.3030077,-0.1784564,0.3238235,0.8783384,335.373,325.8932,48.13697,4,NB
2025-05-30 16:49:16.788,2372,-0.320258,-0.1938329,0.3516564,0.858022,335.5907,322.2204,53.03762,4,NB
2025-05-30 16:49:16.832,2373,-0.3351029,-0.2086388,0.3790974,0.8369356,336.251,318.767,57.78292,4,NB
2025-05-30 16:49:16.874,2374,-0.3462771,-0.2189968,0.3980151,0.8208026,336.7888,316.2834,61.15781,4,NB
2025-05-30 16:49:16.900,2375,-0.3627916,-0.236084,0.4228427,0.7961474,337.789,312.486,65.82262,4,NB
2025-05-30 16:49:16.944,2376,-0.3777414,-0.2483567,0.4422525,0.7746247,338.559,309.4364,69.6657,4,NB
2025-05-30 16:49:16.966,2377,-0.395276,-0.2534751,0.4604803,0.7533029,338.7717,306.849,73.58422,4,NB
2025-05-30 16:49:17.022,2378,-0.4036337,-0.2547505,0.4697764,0.7426254,338.8909,305.6985,75.55063,4,NB
2025-05-30 16:49:17.043,2379,-0.4192066,-0.252597,0.4885447,0.7223468,338.9725,303.9235,79.43258,4,NB
2025-05-30 16:49:17.088,2380,-0.4275215,-0.2511051,0.5025589,0.7082418,339.3176,302.9128,82.05465,4,NB
2025-05-30 16:49:17.132,2381,-0.4385592,-0.2456911,0.5182651,0.6918838,339.3782,301.9018,85.21117,4,NB
2025-05-30 16:49:17.154,2382,-0.448734,-0.2383526,0.5347922,0.6751471,339.4525,301.0986,88.45354,4,NB
2025-05-30 16:49:17.199,2383,-0.4559077,-0.230065,0.542618,0.6669214,338.9959,300.8298,90.28061,4,NB
2025-05-30 16:49:17.244,2384,-0.4737227,-0.2108542,0.575199,0.6326718,339.0928,299.6589,96.79541,4,NB
2025-05-30 16:49:17.277,2385,-0.4876451,-0.1913088,0.6040205,0.6006352,339.2259,298.8541,102.6826,4,NB
2025-05-30 16:49:17.330,2386,-0.4988062,-0.1745601,0.6262389,0.5731894,339.3176,298.1546,107.5411,4,NB
2025-05-30 16:49:17.355,2387,-0.5095853,-0.157453,0.6468076,0.5451344,339.3964,297.4206,112.3588,4,NB
2025-05-30 16:49:17.389,2388,-0.5241022,-0.1311279,0.6754001,0.5019535,339.5725,296.3707,119.5168,4,NB
2025-05-30 16:49:17.420,2389,-0.5307495,-0.1223155,0.6832392,0.4863419,339.5671,295.7213,122.032,4,NB
2025-05-30 16:49:17.487,2390,-0.5443916,-0.09872463,0.701752,0.4488157,339.5064,294.4553,128.0729,4,NB
2025-05-30 16:49:17.510,2391,-0.563429,-0.06327854,0.7276073,0.3861754,339.9353,292.3436,137.6084,4,NB
2025-05-30 16:49:17.565,2392,-0.5787948,-0.05224252,0.7304919,0.3586771,340.1916,290.1784,141.5921,4,NB
2025-05-30 16:49:17.588,2393,-0.5973409,-0.04127464,0.7325303,0.3238514,340.9478,287.4191,146.3495,4,NB
2025-05-30 16:49:17.633,2394,-0.6169788,-0.02389407,0.734071,0.2826769,341.7158,284.4872,152.0871,4,NB
2025-05-30 16:49:17.665,2395,-0.6311442,-0.008950602,0.7370365,0.2415662,343.0383,282.2626,157.4126,4,NB
2025-05-30 16:49:17.709,2396,-0.6427392,-0.0003875475,0.735189,0.2153687,343.9616,280.417,160.7302,4,NB
2025-05-30 16:49:17.743,2397,-0.6511453,0.005415601,0.7366263,0.1826535,345.7681,279.0196,164.3156,4,NB
2025-05-30 16:49:17.795,2398,-0.6590969,0.009806476,0.735533,0.1564821,347.2499,277.7183,167.1287,4,NB
2025-05-30 16:49:17.820,2399,-0.6670088,0.01047142,0.734237,0.1260389,349.4254,276.4237,169.9753,4,NB
2025-05-30 16:49:17.865,2400,-0.6821278,0.003187101,0.7248876,0.09607093,352.2017,274.0157,172.1724,4,NB
2025-05-30 16:49:17.898,2401,-0.6936571,4.272629e-05,0.7156429,0.08182542,353.4783,272.1735,173.2338,4,NB
2025-05-30 16:49:17.942,2402,-0.7097939,-0.005614082,0.7021371,0.05625589,355.8725,269.559,174.9978,4,NB
2025-05-30 16:49:17.964,2403,-0.7182575,-0.01053626,0.6947693,0.03593097,357.881,268.1644,176.267,4,NB
2025-05-30 16:49:18.010,2404,-0.7272305,-0.016665,0.685667,0.0268155,359.0747,266.6583,176.5017,4,NB
2025-05-30 16:49:18.064,2405,-0.7316774,-0.02460073,0.6812032,0.00231914,1.726151,265.8742,177.7547,4,NB
2025-05-30 16:49:18.087,2406,-0.7324845,-0.02973138,0.6799798,-0.01449758,3.535788,265.7001,178.6314,4,NB
2025-05-30 16:49:18.132,2407,-0.7292355,-0.03237782,0.681751,-0.04881682,6.623532,266.2096,181.1156,4,NB
2025-05-30 16:49:18.165,2408,-0.7235262,-0.03147417,0.6853891,-0.07590265,8.799616,267.1602,183.3938,4,NB
2025-05-30 16:49:18.209,2409,-0.7154945,-0.02770761,0.6911559,-0.09799884,10.28449,268.5208,185.5883,4,NB
2025-05-30 16:49:18.253,2410,-0.7044196,-0.02065365,0.6963688,-0.1357836,12.71269,270.3955,189.4411,4,NB
2025-05-30 16:49:18.298,2411,-0.6940002,-0.007864947,0.6998624,-0.1688038,14.20006,272.1639,193.4422,4,NB
2025-05-30 16:49:18.355,2412,-0.684051,0.006781314,0.6949826,-0.2214223,17.06776,273.8422,199.3692,4,NB
2025-05-30 16:49:18.376,2413,-0.6787383,0.01413617,0.6950254,-0.2367581,17.56236,274.7066,201.4275,4,NB
2025-05-30 16:49:18.435,2414,-0.6667808,0.03780426,0.6823785,-0.2972106,20.16683,276.6036,209.0661,4,NB
2025-05-30 16:49:18.465,2415,-0.6599557,0.05376652,0.6741184,-0.3273104,21.07138,277.5828,213.2961,4,NB
2025-05-30 16:49:18.514,2416,-0.6505265,0.07431954,0.6594167,-0.3694072,22.49503,278.8777,219.1952,4,NB
2025-05-30 16:49:18.555,2417,-0.6401184,0.09723023,0.6379693,-0.4168816,24.18268,280.2029,226.0162,4,NB
2025-05-30 16:49:18.596,2418,-0.6338369,0.1105101,0.6324985,-0.4312586,24.01027,280.858,228.6404,4,NB
2025-05-30 16:49:18.621,2419,-0.6162024,0.1453679,0.5965953,-0.4931906,25.7445,282.7197,238.4532,4,NB
2025-05-30 16:49:18.665,2420,-0.6024141,0.1710337,0.5718085,-0.5299813,26.29157,283.9206,244.9411,4,NB
2025-05-30 16:49:18.709,2421,-0.5856621,0.1967474,0.5437838,-0.5679699,26.82716,285.3738,251.889,4,NB
2025-05-30 16:49:18.743,2422,-0.5716244,0.2151862,0.5191519,-0.5978477,27.39098,286.6149,257.4754,4,NB
2025-05-30 16:49:18.787,2423,-0.5559543,0.2327652,0.4948111,-0.626017,27.75709,288.0008,263.0,4,NB
2025-05-30 16:49:18.832,2424,-0.5385117,0.249678,0.4664578,-0.6558075,28.25467,289.5896,269.0142,4,NB
2025-05-30 16:49:18.865,2425,-0.5265265,0.2602976,0.4467038,-0.6748859,28.56391,290.6706,273.0317,4,NB
2025-05-30 16:49:18.910,2426,-0.5096561,0.272732,0.4169461,-0.7014442,29.18044,292.331,278.7497,4,NB
2025-05-30 16:49:18.944,2427,-0.5000793,0.2797671,0.3992393,-0.7157229,29.50163,293.2314,282.007,4,NB
2025-05-30 16:49:18.987,2428,-0.4828507,0.2863023,0.3695895,-0.7404661,30.22788,295.3383,287.5486,4,NB
2025-05-30 16:49:19.032,2429,-0.4686759,0.2910122,0.3479005,-0.7580371,30.53474,297.0208,291.7104,4,NB
2025-05-30 16:49:19.077,2430,-0.4554533,0.291023,0.3308363,-0.7735731,30.8032,298.948,295.2372,4,NB
2025-05-30 16:49:19.110,2431,-0.4349011,0.286508,0.3084081,-0.7960269,31.04178,302.2778,300.2393,4,NB
2025-05-30 16:49:19.154,2432,-0.4254376,0.281869,0.3073044,-0.8031917,30.67559,303.8523,301.4803,4,NB
2025-05-30 16:49:19.188,2433,-0.4115408,0.2695316,0.297104,-0.8183619,30.89195,306.9611,304.3925,4,NB
2025-05-30 16:49:19.233,2434,-0.397292,0.2457864,0.2869214,-0.836316,31.56601,311.403,307.5833,4,NB
2025-05-30 16:49:19.276,2435,-0.3879573,0.2108445,0.271538,-0.8551613,33.30032,316.8794,311.2891,4,NB
2025-05-30 16:49:19.321,2436,-0.3776019,0.1731257,0.2489312,-0.8749159,35.0679,323.1431,316.2162,4,NB
2025-05-30 16:49:19.366,2437,-0.3653324,0.1431063,0.2290308,-0.8908411,35.82804,328.6089,320.7829,4,NB
2025-05-30 16:49:19.399,2438,-0.348132,0.1193699,0.217281,-0.9040709,35.28179,333.2737,324.3319,4,NB
2025-05-30 16:49:19.443,2439,-0.3167309,0.09011047,0.2093291,-0.9207297,33.06031,339.1325,328.1266,4,NB
2025-05-30 16:49:19.488,2440,-0.2751117,0.05944419,0.2029251,-0.9378708,29.46639,345.1487,331.6566,4,NB
2025-05-30 16:49:19.521,2441,-0.2426951,0.0383633,0.1966842,-0.9491801,26.46376,349.1642,334.0312,4,NB
2025-05-30 16:49:19.577,2442,-0.2082792,0.01875377,0.1849695,-0.9602368,23.14484,352.9368,336.7454,4,NB
2025-05-30 16:49:19.609,2443,-0.1836459,0.008269124,0.1656661,-0.9688966,20.67875,355.287,339.734,4,NB
2025-05-30 16:49:19.665,2444,-0.1788812,0.005367156,0.1560865,-0.9713959,20.2339,355.95,341.0202,4,NB
2025-05-30 16:49:19.698,2445,-0.1559366,-0.003347293,0.1314819,-0.9789716,17.83008,357.926,344.3758,4,NB
2025-05-30 16:49:19.754,2446,-0.1426647,-0.01136003,0.11703,-0.9827625,16.44351,359.3391,346.3226,4,NB
2025-05-30 16:49:19.787,2447,-0.1295272,-0.01831306,0.1054003,-0.9857882,15.02456,0.5221267,347.8631,4,NB
2025-05-30 16:49:19.843,2448,-0.1141186,-0.02882377,0.09579144,-0.9884181,13.36278,2.068476,349.1714,4,NB
2025-05-30 16:49:19.877,2449,-0.08512718,-0.04046862,0.08427541,-0.9919747,10.11992,3.840632,350.6281,4,NB
2025-05-30 16:49:19.921,2450,-0.06113171,-0.05359486,0.07967106,-0.9935004,7.470093,5.599854,351.1961,4,NB
2025-05-30 16:49:19.965,2451,-0.03759709,-0.06658306,0.0747164,-0.9942691,4.859517,7.31025,351.7155,4,NB
2025-05-30 16:49:19.998,2452,-0.02227306,-0.07309578,0.07123315,-0.9945287,3.136566,8.188592,352.0309,4,NB
2025-05-30 16:49:20.054,2453,0.006563731,-0.07417317,0.06237052,-0.9952716,359.7815,8.537965,352.812,4,NB
2025-05-30 16:49:20.088,2454,0.02974504,-0.07146981,0.05363586,-0.9955555,357.0446,8.377172,353.6158,4,NB
2025-05-30 16:49:20.135,2455,0.05375442,-0.06568623,0.045382,-0.9953575,354.2005,7.836075,354.3814,4,NB
2025-05-30 16:49:20.176,2456,0.08310977,-0.05888908,0.04371215,-0.9938381,350.7904,7.235141,354.3796,4,NB
2025-05-30 16:49:20.221,2457,0.1357153,-0.04951779,0.04379845,-0.9885399,344.6935,6.535948,354.047,4,NB
2025-05-30 16:49:20.264,2458,0.1570368,-0.04000807,0.04277595,-0.9858546,342.1691,5.565143,354.1573,4,NB
2025-05-30 16:49:20.299,2459,0.1808157,-0.03539213,0.04439979,-0.9818768,339.3943,5.244467,353.8678,4,NB
2025-05-30 16:49:20.353,2460,0.2112911,-0.0316698,0.04477706,-0.9758834,335.8231,5.077116,353.6578,4,NB
2025-05-30 16:49:20.386,2461,0.2240838,-0.03204279,0.04174656,-0.973148,334.3128,5.161599,353.9096,4,NB
2025-05-30 16:49:20.431,2462,0.2425313,-0.0322245,0.03465,-0.968989,332.1093,5.144867,354.6257,4,NB
2025-05-30 16:49:20.475,2463,0.2534846,-0.03480831,0.02720998,-0.9663301,330.7904,5.329167,355.3846,4,NB
2025-05-30 16:49:20.521,2464,0.270824,-0.03785805,0.01669503,-0.9617394,328.6906,5.498244,356.4691,4,NB
2025-05-30 16:49:20.553,2465,0.2765587,-0.04022582,0.009362459,-0.9601092,327.9743,5.57889,357.2804,4,NB
2025-05-30 16:49:20.608,2466,0.2559316,-0.04444148,0.005779348,-0.9656555,330.4113,5.860319,357.7652,4,NB
2025-05-30 16:49:20.641,2467,0.2821955,-0.04598797,0.01448959,-0.9581447,327.3548,6.567384,356.342,4,NB
2025-05-30 16:49:20.698,2468,0.2890275,-0.05147152,0.02572391,-0.9555901,326.6511,7.791184,354.579,4,NB
2025-05-30 16:49:20.730,2469,0.3126162,-0.05370332,0.03134521,-0.9478421,323.8958,8.642024,353.3904,4,NB
2025-05-30 16:49:20.775,2470,0.3191579,-0.06182621,0.03770421,-0.9449309,323.2373,10.13052,352.0559,4,NB
2025-05-30 16:49:20.809,2471,0.3431894,-0.06655602,0.04270802,-0.9359314,320.4525,11.51256,350.6236,4,NB
2025-05-30 16:49:20.864,2472,0.3544696,-0.07729568,0.05576605,-0.9301972,319.3956,13.97378,347.9465,4,NB
2025-05-30 16:49:20.897,2473,0.3835586,-0.07776564,0.06345759,-0.918046,316.0222,15.43037,345.8293,4,NB
2025-05-30 16:49:20.941,2474,0.3975117,-0.0760723,0.07497521,-0.9113596,314.5086,16.42892,343.6671,4,NB
2025-05-30 16:49:20.973,2475,0.4126967,-0.07431234,0.08315229,-0.9040161,312.7932,17.38566,341.845,4,NB
2025-05-30 16:49:21.018,2476,0.419974,-0.07150228,0.09387323,-0.8998317,312.0648,18.04464,340.0132,4,NB
2025-05-30 16:49:21.050,2477,0.4561827,-0.06723747,0.1060082,-0.8809874,307.8587,20.52603,336.1524,4,NB
2025-05-30 16:49:21.094,2478,0.462846,-0.06807333,0.1177815,-0.8759378,307.3624,22.09716,333.6501,4,NB
2025-05-30 16:49:21.116,2479,0.4863946,-0.06747324,0.1246542,-0.8621653,304.7262,24.65219,330.4919,4,NB
2025-05-30 16:49:21.160,2480,0.4991112,-0.07896839,0.1418742,-0.8511897,304.1808,29.43087,325.2346,4,NB
2025-05-30 16:49:21.193,2481,0.5040756,-0.08971804,0.1541169,-0.8450483,304.4842,32.83628,321.698,4,NB
2025-05-30 16:49:21.227,2482,0.5033855,-0.1013444,0.1672379,-0.8416437,305.5661,35.64543,318.7452,4,NB
2025-05-30 16:49:21.261,2483,0.500033,-0.1196002,0.1879205,-0.8368686,307.6297,39.46967,314.6794,4,NB
2025-05-30 16:49:21.294,2484,0.5058697,-0.1424271,0.2056341,-0.8255454,309.0441,44.71618,309.8478,4,NB
2025-05-30 16:49:21.328,2485,0.5068611,-0.1563825,0.2154743,-0.8198825,310.205,47.35981,307.5398,4,NB
2025-05-30 16:49:21.361,2486,0.5055681,-0.1725416,0.2300235,-0.8134615,312.0002,50.09489,304.9145,4,NB
2025-05-30 16:49:21.407,2487,0.507269,-0.1996586,0.2530128,-0.7992492,314.7784,54.83887,300.4842,4,NB
2025-05-30 16:49:21.430,2488,0.5091456,-0.2154545,0.267523,-0.7891653,316.5026,57.59919,297.8076,4,NB
2025-05-30 16:49:21.476,2489,0.5064669,-0.2239107,0.2792308,-0.7844653,317.9664,58.62446,296.468,4,NB
2025-05-30 16:49:21.513,2490,0.5046502,-0.2533654,0.3084848,-0.7654878,321.9544,62.61217,292.4181,4,NB
2025-05-30 16:49:21.549,2491,0.5014095,-0.2641469,0.3206758,-0.7589349,323.7249,63.66571,291.1981,4,NB
2025-05-30 16:49:21.583,2492,0.4985371,-0.2873195,0.3410953,-0.7433454,326.9641,66.2364,288.8047,4,NB
2025-05-30 16:49:21.627,2493,0.492359,-0.3126197,0.3650193,-0.7256807,330.898,68.53729,286.5361,4,NB
2025-05-30 16:49:21.673,2494,0.4868482,-0.3364953,0.3849332,-0.7082205,334.4985,70.62022,284.7378,4,NB
2025-05-30 16:49:21.720,2495,0.478916,-0.363957,0.4064314,-0.6877415,338.722,72.74852,283.0814,4,NB
2025-05-30 16:49:21.750,2496,0.4715936,-0.3833944,0.4217469,-0.672858,341.866,74.0458,282.1155,4,NB
2025-05-30 16:49:21.784,2497,0.4646425,-0.4019181,0.4353329,-0.6580688,344.8351,75.28667,281.3038,4,NB
2025-05-30 16:49:21.839,2498,0.4523816,-0.4258889,0.4529789,-0.6393588,348.8936,76.5681,280.5891,4,NB
2025-05-30 16:49:21.872,2499,0.435151,-0.4538153,0.4731465,-0.6171124,353.8212,77.84166,280.0534,4,NB
2025-05-30 16:49:21.916,2500,0.4266126,-0.4641601,0.4819561,-0.6085026,355.8838,78.13277,279.8973,4,NB
2025-05-30 16:49:21.950,2501,0.3963447,-0.5005204,0.5095577,-0.5768375,3.028636,79.33659,279.5993,4,NB
2025-05-30 16:49:21.994,2502,0.3882011,-0.5093691,0.5141274,-0.5705404,4.634118,79.61419,279.8171,4,NB
2025-05-30 16:49:22.039,2503,0.3733177,-0.5240131,0.5238533,-0.5582312,7.597717,80.00207,280.0176,4,NB
2025-05-30 16:49:22.071,2504,0.3409123,-0.5501752,0.5475092,-0.5303957,13.93466,80.38138,279.9692,4,NB
2025-05-30 16:49:22.128,2505,0.3296494,-0.5583901,0.5516152,-0.5246454,15.67229,80.49081,280.4179,4,NB
2025-05-30 16:49:22.161,2506,0.2901452,-0.580967,0.5779387,-0.494247,22.62635,80.23293,280.2095,4,NB
2025-05-30 16:49:22.194,2507,0.2715406,-0.5886449,0.5888497,-0.4827206,25.53677,79.81673,280.1522,4,NB
2025-05-30 16:49:22.249,2508,0.2640746,-0.5891727,0.5918558,-0.4825423,26.26709,79.31393,280.2743,4,NB
2025-05-30 16:49:22.284,2509,0.235838,-0.5980245,0.6152213,-0.4563444,31.37169,78.2758,278.8778,4,NB
2025-05-30 16:49:22.327,2510,0.2239974,-0.5996704,0.6235982,-0.4487162,33.15351,77.55352,278.3723,4,NB
2025-05-30 16:49:22.363,2511,0.2007878,-0.6052921,0.6424755,-0.4248896,37.38338,76.41708,276.7809,4,NB
2025-05-30 16:49:22.416,2512,0.1856121,-0.6100951,0.653343,-0.4080139,40.22104,75.8497,275.8166,4,NB
2025-05-30 16:49:22.473,2513,0.1691812,-0.6146398,0.6677729,-0.3842852,43.69759,74.99458,274.0382,4,NB
2025-05-30 16:49:22.505,2514,0.1640892,-0.6172134,0.6723263,-0.3742993,44.9995,74.89674,273.4136,4,NB
2025-05-30 16:49:22.549,2515,0.1535608,-0.620997,0.6826824,-0.3531668,47.68221,74.35444,271.7643,4,NB
2025-05-30 16:49:22.593,2516,0.1498613,-0.6231048,0.6872138,-0.3420809,48.92787,74.22958,270.9207,4,NB
2025-05-30 16:49:22.635,2517,0.1499372,-0.6271448,0.6902896,-0.3281899,50.12163,74.77116,270.1822,4,NB
2025-05-30 16:49:22.677,2518,0.1427695,-0.6346751,0.6991311,-0.2966827,53.39133,75.07325,268.2382,4,NB
2025-05-30 16:49:22.719,2519,0.1396112,-0.6395088,0.702003,-0.2805874,55.03756,75.54162,267.5397,4,NB
2025-05-30 16:49:22.752,2520,0.1379651,-0.6425976,0.7034949,-0.2704241,56.04844,75.89883,267.1387,4,NB
2025-05-30 16:49:22.808,2521,0.1418952,-0.6440989,0.7019648,-0.2687899,55.89275,76.59436,267.3652,4,NB
2025-05-30 16:49:22.840,2522,0.1313981,-0.6512557,0.7074717,-0.2410074,59.10993,76.80371,266.0279,4,NB
2025-05-30 16:49:22.884,2523,0.1247173,-0.6575367,0.7088341,-0.222813,61.23389,77.49707,265.7098,4,NB
2025-05-30 16:49:22.928,2524,0.1201897,-0.6600724,0.710669,-0.2116811,62.53611,77.51292,265.1501,4,NB
2025-05-30 16:49:22.962,2525,0.1126732,-0.6660902,0.7124303,-0.1899263,64.99709,78.08582,264.5009,4,NB
2025-05-30 16:49:23.006,2526,0.1052498,-0.670797,0.7133679,-0.1733796,67.00711,78.49525,264.131,4,NB
2025-05-30 16:49:23.039,2527,0.09813663,-0.675682,0.7134537,-0.1575026,68.94278,79.14806,264.0422,4,NB
2025-05-30 16:49:23.084,2528,0.08916783,-0.6826949,0.7119507,-0.1382145,71.34136,80.65425,264.6825,4,NB
2025-05-30 16:49:23.117,2529,0.08000354,-0.6905108,0.709125,-0.1180521,73.82753,83.07366,266.188,4,NB
2025-05-30 16:49:23.161,2530,0.07408411,-0.6956652,0.7065428,-0.1065785,75.29438,85.22687,267.8819,4,NB
2025-05-30 16:49:23.194,2531,0.06548674,-0.7030181,0.7026311,-0.08824194,77.51894,89.2168,271.0717,4,NB
2025-05-30 16:49:23.228,2532,0.06326323,-0.7065665,0.7000196,-0.08206388,78.1916,91.81363,273.3452,4,NB
2025-05-30 16:49:23.272,2533,0.05570836,-0.7134078,0.6952321,-0.06781197,79.87038,97.87855,278.8631,4,NB
2025-05-30 16:49:23.305,2534,0.04919706,-0.7195979,0.6905174,-0.05426279,81.28355,105.4938,285.9054,4,NB
2025-05-30 16:49:23.357,2535,0.04461532,-0.724588,0.6862338,-0.04544435,82.06211,113.0343,293.1017,4,NB
2025-05-30 16:49:23.383,2536,0.03610663,-0.7338127,0.6777598,-0.02927921,83.01733,130.8824,310.3282,4,NB
2025-05-30 16:49:23.432,2537,0.02927834,-0.7400736,0.6716534,-0.01777474,83.26778,145.9503,325.0165,4,NB
2025-05-30 16:49:23.449,2538,0.02409982,-0.7465191,0.6648468,-0.01036197,82.81255,157.6803,336.5649,4,NB
2025-05-30 16:49:23.494,2539,0.01957508,-0.7525663,0.6582137,-0.003961711,82.11427,166.6272,345.359,4,NB
2025-05-30 16:49:23.527,2540,0.01229806,-0.7573117,0.6528932,0.007643577,81.52301,178.2579,356.6375,4,NB
2025-05-30 16:49:23.561,2541,0.004448616,-0.7630463,0.6460159,0.02010784,80.42155,188.6196,6.622762,4,NB
2025-05-30 16:49:23.605,2542,0.001664118,-0.7831984,0.6212547,0.02530161,76.70918,189.4043,7.204367,4,NB
2025-05-30 16:49:23.627,2543,0.001811253,-0.7966431,0.6039016,0.0256809,74.21327,188.1843,5.935174,4,NB
2025-05-30 16:49:23.685,2544,0.001490992,-0.8097032,0.5862606,0.02602613,71.70838,187.3955,5.137002,4,NB
2025-05-30 16:49:23.704,2545,0.001966557,-0.829852,0.5574257,0.02487229,67.7075,185.9145,3.697822,4,NB
2025-05-30 16:49:23.738,2546,0.002294583,-0.8439998,0.535854,0.02280305,64.77293,184.8497,2.765656,4,NB
2025-05-30 16:49:23.783,2547,0.003762792,-0.8620871,0.5063836,0.01917122,60.83708,183.4405,1.520276,4,NB
2025-05-30 16:49:23.805,2548,0.004768684,-0.8753068,0.4832686,0.01633997,57.79774,182.5808,0.8004816,4,NB
2025-05-30 16:49:23.849,2549,0.006745001,-0.8816934,0.4716788,0.0095205,56.2924,181.0764,359.6993,4,NB
2025-05-30 16:49:23.903,2550,0.008497769,-0.8927615,0.4504288,0.004335917,53.54506,180.0083,358.9135,4,NB
2025-05-30 16:49:23.927,2551,0.01109066,-0.9032573,0.4289528,-0.001718267,50.79335,178.8561,358.05,4,NB
2025-05-30 16:49:23.977,2552,0.01246044,-0.9135245,0.4065627,-0.004973095,47.96072,178.3555,357.7055,4,NB
2025-05-30 16:49:23.998,2553,0.0135749,-0.9193716,0.3931096,-0.006053448,46.27479,178.1923,357.5356,4,NB
2025-05-30 16:49:24.042,2554,0.01402974,-0.927511,0.3735071,-0.004384268,43.84745,178.5211,357.6715,4,NB
2025-05-30 16:49:24.087,2555,0.0120898,-0.9351916,0.353935,-0.0007561632,41.45073,179.2377,358.2302,4,NB
2025-05-30 16:49:24.109,2556,0.01050012,-0.9427254,0.3334004,0.001734493,38.95031,179.7251,358.6265,4,NB
2025-05-30 16:49:24.164,2557,0.008871162,-0.9469618,0.3211447,0.007152079,37.47031,180.5665,359.1187,4,NB
2025-05-30 16:49:24.187,2558,0.00912536,-0.9550923,0.2960526,0.008277527,34.44856,180.7232,359.1294,4,NB
2025-05-30 16:49:24.232,2559,0.00916565,-0.9580781,0.2862093,0.00931518,33.2705,180.8637,359.1618,4,NB
2025-05-30 16:49:24.287,2560,0.009393529,-0.9643592,0.2643126,0.007876464,30.65934,180.6811,359.0706,4,NB
2025-05-30 16:49:24.309,2561,0.009684633,-0.9707798,0.2396939,0.006310245,27.74272,180.4926,358.9785,4,NB
2025-05-30 16:49:24.365,2562,0.009828933,-0.9733567,0.229039,0.004632093,26.48505,180.289,358.9109,4,NB
2025-05-30 16:49:24.404,2563,0.009302636,-0.9777322,0.2096179,0.003722805,24.20292,180.2123,358.9553,4,NB
2025-05-30 16:49:24.432,2564,0.008301415,-0.9825315,0.1858939,0.002541562,21.42822,180.1174,359.054,4,NB
2025-05-30 16:49:24.480,2565,0.008235675,-0.9856623,0.1685208,0.001696092,19.40461,180.0345,359.0485,4,NB
2025-05-30 16:49:24.509,2566,0.008382501,-0.9896862,0.1430026,0.001139726,16.44378,179.9915,359.0282,4,NB
2025-05-30 16:49:24.543,2567,0.008659168,-0.9933955,0.1143981,0.001914296,13.13923,180.1072,359.0135,4,NB
2025-05-30 16:49:24.595,2568,0.008749254,-0.995837,0.09066825,0.003398401,10.4071,180.3019,359.0207,4,NB
2025-05-30 16:49:24.635,2569,0.009086404,-0.9981087,0.06064269,0.004368906,6.957633,180.4398,358.9836,4,NB
2025-05-30 16:49:24.665,2570,0.009885071,-0.9992893,0.03590482,0.00585015,4.121645,180.6309,358.8892,4,NB
2025-05-30 16:49:24.687,2571,0.01013066,-0.9999277,0.0008417666,0.006440262,0.1039288,180.737,358.8397,4,NB
2025-05-30 16:49:24.748,2572,0.01032444,-0.9997169,-0.020275,0.006979296,357.6849,180.8242,358.8,4,NB
2025-05-30 16:49:24.776,2573,0.01012213,-0.9994196,-0.03183852,0.006661657,356.359,180.8015,358.814,4,NB
2025-05-30 16:49:24.798,2574,0.01023252,-0.9984473,-0.05441789,0.006088465,353.7687,180.765,358.784,4,NB
2025-05-30 16:49:24.842,2575,0.01036162,-0.9982032,-0.05884248,0.004565888,353.2592,180.5963,358.7754,4,NB
2025-05-30 16:49:24.887,2576,0.01000638,-0.9973762,-0.07160646,0.003653931,351.7922,180.5049,358.8141,4,NB
2025-05-30 16:49:24.921,2577,0.009904809,-0.9961593,-0.0869531,0.002868659,350.0272,180.4327,358.8229,4,NB
2025-05-30 16:49:24.954,2578,0.0103465,-0.9952164,-0.0971121,0.002594919,348.858,180.419,358.7679,4,NB
2025-05-30 16:49:25.008,2579,0.009255573,-0.9941365,-0.1077096,0.002387176,347.6366,180.3954,358.8904,4,NB
2025-05-30 16:49:25.031,2580,0.009408603,-0.9917268,-0.128001,0.002330736,345.2951,180.4165,358.8592,4,NB
2025-05-30 16:49:25.081,2581,0.009904658,-0.9912298,-0.1317446,0.002964346,344.8635,180.5037,358.7881,4,NB
2025-05-30 16:49:25.098,2582,0.00998092,-0.9884489,-0.1511972,0.00297827,342.6119,180.5347,358.7612,4,NB
2025-05-30 16:49:25.142,2583,0.009531253,-0.9868394,-0.1613955,0.002949677,341.4286,180.5378,358.8053,4,NB
2025-05-30 16:49:25.176,2584,0.009898744,-0.9845694,-0.1746888,0.003013552,339.8837,180.5731,358.7463,4,NB
2025-05-30 16:49:25.220,2585,0.009999767,-0.9827279,-0.1847587,0.003202617,338.7111,180.6143,358.7186,4,NB
2025-05-30 16:49:25.242,2586,0.01017619,-0.9799621,-0.1989004,0.003098514,337.06,180.6297,358.6823,4,NB
2025-05-30 16:49:25.287,2587,0.01021867,-0.9784099,-0.2064037,0.002687897,336.1815,180.5936,358.678,4,NB
2025-05-30 16:49:25.339,2588,0.009748335,-0.9759853,-0.2176024,0.002686693,334.8683,180.6004,358.7216,4,NB
2025-05-30 16:49:25.364,2589,0.009105016,-0.9727614,-0.2316115,0.002951737,333.2209,180.6393,358.7753,4,NB
2025-05-30 16:49:25.398,2590,0.009417458,-0.9688716,-0.2473693,0.00282828,331.3613,180.6619,358.7172,4,NB
2025-05-30 16:49:25.442,2591,0.009614359,-0.9674992,-0.2526844,0.001895837,330.7312,180.5601,358.7151,4,NB
2025-05-30 16:49:25.464,2592,0.009890779,-0.965596,-0.2598557,0.001334786,329.8805,180.5112,358.6887,4,NB
2025-05-30 16:49:25.522,2593,0.0103767,-0.9665287,-0.2563438,0.001640125,330.2977,180.5601,358.6213,4,NB
2025-05-30 16:49:25.558,2594,0.009683848,-0.9652336,-0.2612033,0.001842077,329.7212,180.5716,358.6957,4,NB
2025-05-30 16:49:25.586,2595,0.01031532,-0.9653367,-0.2608031,-0.0006612432,329.7656,180.2722,358.702,4,NB
2025-05-30 16:49:25.609,2596,0.01156735,-0.9602081,-0.2790301,-0.003046712,327.5934,180.041,358.6077,4,NB
2025-05-30 16:49:25.666,2597,0.01264631,-0.9597498,-0.2804395,-0.008619853,327.417,179.3572,358.678,4,NB
2025-05-30 16:49:25.697,2598,0.01281784,-0.9577054,-0.2871012,-0.0144629,326.6133,178.604,358.8851,4,NB
2025-05-30 16:49:25.720,2599,0.01264156,-0.9538208,-0.2996669,-0.01631252,325.1053,178.3552,358.9983,4,NB
2025-05-30 16:49:25.764,2600,0.0125885,-0.954185,-0.2984388,-0.01752464,325.2517,178.1916,359.0542,4,NB
2025-05-30 16:49:25.797,2601,0.01301383,-0.9556437,-0.2937039,-0.01771877,325.8187,178.1836,358.9981,4,NB
2025-05-30 16:49:25.830,2602,0.0133477,-0.9606805,-0.2767767,-0.01760285,327.8419,178.2108,358.9237,4,NB
2025-05-30 16:49:25.875,2603,0.0138058,-0.9670227,-0.2539067,-0.01442316,330.5631,178.6259,358.7251,4,NB
2025-05-30 16:49:25.918,2604,0.01314908,-0.9701826,-0.241747,-0.01146341,332.006,178.9691,358.704,4,NB
2025-05-30 16:49:25.942,2605,0.01058858,-0.9773782,-0.2111601,-0.005605619,335.6138,179.592,358.8468,4,NB
2025-05-30 16:49:25.976,2606,0.008862898,-0.983034,-0.1832081,-0.0009277693,338.8865,180.0874,358.9506,4,NB
2025-05-30 16:49:26.019,2607,0.008082533,-0.9858598,-0.1673244,0.004230716,340.7404,180.6705,358.9468,4,NB
2025-05-30 16:49:26.041,2608,0.008063433,-0.9884654,-0.1511031,0.006260247,342.6253,180.8893,358.9294,4,NB
2025-05-30 16:49:26.086,2609,0.01071243,-0.9900734,-0.1399802,0.006753961,343.9166,180.9763,358.6223,4,NB
2025-05-30 16:49:26.139,2610,0.01171588,-0.9915035,-0.1294564,0.004994872,345.1318,180.767,358.5459,4,NB
2025-05-30 16:49:26.153,2611,0.01265684,-0.9927174,-0.1197045,0.004793682,346.2584,180.7401,358.4499,4,NB
2025-05-30 16:49:26.214,2612,0.01263946,-0.992887,-0.1183013,0.004549516,346.4199,180.7088,358.4569,4,NB
2025-05-30 16:49:26.251,2613,0.01257969,-0.9934346,-0.1136164,0.004575665,346.9603,180.7028,358.4687,4,NB
2025-05-30 16:49:26.264,2614,0.01309023,-0.9939938,-0.108551,0.00468673,347.5449,180.7135,358.4131,4,NB
2025-05-30 16:49:26.323,2615,0.01378925,-0.9942006,-0.1065406,0.004927502,347.7774,180.7467,358.3308,4,NB
2025-05-30 16:49:26.362,2616,0.01359744,-0.99496,-0.09917769,0.005808293,348.6269,180.8332,358.3511,4,NB
2025-05-30 16:49:26.399,2617,0.01349127,-0.9956954,-0.09147909,0.006379483,349.5138,180.8841,358.3663,4,NB
2025-05-30 16:49:26.419,2618,0.01367644,-0.9964846,-0.08233517,0.007266017,350.5671,180.9719,358.3472,4,NB
2025-05-30 16:49:26.464,2619,0.01409301,-0.9971438,-0.0738095,0.00761597,351.5479,181.0003,358.3066,4,NB
2025-05-30 16:49:26.486,2620,0.01425633,-0.9978138,-0.06409463,0.007525019,352.6636,180.9731,358.3005,4,NB
2025-05-30 16:49:26.531,2621,0.01447984,-0.9980112,-0.06089544,0.007465956,353.031,180.962,358.279,4,NB
2025-05-30 16:49:26.584,2622,0.01518709,-0.9985277,-0.05154562,0.00742304,354.1045,180.9441,358.2086,4,NB
2025-05-30 16:49:26.609,2623,0.01557764,-0.9990055,-0.04100019,0.008035908,355.3155,180.9965,358.1725,4,NB
2025-05-30 16:49:26.658,2624,0.01618169,-0.9990979,-0.03814335,0.009307421,355.6461,181.1397,358.1009,4,NB
2025-05-30 16:49:26.687,2625,0.01646882,-0.9994509,-0.02651913,0.01111618,356.9824,181.3251,358.077,4,NB
2025-05-30 16:49:26.735,2626,0.01603883,-0.9996563,-0.01606277,0.01312271,358.1838,181.5337,358.1373,4,NB
2025-05-30 16:49:26.773,2627,0.0149287,-0.9997607,-0.00426829,0.01541794,359.5374,181.774,358.2819,4,NB
2025-05-30 16:49:26.798,2628,0.01445815,-0.9997613,0.003856226,0.01593331,0.4681886,181.8194,358.3504,4,NB
2025-05-30 16:49:26.831,2629,0.01449194,-0.9995637,0.0203364,0.01578148,2.356235,181.7757,358.3752,4,NB
2025-05-30 16:49:26.875,2630,0.01398295,-0.9994959,0.02488174,0.01391173,2.873294,181.5556,358.436,4,NB
2025-05-30 16:49:26.908,2631,0.01348847,-0.9988717,0.04370011,0.01279888,5.028249,181.403,358.5143,4,NB
2025-05-30 16:49:26.953,2632,0.01263896,-0.9984562,0.05281703,0.01165994,6.071285,181.2648,358.6166,4,NB
2025-05-30 16:49:26.986,2633,0.01199129,-0.9976439,0.06650639,0.01183512,7.642013,181.273,358.7077,4,NB
2025-05-30 16:49:27.031,2634,0.01112452,-0.9960088,0.08768986,0.01238973,10.07606,181.3228,358.8368,4,NB
2025-05-30 16:49:27.064,2635,0.01033903,-0.9946022,0.1024727,0.0126128,11.77682,181.3445,358.9475,4,NB
2025-05-30 16:49:27.097,2636,0.01083215,-0.9919811,0.125272,0.01277141,14.4072,181.3385,358.9179,4,NB
2025-05-30 16:49:27.143,2637,0.01014565,-0.9896266,0.1427232,0.01290104,16.42423,181.3524,359.0204,4,NB
2025-05-30 16:49:27.176,2638,0.01008147,-0.9862308,0.1645129,0.01352931,18.95153,181.4158,359.065,4,NB
2025-05-30 16:49:27.219,2639,0.01057075,-0.981541,0.1904224,0.01431963,21.96978,181.4882,359.0548,4,NB
2025-05-30 16:49:27.264,2640,0.01081469,-0.9776374,0.209426,0.01578608,24.19395,181.6545,359.0871,4,NB
2025-05-30 16:49:27.298,2641,0.01739601,-0.974718,0.2224855,0.01107315,25.72845,180.8806,358.1562,4,NB
2025-05-30 16:49:27.358,2642,0.02314966,-0.972947,0.2297379,0.007670692,26.57704,180.2748,357.3389,4,NB
2025-05-30 16:49:27.386,2643,0.02844265,-0.9706504,0.2387786,0.003732806,27.62956,179.5902,356.5424,4,NB
2025-05-30 16:49:27.420,2644,0.03364042,-0.9680027,0.2486752,-0.000246685,28.77818,178.875,355.7307,4,NB
2025-05-30 16:49:27.475,2645,0.04199142,-0.9626743,0.2673101,-0.006372409,30.93931,177.6801,354.3626,4,NB
2025-05-30 16:49:27.497,2646,0.04974963,-0.9570914,0.2852824,-0.01073751,33.02563,176.6537,353.0566,4,NB
2025-05-30 16:49:27.542,2647,0.05813703,-0.9502674,0.3056279,-0.01427663,35.39404,175.5909,351.5905,4,NB
2025-05-30 16:49:27.575,2648,0.0644874,-0.9447462,0.3210004,-0.01596856,37.19059,174.8453,350.4549,4,NB
2025-05-30 16:49:27.635,2649,0.0744117,-0.935444,0.3451365,-0.01698324,40.02966,173.7668,348.6313,4,NB
2025-05-30 16:49:27.673,2650,0.08553014,-0.9246626,0.3707492,-0.0151309,43.08224,172.8109,346.5895,4,NB
2025-05-30 16:49:27.696,2651,0.09583181,-0.9141085,0.3938358,-0.01074847,45.88606,172.1448,344.701,4,NB
2025-05-30 16:49:27.740,2652,0.102415,-0.9067227,0.4090536,-0.006377246,47.77316,171.8435,343.4943,4,NB
2025-05-30 16:49:27.790,2653,0.1125125,-0.8967937,0.4279001,-0.001959834,50.08838,171.0512,341.51,4,NB
2025-05-30 16:49:27.817,2654,0.1176192,-0.8931478,0.4341106,-0.00102618,50.82391,170.5284,340.4879,4,NB
2025-05-30 16:49:27.850,2655,0.1308604,-0.8826038,0.4515043,0.005501576,52.98124,169.6222,337.9501,4,NB
2025-05-30 16:49:27.894,2656,0.1371788,-0.8781155,0.4582628,0.009526986,53.84547,169.3534,336.8239,4,NB
2025-05-30 16:49:27.917,2657,0.1451119,-0.8722823,0.4667196,0.01546938,54.95605,169.1116,335.4344,4,NB
2025-05-30 16:49:27.979,2658,0.1542793,-0.8655654,0.4758379,0.02393551,56.21426,169.0754,333.9397,4,NB
2025-05-30 16:49:28.015,2659,0.1594384,-0.8621294,0.4800392,0.02957686,56.83967,169.2447,333.2124,4,NB
2025-05-30 16:49:28.053,2660,0.1663496,-0.8578294,0.4849607,0.03563422,57.5524,169.2354,332.1267,4,NB
2025-05-30 16:49:28.072,2661,0.1700286,-0.8561221,0.4864362,0.03905661,57.79845,169.3438,331.6399,4,NB
2025-05-30 16:49:28.105,2662,0.1764752,-0.8537481,0.4879726,0.04305656,58.03893,169.2527,330.6679,4,NB
2025-05-30 16:49:28.162,2663,0.1831491,-0.852168,0.4878801,0.04732361,58.08636,169.3107,329.7932,4,NB
2025-05-30 16:49:28.182,2664,0.1874568,-0.8512812,0.4874918,0.05032297,58.087,169.4169,329.2743,4,NB
2025-05-30 16:49:28.216,2665,0.1935471,-0.8500947,0.4866757,0.0550039,58.07405,169.665,328.5991,4,NB
2025-05-30 16:49:28.273,2666,0.1985763,-0.85077,0.4831766,0.05743146,57.66694,169.8587,328.1307,4,NB
2025-05-30 16:49:28.294,2667,0.204318,-0.8508489,0.4802013,0.0609681,57.35949,170.1274,327.5841,4,NB
2025-05-30 16:49:28.328,2668,0.2063183,-0.8521093,0.4769628,0.06204185,56.97676,170.3793,327.5485,4,NB
2025-05-30 16:49:28.372,2669,0.2103594,-0.8536906,0.4719285,0.06515478,56.42613,170.9166,327.4344,4,NB
2025-05-30 16:49:28.405,2670,0.2140613,-0.8560547,0.4656605,0.06714727,55.6909,171.3887,327.3664,4,NB
2025-05-30 16:49:28.450,2671,0.2183686,-0.8588659,0.4581385,0.06909266,54.79893,171.8818,327.2562,4,NB
2025-05-30 16:49:28.472,2672,0.2233675,-0.8608847,0.4515665,0.07122139,54.02859,172.2604,326.9588,4,NB
2025-05-30 16:49:28.531,2673,0.2272249,-0.8648778,0.4422889,0.06881812,52.78069,172.2125,326.6907,4,NB
2025-05-30 16:49:28.550,2674,0.2328634,-0.8665956,0.4361009,0.06784488,51.94722,172.0252,326.0288,4,NB
2025-05-30 16:49:28.595,2675,0.2358763,-0.8675818,0.4339176,0.05813584,51.29205,170.443,324.9838,4,NB
2025-05-30 16:49:28.628,2676,0.2405118,-0.8690785,0.4294044,0.04968566,50.37832,169.1363,323.9403,4,NB
2025-05-30 16:49:28.680,2677,0.2459118,-0.8719049,0.4210944,0.04459805,49.13407,168.5993,323.2735,4,NB
2025-05-30 16:49:28.694,2678,0.2488957,-0.8737034,0.4155247,0.04508598,48.46354,168.8647,323.1738,4,NB
2025-05-30 16:49:28.739,2679,0.2474296,-0.8778756,0.4075679,0.04474048,47.53822,169.4906,323.8801,4,NB
2025-05-30 16:49:28.784,2680,0.2415342,-0.8864098,0.3905852,0.0581572,46.09834,172.9109,326.496,4,NB
2025-05-30 16:49:28.806,2681,0.23798,-0.8915916,0.3792338,0.06790955,45.11833,175.1708,328.1034,4,NB
2025-05-30 16:49:28.863,2682,0.236366,-0.8968544,0.3668814,0.07198279,43.79712,176.4796,329.0554,4,NB
2025-05-30 16:49:28.910,2683,0.2320977,-0.90288,0.3511243,0.08746611,42.42678,179.6082,331.0149,4,NB
2025-05-30 16:49:28.929,2684,0.2303264,-0.9081893,0.3364822,0.09445597,40.89618,181.2558,332.0067,4,NB
2025-05-30 16:49:28.975,2685,0.2294714,-0.9118385,0.324117,0.1041237,39.70772,183.0652,332.8558,4,NB
2025-05-30 16:49:29.008,2686,0.2264963,-0.9151275,0.3116741,0.118746,38.626,185.5937,334.1587,4,NB
2025-05-30 16:49:29.052,2687,0.2216332,-0.9192818,0.2935342,0.1401348,36.99878,189.1887,335.9703,4,NB
2025-05-30 16:49:29.086,2688,0.2178649,-0.9220018,0.2793681,0.1562093,35.67739,191.8149,337.2245,4,NB
2025-05-30 16:49:29.147,2689,0.2129129,-0.9245625,0.2600895,0.1794601,33.87318,195.4435,338.7923,4,NB
2025-05-30 16:49:29.176,2690,0.2106653,-0.9260218,0.2441545,0.1961948,32.33358,197.9564,339.6122,4,NB
2025-05-30 16:49:29.208,2691,0.207525,-0.9266161,0.2224823,0.2209472,30.26602,201.5414,340.6427,4,NB
2025-05-30 16:49:29.262,2692,0.209419,-0.9262494,0.2164601,0.2266075,29.72937,202.2727,340.5017,4,NB
2025-05-30 16:49:29.286,2693,0.2106778,-0.9244855,0.2063657,0.2415675,28.90442,204.2603,340.6658,4,NB
2025-05-30 16:49:29.331,2694,0.2138172,-0.9219477,0.1990914,0.2542785,28.41417,205.867,340.5405,4,NB
2025-05-30 16:49:29.380,2695,0.2147987,-0.9195375,0.1925731,0.2668858,27.95706,207.517,340.6795,4,NB
2025-05-30 16:49:29.409,2696,0.214376,-0.9159148,0.1784956,0.2885872,26.78897,210.429,341.0644,4,NB
2025-05-30 16:49:29.442,2697,0.2135776,-0.913331,0.170007,0.3021741,26.07967,212.255,341.339,4,NB
2025-05-30 16:49:29.486,2698,0.2152729,-0.907093,0.1540184,0.3272897,24.85549,215.5418,341.3791,4,NB
2025-05-30 16:49:29.519,2699,0.2164483,-0.9024256,0.1426822,0.3441219,23.9845,217.7473,341.3313,4,NB
2025-05-30 16:49:29.565,2700,0.2183509,-0.895955,0.1242128,0.3662771,22.4906,220.6665,341.035,4,NB
2025-05-30 16:49:29.597,2701,0.2207399,-0.8900538,0.1081549,0.3839024,21.22383,222.9915,340.5826,4,NB
2025-05-30 16:49:29.642,2702,0.2244297,-0.8815714,0.08827128,0.4057975,19.74172,225.8947,339.8611,4,NB
2025-05-30 16:49:29.689,2703,0.229159,-0.8713624,0.06998923,0.4281537,18.55425,228.8707,339.0202,4,NB
2025-05-30 16:49:29.730,2704,0.234007,-0.8603247,0.05413586,0.4496129,17.67238,231.7532,338.1921,4,NB
2025-05-30 16:49:29.753,2705,0.2401696,-0.8474689,0.0338258,0.4721983,16.50792,234.866,336.9674,4,NB
2025-05-30 16:49:29.807,2706,0.2434433,-0.8404713,0.02663798,0.483357,16.26718,236.3946,336.4559,4,NB
2025-05-30 16:49:29.831,2707,0.2494457,-0.8259578,0.002924987,0.5055316,14.89433,239.6119,334.955,4,NB
2025-05-30 16:49:29.864,2708,0.2529854,-0.816108,-0.01348797,0.5194078,13.93316,241.7048,333.9037,4,NB
2025-05-30 16:49:29.920,2709,0.2561952,-0.8058019,-0.03040399,0.5330321,12.95121,243.8242,332.8114,4,NB
2025-05-30 16:49:29.942,2710,0.2614235,-0.7942333,-0.04806826,0.546389,12.08268,245.9634,331.4198,4,NB
2025-05-30 16:49:29.987,2711,0.2675364,-0.7761379,-0.07376291,0.5662097,10.8631,249.2507,329.4745,4,NB
2025-05-30 16:49:30.032,2712,0.2718608,-0.7589361,-0.09644657,0.5837859,9.84733,252.2859,327.784,4,NB
2025-05-30 16:49:30.065,2713,0.2735735,-0.7459278,-0.1135568,0.5965354,9.031773,254.5857,326.6029,4,NB
2025-05-30 16:49:30.109,2714,0.2758612,-0.7300643,-0.1338114,0.6107384,8.139065,257.2671,325.11,4,NB
2025-05-30 16:49:30.144,2715,0.2782989,-0.707225,-0.1629899,0.6291399,6.871146,261.0045,322.9108,4,NB
2025-05-30 16:49:30.188,2716,0.2818802,-0.6881056,-0.1823863,0.6432649,6.410162,263.8831,321.2085,4,NB
2025-05-30 16:49:30.232,2717,0.2844781,-0.6639783,-0.2054434,0.6603016,5.904051,267.4884,319.2662,4,NB
2025-05-30 16:49:30.265,2718,0.2859804,-0.6456554,-0.2227988,0.6720903,5.549562,270.1548,317.7845,4,NB
2025-05-30 16:49:30.317,2719,0.2863209,-0.6218272,-0.2467901,0.6858909,4.9248,273.6083,315.7972,4,NB
2025-05-30 16:49:30.343,2720,0.2859298,-0.6014816,-0.2696988,0.6955047,4.203167,276.5017,313.8583,4,NB
2025-05-30 16:49:30.387,2721,0.2826207,-0.5902066,-0.2792525,0.702709,3.874248,278.2731,313.3029,4,NB
2025-05-30 16:49:30.434,2722,0.2728656,-0.5751265,-0.2792695,0.7188759,4.076155,280.9544,314.1763,4,NB
2025-05-30 16:49:30.465,2723,0.2667938,-0.5623767,-0.2775201,0.7318035,4.493129,283.05,314.8923,4,NB
2025-05-30 16:49:30.500,2724,0.2585815,-0.5482858,-0.2718994,0.7473884,5.069519,285.431,316.1565,4,NB
2025-05-30 16:49:30.531,2725,0.2524858,-0.5389015,-0.2666309,0.7581189,5.477386,287.0383,317.1948,4,NB
2025-05-30 16:49:30.577,2726,0.2453825,-0.5294156,-0.2633818,0.7682037,5.631525,288.6968,318.11,4,NB
2025-05-30 16:49:30.609,2727,0.229651,-0.5071344,-0.2599966,0.7889722,5.662591,292.4585,319.7336,4,NB
2025-05-30 16:49:30.654,2728,0.2267966,-0.5028803,-0.2570873,0.7934613,5.816361,293.1646,320.255,4,NB
2025-05-30 16:49:30.703,2729,0.2163654,-0.4881419,-0.2531827,0.8067233,5.849502,295.5982,321.4663,4,NB
2025-05-30 16:49:30.741,2730,0.2042808,-0.4730104,-0.2525055,0.8190065,5.493866,298.1139,322.435,4,NB
2025-05-30 16:49:30.780,2731,0.1921279,-0.4557846,-0.2523936,0.831652,5.13443,300.8473,323.3203,4,NB
2025-05-30 16:49:30.809,2732,0.1774436,-0.4350926,-0.2544104,0.8452715,4.507635,304.0661,324.1041,4,NB
2025-05-30 16:49:30.842,2733,0.1652549,-0.4156954,-0.2559242,0.8569663,4.040565,306.961,324.7277,4,NB
2025-05-30 16:49:30.886,2734,0.1546742,-0.396355,-0.2577218,0.8675013,3.672963,309.7374,325.1847,4,NB
2025-05-30 16:49:30.919,2735,0.1427269,-0.3742686,-0.2604862,0.8784641,3.197472,312.8564,325.5719,4,NB
2025-05-30 16:49:30.964,2736,0.1314523,-0.3504322,-0.2622871,0.8894511,2.866738,316.1154,325.9848,4,NB
2025-05-30 16:49:31.010,2737,0.1215075,-0.3303981,-0.2649489,0.8977056,2.468986,318.8374,326.1859,4,NB
2025-05-30 16:49:31.030,2738,0.1113098,-0.307988,-0.2688375,0.9058036,2.066089,321.8149,326.2236,4,NB
2025-05-30 16:49:31.075,2739,0.107366,-0.2911643,-0.2713592,0.9110764,2.155801,323.8975,326.1256,4,NB
2025-05-30 16:49:31.109,2740,0.09908619,-0.2712598,-0.2745276,0.9171885,1.88106,326.4755,326.107,4,NB
2025-05-30 16:49:31.152,2741,0.08898287,-0.243217,-0.2789069,0.924737,1.656177,330.022,325.9892,4,NB
2025-05-30 16:49:31.186,2742,0.0843137,-0.2266048,-0.2810069,0.92875,1.676581,332.0627,325.915,4,NB
2025-05-30 16:49:31.231,2743,0.07070662,-0.1982166,-0.2890235,0.9339038,1.002029,335.722,325.3921,4,NB
2025-05-30 16:49:31.253,2744,0.06024977,-0.178307,-0.2955643,0.9365996,0.4272852,338.3072,324.8897,4,NB
2025-05-30 16:49:31.297,2745,0.05473547,-0.169671,-0.297933,0.9377909,0.0893641,339.4608,324.7341,4,NB
2025-05-30 16:49:31.342,2746,0.03428628,-0.1401598,-0.3103398,0.9396111,358.7072,343.4564,323.6327,4,NB
2025-05-30 16:49:31.390,2747,0.01969305,-0.1192262,-0.3197331,0.9397704,357.7519,346.2984,322.691,4,NB
2025-05-30 16:49:31.429,2748,0.009249678,-0.1045243,-0.3270814,0.9391524,357.0765,348.3084,321.8957,4,NB
2025-05-30 16:49:31.453,2749,-0.004936412,-0.08362061,-0.3369232,0.9377985,356.2383,351.1503,320.7675,4,NB
2025-05-30 16:49:31.498,2750,-0.00706961,-0.07723322,-0.3392296,0.9375012,356.2355,351.9337,320.4808,4,NB
2025-05-30 16:49:31.521,2751,-0.02341768,-0.05488668,-0.3504839,0.9346659,355.2821,355.0389,319.0941,4,NB
2025-05-30 16:49:31.565,2752,-0.02979909,-0.0468708,-0.3546345,0.9333541,354.9014,356.18,318.5609,4,NB
2025-05-30 16:49:31.610,2753,-0.04544744,-0.02975377,-0.3639517,0.9298325,353.9052,358.7178,317.3159,4,NB
2025-05-30 16:49:31.644,2754,-0.05596146,-0.01946269,-0.3700626,0.9271157,353.2135,0.3075523,316.4625,4,NB
2025-05-30 16:49:31.677,2755,-0.0717301,-0.004187688,-0.3792626,0.9224951,352.2114,2.700634,315.1183,4,NB
2025-05-30 16:49:31.730,2756,-0.08277802,0.006166324,-0.385388,0.9190134,351.524,4.356782,314.1755,4,NB
2025-05-30 16:49:31.744,2757,-0.08738241,0.01108774,-0.3881309,0.9173853,351.2734,5.118033,313.7444,4,NB
2025-05-30 16:49:31.805,2758,-0.1000934,0.02391972,-0.3948783,0.9129515,350.5684,7.146468,312.6299,4,NB
2025-05-30 16:49:31.819,2759,-0.115035,0.03995758,-0.400433,0.9081982,349.8079,9.633612,311.5526,4,NB
2025-05-30 16:49:31.868,2760,-0.1252248,0.05842867,-0.3977717,0.9070187,349.5906,12.06692,311.5372,4,NB
2025-05-30 16:49:31.903,2761,-0.1415207,0.08658087,-0.3924336,0.9046944,349.1574,15.81903,311.5892,4,NB
2025-05-30 16:49:31.937,2762,-0.1526183,0.1081783,-0.3882464,0.9023692,348.9634,18.64191,311.6233,4,NB
2025-05-30 16:49:31.992,2763,-0.1709308,0.1452881,-0.380722,0.8970646,348.6943,23.48779,311.6488,4,NB
2025-05-30 16:49:32.015,2764,-0.185059,0.1762318,-0.3719637,0.8923781,348.5109,27.48055,311.9268,4,NB
2025-05-30 16:49:32.060,2765,-0.1975924,0.2145272,-0.360652,0.8859264,348.7339,32.20184,312.4369,4,NB
2025-05-30 16:49:32.094,2766,-0.2049926,0.2433118,-0.3512111,0.8805842,349.0403,35.6717,312.9759,4,NB
2025-05-30 16:49:32.138,2767,-0.2092297,0.2705171,-0.3416357,0.875402,349.5438,38.82876,313.6683,4,NB
2025-05-30 16:49:32.172,2768,-0.2225326,0.3209248,-0.3204621,0.8630126,349.7229,45.06496,314.9839,4,NB
2025-05-30 16:49:32.216,2769,-0.2246055,0.3405083,-0.3134946,0.8575126,350.1128,47.36917,315.4909,4,NB
2025-05-30 16:49:32.250,2770,-0.2305666,0.3787382,-0.295238,0.8463045,350.4084,52.01931,316.8483,4,NB
2025-05-30 16:49:32.284,2771,-0.2316137,0.4017836,-0.2847192,0.8389637,350.8024,54.7411,317.7396,4,NB
2025-05-30 16:49:32.327,2772,-0.2302181,0.4268691,-0.2727984,0.8308812,351.3922,57.61554,318.9076,4,NB
2025-05-30 16:49:32.362,2773,-0.2292977,0.449528,-0.2600329,0.8232437,351.735,60.27456,320.1374,4,NB
2025-05-30 16:49:32.405,2774,-0.2268454,0.4768946,-0.2422325,0.813902,352.0551,63.47992,321.9326,4,NB
2025-05-30 16:49:32.439,2775,-0.2239124,0.4935202,-0.2299556,0.8083451,352.2401,65.39152,323.2549,4,NB
2025-05-30 16:49:32.483,2776,-0.2201699,0.5156167,-0.2127773,0.8002441,352.3596,67.99698,325.0628,4,NB
2025-05-30 16:49:32.517,2777,-0.2187586,0.5298297,-0.2014233,0.7942631,352.2955,69.75876,326.1651,4,NB
2025-05-30 16:49:32.566,2778,-0.2156058,0.5485519,-0.1867041,0.7859686,352.2943,72.06179,327.6656,4,NB
2025-05-30 16:49:32.594,2779,-0.2115967,0.5600628,-0.1769617,0.7811795,352.3934,73.40369,328.7984,4,NB
2025-05-30 16:49:32.638,2780,-0.2075641,0.5634598,-0.1715548,0.7810246,352.4786,73.66335,329.5862,4,NB
2025-05-30 16:49:32.671,2781,-0.2015189,0.5845361,-0.1570898,0.770085,352.7197,76.27104,331.2221,4,NB
2025-05-30 16:49:32.719,2782,-0.1982456,0.5889001,-0.1525726,0.7685162,352.8187,76.72695,331.8551,4,NB
2025-05-30 16:49:32.749,2783,-0.1928054,0.6010913,-0.1436105,0.7621624,353.0356,78.19743,332.9964,4,NB
2025-05-30 16:49:32.782,2784,-0.1879107,0.6105161,-0.1370862,0.757078,353.2729,79.32754,333.8933,4,NB
2025-05-30 16:49:32.833,2785,-0.1817587,0.6200671,-0.1286825,0.7522777,353.4608,80.44225,335.0543,4,NB
2025-05-30 16:49:32.879,2786,-0.1778329,0.6266585,-0.1230061,0.7486951,353.5625,81.2392,335.817,4,NB
2025-05-30 16:49:32.962,2787,-0.174087,0.6314698,-0.1179761,0.7463387,353.6352,81.79245,336.5207,4,NB
2025-05-30 16:49:33.030,2788,-0.1648481,0.6514939,-0.1068463,0.732779,354.1241,84.41784,338.0779,4,NB
2025-05-30 16:49:33.090,2789,-0.1587512,0.6580478,-0.1017146,0.7289894,354.3996,85.18474,338.9647,4,NB
2025-05-30 16:49:33.155,2790,-0.1520326,0.6647795,-0.09652069,0.7250091,354.7144,85.97411,339.9065,4,NB
2025-05-30 16:49:33.212,2791,-0.1452642,0.669762,-0.09129904,0.7224833,354.9742,86.51031,340.8666,4,NB
2025-05-30 16:49:33.272,2792,-0.1425086,0.672686,-0.08677267,0.7208713,354.9101,86.87096,341.4528,4,NB
2025-05-30 16:49:33.333,2793,-0.1386511,0.6750942,-0.0826401,0.7198573,354.9492,87.12009,342.0988,4,NB
2025-05-30 16:49:33.395,2794,-0.1355471,0.676912,-0.07983737,0.7190573,355.0178,87.3054,342.5752,4,NB
2025-05-30 16:49:33.457,2795,-0.1320813,0.6787977,-0.07799213,0.7181265,355.1918,87.49363,343.0008,4,NB
2025-05-30 16:49:33.517,2796,-0.1287027,0.6822688,-0.07659622,0.7155965,355.4298,87.93664,343.3722,4,NB
2025-05-30 16:49:33.572,2797,-0.1251176,0.687665,-0.07577264,0.7111409,355.7711,88.68278,343.7033,4,NB
2025-05-30 16:49:33.630,2798,-0.1222025,0.6933981,-0.07588834,0.7060502,356.1399,89.51006,343.9032,4,NB
2025-05-30 16:49:33.684,2799,-0.1201385,0.6978927,-0.07551956,0.7020041,356.3727,90.17077,344.0817,4,NB
2025-05-30 16:49:33.744,2800,-0.1187025,0.7019829,-0.07508793,0.6982061,356.5409,90.78873,344.2165,4,NB
2025-05-30 16:49:33.806,2801,-0.1176736,0.7058119,-0.0748849,0.6945322,356.6895,91.37952,344.3011,4,NB
2025-05-30 16:49:33.861,2802,-0.1163179,0.7077895,-0.07462183,0.6927741,356.8167,91.66389,344.4272,4,NB
2025-05-30 16:49:33.920,2803,-0.1150898,0.7104569,-0.07469308,0.6902367,356.9765,92.06534,344.5132,4,NB
2025-05-30 16:49:33.977,2804,-0.1155802,0.711719,-0.0776282,0.6885285,357.2108,92.28397,344.2321,4,NB
2025-05-30 16:49:34.040,2805,-0.1169747,0.710555,-0.07844853,0.6894017,357.1454,92.13125,344.0535,4,NB
2025-05-30 16:49:34.094,2806,-0.118394,0.7102795,-0.08313321,0.688894,357.4193,92.12418,343.5599,4,NB
2025-05-30 16:49:34.156,2807,-0.1198266,0.7097021,-0.08889087,0.6885225,357.7744,92.0687,342.9797,4,NB
2025-05-30 16:49:34.212,2808,-0.1213446,0.7089961,-0.09351948,0.6883709,358.0258,91.99546,342.4825,4,NB
2025-05-30 16:49:34.273,2809,-0.1232904,0.7087416,-0.09955162,0.6874405,358.3727,92.00831,341.8347,4,NB
2025-05-30 16:49:34.328,2810,-0.125255,0.7089118,-0.1050736,0.686087,358.688,92.09168,341.225,4,NB
2025-05-30 16:49:34.386,2811,-0.1276345,0.7097275,-0.1105018,0.6839486,358.9836,92.29322,340.5868,4,NB
2025-05-30 16:49:34.447,2812,-0.1309883,0.7106038,-0.1167362,0.6813642,359.2784,92.53529,339.8018,4,NB
2025-05-30 16:49:34.506,2813,-0.1329101,0.7114004,-0.1222253,0.6791947,359.6195,92.72327,339.1978,4,NB
2025-05-30 16:49:34.539,2814,-0.135761,0.712707,-0.1288973,0.6760202,0.01017784,93.02458,338.4206,4,NB
2025-05-30 16:49:34.559,2815,-0.1377809,0.7134637,-0.1323903,0.6741357,0.180208,93.21185,337.9693,4,NB
2025-05-30 16:49:34.592,2816,-0.1385078,0.7140853,-0.1346476,0.6728804,0.3381211,93.3368,337.7268,4,NB
2025-05-30 16:49:34.648,2817,-0.1397799,0.7151214,-0.1376467,0.6709073,0.5334054,93.54754,337.3791,4,NB
2025-05-30 16:49:34.671,2818,-0.1429619,0.7169695,-0.1437582,0.6669711,0.8845429,93.95511,336.621,4,NB
2025-05-30 16:49:34.726,2819,-0.144404,0.7174013,-0.1448723,0.6659543,0.8898548,94.07388,336.4096,4,NB
2025-05-30 16:49:34.748,2820,-0.1483082,0.7185984,-0.1497441,0.66272,1.067953,94.403,335.6886,4,NB
2025-05-30 16:49:34.804,2821,-0.1500556,0.7188468,-0.151214,0.6617227,1.077741,94.504,335.4221,4,NB
2025-05-30 16:49:34.826,2822,-0.1537234,0.720807,-0.1575001,0.6572675,1.431371,94.95733,334.6096,4,NB
2025-05-30 16:49:34.870,2823,-0.1545897,0.7220036,-0.160193,0.6550964,1.649058,95.18729,334.3234,4,NB
2025-05-30 16:49:34.904,2824,-0.1574432,0.7230073,-0.1640884,0.6523398,1.825825,95.45731,333.7702,4,NB
2025-05-30 16:49:34.959,2825,-0.1593858,0.7238964,-0.1673144,0.6500587,2.006701,95.67699,333.3486,4,NB
2025-05-30 16:49:34.992,2826,-0.1631409,0.7259437,-0.1738123,0.6451203,2.399389,96.16042,332.5143,4,NB
2025-05-30 16:49:35.026,2827,-0.1651901,0.7269661,-0.1765964,0.6426869,2.546391,96.41014,332.1195,4,NB
2025-05-30 16:49:35.071,2828,-0.1689138,0.7281759,-0.1803654,0.639294,2.676934,96.75776,331.5018,4,NB
2025-05-30 16:49:35.103,2829,-0.1709546,0.7291461,-0.1830557,0.6368762,2.81979,97.00214,331.1149,4,NB
2025-05-30 16:49:35.161,2830,-0.1732997,0.7305825,-0.187295,0.6333539,3.104019,97.33985,330.5813,4,NB
2025-05-30 16:49:35.181,2831,-0.1765699,0.7320886,-0.1927018,0.6290753,3.4397,97.72989,329.8755,4,NB
2025-05-30 16:49:35.237,2832,-0.1794465,0.7332817,-0.1969462,0.6255473,3.688361,98.0534,329.2945,4,NB
2025-05-30 16:49:35.281,2833,-0.182423,0.7349099,-0.2017213,0.6212391,4.00464,98.45892,328.6656,4,NB
2025-05-30 16:49:35.303,2834,-0.1840546,0.7359312,-0.2049215,0.6184953,4.240464,98.70551,328.276,4,NB
2025-05-30 16:49:35.347,2835,-0.1860009,0.7371747,-0.2091345,0.6150123,4.562791,99.00622,327.7808,4,NB
2025-05-30 16:49:35.381,2836,-0.1892774,0.738628,-0.2130733,0.6109033,4.789964,99.40225,327.1912,4,NB
2025-05-30 16:49:35.426,2837,-0.192475,0.7401308,-0.2169599,0.6067029,5.025962,99.80731,326.6131,4,NB
2025-05-30 16:49:35.459,2838,-0.1952244,0.7417512,-0.2206432,0.6025028,5.283172,100.2165,326.0919,4,NB
2025-05-30 16:49:35.515,2839,-0.1990563,0.7440108,-0.2256542,0.5965777,5.63975,100.7928,325.3759,4,NB
2025-05-30 16:49:35.547,2840,-0.2025426,0.7455785,-0.2294656,0.5919755,5.875587,101.2357,324.7792,4,NB
2025-05-30 16:49:35.581,2841,-0.2065857,0.7473587,-0.2338866,0.5865787,6.156056,101.7487,324.0871,4,NB
2025-05-30 16:49:35.640,2842,-0.2097426,0.7492935,-0.237968,0.5813251,6.474355,102.2524,323.5027,4,NB
2025-05-30 16:49:35.677,2843,-0.2144995,0.7516212,-0.2432846,0.5743417,6.853076,102.9138,322.6824,4,NB
2025-05-30 16:49:35.703,2844,-0.2162327,0.7521724,-0.24497,0.5722498,6.952192,103.1032,322.4002,4,NB
2025-05-30 16:49:35.757,2845,-0.2215873,0.7542509,-0.2493388,0.5655396,7.209352,103.7609,321.5963,4,NB
2025-05-30 16:49:35.781,2846,-0.224743,0.7559305,-0.2520198,0.5608441,7.407608,104.237,321.1189,4,NB
2025-05-30 16:49:35.837,2847,-0.2282641,0.758004,-0.2550742,0.5552144,7.655903,104.8108,320.5836,4,NB
2025-05-30 16:49:35.859,2848,-0.2329475,0.7605712,-0.2598824,0.5474742,8.062469,105.5522,319.8131,4,NB
2025-05-30 16:49:35.914,2849,-0.2360456,0.7626582,-0.2622843,0.5420718,8.288597,106.1188,319.3679,4,NB
2025-05-30 16:49:35.958,2850,-0.2400344,0.7646074,-0.2652435,0.5361018,8.525436,106.7179,318.7963,4,NB
2025-05-30 16:49:35.980,2851,-0.244179,0.7668241,-0.2676478,0.5298324,8.727177,107.3822,318.2555,4,NB
2025-05-30 16:49:36.036,2852,-0.2480627,0.7688945,-0.2682355,0.5247057,8.75269,108.003,317.8736,4,NB
2025-05-30 16:49:36.069,2853,-0.254925,0.7723811,-0.2720251,0.5142403,9.092498,109.1008,316.9887,4,NB
2025-05-30 16:49:36.118,2854,-0.2580792,0.774025,-0.2732932,0.5095009,9.212025,109.6194,316.6176,4,NB
2025-05-30 16:49:36.146,2855,-0.2640919,0.777099,-0.277003,0.499642,9.591043,110.6205,315.8133,4,NB
2025-05-30 16:49:36.179,2856,-0.2654015,0.7775679,-0.2776587,0.4978516,9.644575,110.8007,315.6466,4,NB
2025-05-30 16:49:36.224,2857,-0.2683245,0.7786193,-0.2810353,0.4927205,9.975152,111.2208,315.1339,4,NB
2025-05-30 16:49:36.268,2858,-0.2709002,0.7796679,-0.2847999,0.4874632,10.36923,111.6266,314.6261,4,NB
2025-05-30 16:49:36.301,2859,-0.2737516,0.7814177,-0.2881072,0.4810832,10.77015,112.1951,314.1369,4,NB
2025-05-30 16:49:36.345,2860,-0.2783334,0.7846579,-0.2901573,0.4718596,11.10922,113.1844,313.5985,4,NB
2025-05-30 16:49:36.378,2861,-0.2810627,0.7867458,-0.2906988,0.4664004,11.25854,113.8096,313.3301,4,NB
2025-05-30 16:49:36.422,2862,-0.2860121,0.7896652,-0.2922944,0.4573731,11.53701,114.7852,312.7847,4,NB
2025-05-30 16:49:36.456,2863,-0.289654,0.7918714,-0.2931484,0.4506712,11.72381,115.5252,312.4074,4,NB
2025-05-30 16:49:36.500,2864,-0.2938402,0.7945378,-0.2946793,0.4421899,12.02868,116.4256,311.9374,4,NB
2025-05-30 16:49:36.532,2865,-0.2965346,0.7964284,-0.2964033,0.4357918,12.3377,117.0629,311.5868,4,NB
2025-05-30 16:49:36.577,2866,-0.2984422,0.7975041,-0.2977135,0.431609,12.54667,117.4629,311.3279,4,NB
2025-05-30 16:49:36.621,2867,-0.3043976,0.8011624,-0.3006454,0.4184417,13.1197,118.7905,310.6094,4,NB
2025-05-30 16:49:36.665,2868,-0.3076035,0.8031275,-0.3014135,0.411724,13.3472,119.5098,310.28,4,NB
2025-05-30 16:49:36.688,2869,-0.3120657,0.8059619,-0.3029786,0.4015527,13.75418,120.564,309.7911,4,NB
2025-05-30 16:49:36.749,2870,-0.3135701,0.8073996,-0.3015974,0.3985209,13.71489,121.006,309.7668,4,NB
2025-05-30 16:49:36.788,2871,-0.3171299,0.8096996,-0.3021433,0.3905443,13.98005,121.871,309.4265,4,NB
2025-05-30 16:49:36.809,2872,-0.3220673,0.8135285,-0.302027,0.3784495,14.33807,123.2427,309.0294,4,NB
2025-05-30 16:49:36.867,2873,-0.3235889,0.8145213,-0.3005683,0.3761702,14.25214,123.5965,308.9959,4,NB
2025-05-30 16:49:36.898,2874,-0.3264462,0.8179171,-0.3003141,0.3664097,14.59813,124.7151,308.8086,4,NB
2025-05-30 16:49:36.948,2875,-0.3165796,0.8258872,-0.3023823,0.3553206,15.93179,125.957,309.8902,4,NB
2025-05-30 16:49:36.976,2876,-0.3154389,0.8276709,-0.3013182,0.3530817,16.02359,126.3051,310.1244,4,NB
2025-05-30 16:49:37.009,2877,-0.304607,0.8359977,-0.3034973,0.3408988,17.44353,127.6962,311.3446,4,NB
2025-05-30 16:49:37.054,2878,-0.29941,0.8398601,-0.3043145,0.3352334,18.08447,128.3661,311.9528,4,NB
2025-05-30 16:49:37.102,2879,-0.2941718,0.8436729,-0.3056708,0.3290055,18.79627,129.0688,312.5407,4,NB
2025-05-30 16:49:37.143,2880,-0.2870188,0.8494712,-0.306997,0.3190171,19.782,130.2474,313.4172,4,NB
2025-05-30 16:49:37.183,2881,-0.2784984,0.8563647,-0.3078595,0.3070848,20.86913,131.7209,314.534,4,NB
2025-05-30 16:49:37.219,2882,-0.2731666,0.8605309,-0.3081395,0.299861,21.50012,132.641,315.258,4,NB
2025-05-30 16:49:37.242,2883,-0.2642587,0.8667585,-0.3096699,0.2881007,22.61591,134.0832,316.4052,4,NB
2025-05-30 16:49:37.298,2884,-0.2581953,0.8712262,-0.3098798,0.2797764,23.29572,135.1713,317.2649,4,NB
2025-05-30 16:49:37.319,2885,-0.2500818,0.8760658,-0.3119695,0.2695237,24.31831,136.4134,318.2885,4,NB
2025-05-30 16:49:37.363,2886,-0.2427695,0.8794045,-0.315258,0.2613872,25.31312,137.3212,319.1069,4,NB
2025-05-30 16:49:37.418,2887,-0.2309324,0.8845536,-0.3194911,0.2493208,26.74762,138.7634,320.5134,4,NB
2025-05-30 16:49:37.454,2888,-0.2238725,0.8887085,-0.3201082,0.2400195,27.48382,140.0255,321.556,4,NB
2025-05-30 16:49:37.474,2889,-0.2214395,0.8918927,-0.3175253,0.2338162,27.57081,141.0126,322.1852,4,NB
2025-05-30 16:49:37.519,2890,-0.2149897,0.8969873,-0.3161801,0.2218646,28.1526,142.7267,323.376,4,NB
2025-05-30 16:49:37.572,2891,-0.206412,0.9034081,-0.3139571,0.2065898,28.81462,144.9744,324.9911,4,NB
2025-05-30 16:49:37.585,2892,-0.1992321,0.9083075,-0.3124797,0.1940125,29.36348,146.8203,326.3303,4,NB
2025-05-30 16:49:37.629,2893,-0.1973278,0.9110135,-0.3094143,0.1880937,29.30962,147.7874,326.9203,4,NB
2025-05-30 16:49:37.674,2894,-0.191976,0.9156932,-0.3058566,0.1763609,29.50026,149.6007,328.136,4,NB
2025-05-30 16:49:37.708,2895,-0.1864091,0.9195994,-0.3037022,0.1653899,29.79566,151.2495,329.2807,4,NB
2025-05-30 16:49:37.766,2896,-0.1812925,0.9240929,-0.3005635,0.1511528,30.04575,153.3447,330.5251,4,NB
2025-05-30 16:49:37.806,2897,-0.1765005,0.9277194,-0.297657,0.1399457,30.19095,155.0408,331.6234,4,NB
2025-05-30 16:49:37.845,2898,-0.172482,0.9314147,-0.293418,0.1289292,30.1398,156.7488,332.6759,4,NB
2025-05-30 16:49:37.874,2899,-0.1664078,0.9362326,-0.2878043,0.1137808,30.06853,159.0925,334.1687,4,NB
2025-05-30 16:49:37.921,2900,-0.16299,0.9393957,-0.2833069,0.1034769,29.90365,160.6823,335.1092,4,NB
2025-05-30 16:49:37.941,2901,-0.1573158,0.9436118,-0.2775194,0.08849715,29.72892,162.9696,336.5185,4,NB
2025-05-30 16:49:37.985,2902,-0.1541708,0.947022,-0.2709218,0.07734559,29.29384,164.7066,337.488,4,NB
2025-05-30 16:49:38.039,2903,-0.1513807,0.9504156,-0.2640272,0.06390573,28.8503,166.7057,338.4661,4,NB
2025-05-30 16:49:38.063,2904,-0.1481678,0.9536412,-0.2566884,0.0522137,28.30105,168.4924,339.4266,4,NB
2025-05-30 16:49:38.097,2905,-0.1444249,0.9569409,-0.248612,0.03997453,27.66281,170.3599,340.4563,4,NB
2025-05-30 16:49:38.141,2906,-0.1427609,0.9599058,-0.2395188,0.02883293,26.84629,172.028,341.176,4,NB
2025-05-30 16:49:38.186,2907,-0.1391462,0.9638014,-0.2269899,0.01417602,25.69632,174.2362,342.254,4,NB
2025-05-30 16:49:38.232,2908,-0.1367315,0.9662452,-0.2182673,0.005856866,24.84707,175.512,342.9022,4,NB
2025-05-30 16:49:38.252,2909,-0.133637,0.9687948,-0.2087153,-0.004008732,23.92096,176.9889,343.6542,4,NB
2025-05-30 16:49:38.297,2910,-0.1332978,0.9700919,-0.202755,-0.006631767,23.27533,177.4302,343.8229,4,NB
2025-05-30 16:49:38.350,2911,-0.1281251,0.9737752,-0.1866658,-0.02240068,21.6713,179.7406,344.959,4,NB
2025-05-30 16:49:38.375,2912,-0.1270893,0.9747088,-0.1819383,-0.02625963,21.18303,180.3039,345.1994,4,NB
2025-05-30 16:49:38.409,2913,-0.1226025,0.9771699,-0.1693007,-0.03801293,19.88858,181.9975,346.0475,4,NB
2025-05-30 16:49:38.453,2914,-0.118415,0.9790716,-0.1582272,-0.04859049,18.74393,183.4917,346.7841,4,NB
2025-05-30 16:49:38.486,2915,-0.115501,0.9807072,-0.1463447,-0.05879229,17.49506,184.9027,347.3209,4,NB
2025-05-30 16:49:38.531,2916,-0.1135063,0.9818755,-0.1362785,-0.06682152,16.42657,186.0013,347.6786,4,NB
2025-05-30 16:49:38.563,2917,-0.1109892,0.9832718,-0.1226909,-0.0761903,14.96267,187.2905,348.0784,4,NB
2025-05-30 16:49:38.608,2918,-0.1097051,0.9842194,-0.1108538,-0.08359733,13.68307,188.2985,348.277,4,NB
2025-05-30 16:49:38.641,2919,-0.10744,0.9850881,-0.09860963,-0.09129417,12.35074,189.3483,348.5648,4,NB
2025-05-30 16:49:38.694,2920,-0.1046731,0.9860514,-0.0821133,-0.1000192,10.53723,190.5531,348.8569,4,NB
2025-05-30 16:49:38.719,2921,-0.1026723,0.9865402,-0.06823263,-0.1074312,9.014757,191.5624,349.0314,4,NB
2025-05-30 16:49:38.764,2922,-0.09915829,0.9871356,-0.05043378,-0.1148385,7.027418,192.6128,349.3053,4,NB
2025-05-30 16:49:38.808,2923,-0.09708406,0.9873954,-0.03926284,-0.1186756,5.772504,193.173,349.4362,4,NB
2025-05-30 16:49:38.831,2924,-0.09728241,0.9874815,-0.0358057,-0.1188884,5.384929,193.229,349.3721,4,NB
2025-05-30 16:49:38.884,2925,-0.09476121,0.9875012,-0.02029081,-0.1242993,3.648303,194.0127,349.4858,4,NB
2025-05-30 16:49:38.908,2926,-0.09217618,0.9872429,-0.003863471,-0.1297707,1.808091,194.8118,349.5669,4,NB
2025-05-30 16:49:38.942,2927,-0.09136415,0.9870368,0.001338837,-0.1319446,1.230065,195.1159,349.5863,4,NB
2025-05-30 16:49:38.987,2928,-0.08932989,0.9866852,0.01204204,-0.1353805,0.02427353,195.623,349.657,4,NB
2025-05-30 16:49:39.020,2929,-0.08606308,0.9859004,0.027828,-0.140781,358.2442,196.4103,349.769,4,NB
2025-05-30 16:49:39.064,2930,-0.08242829,0.9843872,0.04282453,-0.1495114,356.5795,197.5749,349.898,4,NB
2025-05-30 16:49:39.086,2931,-0.07837471,0.981981,0.06082856,-0.160844,354.5917,199.0796,349.9639,4,NB
2025-05-30 16:49:39.131,2932,-0.07732848,0.9802691,0.06927972,-0.1682057,353.6956,200.0329,349.8645,4,NB
2025-05-30 16:49:39.184,2933,-0.07395674,0.976352,0.08727942,-0.1834382,351.7613,202.0231,349.7306,4,NB
2025-05-30 16:49:39.209,2934,-0.068183,0.9707888,0.1093505,-0.2023928,349.3556,204.5202,349.6454,4,NB
2025-05-30 16:49:39.241,2935,-0.06950434,0.9684511,0.1123674,-0.2112945,349.148,205.6335,349.3141,4,NB
2025-05-30 16:49:39.286,2936,-0.06944919,0.9603902,0.1259896,-0.2386512,347.945,209.1192,348.5861,4,NB
2025-05-30 16:49:39.309,2937,-0.06712861,0.9554875,0.1358239,-0.2531589,346.9637,211.0172,348.3306,4,NB
2025-05-30 16:49:39.353,2938,-0.06964672,0.9498294,0.1367364,-0.272538,347.1858,213.4003,347.7534,4,NB
2025-05-30 16:49:39.403,2939,-0.0681859,0.9406331,0.1450185,-0.2992157,346.5844,216.8002,347.2268,4,NB
2025-05-30 16:49:39.420,2940,-0.06106313,0.9300056,0.1626906,-0.3238717,344.7487,220.1649,346.8823,4,NB
2025-05-30 16:49:39.465,2941,-0.06379585,0.9250933,0.158563,-0.3391027,345.5163,221.9816,346.5276,4,NB
2025-05-30 16:49:39.508,2942,-0.06363457,0.9184454,0.1610856,-0.3556126,345.4847,224.1019,346.1672,4,NB
2025-05-30 16:49:39.531,2943,-0.05821696,0.9107721,0.1689662,-0.3722304,344.6664,226.341,346.0904,4,NB
2025-05-30 16:49:39.589,2944,-0.05792115,0.9078793,0.1684261,-0.3795171,344.8197,227.2432,346.0287,4,NB
2025-05-30 16:49:39.620,2945,-0.05218524,0.9009595,0.1726351,-0.3946469,344.3426,229.2214,346.1625,4,NB
2025-05-30 16:49:39.642,2946,-0.04686824,0.8948742,0.1773506,-0.4068791,343.7831,230.8685,346.2516,4,NB
2025-05-30 16:49:39.687,2947,-0.04570232,0.8946162,0.1739216,-0.4090534,344.1097,231.0321,346.5286,4,NB
2025-05-30 16:49:39.720,2948,-0.04062975,0.8909172,0.1727161,-0.4180729,344.1107,232.1035,346.9722,4,NB
2025-05-30 16:49:39.764,2949,-0.03901902,0.8905405,0.1634308,-0.4227358,345.043,232.4227,347.5871,4,NB
2025-05-30 16:49:39.811,2950,-0.03169444,0.8861927,0.1615544,-0.43308,344.9961,233.6372,348.2859,4,NB
2025-05-30 16:49:39.842,2951,-0.02767362,0.8855774,0.1528246,-0.4377573,345.7326,233.9729,349.127,4,NB
2025-05-30 16:49:39.864,2952,-0.02198847,0.8818889,0.150706,-0.4461797,345.7478,234.9639,349.7019,4,NB
2025-05-30 16:49:39.909,2953,-0.01834743,0.8835633,0.1430995,-0.4455358,346.3184,234.6581,350.5257,4,NB
2025-05-30 16:49:39.953,2954,-0.01256919,0.8833806,0.1391369,-0.4473499,346.4334,234.7503,351.3207,4,NB
2025-05-30 16:49:39.975,2955,-0.007816665,0.8806125,0.1366164,-0.4536483,346.4956,235.4762,351.8576,4,NB
2025-05-30 16:49:40.019,2956,-0.002023675,0.8785048,0.1305919,-0.4595338,346.8447,236.0687,352.709,4,NB
2025-05-30 16:49:40.064,2957,0.001664788,0.8786319,0.1203895,-0.462071,347.6962,236.1665,353.6341,4,NB
2025-05-30 16:49:40.098,2958,0.004469283,0.8776931,0.1128335,-0.4657293,348.3326,236.4862,354.3008,4,NB
2025-05-30 16:49:40.131,2959,0.006796099,0.8767852,0.106075,-0.4689882,348.908,236.7817,354.8798,4,NB
2025-05-30 16:49:40.185,2960,0.009751447,0.8793404,0.09970661,-0.4655365,349.372,236.2059,355.5835,4,NB
2025-05-30 16:49:40.198,2961,0.010168,0.8765154,0.09163001,-0.4724631,350.1983,236.9947,355.9988,4,NB
2025-05-30 16:49:40.242,2962,0.01076112,0.8772118,0.0873865,-0.4719613,350.5916,236.867,356.3033,4,NB
2025-05-30 16:49:40.287,2963,0.01098633,0.8773767,0.07905223,-0.4731178,351.4245,236.9122,356.7811,4,NB
2025-05-30 16:49:40.329,2964,0.01086348,0.8761871,0.07211279,-0.4764222,352.1419,237.2673,357.1256,4,NB
2025-05-30 16:49:40.354,2965,0.01243832,0.8770307,0.06994519,-0.475153,352.2698,237.0699,357.4173,4,NB
2025-05-30 16:49:40.398,2966,0.01103964,0.8770215,0.06184955,-0.4763259,353.1654,237.1507,357.7167,4,NB
2025-05-30 16:49:40.443,2967,0.007925503,0.87635,0.04894248,-0.4791165,354.6422,237.4214,358.1002,4,NB
2025-05-30 16:49:40.465,2968,0.00651601,0.8765733,0.04281499,-0.4793161,355.3363,237.4096,358.297,4,NB
2025-05-30 16:49:40.509,2969,0.00504189,0.8758422,0.03289557,-0.4814492,356.418,237.6361,358.6885,4,NB
2025-05-30 16:49:40.541,2970,0.00220187,0.8749565,0.02261089,-0.4836687,357.6102,237.8885,358.9666,4,NB
2025-05-30 16:49:40.595,2971,0.0005556569,0.87475,0.01652065,-0.4842927,358.3129,237.9536,359.1385,4,NB
2025-05-30 16:49:40.620,2972,-0.002238199,0.8745543,0.007948481,-0.4848576,359.3278,238.0123,359.334,4,NB
2025-05-30 16:49:40.664,2973,-0.005472109,0.8747599,-0.0007963512,-0.4845253,0.3836544,237.962,359.4957,4,NB
2025-05-30 16:49:40.687,2974,-0.008875359,0.8745927,-0.009236469,-0.4846894,1.418781,237.9848,359.6234,4,NB
2025-05-30 16:49:40.745,2975,-0.01186507,0.874552,-0.01629004,-0.4845131,2.291899,237.9683,359.7151,4,NB
2025-05-30 16:49:40.776,2976,-0.01589649,0.8742564,-0.02582772,-0.4845164,3.472203,237.986,359.8412,4,NB
2025-05-30 16:49:40.821,2977,-0.02175318,0.8740588,-0.04019187,-0.4836662,5.238552,237.9187,0.04900832,4,NB
2025-05-30 16:49:40.842,2978,-0.0241001,0.8739575,-0.04604767,-0.4832157,5.956794,237.884,0.1369313,4,NB
2025-05-30 16:49:40.899,2979,-0.02676502,0.8741421,-0.05506945,-0.4817955,7.011442,237.7461,0.3620442,4,NB
2025-05-30 16:49:40.919,2980,-0.03206834,0.874254,-0.06861986,-0.4795239,8.669663,237.5319,0.5644029,4,NB
2025-05-30 16:49:40.964,2981,-0.03518437,0.8745351,-0.07884002,-0.4772159,9.873752,237.3097,0.7972147,4,NB
2025-05-30 16:49:40.998,2982,-0.03848901,0.8746234,-0.09034074,-0.4747541,11.21983,237.093,1.077914,4,NB
2025-05-30 16:49:41.042,2983,-0.04178731,0.8747547,-0.09888703,-0.4725249,12.26859,236.8823,1.193063,4,NB
2025-05-30 16:49:41.086,2984,-0.04544763,0.8750876,-0.1103469,-0.4690203,13.63631,236.5489,1.413272,4,NB
2025-05-30 16:49:41.120,2985,-0.04857505,0.8752487,-0.1181895,-0.4664887,14.60831,236.3049,1.494485,4,NB
2025-05-30 16:49:41.164,2986,-0.05189496,0.8736382,-0.1319011,-0.4654734,16.18736,236.3698,1.916557,4,NB
2025-05-30 16:49:41.186,2987,-0.05395956,0.8719697,-0.141182,-0.4656447,17.24539,236.5459,2.243048,4,NB
2025-05-30 16:49:41.257,2988,-0.05304728,0.8718781,-0.1423442,-0.4655672,17.31397,236.5688,2.403716,4,NB
2025-05-30 16:49:41.287,2989,-0.05681573,0.869002,-0.1598706,-0.4648108,19.30962,236.7982,3.029264,4,NB
2025-05-30 16:49:41.319,2990,-0.05803652,0.8679336,-0.1672722,-0.464051,20.13456,236.8544,3.327866,4,NB
2025-05-30 16:49:41.373,2991,-0.05924597,0.8665628,-0.1750635,-0.463586,20.99817,236.9699,3.662267,4,NB
2025-05-30 16:49:41.413,2992,-0.05986196,0.8658788,-0.1799598,-0.4629095,21.53491,236.9972,3.880023,4,NB
2025-05-30 16:49:41.442,2993,-0.06199916,0.8642631,-0.1897773,-0.4617252,22.66163,237.0742,4.231056,4,NB
2025-05-30 16:49:41.491,2994,-0.06300201,0.8630982,-0.1970941,-0.460702,23.47028,237.1313,4.555233,4,NB
2025-05-30 16:49:41.519,2995,-0.06426142,0.8615386,-0.2061362,-0.4594888,24.47167,237.2216,4.960876,4,NB
2025-05-30 16:49:41.553,2996,-0.06553658,0.8598238,-0.2163552,-0.4578195,25.59852,237.3022,5.43398,4,NB
2025-05-30 16:49:41.597,2997,-0.06479516,0.8593411,-0.2190033,-0.4575721,25.82945,237.3708,5.678257,4,NB
2025-05-30 16:49:41.649,2998,-0.06454924,0.8580076,-0.2315634,-0.453911,27.12706,237.3096,6.415787,4,NB
2025-05-30 16:49:41.746,2999,-0.06260549,0.8583956,-0.2362648,-0.4510173,27.52202,237.1139,6.841243,4,NB
2025-05-30 16:49:41.758,3000,-0.06043747,0.8573995,-0.2527181,-0.4442377,29.14738,236.8511,7.956682,4,NB
2025-05-30 16:49:41.767,3001,-0.05987954,0.8571188,-0.2560483,-0.4429462,29.47043,236.8187,8.200619,4,NB
2025-05-30 16:49:41.833,3002,-0.05863669,0.8582183,-0.2538143,-0.4422688,29.17787,236.6532,8.155667,4,NB
2025-05-30 16:49:41.870,3003,-0.05586057,0.8583997,-0.2630564,-0.4368422,30.02775,236.3345,8.898741,4,NB
2025-05-30 16:49:41.897,3004,-0.05420028,0.8595835,-0.2633729,-0.4345267,29.99239,236.0534,9.014679,4,NB
2025-05-30 16:49:41.929,3005,-0.05112951,0.8602651,-0.2708573,-0.4289125,30.65573,235.6541,9.661886,4,NB
2025-05-30 16:49:41.974,3006,-0.04960945,0.8612887,-0.273263,-0.4254979,30.85945,235.3104,9.866172,4,NB
2025-05-30 16:49:42.008,3007,-0.046636,0.8623564,-0.2775185,-0.4208921,31.19131,234.9178,10.31511,4,NB
2025-05-30 16:49:42.053,3008,-0.04259033,0.8636922,-0.2829638,-0.4149141,31.60967,234.4168,10.91373,4,NB
2025-05-30 16:49:42.086,3009,-0.03875928,0.8647758,-0.2869585,-0.4102626,31.87801,234.0378,11.43958,4,NB
2025-05-30 16:49:42.130,3010,-0.0340062,0.8662369,-0.2903978,-0.40515,32.05017,233.5938,12.01188,4,NB
2025-05-30 16:49:42.163,3011,-0.02938581,0.867838,-0.2920855,-0.400849,32.04088,233.1799,12.47859,4,NB
2025-05-30 16:49:42.208,3012,-0.02235431,0.8706087,-0.2940554,-0.3937921,31.9798,232.4535,13.12886,4,NB
2025-05-30 16:49:42.252,3013,-0.01810024,0.8727933,-0.2957226,-0.3878823,32.02241,231.8104,13.49243,4,NB
2025-05-30 16:49:42.274,3014,-0.01294604,0.874625,-0.2986266,-0.3816883,32.15795,231.2174,14.03567,4,NB
2025-05-30 16:49:42.338,3015,-0.009918145,0.8764301,-0.2985288,-0.3776939,32.05759,230.73,14.21521,4,NB
2025-05-30 16:49:42.363,3016,-0.001172137,0.8794438,-0.3015741,-0.3682806,32.09321,229.798,15.05591,4,NB
2025-05-30 16:49:42.407,3017,0.004686452,0.8819625,-0.3009486,-0.3626986,31.8334,229.1445,15.46725,4,NB
2025-05-30 16:49:42.430,3018,0.01045809,0.8840815,-0.3020316,-0.3564656,31.77502,228.4901,15.96452,4,NB
2025-05-30 16:49:42.493,3019,0.01517016,0.8877434,-0.2978147,-0.3506966,31.20662,227.6088,16.00459,4,NB
2025-05-30 16:49:42.535,3020,0.02318575,0.8939204,-0.2917735,-0.3394662,30.39131,225.9948,16.12336,4,NB
2025-05-30 16:49:42.563,3021,0.03028374,0.9039636,-0.2740667,-0.3268339,28.40474,223.6806,15.4212,4,NB
2025-05-30 16:49:42.585,3022,0.03284498,0.912658,-0.2587256,-0.314703,26.8453,221.5188,14.46018,4,NB
2025-05-30 16:49:42.629,3023,0.02820743,0.9253616,-0.2348998,-0.2961968,24.70994,218.1716,12.16014,4,NB
2025-05-30 16:49:42.674,3024,0.02951697,0.932839,-0.2226835,-0.2816952,23.50482,215.9756,11.35347,4,NB
2025-05-30 16:49:42.727,3025,0.03446198,0.9401031,-0.2074775,-0.2682755,21.81493,213.9676,10.93543,4,NB
2025-05-30 16:49:42.741,3026,0.04802703,0.9447693,-0.2024084,-0.25325,20.98556,212.2317,11.94653,4,NB
2025-05-30 16:49:42.785,3027,0.05347139,0.9453639,-0.1970537,-0.2541608,20.20586,212.3112,12.38415,4,NB
2025-05-30 16:49:42.841,3028,0.0668205,0.9464649,-0.1963796,-0.2473347,19.79639,211.701,13.74939,4,NB
2025-05-30 16:49:42.863,3029,0.07696126,0.9474478,-0.1937961,-0.2426166,19.26144,211.2378,14.71986,4,NB
2025-05-30 16:49:42.919,3030,0.09073325,0.9487424,-0.1907725,-0.2350772,18.62236,210.4796,16.04098,4,NB
2025-05-30 16:49:42.941,3031,0.09826995,0.9496785,-0.1890531,-0.2295933,18.29774,209.8967,16.73965,4,NB
2025-05-30 16:49:42.985,3032,0.1085314,0.9515001,-0.183821,-0.2215367,17.56118,208.9498,17.5813,4,NB
2025-05-30 16:49:43.019,3033,0.1192034,0.9543674,-0.175521,-0.2101571,16.55408,207.5249,18.32039,4,NB
2025-05-30 16:49:43.051,3034,0.1260524,0.9563107,-0.1691285,-0.2024261,15.80989,206.5322,18.76778,4,NB
2025-05-30 16:49:43.096,3035,0.1334586,0.9579588,-0.1625353,-0.1951568,15.02933,205.5988,19.29539,4,NB
2025-05-30 16:49:43.129,3036,0.149334,0.9616856,-0.14589,-0.1776977,13.15158,203.3115,20.37764,4,NB
2025-05-30 16:49:43.174,3037,0.1562415,0.9630127,-0.1370674,-0.1714878,12.14627,202.4368,20.84881,4,NB
2025-05-30 16:49:43.208,3038,0.1662431,0.9645161,-0.1257484,-0.1620485,10.87656,201.1548,21.59568,4,NB
2025-05-30 16:49:43.241,3039,0.1734483,0.9655913,-0.1160266,-0.1552003,9.801201,200.1821,22.11518,4,NB
2025-05-30 16:49:43.286,3040,0.1849162,0.9671512,-0.09926651,-0.143426,7.988122,198.4948,22.9509,4,NB
2025-05-30 16:49:43.336,3041,0.1936922,0.9681773,-0.08562241,-0.1333608,6.553644,197.0568,23.61015,4,NB
2025-05-30 16:49:43.372,3042,0.2025574,0.9688856,-0.07015827,-0.1237301,4.923512,195.6152,24.29213,4,NB
2025-05-30 16:49:43.396,3043,0.2078498,0.9693711,-0.05940399,-0.1165734,3.825014,194.552,24.69247,4,NB
2025-05-30 16:49:43.441,3044,0.2174227,0.9697988,-0.03895181,-0.1034445,1.751718,192.5728,25.46579,4,NB
2025-05-30 16:49:43.463,3045,0.2243927,0.9696315,-0.02408682,-0.09424755,0.2528901,191.1619,26.0848,4,NB
2025-05-30 16:49:43.507,3046,0.2276602,0.969526,-0.01587142,-0.08909791,359.4389,190.3698,26.37821,4,NB
2025-05-30 16:49:43.541,3047,0.2346406,0.9688399,0.002099783,-0.07930163,357.634,188.7896,27.04646,4,NB
2025-05-30 16:49:43.597,3048,0.2342433,0.969772,0.01765578,-0.06603707,356.2627,186.8959,26.93353,4,NB
2025-05-30 16:49:43.619,3049,0.2307819,0.9710072,0.02529192,-0.05696712,355.6751,185.6954,26.52394,4,NB
2025-05-30 16:49:43.672,3050,0.2260716,0.9724079,0.03476186,-0.0458949,354.9309,184.2339,25.98848,4,NB
2025-05-30 16:49:43.696,3051,0.2213032,0.9736068,0.04487474,-0.0331805,354.1418,182.5782,25.47983,4,NB
2025-05-30 16:49:43.729,3052,0.2171831,0.974455,0.05291435,-0.02165999,353.5386,181.1089,25.06646,4,NB
2025-05-30 16:49:43.785,3053,0.2139087,0.9749745,0.05945642,-0.01152568,353.0578,179.829,24.75954,4,NB
2025-05-30 16:49:43.807,3054,0.2080746,0.9755647,0.07030798,0.005955504,352.2586,177.6356,24.24,4,NB
2025-05-30 16:49:43.859,3055,0.2053265,0.9756297,0.07570159,0.01603499,351.8868,176.3876,24.0258,4,NB
2025-05-30 16:49:43.885,3056,0.2008067,0.9755876,0.08325806,0.03120517,351.3778,174.5255,23.67469,4,NB
2025-05-30 16:49:43.918,3057,0.1965694,0.9754069,0.08950838,0.04393456,350.9474,172.9681,23.34528,4,NB
2025-05-30 16:49:43.951,3058,0.1920246,0.9749817,0.09627489,0.05717234,350.4577,171.3417,23.00786,4,NB
2025-05-30 16:49:43.996,3059,0.1895966,0.9744427,0.1008872,0.06585049,350.1164,170.2645,22.86466,4,NB
2025-05-30 16:49:44.018,3060,0.183869,0.9733562,0.1093661,0.08251655,349.4811,168.2122,22.48339,4,NB
2025-05-30 16:49:44.062,3061,0.1806011,0.9728122,0.1120431,0.09201159,349.3529,167.095,22.24185,4,NB
2025-05-30 16:49:44.107,3062,0.1750856,0.9713129,0.1173082,0.1101613,349.0875,164.9431,21.88291,4,NB
2025-05-30 16:49:44.140,3063,0.170062,0.9694438,0.1223154,0.1276591,348.8291,162.8603,21.58809,4,NB
2025-05-30 16:49:44.174,3064,0.1668672,0.967972,0.1244233,0.1403725,348.812,161.3766,21.40215,4,NB
2025-05-30 16:49:44.218,3065,0.165346,0.9670895,0.1254277,0.147196,348.8182,160.5798,21.3237,4,NB
2025-05-30 16:49:44.266,3066,0.1580531,0.9625651,0.1338032,0.174884,348.3281,157.2338,21.00721,4,NB
2025-05-30 16:49:44.285,3067,0.156757,0.9613241,0.1346847,0.1820539,348.3534,156.3908,20.96482,4,NB
2025-05-30 16:49:44.329,3068,0.1526641,0.9580988,0.1383697,0.1989831,348.2063,154.3627,20.7994,4,NB
2025-05-30 16:49:44.362,3069,0.149411,0.9551089,0.1409678,0.2134751,348.1419,152.631,20.67886,4,NB
2025-05-30 16:49:44.407,3070,0.1454894,0.9507946,0.1431556,0.2330859,348.2056,150.3074,20.53641,4,NB
2025-05-30 16:49:44.429,3071,0.1426947,0.9473333,0.1453832,0.247107,348.1745,148.6189,20.46465,4,NB
2025-05-30 16:49:44.474,3072,0.1420148,0.9457664,0.1450053,0.2536362,348.3319,147.8634,20.45081,4,NB
2025-05-30 16:49:44.518,3073,0.1375794,0.9403604,0.1478771,0.2737275,348.2994,145.4391,20.29862,4,NB
2025-05-30 16:49:44.540,3074,0.1340432,0.9344373,0.1507364,0.2934929,348.286,143.0271,20.25508,4,NB
2025-05-30 16:49:44.595,3075,0.1340374,0.9313421,0.1520758,0.3025047,348.3358,141.9041,20.4189,4,NB
2025-05-30 16:49:44.646,3076,0.131329,0.9220799,0.1551209,0.3293314,348.4884,138.5942,20.575,4,NB
2025-05-30 16:49:44.673,3077,0.1313241,0.918293,0.1557187,0.3394758,348.6485,137.3412,20.72207,4,NB
2025-05-30 16:49:44.696,3078,0.1293364,0.9097891,0.1574946,0.3615956,348.8698,134.5952,20.85052,4,NB
2025-05-30 16:49:44.740,3079,0.1287855,0.9022531,0.1577289,0.3800993,349.2386,132.3091,21.01462,4,NB
2025-05-30 16:49:44.784,3080,0.1288998,0.8965801,0.1568138,0.3936224,349.6468,130.6586,21.1283,4,NB
2025-05-30 16:49:44.806,3081,0.1291825,0.8881127,0.1566457,0.4123467,350.1132,128.3215,21.34904,4,NB
2025-05-30 16:49:44.869,3082,0.1306087,0.8835919,0.156056,0.4217269,350.4669,127.1516,21.56219,4,NB
2025-05-30 16:49:44.896,3083,0.1328385,0.8756952,0.1555933,0.4373817,351.0077,125.1736,21.92226,4,NB
2025-05-30 16:49:44.917,3084,0.1347841,0.8599427,0.1567245,0.4666575,351.735,121.3822,22.46101,4,NB
2025-05-30 16:49:44.962,3085,0.1376192,0.8565546,0.1558894,0.4723069,352.1223,120.668,22.74689,4,NB
2025-05-30 16:49:45.007,3086,0.1425787,0.8442357,0.1546157,0.4929824,353.0798,118.0048,23.33278,4,NB
2025-05-30 16:49:45.029,3087,0.1449117,0.8340068,0.1555371,0.5091578,353.5768,115.8406,23.74257,4,NB
2025-05-30 16:49:45.074,3088,0.1469358,0.8285452,0.1556655,0.5173888,353.9206,114.7404,24.0073,4,NB
2025-05-30 16:49:45.119,3089,0.1504851,0.8165107,0.1551385,0.5353471,354.7086,112.3518,24.43205,4,NB
2025-05-30 16:49:45.164,3090,0.1553131,0.7977996,0.1554599,0.5614499,355.7763,108.7892,25.05787,4,NB
2025-05-30 16:49:45.185,3091,0.1567896,0.7933835,0.155225,0.5673316,356.0778,107.9872,25.20854,4,NB
2025-05-30 16:49:45.229,3092,0.1599567,0.7845027,0.1546344,0.5788416,356.7069,106.4111,25.51211,4,NB
2025-05-30 16:49:45.252,3093,0.1648352,0.7686667,0.154455,0.5984352,357.6982,103.6641,26.01606,4,NB
2025-05-30 16:49:45.308,3094,0.16649,0.7630031,0.1548832,0.6050777,358.0015,102.7043,26.21662,4,NB
2025-05-30 16:49:45.350,3095,0.1713881,0.7480942,0.1551954,0.6220094,358.9118,100.2573,26.71648,4,NB
2025-05-30 16:49:45.375,3096,0.1728804,0.7420083,0.1547891,0.6289488,359.2985,99.26144,26.82711,4,NB
2025-05-30 16:49:45.420,3097,0.179259,0.7221255,0.1557754,0.6497193,0.455925,96.15401,27.47297,4,NB
2025-05-30 16:49:45.443,3098,0.1838621,0.7081151,0.1565057,0.6635314,1.280576,94.04166,27.91756,4,NB
2025-05-30 16:49:45.504,3099,0.184928,0.705121,0.1560813,0.6665168,1.512944,93.60111,27.97059,4,NB
2025-05-30 16:49:45.532,3100,0.1879704,0.6928107,0.1559845,0.6784907,2.231479,91.75707,28.19552,4,NB
2025-05-30 16:49:45.579,3101,0.1853554,0.6821998,0.1500983,0.691171,2.948046,89.97168,27.4514,4,NB
2025-05-30 16:49:45.620,3102,0.1824337,0.6710584,0.1446322,0.7039036,3.595846,88.11681,26.70174,4,NB
2025-05-30 16:49:45.645,3103,0.1801798,0.6616107,0.1398111,0.7143245,4.152578,86.57339,26.05999,4,NB
2025-05-30 16:49:45.697,3104,0.1775358,0.6501176,0.1344243,0.7264699,4.770554,84.72276,25.31725,4,NB
2025-05-30 16:49:45.724,3105,0.1737608,0.6364958,0.1279829,0.7404733,5.417322,82.53382,24.36667,4,NB
2025-05-30 16:49:45.758,3106,0.1714181,0.6261222,0.1229215,0.7506512,5.936294,80.90795,23.66272,4,NB
2025-05-30 16:49:45.813,3107,0.16809,0.6060634,0.1140484,0.7690422,6.90916,77.85458,22.45365,4,NB
2025-05-30 16:49:45.836,3108,0.1650886,0.5889212,0.1068788,0.7838972,7.639435,75.2803,21.42322,4,NB
2025-05-30 16:49:45.893,3109,0.1614926,0.5674276,0.0983634,0.8014181,8.465741,72.10703,20.16268,4,NB
2025-05-30 16:49:45.914,3110,0.159503,0.5503396,0.09127734,0.8144653,9.169298,69.64629,19.1743,4,NB
2025-05-30 16:49:45.959,3111,0.1588115,0.5422075,0.08847929,0.8203423,9.47466,68.4951,18.77022,4,NB
2025-05-30 16:49:45.993,3112,0.1528104,0.5029665,0.07434014,0.8474357,10.61524,62.9263,16.534,4,NB
2025-05-30 16:49:46.037,3113,0.1504409,0.4862529,0.06899903,0.8580005,11.01434,60.60065,15.6449,4,NB
2025-05-30 16:49:46.071,3114,0.1450092,0.4512936,0.05794451,0.8786063,11.68389,55.78756,13.74658,4,NB
2025-05-30 16:49:46.116,3115,0.1423304,0.4411704,0.05563641,0.8843164,11.69138,54.38735,13.22229,4,NB
2025-05-30 16:49:46.150,3116,0.1339168,0.3951871,0.04227942,0.9078029,12.10615,48.19389,10.76379,4,NB
2025-05-30 16:49:46.193,3117,0.1311123,0.3811853,0.03810133,0.9143608,12.16458,46.32877,9.993082,4,NB
2025-05-30 16:49:46.228,3118,0.1258775,0.3517523,0.02996091,0.9271072,12.2587,42.46667,8.480442,4,NB
2025-05-30 16:49:46.272,3119,0.1215673,0.3278927,0.02322316,0.9365728,12.26795,39.36972,7.244398,4,NB
2025-05-30 16:49:46.305,3120,0.1159856,0.2998193,0.01610055,0.9467824,12.12069,35.76709,5.872653,4,NB
2025-05-30 16:49:46.349,3121,0.110394,0.2728325,0.009139361,0.9556633,11.88875,32.34154,4.554643,4,NB
2025-05-30 16:49:46.398,3122,0.1065583,0.2545021,0.005209762,0.9611697,11.66502,30.0457,3.761797,4,NB
2025-05-30 16:49:46.436,3123,0.1006537,0.2237477,-0.0008246461,0.9694356,11.27531,26.24347,2.538929,4,NB
2025-05-30 16:49:46.461,3124,0.09535879,0.2019477,-0.004696277,0.9747318,10.82415,23.57249,1.712916,4,NB
2025-05-30 16:49:46.505,3125,0.08963728,0.1787643,-0.008358688,0.9797646,10.29028,20.76264,0.912471,4,NB
2025-05-30 16:49:46.540,3126,0.08521989,0.159385,-0.01120817,0.9834676,9.857297,18.43681,0.2977397,4,NB
2025-05-30 16:49:46.583,3127,0.07919909,0.1368599,-0.01359289,0.9873258,9.213351,15.75958,359.7003,4,NB
2025-05-30 16:49:46.616,3128,0.07383156,0.1196262,-0.01520782,0.9899532,8.616385,13.72612,359.2787,4,NB
2025-05-30 16:49:46.660,3129,0.06671573,0.100682,-0.01672655,0.9925384,7.805112,11.50641,358.8566,4,NB
2025-05-30 16:49:46.694,3130,0.06171846,0.08741184,-0.01735578,0.9941071,7.223705,9.963712,358.6301,4,NB
2025-05-30 16:49:46.747,3131,0.05991811,0.08239572,-0.01784184,0.994637,7.01526,9.380473,358.5209,4,NB
2025-05-30 16:49:46.772,3132,0.05044982,0.05746065,-0.01892044,0.9968927,5.898154,6.502969,358.1607,4,NB
2025-05-30 16:49:46.817,3133,0.04718559,0.04973999,-0.0196481,0.9974536,5.513797,5.61394,358.0136,4,NB
2025-05-30 16:49:46.850,3134,0.03854976,0.03086295,-0.02010771,0.9985775,4.486891,3.455455,357.8283,4,NB
2025-05-30 16:49:46.900,3135,0.03607461,0.02519009,-0.01967845,0.9988379,4.189577,2.810503,357.8455,4,NB
2025-05-30 16:49:46.928,3136,0.02975557,0.01452155,-0.0205827,0.9992399,3.443468,1.595687,357.6879,4,NB
2025-05-30 16:49:46.978,3137,0.02434424,0.005642064,-0.02019495,0.9994838,2.802378,0.5905791,357.6994,4,NB
2025-05-30 16:49:47.005,3138,0.01757305,-0.003975369,-0.01920497,0.9996533,2.004685,359.5056,357.7901,4,NB
2025-05-30 16:49:47.038,3139,0.01180878,-0.01178299,-0.01893699,0.9996816,1.327305,358.6241,357.8136,4,NB
2025-05-30 16:49:47.091,3140,0.005326891,-0.02037099,-0.01777099,0.9996204,0.5687109,357.6549,357.9514,4,NB
2025-05-30 16:49:47.128,3141,-0.0007095933,-0.02867608,-0.01708978,0.9994425,359.8626,356.7154,358.0447,4,NB
2025-05-30 16:49:47.149,3142,-0.007840576,-0.03769051,-0.01649345,0.9991227,359.031,355.6949,358.1449,4,NB
2025-05-30 16:49:47.204,3143,-0.008874347,-0.03808371,-0.0170077,0.9990905,358.9097,355.6522,358.0909,4,NB
2025-05-30 16:49:47.226,3144,-0.01743732,-0.04801952,-0.01612075,0.9985642,357.9155,354.5255,358.2499,4,NB
2025-05-30 16:49:47.271,3145,-0.01758864,-0.04741877,-0.0169275,0.9985769,357.8949,354.5964,358.157,4,NB
2025-05-30 16:49:47.304,3146,-0.02116627,-0.04772953,-0.01742852,0.998484,357.4821,354.5678,358.1195,4,NB
2025-05-30 16:49:47.338,3147,-0.02046386,-0.04408968,-0.01814151,0.9986533,357.5658,354.9861,358.0251,4,NB
2025-05-30 16:49:47.382,3148,-0.01865158,-0.03622885,-0.01974625,0.9989744,357.7823,355.8883,357.8148,4,NB
2025-05-30 16:49:47.415,3149,-0.01709511,-0.02789835,-0.02120375,0.9992397,357.9743,356.8435,357.6246,4,NB
2025-05-30 16:49:47.449,3150,-0.01456545,-0.01821088,-0.02210846,0.9994836,358.2854,357.9498,357.4963,4,NB
2025-05-30 16:49:47.495,3151,-0.007980133,-0.002126038,-0.02470265,0.9996608,359.0798,359.779,357.1707,4,NB
2025-05-30 16:49:47.527,3152,-0.001370406,0.01231199,-0.02749734,0.9995452,359.8818,1.414673,356.847,4,NB
2025-05-30 16:49:47.571,3153,0.01091491,0.03301619,-0.03132346,0.9989043,1.368024,3.743783,356.4525,4,NB
2025-05-30 16:49:47.617,3154,0.01838858,0.04906484,-0.03459006,0.9980271,2.298115,5.551577,356.1414,4,NB
2025-05-30 16:49:47.649,3155,0.02331754,0.0658056,-0.03728992,0.9968628,2.946104,7.448247,355.9073,4,NB
2025-05-30 16:49:47.683,3156,0.03213933,0.07684381,-0.03815635,0.9957944,4.006662,8.682423,355.9156,4,NB
2025-05-30 16:49:47.716,3157,0.03290255,0.08420634,-0.03982748,0.9951083,4.139821,9.520446,355.761,4,NB
2025-05-30 16:49:47.768,3158,0.03537698,0.08672419,-0.04232076,0.9947042,4.457508,9.790715,355.5095,4,NB
2025-05-30 16:49:47.794,3159,0.03981246,0.08426483,-0.04445649,0.9946548,4.973302,9.480334,355.2943,4,NB
2025-05-30 16:49:47.837,3160,0.04678524,0.08133989,-0.05040315,0.9943111,5.81045,9.082069,354.658,4,NB
2025-05-30 16:49:47.870,3161,0.05407515,0.08045803,-0.05549136,0.9937421,6.684551,8.914536,354.1294,4,NB
2025-05-30 16:49:47.919,3162,0.05823629,0.08044333,-0.05853736,0.9933333,7.187335,8.870852,353.8131,4,NB
2025-05-30 16:49:47.949,3163,0.06758149,0.07780244,-0.06099829,0.9928036,8.260958,8.497929,353.5831,4,NB
2025-05-30 16:49:47.982,3164,0.07388945,0.0751372,-0.06227386,0.9924802,8.976292,8.14488,353.4597,4,NB
2025-05-30 16:49:48.016,3165,0.0781185,0.06848736,-0.0615016,0.9926856,9.411175,7.359121,353.5161,4,NB
2025-05-30 16:49:48.060,3166,0.08686903,0.05825815,-0.06078047,0.9926559,10.3432,6.133002,353.5479,4,NB
2025-05-30 16:49:48.093,3167,0.08478959,0.05072792,-0.0596838,0.9933154,10.04961,5.282653,353.5878,4,NB
2025-05-30 16:49:48.138,3168,0.08287342,0.04116718,-0.05376979,0.9942567,9.742586,4.244731,354.1708,4,NB
2025-05-30 16:49:48.169,3169,0.0804802,0.03572195,-0.04921759,0.9948994,9.419148,3.670617,354.6383,4,NB
2025-05-30 16:49:48.204,3170,0.08069312,0.0323371,-0.04429767,0.9952291,9.409013,3.324841,355.1766,4,NB
2025-05-30 16:49:48.248,3171,0.08061407,0.02823548,-0.03725214,0.9956489,9.359597,2.917428,355.9534,4,NB
2025-05-30 16:49:48.282,3172,0.07867254,0.02467018,-0.03159961,0.9960942,9.107635,2.564249,356.5703,4,NB
2025-05-30 16:49:48.315,3173,0.07867027,0.02086211,-0.02597936,0.9963439,9.08208,2.175468,357.1855,4,NB
2025-05-30 16:49:48.359,3174,0.07741351,0.0156455,-0.01860924,0.9967027,8.910929,1.641888,357.9887,4,NB
2025-05-30 16:49:48.393,3175,0.07809383,0.01246763,-0.01568605,0.9967448,8.978879,1.299698,358.2988,4,NB
2025-05-30 16:49:48.443,3176,0.07906879,0.009352147,-0.01425807,0.9967234,9.084218,0.9509492,358.4364,4,NB
2025-05-30 16:49:48.470,3177,0.07970704,0.005608897,-0.01431064,0.9966999,9.151672,0.5164825,358.3961,4,NB
2025-05-30 16:49:48.525,3178,0.08088148,0.003848571,-0.01588766,0.9965897,9.284311,0.2961383,358.1974,4,NB
2025-05-30 16:49:48.560,3179,0.08337736,0.002268209,-0.01497232,0.9964031,9.568277,0.1175676,358.2881,4,NB
2025-05-30 16:49:48.582,3180,0.08286747,0.001936884,-0.01309959,0.9964727,9.508916,0.09812334,358.5018,4,NB
2025-05-30 16:49:48.627,3181,0.08211349,-0.001765121,-0.009538252,0.9965758,9.417713,359.7047,358.8789,4,NB
2025-05-30 16:49:48.659,3182,0.08190268,-0.005835457,-0.007112906,0.996598,9.390654,359.2568,359.1211,4,NB
2025-05-30 16:49:48.693,3183,0.07781225,-0.009070354,-0.004976644,0.9969144,8.919929,358.9062,359.3427,4,NB
2025-05-30 16:49:48.744,3184,0.07569113,-0.01093712,-0.003136796,0.9970665,8.67732,358.7083,359.5415,4,NB
2025-05-30 16:49:48.770,3185,0.07390822,-0.01185151,-0.001873244,0.9971929,8.473799,358.6146,359.6821,4,NB
2025-05-30 16:49:48.819,3186,0.07392651,-0.01391429,-0.000211482,0.9971667,8.477915,358.3905,359.8564,4,NB
2025-05-30 16:49:48.856,3187,0.07390776,-0.01694974,-9.20774e-05,0.9971211,8.475522,358.0407,359.8442,4,NB
2025-05-30 16:49:48.881,3188,0.07330652,-0.01867696,-0.0004241671,0.9971346,8.405446,357.8386,359.7924,4,NB
2025-05-30 16:49:48.931,3189,0.07229088,-0.01933792,-0.001137798,0.9971955,8.287034,357.7568,359.7067,4,NB
2025-05-30 16:49:48.959,3190,0.07193102,-0.01860758,-0.001571791,0.9972348,8.24497,357.8378,359.6635,4,NB
2025-05-30 16:49:48.993,3191,0.07097684,-0.01768443,-0.001886836,0.9973195,8.135026,357.9424,359.6369,4,NB
2025-05-30 16:49:49.026,3192,0.0710174,-0.01684706,-0.001933824,0.997331,8.139894,358.0388,359.6382,4,NB
2025-05-30 16:49:49.070,3193,0.07138443,-0.0168613,-0.001330495,0.9973055,8.183234,358.0418,359.707,4,NB
2025-05-30 16:49:49.104,3194,0.06964168,-0.0180947,-0.001571361,0.9974068,7.98219,357.8985,359.6728,4,NB
2025-05-30 16:49:49.137,3195,0.0658575,-0.01900116,-0.002133398,0.997646,7.546098,357.792,359.6093,4,NB
2025-05-30 16:49:49.181,3196,0.06084821,-0.02043678,-0.00254791,0.9979346,6.969496,357.627,359.5629,4,NB
2025-05-30 16:49:49.214,3197,0.05821361,-0.02110327,-0.002921459,0.9980769,6.665921,357.5496,359.5219,4,NB
2025-05-30 16:49:49.248,3198,0.0533152,-0.02050953,-0.003410911,0.9983613,6.102978,357.6186,359.4815,4,NB
2025-05-30 16:49:49.292,3199,0.05239607,-0.01887152,-0.003494764,0.9984421,5.998185,357.8073,359.484,4,NB
2025-05-30 16:49:49.327,3200,0.05286601,-0.01605304,-0.005323358,0.9984585,6.050103,358.1202,359.2897,4,NB
2025-05-30 16:49:49.359,3201,0.05272787,-0.01187574,-0.006051745,0.9985201,6.03615,358.5967,359.2315,4,NB
2025-05-30 16:49:49.404,3202,0.05888561,-0.00477495,-0.005227847,0.9982397,6.748649,359.4145,359.3654,4,NB
2025-05-30 16:49:49.437,3203,0.08571365,-0.0006697398,0.002409442,0.9963168,9.834284,359.9464,0.2725118,4,NB
2025-05-30 16:49:49.470,3204,0.111663,0.01077485,0.01037126,0.9936337,12.80777,1.394381,1.352538,4,NB
2025-05-30 16:49:49.523,3205,0.0768183,0.01737604,-0.0006286968,0.9968936,8.811324,2.003476,0.08210606,4,NB
2025-05-30 16:49:49.548,3206,0.05342105,0.01091547,-0.002920838,0.9985083,6.127797,1.238245,359.7311,4,NB
2025-05-30 16:49:49.598,3207,0.05501109,0.005019015,-0.004903323,0.9984612,6.309671,0.5466617,359.4674,4,NB
2025-05-30 16:49:49.636,3208,0.05453055,0.0009931504,-0.006875592,0.998488,6.252477,0.0710937,359.2148,4,NB
2025-05-30 16:49:49.673,3209,0.04787742,0.0006035794,-0.01028999,0.9988002,5.488868,0.01268583,358.8201,4,NB
2025-05-30 16:49:49.704,3210,0.03966302,0.00599876,-0.0194494,0.9990059,4.558706,0.600235,357.7932,4,NB
2025-05-30 16:49:49.737,3211,0.0295472,0.01411184,-0.0294433,0.9990301,3.43224,1.518739,356.6693,4,NB
2025-05-30 16:49:49.770,3212,0.02340313,0.02208556,-0.03577261,0.9988419,2.770308,2.435531,355.9567,4,NB
2025-05-30 16:49:49.816,3213,0.0207848,0.02829338,-0.03928903,0.998611,2.506637,3.148697,355.5628,4,NB
2025-05-30 16:49:49.848,3214,0.02025648,0.02943939,-0.03744541,0.9986596,2.445175,3.286858,355.7755,4,NB
2025-05-30 16:49:49.882,3215,0.03445151,0.02755889,-0.03046835,0.9985617,4.041744,3.042181,356.612,4,NB
2025-05-30 16:49:49.934,3216,0.05739278,0.0214391,-0.01969676,0.9979272,6.626245,2.338372,357.8739,4,NB
2025-05-30 16:49:49.959,3217,0.04651495,0.02240627,-0.0121574,0.9985924,5.361754,2.51094,358.7226,4,NB
2025-05-30 16:49:50.003,3218,0.02546079,0.02759293,-0.007300818,0.9992684,2.93983,3.144015,359.2435,4,NB
2025-05-30 16:49:50.037,3219,0.02689872,0.02823412,-0.006571302,0.9992177,3.102733,3.219015,359.3336,4,NB
2025-05-30 16:49:50.070,3220,0.03405351,0.0251398,-0.008019689,0.9990717,3.924794,2.854712,359.178,4,NB
2025-05-30 16:49:50.115,3221,0.048418,0.01780916,-0.01334261,0.9985794,5.57644,1.97358,358.5651,4,NB
2025-05-30 16:49:50.148,3222,0.05073082,0.01231324,-0.01774773,0.9984789,5.839626,1.312599,358.0303,4,NB
2025-05-30 16:49:50.182,3223,0.05138563,0.01060597,-0.02149453,0.9983913,5.915514,1.092716,357.5898,4,NB
2025-05-30 16:49:50.226,3224,0.05879308,0.01032921,-0.0267543,0.9978582,6.770172,1.007936,356.9879,4,NB
2025-05-30 16:49:50.260,3225,0.07051793,0.01122451,-0.03027344,0.9969879,8.122539,1.048301,356.5959,4,NB
2025-05-30 16:49:50.292,3226,0.07939016,0.0126484,-0.03306307,0.996215,9.149768,1.157936,356.2909,4,NB
2025-05-30 16:49:50.349,3227,0.09517089,0.01634056,-0.03382703,0.9947519,10.97895,1.521781,356.251,4,NB
2025-05-30 16:49:50.371,3228,0.09970263,0.01683532,-0.03364856,0.9943057,11.50204,1.56539,356.2812,4,NB
2025-05-30 16:49:50.415,3229,0.09754128,0.01800104,-0.03114707,0.9945812,11.2533,1.737104,356.5837,4,NB
2025-05-30 16:49:50.448,3230,0.1048856,0.01875792,-0.02874443,0.993892,12.09705,1.831874,356.8809,4,NB
2025-05-30 16:49:50.483,3231,0.1216617,0.01956147,-0.02702709,0.9920108,14.0304,1.904017,357.1131,4,NB
2025-05-30 16:49:50.539,3232,0.1609326,0.02256313,-0.02714507,0.9863341,18.58381,2.162877,357.201,4,NB
2025-05-30 16:49:50.559,3233,0.1976328,0.02696201,-0.02545712,0.9795746,22.86523,2.659872,357.5607,4,NB
2025-05-30 16:49:50.615,3234,0.2542987,0.03671706,-0.02467692,0.9661135,29.54947,3.848939,358.0892,4,NB
2025-05-30 16:49:50.636,3235,0.2699342,0.04689768,-0.02339242,0.9614516,31.41622,5.2138,358.6797,4,NB
2025-05-30 16:49:50.691,3236,0.2530607,0.04853164,-0.02078197,0.966009,29.40204,5.483173,358.9748,4,NB
2025-05-30 16:49:50.731,3237,0.2394705,0.04428488,-0.02047928,0.969677,27.78997,4.933187,358.8013,4,NB
2025-05-30 16:49:50.759,3238,0.226005,0.03309521,-0.02155471,0.9733252,26.19192,3.493714,358.2757,4,NB
2025-05-30 16:49:50.792,3239,0.2223648,0.02505688,-0.02341516,0.9743602,25.7535,2.44452,357.8057,4,NB
2025-05-30 16:49:50.847,3240,0.2181045,0.01977426,-0.02589782,0.9753814,25.24528,1.728214,357.3452,4,NB
2025-05-30 16:49:50.869,3241,0.2165249,0.01869608,-0.02735312,0.9757148,25.05929,1.558583,357.1348,4,NB
2025-05-30 16:49:50.913,3242,0.2191495,0.01885597,-0.02699112,0.9751357,25.36726,1.581899,357.185,4,NB
2025-05-30 16:49:50.962,3243,0.2237633,0.01934199,-0.02628984,0.974097,25.90952,1.651071,357.2879,4,NB
2025-05-30 16:49:50.992,3244,0.2356561,0.02320577,-0.02914293,0.9711223,27.3261,2.021351,357.0536,4,NB
2025-05-30 16:49:51.025,3245,0.2456098,0.02281548,-0.02703941,0.9687231,28.49548,2.016301,357.3143,4,NB
2025-05-30 16:49:51.078,3246,0.2602028,0.0181708,-0.02639709,0.9650221,30.20943,1.414534,357.2481,4,NB
2025-05-30 16:49:51.117,3247,0.2661745,0.01309591,-0.02783389,0.963434,30.90474,0.6956109,356.8826,4,NB
2025-05-30 16:49:51.136,3248,0.2634023,0.008666072,-0.02463096,0.9643328,30.56009,0.2487371,357.1417,4,NB
2025-05-30 16:49:51.191,3249,0.2728002,0.0005208924,-0.02249635,0.9618076,31.65384,359.2413,357.1051,4,NB
2025-05-30 16:49:51.213,3250,0.2739962,-0.001639268,-0.02341391,0.9614444,31.78865,358.9226,356.9031,4,NB
2025-05-30 16:49:51.268,3251,0.2727571,-0.004372152,-0.02244263,0.9618112,31.63362,358.61,356.9329,4,NB
2025-05-30 16:49:51.291,3252,0.2747845,-0.00472462,-0.02217536,0.9612386,31.87429,358.5648,356.947,4,NB
2025-05-30 16:49:51.347,3253,0.2799458,-0.005190842,-0.02093662,0.9597735,32.48996,358.5267,357.0714,4,NB
2025-05-30 16:49:51.380,3254,0.2831351,-0.006754595,-0.02049316,0.9588374,32.86654,358.3246,357.057,4,NB
2025-05-30 16:49:51.429,3255,0.283031,-0.008349709,-0.01962207,0.9588737,32.85087,358.15,357.11,4,NB
2025-05-30 16:49:51.468,3256,0.2872007,-0.01298642,-0.01800393,0.9576132,33.33867,357.5843,357.1224,4,NB
2025-05-30 16:49:51.491,3257,0.2901432,-0.01701053,-0.01834668,0.9566562,33.67701,357.0248,356.902,4,NB
2025-05-30 16:49:51.535,3258,0.2940104,-0.020454,-0.02019192,0.9553701,34.12163,356.4711,356.4951,4,NB
2025-05-30 16:49:51.568,3259,0.2968617,-0.02141728,-0.0212923,0.9544429,34.45529,356.2782,356.2896,4,NB
2025-05-30 16:49:51.612,3260,0.2959155,-0.02113736,-0.02016554,0.9547674,34.34734,356.3683,356.4574,4,NB
2025-05-30 16:49:51.671,3261,0.2931855,-0.02138749,-0.01726291,0.9556605,34.03043,356.4718,356.8503,4,NB
2025-05-30 16:49:51.690,3262,0.2904695,-0.02206378,-0.01676402,0.9564831,33.7051,356.42,356.907,4,NB
2025-05-30 16:49:51.749,3263,0.2895061,-0.0241601,-0.0162266,0.9567337,33.5852,356.1714,356.9009,4,NB
2025-05-30 16:49:51.768,3264,0.2892124,-0.02455945,-0.01672392,0.9568038,33.54677,356.1011,356.8217,4,NB
2025-05-30 16:49:51.828,3265,0.2914077,-0.02349924,-0.01793011,0.9561423,33.808,356.1779,356.6895,4,NB
2025-05-30 16:49:51.846,3266,0.2937841,-0.02229418,-0.0181508,0.9554395,34.09568,356.312,356.6921,4,NB
2025-05-30 16:49:51.891,3267,0.2930384,-0.02057522,-0.01828312,0.9557045,34.01181,356.5389,356.7492,4,NB
2025-05-30 16:49:51.925,3268,0.2912194,-0.01958632,-0.01901924,0.9562668,33.79491,356.6517,356.7038,4,NB
2025-05-30 16:49:51.983,3269,0.2823296,-0.01699474,-0.01938895,0.958971,32.74035,357.0326,356.8116,4,NB
2025-05-30 16:49:52.002,3270,0.2797858,-0.01560199,-0.01942479,0.9597392,32.44138,357.2278,356.8744,4,NB
2025-05-30 16:49:52.046,3271,0.277223,-0.01266696,-0.02046008,0.9605043,32.14268,357.5851,356.8636,4,NB
2025-05-30 16:49:52.080,3272,0.2735139,-0.01057715,-0.02109529,0.9615787,31.7062,357.8524,356.8766,4,NB
2025-05-30 16:49:52.135,3273,0.2690828,-0.008195608,-0.02081904,0.9628572,31.18717,358.1923,357.0181,4,NB
2025-05-30 16:49:52.158,3274,0.267006,-0.007654695,-0.02111917,0.9634331,30.94143,358.261,357.0071,4,NB
2025-05-30 16:49:52.202,3275,0.2615925,-0.006403045,-0.02103129,0.9649281,30.30257,358.4496,357.0829,4,NB
2025-05-30 16:49:52.236,3276,0.2581876,-0.006216951,-0.02097465,0.9658472,29.89939,358.4903,357.1088,4,NB
2025-05-30 16:49:52.291,3277,0.2502536,-0.005329759,-0.02162451,0.9679243,28.96154,358.6154,357.0827,4,NB
2025-05-30 16:49:52.313,3278,0.2465183,-0.004727777,-0.02200945,0.9688767,28.52118,358.6949,357.0656,4,NB
2025-05-30 16:49:52.358,3279,0.2402537,-0.003207962,-0.02304944,0.9704313,27.78477,358.8794,357.0016,4,NB
2025-05-30 16:49:52.392,3280,0.2356312,-0.00219439,-0.02282015,0.9715722,27.24299,359.0321,357.0744,4,NB
2025-05-30 16:49:52.436,3281,0.2289775,-0.001027524,-0.0224026,0.9731734,26.46324,359.2154,357.178,4,NB
2025-05-30 16:49:52.469,3282,0.2241126,-0.0004660966,-0.02196589,0.9743156,25.89303,359.3151,357.2595,4,NB
2025-05-30 16:49:52.513,3283,0.2189337,7.655316e-05,-0.0219947,0.9754919,25.28616,359.3992,357.2819,4,NB
2025-05-30 16:49:52.548,3284,0.2160728,0.0008444868,-0.0224991,0.9761177,24.95226,359.4897,357.2463,4,NB
2025-05-30 16:49:52.606,3285,0.2099696,0.002097901,-0.02284314,0.9774389,24.24005,359.6549,357.2483,4,NB
2025-05-30 16:49:52.625,3286,0.208125,0.002662463,-0.02273466,0.9778345,24.02558,359.733,357.2794,4,NB
2025-05-30 16:49:52.669,3287,0.202765,0.00361043,-0.02266092,0.9789586,23.4008,359.8676,357.3205,4,NB
2025-05-30 16:49:52.703,3288,0.1977943,0.004338654,-0.02225601,0.9799813,22.82157,359.9813,357.3942,4,NB
2025-05-30 16:49:52.761,3289,0.188473,0.005342477,-0.02132285,0.9818324,21.7357,0.1513208,357.5408,4,NB
2025-05-30 16:49:52.780,3290,0.1837984,0.005650409,-0.0207962,0.9827278,21.19128,0.2126836,357.6152,4,NB
2025-05-30 16:49:52.825,3291,0.1731894,0.006352831,-0.02063151,0.984652,19.9576,0.3269928,357.6568,4,NB
2025-05-30 16:49:52.858,3292,0.1675789,0.006362864,-0.01984744,0.9856384,19.30502,0.3576374,357.7537,4,NB
2025-05-30 16:49:52.902,3293,0.1582018,0.005612356,-0.01952735,0.9871978,18.2143,0.2957099,357.781,4,NB
2025-05-30 16:49:52.936,3294,0.1500111,0.004166998,-0.01902364,0.9884925,17.2612,0.1518299,357.818,4,NB
2025-05-30 16:49:52.992,3295,0.1407727,0.002402608,-0.01977311,0.9898416,16.18742,359.9516,357.7043,4,NB
2025-05-30 16:49:53.025,3296,0.134418,0.001170926,-0.02039826,0.9907141,15.44941,359.812,357.6154,4,NB
2025-05-30 16:49:53.058,3297,-0.1270995,-0.001251879,0.01988082,-0.99169,14.60397,359.8478,357.6835,4,NB
2025-05-30 16:49:53.092,3298,-0.1208426,-0.001369093,0.01973937,-0.9924745,13.88184,359.8788,357.7064,4,NB
2025-05-30 16:49:53.136,3299,-0.1165563,-0.001547146,0.01955755,-0.9929904,13.38769,359.9124,357.7331,4,NB
2025-05-30 16:49:53.169,3300,-0.1125334,-0.003056953,0.020292,-0.9934361,12.92724,0.08857363,357.6697,4,NB
2025-05-30 16:49:53.215,3301,-0.1058024,-0.006684928,0.02145436,-0.9941333,12.16046,0.5129445,357.582,4,NB
2025-05-30 16:49:53.263,3302,-0.1021506,-0.00960483,0.02212661,-0.9944765,11.74743,0.8534548,357.5386,4,NB
2025-05-30 16:49:53.292,3303,-0.09810305,-0.01315771,0.02278743,-0.9948284,11.29094,1.268445,357.501,4,NB
2025-05-30 16:49:53.326,3304,-0.09499397,-0.01561724,0.02309332,-0.9950875,10.93971,1.55793,357.4903,4,NB
2025-05-30 16:49:53.358,3305,-0.09189939,-0.01752617,0.02268345,-0.9953557,10.5877,1.790924,357.555,4,NB
2025-05-30 16:49:53.414,3306,-0.08587386,-0.01735721,0.02137692,-0.9959255,9.891912,1.797541,357.6963,4,NB
2025-05-30 16:49:53.437,3307,-0.08273257,-0.01637283,0.02133392,-0.996209,9.528397,1.690383,357.6873,4,NB
2025-05-30 16:49:53.481,3308,-0.07818303,-0.0137744,0.0204423,-0.9966344,8.998169,1.407433,357.7607,4,NB
2025-05-30 16:49:53.513,3309,-0.07633298,-0.01113295,0.01947837,-0.99683,8.778541,1.114442,357.8467,4,NB
2025-05-30 16:49:53.572,3310,-0.07439937,-0.008537399,0.01837167,-0.9970229,8.549825,0.8280028,357.9506,4,NB
2025-05-30 16:49:53.591,3311,-0.07091968,-0.00714239,0.0181046,-0.9972922,8.147036,0.6759462,357.9681,4,NB
2025-05-30 16:49:53.636,3312,-0.06952669,-0.007426527,0.01814711,-0.9973875,7.987648,0.7111301,357.9649,4,NB
2025-05-30 16:49:53.670,3313,-0.0678886,-0.008597359,0.01752993,-0.9975019,7.80138,0.8542883,358.0446,4,NB
2025-05-30 16:49:53.714,3314,-0.06836441,-0.01075921,0.01660203,-0.9974644,7.859211,1.110225,358.1692,4,NB
2025-05-30 16:49:53.748,3315,-0.07124672,-0.01277898,0.01724195,-0.9972279,8.194798,1.333268,358.1144,4,NB
2025-05-30 16:49:53.791,3316,-0.07342543,-0.01513777,0.01782246,-0.9970266,8.450437,1.59709,358.0698,4,NB
2025-05-30 16:49:53.825,3317,-0.0720458,-0.01564892,0.01804251,-0.9971154,8.29331,1.656658,358.0468,4,NB
2025-05-30 16:49:53.870,3318,-0.06883027,-0.01617881,0.01881714,-0.9973198,7.926372,1.717229,357.9572,4,NB
2025-05-30 16:49:53.903,3319,-0.06512551,-0.01760815,0.01873255,-0.997546,7.503747,1.889516,357.9723,4,NB
2025-05-30 16:49:53.937,3320,-0.0621581,-0.01964554,0.01792568,-0.997712,7.165514,2.13555,358.0751,4,NB
2025-05-30 16:49:53.992,3321,-0.05727228,-0.02260714,0.01684038,-0.9979607,6.607799,2.492117,358.2104,4,NB
2025-05-30 16:49:54.014,3322,-0.05601738,-0.02305933,0.01673614,-0.9980233,6.464358,2.546774,358.2224,4,NB
2025-05-30 16:49:54.069,3323,-0.05155193,-0.0240235,0.01633696,-0.9982477,5.952741,2.666895,358.2635,4,NB
2025-05-30 16:49:54.092,3324,-0.04796353,-0.0249031,0.01564425,-0.9984162,5.540785,2.777238,358.339,4,NB
2025-05-30 16:49:54.136,3325,-0.04385436,-0.0255361,0.01571209,-0.998588,5.070837,2.855484,358.3236,4,NB
2025-05-30 16:49:54.169,3326,-0.04228723,-0.025833,0.01589447,-0.9986451,4.892188,2.890965,358.2998,4,NB
2025-05-30 16:49:54.214,3327,-0.03925953,-0.02704229,0.01654927,-0.9987261,4.549139,3.031377,358.2218,4,NB
2025-05-30 16:49:54.247,3328,-0.03684923,-0.02813578,0.01665662,-0.9987859,4.275153,3.160264,358.2071,4,NB
2025-05-30 16:49:54.300,3329,-0.0347179,-0.02968636,0.0166036,-0.9988182,4.033489,3.341898,358.213,4,NB
2025-05-30 16:49:54.326,3330,-0.0314694,-0.03075014,0.01637731,-0.9988974,3.662354,3.469965,358.2324,4,NB
2025-05-30 16:49:54.359,3331,-0.02906165,-0.03083964,0.01627385,-0.9989694,3.386268,3.484351,358.2364,4,NB
2025-05-30 16:49:54.415,3332,-0.02475126,-0.03159165,0.01664894,-0.9990557,2.89511,3.57638,358.1809,4,NB
2025-05-30 16:49:54.448,3333,-0.02234505,-0.03144512,0.01651137,-0.9991194,2.618706,3.56391,358.1879,4,NB
2025-05-30 16:49:54.481,3334,-0.02042897,-0.03094461,0.01577109,-0.9991879,2.395709,3.511457,358.2649,4,NB
2025-05-30 16:49:54.514,3335,-0.01984633,-0.02996087,0.01510468,-0.99924,2.324989,3.401097,358.337,4,NB
2025-05-30 16:49:54.559,3336,-0.01926037,-0.02840443,0.01410052,-0.9993116,2.252031,3.22574,358.4466,4,NB
2025-05-30 16:49:54.593,3337,-0.01755331,-0.02738562,0.01343356,-0.9993806,2.05281,3.112724,358.5155,4,NB
2025-05-30 16:49:54.636,3338,-0.01356744,-0.02652432,0.01211276,-0.9994828,1.59093,3.021624,358.6533,4,NB
2025-05-30 16:49:54.669,3339,-0.01034073,-0.02574875,0.01046936,-0.9995602,1.215422,2.938835,358.831,4,NB
2025-05-30 16:49:54.703,3340,-0.008213112,-0.02460498,0.009326383,-0.9996201,0.9671374,2.811202,358.9546,4,NB
2025-05-30 16:49:54.748,3341,-0.00485734,-0.02243487,0.006498388,-0.9997154,0.5731677,2.567485,359.268,4,NB
2025-05-30 16:49:54.781,3342,-0.002246258,-0.02079187,0.004508633,-0.9997712,0.2680864,2.381578,359.4888,4,NB
2025-05-30 16:49:54.825,3343,0.003212645,-0.01815545,0.001826909,-0.9998285,359.6357,2.081276,359.784,4,NB
2025-05-30 16:49:54.874,3344,0.007194865,-0.01639821,0.000433174,-0.9998397,359.1765,1.879683,359.9368,4,NB
2025-05-30 16:49:54.903,3345,0.01211686,-0.01390388,-0.0004212641,-0.9998299,358.6109,1.593085,0.0289682,4,NB
2025-05-30 16:49:54.936,3346,0.01548269,-0.01255836,-0.0006496185,-0.9998012,358.2249,1.438484,0.05217018,4,NB
2025-05-30 16:49:54.988,3347,0.01857704,-0.01204847,-0.0008991057,-0.9997545,357.87,1.379486,0.07740968,4,NB
2025-05-30 16:49:55.014,3348,0.02230591,-0.01230214,-0.001034168,-0.9996751,357.4424,1.408164,0.08711009,4,NB
2025-05-30 16:49:55.047,3349,0.02298066,-0.01286805,-0.001625603,-0.9996519,357.3642,1.471494,0.1524905,4,NB
2025-05-30 16:49:55.092,3350,0.02129724,-0.01242099,-0.003413039,-0.9996903,357.5547,1.416004,0.3610021,4,NB
2025-05-30 16:49:55.125,3351,0.02137782,-0.01152656,-0.004555263,-0.9996947,357.5443,1.310602,0.4940583,4,NB
2025-05-30 16:49:55.169,3352,0.02284083,-0.01263804,-0.003069688,-0.9996546,357.3782,1.441338,0.3188958,4,NB
2025-05-30 16:49:55.203,3353,0.02410799,-0.01329837,-0.001991435,-0.999619,357.2344,1.519747,0.1916005,4,NB
2025-05-30 16:49:55.237,3354,0.0248417,-0.01505851,5.794521e-05,-0.9995781,357.1535,1.727407,359.9504,4,NB
2025-05-30 16:49:55.281,3355,0.02783952,-0.01577926,0.001583161,-0.9994867,356.8127,1.815403,359.768,4,NB
2025-05-30 16:49:55.331,3356,0.02941823,-0.01469865,0.001454849,-0.9994581,356.6313,1.691501,359.7834,4,NB
2025-05-30 16:49:55.358,3357,0.02933007,-0.0120117,0.001507156,-0.9994965,356.6409,1.383323,359.7867,4,NB
2025-05-30 16:49:55.392,3358,0.02867799,-0.01142855,0.003249259,-0.9995182,356.7178,1.321948,359.5896,4,NB
2025-05-30 16:49:55.437,3359,0.02939379,-0.01261368,0.004889367,-0.9994764,356.6386,1.46381,359.3965,4,NB
2025-05-30 16:49:55.469,3360,0.0271961,-0.01678821,0.01083188,-0.9994305,356.9047,1.959689,358.7051,4,NB
2025-05-30 16:49:55.503,3361,0.02755525,-0.02562337,0.01755105,-0.9991378,356.8951,2.994866,357.9061,4,NB
2025-05-30 16:49:55.559,3362,0.0384449,-0.02584695,0.01147381,-0.9988606,355.6293,3.019188,358.5685,4,NB
2025-05-30 16:49:55.580,3363,0.03993016,-0.02450311,0.009724206,-0.9988548,355.4521,2.859313,358.7709,4,NB
2025-05-30 16:49:55.626,3364,0.04157956,-0.02123826,0.009487946,-0.9988645,355.2584,2.485451,358.8087,4,NB
2025-05-30 16:49:55.659,3365,0.04328752,-0.01872817,0.008072016,-0.9988545,355.0565,2.19236,358.9793,4,NB
2025-05-30 16:49:55.703,3366,0.04734091,-0.01737494,0.009321254,-0.9986843,354.5928,2.048518,358.8337,4,NB
2025-05-30 16:49:55.736,3367,0.05068902,-0.01725774,0.009187404,-0.9985232,354.2083,2.038871,358.8425,4,NB
2025-05-30 16:49:55.769,3368,0.05385964,-0.01662564,0.008448255,-0.9983745,353.8424,1.965928,358.9246,4,NB
2025-05-30 16:49:55.814,3369,0.0573907,-0.01510314,0.006678893,-0.9982153,353.4324,1.783517,359.131,4,NB
2025-05-30 16:49:55.847,3370,0.06026878,-0.01303506,0.004113627,-0.9980887,353.0964,1.53054,359.4354,4,NB
2025-05-30 16:49:55.901,3371,0.06159876,-0.01060045,0.002553411,-0.9980415,352.9404,1.239862,359.6303,4,NB
2025-05-30 16:49:55.939,3372,0.06135975,-0.00920109,0.003598046,-0.9980668,352.9684,1.085859,359.5202,4,NB
2025-05-30 16:49:55.959,3373,0.061279,-0.008790769,0.004146483,-0.9980735,352.9781,1.042399,359.46,4,NB
2025-05-30 16:49:56.015,3374,0.06129972,-0.00883424,0.004617668,-0.9980696,352.9762,1.050756,359.4053,4,NB
2025-05-30 16:49:56.047,3375,0.06254001,-0.01058145,0.005726151,-0.99797,352.8363,1.261065,359.2635,4,NB
2025-05-30 16:49:56.081,3376,0.06293596,-0.01286432,0.006479834,-0.9979137,352.7937,1.530065,359.1596,4,NB
2025-05-30 16:49:56.114,3377,0.06343748,-0.01612369,0.009416441,-0.9978112,352.7445,1.927843,358.7964,4,NB
2025-05-30 16:49:56.148,3378,0.0651979,-0.01987804,0.01159861,-0.9976071,352.5522,2.379815,358.5128,4,NB
2025-05-30 16:49:56.206,3379,0.06869937,-0.02285859,0.01211361,-0.997302,352.1561,2.734308,358.4207,4,NB
2025-05-30 16:49:56.225,3380,0.06903879,-0.02288946,0.01172825,-0.9972824,352.1161,2.735481,358.4639,4,NB
2025-05-30 16:49:56.269,3381,0.06982472,-0.02128475,0.01093424,-0.9972723,352.0214,2.545356,358.5661,4,NB
2025-05-30 16:49:56.303,3382,0.06961554,-0.0200876,0.01059257,-0.9973155,352.0429,2.404035,358.6157,4,NB
2025-05-30 16:49:56.356,3383,0.06900865,-0.01948484,0.009968354,-0.997376,352.1103,2.328443,358.6942,4,NB
2025-05-30 16:49:56.381,3384,0.06826334,-0.0195864,0.01033992,-0.9974216,352.1969,2.341862,358.6524,4,NB
2025-05-30 16:49:56.414,3385,0.06645238,-0.01985146,0.009645886,-0.9975455,352.4035,2.364091,358.735,4,NB
2025-05-30 16:49:56.458,3386,0.06453402,-0.01967783,0.00836349,-0.9976866,352.6205,2.331494,358.889,4,NB
2025-05-30 16:49:56.492,3387,0.06346433,-0.01890393,0.007735086,-0.9977751,352.7411,2.23615,358.9698,4,NB
2025-05-30 16:49:56.536,3388,0.06258686,-0.01725014,0.006795289,-0.9978674,352.8382,2.037563,359.0921,4,NB
2025-05-30 16:49:56.569,3389,0.06205006,-0.01641167,0.006369767,-0.9979178,352.8982,1.937243,359.1483,4,NB
2025-05-30 16:49:56.604,3390,0.06123003,-0.0155663,0.005983328,-0.9979845,352.9909,1.836186,359.2005,4,NB
2025-05-30 16:49:56.648,3391,0.06182125,-0.01612165,0.006930093,-0.997933,352.9253,1.907553,359.0863,4,NB
2025-05-30 16:49:56.681,3392,0.061647,-0.01700514,0.006700785,-0.9979307,352.9456,2.007553,359.1068,4,NB
2025-05-30 16:49:56.736,3393,0.05987238,-0.01916653,0.008168397,-0.9979887,353.1546,2.264677,358.9266,4,NB
2025-05-30 16:49:56.770,3394,0.0583008,-0.01964717,0.009354187,-0.998062,353.3382,2.325867,358.7906,4,NB
2025-05-30 16:49:56.803,3395,0.05709695,-0.0201623,0.01006758,-0.9981144,353.4787,2.388082,358.7081,4,NB
2025-05-30 16:49:56.856,3396,0.05511614,-0.02108775,0.01042009,-0.9982029,353.708,2.493751,358.6667,4,NB
2025-05-30 16:49:56.892,3397,0.05362964,-0.02202961,0.0104419,-0.9982634,353.8799,2.599898,358.6624,4,NB
2025-05-30 16:49:56.914,3398,0.05361132,-0.02195911,0.01028708,-0.9982675,353.8815,2.590803,358.6807,4,NB
2025-05-30 16:49:56.959,3399,0.0533031,-0.02220605,0.01085201,-0.9982726,353.9187,2.622182,358.615,4,NB
2025-05-30 16:49:57.009,3400,0.05240015,-0.02239762,0.01091264,-0.9983155,354.0227,2.643083,358.6094,4,NB
2025-05-30 16:49:57.036,3401,0.05216503,-0.02276156,0.01079148,-0.9983209,354.0498,2.683846,358.6219,4,NB
2025-05-30 16:49:57.085,3402,0.05049214,-0.02292492,0.0107162,-0.9984039,354.2417,2.699428,358.6343,4,NB
2025-05-30 16:49:57.124,3403,0.04923741,-0.0223636,0.01052735,-0.9984813,354.3844,2.631736,358.6628,4,NB
2025-05-30 16:49:57.162,3404,0.0485674,-0.02157193,0.01044512,-0.9985324,354.4599,2.539152,358.6785,4,NB
2025-05-30 16:49:57.191,3405,0.04679274,-0.02083303,0.01021566,-0.9986352,354.6619,2.450178,358.7136,4,NB
2025-05-30 16:49:57.226,3406,0.04649853,-0.01976442,0.01045911,-0.9986681,354.6949,2.328159,358.692,4,NB
2025-05-30 16:49:57.269,3407,0.04680935,-0.0190454,0.01039892,-0.9986683,354.6581,2.245639,358.7021,4,NB
2025-05-30 16:49:57.303,3408,0.04730582,-0.01914212,0.01074733,-0.9986393,354.6021,2.259402,358.6603,4,NB
2025-05-30 16:49:57.337,3409,0.04801666,-0.0191253,0.01011825,-0.9986122,354.5192,2.255119,358.731,4,NB
2025-05-30 16:49:57.395,3410,0.04856656,-0.01848082,0.009230915,-0.9986064,354.4533,2.176881,358.8353,4,NB
2025-05-30 16:49:57.414,3411,0.04835301,-0.01839119,0.009151585,-0.9986191,354.4775,2.165838,358.8454,4,NB
2025-05-30 16:49:57.469,3412,0.04765885,-0.01886895,0.009520428,-0.9986402,354.5585,2.221842,358.802,4,NB
2025-05-30 16:49:57.508,3413,0.04660798,-0.01934415,0.00984863,-0.9986775,354.6804,2.276747,358.7642,4,NB
2025-05-30 16:49:57.536,3414,0.04551381,-0.02011191,0.00994178,-0.9987118,354.807,2.363907,358.7521,4,NB
2025-05-30 16:49:57.569,3415,0.04553135,-0.01969353,0.008096702,-0.998736,354.8002,2.306215,358.9663,4,NB
2025-05-30 16:49:57.614,3416,0.04614669,-0.0177974,0.00542154,-0.9987615,354.7221,2.074823,359.2823,4,NB
2025-05-30 16:49:57.646,3417,0.04618699,-0.01622119,0.004789072,-0.9987897,354.7152,1.890285,359.3633,4,NB
2025-05-30 16:49:57.692,3418,0.04633144,-0.01537596,0.00551093,-0.9987926,354.6994,1.797064,359.2845,4,NB
2025-05-30 16:49:57.725,3419,0.04649594,-0.01635862,0.005932515,-0.998767,354.682,1.912442,359.2305,4,NB
2025-05-30 16:49:57.759,3420,0.04603184,-0.01712199,0.005753217,-0.9987768,354.7355,1.998818,359.248,4,NB
2025-05-30 16:49:57.814,3421,0.04430895,-0.01755629,0.00616102,-0.9988447,354.9342,2.049199,359.2025,4,NB
2025-05-30 16:49:57.836,3422,0.04395277,-0.01757169,0.00626277,-0.9988595,354.9753,2.051133,359.1915,4,NB
2025-05-30 16:49:57.881,3423,0.04150399,-0.01815641,0.006828904,-0.9989501,355.2578,2.118598,359.1289,4,NB
2025-05-30 16:49:57.914,3424,0.03985509,-0.0183167,0.007548902,-0.9990091,355.4485,2.138575,359.0491,4,NB
2025-05-30 16:49:57.959,3425,0.03837814,-0.01837979,0.008326688,-0.9990596,355.6196,2.147582,358.9628,4,NB
2025-05-30 16:49:57.992,3426,0.03744502,-0.0178517,0.008613783,-0.9991022,355.7266,2.08704,358.9342,4,NB
2025-05-30 16:49:58.046,3427,0.03663762,-0.01665082,0.008227356,-0.9991561,355.8172,1.946532,358.9854,4,NB
2025-05-30 16:49:58.069,3428,0.03573701,-0.01609813,0.007630457,-0.9992025,355.9187,1.879589,359.058,4,NB
2025-05-30 16:49:58.114,3429,0.03445156,-0.01640128,0.006933634,-0.9992478,356.0651,1.910264,359.1393,4,NB
2025-05-30 16:49:58.147,3430,0.03364106,-0.01579779,0.006578881,-0.9992875,356.1568,1.838815,359.1839,4,NB
2025-05-30 16:49:58.181,3431,0.03263964,-0.01526274,0.006604928,-0.9993289,356.2712,1.776556,359.1848,4,NB
2025-05-30 16:49:58.238,3432,0.03199844,-0.01517973,0.007077985,-0.9993477,356.3455,1.768163,359.132,4,NB
2025-05-30 16:49:58.259,3433,0.03115127,-0.01552553,0.006990147,-0.9993697,356.4427,1.806705,359.1424,4,NB
2025-05-30 16:49:58.303,3434,0.02754086,-0.01584917,0.006674724,-0.9994728,356.8563,1.839372,359.1843,4,NB
2025-05-30 16:49:58.337,3435,0.0210598,-0.01595683,0.007232722,-0.9996248,357.6002,1.847226,359.1322,4,NB
2025-05-30 16:49:58.381,3436,0.005124563,-0.01591752,0.008400444,-0.9998249,359.4282,1.829029,359.0281,4,NB
2025-05-30 16:49:58.431,3437,-0.007323614,-0.01694021,0.01086285,-0.9997708,0.8601511,1.932228,358.7695,4,NB
2025-05-30 16:49:58.458,3438,-0.02554824,-0.01844739,0.01424913,-0.9994019,2.957295,2.074149,358.4199,4,NB
2025-05-30 16:49:58.493,3439,-0.03561785,-0.02021831,0.01519235,-0.9990456,4.116347,2.25904,358.3387,4,NB
2025-05-30 16:49:58.537,3440,-0.05544918,-0.02104775,0.01745917,-0.998087,6.397247,2.31136,358.1249,4,NB
2025-05-30 16:49:58.569,3441,-0.07283194,-0.01994626,0.01862879,-0.9969708,8.393209,2.146764,358.0166,4,NB
2025-05-30 16:49:58.614,3442,-0.09670233,-0.01877754,0.01926745,-0.9949498,11.13676,1.964749,357.9727,4,NB
2025-05-30 16:49:58.647,3443,-0.1081749,-0.01880284,0.02131466,-0.9937256,12.46211,1.922562,357.7524,4,NB
2025-05-30 16:49:58.691,3444,-0.123654,-0.0180252,0.02145706,-0.9919297,14.246,1.800482,357.7466,4,NB
2025-05-30 16:49:58.726,3445,-0.1385729,-0.01859804,0.02116423,-0.9899514,15.97085,1.845219,357.8094,4,NB
2025-05-30 16:49:58.769,3446,-0.1446378,-0.01803011,0.0217534,-0.9890813,16.67254,1.757126,357.7376,4,NB
2025-05-30 16:49:58.803,3447,-0.155757,-0.01788266,0.02020509,-0.9874269,17.95802,1.748235,357.9318,4,NB
2025-05-30 16:49:58.847,3448,-0.1756986,-0.02008955,0.02236317,-0.983985,20.28366,1.935333,357.7423,4,NB
2025-05-30 16:49:58.881,3449,-0.1829709,-0.02171153,0.02437456,-0.9825764,21.13853,2.073493,357.5449,4,NB
2025-05-30 16:49:58.924,3450,-0.1906858,-0.02389601,0.0243088,-0.9810592,22.04346,2.325858,357.6143,4,NB
2025-05-30 16:49:58.969,3451,-0.1991856,-0.02604956,0.02458916,-0.9793069,23.04218,2.567692,357.6468,4,NB
2025-05-30 16:49:59.002,3452,-0.1998841,-0.02674042,0.02552984,-0.9791219,23.12804,2.62751,357.5505,4,NB
2025-05-30 16:49:59.058,3453,-0.2045086,-0.02614681,0.02602121,-0.9781696,23.66879,2.534986,357.4836,4,NB
2025-05-30 16:49:59.080,3454,-0.2047706,-0.02518887,0.02643911,-0.9781287,23.698,2.406478,357.4083,4,NB
2025-05-30 16:49:59.124,3455,-0.2055944,-0.02322505,0.02691154,-0.9779915,23.79023,2.152135,357.3009,4,NB
2025-05-30 16:49:59.170,3456,-0.2062225,-0.02186387,0.02780025,-0.9778658,23.86177,1.960967,357.1575,4,NB
2025-05-30 16:49:59.202,3457,-0.2065992,-0.02107608,0.02760293,-0.9778093,23.9032,1.868633,357.1616,4,NB
2025-05-30 16:49:59.246,3458,-0.2070529,-0.02121571,0.02780698,-0.9777044,23.95713,1.879393,357.1405,4,NB
2025-05-30 16:49:59.280,3459,-0.2076387,-0.0211884,0.02782185,-0.9775803,24.02567,1.87428,357.1385,4,NB
2025-05-30 16:49:59.324,3460,-0.2083838,-0.02115407,0.02843543,-0.9774049,24.11401,1.852225,357.0628,4,NB
2025-05-30 16:49:59.359,3461,-0.2091328,-0.02050639,0.0283712,-0.9772606,24.19968,1.772537,357.0542,4,NB
2025-05-30 16:49:59.402,3462,-0.2112994,-0.01964818,0.02916446,-0.9767887,24.45231,1.640433,356.9351,4,NB
2025-05-30 16:49:59.435,3463,-0.2132555,-0.01857006,0.02927095,-0.9763814,24.6784,1.499524,356.8937,4,NB
2025-05-30 16:49:59.494,3464,-0.212208,-0.01747966,0.02894157,-0.9766396,24.55163,1.377077,356.9049,4,NB
2025-05-30 16:49:59.524,3465,-0.2120701,-0.01695153,0.02835116,-0.9766961,24.533,1.328282,356.9634,4,NB
2025-05-30 16:49:59.559,3466,-0.2124255,-0.01583176,0.02746086,-0.9766631,24.57007,1.213337,357.0431,4,NB
2025-05-30 16:49:59.602,3467,-0.2122342,-0.01468533,0.02680388,-0.9767408,24.54343,1.090376,357.0933,4,NB
2025-05-30 16:49:59.636,3468,-0.210955,-0.01432774,0.02635473,-0.9770355,24.39193,1.06188,357.1393,4,NB
2025-05-30 16:49:59.680,3469,-0.2092743,-0.01425933,0.02541244,-0.9774228,24.19376,1.082862,357.2534,4,NB
2025-05-30 16:49:59.713,3470,-0.2087652,-0.01389972,0.0247486,-0.9775539,24.13238,1.057457,357.3256,4,NB
2025-05-30 16:49:59.759,3471,-0.2084352,-0.0127855,0.02413492,-0.9776549,24.09008,0.9376108,357.3718,4,NB
2025-05-30 16:49:59.802,3472,-0.2087922,-0.01120572,0.02370358,-0.9776086,24.12729,0.7540994,357.3833,4,NB
2025-05-30 16:49:59.836,3473,-0.2089209,-0.01051889,0.023596,-0.9775913,24.14045,0.6722708,357.3784,4,NB
2025-05-30 16:49:59.881,3474,-0.208353,-0.01023581,0.02292277,-0.9777316,24.07273,0.6566474,357.4539,4,NB
2025-05-30 16:49:59.924,3475,-0.2074785,-0.01022648,0.0221092,-0.9779364,23.96971,0.6789247,357.5539,4,NB
2025-05-30 16:49:59.958,3476,-0.206743,-0.009608659,0.02164926,-0.9781086,23.88174,0.6169029,357.5945,4,NB
2025-05-30 16:50:00.002,3477,-0.2056587,-0.008403311,0.02116206,-0.978359,23.75156,0.4844238,357.6236,4,NB
2025-05-30 16:50:00.054,3478,-0.2066603,-0.007041563,0.02061409,-0.9781703,23.86532,0.3292707,357.655,4,NB
2025-05-30 16:50:00.080,3479,-0.2080082,-0.005007279,0.01993016,-0.9779112,24.0182,0.0942204,357.6849,4,NB
2025-05-30 16:50:00.113,3480,-0.2102112,-0.002290024,0.01906157,-0.9774676,24.26996,359.7777,357.7178,4,NB
2025-05-30 16:50:00.159,3481,-0.2139002,0.002261816,0.01760988,-0.9766942,24.69265,359.2463,357.7691,4,NB
2025-05-30 16:50:00.202,3482,-0.2192707,0.008173835,0.01536857,-0.9755089,25.31216,358.5619,357.8719,4,NB
2025-05-30 16:50:00.235,3483,-0.2194748,0.01153033,0.01352196,-0.9754564,25.3321,358.1975,358.0065,4,NB
2025-05-30 16:50:00.280,3484,-0.2208616,0.01791443,0.01010614,-0.9750883,25.49022,357.4983,358.2464,4,NB
2025-05-30 16:50:00.313,3485,-0.2221946,0.02368565,0.007617239,-0.974685,25.64402,356.8488,358.3871,4,NB
2025-05-30 16:50:00.372,3486,-0.2252564,0.03418443,0.00281492,-0.9736956,26.0063,355.6711,358.6686,4,NB
2025-05-30 16:50:00.401,3487,-0.2267015,0.05037965,0.001401474,-0.9726595,26.15911,353.6907,358.3676,4,NB
2025-05-30 16:50:00.434,3488,-0.2270685,0.06663117,0.00191164,-0.9715949,26.16658,351.6495,357.8306,4,NB
2025-05-30 16:50:00.465,3489,-0.2273184,0.08232802,9.651014e-05,-0.9703343,26.17624,349.7421,357.5977,4,NB
2025-05-30 16:50:00.532,3490,-0.2322976,0.09859317,-0.003039416,-0.9676302,26.75366,347.7548,357.4374,4,NB
2025-05-30 16:50:00.573,3491,-0.2350421,0.1056459,-0.00669884,-0.9662037,27.10434,346.9501,357.636,4,NB
2025-05-30 16:50:00.599,3492,-0.2417728,0.1122439,-0.01351236,-0.9637245,27.97187,346.2572,358.1682,4,NB
2025-05-30 16:50:00.632,3493,-0.244586,0.1137678,-0.01662765,-0.9627867,28.34318,346.1332,358.4612,4,NB
2025-05-30 16:50:00.677,3494,-0.2433345,0.1134011,-0.01999707,-0.963083,28.24468,346.2961,358.9156,4,NB
2025-05-30 16:50:00.721,3495,-0.2448978,0.113452,-0.02228311,-0.9626305,28.4602,346.3473,359.1744,4,NB
2025-05-30 16:50:00.766,3496,-0.2476933,0.1168653,-0.02352674,-0.9614766,28.80313,345.9272,359.1727,4,NB
2025-05-30 16:50:00.799,3497,-0.2470467,0.1176298,-0.02419435,-0.9615332,28.73629,345.8566,359.2425,4,NB
2025-05-30 16:50:00.832,3498,-0.2467422,0.1185369,-0.02480735,-0.9614843,28.70883,345.763,359.295,4,NB
2025-05-30 16:50:00.876,3499,-0.2485137,0.1210114,-0.02525198,-0.960708,28.92142,345.4453,359.2389,4,NB
2025-05-30 16:50:00.921,3500,-0.2504148,0.1242888,-0.02659631,-0.9597592,29.16242,345.0514,359.2654,4,NB
2025-05-30 16:50:00.954,3501,-0.2519018,0.1271312,-0.026908,-0.9589887,29.3395,344.6828,359.1823,4,NB
2025-05-30 16:50:00.999,3502,-0.2532423,0.1309698,-0.02793546,-0.9580894,29.50995,344.2099,359.157,4,NB
2025-05-30 16:50:01.032,3503,-0.2541879,0.1323761,-0.02828269,-0.9576353,29.62535,344.0307,359.1347,4,NB
2025-05-30 16:50:01.088,3504,-0.2536186,0.1331202,-0.02824665,-0.9576842,29.55728,343.9397,359.116,4,NB
2025-05-30 16:50:01.110,3505,-0.2532854,0.1337344,-0.02753678,-0.9577075,29.5058,343.8411,359.0123,4,NB
2025-05-30 16:50:01.155,3506,-0.2521865,0.1348243,-0.02702959,-0.9578591,29.36731,343.6964,358.9335,4,NB
2025-05-30 16:50:01.200,3507,-0.2512747,0.1350076,-0.02669166,-0.9580823,29.25456,343.6717,358.903,4,NB
2025-05-30 16:50:01.249,3508,-0.2515314,0.1345973,-0.02730391,-0.9580554,29.29537,343.7414,358.9886,4,NB
2025-05-30 16:50:01.277,3509,-0.2529465,0.1335981,-0.02829475,-0.957794,29.47879,343.8869,359.119,4,NB
2025-05-30 16:50:01.321,3510,-0.2529202,0.1331742,-0.02837379,-0.9578577,29.47741,343.9442,359.1438,4,NB
2025-05-30 16:50:01.369,3511,-0.2525831,0.1332997,-0.02863202,-0.9579213,29.44203,343.9399,359.1786,4,NB
2025-05-30 16:50:01.399,3512,-0.2520031,0.1332282,-0.02890793,-0.9580758,29.37863,343.964,359.227,4,NB
2025-05-30 16:50:01.433,3513,-0.2518345,0.1341058,-0.03004261,-0.9579628,29.37698,343.8897,359.3434,4,NB
2025-05-30 16:50:01.478,3514,-0.2505201,0.1349479,-0.02961216,-0.9582025,29.21512,343.7811,359.2867,4,NB
2025-05-30 16:50:01.521,3515,-0.2496909,0.1346535,-0.03099672,-0.9584166,29.14118,343.8716,359.4865,4,NB
2025-05-30 16:50:01.568,3516,-0.2495916,0.1342732,-0.03121177,-0.9584888,29.1333,343.9282,359.5281,4,NB
2025-05-30 16:50:01.599,3517,-0.2486856,0.1339446,-0.03119036,-0.958771,29.02692,343.9785,359.5537,4,NB
2025-05-30 16:50:01.633,3518,-0.2484758,0.1333366,-0.03122886,-0.9589089,29.00323,344.0596,359.5826,4,NB
2025-05-30 16:50:01.678,3519,-0.2480038,0.1327765,-0.03079088,-0.9591229,28.94099,344.1219,359.5552,4,NB
2025-05-30 16:50:01.711,3520,-0.2476271,0.1322649,-0.03059239,-0.9592972,28.89386,344.1846,359.5543,4,NB
2025-05-30 16:50:01.744,3521,-0.2477832,0.1324227,-0.03068508,-0.9592322,28.91359,344.1659,359.5578,4,NB
2025-05-30 16:50:01.799,3522,-0.2473558,0.1329946,-0.03088164,-0.959257,28.86645,344.103,359.5717,4,NB
2025-05-30 16:50:01.832,3523,-0.2471356,0.1333116,-0.03047477,-0.9592828,28.83384,344.0517,359.5144,4,NB
2025-05-30 16:50:01.886,3524,-0.2464258,0.1333758,-0.0305663,-0.9594536,28.75215,344.0532,359.5373,4,NB
2025-05-30 16:50:01.910,3525,-0.2456972,0.1330037,-0.03112513,-0.9596741,28.67612,344.1252,359.6331,4,NB
2025-05-30 16:50:01.955,3526,-0.2447237,0.1325465,-0.03123592,-0.9599825,28.56407,344.1961,359.6802,4,NB
2025-05-30 16:50:01.987,3527,-0.2434171,0.1320489,-0.03140101,-0.9603778,28.4139,344.2767,359.7412,4,NB
2025-05-30 16:50:02.032,3528,-0.242553,0.1315631,-0.03191821,-0.960646,28.32117,344.3624,359.8374,4,NB
2025-05-30 16:50:02.085,3529,-0.2420328,0.1317618,-0.03146068,-0.9607651,28.25287,344.3275,359.7835,4,NB
2025-05-30 16:50:02.110,3530,-0.241437,0.1317414,-0.03097888,-0.9609334,28.17538,344.3206,359.735,4,NB
2025-05-30 16:50:02.164,3531,-0.2412314,0.131185,-0.03078952,-0.9610672,28.14843,344.3875,359.7329,4,NB
2025-05-30 16:50:02.188,3532,-0.241147,0.1306943,-0.0311609,-0.9611433,28.14462,344.462,359.7964,4,NB
2025-05-30 16:50:02.233,3533,-0.2412517,0.1302041,-0.03083076,-0.9611941,28.15172,344.5133,359.769,4,NB
2025-05-30 16:50:02.277,3534,-0.2417517,0.1310252,-0.0312815,-0.9609424,28.21725,344.4183,359.7899,4,NB
2025-05-30 16:50:02.299,3535,-0.2418268,0.131537,-0.03081628,-0.9608686,28.21844,344.3382,359.7141,4,NB
2025-05-30 16:50:02.343,3536,-0.240578,0.1314771,-0.03033847,-0.9612054,28.06463,344.3423,359.6794,4,NB
2025-05-30 16:50:02.387,3537,-0.2403941,0.1309234,-0.03038591,-0.9613255,28.04405,344.4158,359.7062,4,NB
2025-05-30 16:50:02.432,3538,-0.2403417,0.1298355,-0.02974166,-0.9615063,28.028,344.5349,359.6614,4,NB
2025-05-30 16:50:02.465,3539,-0.2398555,0.1296014,-0.03020828,-0.9616447,27.97858,344.5831,359.7358,4,NB
2025-05-30 16:50:02.510,3540,-0.2399737,0.1298389,-0.02978541,-0.9615964,27.98564,344.539,359.6735,4,NB
2025-05-30 16:50:02.544,3541,-0.2401847,0.1299585,-0.03008506,-0.9615182,28.01504,344.5311,359.7032,4,NB
2025-05-30 16:50:02.603,3542,-0.2409555,0.1302481,-0.03035184,-0.9612778,28.10941,344.4956,359.7132,4,NB
2025-05-30 16:50:02.633,3543,-0.2403555,0.1303629,-0.03004353,-0.9614221,28.03424,344.4769,359.6821,4,NB
2025-05-30 16:50:02.682,3544,-0.2402776,0.1303464,-0.02996164,-0.9614463,28.02384,344.4772,359.6738,4,NB
2025-05-30 16:50:02.710,3545,-0.2401027,0.129792,-0.02975505,-0.9615714,28.00027,344.5429,359.6688,4,NB
2025-05-30 16:50:02.744,3546,-0.2400647,0.1292385,-0.02984012,-0.9616528,27.99734,344.6161,359.6976,4,NB
2025-05-30 16:50:02.777,3547,-0.2401559,0.1289973,-0.02994966,-0.9616591,28.00983,344.6494,359.7173,4,NB
2025-05-30 16:50:02.843,3548,-0.2391518,0.1276775,-0.02922857,-0.9621075,27.88141,344.8037,359.6871,4,NB
2025-05-30 16:50:02.866,3549,-0.2380403,0.1267188,-0.02918793,-0.962511,27.75101,344.9336,359.7319,4,NB
2025-05-30 16:50:02.899,3550,-0.2366763,0.1257722,-0.02860905,-0.9629888,27.58278,345.0475,359.7133,4,NB
2025-05-30 16:50:02.945,3551,-0.2317917,0.1227862,-0.02771668,-0.964587,26.99887,345.4379,359.7781,4,NB
2025-05-30 16:50:02.977,3552,-0.2262763,0.1186954,-0.02677417,-0.9664336,26.34134,345.9668,359.8744,4,NB
2025-05-30 16:50:03.032,3553,-0.2136895,0.1094254,-0.02687194,-0.9703819,24.87259,347.2074,0.3401456,4,NB
2025-05-30 16:50:03.082,3554,-0.2039623,0.1031284,-0.02670084,-0.9731656,23.73364,348.0319,0.6196493,4,NB
2025-05-30 16:50:03.112,3555,-0.1842215,0.0910191,-0.02551992,-0.9783286,21.41397,349.5604,1.009281,4,NB
2025-05-30 16:50:03.145,3556,-0.1659247,0.07958263,-0.02477998,-0.9826096,19.27014,350.969,1.352966,4,NB
2025-05-30 16:50:03.174,3557,-0.1562742,0.07205881,-0.02403564,-0.9847885,18.13506,351.8689,1.496475,4,NB
2025-05-30 16:50:03.239,3558,-0.1297575,0.05712299,-0.01853966,-0.9897254,15.00875,353.5645,1.297667,4,NB
2025-05-30 16:50:03.278,3559,-0.1127024,0.04719318,-0.01302154,-0.9924221,12.99851,354.6567,0.8943142,4,NB
2025-05-30 16:50:03.314,3560,-0.09230994,0.03468795,-0.005254266,-0.9951121,10.60762,356.0291,0.2362627,4,NB
2025-05-30 16:50:03.336,3561,-0.08357594,0.03093485,-0.002148288,-0.9960189,9.591319,356.4377,359.9482,4,NB
2025-05-30 16:50:03.380,3562,-0.06427493,0.02340452,0.006009008,-0.9976397,7.352024,357.2565,359.1335,4,NB
2025-05-30 16:50:03.413,3563,-0.05165548,0.01927625,0.01087269,-0.9984198,5.896313,357.7176,358.6346,4,NB
2025-05-30 16:50:03.470,3564,-0.03390849,0.01575989,0.0188882,-0.9991222,3.851003,358.1176,357.7706,4,NB
2025-05-30 16:50:03.504,3565,-0.0217688,0.01480656,0.02299526,-0.9993889,2.454732,358.2451,357.3262,4,NB
2025-05-30 16:50:03.553,3566,-0.01296308,0.01496943,0.02601758,-0.9994655,1.440187,358.2461,356.9956,4,NB
2025-05-30 16:50:03.570,3567,-0.004408034,0.01435157,0.02830083,-0.9994868,0.4583263,358.3417,356.7495,4,NB
2025-05-30 16:50:03.628,3568,0.007783601,0.01211083,0.02917944,-0.9994706,359.068,358.6386,356.6665,4,NB
2025-05-30 16:50:03.667,3569,0.01258591,0.009685752,0.02804871,-0.9994805,358.5272,358.9307,356.7988,4,NB
2025-05-30 16:50:03.692,3570,0.01702213,0.006723185,0.0262054,-0.9994891,358.0298,359.2806,357.0086,4,NB
2025-05-30 16:50:03.736,3571,0.02347307,0.001792468,0.02326274,-0.9994523,357.3059,359.8571,357.3367,4,NB
2025-05-30 16:50:03.768,3572,0.02492359,-0.00158218,0.02076498,-0.9994724,357.1481,0.2408132,357.6136,4,NB
2025-05-30 16:50:03.822,3573,0.02578412,-0.004626953,0.01845782,-0.9994865,357.0554,0.5852566,357.869,4,NB
2025-05-30 16:50:03.848,3574,0.03120948,-0.006862331,0.01716634,-0.999342,356.4372,0.8489121,358.0054,4,NB
2025-05-30 16:50:03.892,3575,0.03760805,-0.008886844,0.01565554,-0.9991305,355.7061,1.08806,358.1638,4,NB
2025-05-30 16:50:03.924,3576,0.04300434,-0.01094717,0.01371248,-0.9989209,355.0886,1.325658,358.3702,4,NB
2025-05-30 16:50:03.969,3577,0.03989173,-0.01505223,0.01139571,-0.9990257,355.4481,1.781175,358.6221,4,NB
2025-05-30 16:50:04.003,3578,0.03706876,-0.01732885,0.01070645,-0.9991052,355.7735,2.035403,358.697,4,NB
2025-05-30 16:50:04.047,3579,0.03904409,-0.01751233,0.01242656,-0.9990069,355.5508,2.067045,358.4944,4,NB
2025-05-30 16:50:04.094,3580,0.03798465,-0.01587218,0.01291733,-0.9990689,355.6707,1.879046,358.4474,4,NB
2025-05-30 16:50:04.114,3581,0.03881289,-0.01484552,0.01286659,-0.9990534,355.5741,1.762319,358.4562,4,NB
2025-05-30 16:50:04.170,3582,0.04108522,-0.01387752,0.01184222,-0.9989892,355.3103,1.650144,358.5741,4,NB
2025-05-30 16:50:04.193,3583,0.04115251,-0.01345513,0.01157786,-0.9989953,355.3016,1.600479,358.6063,4,NB
2025-05-30 16:50:04.247,3584,0.04301902,-0.01471153,0.0123421,-0.9988897,355.0907,1.751484,358.5091,4,NB
2025-05-30 16:50:04.269,3585,0.04804963,-0.01802889,0.01224504,-0.9986072,354.5185,2.140789,358.4924,4,NB
2025-05-30 16:50:04.314,3586,0.05040464,-0.02216088,0.01141007,-0.9984179,354.2525,2.615387,358.5592,4,NB
2025-05-30 16:50:04.348,3587,0.04911818,-0.02302342,0.01122024,-0.9984646,354.4008,2.711336,358.5797,4,NB
2025-05-30 16:50:04.391,3588,0.04996912,-0.02177919,0.01245734,-0.9984356,354.3046,2.576722,358.4421,4,NB
2025-05-30 16:50:04.444,3589,0.05205574,-0.02003147,0.01245965,-0.9983656,354.0626,2.379454,358.4466,4,NB
2025-05-30 16:50:04.482,3590,0.04706765,-0.01668659,0.01123661,-0.9986891,354.6271,1.979329,358.6179,4,NB
2025-05-30 16:50:04.502,3591,0.04538484,-0.01531184,0.01064355,-0.9987956,354.8172,1.815574,358.6967,4,NB
2025-05-30 16:50:04.547,3592,0.04438812,-0.01371667,0.009140972,-0.9988785,354.9269,1.623122,358.8795,4,NB
2025-05-30 16:50:04.598,3593,0.04209714,-0.01244081,0.008258908,-0.999002,355.187,1.469372,358.9909,4,NB
2025-05-30 16:50:04.634,3594,0.04129498,-0.009804336,0.006746031,-0.9990762,355.2745,1.158395,359.1785,4,NB
2025-05-30 16:50:04.673,3595,0.04102526,-0.008675336,0.006611467,-0.9990987,355.3044,1.02781,359.1996,4,NB
2025-05-30 16:50:04.703,3596,0.04111948,-0.007391244,0.005996069,-0.999109,355.292,0.8774672,359.2762,4,NB
2025-05-30 16:50:04.751,3597,0.03998233,-0.007108107,0.006046577,-0.999157,355.4223,0.844269,359.2728,4,NB
2025-05-30 16:50:04.781,3598,0.03978332,-0.007593156,0.006087926,-0.999161,355.4455,0.9000142,359.266,4,NB
2025-05-30 16:50:04.814,3599,0.03894498,-0.008172762,0.005629357,-0.9991922,355.5416,0.9638572,359.3169,4,NB
2025-05-30 16:50:04.867,3600,0.03691759,-0.007837625,0.006286684,-0.9992679,355.7745,0.9266226,359.2449,4,NB
2025-05-30 16:50:04.907,3601,0.03604474,-0.007242688,0.006733426,-0.9993013,355.8745,0.859442,359.1969,4,NB
2025-05-30 16:50:04.936,3602,0.035507,-0.006624346,0.006697184,-0.9993251,355.9356,0.7878374,359.2041,4,NB
2025-05-30 16:50:04.969,3603,0.03595379,-0.006359572,0.006735657,-0.9993106,355.8842,0.7579784,359.2004,4,NB
2025-05-30 16:50:05.022,3604,0.03621253,-0.006319142,0.006311119,-0.9993043,355.8542,0.7517941,359.2491,4,NB
2025-05-30 16:50:05.059,3605,0.03481106,-0.006050725,0.005718555,-0.9993593,356.0143,0.7174833,359.3193,4,NB
2025-05-30 16:50:05.100,3606,0.03680432,-0.006102714,0.00586516,-0.9992867,355.7859,0.7255377,359.3008,4,NB
2025-05-30 16:50:05.124,3607,0.04043235,-0.006681784,0.005632464,-0.9991441,355.37,0.7937325,359.3219,4,NB
2025-05-30 16:50:05.169,3608,0.04625469,-0.006651051,0.005681396,-0.9988915,354.7023,0.7948436,359.3115,4,NB
2025-05-30 16:50:05.203,3609,0.05039779,-0.006271476,0.005721223,-0.9986932,354.2267,0.7546093,359.3055,4,NB
2025-05-30 16:50:05.246,3610,0.0573944,-0.006227972,0.005338404,-0.998318,353.4235,0.7525561,359.344,4,NB
2025-05-30 16:50:05.280,3611,0.06298437,-0.006843459,0.005010746,-0.9979785,352.782,0.8253513,359.3726,4,NB
2025-05-30 16:50:05.324,3612,0.06986032,-0.005335104,0.00320391,-0.9975375,351.9902,0.6417752,359.587,4,NB
2025-05-30 16:50:05.371,3613,0.07437147,-0.002575452,0.00305669,-0.9972227,351.4708,0.3239399,359.6246,4,NB
2025-05-30 16:50:05.391,3614,0.08000959,-0.0003545199,0.003750608,-0.9967872,350.822,0.07585272,359.5627,4,NB
2025-05-30 16:50:05.436,3615,0.08365178,-0.0004419187,0.004012827,-0.9964871,350.4033,0.09019053,359.531,4,NB
2025-05-30 16:50:05.468,3616,0.0935327,-0.00109402,0.003715303,-0.9956088,349.2668,0.1675675,359.5566,4,NB
2025-05-30 16:50:05.525,3617,0.09734546,-0.002367595,0.00354369,-0.9952416,348.8284,0.3155255,359.5611,4,NB
2025-05-30 16:50:05.566,3618,0.1057199,-0.002755326,0.004007003,-0.9943842,347.8642,0.3707962,359.4988,4,NB
2025-05-30 16:50:05.605,3619,0.1050096,-0.002910657,0.004016568,-0.9944589,347.9461,0.3885915,359.4962,4,NB
2025-05-30 16:50:05.625,3620,0.1097173,-0.002912826,0.004405073,-0.9939489,347.4037,0.3967004,359.4484,4,NB
2025-05-30 16:50:05.668,3621,0.1136349,-0.003071917,0.005163895,-0.9935045,346.9523,0.4280257,359.3554,4,NB
2025-05-30 16:50:05.717,3622,0.1203884,-0.002837307,0.005144983,-0.9927096,346.1729,0.4054924,359.3569,4,NB
2025-05-30 16:50:05.747,3623,0.1254008,-0.00260868,0.005584212,-0.9920871,345.5942,0.3890469,359.3058,4,NB
2025-05-30 16:50:05.797,3624,0.1311211,-0.003065676,0.005336498,-0.9913474,344.9335,0.4437003,359.3245,4,NB
2025-05-30 16:50:05.824,3625,0.1395775,-0.003686779,0.005125807,-0.9901911,343.9558,0.5205988,359.3334,4,NB
2025-05-30 16:50:05.857,3626,0.1409412,-0.004056896,0.005326939,-0.9899955,343.7983,0.5688698,359.3024,4,NB
2025-05-30 16:50:05.902,3627,0.1450357,-0.003951871,0.006025782,-0.9894003,343.3246,0.5722743,359.2182,4,NB
2025-05-30 16:50:05.935,3628,0.1495188,-0.00344529,0.006341148,-0.9887326,342.805,0.5223532,359.1861,4,NB
2025-05-30 16:50:05.968,3629,0.154181,-0.003198123,0.006334338,-0.9880173,342.2643,0.4976593,359.1877,4,NB
2025-05-30 16:50:06.013,3630,0.1561177,-0.002426096,0.006738306,-0.9877126,342.0392,0.415387,359.1526,4,NB
2025-05-30 16:50:06.046,3631,0.1600575,-0.001770884,0.006566618,-0.9870844,341.5814,0.3380671,359.1829,4,NB
2025-05-30 16:50:06.102,3632,0.1672578,-0.001664076,0.005893374,-0.9858943,340.7447,0.3187886,359.2609,4,NB
2025-05-30 16:50:06.124,3633,0.1730631,-0.001627248,0.005620624,-0.9848935,340.0695,0.3139207,359.2909,4,NB
2025-05-30 16:50:06.168,3634,0.179675,-0.00129016,0.005118235,-0.983712,339.2995,0.2681247,359.3548,4,NB
2025-05-30 16:50:06.201,3635,0.1852338,-0.0007616768,0.004850755,-0.9826823,338.6512,0.2026386,359.3961,4,NB
2025-05-30 16:50:06.234,3636,0.1932737,-0.0002797419,0.004888357,-0.9811329,337.7127,0.1509968,359.3993,4,NB
2025-05-30 16:50:06.279,3637,0.1957346,-0.0006896997,0.005632611,-0.9806406,337.4256,0.2207548,359.2978,4,NB
2025-05-30 16:50:06.313,3638,0.2055644,-0.0009251677,0.005592359,-0.9786273,336.276,0.2572213,359.2911,4,NB
2025-05-30 16:50:06.357,3639,0.2071937,-0.001223792,0.005729591,-0.9782825,336.0854,0.2988866,359.2656,4,NB
2025-05-30 16:50:06.377,3640,0.217613,-0.001134565,0.006061231,-0.9760158,334.8637,0.3071262,359.2199,4,NB
2025-05-30 16:50:06.436,3641,0.2224701,-0.001220079,0.005571714,-0.974923,334.293,0.3089226,359.2746,4,NB
2025-05-30 16:50:06.467,3642,0.2318079,-0.0008605765,0.005562556,-0.9727455,333.194,0.2730272,359.2797,4,NB
2025-05-30 16:50:06.500,3643,0.2372999,-0.0004510463,0.005373289,-0.9714216,332.5463,0.2212379,359.3121,4,NB
2025-05-30 16:50:06.529,3644,0.2446802,1.355777e-05,0.004333617,-0.9695943,331.6744,0.1363235,359.4534,4,NB
2025-05-30 16:50:06.589,3645,0.2467487,0.0001675795,0.004240004,-0.9690703,331.4298,0.1153206,359.4693,4,NB
2025-05-30 16:50:06.603,3646,0.2597839,0.0005949161,0.00384745,-0.9656591,329.8855,0.05630321,359.5283,4,NB
2025-05-30 16:50:06.656,3647,0.2610409,0.0006654023,0.003250091,-0.9653222,329.7362,0.02734112,359.6068,4,NB
2025-05-30 16:50:06.702,3648,0.2747392,0.0006824402,0.002838249,-0.9615144,328.107,0.01668215,359.657,4,NB
2025-05-30 16:50:06.740,3649,0.2801431,0.001060521,0.001065219,-0.9599572,327.4624,359.9022,359.9014,4,NB
2025-05-30 16:50:06.766,3650,0.287121,0.001893442,-0.0005933161,-0.9578924,326.6289,359.7278,0.1525803,4,NB
2025-05-30 16:50:06.799,3651,0.2987542,0.002615746,-0.001209275,-0.9543259,325.235,359.6014,0.2699868,4,NB
2025-05-30 16:50:06.843,3652,0.3066012,0.002428715,0.0004887416,-0.951835,324.2909,359.6949,0.03943651,4,NB
2025-05-30 16:50:06.865,3653,0.3134193,0.002164335,0.001467945,-0.9496112,323.4689,359.7725,359.8979,4,NB
2025-05-30 16:50:06.910,3654,0.3194328,0.001616255,0.002429006,-0.9476045,322.7424,359.8912,359.743,4,NB
2025-05-30 16:50:06.957,3655,0.3280247,0.001770666,0.002979898,-0.9446629,321.7017,359.8985,359.6738,4,NB
2025-05-30 16:50:06.991,3656,0.3340141,0.002574617,0.003657322,-0.9425576,320.9739,359.8222,359.6183,4,NB
2025-05-30 16:50:07.010,3657,0.3397776,0.003090641,0.00362052,-0.9404939,320.2723,359.7502,359.6491,4,NB
2025-05-30 16:50:07.062,3658,0.3375483,0.004450177,0.002750702,-0.9412938,320.5438,359.5161,359.8387,4,NB
2025-05-30 16:50:07.097,3659,0.3491832,0.005197902,0.002258074,-0.9370374,319.1244,359.3813,359.9544,4,NB
2025-05-30 16:50:07.121,3660,0.3540754,0.006461604,0.002618786,-0.935191,318.5252,359.2176,359.9753,4,NB
2025-05-30 16:50:07.154,3661,0.3611598,0.007203308,0.002999199,-0.9324715,317.6556,359.1265,359.9698,4,NB
2025-05-30 16:50:07.187,3662,0.354818,0.007957294,0.002969889,-0.9348969,318.4339,359.022,0.007175562,4,NB
2025-05-30 16:50:07.220,3663,0.3500325,0.008797079,0.002606028,-0.9366928,319.0203,358.8876,0.09687392,4,NB
2025-05-30 16:50:07.265,3664,0.3366324,0.009477243,0.0025474,-0.9415851,320.6553,358.8047,0.117319,4,NB
2025-05-30 16:50:07.287,3665,0.3255292,0.009770225,0.003509982,-0.9454751,322.0024,358.8228,359.9799,4,NB
2025-05-30 16:50:07.332,3666,0.2978993,0.01033217,0.006383346,-0.9545202,325.3311,358.8908,359.5799,4,NB
2025-05-30 16:50:07.365,3667,0.2815414,0.009491954,0.00638292,-0.959481,327.2899,359.0044,359.5299,4,NB
2025-05-30 16:50:07.399,3668,0.2684096,0.009374668,0.005762424,-0.9632421,328.8557,358.998,359.5937,4,NB
2025-05-30 16:50:07.433,3669,0.2512981,0.009799373,0.005528139,-0.9678444,330.8864,358.9382,359.6212,4,NB
2025-05-30 16:50:07.478,3670,0.2345499,0.01127004,0.004679343,-0.9720275,332.8653,358.7307,359.7547,4,NB
2025-05-30 16:50:07.511,3671,0.2274958,0.01155096,0.00435914,-0.9737009,333.6965,358.689,359.7933,4,NB
2025-05-30 16:50:07.559,3672,0.2341477,0.009725463,0.002909416,-0.9721481,332.9152,358.8707,359.929,4,NB
2025-05-30 16:50:07.589,3673,0.2357171,0.007032071,0.001533163,-0.9717953,332.7316,359.1656,0.02161418,4,NB
2025-05-30 16:50:07.611,3674,0.2337863,0.006989995,0.001336078,-0.972262,332.9594,359.1658,0.04311857,4,NB
2025-05-30 16:50:07.656,3675,0.2329973,0.006938486,0.002337136,-0.9724499,333.0515,359.2026,359.9156,4,NB
2025-05-30 16:50:07.689,3676,0.2382424,0.006698265,0.00228255,-0.97118,332.4332,359.2294,359.9197,4,NB
2025-05-30 16:50:07.742,3677,0.2362983,0.006022335,0.002408925,-0.9716591,332.6625,359.3186,359.8816,4,NB
2025-05-30 16:50:07.778,3678,0.2341243,0.00599343,0.004009592,-0.9721801,332.9177,359.3709,359.6789,4,NB
2025-05-30 16:50:07.814,3679,0.2381567,0.005107441,0.004595707,-0.9712025,332.4422,359.5003,359.5803,4,NB
2025-05-30 16:50:07.844,3680,0.241989,0.003983321,0.004683082,-0.9702597,331.9903,359.6454,359.5353,4,NB
2025-05-30 16:50:07.878,3681,0.2401092,0.003891769,0.005122679,-0.9707248,332.2121,359.67,359.4769,4,NB
2025-05-30 16:50:07.911,3682,0.2371733,0.003835001,0.005973073,-0.9714416,332.5583,359.7019,359.3682,4,NB
2025-05-30 16:50:07.955,3683,0.2318629,0.004052991,0.007337206,-0.9727123,333.1837,359.7122,359.2043,4,NB
2025-05-30 16:50:07.988,3684,0.2305672,0.003515809,0.00831783,-0.9730146,333.3365,359.8073,359.0661,4,NB
2025-05-30 16:50:08.022,3685,0.2311648,0.002708893,0.008925341,-0.97287,333.2669,359.9266,358.9662,4,NB
2025-05-30 16:50:08.056,3686,0.2303396,0.002486222,0.009407484,-0.9730617,333.3643,359.9677,358.8998,4,NB
2025-05-30 16:50:08.100,3687,0.2267482,0.002069344,0.01025531,-0.9738973,333.7875,0.03960093,358.7841,4,NB
2025-05-30 16:50:08.145,3688,0.2294982,0.0009873704,0.01111818,-0.9732452,333.4654,0.2037357,358.6429,4,NB
2025-05-30 16:50:08.181,3689,0.2306902,-0.00046552,0.01029647,-0.9729728,333.3268,0.3626908,358.7014,4,NB
2025-05-30 16:50:08.199,3690,0.2307551,-0.0005196038,0.01020312,-0.9729583,333.3192,0.3667859,358.7114,4,NB
2025-05-30 16:50:08.244,3691,0.2319105,-9.482287e-05,0.01054998,-0.97268,333.1827,0.3259973,358.6794,4,NB
2025-05-30 16:50:08.292,3692,0.2335989,0.0002431006,0.009801994,-0.9722837,332.9831,0.264123,358.7813,4,NB
2025-05-30 16:50:08.321,3693,0.2329329,0.0004678522,0.009329775,-0.9724481,333.0612,0.220863,358.8477,4,NB
2025-05-30 16:50:08.355,3694,0.2321403,0.000632247,0.00863079,-0.9726439,333.1542,0.1783434,358.9406,4,NB
2025-05-30 16:50:08.388,3695,0.2316489,0.001050371,0.008182672,-0.9727646,333.2116,0.1121612,359.0094,4,NB
2025-05-30 16:50:08.433,3696,0.2312924,0.001605564,0.007085839,-0.9728572,333.253,0.009869997,359.163,4,NB
2025-05-30 16:50:08.466,3697,0.2314884,0.002257328,0.006749731,-0.9728116,333.2294,359.9187,359.2243,4,NB
2025-05-30 16:50:08.499,3698,0.2324346,0.002500058,0.006745493,-0.9725855,333.1177,359.889,359.2318,4,NB
2025-05-30 16:50:08.550,3699,0.2329696,0.002195337,0.006467913,-0.97246,333.055,359.9193,359.2572,4,NB
2025-05-30 16:50:08.578,3700,0.2334583,0.001591176,0.006404204,-0.9723446,332.9978,359.9933,359.2469,4,NB
2025-05-30 16:50:08.611,3701,0.233447,0.001215764,0.007102048,-0.972343,332.9995,0.06119401,359.1483,4,NB
2025-05-30 16:50:08.643,3702,0.2335589,0.0006605333,0.007211369,-0.9723158,332.9868,0.1340307,359.1179,4,NB
2025-05-30 16:50:08.688,3703,0.2337286,0.0001847607,0.008110291,-0.9722682,332.9674,0.2207538,358.9911,4,NB
2025-05-30 16:50:08.722,3704,0.2343569,-3.592922e-05,0.008812072,-0.9721107,332.8938,0.2703483,358.8961,4,NB
2025-05-30 16:50:08.755,3705,0.2344663,-0.0004019749,0.009352474,-0.9720792,332.8815,0.3326265,358.8173,4,NB
2025-05-30 16:50:08.788,3706,0.2346929,-0.0006953845,0.009261005,-0.9720252,332.8551,0.3669382,358.8197,4,NB
2025-05-30 16:50:08.833,3707,0.2349592,-0.0006582462,0.009102408,-0.9719625,332.8236,0.3579038,358.8404,4,NB
2025-05-30 16:50:08.866,3708,0.2343357,-0.000470977,0.008660883,-0.9721171,332.8968,0.3201983,358.9019,4,NB
2025-05-30 16:50:08.900,3709,0.2341264,3.281216e-05,0.008359696,-0.9721703,332.9208,0.2477901,358.955,4,NB
2025-05-30 16:50:08.944,3710,0.2341889,-0.0001804705,0.008282203,-0.972156,332.9136,0.2722244,358.9582,4,NB
2025-05-30 16:50:08.977,3711,0.2347207,-0.0003315182,0.007799046,-0.9720316,332.851,0.2772447,359.0137,4,NB
2025-05-30 16:50:09.010,3712,0.2349923,-0.0001040741,0.007371658,-0.9719694,332.8186,0.2361798,359.0738,4,NB
2025-05-30 16:50:09.055,3713,0.234859,0.0004792358,0.007368315,-0.9720014,332.8338,0.1628933,359.092,4,NB
2025-05-30 16:50:09.077,3714,0.2348387,0.0004486859,0.007376864,-0.9720063,332.8362,0.1669534,359.09,4,NB
2025-05-30 16:50:09.133,3715,0.2349485,0.0002790581,0.007294514,-0.9719805,332.8234,0.185824,359.0951,4,NB
2025-05-30 16:50:09.179,3716,0.2351548,8.123747e-05,0.007601887,-0.9719284,332.7993,0.2201443,359.0505,4,NB
2025-05-30 16:50:09.215,3717,0.2362407,-0.0001930831,0.007831342,-0.9716631,332.6716,0.2628387,359.0125,4,NB
2025-05-30 16:50:09.232,3718,0.2366049,-0.0003958443,0.007869491,-0.9715741,332.6289,0.2898911,359.0013,4,NB
2025-05-30 16:50:09.277,3719,0.2364026,-0.0007067096,0.008333354,-0.9716193,332.6532,0.3427383,358.9338,4,NB
2025-05-30 16:50:09.310,3720,0.2363579,-0.0008217703,0.008172786,-0.9716315,332.6586,0.3522012,358.9505,4,NB
2025-05-30 16:50:09.361,3721,0.2367068,-0.0003719927,0.007925031,-0.9715488,332.6169,0.2887309,358.9949,4,NB
2025-05-30 16:50:09.377,3722,0.2371169,-9.138381e-05,0.007746082,-0.9714503,332.5681,0.2485996,359.0256,4,NB
2025-05-30 16:50:09.421,3723,0.2369014,-9.482378e-06,0.007672371,-0.9715035,332.5935,0.2358031,359.0375,4,NB
2025-05-30 16:50:09.455,3724,0.2366618,-2.65675e-05,0.00754425,-0.9715629,332.6217,0.2337349,359.0533,4,NB
2025-05-30 16:50:09.506,3725,0.2366617,-8.166943e-05,0.006963963,-0.9715672,332.6216,0.2229214,359.1244,4,NB
2025-05-30 16:50:09.532,3726,0.2365702,1.959376e-06,0.007370287,-0.9715865,332.6324,0.2247365,359.076,4,NB
2025-05-30 16:50:09.566,3727,0.2368602,-2.801384e-05,0.007014736,-0.9715185,332.5982,0.2179704,359.1195,4,NB
2025-05-30 16:50:09.614,3728,0.2368054,4.332128e-05,0.0064959,-0.9715355,332.6045,0.193106,359.1868,4,NB
2025-05-30 16:50:09.643,3729,0.2367527,0.0003511469,0.006430984,-0.9715487,332.6104,0.1524702,359.2043,4,NB
2025-05-30 16:50:09.677,3730,0.2369504,0.0005155276,0.00634037,-0.9715009,332.587,0.1292826,359.2206,4,NB
2025-05-30 16:50:09.710,3731,0.2368487,0.0005683793,0.006452208,-0.9715251,332.5989,0.1259753,359.2083,4,NB
2025-05-30 16:50:09.762,3732,0.2364076,4.027468e-05,0.006501737,-0.9716324,332.6514,0.1932501,359.1862,4,NB
2025-05-30 16:50:09.788,3733,0.2360523,6.40573e-06,0.005871152,-0.9717227,332.6932,0.1779269,359.2644,4,NB
2025-05-30 16:50:09.835,3734,0.2358175,0.0004940356,0.00558117,-0.9717813,332.7205,0.107792,359.3157,4,NB
2025-05-30 16:50:09.866,3735,0.2358381,0.001246914,0.00544839,-0.9717763,332.7176,0.009440136,359.3553,4,NB
2025-05-30 16:50:09.887,3736,0.2357295,0.001267798,0.005334766,-0.9718033,332.7303,0.003288932,359.3701,4,NB
2025-05-30 16:50:09.932,3737,0.2359412,0.0005525477,0.005385174,-0.9717524,332.7058,0.09460216,359.342,4,NB
2025-05-30 16:50:09.966,3738,0.2357247,0.0003578047,0.005227657,-0.9718059,332.7315,0.1140375,359.3559,4,NB
2025-05-30 16:50:10.010,3739,0.2360259,0.0005019651,0.005092945,-0.9717334,332.6959,0.09211471,359.377,4,NB
2025-05-30 16:50:10.043,3740,0.2360397,0.0008349104,0.005108654,-0.9717297,332.694,0.0508803,359.3852,4,NB
2025-05-30 16:50:10.077,3741,0.2356344,0.0005467877,0.005037431,-0.9718287,332.742,0.08451197,359.3855,4,NB
2025-05-30 16:50:10.121,3742,0.235445,0.00011857,0.004976288,-0.9718751,332.7646,0.1361498,359.3803,4,NB
2025-05-30 16:50:10.159,3743,0.2357106,9.760293e-05,0.004961413,-0.9718107,332.7333,0.1385343,359.3814,4,NB
2025-05-30 16:50:10.197,3744,0.2360986,0.000299422,0.004743629,-0.9717176,332.6874,0.1069172,359.4146,4,NB
2025-05-30 16:50:10.234,3745,0.2361542,0.0004957167,0.004857103,-0.9717035,332.6807,0.08581323,359.4064,4,NB
2025-05-30 16:50:10.267,3746,0.2362874,6.983556e-05,0.004531309,-0.9716727,332.6652,0.129361,359.4342,4,NB
2025-05-30 16:50:10.287,3747,0.2363532,-4.207426e-05,0.004008208,-0.9716591,332.6575,0.1274867,359.4963,4,NB
2025-05-30 16:50:10.332,3748,0.2363634,0.0002283533,0.003880071,-0.971657,332.6561,0.08968826,359.5206,4,NB
2025-05-30 16:50:10.366,3749,0.2368184,0.0005584314,0.003463997,-0.9715477,332.6023,0.03585468,359.5827,4,NB
2025-05-30 16:50:10.399,3750,0.236173,0.0009447553,0.003147833,-0.9717056,332.6782,359.9775,359.6342,4,NB
2025-05-30 16:50:10.449,3751,0.2357364,0.0007858849,0.003116088,-0.9718118,332.7298,-0.003758927,359.6335,4,NB
2025-05-30 16:50:10.476,3752,0.235546,0.0007113927,0.002614873,-0.9718596,332.7523,359.9903,359.694,4,NB
2025-05-30 16:50:10.510,3753,0.2358533,0.0009155953,0.002482851,-0.9717852,332.716,359.9608,359.7167,4,NB
2025-05-30 16:50:10.544,3754,0.2358611,0.0008904444,0.002337471,-0.9717836,332.7151,359.9595,359.7342,4,NB
2025-05-30 16:50:10.588,3755,0.2362223,0.0007915154,0.001947907,-0.9716969,332.6725,359.9601,359.78,4,NB
2025-05-30 16:50:10.621,3756,0.2369259,0.001017629,0.001103585,-0.9715266,332.5895,359.9061,359.8927,4,NB
2025-05-30 16:50:10.654,3757,0.238652,0.001515004,-0.0005297115,-0.9711039,332.3862,359.7934,0.1132819,4,NB
2025-05-30 16:50:10.688,3758,0.2400276,0.0008551276,-0.002427693,-0.9707627,332.224,359.817,0.3318142,4,NB
2025-05-30 16:50:10.732,3759,0.2402207,0.001636907,-0.00394234,-0.970709,332.202,359.6715,0.5466818,4,NB
2025-05-30 16:50:10.765,3760,0.2395272,0.002247071,-0.003972664,-0.970879,332.2842,359.5944,0.5689391,4,NB
2025-05-30 16:50:10.798,3761,0.2389266,0.002653079,-0.003993413,-0.9710258,332.3553,359.5433,0.5836254,4,NB
2025-05-30 16:50:10.846,3762,0.2386484,0.002522804,-0.004025319,-0.9710945,332.3881,359.559,0.5833769,4,NB
2025-05-30 16:50:10.876,3763,0.2387334,0.002396065,-0.003823455,-0.9710747,332.3779,359.581,0.5541818,4,NB
2025-05-30 16:50:10.899,3764,0.2386186,0.002105509,-0.003709418,-0.971104,332.3912,359.6211,0.5308056,4,NB
2025-05-30 16:50:10.943,3765,0.2394009,0.001610539,-0.004056857,-0.9709111,332.2988,359.6719,0.5596995,4,NB
2025-05-30 16:50:10.976,3766,0.2407559,0.001610684,-0.005674348,-0.9705678,332.1394,359.6203,0.7641225,4,NB
2025-05-30 16:50:11.010,3767,0.2424619,0.001676281,-0.007229978,-0.9701326,331.9387,359.5612,0.9636449,4,NB
2025-05-30 16:50:11.054,3768,0.2434494,0.002621688,-0.008119289,-0.9698762,331.8235,359.4125,1.106723,4,NB
2025-05-30 16:50:11.077,3769,0.2434285,0.002743868,-0.007988596,-0.9698821,331.826,359.4012,1.094082,4,NB
2025-05-30 16:50:11.121,3770,0.2434935,0.002477828,-0.008049105,-0.969866,331.8181,359.4328,1.093378,4,NB
2025-05-30 16:50:11.165,3771,0.2430342,0.002489048,-0.007981658,-0.9699818,331.8723,359.4342,1.084649,4,NB
2025-05-30 16:50:11.188,3772,0.2426573,0.002647776,-0.007902741,-0.9700764,331.917,359.4173,1.079232,4,NB
2025-05-30 16:50:11.234,3773,0.2425051,0.002521439,-0.007399864,-0.9701188,331.9345,359.4493,1.011704,4,NB
2025-05-30 16:50:11.272,3774,0.2426119,0.00164796,-0.007220136,-0.9700953,331.921,359.5648,0.961669,4,NB
2025-05-30 16:50:11.298,3775,0.2431968,0.001145535,-0.007135445,-0.9699501,331.8513,359.6301,0.9357231,4,NB
2025-05-30 16:50:11.331,3776,0.2438467,0.0009624193,-0.006954354,-0.9697885,331.7743,359.6581,0.9076928,4,NB
2025-05-30 16:50:11.379,3777,0.2445394,0.001041433,-0.007370325,-0.9696109,331.6927,359.634,0.9633325,4,NB
2025-05-30 16:50:11.409,3778,0.2451791,0.001315107,-0.007560389,-0.9694475,331.6174,359.5925,0.9966887,4,NB
2025-05-30 16:50:11.432,3779,0.2451101,0.001588847,-0.00761302,-0.9694642,331.6259,359.5564,1.012,4,NB
2025-05-30 16:50:11.484,3780,0.2447733,0.001882248,-0.008676878,-0.9695398,331.6665,359.4859,1.155276,4,NB
2025-05-30 16:50:11.519,3781,0.2450939,0.002234529,-0.0086114,-0.9694586,331.629,359.443,1.158649,4,NB
2025-05-30 16:50:11.543,3782,0.2445006,0.002629859,-0.009170488,-0.9696023,331.7,359.3763,1.241014,4,NB
2025-05-30 16:50:11.587,3783,0.2439904,0.002410248,-0.009429225,-0.9697289,331.7602,359.3967,1.265962,4,NB
2025-05-30 16:50:11.609,3784,0.2439711,0.002444311,-0.009355437,-0.9697344,331.7625,359.3948,1.257708,4,NB
2025-05-30 16:50:11.654,3785,0.2440842,0.002312024,-0.00902459,-0.9697094,331.7487,359.4218,1.211929,4,NB
2025-05-30 16:50:11.687,3786,0.2435731,0.002170067,-0.00882665,-0.96984,331.8088,359.4468,1.181785,4,NB
2025-05-30 16:50:11.721,3787,0.2434198,0.002070785,-0.008351354,-0.9698829,331.8265,359.4746,1.118517,4,NB
2025-05-30 16:50:11.767,3788,0.2427646,0.002168847,-0.007966219,-0.9700502,331.9038,359.4755,1.072269,4,NB
2025-05-30 16:50:11.798,3789,0.24216,0.002029253,-0.007937879,-0.9702017,331.9751,359.4949,1.063586,4,NB
2025-05-30 16:50:11.831,3790,0.2416563,0.002301813,-0.007683332,-0.9703289,332.0347,359.4693,1.039492,4,NB
2025-05-30 16:50:11.865,3791,0.2410314,0.002129663,-0.00727147,-0.9704878,332.1081,359.5048,0.9815466,4,NB
2025-05-30 16:50:11.909,3792,0.2410547,0.001407204,-0.00693201,-0.9704858,332.1045,359.6063,0.9162804,4,NB
2025-05-30 16:50:11.943,3793,0.2406261,0.001447175,-0.007021381,-0.9705915,332.1552,359.599,0.9283583,4,NB
2025-05-30 16:50:11.986,3794,0.2399188,0.001888389,-0.006895583,-0.9707667,332.239,359.5484,0.9255623,4,NB
2025-05-30 16:50:12.009,3795,0.2396017,0.002099647,-0.00680895,-0.9708452,332.2766,359.5249,0.9208998,4,NB
2025-05-30 16:50:12.054,3796,0.2387796,0.001949668,-0.006590951,-0.9710496,332.3734,359.5516,0.8880259,4,NB
2025-05-30 16:50:12.076,3797,0.2382505,0.001739012,-0.006301043,-0.9711819,332.4355,359.5876,0.8446148,4,NB
2025-05-30 16:50:12.120,3798,0.2369225,0.001310033,-0.005708667,-0.971511,332.5916,359.6611,0.7559743,4,NB
2025-05-30 16:50:12.154,3799,0.2361985,0.0009792551,-0.005502889,-0.9716888,332.6766,359.7096,0.7195318,4,NB
2025-05-30 16:50:12.199,3800,0.2363823,0.0005239354,-0.00421771,-0.971651,332.6543,359.8057,0.5446788,4,NB
2025-05-30 16:50:12.221,3801,0.2363406,-0.000148264,-0.002928369,-0.9716659,332.6588,359.9293,0.3625463,4,NB
2025-05-30 16:50:12.265,3802,0.2363058,-0.001093131,-0.002091493,-0.971676,332.6626,0.07326309,0.228836,4,NB
2025-05-30 16:50:12.305,3803,0.2363088,-0.001288037,-0.001684931,-0.9716758,332.6622,0.1100864,0.171934,4,NB
2025-05-30 16:50:12.332,3804,0.2362596,-0.0007291002,-0.0009884234,-0.9716893,332.6682,0.0612627,0.1016693,4,NB
2025-05-30 16:50:12.365,3805,0.2356512,-0.001111542,6.481801e-06,-0.9718372,332.74,0.1394489,359.9654,4,NB
2025-05-30 16:50:12.399,3806,0.2338141,-0.002374318,0.0006331034,-0.9722782,332.9568,0.3160546,359.8494,4,NB
2025-05-30 16:50:12.432,3807,0.2323052,-0.003211467,0.0003607554,-0.9726377,333.1346,0.412012,359.8591,4,NB
2025-05-30 16:50:12.483,3808,0.2301779,-0.002353946,0.0009507443,-0.9731453,333.3853,0.3216607,359.812,4,NB
2025-05-30 16:50:12.499,3809,0.2290222,-0.001225009,0.0005090972,-0.9734203,333.5211,0.1675855,359.9006,4,NB
2025-05-30 16:50:12.542,3810,0.2288457,0.0003698741,0.0001506893,-0.9734628,333.5417,359.9583,359.9921,4,NB
2025-05-30 16:50:12.576,3811,0.2296928,0.0004056988,0.0009696509,-0.9732627,333.442,359.9779,359.8911,4,NB
2025-05-30 16:50:12.625,3812,0.230422,-0.0005691565,0.002071029,-0.9730885,333.3564,0.1321862,359.7248,4,NB
2025-05-30 16:50:12.654,3813,0.2297641,-0.002245972,0.004135149,-0.9732351,333.4352,0.4017741,359.4183,4,NB
2025-05-30 16:50:12.676,3814,0.2285682,-0.003234905,0.005005585,-0.9735098,333.577,0.5493784,359.2818,4,NB
2025-05-30 16:50:12.721,3815,0.2263073,-0.004042668,0.006141274,-0.9740283,333.8445,0.680146,359.1195,4,NB
2025-05-30 16:50:12.754,3816,0.2249706,-0.003920716,0.006676548,-0.9743349,334.0019,0.6785468,359.0581,4,NB
2025-05-30 16:50:12.788,3817,0.2239431,-0.004139982,0.007572348,-0.9745641,334.1236,0.7298562,358.942,4,NB
2025-05-30 16:50:12.839,3818,0.2234365,-0.005659893,0.008219999,-0.9746675,334.1855,0.9360583,358.8191,4,NB
2025-05-30 16:50:12.854,3819,0.2235093,-0.006641101,0.008461977,-0.9746426,334.1784,1.06482,358.761,4,NB
2025-05-30 16:50:12.899,3820,0.2234919,-0.008615367,0.009425484,-0.9746221,334.1843,1.33714,358.5854,4,NB
2025-05-30 16:50:12.932,3821,0.2233665,-0.008596441,0.009843671,-0.974647,334.1996,1.346388,358.5343,4,NB
2025-05-30 16:50:12.965,3822,0.2225605,-0.007476137,0.01006083,-0.9748384,334.2929,1.211749,358.5409,4,NB
2025-05-30 16:50:13.010,3823,0.2213013,-0.00639783,0.009971626,-0.9751335,334.4392,1.072837,358.5849,4,NB
2025-05-30 16:50:13.031,3824,0.2209841,-0.00621966,0.01001597,-0.9752063,334.4762,1.05134,358.585,4,NB
2025-05-30 16:50:13.087,3825,0.2203934,-0.006427631,0.009994395,-0.9753388,334.5459,1.075228,358.5829,4,NB
2025-05-30 16:50:13.122,3826,0.21964,-0.006527073,0.009929877,-0.9755087,334.6345,1.084129,358.5896,4,NB
2025-05-30 16:50:13.154,3827,0.2190953,-0.006178411,0.01001861,-0.9756325,334.698,1.042317,358.5894,4,NB
2025-05-30 16:50:13.192,3828,0.2185798,-0.005890111,0.009477057,-0.9757555,334.7576,0.9906042,358.6653,4,NB
2025-05-30 16:50:13.226,3829,0.2176159,-0.004681582,0.008771996,-0.975984,334.8685,0.8199809,358.7873,4,NB
2025-05-30 16:50:13.262,3830,0.2177916,-0.004230866,0.008634358,-0.975948,334.8472,0.760811,358.8165,4,NB
2025-05-30 16:50:13.287,3831,0.2179211,-0.003919402,0.008221816,-0.975924,334.8313,0.7111663,358.8759,4,NB
2025-05-30 16:50:13.335,3832,0.2197976,-0.004216063,0.008850805,-0.9754963,334.6118,0.768446,358.7872,4,NB
2025-05-30 16:50:13.370,3833,0.2209344,-0.004582468,0.009649054,-0.9752303,334.4794,0.8382022,358.6764,4,NB
2025-05-30 16:50:13.387,3834,0.221585,-0.004292116,0.009823039,-0.9750822,334.4027,0.8083724,358.662,4,NB
2025-05-30 16:50:13.432,3835,0.2204289,-0.003765168,0.01167999,-0.975326,334.5393,0.7928643,358.4486,4,NB
2025-05-30 16:50:13.454,3836,0.2182804,-0.003198663,0.01268652,-0.9757984,334.7915,0.74607,358.3434,4,NB
2025-05-30 16:50:13.498,3837,0.2090977,-0.001449731,0.01520314,-0.9777756,335.8669,0.5771689,358.095,4,NB
2025-05-30 16:50:13.542,3838,0.1914971,0.001564544,0.02004761,-0.9812872,337.9207,0.2848885,357.6036,4,NB
2025-05-30 16:50:13.566,3839,0.1771558,0.003983181,0.02368449,-0.9838899,339.5865,0.03384844,357.236,4,NB
2025-05-30 16:50:13.610,3840,0.1637735,0.005428089,0.02104373,-0.9862587,341.1389,359.7691,357.5937,4,NB
2025-05-30 16:50:13.654,3841,0.1558595,0.007574271,0.02034269,-0.9875409,342.0526,359.4809,357.7218,4,NB
2025-05-30 16:50:13.689,3842,0.1411656,0.01093169,0.02086587,-0.9897057,343.7469,359.0602,357.7186,4,NB
2025-05-30 16:50:13.720,3843,0.1269092,0.0137314,0.02279451,-0.9915574,345.3863,358.7301,357.529,4,NB
2025-05-30 16:50:13.754,3844,0.1216762,0.01446022,0.02314267,-0.9921947,345.9882,358.6379,357.4951,4,NB
2025-05-30 16:50:13.787,3845,0.1122495,0.01514526,0.0219618,-0.993322,347.0756,358.5209,357.6344,4,NB
2025-05-30 16:50:13.821,3846,0.1051193,0.01465204,0.01963111,-0.994158,347.9019,358.5346,357.8928,4,NB
2025-05-30 16:50:13.869,3847,0.09981173,0.01530572,0.02031207,-0.9946812,348.5108,358.4566,357.8156,4,NB
2025-05-30 16:50:13.886,3848,0.1019614,0.0155663,0.02033051,-0.9944589,348.2626,358.4307,357.819,4,NB
2025-05-30 16:50:13.944,3849,0.09958747,0.01517821,0.01908552,-0.9947301,348.5388,358.4567,357.9565,4,NB
2025-05-30 16:50:13.965,3850,0.09765452,0.0149173,0.01924309,-0.9949226,348.7616,358.4854,357.933,4,NB
2025-05-30 16:50:14.009,3851,0.09634483,0.01472673,0.01912402,-0.9950554,348.913,358.5038,357.9431,5,NB
2025-05-30 16:50:14.051,3852,0.09403339,0.01483222,0.01947544,-0.9952681,349.1782,358.4912,357.9009,5,NB
2025-05-30 16:50:14.088,3853,0.09369516,0.01487893,0.0196168,-0.9952966,349.2168,358.4868,357.8846,5,NB
2025-05-30 16:50:14.120,3854,0.09054083,0.01433543,0.0208175,-0.995572,349.5792,358.5566,357.7359,5,NB
2025-05-30 16:50:14.143,3855,0.08959609,0.01397238,0.02160589,-0.9956458,349.6876,358.605,357.6396,5,NB
2025-05-30 16:50:14.188,3856,0.08921021,0.01231971,0.02182323,-0.9956976,349.7356,358.7981,357.5968,5,NB
2025-05-30 16:50:14.234,3857,0.0876148,0.01105202,0.0222238,-0.9958453,349.9218,358.9456,357.5361,5,NB
2025-05-30 16:50:14.265,3858,0.0848214,0.01009161,0.02292957,-0.9960812,350.2447,359.0573,357.4431,5,NB
2025-05-30 16:50:14.309,3859,0.08303526,0.009505474,0.02354163,-0.9962232,350.451,359.1267,357.3655,5,NB
2025-05-30 16:50:14.332,3860,0.08165595,0.008663406,0.02431264,-0.9963264,350.6112,359.228,357.2676,5,NB
2025-05-30 16:50:14.379,3861,0.08172092,0.007329291,0.02463664,-0.9963239,350.6072,359.3857,357.2175,5,NB
2025-05-30 16:50:14.399,3862,0.08157545,0.006913059,0.02454493,-0.9963409,350.6251,359.4326,357.2241,5,NB
2025-05-30 16:50:14.454,3863,0.08107302,0.00692145,0.02337117,-0.9964102,350.6835,359.4192,357.36,5,NB
2025-05-30 16:50:14.476,3864,0.08179346,0.007294934,0.02300039,-0.9963573,350.6,359.3743,357.4066,5,NB
2025-05-30 16:50:14.521,3865,0.08241534,0.008228808,0.02228517,-0.9963149,350.5266,359.2609,357.4985,5,NB
2025-05-30 16:50:14.543,3866,0.08265781,0.008579621,0.02204798,-0.9962973,350.498,359.2186,357.5294,5,NB
2025-05-30 16:50:14.601,3867,0.08159545,0.009205065,0.02103167,-0.9964012,350.6195,359.134,357.6526,5,NB
2025-05-30 16:50:14.632,3868,0.08136159,0.009539876,0.01987528,-0.9964409,350.6466,359.0838,357.7896,5,NB
2025-05-30 16:50:14.665,3869,0.08061916,0.009767587,0.01933337,-0.9965097,350.732,359.0508,357.854,5,NB
2025-05-30 16:50:14.687,3870,0.07978359,0.009877441,0.01892634,-0.9965836,350.8282,359.0326,357.9016,5,NB
2025-05-30 16:50:14.732,3871,0.07910258,0.01060502,0.01784726,-0.9966504,350.9061,358.9372,358.0327,5,NB
2025-05-30 16:50:14.776,3872,0.07904291,0.01130045,0.01703669,-0.9966617,350.9125,358.8492,358.1328,5,NB
2025-05-30 16:50:14.799,3873,0.07748204,0.0115202,0.01666375,-0.996788,351.0919,358.8177,358.1766,5,NB
2025-05-30 16:50:14.855,3874,0.0768702,0.01163665,0.01626048,-0.9968407,351.1625,358.7997,358.2237,5,NB
2025-05-30 16:50:14.887,3875,0.07538563,0.01137244,0.01626002,-0.9969572,351.3335,358.8278,358.22,5,NB
2025-05-30 16:50:14.909,3876,0.07368958,0.01094564,0.01623806,-0.997089,351.5292,358.8741,358.2174,5,NB
2025-05-30 16:50:14.954,3877,0.07174987,0.009920314,0.01605304,-0.9972442,351.7541,358.9878,358.2285,5,NB
2025-05-30 16:50:14.999,3878,0.06895146,0.008237371,0.01557054,-0.9974646,352.0789,359.1736,358.2686,5,NB
2025-05-30 16:50:15.021,3879,0.06536052,0.006169961,0.01486748,-0.9977319,352.4953,359.4008,358.3319,5,NB
2025-05-30 16:50:15.065,3880,0.06215796,0.003876345,0.01377507,-0.9979638,352.8672,359.6521,358.4401,5,NB
2025-05-30 16:50:15.110,3881,0.05939627,0.002775454,0.01289419,-0.9981475,353.1862,359.7687,358.5335,5,NB
2025-05-30 16:50:15.132,3882,0.05640578,0.002463645,0.01278581,-0.9983231,353.5298,359.7995,358.5438,5,NB
2025-05-30 16:50:15.177,3883,0.05511004,0.00277635,0.01276013,-0.998395,353.6781,359.7615,358.5487,5,NB
2025-05-30 16:50:15.216,3884,0.05022028,0.002969341,0.01294279,-0.9986501,354.2388,359.7333,358.5284,5,NB
2025-05-30 16:50:15.243,3885,0.04898494,0.003661732,0.0135046,-0.9987016,354.3794,359.6551,358.4675,5,NB
2025-05-30 16:50:15.277,3886,0.04617071,0.003578985,0.01387755,-0.9988308,354.7022,359.6623,358.4236,5,NB
2025-05-30 16:50:15.328,3887,0.04168788,0.00155936,0.01434566,-0.9990266,355.2195,359.8896,358.3592,5,NB
2025-05-30 16:50:15.365,3888,0.03882039,0.0004092086,0.01419442,-0.9991454,355.5502,0.01634118,358.3715,5,NB
2025-05-30 16:50:15.387,3889,0.03689912,-5.390605e-07,0.01378418,-0.999224,355.7711,0.05850504,358.4172,5,NB
2025-05-30 16:50:15.438,3890,0.03376493,0.0009478659,0.01372784,-0.9993352,356.129,359.9445,358.4278,5,NB
2025-05-30 16:50:15.466,3891,0.03005621,0.00131965,0.01326664,-0.9994594,356.5536,359.8943,358.4822,5,NB
2025-05-30 16:50:15.498,3892,0.02464837,0.001491364,0.01309614,-0.9996094,357.1732,359.866,358.5021,5,NB
2025-05-30 16:50:15.543,3893,0.02089047,0.0009563182,0.01334472,-0.9996924,357.6047,359.9223,358.472,5,NB
2025-05-30 16:50:15.577,3894,0.01488611,0.0005873944,0.0130135,-0.9998044,358.2934,359.9549,358.5092,5,NB
2025-05-30 16:50:15.609,3895,0.009242803,0.0001572032,0.01301931,-0.9998726,358.9407,-0.004223219,358.508,5,NB
2025-05-30 16:50:15.654,3896,0.00472644,0.0006750444,0.01265429,-0.9999086,359.4575,359.9295,358.5502,5,NB
2025-05-30 16:50:15.687,3897,-0.001816303,0.001080988,0.01242252,-0.9999207,0.2065781,359.8736,358.5762,5,NB
2025-05-30 16:50:15.722,3898,-0.008151859,0.001413142,0.01203515,-0.9998934,0.9321268,359.8268,358.6194,5,NB
2025-05-30 16:50:15.766,3899,-0.0154843,0.001406142,0.01208683,-0.9998061,1.772361,359.8174,358.6119,5,NB
2025-05-30 16:50:15.798,3900,-0.02170262,0.001054643,0.01193641,-0.9996928,2.485509,359.8494,358.6286,5,NB
2025-05-30 16:50:15.832,3901,-0.02829337,0.0008639108,0.01147095,-0.9995335,3.241262,359.8636,358.6811,5,NB
2025-05-30 16:50:15.887,3902,-0.03235003,0.0009753955,0.01152131,-0.9994099,3.706148,359.8452,358.674,5,NB
2025-05-30 16:50:15.909,3903,-0.04614344,0.0007138634,0.01120341,-0.9988718,5.288272,359.8585,358.7083,5,NB
2025-05-30 16:50:15.954,3904,-0.05042034,0.0007625364,0.01080121,-0.9986696,5.778907,359.8496,358.7531,5,NB
2025-05-30 16:50:15.987,3905,-0.05708708,0.0007928099,0.01071686,-0.9983115,6.543894,359.8381,358.7607,5,NB
2025-05-30 16:50:16.021,3906,-0.06531256,0.0009354164,0.01038972,-0.9978104,7.488065,359.8137,358.7947,5,NB
2025-05-30 16:50:16.065,3907,-0.07675539,0.0008703861,0.01026627,-0.9969968,8.802669,359.808,358.8053,5,NB
2025-05-30 16:50:16.099,3908,-0.08365579,0.0001700257,0.01056957,-0.9964388,9.596709,359.8776,358.7743,5,NB
2025-05-30 16:50:16.142,3909,-0.09546451,-0.0003242779,0.01002059,-0.9953824,10.95593,359.926,358.8394,5,NB
2025-05-30 16:50:16.176,3910,-0.1021242,-0.0002955972,0.01006122,-0.9947209,11.72274,359.9142,358.8322,5,NB
2025-05-30 16:50:16.209,3911,-0.1122616,1.252171e-05,0.01004411,-0.993628,12.89072,359.866,358.8265,5,NB
2025-05-30 16:50:16.263,3912,-0.1173066,0.0001094087,0.01011594,-0.9930444,13.47252,359.8474,358.8147,5,NB
2025-05-30 16:50:16.288,3913,-0.1280661,-0.0004195145,0.009824958,-0.991717,14.71546,359.9002,358.8519,5,NB
2025-05-30 16:50:16.332,3914,-0.1350593,-0.0009498417,0.009372688,-0.9907929,15.52444,359.9614,358.9108,5,NB
2025-05-30 16:50:16.365,3915,-0.1456537,-0.00127944,0.0094055,-0.9892902,16.75092,359.9875,358.9088,5,NB
2025-05-30 16:50:16.399,3916,-0.1552166,-0.001505017,0.009162991,-0.987837,17.85957,0.007760836,358.9383,5,NB
2025-05-30 16:50:16.456,3917,-0.1610278,-0.002333511,0.008397291,-0.9869115,18.53474,0.1149107,359.0438,5,NB
2025-05-30 16:50:16.492,3918,-0.1706663,-0.003426158,0.008356595,-0.9852877,19.65575,0.2372269,359.0692,5,NB
2025-05-30 16:50:16.521,3919,-0.1785814,-0.004087553,0.008095724,-0.9838836,20.57741,0.3152979,359.1143,5,NB
2025-05-30 16:50:16.565,3920,-0.1912215,-0.004727674,0.008359371,-0.9815,22.05193,0.3760698,359.0973,5,NB
2025-05-30 16:50:16.611,3921,-0.198114,-0.005310457,0.007954393,-0.9801325,22.85749,0.4513048,359.1613,5,NB
2025-05-30 16:50:16.632,3922,-0.2095509,-0.005723547,0.007294804,-0.977754,24.19615,0.5110108,359.2546,5,NB
2025-05-30 16:50:16.676,3923,-0.2093906,-0.005406891,0.006931481,-0.9777926,24.17695,0.4817719,359.2909,5,NB
2025-05-30 16:50:16.710,3924,-0.2243676,-0.005186432,0.007024473,-0.9744657,25.9349,0.4431777,359.276,5,NB
2025-05-30 16:50:16.754,3925,-0.225664,-0.00482109,0.007165438,-0.974167,26.08715,0.3929236,359.2482,5,NB
2025-05-30 16:50:16.787,3926,-0.2338113,-0.005041055,0.006820175,-0.9722451,27.04643,0.4254266,359.2985,5,NB
2025-05-30 16:50:16.832,3927,-0.2369264,-0.004534809,0.006620521,-0.9714946,27.41327,0.3662176,359.3084,5,NB
2025-05-30 16:50:16.865,3928,-0.2453967,-0.003874113,0.006786743,-0.9693914,28.41297,0.2723094,359.2667,5,NB
2025-05-30 16:50:16.910,3929,-0.2484796,-0.002501046,0.007158714,-0.9686075,28.7765,0.08416035,359.1747,5,NB
2025-05-30 16:50:16.943,3930,-0.249605,-0.001211675,0.008111886,-0.9683132,28.90842,359.8885,359.0113,5,NB
2025-05-30 16:50:16.998,3931,-0.243949,0.002316914,0.009942784,-0.9697344,28.23476,359.3923,358.6723,5,NB
2025-05-30 16:50:17.020,3932,-0.2457835,0.00496684,0.0113904,-0.9692452,28.44635,359.0077,358.4019,5,NB
2025-05-30 16:50:17.064,3933,-0.249009,0.005667711,0.01327001,-0.9683938,28.82441,358.8498,358.1342,5,NB
2025-05-30 16:50:17.098,3934,-0.248938,0.005366083,0.01386093,-0.9684055,28.81591,358.869,358.0694,5,NB
2025-05-30 16:50:17.142,3935,-0.2459969,0.005131159,0.01354936,-0.9691624,28.46897,358.9172,358.1234,5,NB
2025-05-30 16:50:17.175,3936,-0.2500126,0.005121235,0.01309855,-0.9681406,28.94438,358.9218,358.1714,5,NB
2025-05-30 16:50:17.220,3937,-0.2409104,0.005588384,0.01194364,-0.9704579,27.8691,358.924,358.3228,5,NB
2025-05-30 16:50:17.265,3938,-0.237204,0.004426188,0.009583727,-0.9714026,27.43592,359.1513,358.6623,5,NB
2025-05-30 16:50:17.288,3939,-0.2253461,0.002450996,0.006493552,-0.9742542,26.04372,359.5088,359.1227,5,NB
2025-05-30 16:50:17.331,3940,-0.2096356,0.0005794442,0.00387856,-0.9777719,24.2015,359.8267,359.5083,5,NB
2025-05-30 16:50:17.376,3941,-0.2114366,0.001640027,0.003925397,-0.9773826,24.41205,359.6938,359.4735,5,NB
2025-05-30 16:50:17.408,3942,-0.2127512,0.003143846,0.004680331,-0.9770903,24.56496,359.4875,359.3395,5,NB
2025-05-30 16:50:17.453,3943,-0.2106631,0.006035047,0.007235589,-0.9775134,24.31573,359.0665,358.9507,5,NB
2025-05-30 16:50:17.487,3944,-0.2188033,0.007689214,0.008723916,-0.9756998,25.26709,358.8074,358.7081,5,NB
2025-05-30 16:50:17.538,3945,-0.2326952,0.008860504,0.01122344,-0.9724447,26.89568,358.5572,358.3325,5,NB
2025-05-30 16:50:17.565,3946,-0.2372494,0.007002016,0.0146894,-0.9713125,27.43106,358.6718,357.943,5,NB
2025-05-30 16:50:17.598,3947,-0.2456287,0.006702187,0.01491183,-0.9692262,28.42054,358.6762,357.9019,5,NB
2025-05-30 16:50:17.642,3948,-0.2552019,0.007384298,0.0152688,-0.9667391,29.55124,358.5462,357.8068,5,NB
2025-05-30 16:50:17.676,3949,-0.2704386,0.008918032,0.01557052,-0.9625701,31.35603,358.2828,357.6645,5,NB
2025-05-30 16:50:17.720,3950,-0.2860982,0.01122067,0.01580818,-0.9580042,33.21702,357.9077,357.4851,5,NB
2025-05-30 16:50:17.768,3951,-0.2973937,0.01177714,0.01644309,-0.9545408,34.56644,357.7546,357.3275,5,NB
2025-05-30 16:50:17.798,3952,-0.2972712,0.01276947,0.01685976,-0.9545589,34.5479,357.6062,357.2318,5,NB
2025-05-30 16:50:17.830,3953,-0.3173703,0.01271308,0.01752513,-0.9480547,36.96472,357.4729,357.0372,5,NB
2025-05-30 16:50:17.875,3954,-0.3191131,0.01372134,0.01677359,-0.9474691,37.17409,357.3596,357.0835,5,NB
2025-05-30 16:50:17.908,3955,-0.3377994,0.01518616,0.01629906,-0.9409545,39.43577,357.0617,356.9619,5,NB
2025-05-30 16:50:17.953,3956,-0.3473638,0.01634904,0.01586217,-0.9374539,40.59864,356.8538,356.8972,5,NB
2025-05-30 16:50:17.986,3957,-0.3582553,0.01592274,0.01512293,-0.9333655,41.9348,356.8746,356.9455,5,NB
2025-05-30 16:50:18.030,3958,-0.3707515,0.01508192,0.01362633,-0.9285097,43.47845,356.9893,357.1177,5,NB
2025-05-30 16:50:18.081,3959,-0.3822707,0.0138587,0.01316755,-0.9238527,44.90703,357.1129,357.1735,5,NB
2025-05-30 16:50:18.108,3960,-0.3996404,0.01338564,0.01263716,-0.9164872,47.0705,357.0851,357.1502,5,NB
2025-05-30 16:50:18.142,3961,-0.4189584,0.01354517,0.01328505,-0.9078074,49.49126,356.8473,356.8697,5,NB
2025-05-30 16:50:18.186,3962,-0.4451029,0.01299269,0.0139501,-0.8952765,52.80834,356.6159,356.534,5,NB
2025-05-30 16:50:18.241,3963,-0.468908,0.01184842,0.01543077,-0.8830327,55.86898,356.3831,356.0794,5,NB
2025-05-30 16:50:18.277,3964,-0.5021762,0.01170865,0.01558613,-0.8645456,60.22054,355.855,355.5299,5,NB
2025-05-30 16:50:18.293,3965,-0.5297319,0.01131405,0.01576555,-0.8479434,63.89749,355.321,354.9507,5,NB
2025-05-30 16:50:18.338,3966,-0.5421046,0.008675455,0.01608885,-0.8401123,65.58537,355.5569,354.9424,5,NB
2025-05-30 16:50:18.372,3967,-0.5808041,0.007413154,0.01661757,-0.81384,70.92944,354.4906,353.7343,5,NB
2025-05-30 16:50:18.405,3968,-0.5909869,0.006932046,0.0179752,-0.8064511,72.35536,353.8588,352.9532,5,NB
2025-05-30 16:50:18.449,3969,-0.6139948,0.007085544,0.01768626,-0.7890803,75.63422,352.3799,351.5141,5,NB
2025-05-30 16:50:18.483,3970,-0.6462988,0.007132422,0.01760046,-0.7628482,80.33446,348.4446,347.5934,5,NB
2025-05-30 16:50:18.527,3971,-0.6756892,0.004474784,0.0172499,-0.7369714,84.72984,340.9986,339.9624,5,NB
2025-05-30 16:50:18.573,3972,-0.6946732,0.004061899,0.0150593,-0.7191566,87.48286,322.4562,321.5649,5,NB
2025-05-30 16:50:18.594,3973,-0.7213395,0.004361805,0.01071833,-0.692485,87.36181,207.8504,207.3352,5,NB
2025-05-30 16:50:18.646,3974,-0.7272934,0.004042641,0.009539953,-0.6862485,86.49635,198.5333,198.0876,5,NB
2025-05-30 16:50:18.671,3975,-0.7289848,0.003801738,0.00848398,-0.6844669,86.25744,195.6179,195.2383,5,NB
2025-05-30 16:50:18.705,3976,-0.7325391,0.002521829,0.0100401,-0.6806464,85.67278,193.9129,193.3033,5,NB
2025-05-30 16:50:18.738,3977,-0.7333288,0.001042922,0.01181484,-0.6797708,85.53591,193.9364,193.0629,5,NB
2025-05-30 16:50:18.783,3978,-0.7240048,-0.0001203589,0.01215626,-0.6896879,87.05311,199.8248,198.8297,5,NB
2025-05-30 16:50:18.804,3979,-0.7154539,-0.001353111,0.0112412,-0.6985684,88.41464,210.8633,209.8428,5,NB
2025-05-30 16:50:18.849,3980,-0.7138565,-0.005970325,0.008153292,-0.7002193,88.88093,189.6667,188.5222,5,NB
2025-05-30 16:50:18.883,3981,-0.7078174,-0.007821717,0.004397214,-0.7063385,89.69933,113.8527,112.8626,5,NB
2025-05-30 16:50:18.927,3982,-0.7021247,-0.01081998,-0.0007565464,-0.7119716,88.76885,50.02331,49.20784,5,NB
2025-05-30 16:50:18.949,3983,-0.6945298,-0.01232975,-0.003338699,-0.7193507,87.62151,32.62688,31.89819,5,NB
2025-05-30 16:50:18.993,3984,-0.6863806,-0.0142511,-0.0073685,-0.7270657,86.26619,28.26461,27.70662,5,NB
2025-05-30 16:50:19.027,3985,-0.6779309,-0.01556658,-0.009507903,-0.7348995,84.955,24.0022,23.51079,5,NB
2025-05-30 16:50:19.072,3986,-0.6681713,-0.01783473,-0.01089948,-0.7437139,83.44753,21.1068,20.54392,5,NB
2025-05-30 16:50:19.105,3987,-0.6589121,-0.01862282,-0.01005752,-0.7519223,82.1071,17.48536,16.78967,5,NB
2025-05-30 16:50:19.138,3988,-0.6467587,-0.01938588,-0.008021767,-0.7624062,80.35837,13.79476,12.87067,5,NB
2025-05-30 16:50:19.183,3989,-0.6321333,-0.01814355,-0.006036366,-0.7746237,78.2687,10.12417,9.137964,5,NB
2025-05-30 16:50:19.216,3990,-0.6189011,-0.01816925,-0.003925876,-0.7852491,76.3706,8.147191,6.98484,5,NB
2025-05-30 16:50:19.249,3991,-0.6076759,-0.01818467,-0.002413183,-0.7939735,74.76782,6.953909,5.664569,5,NB
2025-05-30 16:50:19.307,3992,-0.5985258,-0.01718131,-0.000365085,-0.8009194,73.4817,5.643289,4.266382,5,NB
2025-05-30 16:50:19.327,3993,-0.5924834,-0.0167616,0.001296491,-0.8054073,72.63526,4.894329,3.414107,5,NB
2025-05-30 16:50:19.360,3994,-0.5884374,-0.01665431,0.002628191,-0.8083673,72.07016,4.440022,2.858218,5,NB
2025-05-30 16:50:19.404,3995,-0.5887691,-0.01665233,0.003121992,-0.8081239,72.11979,4.340693,2.71865,5,NB
2025-05-30 16:50:19.438,3996,-0.5880384,-0.01766964,0.002473059,-0.8086364,72.0091,4.767029,3.114516,5,NB
2025-05-30 16:50:19.471,3997,-0.5823349,-0.01923845,0.001786862,-0.8127194,71.19452,5.195331,3.468415,5,NB
2025-05-30 16:50:19.516,3998,-0.5810367,-0.02119501,0.0003877571,-0.8136013,70.99339,5.999179,4.225955,5,NB
2025-05-30 16:50:19.538,3999,-0.572805,-0.02116091,-0.0001638271,-0.8194187,69.83888,5.806136,4.078033,5,NB
2025-05-30 16:50:19.599,4000,-0.5679146,-0.02048793,-0.0006214837,-0.8228323,69.159,5.55219,3.915392,5,NB
2025-05-30 16:50:19.636,4001,-0.558723,-0.02025994,-0.0004337272,-0.8291068,67.89022,5.195025,3.558108,5,NB
2025-05-30 16:50:19.674,4002,-0.5467648,-0.0203777,-0.0005040122,-0.8370382,66.24914,4.937465,3.291855,5,NB
2025-05-30 16:50:19.693,4003,-0.5348324,-0.02061218,-0.0002449285,-0.8447069,64.62774,4.696512,3.004827,5,NB
2025-05-30 16:50:19.727,4004,-0.5284603,-0.02057444,-0.0001465399,-0.8487088,63.768,4.55186,2.852219,5,NB
2025-05-30 16:50:19.772,4005,-0.5157833,-0.02073911,0.0003398508,-0.8564682,62.06966,4.306662,2.546576,5,NB
2025-05-30 16:50:19.805,4006,-0.5068063,-0.0202697,0.000394674,-0.8618217,60.87608,4.069297,2.339257,5,NB
2025-05-30 16:50:19.838,4007,-0.4969252,-0.02031427,0.0008312231,-0.8675553,59.57059,3.896966,2.121271,5,NB
2025-05-30 16:50:19.896,4008,-0.4809366,-0.01939074,0.002492167,-0.8765376,57.48114,3.369516,1.522425,5,NB
2025-05-30 16:50:19.934,4009,-0.4690076,-0.01866889,0.003941818,-0.882988,55.93507,2.995522,1.079277,5,NB
2025-05-30 16:50:19.961,4010,-0.4449437,-0.01729412,0.006187225,-0.8953703,52.84386,2.416226,0.4088694,5,NB
2025-05-30 16:50:19.986,4011,-0.4120926,-0.01641088,0.007641339,-0.9109622,48.68162,2.048572,359.9656,5,NB
2025-05-30 16:50:20.031,4012,-0.4014263,-0.01637302,0.00991369,-0.9156914,47.3486,1.862959,359.5763,5,NB
2025-05-30 16:50:20.064,4013,-0.3697148,-0.0153973,0.01033324,-0.9289604,43.41036,1.653856,359.3838,5,NB
2025-05-30 16:50:20.108,4014,-0.3369762,-0.01505201,0.01047869,-0.9413346,39.39997,1.577733,359.2894,5,NB
2025-05-30 16:50:20.153,4015,-0.3001387,-0.01496476,0.0102004,-0.9537238,34.94599,1.567433,359.2679,5,NB
2025-05-30 16:50:20.186,4016,-0.2558227,-0.01420439,0.01038194,-0.9665637,29.65872,1.460398,359.1559,5,NB
2025-05-30 16:50:20.231,4017,-0.2407146,-0.01368978,0.009543647,-0.9704526,27.8699,1.424484,359.2266,5,NB
2025-05-30 16:50:20.253,4018,-0.1986004,-0.0131269,0.00974549,-0.9799442,22.92281,1.359774,359.1361,5,NB
2025-05-30 16:50:20.315,4019,-0.17934,-0.01180219,0.01220669,-0.9836408,20.67706,1.153846,358.7885,5,NB
2025-05-30 16:50:20.342,4020,-0.1289291,-0.00880075,0.01253137,-0.9915357,14.82669,0.8429092,358.6615,5,NB
2025-05-30 16:50:20.376,4021,-0.08623939,-0.007011949,0.01259314,-0.9961704,9.90382,0.6862258,358.6109,5,NB
2025-05-30 16:50:20.433,4022,-0.05561431,-0.005210559,0.01372154,-0.9983445,6.383771,0.5118315,358.4537,5,NB
2025-05-30 16:50:20.469,4023,-0.02101494,-0.002541667,0.01470437,-0.9996679,2.41233,0.2559744,358.3199,5,NB
2025-05-30 16:50:20.498,4024,-0.004008569,-0.0002687581,0.01526585,-0.9998755,0.459766,0.02378199,358.2507,5,NB
2025-05-30 16:50:20.521,4025,0.01313642,0.0008448616,0.01533639,-0.9997959,358.4933,359.9263,358.2433,5,NB
2025-05-30 16:50:20.581,4026,0.006780162,0.001892135,0.01660122,-0.9998375,359.2195,359.7961,358.0989,5,NB
2025-05-30 16:50:20.610,4027,0.02096459,0.002182061,0.01758529,-0.9996233,357.5934,359.7921,357.9887,5,NB
2025-05-30 16:50:20.643,4028,0.02120669,0.002573885,0.01689184,-0.9996292,357.5651,359.746,358.0692,5,NB
2025-05-30 16:50:20.687,4029,0.02638666,0.004580563,0.01590537,-0.9995149,356.968,359.5228,358.1893,5,NB
2025-05-30 16:50:20.720,4030,0.03223553,0.00648765,0.01343712,-0.999369,356.2958,359.3052,358.4818,5,NB
2025-05-30 16:50:20.754,4031,0.04542636,0.006805012,0.01192956,-0.9988735,354.7839,359.2802,358.6643,5,NB
2025-05-30 16:50:20.799,4032,0.04978327,0.007503501,0.01036493,-0.9986782,354.2844,359.1964,358.8509,5,NB
2025-05-30 16:50:20.833,4033,0.09257627,0.01146353,0.009269337,-0.9955965,349.3651,358.7693,359.0477,5,NB
2025-05-30 16:50:20.877,4034,0.1182373,0.01337024,0.008327969,-0.9928606,346.4078,358.5509,359.2115,5,NB
2025-05-30 16:50:20.911,4035,0.1855393,0.01867959,0.006964061,-0.9824347,338.6035,357.9,359.5845,5,NB
2025-05-30 16:50:20.944,4036,0.2131507,0.02035016,0.006077167,-0.9767886,335.3765,357.657,359.7985,5,NB
2025-05-30 16:50:20.977,4037,0.2524173,0.02240148,0.004562774,-0.9673485,330.7543,357.3043,0.1629478,5,NB
2025-05-30 16:50:21.012,4038,0.2805593,0.02370386,0.004529135,-0.9595333,327.4098,357.0781,0.3134262,5,NB
2025-05-30 16:50:21.066,4039,0.3040571,0.02619471,0.004299655,-0.9522841,324.5971,356.675,0.5441039,5,NB
2025-05-30 16:50:21.099,4040,0.3588374,0.0314213,0.001325954,-0.9328704,317.9653,355.5466,1.548904,5,NB
2025-05-30 16:50:21.142,4041,0.4017994,0.03542986,-0.002156183,-0.9150397,312.6783,354.3641,2.741023,5,NB
2025-05-30 16:50:21.161,4042,0.4337844,0.03661789,-0.004965128,-0.9002588,308.6778,353.5468,3.734865,5,NB
2025-05-30 16:50:21.205,4043,0.4508157,0.03723052,-0.006729197,-0.891815,306.5259,353.006,4.391158,5,NB
2025-05-30 16:50:21.226,4044,0.4837051,0.03754907,-0.009312111,-0.8743758,302.3087,351.9689,5.648872,5,NB
2025-05-30 16:50:21.271,4045,0.5066835,0.03677726,-0.01089097,-0.8612788,299.3093,351.2596,6.572277,5,NB
2025-05-30 16:50:21.315,4046,0.5393083,0.03557133,-0.01309094,-0.841255,294.9793,349.9119,8.222277,5,NB
2025-05-30 16:50:21.326,4047,0.5622945,0.03480374,-0.014605,-0.8260753,291.8781,348.5574,9.775622,5,NB
2025-05-30 16:50:21.381,4048,0.5797933,0.03460451,-0.0149671,-0.813891,289.4829,347.2366,11.14886,5,NB
2025-05-30 16:50:21.393,4049,0.6177053,0.03360908,-0.01605052,-0.7855273,284.2177,342.7993,15.76692,5,NB
2025-05-30 16:50:21.438,4050,0.6341863,0.03189043,-0.01552689,-0.7723665,281.8586,340.3935,18.27342,5,NB
2025-05-30 16:50:21.459,4051,0.6748022,0.03034555,-0.01589459,-0.7372032,276.2962,322.8746,35.95267,5,NB
2025-05-30 16:50:21.504,4052,0.689532,0.02812494,-0.01398238,-0.7235739,274.3885,308.3806,50.4726,5,NB
2025-05-30 16:50:21.526,4053,0.7072814,0.02653737,-0.01370401,-0.7063012,273.262,268.0845,90.87524,5,NB
2025-05-30 16:50:21.571,4054,0.7215065,0.02824882,-0.01651126,-0.6916342,274.3614,235.8055,123.2428,5,NB
2025-05-30 16:50:21.592,4055,0.7460959,0.01311851,-0.004076676,-0.6656969,276.6656,191.7052,167.5609,5,NB
2025-05-30 16:50:21.644,4056,0.7569609,0.008949229,-0.000141135,-0.6533989,278.4313,184.6586,174.6258,5,NB
2025-05-30 16:50:21.659,4057,0.7944305,0.02349275,-0.01503106,-0.6067145,285.5753,191.2514,168.0565,5,NB
2025-05-30 16:50:21.693,4058,0.8038713,0.02286846,-0.01565832,-0.5941575,287.3433,190.1143,169.2947,5,NB
2025-05-30 16:50:21.743,4059,0.81592,0.02299107,-0.01646565,-0.577473,289.6803,189.1275,170.3359,5,NB
2025-05-30 16:50:21.759,4060,0.8300494,0.02109615,-0.015602,-0.5570725,292.4615,187.4298,172.1163,5,NB
2025-05-30 16:50:21.793,4061,0.851742,0.01969914,-0.0162168,-0.52334,297.0182,186.0963,173.6135,5,NB
2025-05-30 16:50:21.826,4062,0.8575311,0.01930258,-0.01648661,-0.5138056,298.2886,185.8266,173.938,5,NB
2025-05-30 16:50:21.859,4063,0.8717717,0.01970002,-0.0164117,-0.4892412,301.53,185.2544,174.4687,5,NB
2025-05-30 16:50:21.893,4064,0.88715,0.0194033,-0.01611106,-0.4607917,305.2186,184.6216,175.0985,5,NB
2025-05-30 16:50:21.926,4065,0.8942491,0.01934838,-0.01528247,-0.4468899,306.9967,184.2528,175.3998,5,NB
2025-05-30 16:50:21.960,4066,0.9063619,0.01829452,-0.01450598,-0.4218571,310.166,183.7095,175.9636,5,NB
2025-05-30 16:50:22.007,4067,0.9202561,0.0173851,-0.01465718,-0.3906558,314.0695,183.3431,176.4184,5,NB
2025-05-30 16:50:22.028,4068,0.9252614,0.01734468,-0.01451414,-0.3786557,315.5564,183.2113,176.5399,5,NB
2025-05-30 16:50:22.064,4069,0.9385378,0.01706364,-0.01595501,-0.3443853,319.7674,183.1313,176.7697,5,NB
2025-05-30 16:50:22.096,4070,0.9456433,0.01703716,-0.01693935,-0.3243175,322.2078,183.1256,176.8656,5,NB
2025-05-30 16:50:22.130,4071,0.9547824,0.0162486,-0.01771069,-0.2963329,325.5775,183.0193,177.1146,5,NB
2025-05-30 16:50:22.175,4072,0.9605633,0.01534997,-0.01759522,-0.2770799,327.8752,182.8636,177.3443,5,NB
2025-05-30 16:50:22.219,4073,0.9703777,0.01504256,-0.01846174,-0.2404167,332.2228,182.7897,177.5338,5,NB
2025-05-30 16:50:22.241,4074,0.9735872,0.0172132,-0.01900364,-0.2268715,333.8257,182.8622,177.3087,5,NB
2025-05-30 16:50:22.286,4075,0.979028,0.01669967,-0.02193237,-0.2018527,336.7648,183.0996,177.4082,5,NB
2025-05-30 16:50:22.328,4076,0.9837338,0.01588547,-0.02299221,-0.1774457,339.6112,183.1112,177.5901,5,NB
2025-05-30 16:50:22.353,4077,0.985424,0.01522342,-0.02185483,-0.1680196,340.7024,182.9266,177.7322,5,NB
2025-05-30 16:50:22.398,4078,0.9904363,0.01387092,-0.02193772,-0.1355091,344.4655,182.8089,178.0121,5,NB
2025-05-30 16:50:22.419,4079,0.9943846,0.0129061,-0.02312143,-0.1024612,348.2773,182.8467,178.2205,5,NB
2025-05-30 16:50:22.464,4080,0.9951052,0.0127519,-0.02354868,-0.09512537,349.122,182.8772,178.2576,5,NB
2025-05-30 16:50:22.517,4081,0.997324,0.01216848,-0.02527736,-0.06751505,352.2961,183.0115,178.3991,5,NB
2025-05-30 16:50:22.542,4082,0.9985818,0.01167666,-0.0264564,-0.04470275,354.9134,183.1009,178.5224,5,NB
2025-05-30 16:50:22.586,4083,0.9992107,0.01217755,-0.02689067,-0.02658246,356.9924,183.1219,178.5215,5,NB
2025-05-30 16:50:22.620,4084,0.9995494,0.01110504,-0.02781754,0.002016713,0.2663941,183.1853,178.7343,5,NB
2025-05-30 16:50:22.652,4085,0.9993774,0.01045874,-0.02833348,0.01824274,2.123605,183.2268,178.8606,5,NB
2025-05-30 16:50:22.697,4086,0.9990829,0.0104015,-0.02850371,0.03021337,3.495162,183.235,178.9058,5,NB
2025-05-30 16:50:22.742,4087,0.9975321,0.009437237,-0.02985656,0.06284499,7.235234,183.3737,179.1293,5,NB
2025-05-30 16:50:22.785,4088,0.9957907,0.009235925,-0.0300814,0.08608608,9.904305,183.394,179.2314,5,NB
2025-05-30 16:50:22.809,4089,0.9944503,0.009477567,-0.02978734,0.1004567,11.55819,183.3553,179.2476,5,NB
2025-05-30 16:50:22.863,4090,0.9928011,0.008832315,-0.02953585,0.1157407,13.3169,183.3345,179.37,5,NB
2025-05-30 16:50:22.886,4091,0.9892524,0.008647303,-0.02902069,0.1430487,16.47066,183.2845,179.4739,5,NB
2025-05-30 16:50:22.931,4092,0.9860329,0.008038804,-0.02950737,0.1637194,18.86502,183.3659,179.6251,5,NB
2025-05-30 16:50:22.975,4093,0.9827775,0.007269253,-0.02963234,0.1822572,21.01838,183.4144,179.786,5,NB
2025-05-30 16:50:22.998,4094,0.9785176,0.006554368,-0.02932264,0.2039629,23.54985,183.4216,179.9459,5,NB
2025-05-30 16:50:23.042,4095,0.9731292,0.005693548,-0.02873407,0.2283897,26.41262,183.4133,180.1308,5,NB
2025-05-30 16:50:23.100,4096,0.9686345,0.004353424,-0.02760421,0.2469139,28.59263,183.3512,180.3392,5,NB
2025-05-30 16:50:23.129,4097,0.96494,0.002168724,-0.02638422,0.2611328,30.26958,183.3046,180.6365,5,NB
2025-05-30 16:50:23.164,4098,0.9583821,0.0001587872,-0.02461565,0.2844256,33.03728,183.2203,180.9363,5,NB
2025-05-30 16:50:23.208,4099,0.9544106,-0.001075359,-0.02331861,0.2975829,34.60965,183.1448,181.1091,5,NB
2025-05-30 16:50:23.252,4100,0.9472823,-0.001162559,-0.02371505,0.3195199,37.25012,183.2893,181.2495,5,NB
2025-05-30 16:50:23.299,4101,0.938247,-0.001970561,-0.02495958,0.3450592,40.3461,183.6257,181.5731,5,NB
2025-05-30 16:50:23.319,4102,0.9332984,-0.003419351,-0.0285283,0.3579508,41.9094,184.2922,182.0642,5,NB
2025-05-30 16:50:23.382,4103,0.9173664,-0.007261672,-0.03132947,0.3967429,46.67404,185.2885,183.19,5,NB
2025-05-30 16:50:23.407,4104,0.9093677,-0.008573288,-0.03543445,0.414393,48.85645,186.2432,183.9183,5,NB
2025-05-30 16:50:23.440,4105,0.9012945,-0.008457513,-0.03491471,0.4317153,51.04266,186.4141,184.1401,5,NB
2025-05-30 16:50:23.483,4106,0.8935979,-0.007343675,-0.02993964,0.4478088,53.11885,185.7458,183.8157,5,NB
2025-05-30 16:50:23.516,4107,0.8846269,-0.007418741,-0.02653493,0.4654851,55.40313,185.4425,183.8201,5,NB
2025-05-30 16:50:23.561,4108,0.8678561,-0.007407972,-0.02468395,0.4961469,59.40678,185.6601,184.2088,5,NB
2025-05-30 16:50:23.582,4109,0.8578677,-0.008065869,-0.02539035,0.5131797,61.65094,186.2678,184.8199,5,NB
2025-05-30 16:50:23.644,4110,0.8498644,-0.008625599,-0.02706883,0.5262353,63.37901,187.0618,185.5261,5,NB
2025-05-30 16:50:23.682,4111,0.8376349,-0.008528357,-0.0268265,0.5455049,65.98096,187.6586,186.1427,5,NB
2025-05-30 16:50:23.705,4112,0.8237859,-0.008107813,-0.02568177,0.5662611,68.83419,188.1993,186.7507,5,NB
2025-05-30 16:50:23.738,4113,0.8054934,-0.009000375,-0.02441663,0.5920333,72.42416,189.5294,188.2654,5,NB
2025-05-30 16:50:23.791,4114,0.7947814,-0.009587117,-0.02382801,0.6063522,74.44592,190.6383,189.4737,5,NB
2025-05-30 16:50:23.816,4115,0.7867417,-0.0105477,-0.02414759,0.61672,75.90399,192.0888,190.9785,5,NB
2025-05-30 16:50:23.849,4116,0.7614909,-0.01159168,-0.02371975,0.6476378,80.3297,197.7243,196.7381,5,NB
2025-05-30 16:50:23.899,4117,0.7512358,-0.01289054,-0.02367403,0.6594834,81.9903,202.1659,201.29,5,NB
2025-05-30 16:50:23.916,4118,0.735119,-0.01344351,-0.02336094,0.6774021,84.45122,212.9268,212.1223,5,NB
2025-05-30 16:50:23.961,4119,0.7175734,-0.01417483,-0.02338308,0.695946,86.48782,240.4381,239.6917,5,NB
2025-05-30 16:50:23.993,4120,0.6945155,-0.0150947,-0.02329911,0.7189421,86.31215,302.7976,302.1324,5,NB
2025-05-30 16:50:24.045,4121,0.6848927,-0.01430059,-0.02246233,0.7281573,85.3984,319.9756,319.3138,5,NB
2025-05-30 16:50:24.071,4122,0.6700161,-0.01548389,-0.02224495,0.7418518,83.42168,332.5655,332.0167,5,NB
2025-05-30 16:50:24.094,4123,0.6440929,-0.004531093,-0.008107984,0.764891,80.14639,354.1723,353.8814,5,NB
2025-05-30 16:50:24.155,4124,0.62976,-0.01246018,-0.01716607,0.7765003,77.84721,348.7774,348.3939,5,NB
2025-05-30 16:50:24.171,4125,0.5984945,-0.01879786,-0.02370764,0.8005555,73.20898,348.3216,347.9194,5,NB
2025-05-30 16:50:24.216,4126,0.5900794,-0.01960966,-0.0241982,0.8067444,72.01499,348.7576,348.3812,5,NB
2025-05-30 16:50:24.249,4127,0.5503237,-0.02272517,-0.02606578,0.8342351,66.49335,350.3871,350.1106,5,NB
2025-05-30 16:50:24.299,4128,0.5412627,-0.02318448,-0.02650476,0.8401159,65.26023,350.6977,350.4223,5,NB
2025-05-30 16:50:24.337,4129,0.5150956,-0.02492594,-0.0265495,0.8563589,61.74989,351.4901,351.3545,5,NB
2025-05-30 16:50:24.373,4130,0.4909664,-0.02615636,-0.02641707,0.8703851,58.56997,352.1221,352.1002,5,NB
2025-05-30 16:50:24.393,4131,0.4647294,-0.02718089,-0.02627966,0.8846453,55.16623,352.7063,352.7828,5,NB
2025-05-30 16:50:24.446,4132,0.4493423,-0.02795075,-0.02622338,0.8925373,53.19159,352.9572,353.1048,5,NB
2025-05-30 16:50:24.473,4133,0.4147207,-0.0291211,-0.02516223,0.9091346,48.81683,353.5631,353.9057,5,NB
2025-05-30 16:50:24.497,4134,0.3899646,-0.02983325,-0.02385461,0.9200373,45.73676,353.9551,354.4781,5,NB
2025-05-30 16:50:24.542,4135,0.3599651,-0.03065812,-0.02215438,0.9321988,42.04851,354.3499,355.1041,5,NB
2025-05-30 16:50:24.586,4136,0.328048,-0.03137218,-0.0204611,0.9439185,38.17146,354.6977,355.6807,5,NB
2025-05-30 16:50:24.631,4137,0.2906033,-0.03190313,-0.01786271,0.9561449,33.68165,355.0785,356.3689,5,NB
2025-05-30 16:50:24.664,4138,0.257345,-0.03177832,-0.01545373,0.9656734,29.73836,355.4204,356.9498,5,NB
2025-05-30 16:50:24.717,4139,0.2319181,-0.03180322,-0.01354895,0.9721211,26.74645,355.6253,357.3625,5,NB
2025-05-30 16:50:24.743,4140,0.1920109,-0.03079245,-0.01115202,0.9808462,22.08486,355.9969,357.9157,5,NB
2025-05-30 16:50:24.786,4141,0.1577609,-0.02924816,-0.008929031,0.9870037,18.11341,356.3472,358.3809,5,NB
2025-05-30 16:50:24.820,4142,0.1293737,-0.02710268,-0.007818239,0.9911948,14.83553,356.6937,358.6656,5,NB
2025-05-30 16:50:24.866,4143,0.08809976,-0.02402492,-0.005563727,0.9958065,10.0899,357.1572,359.1088,5,NB
2025-05-30 16:50:24.909,4144,0.05814092,-0.02170108,-0.004580497,0.9980621,6.653096,357.4697,359.327,5,NB
2025-05-30 16:50:24.968,4145,0.01985858,-0.01930422,-0.002977886,0.999612,2.268748,357.7797,359.6147,5,NB
2025-05-30 16:50:24.999,4146,-0.01763553,-0.01610407,-0.002196954,0.9997126,357.9752,358.1581,359.7807,5,NB
2025-05-30 16:50:25.021,4147,-0.07335741,-0.01050812,-0.0008683584,0.9972503,351.5857,358.7934,359.989,5,NB
2025-05-30 16:50:25.065,4148,-0.08850005,-0.01166268,0.003992354,0.9960001,349.8516,358.6065,0.5830676,5,NB
2025-05-30 16:50:25.119,4149,-0.1110987,-0.01374871,0.01136526,0.9936494,347.2632,358.2464,1.506363,5,NB
2025-05-30 16:50:25.144,4150,-0.1400206,-0.01812634,0.02343945,0.9897052,343.96,357.4688,3.070085,5,NB
2025-05-30 16:50:25.194,4151,-0.160816,-0.02168581,0.03283563,0.9861997,341.5927,356.7777,4.33617,5,NB
2025-05-30 16:50:25.223,4152,-0.1884769,-0.02819871,0.04732746,0.9805313,338.4726,355.4905,6.384417,5,NB
2025-05-30 16:50:25.255,4153,-0.2044951,-0.03253117,0.05645856,0.9766964,336.685,354.5866,7.734341,5,NB
2025-05-30 16:50:25.288,4154,-0.2239741,-0.03927791,0.07001471,0.9712832,334.5588,353.1526,9.79349,5,NB
2025-05-30 16:50:25.320,4155,-0.2370878,-0.04530535,0.07945814,0.9671728,333.1658,351.9269,11.32201,5,NB
2025-05-30 16:50:25.384,4156,-0.2521806,-0.05575164,0.09514213,0.9613765,331.688,349.8475,13.87065,5,NB
2025-05-30 16:50:25.400,4157,-0.2817194,-0.06912149,0.1193007,0.9495388,328.7674,346.5776,18.08993,5,NB
2025-05-30 16:50:25.444,4158,-0.2853082,-0.07465591,0.1264642,0.9471181,328.5631,345.5034,19.31088,5,NB
2025-05-30 16:50:25.488,4159,-0.2996345,-0.08625863,0.1453218,0.9389677,327.478,342.8186,22.64159,5,NB
2025-05-30 16:50:25.521,4160,-0.3204886,-0.0997913,0.169158,0.9266685,325.9295,339.2576,27.10936,5,NB
2025-05-30 16:50:25.546,4161,-0.3322268,-0.1081024,0.1844154,0.9186569,325.2126,336.9806,30.00167,5,NB
2025-05-30 16:50:25.600,4162,-0.3361548,-0.1164948,0.2048617,0.9118447,325.5761,334.8794,33.22091,5,NB
2025-05-30 16:50:25.631,4163,-0.35528,-0.1327302,0.2413208,0.8932654,325.2039,330.1606,39.78088,5,NB
2025-05-30 16:50:25.676,4164,-0.3604894,-0.1423489,0.2594496,0.8845735,325.6745,327.8968,42.84921,5,NB
2025-05-30 16:50:25.699,4165,-0.3840661,-0.1610757,0.2921714,0.8609203,325.4464,322.465,49.55711,5,NB
2025-05-30 16:50:25.743,4166,-0.389012,-0.1716149,0.3057403,0.8519043,326.0919,320.2877,52.05016,5,NB
2025-05-30 16:50:25.776,4167,-0.4115923,-0.1914272,0.3314828,0.8270832,326.3628,314.9207,57.98122,5,NB
2025-05-30 16:50:25.810,4168,-0.4277368,-0.2076987,0.3522868,0.8060998,327.0943,310.7293,62.63822,5,NB
2025-05-30 16:50:25.855,4169,-0.4355563,-0.2177512,0.3606264,0.7955024,327.5938,308.5156,64.72451,5,NB
2025-05-30 16:50:25.888,4170,-0.4541858,-0.2343616,0.3773581,0.7722635,328.3569,304.1235,69.17711,5,NB
2025-05-30 16:50:25.933,4171,-0.4716704,-0.2502425,0.3920664,0.7491261,329.3057,299.9893,73.26382,5,NB
2025-05-30 16:50:25.954,4172,-0.487702,-0.2586535,0.407312,0.7275593,330.0689,296.7814,77.1669,5,NB
2025-05-30 16:50:25.999,4173,-0.493757,-0.2603369,0.4121908,0.7200888,330.2325,295.7308,78.53065,5,NB
2025-05-30 16:50:26.049,4174,-0.5089499,-0.2617077,0.4283526,0.6992807,330.8176,293.2727,82.43317,5,NB
2025-05-30 16:50:26.065,4175,-0.5233317,-0.2603568,0.4488163,0.6759456,331.7199,291.0755,86.78584,5,NB
2025-05-30 16:50:26.109,4176,-0.5281054,-0.2595379,0.4549521,0.6684037,331.9774,290.385,88.16632,5,NB
2025-05-30 16:50:26.154,4177,-0.536431,-0.2570323,0.4737928,0.6493819,333.0549,289.1447,91.5733,5,NB
2025-05-30 16:50:26.176,4178,-0.5479805,-0.2504905,0.5004938,0.6216736,334.4948,287.6693,96.46051,5,NB
2025-05-30 16:50:26.235,4179,-0.5553712,-0.2427224,0.5253463,0.5972104,335.9006,286.8956,100.6596,5,NB
2025-05-30 16:50:26.266,4180,-0.562937,-0.2288336,0.5618745,0.5612793,337.9894,286.3814,106.6217,5,NB
2025-05-30 16:50:26.288,4181,-0.5690969,-0.2170508,0.5876838,0.5325843,339.4473,285.9964,111.1921,5,NB
2025-05-30 16:50:26.343,4182,-0.5730627,-0.2121532,0.6049589,0.5105049,340.8274,285.5482,114.3042,5,NB
2025-05-30 16:50:26.366,4183,-0.5829636,-0.184645,0.6490142,0.4525932,343.2608,285.2645,123.0407,5,NB
2025-05-30 16:50:26.423,4184,-0.5857939,-0.1786672,0.6617858,0.4323928,344.3293,285.04,125.7277,5,NB
2025-05-30 16:50:26.455,4185,-0.5913731,-0.1606036,0.6845421,0.3948248,345.6942,284.8883,131.0725,5,NB
2025-05-30 16:50:26.488,4186,-0.5973436,-0.1354107,0.7100486,0.3473846,347.1312,284.8401,137.7806,5,NB
2025-05-30 16:50:26.532,4187,-0.6041726,-0.1104328,0.7294483,0.3011402,348.3009,284.5231,144.2024,5,NB
2025-05-30 16:50:26.565,4188,-0.6102553,-0.09163232,0.7414824,0.2634313,349.3019,284.0401,149.2438,5,NB
2025-05-30 16:50:26.609,4189,-0.6192499,-0.07582004,0.748366,0.225232,350.4756,282.9828,154.0849,5,NB
2025-05-30 16:50:26.643,4190,-0.6294069,-0.05980783,0.7529598,0.1825424,351.9683,281.6848,159.2893,5,NB
2025-05-30 16:50:26.687,4191,-0.6431693,-0.05078512,0.7479481,0.1559743,352.8385,279.7195,162.4826,5,NB
2025-05-30 16:50:26.720,4192,-0.6519697,-0.04296245,0.7462897,0.1270497,354.1721,278.4496,165.7042,5,NB
2025-05-30 16:50:26.765,4193,-0.6637123,-0.03752808,0.7403408,0.09986587,355.584,276.6902,168.564,5,NB
2025-05-30 16:50:26.798,4194,-0.6732818,-0.03527349,0.7348307,0.07396757,357.2624,275.2211,171.0029,5,NB
2025-05-30 16:50:26.831,4195,-0.6823581,-0.03095459,0.7293054,0.03928104,359.5154,273.8337,174.2871,5,NB
2025-05-30 16:50:26.876,4196,-0.688948,-0.02728751,0.7235487,0.03291756,359.6637,272.8209,175.1104,5,NB
2025-05-30 16:50:26.909,4197,-0.6921008,-0.02610491,0.7212294,-0.01197578,3.108798,272.332,178.9178,5,NB
2025-05-30 16:50:26.953,4198,-0.6928977,-0.0201223,0.7204387,-0.02136322,3.359389,272.2376,180.1662,5,NB
2025-05-30 16:50:27.003,4199,-0.6929372,-0.01837683,0.718958,-0.05098875,5.571527,272.2458,182.7556,5,NB
2025-05-30 16:50:27.031,4200,-0.6875374,-0.01680819,0.7212207,-0.08276957,7.935554,273.1266,185.5785,5,NB
2025-05-30 16:50:27.064,4201,-0.6800588,-0.01596906,0.7255458,-0.1041553,9.487713,274.3336,187.5397,5,NB
2025-05-30 16:50:27.109,4202,-0.6672704,-0.01233171,0.7313931,-0.1402234,11.8396,276.4058,191.1139,5,NB
2025-05-30 16:50:27.154,4203,-0.6550664,-0.007645436,0.7362784,-0.1694817,13.49154,278.3766,194.2618,5,NB
2025-05-30 16:50:27.176,4204,-0.6465452,-0.003192008,0.7384504,-0.1914691,14.61372,279.7541,196.7364,5,NB
2025-05-30 16:50:27.232,4205,-0.6332837,0.008566419,0.7393369,-0.2286036,16.07377,281.8765,201.2891,5,NB
2025-05-30 16:50:27.280,4206,-0.6260114,0.0174424,0.7357495,-0.2578343,17.28637,283.0506,204.8486,5,NB
2025-05-30 16:50:27.309,4207,-0.6162537,0.03325466,0.7293037,-0.2953668,18.39319,284.5413,209.8157,5,NB
2025-05-30 16:50:27.344,4208,-0.608237,0.04777044,0.722224,-0.3258196,19.10796,285.6899,214.0262,5,NB
2025-05-30 16:50:27.401,4209,-0.5999193,0.0639552,0.7112985,-0.3606398,19.98213,286.8243,218.8704,5,NB
2025-05-30 16:50:27.432,4210,-0.5914677,0.08016741,0.6973788,-0.3967395,20.94692,287.928,223.9521,5,NB
2025-05-30 16:50:27.465,4211,-0.5846571,0.09340353,0.6848397,-0.4247901,21.64041,288.7578,228.0257,5,NB
2025-05-30 16:50:27.510,4212,-0.5743874,0.1158816,0.6636171,-0.4650411,22.36004,289.8021,234.2274,5,NB
2025-05-30 16:50:27.555,4213,-0.5650434,0.1348067,0.6460744,-0.4951175,22.66455,290.6289,239.137,5,NB
2025-05-30 16:50:27.576,4214,-0.5523096,0.15839,0.6185077,-0.5360178,23.33863,291.7161,245.8812,5,NB
2025-05-30 16:50:27.632,4215,-0.5427404,0.1730672,0.5967192,-0.565161,24.01189,292.5947,250.7419,5,NB
2025-05-30 16:50:27.686,4216,-0.5341023,0.1872495,0.5718753,-0.5938277,24.84486,293.328,255.6691,5,NB
2025-05-30 16:50:27.710,4217,-0.5149331,0.2121204,0.52784,-0.6412752,25.88055,294.9625,264.4162,5,NB
2025-05-30 16:50:27.754,4218,-0.5107915,0.2151044,0.5180861,-0.651467,26.27259,295.4721,266.2503,5,NB
2025-05-30 16:50:27.799,4219,-0.497314,0.2286239,0.4885699,-0.6794922,26.90062,296.7087,271.7964,5,NB
2025-05-30 16:50:27.832,4220,-0.4799224,0.2410513,0.4534829,-0.7112821,27.65168,298.5352,278.3122,5,NB
2025-05-30 16:50:27.889,4221,-0.4731036,0.2427059,0.4388157,-0.7243672,28.18989,299.5387,280.9372,5,NB
2025-05-30 16:50:27.910,4222,-0.4587225,0.2485385,0.4097247,-0.7482836,28.87133,301.3505,286.1377,5,NB
2025-05-30 16:50:27.954,4223,-0.4530714,0.2457669,0.3985501,-0.7586059,29.43951,302.5569,288.1836,5,NB
2025-05-30 16:50:28.001,4224,-0.4383579,0.2438121,0.3762499,-0.7789956,29.96621,304.9915,292.5738,5,NB
2025-05-30 16:50:28.032,4225,-0.4216413,0.2412119,0.3526734,-0.7997859,30.28538,307.7002,297.272,5,NB
2025-05-30 16:50:28.076,4226,-0.4150147,0.2352082,0.3451708,-0.808268,30.56478,309.2574,298.9842,5,NB
2025-05-30 16:50:28.109,4227,-0.3968167,0.2272969,0.3252478,-0.8276997,30.59953,312.5211,303.3742,5,NB
2025-05-30 16:50:28.165,4228,-0.3980738,0.2150397,0.3253579,-0.8303239,31.40811,313.7872,303.5237,5,NB
2025-05-30 16:50:28.199,4229,-0.3750058,0.1925394,0.3040075,-0.8543295,31.5801,319.1699,308.8079,5,NB
2025-05-30 16:50:28.229,4230,-0.3590309,0.1720986,0.2891875,-0.8705457,31.70649,323.3954,312.516,5,NB
2025-05-30 16:50:28.288,4231,-0.3506945,0.151783,0.2815619,-0.8801696,32.13179,326.7205,314.6828,5,NB
2025-05-30 16:50:28.321,4232,-0.3293334,0.1273524,0.2609712,-0.8984515,31.68908,331.9043,319.4823,5,NB
2025-05-30 16:50:28.377,4233,-0.3084949,0.09816968,0.2428305,-0.9144546,31.0999,337.3777,323.8856,5,NB
2025-05-30 16:50:28.409,4234,-0.2828765,0.07961479,0.2214863,-0.9298314,29.39237,341.7147,328.3696,5,NB
2025-05-30 16:50:28.454,4235,-0.2685933,0.06093457,0.2154004,-0.9368818,28.49158,344.837,330.2332,5,NB
2025-05-30 16:50:28.499,4236,-0.2508335,0.04655743,0.2000591,-0.945987,27.12556,347.7758,333.1583,5,NB
2025-05-30 16:50:28.543,4237,-0.2267932,0.0270196,0.1807317,-0.9566458,25.09718,351.5116,336.7106,5,NB
2025-05-30 16:50:28.576,4238,-0.2130463,0.01643448,0.1667674,-0.9625643,23.86982,353.5519,338.9775,5,NB
2025-05-30 16:50:28.631,4239,-0.1973568,0.004695889,0.1520041,-0.9684644,22.38563,355.7146,341.3116,5,NB
2025-05-30 16:50:28.665,4240,-0.1745726,-0.003201738,0.1306878,-0.9759279,19.973,357.5986,344.3228,5,NB
2025-05-30 16:50:28.720,4241,-0.1621518,-0.009930771,0.1201653,-0.9793717,18.66294,358.8195,345.816,5,NB
2025-05-30 16:50:28.753,4242,-0.1313182,-0.01809954,0.09887648,-0.9862309,15.22436,0.5778983,348.6269,5,NB
2025-05-30 16:50:28.809,4243,-0.1195393,-0.02503379,0.09318499,-0.9881298,13.94003,1.605636,349.4217,5,NB
2025-05-30 16:50:28.843,4244,-0.08581232,-0.03357577,0.07407837,-0.9929861,10.10167,3.142337,351.7449,5,NB
2025-05-30 16:50:28.887,4245,-0.06923816,-0.04002229,0.06676323,-0.9945589,8.225349,4.076898,352.6124,5,NB
2025-05-30 16:50:28.931,4246,-0.03935214,-0.04666221,0.05552621,-0.9965898,4.796549,5.103059,353.8358,5,NB
2025-05-30 16:50:28.975,4247,-0.01547606,-0.0549739,0.04722873,-0.9972503,2.066517,6.214676,354.6893,5,NB
2025-05-30 16:50:29.020,4248,0.01868646,-0.06055788,0.03616912,-0.9973342,358.1151,7.019709,355.7304,5,NB
2025-05-30 16:50:29.053,4249,0.04457309,-0.06206852,0.02772315,-0.9966908,355.1004,7.276654,356.5017,5,NB
2025-05-30 16:50:29.109,4250,0.05746674,-0.05577843,0.01914229,-0.9966044,353.5459,6.551789,357.4294,5,NB
2025-05-30 16:50:29.143,4251,0.09889885,-0.0503773,0.01490236,-0.9937098,348.7522,6.032172,357.6871,5,NB
2025-05-30 16:50:29.187,4252,0.1341863,-0.04441961,0.01742449,-0.9898068,344.6872,5.509957,357.2417,5,NB
2025-05-30 16:50:29.231,4253,0.1704827,-0.04355356,0.01689693,-0.9842527,340.4807,5.570802,357.074,5,NB
2025-05-30 16:50:29.265,4254,0.1914114,-0.04260026,0.01475826,-0.9804741,338.0319,5.518624,357.2034,5,NB
2025-05-30 16:50:29.320,4255,0.2145667,-0.0400341,0.0109418,-0.9758273,335.299,5.230935,357.569,5,NB
2025-05-30 16:50:29.353,4256,0.2481289,-0.03716509,0.007528461,-0.9679847,331.327,4.948771,357.8433,5,NB
2025-05-30 16:50:29.398,4257,0.2578681,-0.03413165,0.004072587,-0.9655687,330.152,4.497472,358.3174,5,NB
2025-05-30 16:50:29.441,4258,0.2906019,-0.03391981,0.006472638,-0.9562209,326.2672,4.733769,357.7884,5,NB
2025-05-30 16:50:29.486,4259,0.3084459,-0.03497797,0.008556113,-0.9505602,324.1409,5.080853,357.3236,5,NB
2025-05-30 16:50:29.518,4260,0.3313207,-0.03647776,0.01121761,-0.9427462,321.3997,5.59625,356.6754,5,NB
2025-05-30 16:50:29.576,4261,0.3465617,-0.03909821,0.01683854,-0.9370608,319.5953,6.404846,355.5821,5,NB
2025-05-30 16:50:29.607,4262,0.3740112,-0.04162757,0.02342864,-0.9261935,316.3016,7.521329,354.0825,5,NB
2025-05-30 16:50:29.652,4263,0.3727838,-0.0516477,0.03808966,-0.9256966,316.6672,9.816913,351.3795,5,NB
2025-05-30 16:50:29.686,4264,0.3899245,-0.05869443,0.04709231,-0.9177671,314.7495,11.84103,349.1756,5,NB
2025-05-30 16:50:29.741,4265,0.3979299,-0.07076321,0.06490907,-0.9123768,314.1978,15.02991,345.4821,5,NB
2025-05-30 16:50:29.762,4266,0.4271177,-0.07176606,0.07455836,-0.8982545,310.8329,17.1329,342.6257,5,NB
2025-05-30 16:50:29.818,4267,0.4196906,-0.08014064,0.09690369,-0.8989143,312.3537,19.54789,338.9954,5,NB
2025-05-30 16:50:29.850,4268,0.4343831,-0.08347828,0.1125467,-0.8897618,311.0441,22.03264,335.4522,5,NB
2025-05-30 16:50:29.885,4269,0.4329171,-0.08903667,0.1253828,-0.8882198,311.6926,23.64166,333.2066,5,NB
2025-05-30 16:50:29.917,4270,0.4469233,-0.09325232,0.1356968,-0.8792896,310.4792,26.0693,330.2645,5,NB
2025-05-30 16:50:29.950,4271,0.4538164,-0.09724987,0.1456557,-0.8737149,310.1213,27.96054,327.8629,5,NB
2025-05-30 16:50:29.984,4272,0.4558303,-0.1031826,0.1513401,-0.8710158,310.2849,29.43107,326.4117,5,NB
2025-05-30 16:50:30.028,4273,0.4711417,-0.1052277,0.1583676,-0.8613202,308.8968,31.75823,323.6742,5,NB
2025-05-30 16:50:30.061,4274,0.4994641,-0.1015226,0.1657046,-0.8442577,305.9327,35.04234,319.4884,5,NB
2025-05-30 16:50:30.094,4275,0.5189657,-0.09905505,0.1750306,-0.8307991,304.1432,38.09216,315.4645,5,NB
2025-05-30 16:50:30.138,4276,0.5163157,-0.1034491,0.1849186,-0.829772,305.0562,39.14935,313.9236,5,NB
2025-05-30 16:50:30.160,4277,0.5276476,-0.1155281,0.2001479,-0.8174242,305.2761,43.84966,308.9508,5,NB
2025-05-30 16:50:30.205,4278,0.5202321,-0.125052,0.2129222,-0.8175482,307.1197,44.90391,307.5801,5,NB
2025-05-30 16:50:30.227,4279,0.5241551,-0.1407696,0.2284769,-0.8082351,308.468,48.66092,303.8067,5,NB
2025-05-30 16:50:30.272,4280,0.5183971,-0.1514068,0.2398366,-0.8067336,310.2005,49.79287,302.5714,5,NB
2025-05-30 16:50:30.294,4281,0.5195667,-0.1710154,0.2595985,-0.7958725,312.4194,53.46098,298.8339,5,NB
2025-05-30 16:50:30.340,4282,0.515162,-0.1854582,0.2683741,-0.7925837,314.1866,54.9352,297.809,5,NB
2025-05-30 16:50:30.365,4283,0.517648,-0.2129871,0.2901219,-0.776213,317.1544,59.38811,293.7885,5,NB
2025-05-30 16:50:30.410,4284,0.5146304,-0.2264188,0.2999575,-0.7706596,318.8998,60.78709,292.6636,5,NB
2025-05-30 16:50:30.457,4285,0.5136997,-0.2412367,0.3117374,-0.7620614,320.7625,62.6503,291.0236,5,NB
2025-05-30 16:50:30.481,4286,0.5130329,-0.2686371,0.333753,-0.7438015,324.2766,66.07294,287.9954,5,NB
2025-05-30 16:50:30.526,4287,0.5092589,-0.2775606,0.3405958,-0.7400071,325.6228,66.6416,287.5813,5,NB
2025-05-30 16:50:30.561,4288,0.5066969,-0.2964545,0.3533032,-0.7283887,328.0845,68.52544,286.2039,5,NB
2025-05-30 16:50:30.604,4289,0.5016923,-0.3139498,0.364,-0.7191971,330.4571,69.86482,285.4401,5,NB
2025-05-30 16:50:30.637,4290,0.4964036,-0.3320419,0.3744555,-0.709306,332.9007,71.21518,284.7555,5,NB
2025-05-30 16:50:30.695,4291,0.490794,-0.3512211,0.3850839,-0.6981946,335.4908,72.6373,284.1,5,NB
2025-05-30 16:50:30.727,4292,0.4846411,-0.3639687,0.3916356,-0.6922944,337.2977,73.28683,284.0199,5,NB
2025-05-30 16:50:30.760,4293,0.4764472,-0.3811246,0.4006033,-0.6835638,339.7569,74.19859,283.8774,5,NB
2025-05-30 16:50:30.817,4294,0.46203,-0.4046284,0.4174951,-0.6697031,343.681,75.17196,283.5253,5,NB
2025-05-30 16:50:30.840,4295,0.4512803,-0.4195092,0.4278695,-0.6612761,346.2402,75.65094,283.488,5,NB
2025-05-30 16:50:30.876,4296,0.432267,-0.4467452,0.4482123,-0.6423939,351.0891,76.70865,283.1349,5,NB
2025-05-30 16:50:30.928,4297,0.4103437,-0.4674134,0.4699251,-0.6263492,355.7138,76.88417,282.8382,5,NB
2025-05-30 16:50:30.961,4298,0.3875112,-0.4897445,0.4903225,-0.6079223,0.5220864,77.29213,282.6413,5,NB
2025-05-30 16:50:31.017,4299,0.3689132,-0.5045033,0.5021182,-0.5977098,3.763288,77.33608,282.9467,5,NB
2025-05-30 16:50:31.050,4300,0.3352052,-0.5324982,0.5269825,-0.5712906,10.26699,77.78656,282.9107,5,NB
2025-05-30 16:50:31.102,4301,0.3232758,-0.5394395,0.5325519,-0.5664685,12.02321,77.66171,283.2253,5,NB
2025-05-30 16:50:31.144,4302,0.2992762,-0.5527373,0.5476924,-0.5522214,15.95764,77.39429,283.2846,5,NB
2025-05-30 16:50:31.172,4303,0.2593623,-0.5711562,0.5764674,-0.5236386,22.7606,76.64329,282.5794,5,NB
2025-05-30 16:50:31.216,4304,0.2434373,-0.5751575,0.5839487,-0.5185907,24.78638,75.98511,282.693,5,NB
2025-05-30 16:50:31.249,4305,0.2085997,-0.5846278,0.6112233,-0.4910222,30.65198,74.53501,281.111,5,NB
2025-05-30 16:50:31.306,4306,0.2019508,-0.5829204,0.6123228,-0.49445,30.94144,73.83125,281.3335,5,NB
2025-05-30 16:50:31.338,4307,0.1707584,-0.5887748,0.6419516,-0.460526,36.77345,71.93633,278.4337,5,NB
2025-05-30 16:50:31.400,4308,0.1586581,-0.5901328,0.6542197,-0.4456095,39.10575,70.96043,276.9316,5,NB
2025-05-30 16:50:31.443,4309,0.1517504,-0.5913308,0.6623104,-0.4343325,40.65244,70.39194,275.7973,5,NB
2025-05-30 16:50:31.472,4310,0.1414608,-0.59301,0.6755574,-0.4146689,43.14961,69.40311,273.7111,5,NB
2025-05-30 16:50:31.516,4311,0.1381346,-0.5924247,0.6822217,-0.4056175,44.12853,68.77115,272.4741,5,NB
2025-05-30 16:50:31.560,4312,0.1286879,-0.59706,0.6957862,-0.3779429,47.18723,68.06059,269.8856,5,NB
2025-05-30 16:50:31.605,4313,0.1307442,-0.6009921,0.6974179,-0.3678627,47.91005,68.70523,269.4041,5,NB
2025-05-30 16:50:31.645,4314,0.1275064,-0.6059614,0.703101,-0.349574,49.72569,68.86325,268.1191,5,NB
2025-05-30 16:50:31.701,4315,0.1283993,-0.6112556,0.7043259,-0.3373506,50.75203,69.67469,267.7243,5,NB
2025-05-30 16:50:31.732,4316,0.1209181,-0.6176965,0.7106936,-0.3142367,53.32074,69.65672,266.2168,5,NB
2025-05-30 16:50:31.777,4317,0.1226581,-0.6226277,0.7080173,-0.309841,53.67339,70.82424,266.8389,5,NB
2025-05-30 16:50:31.818,4318,0.1152007,-0.6332168,0.7111875,-0.2828033,56.66933,71.80966,266.0221,5,NB
2025-05-30 16:50:31.862,4319,0.1107353,-0.6398378,0.7118666,-0.2675662,58.39703,72.60176,265.838,5,NB
2025-05-30 16:50:31.908,4320,0.1088484,-0.6469345,0.7097433,-0.2566951,59.59087,74.03108,266.4698,5,NB
2025-05-30 16:50:31.939,4321,0.1035057,-0.6553038,0.7094677,-0.2377379,61.71715,75.3637,266.5982,5,NB
2025-05-30 16:50:31.984,4322,0.09994706,-0.6635315,0.706896,-0.2236848,63.30136,77.20888,267.5275,5,NB
2025-05-30 16:50:32.027,4323,0.09460989,-0.6715707,0.7047653,-0.2082015,65.12172,79.02612,268.4622,5,NB
2025-05-30 16:50:32.071,4324,0.08895173,-0.6809317,0.7012359,-0.1915416,67.05968,81.61478,270.1046,5,NB
2025-05-30 16:50:32.094,4325,0.08004718,-0.6883928,0.7002671,-0.1712714,69.50423,83.5364,271.0534,5,NB
2025-05-30 16:50:32.139,4326,0.07715013,-0.6942079,0.6963511,-0.1649809,70.28259,85.87875,273.107,5,NB
2025-05-30 16:50:32.183,4327,0.06580301,-0.7072353,0.6899635,-0.139423,73.25252,91.79448,277.8268,5,NB
2025-05-30 16:50:32.217,4328,0.05899507,-0.7144007,0.6858469,-0.1255607,74.8235,96.07316,281.5166,5,NB
2025-05-30 16:50:32.249,4329,0.0508051,-0.7234289,0.6799609,-0.1082717,76.60722,102.9382,287.6279,5,NB
2025-05-30 16:50:32.294,4330,0.04725318,-0.7311,0.6733713,-0.09915204,77.22164,109.4035,293.636,5,NB
2025-05-30 16:50:32.328,4331,0.04181848,-0.7390566,0.6665847,-0.08781611,77.94368,117.333,301.0815,5,NB
2025-05-30 16:50:32.361,4332,0.0322554,-0.7493774,0.6576629,-0.06980689,78.8641,130.4145,313.472,5,NB
2025-05-30 16:50:32.405,4333,0.02523952,-0.7602972,0.6466717,-0.05592189,78.66718,143.2129,325.7115,5,NB
2025-05-30 16:50:32.451,4334,0.02022571,-0.7670749,0.6395014,-0.047174,78.28854,151.054,333.2492,5,NB
2025-05-30 16:50:32.471,4335,0.01797639,-0.7743833,0.6310585,-0.0421043,77.38203,156.2734,338.2404,5,NB
2025-05-30 16:50:32.504,4336,0.01032144,-0.782766,0.6215018,-0.03010934,76.49738,165.1181,346.7327,5,NB
2025-05-30 16:50:32.559,4337,0.004944728,-0.7921585,0.6099556,-0.02036804,75.05224,171.4605,352.721,5,NB
2025-05-30 16:50:32.571,4338,0.001702166,-0.8090677,0.5875053,-0.01563372,71.91732,174.9545,356.0976,5,NB
2025-05-30 16:50:32.616,4339,0.003313981,-0.8193467,0.5730225,-0.01747635,69.86634,174.5928,355.7583,5,NB
2025-05-30 16:50:32.649,4340,0.004177464,-0.8445137,0.5351783,-0.01906652,64.6583,175.0845,356.3211,5,NB
2025-05-30 16:50:32.693,4341,0.00638106,-0.8542657,0.5193787,-0.02086428,62.5121,174.7448,355.9529,5,NB
2025-05-30 16:50:32.716,4342,0.007183152,-0.8662232,0.4991679,-0.02091287,59.82352,175.0467,356.199,5,NB
2025-05-30 16:50:32.760,4343,0.00744797,-0.8834511,0.4679329,-0.02230953,55.73671,175.2737,356.5338,5,NB
2025-05-30 16:50:32.811,4344,0.008001579,-0.8967938,0.441716,-0.02416806,52.36055,175.2645,356.6484,5,NB
2025-05-30 16:50:32.839,4345,0.01078976,-0.9067343,0.4205819,-0.02876863,49.6489,174.572,356.1241,5,NB
2025-05-30 16:50:32.864,4346,0.0121395,-0.9215823,0.3866101,-0.03273075,45.38086,174.3038,356.1074,5,NB
2025-05-30 16:50:32.924,4347,0.01654549,-0.9259691,0.375157,-0.03956132,43.9045,173.1704,355.1972,5,NB
2025-05-30 16:50:32.953,4348,0.01965415,-0.9350109,0.3513918,-0.04350258,40.95,172.7617,354.8858,5,NB
2025-05-30 16:50:32.986,4349,0.01977384,-0.9402999,0.3369325,-0.04383718,39.19055,172.9024,355.0611,5,NB
2025-05-30 16:50:33.039,4350,0.01678996,-0.9453086,0.3230137,-0.0420981,37.53757,173.451,355.7373,5,NB
2025-05-30 16:50:33.065,4351,0.01284882,-0.9517245,0.3042749,-0.0383714,35.32303,174.3126,356.6408,5,NB
2025-05-30 16:50:33.108,4352,0.007933241,-0.9575062,0.2863543,-0.0334723,33.21901,175.2935,357.6459,5,NB
2025-05-30 16:50:33.142,4353,0.00718213,-0.962281,0.2700711,-0.0320242,31.28588,175.6034,357.9131,5,NB
2025-05-30 16:50:33.187,4354,0.006344146,-0.9679049,0.2494009,-0.03032184,28.84278,175.9503,358.2071,5,NB
2025-05-30 16:50:33.219,4355,0.004656152,-0.9732993,0.2276026,-0.02939626,26.2812,176.2052,358.5656,5,NB
2025-05-30 16:50:33.265,4356,0.003548558,-0.9778267,0.2074777,-0.02820545,23.92586,176.4479,358.8313,5,NB
2025-05-30 16:50:33.312,4357,0.003434049,-0.9819809,0.1868798,-0.02788957,21.52045,176.5454,358.9426,5,NB
2025-05-30 16:50:33.342,4358,0.003476077,-0.9859989,0.1645468,-0.02681063,18.92314,176.7266,359.0504,5,NB
2025-05-30 16:50:33.376,4359,0.003355023,-0.9888529,0.1467364,-0.02504833,16.85995,176.9738,359.1626,5,NB
2025-05-30 16:50:33.420,4360,0.002200249,-0.992283,0.1218277,-0.02297573,13.98536,177.275,359.4116,5,NB
2025-05-30 16:50:33.464,4361,0.002420807,-0.9938614,0.1084211,-0.02188048,12.4393,177.4165,359.4393,5,NB
2025-05-30 16:50:33.504,4362,0.003189514,-0.9950944,0.09684769,-0.01994504,11.1056,177.6455,359.4038,5,NB
2025-05-30 16:50:33.532,4363,0.003601813,-0.997611,0.06629629,-0.01908636,7.593175,177.7706,359.4383,5,NB
2025-05-30 16:50:33.565,4364,0.003651726,-0.9987456,0.04580553,-0.01989974,5.241323,177.6931,359.4754,5,NB
2025-05-30 16:50:33.609,4365,0.003716903,-0.9996561,0.01595319,-0.02048198,1.819054,177.6451,359.5365,5,NB
2025-05-30 16:50:33.631,4366,0.003991223,-0.9997641,-0.006449316,-0.02035625,359.2518,177.67,359.5577,5,NB
2025-05-30 16:50:33.694,4367,0.003266667,-0.9995842,-0.02140585,-0.01904559,357.5402,177.8239,359.6722,5,NB
2025-05-30 16:50:33.719,4368,0.002691215,-0.9972845,-0.07134294,-0.01807367,351.8135,177.935,359.8386,5,NB
2025-05-30 16:50:33.753,4369,0.00183532,-0.9964799,-0.08198174,-0.01742052,350.5928,178.0007,359.9535,5,NB
2025-05-30 16:50:33.798,4370,0.0009608731,-0.9958737,-0.0889483,-0.0179709,349.7935,177.9257,0.07470092,5,NB
2025-05-30 16:50:33.819,4371,0.0007826629,-0.9939478,-0.1082149,-0.01889058,347.5757,177.8062,0.1485892,5,NB
2025-05-30 16:50:33.865,4372,0.00146388,-0.9933692,-0.1131927,-0.02007777,347.0005,177.6732,0.09625834,5,NB
2025-05-30 16:50:33.898,4373,0.0008192493,-0.9913115,-0.1299965,-0.02004963,345.0624,177.6548,0.2127974,5,NB
2025-05-30 16:50:33.942,4374,0.0002653711,-0.9901375,-0.1386636,-0.02000549,344.0616,177.6431,0.2992777,5,NB
2025-05-30 16:50:33.976,4375,-9.871068e-05,-0.9878774,-0.1539164,-0.02020694,342.2961,177.5963,0.3858509,5,NB
2025-05-30 16:50:34.008,4376,-0.0001284735,-0.9859544,-0.1657695,-0.02036233,340.9207,177.5624,0.4246442,5,NB
2025-05-30 16:50:34.064,4377,-0.0001988157,-0.9852933,-0.1696584,-0.02033425,340.4689,177.5591,0.443285,5,NB
2025-05-30 16:50:34.076,4378,-0.0006674776,-0.9826723,-0.1842129,-0.02050909,338.776,177.5066,0.5450716,5,NB
2025-05-30 16:50:34.119,4379,-0.0008056504,-0.9802361,-0.1968034,-0.02013075,337.3069,177.5286,0.590184,5,NB
2025-05-30 16:50:34.164,4380,-0.001178953,-0.9771941,-0.2113917,-0.02009624,335.6006,177.4968,0.6795267,5,NB
2025-05-30 16:50:34.209,4381,-0.001300346,-0.9745397,-0.223302,-0.02017944,334.2032,177.4593,0.7348253,5,NB
2025-05-30 16:50:34.231,4382,-0.001351037,-0.9734571,-0.2279777,-0.02014135,333.6535,177.4526,0.7553695,5,NB
2025-05-30 16:50:34.275,4383,-0.002257295,-0.969375,-0.2447696,-0.0198743,331.676,177.4193,0.9181465,5,NB
2025-05-30 16:50:34.298,4384,-0.002437503,-0.9649064,-0.2618515,-0.01958653,329.6534,177.4048,0.9933779,5,NB
2025-05-30 16:50:34.342,4385,-0.001764818,-0.9637514,-0.266159,-0.01842969,329.139,177.5655,0.8818936,5,NB
2025-05-30 16:50:34.375,4386,-0.001120812,-0.960253,-0.2785953,-0.01726027,327.6557,177.709,0.7982263,5,NB
2025-05-30 16:50:34.419,4387,-0.001976764,-0.9622096,-0.2718347,-0.01596141,328.4622,177.8623,0.8391257,5,NB
2025-05-30 16:50:34.462,4388,-0.0003679483,-0.9612293,-0.2753527,-0.01480916,328.0389,178.0633,0.5985479,5,NB
2025-05-30 16:50:34.486,4389,-0.0001304576,-0.9603223,-0.2786353,-0.01197938,327.6455,178.4343,0.4697858,5,NB
2025-05-30 16:50:34.535,4390,-0.00293901,-0.9581119,-0.2862234,-0.009453718,326.7418,178.6434,0.7567103,5,NB
2025-05-30 16:50:34.564,4391,-0.00339291,-0.9582194,-0.2859035,-0.007967509,326.7795,178.8213,0.7573862,5,NB
2025-05-30 16:50:34.586,4392,-0.003742111,-0.9530384,-0.302734,-0.007488216,324.7617,178.8397,0.818443,5,NB
2025-05-30 16:50:34.643,4393,-0.008087362,-0.9564023,-0.2918622,-0.006772093,326.071,178.7794,1.341321,5,NB
2025-05-30 16:50:34.678,4394,-0.008775227,-0.9534922,-0.3012237,-0.006357761,324.9482,178.7813,1.439447,5,NB
2025-05-30 16:50:34.707,4395,-0.006753319,-0.9544154,-0.2983148,-0.007361856,325.2963,178.7397,1.204624,5,NB
2025-05-30 16:50:34.730,4396,-0.00823728,-0.9525944,-0.3040426,-0.007382182,324.6101,178.6594,1.41861,5,NB
2025-05-30 16:50:34.775,4397,-0.01032965,-0.9574468,-0.2883406,-0.006997462,326.4959,178.6699,1.636647,5,NB
2025-05-30 16:50:34.808,4398,-0.00865031,-0.9635314,-0.2672716,-0.009921517,329.0107,178.4129,1.468752,5,NB
2025-05-30 16:50:34.852,4399,-0.009737467,-0.9726589,-0.2317327,-0.0118374,333.2202,178.2322,1.568013,5,NB
2025-05-30 16:50:34.896,4400,-0.009814437,-0.9775876,-0.2098894,-0.01314448,335.7881,178.1263,1.552313,5,NB
2025-05-30 16:50:34.919,4401,-0.008817835,-0.9840332,-0.1771078,-0.0152965,339.6172,177.9686,1.392048,5,NB
2025-05-30 16:50:34.953,4402,-0.01099402,-0.98738,-0.1573518,-0.01416479,341.9154,178.1051,1.577447,5,NB
2025-05-30 16:50:34.997,4403,-0.01229075,-0.9914989,-0.1287147,-0.01454916,345.2333,178.1027,1.666298,5,NB
2025-05-30 16:50:35.042,4404,-0.01077771,-0.9933735,-0.1133445,-0.01569248,347.006,178.0227,1.468427,5,NB
2025-05-30 16:50:35.064,4405,-0.00970141,-0.9941743,-0.1060007,-0.0169531,347.852,177.9034,1.341304,5,NB
2025-05-30 16:50:35.108,4406,-0.007952045,-0.9952417,-0.09509435,-0.0196961,349.1073,177.6236,1.142183,5,NB
2025-05-30 16:50:35.154,4407,-0.006919036,-0.9959081,-0.08757874,-0.02119857,349.9709,177.4719,1.017971,5,NB
2025-05-30 16:50:35.189,4408,-0.004774508,-0.9964334,-0.08127587,-0.02218208,350.6909,177.3874,0.7618154,5,NB
2025-05-30 16:50:35.219,4409,-0.004891353,-0.9971231,-0.07267959,-0.02096782,351.678,177.5368,0.7413514,5,NB
2025-05-30 16:50:35.242,4410,-0.004306925,-0.9976725,-0.06502731,-0.02006512,352.5547,177.6535,0.647377,5,NB
2025-05-30 16:50:35.301,4411,-0.003109307,-0.9983906,-0.05372703,-0.01789687,353.8478,177.9209,0.4686158,5,NB
2025-05-30 16:50:35.331,4412,-0.001944372,-0.999034,-0.0409545,-0.01581419,355.3098,178.174,0.2978086,5,NB
2025-05-30 16:50:35.379,4413,-0.001817875,-0.9995693,-0.02573928,-0.01399021,357.0534,178.3898,0.2498186,5,NB
2025-05-30 16:50:35.422,4414,-0.003129807,-0.9998841,-0.009831875,-0.01119391,358.8774,178.7135,0.3712934,5,NB
2025-05-30 16:50:35.442,4415,-0.003233172,-0.9999565,-0.001727938,-0.008593583,359.8052,179.0146,0.3721844,5,NB
2025-05-30 16:50:35.500,4416,-0.003767474,-0.9999251,0.0101268,-0.005766371,1.162928,179.3435,0.4250882,5,NB
2025-05-30 16:50:35.538,4417,-0.003103937,-0.9997934,0.01982501,-0.003288496,2.273075,179.63,0.348417,5,NB
2025-05-30 16:50:35.553,4418,-0.002064567,-0.9995964,0.02823222,-0.002434368,3.236164,179.7274,0.2289766,5,NB
2025-05-30 16:50:35.597,4419,8.817781e-06,-0.9995221,0.03075996,-0.003082847,3.525368,179.6462,359.9881,5,NB
2025-05-30 16:50:35.652,4420,0.0007956261,-0.9991461,0.04106395,-0.004514535,4.706442,179.4776,359.8873,5,NB
2025-05-30 16:50:35.688,4421,0.002155598,-0.998684,0.05098645,-0.005129805,5.843787,179.3972,359.7219,5,NB
2025-05-30 16:50:35.709,4422,0.003737227,-0.9980237,0.06252244,-0.005083419,7.166883,179.3871,359.5325,5,NB
2025-05-30 16:50:35.753,4423,0.005318957,-0.9975215,0.07004191,-0.004096081,8.030086,179.484,359.3528,5,NB
2025-05-30 16:50:35.803,4424,0.005390023,-0.9967937,0.07976922,-0.003239407,9.148389,179.5753,359.3464,5,NB
2025-05-30 16:50:35.831,4425,0.005376611,-0.995469,0.09492028,-0.001725388,10.8922,179.74,359.3563,5,NB
2025-05-30 16:50:35.864,4426,0.004936036,-0.9945906,0.1037462,-0.001503902,11.90884,179.7649,359.4068,5,NB
2025-05-30 16:50:35.908,4427,0.004512824,-0.99336,0.1149471,-0.001755818,13.20005,179.7337,359.4486,5,NB
2025-05-30 16:50:35.942,4428,0.004565103,-0.991155,0.1326183,-0.001867987,15.24063,179.7082,359.4332,5,NB
2025-05-30 16:50:35.986,4429,0.00404405,-0.9892808,0.1459563,-0.002013155,16.78417,179.691,359.486,5,NB
2025-05-30 16:50:36.019,4430,0.004207689,-0.9870021,0.1606477,-0.00131465,18.48812,179.7616,359.4727,5,NB
2025-05-30 16:50:36.064,4431,0.004582833,-0.9844018,0.1758756,-0.0003690846,20.2588,179.8572,359.441,5,NB
2025-05-30 16:50:36.097,4432,0.004747487,-0.9797913,0.1999652,0.0006276486,23.06993,179.9584,359.4362,5,NB
2025-05-30 16:50:36.141,4433,0.004890511,-0.9767485,0.2143276,0.001539711,24.75274,180.0575,359.4389,5,NB
2025-05-30 16:50:36.175,4434,0.00510091,-0.9706609,0.2403894,0.002103232,27.81995,180.1056,359.424,5,NB
2025-05-30 16:50:36.219,4435,0.004989885,-0.9649583,0.2623418,0.002735816,30.41936,180.1768,359.4555,5,NB
2025-05-30 16:50:36.253,4436,0.007447386,-0.9605572,0.2779793,0.001500973,32.27966,179.9148,359.0869,5,NB
2025-05-30 16:50:36.298,4437,0.01004891,-0.9591945,0.2825676,-0.0007831091,32.8239,179.5104,358.6553,5,NB
2025-05-30 16:50:36.329,4438,0.01766915,-0.9555857,0.2940951,-0.007230365,34.1811,178.3229,357.3657,5,NB
2025-05-30 16:50:36.374,4439,0.02055022,-0.9541051,0.2986109,-0.009639487,34.70952,177.862,356.864,5,NB
2025-05-30 16:50:36.420,4440,0.02597305,-0.9510964,0.307495,-0.0137156,35.74665,177.0292,355.9132,5,NB
2025-05-30 16:50:36.466,4441,0.03711924,-0.9428627,0.3304435,-0.02096245,38.43083,175.3093,353.8553,5,NB
2025-05-30 16:50:36.512,4442,0.04116738,-0.9392484,0.3399365,-0.0236901,39.54017,174.6063,353.0407,5,NB
2025-05-30 16:50:36.541,4443,0.05045017,-0.9318143,0.3583665,-0.02739726,41.68982,173.2928,351.2455,5,NB
2025-05-30 16:50:36.574,4444,0.06191403,-0.9206225,0.3842974,-0.03060314,44.73235,171.5872,348.8382,5,NB
2025-05-30 16:50:36.618,4445,0.06731704,-0.9158722,0.3944989,-0.03189882,45.91646,170.7739,347.6773,5,NB
2025-05-30 16:50:36.650,4446,0.08380613,-0.8991192,0.4284692,-0.03123629,49.92958,168.532,343.9967,5,NB
2025-05-30 16:50:36.709,4447,0.08924568,-0.8949563,0.4361042,-0.03002844,50.82575,167.9763,342.8817,5,NB
2025-05-30 16:50:36.727,4448,0.10157,-0.8829857,0.4575343,-0.02612369,53.38732,166.5148,340.0723,5,NB
2025-05-30 16:50:36.772,4449,0.1075848,-0.8770533,0.4676018,-0.02348864,54.60411,165.8278,338.6704,5,NB
2025-05-30 16:50:36.805,4450,0.1173273,-0.868557,0.4811319,-0.01884978,56.23846,164.8069,336.4607,5,NB
2025-05-30 16:50:36.838,4451,0.1262318,-0.862231,0.4903309,-0.0141159,57.35117,164.063,334.586,5,NB
2025-05-30 16:50:36.883,4452,0.1381203,-0.8543708,0.5009252,-0.006877551,58.65514,163.2256,332.1635,5,NB
2025-05-30 16:50:36.905,4453,0.1475462,-0.8483449,0.508469,-0.0007631895,59.59718,162.5997,330.2509,5,NB
2025-05-30 16:50:36.950,4454,0.1517045,-0.8484853,0.5069993,0.003233416,59.46779,163.0224,329.9807,5,NB
2025-05-30 16:50:36.994,4455,0.1566485,-0.8482788,0.5057896,0.007830045,59.37889,163.4399,329.5883,5,NB
2025-05-30 16:50:37.016,4456,0.1641149,-0.8451155,0.5085981,0.01320742,59.76678,163.3093,328.384,5,NB
2025-05-30 16:50:37.060,4457,0.1722781,-0.8431062,0.5090419,0.01919948,59.87906,163.4413,327.3212,5,NB
2025-05-30 16:50:37.105,4458,0.1784559,-0.8430686,0.5067506,0.0243485,59.67112,163.9264,326.8373,5,NB
2025-05-30 16:50:37.127,4459,0.1840494,-0.8415591,0.5070645,0.02810694,59.74543,163.945,326.0648,5,NB
2025-05-30 16:50:37.172,4460,0.18656,-0.84338,0.5029882,0.03014738,59.2794,164.4646,326.1771,5,NB
2025-05-30 16:50:37.216,4461,0.1925905,-0.8446977,0.4981932,0.03461897,58.7575,165.0949,325.8885,5,NB
2025-05-30 16:50:37.238,4462,0.2008849,-0.8441734,0.4953527,0.04052679,58.49662,165.5273,325.0948,5,NB
2025-05-30 16:50:37.283,4463,0.2032356,-0.8489082,0.4862041,0.0406917,57.35462,166.2146,325.5069,5,NB
2025-05-30 16:50:37.316,4464,0.2087107,-0.8524811,0.4776293,0.03982998,56.19806,166.3312,325.1631,5,NB
2025-05-30 16:50:37.361,4465,0.2148312,-0.8565727,0.4675575,0.03899835,54.8602,166.529,324.8256,5,NB
2025-05-30 16:50:37.393,4466,0.2194983,-0.8608834,0.4572702,0.04005699,53.60033,167.1702,324.8912,5,NB
2025-05-30 16:50:37.427,4467,0.2218695,-0.864043,0.4501676,0.03940726,52.69445,167.4534,324.9648,5,NB
2025-05-30 16:50:37.472,4468,0.2258847,-0.8704004,0.4353584,0.04292145,51.01065,168.8226,325.5576,5,NB
2025-05-30 16:50:37.524,4469,0.2282239,-0.8753518,0.4237421,0.04599882,49.71545,169.9453,326.1064,5,NB
2025-05-30 16:50:37.550,4470,0.2306905,-0.8794832,0.4135069,0.04799408,48.54607,170.7544,326.428,5,NB
2025-05-30 16:50:37.599,4471,0.2329637,-0.8811659,0.4084414,0.0495026,47.9768,171.1437,326.4346,5,NB
2025-05-30 16:50:37.618,4472,0.2333669,-0.882971,0.4041481,0.05066096,47.50593,171.5585,326.6705,5,NB
2025-05-30 16:50:37.661,4473,0.2369072,-0.8837829,0.3994354,0.05704689,47.14337,172.5302,326.7253,5,NB
2025-05-30 16:50:37.695,4474,0.2362893,-0.8861226,0.3935774,0.0636486,46.68512,173.875,327.4931,5,NB
2025-05-30 16:50:37.754,4475,0.2314835,-0.8913172,0.3821281,0.07711934,45.79899,176.7572,329.5127,5,NB
2025-05-30 16:50:37.773,4476,0.2285428,-0.8952091,0.3726961,0.08641019,44.97342,178.7329,330.8326,5,NB
2025-05-30 16:50:37.829,4477,0.2259586,-0.8998411,0.3613734,0.09294241,43.81717,180.3141,331.9342,5,NB
2025-05-30 16:50:37.851,4478,0.2201538,-0.9072517,0.3409417,0.1103891,41.85477,183.8631,334.1982,5,NB
2025-05-30 16:50:37.897,4479,0.2178504,-0.9114904,0.3285625,0.1173609,40.54892,185.3457,335.0924,5,NB
2025-05-30 16:50:37.929,4480,0.2124579,-0.9165877,0.3107485,0.1347754,38.82358,188.4903,336.8962,5,NB
2025-05-30 16:50:37.988,4481,0.210038,-0.9203051,0.2971607,0.1435907,37.3928,190.11,337.7168,5,NB
2025-05-30 16:50:38.008,4482,0.203386,-0.924748,0.2755937,0.1659026,35.25341,193.796,339.5946,5,NB
2025-05-30 16:50:38.066,4483,0.2020416,-0.9262806,0.2671267,0.1727048,34.37838,194.8846,340.0186,5,NB
2025-05-30 16:50:38.103,4484,0.2018875,-0.926631,0.2582391,0.1841444,33.56876,196.5251,340.4337,5,NB
2025-05-30 16:50:38.120,4485,0.1991614,-0.9273883,0.2433082,0.2026996,32.14219,199.242,341.3507,5,NB
2025-05-30 16:50:38.164,4486,0.1991075,-0.9264898,0.2431227,0.2070369,32.20477,199.8142,341.5154,5,NB
2025-05-30 16:50:38.220,4487,0.1981219,-0.9253365,0.2350693,0.2219072,31.5314,201.8721,342.0749,5,NB
2025-05-30 16:50:38.242,4488,0.1953462,-0.9254152,0.21877,0.2399724,29.91147,204.4435,342.7837,5,NB
2025-05-30 16:50:38.299,4489,0.1922247,-0.9241259,0.2067645,0.257468,28.75963,206.8817,343.5117,5,NB
2025-05-30 16:50:38.320,4490,0.1900511,-0.9220117,0.1944619,0.275608,27.60357,209.347,344.0669,5,NB
2025-05-30 16:50:38.364,4491,0.1878892,-0.9192817,0.1750055,0.2983156,25.71272,212.3954,344.4831,5,NB
2025-05-30 16:50:38.415,4492,0.1871395,-0.9154359,0.1612659,0.3177256,24.46737,214.9453,344.7016,5,NB
2025-05-30 16:50:38.442,4493,0.1891813,-0.909793,0.1500311,0.3376066,23.62396,217.4837,344.6242,5,NB
2025-05-30 16:50:38.475,4494,0.1930781,-0.9016821,0.1349296,0.3626079,22.54137,220.6616,344.2736,5,NB
2025-05-30 16:50:38.531,4495,0.1972679,-0.8917513,0.1228685,0.3882893,21.8594,223.9422,343.962,5,NB
2025-05-30 16:50:38.553,4496,0.2003134,-0.8780361,0.1037949,0.4220826,20.57107,228.3547,343.6124,5,NB
2025-05-30 16:50:38.611,4497,0.1988188,-0.8717834,0.1015161,0.4360729,20.51171,230.2364,344.0029,5,NB
2025-05-30 16:50:38.642,4498,0.2062749,-0.8593528,0.08449522,0.4602436,19.57836,233.3758,342.9185,5,NB
2025-05-30 16:50:38.664,4499,0.2142788,-0.8455623,0.06338517,0.4848625,18.35982,236.649,341.5157,5,NB
2025-05-30 16:50:38.709,4500,0.2201874,-0.8378522,0.05115598,0.4968949,17.73062,238.2685,340.4885,5,NB
2025-05-30 16:50:38.753,4501,0.2273169,-0.8190842,0.02808744,0.5259652,16.56683,242.3271,339.0419,5,NB
2025-05-30 16:50:38.786,4502,0.2336229,-0.8003113,0.008126112,0.5521379,15.72324,246.0887,337.7186,5,NB
2025-05-30 16:50:38.831,4503,0.2383634,-0.7875692,-0.004884735,0.5682376,15.26002,248.4626,336.7383,5,NB
2025-05-30 16:50:38.865,4504,0.2461207,-0.7688521,-0.03007278,0.5893954,14.11576,251.7681,334.7355,5,NB
2025-05-30 16:50:38.909,4505,0.2498795,-0.7573253,-0.04582116,0.6015973,13.37071,253.7673,333.5323,5,NB
2025-05-30 16:50:38.956,4506,0.2550459,-0.7429022,-0.06565799,0.6154162,12.49555,256.1383,331.9062,5,NB
2025-05-30 16:50:38.993,4507,0.2573095,-0.7327083,-0.08146345,0.6247354,11.66112,257.8493,330.7289,5,NB
2025-05-30 16:50:39.009,4508,0.2641114,-0.7051888,-0.1167549,0.6475511,10.21735,262.1689,327.8495,5,NB
2025-05-30 16:50:39.064,4509,0.263032,-0.6984619,-0.1247197,0.6537663,9.770318,263.3532,327.4308,5,NB
2025-05-30 16:50:39.087,4510,0.2663088,-0.6766531,-0.1515063,0.6695271,8.717772,266.6617,325.2598,5,NB
2025-05-30 16:50:39.146,4511,0.2665211,-0.6675462,-0.1635742,0.6757162,8.151937,268.0721,324.3538,5,NB
2025-05-30 16:50:39.176,4512,0.2650073,-0.6548961,-0.1829687,0.6836702,7.048199,270.1019,322.9987,5,NB
2025-05-30 16:50:39.209,4513,0.2645689,-0.6315255,-0.2122476,0.6972303,5.788199,273.5935,320.7013,5,NB
2025-05-30 16:50:39.253,4514,0.2621132,-0.6299534,-0.2165816,0.6982465,5.34581,273.9688,320.5461,5,NB
2025-05-30 16:50:39.287,4515,0.2603359,-0.6185177,-0.2317624,0.7042354,4.587258,275.7185,319.4162,5,NB
2025-05-30 16:50:39.342,4516,0.2575336,-0.6047358,-0.2507106,0.7107148,3.602756,277.8287,317.997,5,NB
2025-05-30 16:50:39.378,4517,0.2524761,-0.5987868,-0.25607,0.7156386,3.135679,278.9547,317.9431,5,NB
2025-05-30 16:50:39.409,4518,0.2421574,-0.5889153,-0.2508825,0.7291068,3.303221,280.9173,319.2966,5,NB
2025-05-30 16:50:39.442,4519,0.2323287,-0.5785835,-0.2473963,0.74166,3.344472,282.8799,320.4393,5,NB
2025-05-30 16:50:39.487,4520,0.222214,-0.5664645,-0.2449959,0.7547956,3.31867,285.0649,321.4908,5,NB
2025-05-30 16:50:39.534,4521,0.214602,-0.5564357,-0.2394502,0.7661522,3.575186,286.8109,322.6331,5,NB
2025-05-30 16:50:39.565,4522,0.2046485,-0.5414113,-0.2295849,0.7824857,4.109869,289.3195,324.3812,5,NB
2025-05-30 16:50:39.598,4523,0.1948406,-0.525164,-0.2241677,0.7974893,4.319431,291.9342,325.6817,5,NB
2025-05-30 16:50:39.642,4524,0.1900129,-0.5126923,-0.2154831,0.8090792,4.963313,293.8033,326.9366,5,NB
2025-05-30 16:50:39.675,4525,0.1771847,-0.4904901,-0.210845,0.8267827,4.942258,297.2422,328.3715,5,NB
2025-05-30 16:50:39.719,4526,0.1689524,-0.4741318,-0.2087911,0.8384872,4.895569,299.6773,329.1884,5,NB
2025-05-30 16:50:39.753,4527,0.1573393,-0.4526167,-0.2067625,0.8530135,4.660812,302.858,330.2106,5,NB
2025-05-30 16:50:39.797,4528,0.1519348,-0.4431933,-0.2081168,0.8585936,4.383304,304.2383,330.4297,5,NB
2025-05-30 16:50:39.819,4529,0.1373715,-0.4150463,-0.2087941,0.8747976,3.843185,308.2522,331.2874,5,NB
2025-05-30 16:50:39.881,4530,0.1339947,-0.4079655,-0.2116686,0.8779559,3.587679,309.2318,331.1874,5,NB
2025-05-30 16:50:39.908,4531,0.122521,-0.3863902,-0.2131384,0.8889676,3.045287,312.2473,331.6863,5,NB
2025-05-30 16:50:39.942,4532,0.1124371,-0.365511,-0.2145551,0.8987358,2.593971,315.0923,332.074,5,NB
2025-05-30 16:50:39.995,4533,0.1029183,-0.3428476,-0.2158868,0.9084363,2.232634,318.0983,332.4088,5,NB
2025-05-30 16:50:40.019,4534,0.0932937,-0.3228478,-0.2185094,0.9161438,1.710552,320.7576,332.5602,5,NB
2025-05-30 16:50:40.063,4535,0.08336978,-0.2994552,-0.2214496,0.9243032,1.23135,323.7979,332.6509,5,NB
2025-05-30 16:50:40.098,4536,0.07259621,-0.2766253,-0.2263711,0.9311094,0.5701048,326.7679,332.5006,5,NB
2025-05-30 16:50:40.130,4537,0.06019395,-0.255484,-0.2320016,0.9366323,359.6685,329.5672,332.2661,5,NB
2025-05-30 16:50:40.174,4538,0.05387023,-0.2447246,-0.2359888,0.9388915,359.1779,330.9865,331.9948,5,NB
2025-05-30 16:50:40.207,4539,0.0408679,-0.2174289,-0.243384,0.9443616,358.3583,334.4859,331.4678,5,NB
2025-05-30 16:50:40.252,4540,0.02927219,-0.1945619,-0.2502016,0.9479917,357.6009,337.4264,330.9092,5,NB
2025-05-30 16:50:40.286,4541,0.0218811,-0.1790583,-0.2554549,0.9498433,357.1389,339.4042,330.4136,5,NB
2025-05-30 16:50:40.330,4542,0.009060856,-0.1555405,-0.2643334,0.9517632,356.2742,342.4521,329.5321,5,NB
2025-05-30 16:50:40.374,4543,-0.005124446,-0.1303562,-0.2742963,0.9527554,355.338,345.7355,328.4617,5,NB
2025-05-30 16:50:40.397,4544,-0.008755271,-0.1238333,-0.2765684,0.9529422,355.1134,346.5844,328.2069,5,NB
2025-05-30 16:50:40.442,4545,-0.02886482,-0.09278663,-0.2913217,0.9516771,353.7422,350.7498,326.4666,5,NB
2025-05-30 16:50:40.475,4546,-0.0372241,-0.08010755,-0.2978984,0.9505019,353.195,352.4709,325.6451,5,NB
2025-05-30 16:50:40.526,4547,-0.04777221,-0.06349755,-0.3059262,0.9487334,352.5594,354.7196,324.599,5,NB
2025-05-30 16:50:40.542,4548,-0.05897893,-0.04647497,-0.3144851,0.946288,351.9028,357.0552,323.4415,5,NB
2025-05-30 16:50:40.601,4549,-0.06630322,-0.03628863,-0.3192018,0.9446679,351.4637,358.4799,322.7734,5,NB
2025-05-30 16:50:40.632,4550,-0.07565904,-0.02397188,-0.325353,0.9422562,350.8988,0.2353841,321.8825,5,NB
2025-05-30 16:50:40.654,4551,-0.08966783,-0.006464496,-0.3346198,0.9380552,350.0637,2.786263,320.4934,5,NB
2025-05-30 16:50:40.713,4552,-0.09283485,-0.001924366,-0.3367248,0.9370137,349.9056,3.430604,320.1642,5,NB
2025-05-30 16:50:40.744,4553,-0.1083074,0.01589166,-0.3469901,0.9314586,349.0041,6.126703,318.5466,5,NB
2025-05-30 16:50:40.777,4554,-0.1222707,0.03150535,-0.3559605,0.9259318,348.2291,8.540809,317.0609,5,NB
2025-05-30 16:50:40.829,4555,-0.1296732,0.04291383,-0.3596322,0.9230428,347.9643,10.15833,316.353,5,NB
2025-05-30 16:50:40.856,4556,-0.1361299,0.05978872,-0.3593443,0.9212849,348.0031,12.27736,316.0888,5,NB
2025-05-30 16:50:40.891,4557,-0.1573143,0.1052428,-0.3523484,0.9165298,347.6313,18.11912,315.963,5,NB
2025-05-30 16:50:40.925,4558,-0.1595874,0.1195745,-0.3517279,0.9146155,348.0061,19.77813,315.8318,5,NB
2025-05-30 16:50:40.970,4559,-0.1735623,0.1629654,-0.3452705,0.9078034,348.3117,25.1213,315.7399,5,NB
2025-05-30 16:50:41.004,4560,-0.1839294,0.1962509,-0.3389791,0.9015259,348.5458,29.22703,315.7911,5,NB
2025-05-30 16:50:41.048,4561,-0.1970467,0.238045,-0.3290842,0.8923066,348.7565,34.4272,316.0184,5,NB
2025-05-30 16:50:41.082,4562,-0.206076,0.270034,-0.3224939,0.8835227,349.0486,38.41808,316.069,5,NB
2025-05-30 16:50:41.127,4563,-0.2164603,0.3156546,-0.3105707,0.8700881,349.5945,44.04153,316.4946,5,NB
2025-05-30 16:50:41.161,4564,-0.2228513,0.3508425,-0.3005814,0.8584275,350.1139,48.36685,316.9559,5,NB
2025-05-30 16:50:41.210,4565,-0.2273172,0.3909125,-0.2899179,0.8434821,350.9782,53.24231,317.5338,5,NB
2025-05-30 16:50:41.238,4566,-0.2297428,0.4214804,-0.2818598,0.8307393,351.7139,56.98676,318.0138,5,NB
2025-05-30 16:50:41.272,4567,-0.2314957,0.4634724,-0.267443,0.8124515,352.6313,62.15615,319.1138,5,NB
2025-05-30 16:50:41.325,4568,-0.2261352,0.4814758,-0.2673462,0.8034738,353.9183,64.11636,319.3805,5,NB
2025-05-30 16:50:41.364,4569,-0.2235397,0.5179162,-0.2496537,0.7870616,354.6477,68.58147,321.151,5,NB
2025-05-30 16:50:41.402,4570,-0.215326,0.5331982,-0.2409221,0.7818511,355.4237,70.13823,322.5339,5,NB
2025-05-30 16:50:41.428,4571,-0.2129252,0.5505273,-0.2267454,0.7747061,355.3971,72.29319,324.0089,5,NB
2025-05-30 16:50:41.472,4572,-0.2107938,0.5680079,-0.2085506,0.7677499,355.0229,74.52177,325.8188,5,NB
2025-05-30 16:50:41.506,4573,-0.2096614,0.5767518,-0.1965176,0.7647094,354.6076,75.64696,326.988,5,NB
2025-05-30 16:50:41.557,4574,-0.2084309,0.5878346,-0.1806704,0.7605035,353.9949,77.10065,328.4855,5,NB
2025-05-30 16:50:41.583,4575,-0.2070002,0.5987954,-0.1686374,0.7550874,353.6473,78.55608,329.6236,5,NB
2025-05-30 16:50:41.627,4576,-0.2032712,0.6101299,-0.1568565,0.7495456,353.4935,79.98154,330.9011,5,NB
2025-05-30 16:50:41.661,4577,-0.1990628,0.6220355,-0.1466267,0.7429311,353.4906,81.49795,332.0607,5,NB
2025-05-30 16:50:41.704,4578,-0.194763,0.6335478,-0.1384454,0.735879,353.6143,82.98511,333.0409,5,NB
2025-05-30 16:50:41.750,4579,-0.1885329,0.6477928,-0.128866,0.726783,353.8525,84.82729,334.2737,5,NB
2025-05-30 16:50:41.788,4580,-0.1837354,0.6576245,-0.1217076,0.7203879,353.9933,86.10572,335.2088,5,NB
2025-05-30 16:50:41.816,4581,-0.1794718,0.6602878,-0.1170079,0.7198049,354.039,86.33253,335.9423,5,NB
2025-05-30 16:50:41.860,4582,-0.1697108,0.6680259,-0.1056425,0.7167841,354.1371,87.12589,337.6554,5,NB
2025-05-30 16:50:41.905,4583,-0.1566236,0.6707342,-0.09378856,0.7188802,354.2969,87.05231,339.7164,5,NB
2025-05-30 16:50:41.927,4584,-0.1397202,0.6682723,-0.07980264,0.7263072,354.4739,86.09528,342.2973,5,NB
2025-05-30 16:50:41.971,4585,-0.1283487,0.6653935,-0.06641535,0.7323711,354.2831,85.29852,344.3699,5,NB
2025-05-30 16:50:42.020,4586,-0.1211982,0.6652458,-0.05684944,0.7345253,354.1221,85.06818,345.7554,5,NB
2025-05-30 16:50:42.048,4587,-0.1125793,0.6596082,-0.04695528,0.7416458,353.9703,83.96895,347.3275,5,NB
2025-05-30 16:50:42.082,4588,-0.1041528,0.6600943,-0.0381932,0.7429464,354.011,83.8321,348.7367,5,NB
2025-05-30 16:50:42.137,4589,-0.09600732,0.6575764,-0.02953717,0.7466617,354.0002,83.25822,350.1359,5,NB
2025-05-30 16:50:42.160,4590,-0.08882138,0.6588206,-0.02432026,0.7466425,354.2268,83.29689,351.1335,5,NB
2025-05-30 16:50:42.204,4591,-0.08120877,0.6571738,-0.01988019,0.749088,354.5179,82.89886,352.1172,5,NB
2025-05-30 16:50:42.237,4592,-0.0739107,0.6590436,-0.01640225,0.7482845,354.8943,83.05728,352.9663,5,NB
2025-05-30 16:50:42.293,4593,-0.06631527,0.6601361,-0.01214428,0.7481145,355.2281,83.10434,353.9099,5,NB
2025-05-30 16:50:42.314,4594,-0.05935109,0.6629918,-0.008915553,0.7462171,355.5979,83.44392,354.7054,5,NB
2025-05-30 16:50:42.371,4595,-0.05036066,0.6600414,-0.004869905,0.7495236,356.0398,82.88194,355.7587,5,NB
2025-05-30 16:50:42.415,4596,-0.04525702,0.660368,-0.003852559,0.7495673,356.4019,82.87836,356.2343,5,NB
2025-05-30 16:50:42.454,4597,-0.04085399,0.6601106,-0.002633726,0.7500523,356.686,82.79729,356.6759,5,NB
2025-05-30 16:50:42.490,4598,-0.03593732,0.6573304,-0.001447276,0.7527439,357.0078,82.33201,357.1632,5,NB
2025-05-30 16:50:42.514,4599,-0.0340828,0.6575506,-0.001219195,0.7526381,357.1512,82.35149,357.3224,5,NB
2025-05-30 16:50:42.567,4600,-0.03588876,0.6544277,-0.001418003,0.7552713,356.9989,81.89043,357.1809,5,NB
2025-05-30 16:50:42.593,4601,-0.03548621,0.6583571,-0.003462852,0.751861,357.2028,82.48595,357.0196,5,NB
2025-05-30 16:50:42.637,4602,-0.04046544,0.6597821,-0.006085073,0.750342,356.9793,82.74557,356.41,5,NB
2025-05-30 16:50:42.669,4603,-0.0436817,0.6670731,-0.009097368,0.743655,356.9716,83.8945,355.8764,5,NB
2025-05-30 16:50:42.723,4604,-0.04633057,0.6702585,-0.01272129,0.740571,357.044,84.41377,355.3507,5,NB
2025-05-30 16:50:42.748,4605,-0.04570495,0.6763508,-0.0158914,0.7349887,357.3813,85.3536,355.1082,5,NB
2025-05-30 16:50:42.792,4606,-0.04682083,0.680212,-0.0171012,0.7313189,357.4084,85.96815,354.9054,5,NB
2025-05-30 16:50:42.841,4607,-0.04752865,0.6851034,-0.01921163,0.7266399,357.55,86.74379,354.6563,5,NB
2025-05-30 16:50:42.870,4608,-0.04675163,0.6912161,-0.02136885,0.7208177,357.8304,87.70193,354.5196,5,NB
2025-05-30 16:50:42.903,4609,-0.04641414,0.6940425,-0.02254782,0.7180825,357.9736,88.14777,354.4411,5,NB
2025-05-30 16:50:42.948,4610,-0.04876125,0.6969041,-0.02715598,0.7149892,358.1732,88.63014,353.8662,5,NB
2025-05-30 16:50:42.982,4611,-0.05150288,0.699119,-0.03066539,0.7124886,358.2515,89.01627,353.3523,5,NB
2025-05-30 16:50:43.026,4612,-0.05516675,0.7001788,-0.03420502,0.7110109,358.2494,89.23112,352.7643,5,NB
2025-05-30 16:50:43.059,4613,-0.05711354,0.6995878,-0.03710631,0.7112933,358.3192,89.16137,352.3711,5,NB
2025-05-30 16:50:43.094,4614,-0.05904886,0.698674,-0.04063861,0.7118404,358.4367,89.04069,351.9278,5,NB
2025-05-30 16:50:43.148,4615,-0.06088737,0.6973426,-0.04229084,0.712894,358.4052,88.85286,351.6469,5,NB
2025-05-30 16:50:43.170,4616,-0.06410763,0.6979215,-0.0479052,0.711689,358.6029,88.99171,350.9255,5,NB
2025-05-30 16:50:43.216,4617,-0.06483194,0.6979588,-0.05005929,0.7114384,358.7182,89.00844,350.6904,5,NB
2025-05-30 16:50:43.248,4618,-0.06797425,0.7000906,-0.0583214,0.7084147,359.1607,89.39801,349.7568,5,NB
2025-05-30 16:50:43.293,4619,-0.06977356,0.7032707,-0.05985116,0.7049539,359.1869,89.93787,349.4821,5,NB
2025-05-30 16:50:43.327,4620,-0.07126145,0.7052194,-0.06187221,0.7026803,359.262,90.27646,349.1943,5,NB
2025-05-30 16:50:43.370,4621,-0.07120644,0.7046137,-0.06305342,0.7031881,359.3533,90.17772,349.1035,5,NB
2025-05-30 16:50:43.415,4622,-0.07348755,0.7036688,-0.06684499,0.7035493,359.4654,90.06305,348.6099,5,NB
2025-05-30 16:50:43.449,4623,-0.07638427,0.7040687,-0.069834,0.7025496,359.4848,90.17731,348.13,5,NB
2025-05-30 16:50:43.502,4624,-0.07848024,0.7054486,-0.07243171,0.7006689,359.554,90.43739,347.7466,5,NB
2025-05-30 16:50:43.527,4625,-0.08155567,0.7080994,-0.07725765,0.6971194,359.7539,90.92319,347.102,5,NB
2025-05-30 16:50:43.579,4626,-0.08342037,0.7102821,-0.08055266,0.6942996,359.9194,91.31327,346.6818,5,NB
2025-05-30 16:50:43.604,4627,-0.08633202,0.71141,-0.08452508,0.6923137,0.04161421,91.55375,346.1211,5,NB
2025-05-30 16:50:43.648,4628,-0.08959688,0.7125998,-0.08786891,0.690256,0.08830243,91.81381,345.5818,5,NB
2025-05-30 16:50:43.682,4629,-0.09288242,0.714303,-0.09289765,0.6873967,0.2876273,92.16127,344.9056,5,NB
2025-05-30 16:50:43.725,4630,-0.0955195,0.7170395,-0.09654497,0.6836736,0.4494789,92.66755,344.3951,5,NB
2025-05-30 16:50:43.760,4631,-0.09784931,0.7193527,-0.1001537,0.6803873,0.6268762,93.10054,343.914,5,NB
2025-05-30 16:50:43.803,4632,-0.1014956,0.7219828,-0.1055355,0.6762411,0.8662683,93.61938,343.1825,5,NB
2025-05-30 16:50:43.837,4633,-0.1044982,0.7237042,-0.1099026,0.6732414,1.052519,93.97647,342.5854,5,NB
2025-05-30 16:50:43.881,4634,-0.1080621,0.7258571,-0.1154257,0.6694258,1.311386,94.4226,341.8507,5,NB
2025-05-30 16:50:43.933,4635,-0.1105462,0.7278904,-0.1186332,0.6662443,1.455607,94.82523,341.3908,5,NB
2025-05-30 16:50:43.960,4636,-0.1124556,0.7298657,-0.1216485,0.6632131,1.627995,95.20599,340.9954,5,NB
2025-05-30 16:50:44.003,4637,-0.1163734,0.7333555,-0.1285568,0.6573586,2.037732,95.89874,340.1282,5,NB
2025-05-30 16:50:44.036,4638,-0.1196603,0.7357199,-0.1335026,0.653127,2.300143,96.38992,339.4672,5,NB
2025-05-30 16:50:44.081,4639,-0.1226862,0.7377092,-0.1365475,0.649683,2.410021,96.81354,338.9762,5,NB
2025-05-30 16:50:44.114,4640,-0.1258009,0.7397942,-0.1398733,0.6459988,2.545939,97.25972,338.4562,5,NB
2025-05-30 16:50:44.159,4641,-0.1282831,0.7415696,-0.1419324,0.643019,2.609498,97.6373,338.0882,5,NB
2025-05-30 16:50:44.192,4642,-0.1326841,0.7442123,-0.1486367,0.6375347,2.983769,98.22771,337.1986,5,NB
2025-05-30 16:50:44.236,4643,-0.134518,0.7450668,-0.1505351,0.6357043,3.054744,98.43268,336.8961,5,NB
2025-05-30 16:50:44.281,4644,-0.1380736,0.7475046,-0.1564826,0.6306235,3.428215,98.97095,336.1397,5,NB
2025-05-30 16:50:44.314,4645,-0.1408057,0.7493896,-0.1605267,0.6267539,3.674776,99.39021,335.5998,5,NB
2025-05-30 16:50:44.358,4646,-0.143061,0.7505348,-0.1619625,0.6244993,3.694357,99.66496,335.2977,5,NB
2025-05-30 16:50:44.392,4647,-0.1474582,0.7534318,-0.167756,0.6184292,4.036989,100.3262,334.4843,5,NB
2025-05-30 16:50:44.436,4648,-0.1503535,0.7551706,-0.1694907,0.6151296,4.072283,100.7339,334.1062,5,NB
2025-05-30 16:50:44.469,4649,-0.1557342,0.7587961,-0.1758898,0.6074852,4.457324,101.5753,333.166,5,NB
2025-05-30 16:50:44.513,4650,-0.1580809,0.7602583,-0.1776006,0.6045462,4.525932,101.9237,332.837,5,NB
2025-05-30 16:50:44.566,4651,-0.1614379,0.7621309,-0.1810183,0.6002724,4.70962,102.3883,332.2921,5,NB
2025-05-30 16:50:44.609,4652,-0.1657038,0.7650782,-0.1866918,0.5935856,5.10314,103.0913,331.5052,5,NB
2025-05-30 16:50:44.636,4653,-0.1705996,0.7683392,-0.1934412,0.5857744,5.588966,103.8889,330.586,5,NB
2025-05-30 16:50:44.669,4654,-0.1734618,0.769823,-0.1964655,0.5819667,5.773102,104.2813,330.1144,5,NB
2025-05-30 16:50:44.714,4655,-0.1749183,0.7716376,-0.2003709,0.5777809,6.14808,104.6847,329.7092,5,NB
2025-05-30 16:50:44.747,4656,-0.1792138,0.7744626,-0.2047403,0.5711145,6.455077,105.3968,329.0218,5,NB
2025-05-30 16:50:44.809,4657,-0.1821232,0.7762402,-0.2067853,0.5670293,6.574311,105.8567,328.6226,5,NB
2025-05-30 16:50:44.835,4658,-0.1883472,0.7795031,-0.2133449,0.5580182,7.03085,106.7603,327.6043,5,NB
2025-05-30 16:50:44.868,4659,-0.1917765,0.7818239,-0.2167852,0.5522478,7.305472,107.3661,327.0626,5,NB
2025-05-30 16:50:44.913,4660,-0.193376,0.783071,-0.2182505,0.5493383,7.43224,107.6824,326.8222,5,NB
2025-05-30 16:50:44.968,4661,-0.1976314,0.7858803,-0.222498,0.54206,7.785065,108.4361,326.153,5,NB
