Time,#Frame,HeadQRotationX,HeadQRotationY,HeadQRotationZ,HeadQRotationW,HeadEulX,HeadEulY,HeadEulZ,FMS,Condition
2025-06-04 15:58:02.657,1,-0.04361941,3.572875e-07,1.559951e-08,0.9990483,355.0,4.098114e-05,-2.04333e-13,0.0,DB
2025-06-04 15:58:03.174,2,-0.04361941,1.627656e-07,7.106503e-09,0.9990483,355.0,1.866934e-05,-1.532498e-13,0.0,DB
2025-06-04 15:58:03.217,3,0.04361941,-1.627656e-07,-7.106503e-09,-0.9990483,355.0,1.866934e-05,-1.532498e-13,0.0,DB
2025-06-04 15:58:03.305,4,0.00468537,0.08240385,0.02774707,-0.9962018,359.2031,350.5645,356.8749,0.0,DB
2025-06-04 15:58:03.446,5,0.004985186,0.0830277,0.02747086,-0.9961562,359.1696,350.4934,356.9098,0.0,DB
2025-06-04 15:58:03.554,6,0.005384104,0.08235559,0.02768611,-0.9962039,359.1241,350.5721,356.8884,0.0,DB
2025-06-04 15:58:03.662,7,0.006005796,0.08193053,0.02890645,-0.9962007,359.043,350.6239,356.7543,0.0,DB
2025-06-04 15:58:03.777,8,0.006168121,0.08147974,0.02953114,-0.9962184,359.0201,350.6768,356.684,0.0,DB
2025-06-04 15:58:03.882,9,0.00500538,0.08224227,0.02863048,-0.9961886,359.1588,350.5847,356.7768,0.0,DB
2025-06-04 15:58:03.972,10,0.005130274,0.08294325,0.02814971,-0.9961435,359.1468,350.5042,356.8335,0.0,DB
2025-06-04 15:58:04.082,11,0.005822429,0.08349271,0.02831207,-0.9960892,359.0645,350.4432,356.822,0.0,DB
2025-06-04 15:58:04.195,12,0.006900916,0.08281472,0.02850231,-0.9961334,358.9417,350.5246,356.8098,0.0,DB
2025-06-04 15:58:04.314,13,0.005999206,0.08273029,0.02886124,-0.9961361,359.0415,350.5319,356.7602,0.0,DB
2025-06-04 15:58:04.414,14,0.005281387,0.08286083,0.02857578,-0.9961374,359.1258,350.5145,356.7862,0.0,DB
2025-06-04 15:58:04.513,15,0.005101295,0.08286328,0.02843629,-0.9961421,359.1476,350.5135,356.8004,0.0,DB
2025-06-04 15:58:04.638,16,0.004255807,0.08308284,0.02814917,-0.996136,359.2462,350.4854,356.8254,0.0,DB
2025-06-04 15:58:04.749,17,0.003637919,0.08349767,0.02768799,-0.9961167,359.3198,350.4355,356.8726,0.0,DB
2025-06-04 15:58:04.859,18,0.003929405,0.08344612,0.0273207,-0.99613,359.2902,350.4421,356.9172,0.0,DB
2025-06-04 15:58:04.971,19,0.004966507,0.08329888,0.02809055,-0.9961163,359.1649,350.4627,356.839,0.0,DB
2025-06-04 15:58:05.081,20,0.004222432,0.08261473,0.02798158,-0.9961798,359.2531,350.539,356.8439,0.0,DB
2025-06-04 15:58:05.324,21,0.00437372,0.08267543,0.02811982,-0.9961702,359.2343,350.5326,356.8296,0.0,DB
2025-06-04 15:58:05.350,22,0.01922821,0.08271824,0.02701088,-0.9960214,357.5486,350.5673,357.0955,0.0,DB
2025-06-04 15:58:05.457,23,0.02572131,0.08268856,0.02646365,-0.995892,356.8123,350.5847,357.2183,0.0,DB
2025-06-04 15:58:05.563,24,0.04077872,0.08318858,0.02529073,-0.995378,355.1017,350.5524,357.4941,0.0,DB
2025-06-04 15:58:05.611,25,0.05314339,0.08348541,0.02434022,-0.9947932,353.6964,350.5313,357.7194,0.0,DB
2025-06-04 15:58:05.662,26,0.06273118,0.08374421,0.02387634,-0.9942242,352.6034,350.5087,357.8635,0.0,DB
2025-06-04 15:58:05.712,27,0.06900698,0.08388066,0.02326206,-0.9938114,351.8907,350.4932,357.9937,0.0,DB
2025-06-04 15:58:05.762,28,0.07658876,0.0839662,0.0227828,-0.9932597,351.0269,350.4834,358.1205,0.0,DB
2025-06-04 15:58:05.812,29,0.08277381,0.08418851,0.02219036,-0.992758,350.3235,350.4538,358.249,0.0,DB
2025-06-04 15:58:05.862,30,0.09172457,0.08469011,0.021339,-0.9919471,349.3047,350.3864,358.4373,0.0,DB
2025-06-04 15:58:05.912,31,0.09412838,0.08498299,0.02122453,-0.9916993,349.0296,350.3504,358.4767,0.0,DB
2025-06-04 15:58:05.962,32,0.1019496,0.08519107,0.02012368,-0.9909309,348.1425,350.3095,358.6819,0.0,DB
2025-06-04 15:58:06.013,33,0.1090514,0.08531763,0.01915071,-0.9901829,347.3362,350.2766,358.8655,0.0,DB
2025-06-04 15:58:06.065,34,0.1177701,0.08576542,0.01844132,-0.9891586,346.3406,350.2041,359.0399,0.0,DB
2025-06-04 15:58:06.116,35,0.1243187,0.08612046,0.01770824,-0.9883394,345.5942,350.1417,359.196,0.0,DB
2025-06-04 15:58:06.165,36,0.1339796,0.08633072,0.01695976,-0.9870709,344.489,350.0869,359.3847,0.0,DB
2025-06-04 15:58:06.214,37,0.1390693,0.08637001,0.01653738,-0.9863704,343.9066,350.064,359.4871,0.0,DB
2025-06-04 15:58:06.263,38,0.1496545,0.08651147,0.01544236,-0.9848254,342.6962,350.0008,359.7286,0.0,DB
2025-06-04 15:58:06.312,39,0.1545573,0.08666909,0.01503288,-0.9840603,342.1339,349.96,359.8317,0.0,DB
2025-06-04 15:58:06.361,40,0.1642834,0.08689421,0.01428765,-0.9824746,341.0168,349.8865,0.02884367,0.0,DB
2025-06-04 15:58:06.411,41,0.1712574,0.08700471,0.01362702,-0.9812826,340.216,349.8339,0.1861093,0.0,DB
2025-06-04 15:58:06.457,42,0.1816554,0.08716686,0.0126465,-0.9794098,339.0204,349.7499,0.4231957,0.0,DB
2025-06-04 15:58:06.507,43,0.1874264,0.08725234,0.0121553,-0.9783204,338.3555,349.7019,0.5500555,0.0,DB
2025-06-04 15:58:06.556,44,0.1943619,0.0872864,0.01173079,-0.9769684,337.5536,349.6536,0.6824961,0.0,DB
2025-06-04 15:58:06.601,45,0.2061022,0.08745117,0.01068586,-0.9745564,336.1975,349.5438,0.9531444,0.0,DB
2025-06-04 15:58:06.647,46,0.2117506,0.08751485,0.0104467,-0.9733416,335.5411,349.4963,1.052884,0.0,DB
2025-06-04 15:58:06.694,47,0.2221232,0.08757453,0.009388875,-0.9710324,334.3405,349.394,1.314044,0.0,DB
2025-06-04 15:58:06.742,48,0.2324625,0.08780834,0.0084012,-0.9685972,333.1407,349.2635,1.576877,0.0,DB
2025-06-04 15:58:06.789,49,0.2426331,0.08826222,0.008102922,-0.9660608,331.951,349.1188,1.764499,0.0,DB
2025-06-04 15:58:06.835,50,0.2530989,0.08845619,0.007067442,-0.9633622,330.7315,348.973,2.047,0.0,DB
2025-06-04 15:58:06.879,51,0.2647133,0.08824834,0.005883994,-0.9602628,329.3743,348.8525,2.359087,0.0,DB
2025-06-04 15:58:06.924,52,0.2728137,0.08805964,0.005023995,-0.9580152,328.4257,348.7655,2.584791,0.0,DB
2025-06-04 15:58:06.971,53,0.2837653,0.08817215,0.004184501,-0.9548224,327.1372,348.6017,2.869456,0.0,DB
2025-06-04 15:58:07.017,54,0.2986872,0.08844069,0.002817763,-0.9502402,325.3788,348.3343,3.3074,0.0,DB
2025-06-04 15:58:07.062,55,0.3097142,0.08861085,0.001802079,-0.9466901,324.075,348.1234,3.644607,0.0,DB
2025-06-04 15:58:07.108,56,0.3195357,0.08853463,0.0009856187,-0.9434287,322.9083,347.9576,3.933579,0.0,DB
2025-06-04 15:58:07.153,57,0.3350556,0.08843291,-0.000499418,-0.9380391,321.0603,347.6589,4.438725,0.0,DB
2025-06-04 15:58:07.197,58,0.3449618,0.0883181,-0.001321871,-0.9344515,319.8743,347.4637,4.756417,0.0,DB
2025-06-04 15:58:07.241,59,0.3600129,0.08837458,-0.002630569,-0.9287485,318.0673,347.1026,5.284611,0.0,DB
2025-06-04 15:58:07.285,60,0.3690999,0.08828737,-0.003437724,-0.9251806,316.9716,346.8827,5.615762,0.0,DB
2025-06-04 15:58:07.327,61,0.3829286,0.08818394,-0.004734389,-0.9195472,315.299,346.5104,6.157731,0.0,DB
2025-06-04 15:58:07.371,62,0.3860696,0.08831578,-0.004957005,-0.918219,314.9181,346.4016,6.284689,0.0,DB
2025-06-04 15:58:07.414,63,0.3861519,0.08834615,-0.00494257,-0.9181816,314.908,346.3959,6.286712,0.0,DB
2025-06-04 15:58:07.456,64,0.3861229,0.08847166,-0.004816998,-0.9181823,314.9105,346.3853,6.275097,0.0,DB
2025-06-04 15:58:07.498,65,0.38601,0.08840974,-0.004847569,-0.9182355,314.9244,346.3955,6.272661,0.0,DB
2025-06-04 15:58:07.538,66,0.3857788,0.088236,-0.004671359,-0.9183503,314.949,346.438,6.229366,0.0,DB
2025-06-04 15:58:07.582,67,0.385919,0.08798551,-0.004765291,-0.918315,314.9315,346.4665,6.231575,0.0,DB
2025-06-04 15:58:07.624,68,0.3860286,0.08795784,-0.004952867,-0.9182706,314.9206,346.4566,6.260681,0.0,DB
2025-06-04 15:58:07.668,69,0.3866149,0.08846856,-0.004607933,-0.9179766,314.8471,346.3865,6.257494,0.0,DB
2025-06-04 15:58:07.711,70,0.3862899,0.08868483,-0.004524773,-0.9180931,314.8872,346.367,6.24964,0.0,DB
2025-06-04 15:58:07.752,71,0.3862983,0.08835528,-0.004514853,-0.9181213,314.8838,346.417,6.227877,0.0,DB
2025-06-04 15:58:07.795,72,0.3865363,0.08798514,-0.004609516,-0.9180562,314.8535,346.4611,6.22541,0.0,DB
2025-06-04 15:58:07.837,73,0.386685,0.08792648,-0.004770111,-0.9179983,314.8372,346.4565,6.249689,0.0,DB
2025-06-04 15:58:07.879,74,0.3867606,0.08823304,-0.0045173,-0.9179385,314.8263,346.424,6.233367,0.0,DB
2025-06-04 15:58:07.922,75,0.3869238,0.08841281,-0.004670208,-0.9178516,314.8097,346.3836,6.271816,0.0,DB
2025-06-04 15:58:07.963,76,0.3870566,0.08832276,-0.004616385,-0.9178045,314.792,346.3972,6.261873,0.0,DB
2025-06-04 15:58:08.005,77,0.3869925,0.08810829,-0.004526554,-0.9178525,314.7971,346.4365,6.233354,0.0,DB
2025-06-04 15:58:08.049,78,0.3868876,0.08792929,-0.004430607,-0.9179144,314.8073,346.4719,6.205026,0.0,DB
2025-06-04 15:58:08.090,79,0.3868352,0.08788885,-0.00427896,-0.9179412,314.8113,346.4885,6.178533,0.0,DB
2025-06-04 15:58:08.133,80,0.3870876,0.08791184,-0.004104191,-0.9178333,314.7779,346.4896,6.160937,0.0,DB
2025-06-04 15:58:08.152,81,0.3871673,0.0878946,-0.00402105,-0.9178018,314.7668,346.4954,6.149688,0.0,DB
2025-06-04 15:58:08.188,82,0.3871982,0.08790716,-0.004007613,-0.9177875,314.7629,346.4935,6.149327,0.0,DB
2025-06-04 15:58:08.231,83,0.3870991,0.08792639,-0.004046574,-0.9178273,314.7758,346.4907,6.153601,0.0,DB
2025-06-04 15:58:08.265,84,0.387155,0.08779804,-0.004006734,-0.9178163,314.7675,346.511,6.141183,0.0,DB
2025-06-04 15:58:08.299,85,0.387126,0.08780543,-0.003964633,-0.9178279,314.7705,346.5132,6.134593,0.0,DB
2025-06-04 15:58:08.332,86,0.3871405,0.08767058,-0.003946731,-0.9178349,314.7675,346.5343,6.123889,0.0,DB
2025-06-04 15:58:08.376,87,0.387244,0.0877563,-0.003724432,-0.9177839,314.7522,346.5325,6.099043,0.0,DB
2025-06-04 15:58:08.409,88,0.3871031,0.08762209,-0.003950754,-0.9178552,314.7719,346.5422,6.120433,0.0,DB
2025-06-04 15:58:08.441,89,0.3869096,0.08759676,-0.00388333,-0.9179394,314.7945,346.5548,6.103546,0.0,DB
2025-06-04 15:58:08.476,90,0.3871375,0.08740702,-0.003754914,-0.9178619,314.7634,346.5858,6.078805,0.0,DB
2025-06-04 15:58:08.509,91,0.3873283,0.08732495,-0.003856145,-0.9177889,314.7408,346.5873,6.093913,0.0,DB
2025-06-04 15:58:08.541,92,0.3873666,0.0875079,-0.004093442,-0.9177544,314.7408,346.5443,6.141704,0.0,DB
2025-06-04 15:58:08.586,93,0.3879205,0.08809582,-0.00324625,-0.9174675,314.6644,346.4943,6.067736,0.0,DB
2025-06-04 15:58:08.619,94,0.3869587,0.08809976,-0.003657142,-0.9178716,314.7885,346.4918,6.102727,0.0,DB
2025-06-04 15:58:08.663,95,0.386872,0.08793209,-0.004031533,-0.9179226,314.8035,346.4962,6.145493,0.0,DB
2025-06-04 15:58:08.696,96,0.3874595,0.08736661,-0.00452053,-0.9177265,314.7346,346.5372,6.198908,0.0,DB
2025-06-04 15:58:08.729,97,0.3874902,0.0873647,-0.004837362,-0.9177122,314.7355,346.5173,6.246741,0.0,DB
2025-06-04 15:58:08.763,98,0.3870273,0.08777783,-0.00471952,-0.9178687,314.7934,346.4736,6.242324,0.0,DB
2025-06-04 15:58:08.795,99,0.3863471,0.08808854,-0.004340533,-0.9181272,314.8734,346.4665,6.186735,0.0,DB
2025-06-04 15:58:08.839,100,0.386029,0.08803333,-0.004826512,-0.918264,314.9192,346.4529,6.246649,0.0,DB
2025-06-04 15:58:08.872,101,0.3862719,0.08783732,-0.004652921,-0.9181814,314.8855,346.4871,6.215374,0.0,DB
2025-06-04 15:58:08.905,102,0.3861272,0.08769681,-0.004662657,-0.9182556,314.9025,346.5111,6.204103,0.0,DB
2025-06-04 15:58:08.938,103,0.3860646,0.08767058,-0.004777607,-0.9182839,314.9117,346.5095,6.217808,0.0,DB
2025-06-04 15:58:08.972,104,0.3858455,0.08777159,-0.004893785,-0.9183658,314.9409,346.4926,6.235312,0.0,DB
2025-06-04 15:58:09.005,105,0.386071,0.08778373,-0.004783481,-0.9182704,314.9117,346.492,6.225893,0.0,DB
2025-06-04 15:58:09.050,106,0.3862965,0.08781869,-0.004311301,-0.9181744,314.8774,346.5101,6.164196,0.0,DB
2025-06-04 15:58:09.082,107,0.3858139,0.08759108,-0.004035853,-0.9184003,314.9311,346.5726,6.09601,0.0,DB
2025-06-04 15:58:09.116,108,0.3851733,0.08725106,-0.004007196,-0.9187018,315.0071,346.6407,6.053317,0.0,DB
2025-06-04 15:58:09.149,109,0.3838228,0.08697881,-0.003750788,-0.9192937,315.1673,346.7288,5.962368,0.0,DB
2025-06-04 15:58:09.181,110,0.3823126,0.08636659,-0.003356898,-0.919982,315.343,346.8789,5.826765,0.0,DB
2025-06-04 15:58:09.215,111,0.3808371,0.08565549,-0.002954613,-0.9206614,315.5138,347.0424,5.685908,0.0,DB
2025-06-04 15:58:09.248,112,0.3789344,0.08451796,-0.001984673,-0.9215539,315.7267,347.311,5.426381,0.0,DB
2025-06-04 15:58:09.282,113,0.3767977,0.08311909,-0.001238637,-0.922558,315.9704,347.6076,5.180834,0.0,DB
2025-06-04 15:58:09.316,114,0.3745026,0.08178557,-0.00078924,-0.9236116,316.2383,347.8776,4.981673,0.0,DB
2025-06-04 15:58:09.349,115,0.3725132,0.08056123,0.0005106088,-0.9245236,316.4587,348.172,4.67467,0.0,DB
2025-06-04 15:58:09.401,116,0.3705322,0.07863032,0.002073027,-0.9254831,316.6724,348.5822,4.291335,0.0,DB
2025-06-04 15:58:09.426,117,0.3676014,0.07643274,0.002799442,-0.926833,317.0125,348.9964,3.998215,0.0,DB
2025-06-04 15:58:09.461,118,0.3633377,0.07311576,0.003908325,-0.9287759,317.5078,349.6105,3.566656,0.0,DB
2025-06-04 15:58:09.502,119,0.3577717,0.06916986,0.005760107,-0.931226,318.1541,350.3633,2.982969,0.0,DB
2025-06-04 15:58:09.528,120,0.3535831,0.06502041,0.006186223,-0.9331201,318.6486,351.0357,2.629228,0.0,DB
2025-06-04 15:58:09.561,121,0.3502804,0.06112363,0.007543059,-0.934618,319.0289,351.7019,2.180007,0.0,DB
2025-06-04 15:58:09.594,122,0.3460609,0.05637396,0.009779917,-0.9364659,319.5148,352.5349,1.55961,0.0,DB
2025-06-04 15:58:09.628,123,0.3436811,0.05219142,0.01206623,-0.9375575,319.7818,353.2635,0.9941719,0.0,DB
2025-06-04 15:58:09.661,124,0.3412859,0.04789548,0.014734,-0.9386228,320.0522,354.0211,0.3761381,0.0,DB
2025-06-04 15:58:09.694,125,0.3375347,0.04322752,0.01744029,-0.9401583,320.4924,354.8312,359.7318,0.0,DB
2025-06-04 15:58:09.727,126,0.3328103,0.03850156,0.01976126,-0.9420004,321.0578,355.6212,359.1452,0.0,DB
2025-06-04 15:58:09.761,127,0.3298281,0.03383905,0.02272986,-0.9431606,321.4132,356.4179,358.4933,0.0,DB
2025-06-04 15:58:09.795,128,0.327742,0.02904959,0.02481733,-0.9439945,321.6682,357.1811,357.968,0.0,DB
2025-06-04 15:58:09.836,129,0.3264267,0.02576951,0.02648339,-0.9445,321.8309,357.7119,357.5795,0.0,DB
2025-06-04 15:58:09.861,130,0.3241591,0.02319378,0.02815115,-0.9452992,322.109,358.1411,357.2266,0.0,DB
2025-06-04 15:58:09.895,131,0.3224869,0.02132407,0.02895948,-0.9458905,322.3157,358.4315,357.028,0.0,DB
2025-06-04 15:58:09.927,132,0.3231206,0.02006183,0.0301023,-0.9456662,322.2414,358.6599,356.8119,0.0,DB
2025-06-04 15:58:09.960,133,0.3212029,0.01867519,0.03003475,-0.9463499,322.4783,358.8403,356.7583,0.0,DB
2025-06-04 15:58:09.994,134,0.3193546,0.0171068,0.03011249,-0.9470023,322.7072,359.0516,356.6775,0.0,DB
2025-06-04 15:58:10.026,135,0.3182635,0.0155778,0.03048384,-0.9473841,322.8441,359.273,356.5584,0.0,DB
2025-06-04 15:58:10.072,136,0.3169334,0.01404875,0.03117591,-0.9478312,323.0101,359.5072,356.3971,0.0,DB
2025-06-04 15:58:10.093,137,0.3148996,0.01262783,0.03163473,-0.9485136,323.2609,359.7117,356.2753,0.0,DB
2025-06-04 15:58:10.127,138,0.3143156,0.01205644,0.03248113,-0.9486862,323.3334,359.8245,356.1363,0.0,DB
2025-06-04 15:58:10.160,139,0.3150457,0.01255616,0.03263027,-0.9484324,323.2433,359.7671,356.1365,0.0,DB
2025-06-04 15:58:10.194,140,0.3147581,0.01335695,0.03201016,-0.9485381,323.275,359.6291,356.2575,0.0,DB
2025-06-04 15:58:10.227,141,0.3119598,0.01427437,0.03066797,-0.949493,323.6097,359.4326,356.4866,0.0,DB
2025-06-04 15:58:10.260,142,0.3083107,0.01553206,0.02895153,-0.9507182,324.0462,359.1732,356.7798,0.0,DB
2025-06-04 15:58:10.312,143,0.3050802,0.01786682,0.02721326,-0.9517701,324.4294,358.7738,357.1178,0.0,DB
2025-06-04 15:58:10.338,144,0.3029614,0.01819919,0.0254792,-0.9524884,324.6857,358.6496,357.3653,0.0,DB
2025-06-04 15:58:10.372,145,0.301537,0.01845979,0.02417759,-0.9529692,324.8581,358.5563,357.5505,0.0,DB
2025-06-04 15:58:10.405,146,0.3013215,0.01904996,0.02404307,-0.9530292,324.8827,358.4713,357.5934,0.0,DB
2025-06-04 15:58:10.438,147,0.2992263,0.01929829,0.0235647,-0.953696,325.1346,358.4142,357.6671,0.0,DB
2025-06-04 15:58:10.471,148,0.2979047,0.0200239,0.02287015,-0.9541116,325.2927,358.2863,357.7893,0.0,DB
2025-06-04 15:58:10.515,149,0.2989442,0.0202492,0.02218186,-0.9537979,325.1686,358.2292,357.891,0.0,DB
2025-06-04 15:58:10.538,150,0.2991481,0.02059693,0.02179186,-0.9537355,325.1441,358.1668,357.9577,0.0,DB
2025-06-04 15:58:10.584,151,0.2986043,0.02044057,0.02261238,-0.9538901,325.2082,358.2212,357.8414,0.0,DB
2025-06-04 15:58:10.605,152,0.2983806,0.01985456,0.02358834,-0.9539489,325.2347,358.3395,357.6869,0.0,DB
2025-06-04 15:58:10.638,153,0.2989219,0.01890028,0.02428562,-0.9537814,325.1709,358.4967,357.5544,0.0,DB
2025-06-04 15:58:10.672,154,0.3002129,0.01843099,0.02433047,-0.9533839,325.017,358.5638,357.5289,0.0,DB
2025-06-04 15:58:10.705,155,0.3008123,0.01815372,0.02362115,-0.953218,324.9468,358.5722,357.6119,0.0,DB
2025-06-04 15:58:10.755,156,0.3006006,0.01879323,0.02247327,-0.9533002,324.9725,358.4381,357.792,0.0,DB
2025-06-04 15:58:10.771,157,0.3002713,0.01980285,0.02109619,-0.953415,325.0122,358.245,358.018,0.0,DB
2025-06-04 15:58:10.816,158,0.3011733,0.0213823,0.01937552,-0.9531328,324.9042,357.9625,358.3152,0.0,DB
2025-06-04 15:58:10.849,159,0.3012663,0.02266929,0.01887344,-0.9530838,324.892,357.7695,358.4368,0.0,DB
2025-06-04 15:58:10.882,160,0.300173,0.02346366,0.01896248,-0.9534076,325.0218,357.6668,358.4564,0.0,DB
2025-06-04 15:58:10.916,161,0.2993777,0.02337123,0.01923458,-0.9536545,325.1169,357.6903,358.4148,0.0,DB
2025-06-04 15:58:10.949,162,0.2985431,0.02262084,0.01943945,-0.95393,325.2178,357.7985,358.3547,0.0,DB
2025-06-04 15:58:10.982,163,0.2973753,0.02178287,0.01980827,-0.9543067,325.3587,357.9247,358.2691,0.0,DB
2025-06-04 15:58:11.016,164,0.2963648,0.02127395,0.02027451,-0.9546227,325.4799,358.0108,358.1848,0.0,DB
2025-06-04 15:58:11.049,165,0.2958547,0.02106009,0.02094169,-0.9547712,325.5401,358.0662,358.0868,0.0,DB
2025-06-04 15:58:11.082,166,0.295683,0.02101639,0.02072207,-0.9548301,325.5612,358.0628,358.1139,0.0,DB
2025-06-04 15:58:11.128,167,0.2938642,0.02137647,0.02028538,-0.955393,325.7795,357.9954,358.1844,0.0,DB
2025-06-04 15:58:11.149,168,0.2934106,0.02196267,0.02006124,-0.9555237,325.8333,357.9083,358.2374,0.0,DB
2025-06-04 15:58:11.182,169,0.2946992,0.02268886,0.01975712,-0.9551164,325.6782,357.8005,358.3092,0.0,DB
2025-06-04 15:58:11.216,170,0.2952147,0.02309687,0.01979598,-0.9549466,325.6155,357.7483,358.3216,0.0,DB
2025-06-04 15:58:11.267,171,0.2950222,0.02332154,0.01877207,-0.9550213,325.6407,357.6764,358.4663,0.0,DB
2025-06-04 15:58:11.294,172,0.2940995,0.02392752,0.01913817,-0.9552837,325.7495,357.6108,358.4408,0.0,DB
2025-06-04 15:58:11.327,173,0.2928829,0.02385455,0.01863665,-0.9556691,325.8967,357.5998,358.5019,0.0,DB
2025-06-04 15:58:11.360,174,0.2924256,0.02371457,0.01831366,-0.9558189,325.9525,357.6051,358.5381,0.0,DB
2025-06-04 15:58:11.403,175,0.2928469,0.02328027,0.01808909,-0.9557048,325.9032,357.6536,358.551,0.0,DB
2025-06-04 15:58:11.426,176,0.2939444,0.02323955,0.01816782,-0.9553673,325.7715,357.6624,358.541,0.0,DB
2025-06-04 15:58:11.461,177,0.2946234,0.02340398,0.01842728,-0.9551491,325.6892,357.6513,358.5146,0.0,DB
2025-06-04 15:58:11.494,178,0.2936459,0.02351831,0.01855766,-0.9554447,325.8059,357.6412,358.5002,0.0,DB
2025-06-04 15:58:11.526,179,0.2935316,0.02376364,0.01801338,-0.9554843,325.8206,357.5866,358.582,0.0,DB
2025-06-04 15:58:11.561,180,0.2949098,0.02461725,0.01785341,-0.9550412,325.6546,357.4669,358.641,0.0,DB
2025-06-04 15:58:11.593,181,0.2965911,0.02587548,0.01887883,-0.9544674,325.4483,357.3419,358.5605,0.0,DB
2025-06-04 15:58:11.626,182,0.2954035,0.02709997,0.0164917,-0.9548458,325.5961,357.0815,358.9247,0.0,DB
2025-06-04 15:58:11.660,183,0.2943044,0.03029254,0.01389299,-0.9551306,325.7337,356.553,359.3962,0.0,DB
2025-06-04 15:58:11.694,184,0.2936285,0.03282464,0.01257608,-0.9552732,325.8185,356.1652,359.671,0.0,DB
2025-06-04 15:58:11.727,185,0.2902772,0.03512293,0.01422522,-0.9561921,326.212,355.9354,359.5303,0.0,DB
2025-06-04 15:58:11.761,186,0.2853932,0.03578318,0.01343926,-0.957648,326.7993,355.8287,359.636,0.0,DB
2025-06-04 15:58:11.810,187,0.2820139,0.03650177,0.01397451,-0.958614,327.2002,355.7632,359.5771,0.0,DB
2025-06-04 15:58:11.838,188,0.2771517,0.03540982,0.01503263,-0.9600558,327.7763,355.9561,359.3744,0.0,DB
2025-06-04 15:58:11.871,189,0.2698852,0.03529595,0.01496982,-0.962129,328.6419,355.9818,359.3455,0.0,DB
2025-06-04 15:58:11.904,190,0.2652109,0.0347592,0.01603522,-0.9634304,329.1936,356.0965,359.1688,0.0,DB
2025-06-04 15:58:11.948,191,0.263683,0.03386344,0.01978817,-0.9638118,329.3614,356.3456,358.649,0.0,DB
2025-06-04 15:58:11.972,192,0.2656839,0.03204351,0.02023215,-0.9633152,329.1247,356.5944,358.5343,0.0,DB
2025-06-04 15:58:12.004,193,0.2642494,0.03086929,0.01802676,-0.9637918,329.3045,356.6682,358.7716,0.0,DB
2025-06-04 15:58:12.038,194,0.2621058,0.03045721,0.01463998,-0.9644474,329.5713,356.6042,359.1844,0.0,DB
2025-06-04 15:58:12.071,195,0.26462,0.03155217,0.01140765,-0.963769,329.2839,356.3466,359.6474,0.0,DB
2025-06-04 15:58:12.105,196,0.2668371,0.03303073,0.007646298,-0.9631453,329.0352,356.018,0.1936844,0.0,DB
2025-06-04 15:58:12.138,197,0.2667321,0.035395,0.002050903,-0.9631185,329.0737,355.5147,0.9973448,0.0,DB
2025-06-04 15:58:12.171,198,0.2681716,0.03928925,-0.0003023464,-0.9625697,328.9194,354.9224,1.448842,0.0,DB
2025-06-04 15:58:12.225,199,0.2646493,0.04327578,-0.001416253,-0.9633722,329.3502,354.3879,1.70751,0.0,DB
2025-06-04 15:58:12.249,200,0.2614521,0.04556542,-0.001077779,-0.9641398,329.7314,354.1235,1.718763,0.0,DB
2025-06-04 15:58:12.282,201,0.258792,0.04670987,-0.000230955,-0.9648031,330.0433,354.0208,1.628483,0.0,DB
2025-06-04 15:58:12.325,202,0.2530602,0.04665009,0.004165513,-0.9663163,330.6949,354.2049,1.022423,0.0,DB
2025-06-04 15:58:12.349,203,0.2501404,0.04359922,0.01079958,-0.9671671,331.0008,354.8222,0.06038988,0.0,DB
2025-06-04 15:58:12.382,204,0.2479344,0.03759459,0.01370364,-0.9679502,331.2488,355.6837,359.4846,0.0,DB
2025-06-04 15:58:12.416,205,0.2457795,0.03083149,0.01301865,-0.968748,331.5104,356.5208,359.3437,0.0,DB
2025-06-04 15:58:12.462,206,0.2447705,0.02450793,0.01648703,-0.9691311,331.6252,357.4314,358.7002,0.0,DB
2025-06-04 15:58:12.482,207,0.2486839,0.01800577,0.02308114,-0.9681424,331.1607,358.4703,357.6619,0.0,DB
2025-06-04 15:58:12.515,208,0.2548228,0.01264334,0.02573625,-0.9665626,330.4453,359.2541,357.1463,0.0,DB
2025-06-04 15:58:12.550,209,0.2593229,0.01184564,0.01981512,-0.9655148,329.9186,359.1659,357.8727,0.0,DB
2025-06-04 15:58:12.582,210,0.2578235,0.01663187,0.01201237,-0.9659743,330.0991,358.2854,359.0329,0.0,DB
2025-06-04 15:58:12.627,211,0.2513822,0.03010301,0.00386929,-0.967412,330.8818,356.3051,0.5016183,0.0,DB
2025-06-04 15:58:12.660,212,0.2520053,0.04010418,0.002159582,-0.9668922,330.8238,354.9759,1.052416,0.0,DB
2025-06-04 15:58:12.692,213,0.255679,0.04445337,0.002261829,-0.9657366,330.3936,354.4092,1.210199,0.0,DB
2025-06-04 15:58:12.726,214,0.2583794,0.0447163,0.002890388,-0.9650037,330.0706,354.3841,1.15897,0.0,DB
2025-06-04 15:58:12.770,215,0.2623765,0.04215791,0.004194207,-0.9640353,329.5867,354.7385,0.9325471,0.0,DB
2025-06-04 15:58:12.804,216,0.2676647,0.03603601,0.006474862,-0.9628163,328.943,355.5863,0.4563438,0.0,DB
2025-06-04 15:58:12.826,217,0.2668813,0.02999173,0.007752185,-0.9632314,329.0291,356.4133,0.07177893,0.0,DB
2025-06-04 15:58:12.860,218,0.2617489,0.02537594,0.009712379,-0.9647536,329.6328,357.0849,359.6377,0.0,DB
2025-06-04 15:58:12.893,219,0.2576478,0.02258948,0.01336297,-0.9658825,330.1112,357.5705,359.0633,0.0,DB
2025-06-04 15:58:12.926,220,0.2541204,0.0216758,0.0155308,-0.966805,330.5251,357.7605,358.7485,0.0,DB
2025-06-04 15:58:12.960,221,0.2535218,0.02252099,0.01762725,-0.9669069,330.5899,357.7228,358.5089,0.0,DB
2025-06-04 15:58:13.008,222,0.25739,0.02454105,0.01850258,-0.9658188,330.1261,357.4963,358.473,0.0,DB
2025-06-04 15:58:13.026,223,0.2603826,0.02582263,0.0205217,-0.964942,329.7637,357.4029,358.265,0.0,DB
2025-06-04 15:58:13.060,224,0.2619165,0.02497183,0.02114409,-0.9645358,329.5815,357.5345,358.1588,0.0,DB
2025-06-04 15:58:13.093,225,0.2636211,0.02258427,0.02118718,-0.9641292,329.3837,357.8439,358.0724,0.0,DB
2025-06-04 15:58:13.127,226,0.2644376,0.02051663,0.02089882,-0.9639581,329.2914,358.1003,358.0377,0.0,DB
2025-06-04 15:58:13.160,227,0.2622176,0.02021989,0.02049553,-0.9645793,329.5565,358.1216,358.0767,0.0,DB
2025-06-04 15:58:13.193,228,0.2590162,0.02025802,0.02106921,-0.9654307,329.9353,358.1327,358.0011,0.0,DB
2025-06-04 15:58:13.226,229,0.2572563,0.01995023,0.02052665,-0.9659193,330.1457,358.1513,358.0581,0.0,DB
2025-06-04 15:58:13.261,230,0.258403,0.0196083,0.01774783,-0.9656752,330.0157,358.1013,358.4027,0.0,DB
2025-06-04 15:58:13.305,231,0.2597866,0.02047932,0.0155942,-0.965323,329.8547,357.9167,358.7101,0.0,DB
2025-06-04 15:58:13.346,232,0.2586609,0.02169575,0.01510805,-0.9656064,329.9878,357.7442,358.812,0.0,DB
2025-06-04 15:58:13.371,233,0.2579944,0.0219759,0.01501658,-0.9657798,330.0667,357.7052,358.8319,0.0,DB
2025-06-04 15:58:13.394,234,0.259349,0.02185245,0.01422084,-0.9654318,329.9081,357.6937,358.9322,0.0,DB
2025-06-04 15:58:13.438,235,0.2609357,0.0214574,0.0138272,-0.9650187,329.7211,357.7305,358.9723,0.0,DB
2025-06-04 15:58:13.471,236,0.2607875,0.02101116,0.01374679,-0.9650698,329.7394,357.7849,358.9668,0.0,DB
2025-06-04 15:58:13.504,237,0.2606621,0.02090938,0.01360238,-0.9651079,329.7547,357.793,358.9815,0.0,DB
2025-06-04 15:58:13.538,238,0.2610553,0.02096399,0.01368497,-0.9649993,329.7078,357.7888,358.9737,0.0,DB
2025-06-04 15:58:13.571,239,0.2625145,0.02173273,0.01330456,-0.9645916,329.5347,357.6767,359.0523,0.0,DB
2025-06-04 15:58:13.605,240,0.2647573,0.02303344,0.01323262,-0.9639491,329.2672,357.5063,359.1125,0.0,DB
2025-06-04 15:58:13.638,241,0.265742,0.02395297,0.01330979,-0.9636548,329.1492,357.3902,359.1376,0.0,DB
2025-06-04 15:58:13.671,242,0.2666779,0.0245429,0.01300174,-0.9633855,329.0383,357.3027,359.2008,0.0,DB
2025-06-04 15:58:13.704,243,0.2680041,0.02392372,0.01365525,-0.963024,328.8793,357.4051,359.098,0.0,DB
2025-06-04 15:58:13.737,244,0.2696017,0.02241438,0.013984,-0.9626096,328.6899,357.6111,359.005,0.0,DB
2025-06-04 15:58:13.771,245,0.2701454,0.02115385,0.01381723,-0.9624881,328.627,357.7678,358.982,0.0,DB
2025-06-04 15:58:13.819,246,0.2698045,0.02047249,0.01312971,-0.962608,328.6698,357.831,359.0454,0.0,DB
2025-06-04 15:58:13.837,247,0.2709827,0.02115384,0.01359615,-0.9622559,328.5278,357.7596,359.0124,0.0,DB
2025-06-04 15:58:13.871,248,0.2718757,0.0226002,0.01455621,-0.9619569,328.4177,357.6072,358.9429,0.0,DB
2025-06-04 15:58:13.905,249,0.2721701,0.02372718,0.01497445,-0.9618401,328.3803,357.4765,358.9308,0.0,DB
2025-06-04 15:58:13.951,250,0.2731775,0.02390527,0.0157672,-0.9615374,328.2581,357.4823,358.837,0.0,DB
2025-06-04 15:58:13.971,251,0.2745713,0.02301774,0.01562434,-0.9611642,328.0934,357.592,358.8259,0.0,DB
2025-06-04 15:58:14.003,252,0.2747577,0.02210543,0.015023,-0.9611421,328.0738,357.6881,358.8705,0.0,DB
2025-06-04 15:58:14.038,253,0.2752194,0.02244084,0.01450529,-0.9610102,328.0197,357.6252,358.9511,0.0,DB
2025-06-04 15:58:14.070,254,0.2746257,0.02373354,0.01463268,-0.961147,328.0887,357.4622,358.9812,0.0,DB
2025-06-04 15:58:14.103,255,0.2737469,0.02434337,0.01493751,-0.9613777,328.1919,357.3947,358.9621,0.0,DB
2025-06-04 15:58:14.137,256,0.2731543,0.02379318,0.01423554,-0.9615706,328.265,357.4405,359.0313,0.0,DB
2025-06-04 15:58:14.171,257,0.2716645,0.02259554,0.0139616,-0.9620255,328.4443,357.5862,359.0192,0.0,DB
2025-06-04 15:58:14.204,258,0.271094,0.0222104,0.01434674,-0.9621897,328.5117,357.6502,358.954,0.0,DB
2025-06-04 15:58:14.237,259,0.2718715,0.02261561,0.01489766,-0.9619525,328.4173,357.6177,358.8993,0.0,DB
2025-06-04 15:58:14.271,260,0.2724257,0.02306489,0.01581773,-0.9617704,328.3485,357.5932,358.7979,0.0,DB
2025-06-04 15:58:14.304,261,0.2704392,0.02300732,0.01667786,-0.9623176,328.5829,357.632,358.6803,0.0,DB
2025-06-04 15:58:14.351,262,0.2674666,0.02235931,0.01730491,-0.9631523,328.9359,357.7377,358.5702,0.0,DB
2025-06-04 15:58:14.383,263,0.2655396,0.02101659,0.01837985,-0.9636957,329.1648,357.9479,358.3807,0.0,DB
2025-06-04 15:58:14.404,264,0.2644948,0.01937072,0.01939646,-0.9639975,329.2898,358.1946,358.1904,0.0,DB
2025-06-04 15:58:14.450,265,0.2638621,0.01788013,0.02029875,-0.9641811,329.3663,358.4172,358.0214,0.0,DB
2025-06-04 15:58:14.471,266,0.2652337,0.01607912,0.0210829,-0.9638196,329.206,358.6785,357.8577,0.0,DB
2025-06-04 15:58:14.504,267,0.2670265,0.01447525,0.02184753,-0.9633328,328.9956,358.9156,357.7024,0.0,DB
2025-06-04 15:58:14.538,268,0.2682838,0.01329712,0.02175797,-0.9630024,328.8491,359.067,357.6714,0.0,DB
2025-06-04 15:58:14.571,269,0.2687581,0.01333568,0.0212344,-0.9628814,328.7931,359.0442,357.7403,0.0,DB
2025-06-04 15:58:14.604,270,0.2685139,0.0139628,0.02171263,-0.96293,328.8201,358.98,357.7012,0.0,DB
2025-06-04 15:58:14.638,271,0.2680838,0.01437947,0.02152977,-0.9630478,328.8705,358.9188,357.7398,0.0,DB
2025-06-04 15:58:14.671,272,0.2671487,0.0147633,0.02157491,-0.9633008,328.9807,358.869,357.7478,0.0,DB
2025-06-04 15:58:14.704,273,0.2648951,0.01439064,0.02104094,-0.9639403,329.2501,358.8935,357.8034,0.0,DB
2025-06-04 15:58:14.751,274,0.2643536,0.01414952,0.02004044,-0.9641139,329.3161,358.8881,357.9235,0.0,DB
2025-06-04 15:58:14.771,275,0.2648616,0.01401925,0.01901951,-0.963997,329.2572,358.8697,358.0502,0.0,DB
2025-06-04 15:58:14.817,276,0.2651755,0.0150976,0.01856176,-0.9639034,329.2184,358.7154,358.1472,0.0,DB
2025-06-04 15:58:14.850,277,0.2654513,0.0166152,0.01806759,-0.9638119,329.1835,358.503,358.2647,0.0,DB
2025-06-04 15:58:14.871,278,0.2650769,0.01786172,0.01769113,-0.9638996,329.2264,358.329,358.3569,0.0,DB
2025-06-04 15:58:14.904,279,0.2649657,0.01858809,0.01759415,-0.9639183,329.2386,358.2321,358.395,0.0,DB
2025-06-04 15:58:14.938,280,0.2647263,0.0186887,0.01785944,-0.9639772,329.2664,358.2283,358.3642,0.0,DB
2025-06-04 15:58:14.971,281,0.2624348,0.01889108,0.01812659,-0.9645946,329.5377,358.2096,358.3344,0.0,DB
2025-06-04 15:58:15.004,282,0.2608629,0.01929638,0.01842551,-0.9650072,329.7231,358.1666,358.3083,0.0,DB
2025-06-04 15:58:15.037,283,0.2597709,0.01960675,0.01901211,-0.9652842,329.851,358.1461,358.2427,0.0,DB
2025-06-04 15:58:15.071,284,0.2570232,0.01922486,0.01977236,-0.9660118,330.1761,358.218,358.1295,0.0,DB
2025-06-04 15:58:15.104,285,0.2548419,0.01851643,0.02067681,-0.9665844,330.4345,358.336,357.9882,0.0,DB
2025-06-04 15:58:15.148,286,0.2546607,0.01630976,0.02373513,-0.9666016,330.4564,358.7195,357.5244,0.0,DB
2025-06-04 15:58:15.171,287,0.2527941,0.0120877,0.02645833,-0.9670829,330.6867,359.3427,357.0376,0.0,DB
2025-06-04 15:58:15.204,288,0.2487127,0.008998864,0.0278272,-0.9681358,331.1789,359.7657,356.7674,0.0,DB
2025-06-04 15:58:15.238,289,0.2456489,0.006625041,0.02970803,-0.968881,331.5493,0.114545,356.4584,0.0,DB
2025-06-04 15:58:15.271,290,0.2375147,0.006625306,0.02721182,-0.9709803,332.5093,0.00389689,356.7885,0.0,DB
2025-06-04 15:58:15.321,291,0.2273492,0.01069491,0.02645417,-0.9733953,333.6939,359.438,357.0178,0.0,DB
2025-06-04 15:58:15.355,292,0.2129758,0.01636478,0.02612019,-0.9765713,335.3656,358.6865,357.2226,0.0,DB
2025-06-04 15:58:15.371,293,0.2017433,0.02096185,0.02632808,-0.9788602,336.6679,358.1018,357.3106,0.0,DB
2025-06-04 15:58:15.405,294,0.192095,0.02317319,0.02635693,-0.9807487,337.7892,357.8131,357.3505,0.0,DB
2025-06-04 15:58:15.449,295,0.1869095,0.02329512,0.02477062,-0.9817886,338.3975,357.7513,357.5385,0.0,DB
2025-06-04 15:58:15.490,296,0.1809596,0.02273111,0.02524319,-0.9829038,339.0913,357.8191,357.4601,0.0,DB
2025-06-04 15:58:15.526,297,0.1757334,0.02108078,0.02565288,-0.9838777,339.7033,358.0163,357.368,0.0,DB
2025-06-04 15:58:15.549,298,0.168907,0.01944524,0.02592938,-0.9850991,340.5011,358.2035,357.2932,0.0,DB
2025-06-04 15:58:15.582,299,0.1655116,0.01808672,0.02559027,-0.98571,340.9,358.3514,357.3031,0.0,DB
2025-06-04 15:58:15.616,300,0.1655458,0.01736565,0.02597361,-0.9857072,340.8974,358.4454,357.2428,0.0,DB
2025-06-04 15:58:15.662,301,0.1622157,0.01660872,0.02548584,-0.9862865,341.287,358.5181,357.2838,0.0,DB
2025-06-04 15:58:15.696,302,0.1578204,0.01640074,0.02447753,-0.9870282,341.7991,358.5131,357.397,0.0,DB
2025-06-04 15:58:15.716,303,0.1539597,0.01609404,0.02397166,-0.9876553,342.2485,358.5314,357.4486,0.0,DB
2025-06-04 15:58:15.749,304,0.1479145,0.01657359,0.02145988,-0.9886285,342.9518,358.4164,357.7504,0.0,DB
2025-06-04 15:58:15.782,305,0.1382955,0.01975243,0.01845164,-0.9900222,344.0642,357.9732,358.1483,0.0,DB
2025-06-04 15:58:15.836,306,0.1359621,0.02270169,0.01892582,-0.9902732,344.3275,357.63,358.1364,0.0,DB
2025-06-04 15:58:15.860,307,0.1351003,0.02178065,0.02078244,-0.9903746,344.4247,357.7674,357.9011,0.0,DB
2025-06-04 15:58:15.894,308,0.1301773,0.01800174,0.02068141,-0.9911116,345.002,358.2025,357.8458,0.0,DB
2025-06-04 15:58:15.927,309,0.1256201,0.01449233,0.02031532,-0.9917647,345.5367,358.601,357.8306,0.0,DB
2025-06-04 15:58:15.960,310,0.1233448,0.01269457,0.02019483,-0.9920772,345.8035,358.8057,357.8164,0.0,DB
2025-06-04 15:58:15.994,311,0.117116,0.01322563,0.02058294,-0.9928169,346.5207,358.7367,357.774,0.0,DB
2025-06-04 15:58:16.027,312,0.1093464,0.01429124,0.0211712,-0.9936756,347.4134,358.6043,357.7128,0.0,DB
2025-06-04 15:58:16.072,313,0.1079691,0.01621745,0.02183952,-0.9937822,347.5667,358.3853,357.658,0.0,DB
2025-06-04 15:58:16.105,314,0.09587139,0.01674564,0.02190717,-0.9950119,348.9585,358.2996,357.6418,0.0,DB
2025-06-04 15:58:16.139,315,0.09270263,0.01619224,0.02145,-0.9953312,349.3252,358.3523,357.6848,0.0,DB
2025-06-04 15:58:16.172,316,0.08294623,0.01535093,0.02160921,-0.9962015,350.449,358.4311,357.6458,0.0,DB
2025-06-04 15:58:16.204,317,0.07379736,0.01471849,0.0224412,-0.9969122,351.5006,358.4916,357.533,0.0,DB
2025-06-04 15:58:16.250,318,0.07309085,0.0146221,0.02282737,-0.9969568,351.5814,358.5044,357.4867,0.0,DB
2025-06-04 15:58:16.282,319,0.05882043,0.01472204,0.02393081,-0.9978732,353.2178,358.4669,357.3433,0.0,DB
2025-06-04 15:58:16.316,320,0.05522707,0.01494656,0.02415351,-0.9980698,353.6292,358.4335,357.3146,0.0,DB
2025-06-04 15:58:16.349,321,0.04489525,0.01443049,0.02353243,-0.9986104,354.8166,358.4633,357.3697,0.0,DB
2025-06-04 15:58:16.382,322,0.03571108,0.01438515,0.02289855,-0.9989963,355.8706,358.4427,357.43,0.0,DB
2025-06-04 15:58:16.427,323,0.03282468,0.01497491,0.02288135,-0.9990872,356.2,358.3678,357.4302,0.0,DB
2025-06-04 15:58:16.460,324,0.02607328,0.01528014,0.02318524,-0.9992744,356.9724,358.317,357.3862,0.0,DB
2025-06-04 15:58:16.509,325,0.01685707,0.01509447,0.02376279,-0.9994617,358.0279,358.3159,357.305,0.0,DB
2025-06-04 15:58:16.526,326,0.002677828,0.01447965,0.02419339,-0.999599,359.6531,358.3486,357.2321,0.0,DB
2025-06-04 15:58:16.584,327,-0.002587959,0.01379963,0.02431924,-0.9996058,0.2579857,358.4119,357.2091,0.0,DB
2025-06-04 15:58:16.605,328,-0.01788579,0.01326698,0.02454397,-0.9994509,2.011534,358.4291,357.1589,0.0,DB
2025-06-04 15:58:16.638,329,-0.02259372,0.01325225,0.02439056,-0.9993594,2.551194,358.4174,357.1686,0.0,DB
2025-06-04 15:58:16.671,330,-0.03142533,0.01373336,0.02456812,-0.9991099,3.561501,358.3358,357.131,0.0,DB
2025-06-04 15:58:16.716,331,-0.03936237,0.01392676,0.02581555,-0.9987945,4.468486,358.2841,356.9719,0.0,DB
2025-06-04 15:58:16.750,332,-0.04479858,0.01500097,0.02554658,-0.9985569,5.088904,358.1447,356.9865,0.0,DB
2025-06-04 15:58:16.794,333,-0.05388291,0.01621906,0.02568471,-0.9980853,6.126635,357.9744,356.9433,0.0,DB
2025-06-04 15:58:16.838,334,-0.05782126,0.0154876,0.02594446,-0.9978698,6.580123,358.0439,356.9088,0.0,DB
2025-06-04 15:58:16.860,335,-0.0621792,0.01384308,0.0264538,-0.9976184,7.084313,358.2151,356.8516,0.0,DB
2025-06-04 15:58:16.894,336,-0.06873389,0.01289694,0.02586148,-0.9972164,7.840627,358.3065,356.9128,0.0,DB
2025-06-04 15:58:16.939,337,-0.07742425,0.01303043,0.02664229,-0.9965571,8.836829,358.2546,356.8023,0.0,DB
2025-06-04 15:58:16.972,338,-0.07669631,0.01351963,0.02767204,-0.9965788,8.74978,358.1915,356.6806,0.0,DB
2025-06-04 15:58:17.005,339,-0.0819772,0.01372691,0.02841136,-0.9961348,9.354395,358.1411,356.5804,0.0,DB
2025-06-04 15:58:17.050,340,-0.0875795,0.01497383,0.02781813,-0.9956565,9.995166,357.9814,356.6227,0.0,DB
2025-06-04 15:58:17.082,341,-0.1006621,0.01517536,0.02865312,-0.9943923,11.49752,357.8976,356.4873,0.0,DB
2025-06-04 15:58:17.117,342,-0.1111848,0.01628988,0.02785682,-0.9932758,12.70708,357.7349,356.5348,0.0,DB
2025-06-04 15:58:17.161,343,-0.1198348,0.01725809,0.02704326,-0.9922755,13.70275,357.5972,356.589,0.0,DB
2025-06-04 15:58:17.194,344,-0.1307028,0.01716147,0.02678294,-0.9909114,14.95797,357.567,356.584,0.0,DB
2025-06-04 15:58:17.226,345,-0.1419944,0.01690177,0.02737955,-0.9893444,16.26242,357.5392,356.4779,0.0,DB
2025-06-04 15:58:17.272,346,-0.1448359,0.01618658,0.02897237,-0.9888992,16.58982,357.5836,356.2914,0.0,DB
2025-06-04 15:58:17.305,347,-0.1600526,0.01508004,0.03007708,-0.986535,18.35404,357.622,356.1232,0.0,DB
2025-06-04 15:58:17.338,348,-0.1637699,0.01428342,0.03067579,-0.9859182,18.78701,357.6868,356.053,0.0,DB
2025-06-04 15:58:17.383,349,-0.1713694,0.01369229,0.0310361,-0.9846228,19.67099,357.7115,355.9924,0.0,DB
2025-06-04 15:58:17.416,350,-0.1837859,0.01311804,0.03108433,-0.9823872,21.11754,357.7146,355.9493,0.0,DB
2025-06-04 15:58:17.460,351,-0.1931395,0.01277174,0.03116073,-0.9805933,22.20902,357.7043,355.9091,0.0,DB
2025-06-04 15:58:17.494,352,-0.2054786,0.01250441,0.03102875,-0.9780897,23.65178,357.6717,355.8784,0.0,DB
2025-06-04 15:58:17.527,353,-0.2230308,0.0122856,0.03156322,-0.9742229,25.70819,357.5818,355.7368,0.0,DB
2025-06-04 15:58:17.572,354,-0.2280249,0.0118799,0.0318391,-0.9730622,26.29598,357.5938,355.6897,0.0,DB
2025-06-04 15:58:17.620,355,-0.251303,0.01023666,0.03215319,-0.9673201,29.04673,357.6422,355.5816,0.0,DB
2025-06-04 15:58:17.649,356,-0.25562,0.008952326,0.03190352,-0.9662094,29.56388,357.7855,355.6332,0.0,DB
2025-06-04 15:58:17.696,357,-0.2769106,0.008055724,0.03197278,-0.9603299,32.09576,357.7554,355.5405,0.0,DB
2025-06-04 15:58:17.715,358,-0.284431,0.00805035,0.03181692,-0.9581347,32.99282,357.7092,355.5176,0.0,DB
2025-06-04 15:58:17.760,359,-0.3016393,0.007901618,0.0325241,-0.9528345,35.05137,357.5721,355.3232,0.0,DB
2025-06-04 15:58:17.792,360,-0.3126781,0.007190839,0.03313019,-0.9492542,36.38053,357.5533,355.1982,0.0,DB
2025-06-04 15:58:17.846,361,-0.332723,0.006135862,0.03303926,-0.9424258,38.80912,357.5323,355.115,0.0,DB
2025-06-04 15:58:17.871,362,-0.341374,0.005645599,0.03360311,-0.9393098,39.86138,357.4951,354.9939,0.0,DB
2025-06-04 15:58:17.904,363,-0.3678991,0.005538453,0.03336202,-0.9292507,43.10765,357.2646,354.8071,0.0,DB
2025-06-04 15:58:17.949,364,-0.3733267,0.005661103,0.03335502,-0.927083,43.7753,357.1898,354.7498,0.0,DB
2025-06-04 15:58:17.981,365,-0.3920781,0.005372653,0.03316956,-0.9193181,46.09847,357.0333,354.6047,0.0,DB
2025-06-04 15:58:18.026,366,-0.4014412,0.005882524,0.03353144,-0.915252,47.26035,356.8164,354.4105,0.0,DB
2025-06-04 15:58:18.059,367,-0.4212429,0.006255649,0.03341656,-0.9063107,49.7414,356.4964,354.1523,0.0,DB
2025-06-04 15:58:18.092,368,-0.4366816,0.006810629,0.03345857,-0.898968,51.69014,356.1646,353.8786,0.0,DB
2025-06-04 15:58:18.137,369,-0.4575191,0.007276585,0.03323297,-0.8885489,54.34802,355.7356,353.5262,0.0,DB
2025-06-04 15:58:18.169,370,-0.4731073,0.006659069,0.03287277,-0.8803663,56.36442,355.5653,353.3462,0.0,DB
2025-06-04 15:58:18.213,371,-0.4902469,0.006431664,0.03043493,-0.8710284,58.6105,355.4801,353.4598,0.0,DB
2025-06-04 15:58:18.245,372,-0.5150692,0.004866554,0.0294203,-0.8566299,61.90412,355.2932,353.2422,0.0,DB
2025-06-04 15:58:18.279,373,-0.5203956,0.004171961,0.02866996,-0.8534339,62.62387,355.3897,353.3465,0.0,DB
2025-06-04 15:58:18.312,374,-0.5385189,0.003198987,0.02863086,-0.8421209,65.06855,355.0702,352.9597,0.0,DB
2025-06-04 15:58:18.357,375,-0.562337,0.002002657,0.02964832,-0.8263742,68.32327,354.3048,352.0239,0.0,DB
2025-06-04 15:58:18.390,376,-0.5788704,0.001510829,0.0307178,-0.8148396,70.6099,353.4232,351.0222,0.0,DB
2025-06-04 15:58:18.423,377,-0.5955659,0.0004880781,0.03156336,-0.802686,72.95485,352.4765,349.9302,0.0,DB
2025-06-04 15:58:18.456,378,-0.6025699,0.000657303,0.03095015,-0.7974657,73.94916,352.0277,349.5486,0.0,DB
2025-06-04 15:58:18.489,379,-0.6176667,0.0006409521,0.02968151,-0.7858794,76.11636,350.9668,348.5961,0.0,DB
2025-06-04 15:58:18.534,380,-0.6381663,-0.0002717304,0.02978304,-0.7693223,79.09045,348.5424,346.0958,0.0,DB
2025-06-04 15:58:18.567,381,-0.6513389,-0.001058878,0.03078708,-0.7581615,81.00615,345.7427,343.1541,0.0,DB
2025-06-04 15:58:18.601,382,-0.6584716,7.037616e-05,0.03014545,-0.7520017,82.02927,343.318,340.8749,0.0,DB
2025-06-04 15:58:18.652,383,-0.6795979,-0.0006279447,0.03019812,-0.7329628,85.05498,332.2588,329.7585,0.0,DB
2025-06-04 15:58:18.667,384,-0.6952872,-0.004240274,0.03099811,-0.7180509,87.15311,311.8171,308.9606,0.0,DB
2025-06-04 15:58:18.700,385,-0.7082782,-0.003409538,0.0289462,-0.7053317,87.91718,264.7293,262.107,0.0,DB
2025-06-04 15:58:18.747,386,-0.7107579,-0.004616591,0.02869756,-0.7028361,87.94576,253.1407,250.4406,0.0,DB
2025-06-04 15:58:18.778,387,-0.7227092,-0.00482312,0.02945161,-0.6905077,86.71467,218.799,216.0203,0.0,DB
2025-06-04 15:58:18.811,388,-0.7208682,-0.005275605,0.0301507,-0.6923961,86.93612,222.5786,219.7067,0.0,DB
2025-06-04 15:58:18.867,389,-0.7169879,-0.00504312,0.03132391,-0.6963633,87.29282,233.3499,230.402,0.0,DB
2025-06-04 15:58:18.890,390,-0.717258,-0.004566316,0.0310542,-0.6961004,87.25284,232.8271,229.9397,0.0,DB
2025-06-04 15:58:18.922,391,-0.7123086,-0.006436191,0.03041347,-0.7011777,87.8579,246.5913,243.6045,0.0,DB
2025-06-04 15:58:18.957,392,-0.7010829,-0.007887739,0.02860332,-0.7124624,88.0848,300.2596,297.3021,0.0,DB
2025-06-04 15:58:19.008,393,-0.6922919,-0.009268067,0.02697358,-0.7210539,87.26312,329.8529,326.9152,0.0,DB
2025-06-04 15:58:19.022,394,-0.6867725,-0.01155902,0.02638746,-0.7263015,86.57863,340.9758,337.8993,0.0,DB
2025-06-04 15:58:19.056,395,-0.6847888,-0.01346291,0.02577494,-0.7281614,86.34623,345.7433,342.5618,0.0,DB
2025-06-04 15:58:19.111,396,-0.6836633,-0.01358356,0.02567021,-0.7292197,86.18033,346.7325,343.5497,0.0,DB
2025-06-04 15:58:19.134,397,-0.6769078,-0.01188268,0.02630699,-0.7355018,85.10908,347.7191,344.6215,0.0,DB
2025-06-04 15:58:19.167,398,-0.6681787,-0.01098878,0.02647655,-0.7434487,83.77009,349.8932,346.8526,0.0,DB
2025-06-04 15:58:19.201,399,-0.6626583,-0.01023682,0.02667742,-0.7483768,82.92335,350.6413,347.6441,0.0,DB
2025-06-04 15:58:19.234,400,-0.6578172,-0.009056332,0.02672681,-0.752649,82.17763,350.8981,347.9916,0.0,DB
2025-06-04 15:58:19.267,401,-0.6550378,-0.007392496,0.02722128,-0.7550696,81.72968,350.194,347.3817,0.0,DB
2025-06-04 15:58:19.301,402,-0.6501015,-0.005475643,0.02790462,-0.7593152,80.95656,349.7514,347.0379,0.0,DB
2025-06-04 15:58:19.334,403,-0.6414006,-0.003842735,0.0288773,-0.7666529,79.6361,350.0283,347.3659,0.0,DB
2025-06-04 15:58:19.367,404,-0.6307778,-0.002800036,0.03024181,-0.775369,78.0532,350.5998,347.9076,0.0,DB
2025-06-04 15:58:19.423,405,-0.617476,-0.002467279,0.03213476,-0.7859294,76.10641,351.4241,348.5993,0.0,DB
2025-06-04 15:58:19.445,406,-0.6070654,-0.0008931425,0.03242875,-0.7939895,74.59341,351.7863,349.0615,0.0,DB
2025-06-04 15:58:19.479,407,-0.6002437,-0.0005592023,0.03312971,-0.7991306,73.61404,352.0786,349.3205,0.0,DB
2025-06-04 15:58:19.512,408,-0.5924162,9.810521e-05,0.03291442,-0.8049595,72.50354,352.5166,349.826,0.0,DB
2025-06-04 15:58:19.545,409,-0.5845711,-7.435828e-05,0.03304863,-0.8106693,71.40431,353.0624,350.3425,0.0,DB
2025-06-04 15:58:19.578,410,-0.5823272,-0.0009758243,0.0329208,-0.8122872,71.10223,353.4837,350.699,0.0,DB
2025-06-04 15:58:19.612,411,-0.578037,-0.002108014,0.03336838,-0.8153254,70.51297,353.9536,351.0366,0.0,DB
2025-06-04 15:58:19.644,412,-0.57419,-0.002452189,0.03303666,-0.8180517,69.98382,354.3116,351.3913,0.0,DB
2025-06-04 15:58:19.702,413,-0.5710592,-0.00304574,0.03250004,-0.8202598,69.55888,354.7227,351.7957,0.0,DB
2025-06-04 15:58:19.722,414,-0.5640778,-0.002878922,0.0320049,-0.8250963,68.59455,355.0714,352.1945,0.0,DB
2025-06-04 15:58:19.757,415,-0.5602472,-0.00276275,0.03217787,-0.8276957,68.06467,355.1657,352.2815,0.0,DB
2025-06-04 15:58:19.789,416,-0.5500913,-0.00201705,0.03202654,-0.8344878,66.66697,355.3849,352.568,0.0,DB
2025-06-04 15:58:19.823,417,-0.5333999,-0.0008665271,0.03225802,-0.8452474,64.39114,355.6282,352.8754,0.0,DB
2025-06-04 15:58:19.877,418,-0.5283052,-0.0003322,0.03285114,-0.8484188,63.69785,355.5802,352.8187,0.0,DB
2025-06-04 15:58:19.912,419,-0.5199743,0.0002139397,0.0334602,-0.8535265,62.57431,355.6218,352.8486,0.0,DB
2025-06-04 15:58:19.934,420,-0.5079386,0.001203935,0.03390383,-0.860725,60.96332,355.6855,352.9482,0.0,DB
2025-06-04 15:58:19.967,421,-0.4996477,0.002184445,0.03379596,-0.8655665,59.8609,355.7107,353.0578,0.0,DB
2025-06-04 15:58:20.000,422,-0.4958543,0.002505065,0.03392138,-0.8677394,59.35869,355.7255,353.0858,0.0,DB
2025-06-04 15:58:20.034,423,-0.4841868,0.003414222,0.03343426,-0.8743191,57.82645,355.8702,353.3384,0.0,DB
2025-06-04 15:58:20.067,424,-0.4709629,0.003945849,0.03311197,-0.8815226,56.10569,356.0777,353.607,0.0,DB
2025-06-04 15:58:20.100,425,-0.4583921,0.004185391,0.03308816,-0.8881242,54.4828,356.2724,353.8131,0.0,DB
2025-06-04 15:58:20.147,426,-0.4285922,0.005754223,0.03271277,-0.9028874,50.67506,356.5232,354.2033,0.0,DB
2025-06-04 15:58:20.181,427,-0.3976389,0.006776146,0.03337239,-0.91691,46.78133,356.7379,354.4198,0.0,DB
2025-06-04 15:58:20.215,428,-0.3710083,0.007476274,0.03336995,-0.9279999,43.47929,356.9478,354.6638,0.0,DB
2025-06-04 15:58:20.248,429,-0.330819,0.009006491,0.03308927,-0.943071,38.56306,357.1498,354.9837,0.0,DB
2025-06-04 15:58:20.292,430,-0.3001479,0.009711228,0.03185401,-0.9533113,34.86536,357.3708,355.3467,0.0,DB
2025-06-04 15:58:20.326,431,-0.2529113,0.01154521,0.0313535,-0.9669125,29.23299,357.492,355.6313,0.0,DB
2025-06-04 15:58:20.360,432,-0.2369641,0.01260869,0.03156203,-0.9709238,27.34532,357.455,355.657,0.0,DB
2025-06-04 15:58:20.418,433,-0.2006998,0.01476944,0.03111972,-0.9790471,23.08335,357.4199,355.8319,0.0,DB
2025-06-04 15:58:20.437,434,-0.1556651,0.0165595,0.03058905,-0.9871974,17.83827,357.4581,356.0515,0.0,DB
2025-06-04 15:58:20.494,435,-0.116988,0.01840899,0.03013594,-0.9925054,13.36261,357.4319,356.2208,0.0,DB
2025-06-04 15:58:20.515,436,-0.08720417,0.01973101,0.02995568,-0.9955446,9.93025,357.4101,356.328,0.0,DB
2025-06-04 15:58:20.549,437,-0.05638115,0.02095881,0.02920363,-0.9977622,6.389441,357.3979,356.5017,0.0,DB
2025-06-04 15:58:20.604,438,-0.03356132,0.02234658,0.02837311,-0.9987841,3.771234,357.3265,356.6576,0.0,DB
2025-06-04 15:58:20.626,439,-0.006934673,0.02376533,0.02792781,-0.9993034,0.7180642,357.2551,356.7811,0.0,DB
2025-06-04 15:58:20.660,440,0.001211196,0.02455172,0.02750598,-0.9993195,359.7839,357.1912,356.852,0.0,DB
2025-06-04 15:58:20.693,441,0.03190771,0.02577161,0.02711307,-0.9987907,356.2654,357.1422,356.9833,0.0,DB
2025-06-04 15:58:20.749,442,0.04614394,0.02689107,0.02635451,-0.9982252,354.6326,357.0491,357.1137,0.0,DB
2025-06-04 15:58:20.771,443,0.06607932,0.02843542,0.02456111,-0.9971067,352.347,356.9079,357.3848,0.0,DB
2025-06-04 15:58:20.805,444,0.07821576,0.0296388,0.02362283,-0.9962158,350.9533,356.7866,357.5375,0.0,DB
2025-06-04 15:58:20.838,445,0.08384599,0.03043014,0.02237466,-0.9957628,350.3085,356.6937,357.7059,0.0,DB
2025-06-04 15:58:20.895,446,0.09924027,0.03130748,0.02147244,-0.9943392,348.539,356.6073,357.8664,0.0,DB
2025-06-04 15:58:20.916,447,0.1144388,0.03223962,0.02076315,-0.99269,346.7887,356.5104,358.0078,0.0,DB
2025-06-04 15:58:20.967,448,0.1251933,0.03371453,0.02077333,-0.9913419,345.545,356.3501,358.0621,0.0,DB
2025-06-04 15:58:20.994,449,0.1507913,0.03677281,0.02004681,-0.9876782,342.582,355.9979,358.2878,0.0,DB
2025-06-04 15:58:21.027,450,0.1986871,0.04273477,0.01921618,-0.9789423,337.0051,355.2621,358.7151,0.0,DB
2025-06-04 15:58:21.061,451,0.212885,0.04412537,0.01911103,-0.9758934,335.3425,355.0774,358.8328,0.0,DB
2025-06-04 15:58:21.092,452,0.2587656,0.04864543,0.01757152,-0.9645546,329.9407,354.3807,359.4226,0.0,DB
2025-06-04 15:58:21.136,453,0.3011719,0.0518883,0.01465184,-0.9520444,324.9019,353.6864,0.235033,0.0,DB
2025-06-04 15:58:21.181,454,0.3317192,0.05464496,0.01228007,-0.9417143,321.2362,353.0187,0.9644812,0.0,DB
2025-06-04 15:58:21.202,455,0.3737308,0.05827999,0.009301532,-0.9256579,316.1337,351.9515,2.093905,0.0,DB
2025-06-04 15:58:21.235,456,0.3910729,0.06019303,0.007887742,-0.9183555,314.0085,351.3586,2.688799,0.0,DB
2025-06-04 15:58:21.278,457,0.4312011,0.06388229,0.003432943,-0.8999851,309.0508,349.7574,4.452842,0.0,DB
2025-06-04 15:58:21.320,458,0.4678527,0.06576952,-0.0001709163,-0.881356,304.4453,348.1559,6.277007,0.0,DB
2025-06-04 15:58:21.341,459,0.4836031,0.06630553,-0.0025251,-0.8727689,302.4551,347.2778,7.337784,0.0,DB
2025-06-04 15:58:21.363,460,0.5165389,0.06729966,-0.005840823,-0.853595,298.2315,345.1884,9.67491,0.0,DB
2025-06-04 15:58:21.410,461,0.5322978,0.06767129,-0.008240204,-0.843808,296.2077,343.8317,11.22245,0.0,DB
2025-06-04 15:58:21.430,462,0.5851381,0.06761685,-0.01397372,-0.807989,289.3209,337.6861,17.90367,0.0,DB
2025-06-04 15:58:21.464,463,0.5960865,0.06738724,-0.01541928,-0.7999389,287.9013,335.7607,19.97551,0.0,DB
2025-06-04 15:58:21.486,464,0.6064682,0.06735791,-0.01640073,-0.7920798,286.5578,333.6257,22.20095,0.0,DB
2025-06-04 15:58:21.531,465,0.6162821,0.06712523,-0.01760126,-0.7844624,285.3044,331.2369,24.71335,0.0,DB
2025-06-04 15:58:21.551,466,0.6697272,0.06506009,-0.02196466,-0.7394258,279.0436,306.9397,49.55689,0.0,DB
2025-06-04 15:58:21.597,467,0.682539,0.06468359,-0.02254669,-0.7276321,277.9632,295.6248,60.95209,0.0,DB
2025-06-04 15:58:21.619,468,0.7072455,0.0632561,-0.02424685,-0.703715,277.1005,266.1058,90.72684,0.0,DB
2025-06-04 15:58:21.667,469,0.7244488,0.06109899,-0.02416627,-0.6861904,277.5779,244.3345,112.666,0.0,DB
2025-06-04 15:58:21.686,470,0.7409724,0.06026305,-0.02477081,-0.6683673,279.0695,228.0654,129.0493,0.0,DB
2025-06-04 15:58:21.708,471,0.7509375,0.06093955,-0.02607522,-0.6570385,280.3873,221.4023,135.7607,0.0,DB
2025-06-04 15:58:21.752,472,0.7766466,0.05203066,-0.02189797,-0.6274021,283.5268,205.1222,152.4189,0.0,DB
2025-06-04 15:58:21.794,473,0.7982374,0.04889027,-0.02047212,-0.6000067,287.0804,198.121,159.5504,0.0,DB
2025-06-04 15:58:21.819,474,0.8094338,0.05996667,-0.02983267,-0.5833792,289.8077,200.4259,157.0953,0.0,DB
2025-06-04 15:58:21.858,475,0.832158,0.05496479,-0.02861209,-0.551066,293.9355,195.4673,162.3498,0.0,DB
2025-06-04 15:58:21.889,476,0.8414229,0.054982,-0.02995973,-0.5367373,295.8483,194.5375,163.3822,0.0,DB
2025-06-04 15:58:21.908,477,0.8572385,0.05425943,-0.03005461,-0.5111703,299.1758,192.6791,165.2942,0.0,DB
2025-06-04 15:58:21.930,478,0.8740531,0.05368401,-0.03156202,-0.4818228,302.9771,191.3271,166.8035,0.0,DB
2025-06-04 15:58:21.975,479,0.8791203,0.05281937,-0.03327601,-0.4724939,304.1835,191.1263,167.2169,0.0,DB
2025-06-04 15:58:21.997,480,0.8910971,0.05156863,-0.0349806,-0.4495144,307.1067,190.3804,168.2018,0.0,DB
2025-06-04 15:58:22.043,481,0.9032525,0.04964185,-0.03744712,-0.4245802,310.2451,189.7853,169.1623,0.0,DB
2025-06-04 15:58:22.069,482,0.9165182,0.04845746,-0.03898788,-0.3951283,313.9037,189.1071,170.0656,0.0,DB
2025-06-04 15:58:22.103,483,0.9289898,0.04762566,-0.04083285,-0.3647504,317.6382,188.6092,170.7892,0.0,DB
2025-06-04 15:58:22.135,484,0.9331198,0.04778567,-0.04163977,-0.3539353,318.9628,188.5035,170.9493,0.0,DB
2025-06-04 15:58:22.170,485,0.9441439,0.04650341,-0.0428679,-0.3234076,322.6488,188.0286,171.6427,0.0,DB
2025-06-04 15:58:22.201,486,0.9550834,0.04490014,-0.04477694,-0.2894734,326.7069,187.6675,172.3211,0.0,DB
2025-06-04 15:58:22.246,487,0.9568612,0.04366876,-0.04492795,-0.2837102,327.3831,187.556,172.5603,0.0,DB
2025-06-04 15:58:22.268,488,0.964577,0.04151079,-0.04627103,-0.2563732,330.6107,187.2892,173.1576,0.0,DB
2025-06-04 15:58:22.312,489,0.9715829,0.03984511,-0.04714943,-0.2285085,333.8787,187.0262,173.6713,0.0,DB
2025-06-04 15:58:22.346,490,0.9784374,0.03891208,-0.04855362,-0.196949,337.5656,186.856,174.0839,0.0,DB
2025-06-04 15:58:22.390,491,0.9805207,0.03919885,-0.04914784,-0.1860846,338.8343,186.8342,174.143,0.0,DB
2025-06-04 15:58:22.412,492,0.9866045,0.03719056,-0.05115231,-0.1503732,342.9676,186.7341,174.673,0.0,DB
2025-06-04 15:58:22.457,493,0.9894999,0.03575354,-0.05238562,-0.1298754,345.3285,186.7055,174.9971,0.0,DB
2025-06-04 15:58:22.502,494,0.9918618,0.03492245,-0.05400727,-0.1098822,347.6312,186.75,175.2347,0.0,DB
2025-06-04 15:58:22.523,495,0.9946302,0.03358556,-0.05572102,-0.08048623,351.004,186.7592,175.5997,0.0,DB
2025-06-04 15:58:22.568,496,0.9956774,0.03286292,-0.0565877,-0.06591463,352.6725,186.7757,175.7849,0.0,DB
2025-06-04 15:58:22.613,497,0.9968016,0.03190099,-0.05786316,-0.04495685,355.0703,186.815,176.0402,0.0,DB
2025-06-04 15:58:22.646,498,0.9976771,0.03027304,-0.05997619,-0.01127375,358.9191,186.9139,176.4587,0.0,DB
2025-06-04 15:58:22.691,499,0.9977478,0.02957853,-0.06014597,-0.002653271,359.9005,186.9024,176.5979,0.0,DB
2025-06-04 15:58:22.711,500,0.9971518,0.0280898,-0.06183325,0.03280511,3.950642,186.9937,177.0143,0.0,DB
2025-06-04 15:58:22.768,501,0.9969289,0.02801259,-0.06234606,0.03822564,4.571864,187.0397,177.0623,0.0,DB
2025-06-04 15:58:22.790,502,0.9947435,0.02691088,-0.06452666,0.07481848,8.761589,187.2279,177.4552,0.0,DB
2025-06-04 15:58:22.852,503,0.9940522,0.02702786,-0.06552449,0.0826823,9.667079,187.3316,177.5059,0.0,DB
2025-06-04 15:58:22.889,504,0.9915161,0.02585826,-0.0674108,0.1080898,12.58172,187.5412,177.8447,0.0,DB
2025-06-04 15:58:22.912,505,0.9893041,0.02397289,-0.06799255,0.1268064,14.72383,187.6321,178.2113,0.0,DB
2025-06-04 15:58:22.966,506,0.9851284,0.02208338,-0.06814201,0.1561769,18.10251,187.7003,178.6601,0.0,DB
2025-06-04 15:58:22.978,507,0.9821832,0.02146396,-0.06806231,0.1738481,20.14658,187.7276,178.871,0.0,DB
2025-06-04 15:58:23.024,508,0.9805723,0.02099044,-0.06823704,0.1827057,21.17249,187.7751,179.0027,0.0,DB
2025-06-04 15:58:23.068,509,0.9744623,0.01990202,-0.06800212,0.2130798,24.70732,187.8483,179.3814,0.0,DB
2025-06-04 15:58:23.100,510,0.9680191,0.01892507,-0.06762591,0.2408483,27.95974,187.9268,179.7363,0.0,DB
2025-06-04 15:58:23.146,511,0.963972,0.01801446,-0.06739121,0.2566949,29.82293,187.9957,179.9912,0.0,DB
2025-06-04 15:58:23.167,512,0.9584281,0.01636945,-0.06765414,0.2767144,32.18375,188.1939,180.4105,0.0,DB
2025-06-04 15:58:23.212,513,0.9544886,0.01546339,-0.06852178,0.2898574,33.74173,188.4256,180.7031,0.0,DB
2025-06-04 15:58:23.257,514,0.9443712,0.01305084,-0.06935067,0.3212219,37.48224,188.8877,181.4373,0.0,DB
2025-06-04 15:58:23.301,515,0.9375491,0.01186965,-0.06974718,0.3405823,39.81277,189.1914,181.8839,0.0,DB
2025-06-04 15:58:23.322,516,0.9289243,0.009646406,-0.06965187,0.3635319,42.5887,189.5691,182.5472,0.0,DB
2025-06-04 15:58:23.368,517,0.926056,0.009442727,-0.06949293,0.3708126,43.4798,189.6557,182.6895,0.0,DB
2025-06-04 15:58:23.423,518,0.9187994,0.006996495,-0.06896713,0.3885903,45.64633,189.9918,183.3411,0.0,DB
2025-06-04 15:58:23.445,519,0.904669,0.004309507,-0.06867478,0.4205229,49.59305,190.7252,184.4205,0.0,DB
2025-06-04 15:58:23.489,520,0.9004113,0.00391311,-0.06911185,0.4294972,50.71349,191.0255,184.7396,0.0,DB
2025-06-04 15:58:23.520,521,0.884906,0.001041776,-0.06876814,0.4606642,54.63012,192.0401,186.1003,0.0,DB
2025-06-04 15:58:23.565,522,0.879671,5.707145e-05,-0.06809863,0.4706823,55.90392,192.3349,186.5561,0.0,DB
2025-06-04 15:58:23.586,523,0.8699318,-0.001577653,-0.06751423,0.4885265,58.18519,193.0466,187.489,0.0,DB
2025-06-04 15:58:23.632,524,0.8618498,-0.003329374,-0.06712993,0.5026904,60.00168,193.7762,188.4223,0.0,DB
2025-06-04 15:58:23.652,525,0.8482783,-0.005211663,-0.06701466,0.5252677,62.92955,195.1805,190.0279,0.0,DB
2025-06-04 15:58:23.698,526,0.8404614,-0.006818167,-0.06675068,0.5377014,64.54513,196.1479,191.1678,0.0,DB
2025-06-04 15:58:23.743,527,0.8264244,-0.009406443,-0.06616469,0.5590677,67.34031,198.1294,193.4376,0.0,DB
2025-06-04 15:58:23.764,528,0.8163742,-0.01131434,-0.06561773,0.5736722,69.25681,199.8248,195.3505,0.0,DB
2025-06-04 15:58:23.821,529,0.8059622,-0.01374921,-0.06520174,0.5882047,71.1466,202.0424,197.8152,0.0,DB
2025-06-04 15:58:23.830,530,0.7866142,-0.0161585,-0.06472589,0.6138303,74.49422,207.0717,203.0992,0.0,DB
2025-06-04 15:58:23.891,531,0.7781219,-0.01720922,-0.06488189,0.6245164,75.85172,210.0679,206.1747,0.0,DB
2025-06-04 15:58:23.925,532,0.7608806,-0.01868871,-0.06438035,0.6454198,78.45512,217.5943,213.8725,0.0,DB
2025-06-04 15:58:23.942,533,0.7498492,-0.0197815,-0.06333134,0.6582737,79.96656,223.998,220.455,0.0,DB
2025-06-04 15:58:23.988,534,0.7407841,-0.02055165,-0.06249647,0.668514,81.07053,230.6744,227.2648,0.0,DB
2025-06-04 15:58:24.008,535,0.7129835,-0.02292955,-0.06124021,0.6981251,83.07024,261.5439,258.4336,0.0,DB
2025-06-04 15:58:24.054,536,0.7002397,-0.02367104,-0.0606724,0.7109311,83.10696,278.7263,275.7223,0.0,DB
2025-06-04 15:58:24.075,537,0.6867253,-0.02451481,-0.0604019,0.7239883,82.48063,295.15,292.2355,0.0,DB
2025-06-04 15:58:24.121,538,0.6809335,-0.02511574,-0.06043838,0.7294149,82.02558,300.9738,298.1045,0.0,DB
2025-06-04 15:58:24.153,539,0.6553259,-0.02742163,-0.06049319,0.7524206,79.37144,319.1864,316.4948,0.0,DB
2025-06-04 15:58:24.186,540,0.6370336,-0.02821894,-0.05950315,0.7680178,77.19962,327.4647,324.9137,0.0,DB
2025-06-04 15:58:24.231,541,0.6304318,-0.02902302,-0.05946934,0.773419,76.34231,329.4897,327.0049,0.0,DB
2025-06-04 15:58:24.253,542,0.5931182,-0.02333743,-0.0474189,0.803379,71.94952,342.3889,340.4131,0.0,DB
2025-06-04 15:58:24.298,543,0.5801762,-0.03327168,-0.05964188,0.8116229,69.68526,339.2126,337.0417,0.0,DB
2025-06-04 15:58:24.320,544,0.5569013,-0.03626318,-0.06053231,0.827576,66.54398,341.3268,339.3183,0.0,DB
2025-06-04 15:58:24.365,545,0.5495999,-0.03743793,-0.06105996,0.8323522,65.55367,341.7733,339.8147,0.0,DB
2025-06-04 15:58:24.397,546,0.5300635,-0.03946425,-0.06112803,0.8448306,62.9743,343.1801,341.3746,0.0,DB
2025-06-04 15:58:24.431,547,0.5020333,-0.042094,-0.06097491,0.8616686,59.321,344.8013,343.2148,0.0,DB
2025-06-04 15:58:24.476,548,0.4768727,-0.04516374,-0.06093991,0.8756936,56.06628,345.7702,344.4337,0.0,DB
2025-06-04 15:58:24.498,549,0.4530497,-0.04668149,-0.06113411,0.8881609,53.03988,346.7004,345.4657,0.0,DB
2025-06-04 15:58:24.544,550,0.436243,-0.04831481,-0.06063242,0.8964829,50.92393,347.2117,346.1526,0.0,DB
2025-06-04 15:58:24.592,551,0.4108519,-0.05046523,-0.0591291,0.9083821,47.77001,347.9537,347.2012,0.0,DB
2025-06-04 15:58:24.611,552,0.3715261,-0.0535923,-0.05644972,0.925154,42.95212,348.8844,348.6318,0.0,DB
2025-06-04 15:58:24.656,553,0.3415321,-0.05623014,-0.05439539,0.9366084,39.31966,349.3866,349.5511,0.0,DB
2025-06-04 15:58:24.690,554,0.3161003,-0.05773397,-0.05342793,0.9454592,36.26712,349.7878,350.1789,0.0,DB
2025-06-04 15:58:24.734,555,0.2778332,-0.05925566,-0.05067009,0.9574602,31.73717,350.4141,351.2105,0.0,DB
2025-06-04 15:58:24.768,556,0.2429167,-0.06047235,-0.04719757,0.9670094,27.6518,350.9137,352.1709,0.0,DB
2025-06-04 15:58:24.813,557,0.2088887,-0.06093986,-0.04408831,0.9750426,23.70185,351.3788,353.0097,0.0,DB
2025-06-04 15:58:24.846,558,0.1834342,-0.06095555,-0.04160509,0.9802579,20.76608,351.713,353.6183,0.0,DB
2025-06-04 15:58:24.899,559,0.1703277,-0.06093951,-0.04060632,0.9826629,19.25665,351.8644,353.885,0.0,DB
2025-06-04 15:58:24.937,560,0.1129835,-0.06043661,-0.03552228,0.9911208,12.68947,352.471,355.0564,0.0,DB
2025-06-04 15:58:24.957,561,0.08854288,-0.05956383,-0.03367737,0.9937195,9.901893,352.7486,355.489,0.0,DB
2025-06-04 15:58:25.001,562,0.06943902,-0.05864507,-0.03199008,0.9953471,7.728535,352.9753,355.8433,0.0,DB
2025-06-04 15:58:25.035,563,0.03029275,-0.05663474,-0.02902696,0.9975132,3.276064,353.4002,356.4774,0.0,DB
2025-06-04 15:58:25.069,564,-0.006775975,-0.05433728,-0.02664026,0.9981443,359.0591,353.7927,356.9933,0.0,DB
2025-06-04 15:58:25.102,565,-0.03759576,-0.05209168,-0.02466034,0.9976298,355.5504,354.1231,357.3965,0.0,DB
2025-06-04 15:58:25.147,566,-0.0548,-0.05070392,-0.02354938,0.9969312,353.5894,354.3106,357.6125,0.0,DB
2025-06-04 15:58:25.180,567,-0.08383229,-0.04847755,-0.02131263,0.9950719,350.2758,354.5914,358.0064,0.0,DB
2025-06-04 15:58:25.225,568,-0.123516,-0.04615426,-0.0171798,0.9911198,345.734,354.8352,358.6607,0.0,DB
2025-06-04 15:58:25.247,569,-0.1496561,-0.04818973,-0.007520962,0.9875345,342.7641,354.4165,359.9742,0.0,DB
2025-06-04 15:58:25.291,570,-0.1551895,-0.04995406,-0.002298436,0.9866184,342.1543,354.0993,0.6602792,0.0,DB
2025-06-04 15:58:25.325,571,-0.1950348,-0.05746783,0.01622708,0.978977,337.6661,352.6178,3.358476,0.0,DB
2025-06-04 15:58:25.370,572,-0.1984601,-0.0610033,0.02321177,0.9779333,337.3358,351.9937,4.326385,0.0,DB
2025-06-04 15:58:25.392,573,-0.2291364,-0.0694011,0.04262058,0.9699813,333.9854,350.1222,7.319041,0.0,DB
2025-06-04 15:58:25.436,574,-0.2272894,-0.07305095,0.05283862,0.969645,334.3381,349.4078,8.657277,0.0,DB
2025-06-04 15:58:25.470,575,-0.2453396,-0.08079877,0.0694363,0.9635658,332.5108,347.647,11.276,0.0,DB
2025-06-04 15:58:25.516,576,-0.2605088,-0.09069689,0.08736063,0.957224,331.1261,345.507,14.17909,0.0,DB
2025-06-04 15:58:25.536,577,-0.2708723,-0.09789726,0.1006429,0.9523212,330.2505,343.8851,16.37209,0.0,DB
2025-06-04 15:58:25.582,578,-0.2743703,-0.1055985,0.1142528,0.9489554,330.2247,342.3542,18.45642,0.0,DB
2025-06-04 15:58:25.607,579,-0.2813462,-0.1119921,0.1268298,0.9445722,329.795,340.8899,20.49694,0.0,DB
2025-06-04 15:58:25.648,580,-0.2769197,-0.117635,0.1385194,0.9435519,330.6603,339.961,21.99968,0.0,DB
2025-06-04 15:58:25.694,581,-0.2891307,-0.1280967,0.1634639,0.9344915,330.0991,337.3431,25.96806,0.0,DB
2025-06-04 15:58:25.725,582,-0.3012176,-0.1389372,0.1889335,0.9242666,329.7144,334.5813,30.09116,0.0,DB
2025-06-04 15:58:25.759,583,-0.3067023,-0.1447696,0.204419,0.9182529,329.7301,333.062,32.51371,0.0,DB
2025-06-04 15:58:25.792,584,-0.3143378,-0.1519121,0.2228829,0.9101856,329.7022,331.1467,35.48739,0.0,DB
2025-06-04 15:58:25.820,585,-0.3288774,-0.1631209,0.2460326,0.8970503,329.3513,328.1107,39.6276,0.0,DB
2025-06-04 15:58:25.870,586,-0.3308016,-0.168268,0.2570173,0.8922995,329.7448,327.0094,41.29089,0.0,DB
2025-06-04 15:58:25.902,587,-0.3484433,-0.1822515,0.2799243,0.8757934,329.4496,323.3298,45.79325,0.0,DB
2025-06-04 15:58:25.947,588,-0.3569993,-0.1905835,0.2938574,0.8659546,329.5835,321.2406,48.41335,0.0,DB
2025-06-04 15:58:25.969,589,-0.371076,-0.2028931,0.3163272,0.8491609,329.8778,317.9491,52.6729,0.0,DB
2025-06-04 15:58:26.014,590,-0.3803906,-0.2121667,0.3314815,0.8369041,330.2615,315.619,55.57712,0.0,DB
2025-06-04 15:58:26.036,591,-0.4014447,-0.2291723,0.3529863,0.8134636,330.5718,311.1077,60.53035,0.0,DB
2025-06-04 15:58:26.082,592,-0.4084047,-0.235691,0.3588623,0.8055267,330.7382,309.534,62.05339,0.0,DB
2025-06-04 15:58:26.114,593,-0.4248636,-0.2448583,0.3746538,0.7868736,330.9775,306.4137,65.81419,0.0,DB
2025-06-04 15:58:26.159,594,-0.4405645,-0.2494669,0.3868462,0.7707264,330.9155,303.8939,69.04728,0.0,DB
2025-06-04 15:58:26.181,595,-0.4517767,-0.2527069,0.3975649,0.7576142,331.0786,302.0189,71.64156,0.0,DB
2025-06-04 15:58:26.235,596,-0.4579884,-0.2563908,0.4062875,0.747958,331.525,300.7183,73.45256,0.0,DB
2025-06-04 15:58:26.259,597,-0.4728969,-0.2549819,0.4286065,0.7263947,332.0665,298.5841,77.89114,0.0,DB
2025-06-04 15:58:26.291,598,-0.4831922,-0.2516872,0.4439366,0.7114066,332.3528,297.3055,80.97915,0.0,DB
2025-06-04 15:58:26.336,599,-0.4981231,-0.2434479,0.4673145,0.6886392,332.7083,295.6877,85.67744,0.0,DB
2025-06-04 15:58:26.358,600,-0.5121047,-0.2333093,0.4945505,0.6623713,333.4076,294.2051,90.87543,0.0,DB
2025-06-04 15:58:26.402,601,-0.5179584,-0.2297275,0.5051602,0.6509668,333.7525,293.5177,92.99971,0.0,DB
2025-06-04 15:58:26.436,602,-0.5307938,-0.2165607,0.5374197,0.6184979,334.9239,292.2336,98.96375,0.0,DB
2025-06-04 15:58:26.486,603,-0.5404936,-0.2044491,0.565623,0.588335,336.1277,291.2973,104.1873,0.0,DB
2025-06-04 15:58:26.502,604,-0.5498214,-0.1898097,0.5913632,0.5585324,337.0646,290.5542,109.2764,0.0,DB
2025-06-04 15:58:26.547,605,-0.5574877,-0.1782782,0.6114016,0.532553,337.9272,289.8617,113.4788,0.0,DB
2025-06-04 15:58:26.596,606,-0.5667935,-0.1615317,0.6346108,0.4999221,338.7963,289.1156,118.7181,0.0,DB
2025-06-04 15:58:26.615,607,-0.5808732,-0.1265559,0.6752307,0.4366162,340.3467,288.136,128.535,0.0,DB
2025-06-04 15:58:26.659,608,-0.5857272,-0.1164372,0.6858701,0.4158711,340.8858,287.6657,131.5728,0.0,DB
2025-06-04 15:58:26.703,609,-0.5969816,-0.08919176,0.7092112,0.364249,342.0379,286.5718,139.0744,0.0,DB
2025-06-04 15:58:26.725,610,-0.6040417,-0.07295822,0.7205597,0.3325731,342.7444,285.7748,143.5473,0.0,DB
2025-06-04 15:58:26.782,611,-0.6191545,-0.05708376,0.7216365,0.3043523,342.8728,283.7274,147.75,0.0,DB
2025-06-04 15:58:26.802,612,-0.6381506,-0.02099596,0.7343732,0.2302587,344.7494,281.0337,157.7709,0.0,DB
2025-06-04 15:58:26.857,613,-0.6504142,-0.00700197,0.7293894,0.2119052,344.607,279.1807,160.7269,0.0,DB
2025-06-04 15:58:26.880,614,-0.6601518,0.003619443,0.7291648,0.1802928,345.9174,277.6055,164.5649,0.0,DB
2025-06-04 15:58:26.929,615,-0.6726338,0.01447506,0.7266228,0.13919,347.9782,275.5568,169.2279,0.0,DB
2025-06-04 15:58:26.945,616,-0.6809927,0.01927014,0.7239109,0.1087703,349.8606,274.1802,172.3387,0.0,DB
2025-06-04 15:58:27.003,617,-0.6913593,0.02274365,0.7167313,0.08832575,351.0988,272.4951,174.4725,0.0,DB
2025-06-04 15:58:27.024,618,-0.6991526,0.02315174,0.7132829,0.04332604,354.6287,271.2258,178.3059,0.0,DB
2025-06-04 15:58:27.069,619,-0.7008671,0.01801362,0.7124532,0.02952007,356.1556,270.9718,179.0345,0.0,DB
2025-06-04 15:58:27.102,620,-0.7031779,0.01114456,0.7108328,-0.01155097,0.02297238,270.6207,181.8392,0.0,DB
2025-06-04 15:58:27.135,621,-0.7030303,0.00171862,0.7108539,-0.02079697,1.53562,270.6586,181.8335,0.0,DB
2025-06-04 15:58:27.179,622,-0.70097,-0.0129996,0.7116984,-0.04424673,4.619308,270.9741,182.5735,0.0,DB
2025-06-04 15:58:27.212,623,-0.6966531,-0.02030158,0.714733,-0.05847326,6.343654,271.6447,183.1896,0.0,DB
2025-06-04 15:58:27.257,624,-0.6894582,-0.02502844,0.7190278,-0.0837881,8.715548,272.7859,184.9901,0.0,DB
2025-06-04 15:58:27.290,625,-0.6841996,-0.02157008,0.7199788,-0.1141774,10.79527,273.6662,187.8931,0.0,DB
2025-06-04 15:58:27.324,626,-0.6829767,-0.01632837,0.7173316,-0.1367908,12.1385,273.9034,190.2488,0.0,DB
2025-06-04 15:58:27.368,627,-0.6861236,-0.009341084,0.7115169,-0.1512983,12.76257,273.4267,191.9825,0.0,DB
2025-06-04 15:58:27.402,628,-0.6810753,0.0002917796,0.703903,-0.2016359,15.91718,274.3101,197.1932,0.0,DB
2025-06-04 15:58:27.447,629,-0.6779492,0.008541059,0.7003419,-0.223234,16.90102,274.8337,199.8098,0.0,DB
2025-06-04 15:58:27.492,630,-0.6705601,0.01852501,0.6947319,-0.2595264,18.80305,276.0646,204.0276,0.0,DB
2025-06-04 15:58:27.536,631,-0.6605467,0.03477538,0.6880715,-0.2983732,20.26257,277.6534,209.1214,0.0,DB
2025-06-04 15:58:27.558,632,-0.6504946,0.05168218,0.6775904,-0.3392006,21.79321,279.1948,214.5742,0.0,DB
2025-06-04 15:58:27.615,633,-0.6423712,0.06035247,0.6771923,-0.3537338,21.88324,280.3951,216.8592,0.0,DB
2025-06-04 15:58:27.635,634,-0.6302431,0.08329225,0.6546075,-0.4090784,23.99081,282.113,224.5178,0.0,DB
2025-06-04 15:58:27.680,635,-0.6223564,0.09725698,0.6421295,-0.4369022,24.76608,283.1403,228.6986,0.0,DB
2025-06-04 15:58:27.726,636,-0.6133152,0.1124715,0.6301208,-0.4627553,25.20691,284.2288,232.8486,0.0,DB
2025-06-04 15:58:27.758,637,-0.6011516,0.1331365,0.6075081,-0.5018222,26.2047,285.6333,239.0898,0.0,DB
2025-06-04 15:58:27.802,638,-0.5914605,0.1492864,0.5869412,-0.5323423,27.0311,286.687,244.1311,0.0,DB
2025-06-04 15:58:27.835,639,-0.5818856,0.1622573,0.5670017,-0.559992,27.88523,287.7975,248.7633,0.0,DB
2025-06-04 15:58:27.881,640,-0.569961,0.1792599,0.5401379,-0.5926734,28.81292,289.0525,254.5641,0.0,DB
2025-06-04 15:58:27.925,641,-0.5632727,0.1853351,0.5286152,-0.6074051,29.23071,289.88,257.1944,0.0,DB
2025-06-04 15:58:27.972,642,-0.5531472,0.1929838,0.5110335,-0.6289917,29.90791,291.2074,261.0902,0.0,DB
2025-06-04 15:58:28.002,643,-0.5463741,0.1911099,0.5022749,-0.6423958,30.66366,292.5526,263.216,0.0,DB
2025-06-04 15:58:28.052,644,-0.5344262,0.1965048,0.4854292,-0.6634254,31.21999,294.2727,267.151,0.0,DB
2025-06-04 15:58:28.080,645,-0.5272017,0.1970198,0.4797227,-0.6731328,31.38081,295.4216,268.916,0.0,DB
2025-06-04 15:58:28.102,646,-0.513784,0.2025608,0.4608643,-0.6946938,31.81234,297.3182,273.1881,0.0,DB
2025-06-04 15:58:28.160,647,-0.50466,0.2038485,0.4582401,-0.7026949,31.49478,298.5505,274.754,0.0,DB
2025-06-04 15:58:28.179,648,-0.4857019,0.2068555,0.4344193,-0.7297839,31.95079,301.442,280.2336,0.0,DB
2025-06-04 15:58:28.236,649,-0.4792381,0.2084235,0.4176877,-0.7432548,32.56664,302.5777,283.1504,0.0,DB
2025-06-04 15:58:28.269,650,-0.460842,0.2059017,0.3900229,-0.7701373,33.31285,305.937,288.9233,0.0,DB
2025-06-04 15:58:28.313,651,-0.451069,0.2025593,0.3772155,-0.7830806,33.61637,307.8528,291.7429,0.0,DB
2025-06-04 15:58:28.358,652,-0.431211,0.190311,0.3578443,-0.8060934,33.98592,312.0792,296.6571,0.0,DB
2025-06-04 15:58:28.380,653,-0.417197,0.1787699,0.3445101,-0.821767,34.22895,315.3285,300.0897,0.0,DB
2025-06-04 15:58:28.438,654,-0.3987017,0.1646919,0.330243,-0.8395554,34.10335,319.3075,304.0773,0.0,DB
2025-06-04 15:58:28.470,655,-0.3705414,0.1458168,0.3063011,-0.8646481,33.4664,324.9436,310.138,0.0,DB
2025-06-04 15:58:28.525,656,-0.3471271,0.1235213,0.289487,-0.8834266,32.80674,330.081,314.7187,0.0,DB
2025-06-04 15:58:28.558,657,-0.333739,0.1091304,0.2842215,-0.8921476,32.23914,332.967,316.7101,0.0,DB
2025-06-04 15:58:28.604,658,-0.3128649,0.08712599,0.2740562,-0.9052171,31.24284,337.3523,319.9029,0.0,DB
2025-06-04 15:58:28.647,659,-0.2921089,0.06709886,0.2694558,-0.9151852,29.90127,341.1393,322.1093,0.0,DB
2025-06-04 15:58:28.680,660,-0.2763114,0.0550343,0.2671804,-0.9215412,28.67602,343.5066,323.4201,0.0,DB
2025-06-04 15:58:28.736,661,-0.252031,0.03477409,0.2685572,-0.9290578,26.71963,347.0623,324.6697,0.0,DB
2025-06-04 15:58:28.769,662,-0.228897,0.02664578,0.25419,-0.9392997,24.61127,349.4524,327.408,0.0,DB
2025-06-04 15:58:28.815,663,-0.2083332,0.01471089,0.2346324,-0.9493834,22.87194,352.1591,330.6475,0.0,DB
2025-06-04 15:58:28.846,664,-0.1946662,0.01033914,0.2166486,-0.9565886,21.5893,353.5702,333.2506,0.0,DB
2025-06-04 15:58:28.891,665,-0.1899047,0.006059401,0.2021973,-0.9607373,21.25052,354.5549,335.2076,0.0,DB
2025-06-04 15:58:28.947,666,-0.1601163,0.005526556,0.1752131,-0.9714077,18.00739,355.9694,338.912,0.0,DB
2025-06-04 15:58:28.980,667,-0.1382613,0.00568003,0.1645446,-0.976615,15.5564,356.6321,340.4126,0.0,DB
2025-06-04 15:58:29.013,668,-0.1169482,0.004156817,0.1606095,-0.9800566,13.17325,357.309,341.0757,0.0,DB
2025-06-04 15:58:29.070,669,-0.09772064,0.004445143,0.161206,-0.982061,10.98208,357.6509,341.1301,0.0,DB
2025-06-04 15:58:29.101,670,-0.05965774,0.001304547,0.1487871,-0.9870673,6.741162,358.8271,342.7869,0.0,DB
2025-06-04 15:58:29.146,671,-0.0535865,-0.000319147,0.1482176,-0.987502,6.080643,359.121,342.8813,0.0,DB
2025-06-04 15:58:29.195,672,-0.03490603,0.0007955031,0.1406365,-0.9894457,3.948021,359.3457,343.7982,0.0,DB
2025-06-04 15:58:29.224,673,0.006699743,0.004200129,0.1289255,-0.9916229,359.1766,359.6217,345.1872,0.0,DB
2025-06-04 15:58:29.281,674,0.02143067,0.01096278,0.1247032,-0.9919022,357.4066,359.0592,345.6899,0.0,DB
2025-06-04 15:58:29.312,675,0.06846609,0.01871183,0.1236104,-0.9897894,351.9429,358.8359,345.8449,0.0,DB
2025-06-04 15:58:29.358,676,0.09902447,0.02439924,0.1246424,-0.9869465,348.3726,358.6266,345.7442,0.0,DB
2025-06-04 15:58:29.391,677,0.1315105,0.02891386,0.1216829,-0.9833934,344.592,358.5222,346.0923,0.0,DB
2025-06-04 15:58:29.435,678,0.1527098,0.02965529,0.117487,-0.9808146,342.1499,358.6582,346.5495,0.0,DB
2025-06-04 15:58:29.492,679,0.1812764,0.03168824,0.1078074,-0.9769917,338.8357,358.597,347.6683,0.0,DB
2025-06-04 15:58:29.523,680,0.2143614,0.03440351,0.1017277,-0.9708334,334.9621,358.5335,348.3619,0.0,DB
2025-06-04 15:58:29.557,681,0.2320369,0.03540612,0.09681805,-0.9672289,332.8886,358.4832,348.9334,0.0,DB
2025-06-04 15:58:29.612,682,0.2517166,0.03428871,0.08658444,-0.9633101,330.6003,358.522,350.1156,0.0,DB
2025-06-04 15:58:29.645,683,0.2822078,0.03356154,0.07747158,-0.9556311,327.0045,358.605,351.1437,0.0,DB
2025-06-04 15:58:29.679,684,0.29544,0.03230886,0.07069834,-0.952194,325.4448,358.6256,351.9349,0.0,DB
2025-06-04 15:58:29.723,685,0.3088347,0.03079627,0.06275808,-0.9485433,323.8606,358.6051,352.8845,0.0,DB
2025-06-04 15:58:29.767,686,0.3266357,0.02988686,0.0565056,-0.9429864,321.7274,358.5802,353.6343,0.0,DB
2025-06-04 15:58:29.800,687,0.3397776,0.02883416,0.05543141,-0.9384281,320.1403,358.7722,353.6843,0.0,DB
2025-06-04 15:58:29.856,688,0.3605711,0.02857915,0.05969588,-0.9303808,317.5964,359.214,352.9625,0.0,DB
2025-06-04 15:58:29.878,689,0.383015,0.0304193,0.06159063,-0.9211845,314.8137,359.2794,352.6496,0.0,DB
2025-06-04 15:58:29.935,690,0.392213,0.03055789,0.07243855,-0.9165087,313.6674,0.06717647,350.933,0.0,DB
2025-06-04 15:58:29.966,691,0.4267929,0.03050431,0.07874221,-0.9003984,309.3424,1.110023,349.4787,0.0,DB
2025-06-04 15:58:30.011,692,0.4343033,0.02464988,0.09057601,-0.8958623,308.4992,3.177878,346.9203,0.0,DB
2025-06-04 15:58:30.031,693,0.4694061,0.02488785,0.09560633,-0.8774384,304.0542,4.720291,345.0551,0.0,DB
2025-06-04 15:58:30.076,694,0.4831445,0.0217863,0.1030389,-0.8691835,302.3953,6.612311,342.8403,0.0,DB
2025-06-04 15:58:30.123,695,0.5015483,0.0206541,0.1079582,-0.8581188,300.0904,8.354274,340.8386,0.0,DB
2025-06-04 15:58:30.141,696,0.5275658,0.02007563,0.1105985,-0.8420447,296.7589,10.60841,338.4914,0.0,DB
2025-06-04 15:58:30.163,697,0.5399635,0.02024462,0.114492,-0.8336195,295.1924,12.19146,336.6039,0.0,DB
2025-06-04 15:58:30.217,698,0.5547857,0.02094541,0.1200178,-0.8230249,293.331,14.4298,333.887,0.0,DB
2025-06-04 15:58:30.230,699,0.6012324,0.0280533,0.1186304,-0.7897213,287.0072,19.64641,328.3138,0.0,DB
2025-06-04 15:58:30.276,700,0.613145,0.03017884,0.1228636,-0.779774,285.497,22.81428,324.6456,0.0,DB
2025-06-04 15:58:30.313,701,0.6294541,0.02216037,0.1321618,-0.7653954,284.206,32.66584,314.7074,0.0,DB
2025-06-04 15:58:30.344,702,0.632736,0.0170979,0.1390439,-0.7615902,284.4132,37.03263,310.1882,0.0,DB
2025-06-04 15:58:30.352,703,0.6393783,0.002402883,0.1525875,-0.753596,285.3344,46.39752,300.9046,0.0,DB
2025-06-04 15:58:30.397,704,0.6434345,-0.005476069,0.1643396,-0.7476329,286.1976,51.95173,295.0181,0.0,DB
2025-06-04 15:58:30.419,705,0.6508191,-0.02050967,0.1747269,-0.7385693,287.411,59.4645,287.8681,0.0,DB
2025-06-04 15:58:30.463,706,0.657568,-0.03295208,0.1907818,-0.7280942,289.0964,66.00583,280.998,0.0,DB
2025-06-04 15:58:30.486,707,0.6632407,-0.0461669,0.2018776,-0.7191845,290.7162,70.86372,276.2833,0.0,DB
2025-06-04 15:58:30.519,708,0.6666961,-0.05471719,0.2101016,-0.7130076,291.9169,73.65478,273.4939,0.0,DB
2025-06-04 15:58:30.552,709,0.6721646,-0.07911897,0.2253994,-0.700807,294.9809,78.54515,269.2918,0.0,DB
2025-06-04 15:58:30.586,710,0.6740369,-0.09477,0.2320857,-0.6948593,296.7814,80.62664,267.9169,0.0,DB
2025-06-04 15:58:30.608,711,0.6732842,-0.1021552,0.2343196,-0.6937921,297.5801,80.99017,267.9658,0.0,DB
2025-06-04 15:58:30.653,712,0.6700866,-0.1253517,0.2421834,-0.6903755,300.1736,81.93201,268.2513,0.0,DB
2025-06-04 15:58:30.674,713,0.6687351,-0.143363,0.24855,-0.6859035,302.209,83.05157,268.0683,0.0,DB
2025-06-04 15:58:30.720,714,0.657636,-0.1546966,0.2503775,-0.693466,303.4225,80.89443,271.0041,0.0,DB
2025-06-04 15:58:30.741,715,0.6536776,-0.174197,0.2580169,-0.6897743,305.7192,81.65585,271.2039,0.0,DB
2025-06-04 15:58:30.763,716,0.6499426,-0.1917648,0.2647277,-0.6860908,307.7857,82.34647,271.4017,0.0,DB
2025-06-04 15:58:30.809,717,0.6406111,-0.2054197,0.2676467,-0.6897722,309.3044,81.38913,273.2549,0.0,DB
2025-06-04 15:58:30.838,718,0.6339059,-0.2434953,0.2863458,-0.6759288,314.1513,83.59151,272.661,0.0,DB
2025-06-04 15:58:30.871,719,0.6274672,-0.2548257,0.2927236,-0.6750275,315.739,83.36909,273.2976,0.0,DB
2025-06-04 15:58:30.909,720,0.617872,-0.2804146,0.3057612,-0.6679164,319.1642,83.99092,273.7505,0.0,DB
2025-06-04 15:58:30.943,721,0.6078876,-0.3116387,0.3217007,-0.6556394,323.3731,85.23197,273.8555,0.0,DB
2025-06-04 15:58:30.993,722,0.6013684,-0.3255458,0.3272621,-0.6521317,325.1615,85.47509,274.368,0.0,DB
2025-06-04 15:58:31.020,723,0.5932602,-0.3480257,0.3377541,-0.6425285,328.1782,86.36699,274.5854,0.0,DB
2025-06-04 15:58:31.052,724,0.5767016,-0.3857931,0.3578807,-0.6249006,333.6006,87.62244,275.039,0.0,DB
2025-06-04 15:58:31.109,725,0.5588679,-0.4186514,0.3762304,-0.6089733,338.5522,88.47345,275.6872,0.0,DB
2025-06-04 15:58:31.131,726,0.5400848,-0.4455535,0.392809,-0.5962312,342.9026,88.82613,276.4891,0.0,DB
2025-06-04 15:58:31.175,727,0.5194522,-0.4691267,0.4081882,-0.5860648,346.9453,88.81306,277.4971,0.0,DB
2025-06-04 15:58:31.208,728,0.4930033,-0.495763,0.4291498,-0.5718369,352.0493,88.70783,278.4514,0.0,DB
2025-06-04 15:58:31.264,729,0.4646515,-0.520143,0.4500822,-0.5576527,357.1332,88.44511,279.3959,0.0,DB
2025-06-04 15:58:31.286,730,0.4396754,-0.5394993,0.4709145,-0.5420938,1.800854,88.20821,279.784,0.0,DB
2025-06-04 15:58:31.342,731,0.4178564,-0.5527207,0.4874466,-0.5313115,5.440953,87.70916,280.1589,0.0,DB
2025-06-04 15:58:31.383,732,0.3808831,-0.5768456,0.5185012,-0.5033229,12.40238,87.39705,280.1533,0.0,DB
2025-06-04 15:58:31.425,733,0.3558729,-0.590639,0.5402714,-0.4822935,17.15396,87.0605,279.8173,0.0,DB
2025-06-04 15:58:31.453,734,0.3385503,-0.5995736,0.5563302,-0.4651796,20.61878,86.82791,279.3316,0.0,DB
2025-06-04 15:58:31.486,735,0.3116558,-0.6130515,0.5797555,-0.4369466,26.00732,86.55042,278.543,0.0,DB
2025-06-04 15:58:31.542,736,0.3035609,-0.6158417,0.5873353,-0.4285173,27.59696,86.3007,278.1591,0.0,DB
2025-06-04 15:58:31.575,737,0.2768504,-0.6291157,0.6108631,-0.3929551,33.43754,86.2117,276.9102,0.0,DB
2025-06-04 15:58:31.620,738,0.2579291,-0.6375559,0.6259549,-0.3676622,37.48119,86.09882,276.0259,0.0,DB
2025-06-04 15:58:31.664,739,0.2458603,-0.6423132,0.6364977,-0.3490809,40.24154,85.94536,275.1747,0.0,DB
2025-06-04 15:58:31.717,740,0.2274343,-0.6489027,0.6506085,-0.3223475,44.24574,85.6449,273.9995,0.0,DB
2025-06-04 15:58:31.753,741,0.2148785,-0.6536903,0.6589964,-0.303711,46.97338,85.54236,273.2852,0.0,DB
2025-06-04 15:58:31.783,742,0.1948679,-0.6625516,0.6706592,-0.2706813,51.55436,85.74767,272.2569,0.0,DB
2025-06-04 15:58:31.827,743,0.1907203,-0.664889,0.6713039,-0.26627,52.2902,85.95966,272.4319,0.0,DB
2025-06-04 15:58:31.856,744,0.1784187,-0.6703457,0.6776562,-0.244102,55.22749,86.21916,271.7984,0.0,DB
2025-06-04 15:58:31.914,745,0.1712203,-0.6748496,0.6781241,-0.2353923,56.58,86.82307,272.2541,0.0,DB
2025-06-04 15:58:31.932,746,0.1590681,-0.6810923,0.6825953,-0.2118359,59.59031,87.55188,271.9838,0.0,DB
2025-06-04 15:58:31.998,747,0.1526425,-0.6859698,0.6819811,-0.2026026,60.90153,88.55166,272.7349,0.0,DB
2025-06-04 15:58:32.009,748,0.1380348,-0.6941707,0.6849379,-0.1730143,64.57706,90.24726,273.1531,0.0,DB
2025-06-04 15:58:32.054,749,0.1362904,-0.6954275,0.6845214,-0.1709855,64.88567,90.5925,273.473,0.0,DB
2025-06-04 15:58:32.099,750,0.1289401,-0.7008735,0.684316,-0.1544754,66.83876,92.28738,274.3996,0.0,DB
2025-06-04 15:58:32.120,751,0.1217813,-0.7057504,0.6839359,-0.1389876,68.67362,94.07256,275.4913,4.0,DB
2025-06-04 15:58:32.165,752,0.1176737,-0.7105903,0.6816363,-0.1287883,69.78759,96.2429,277.1577,4.0,DB
2025-06-04 15:58:32.198,753,0.1111326,-0.7162737,0.6793127,-0.114613,71.38287,99.15558,279.4413,4.0,DB
2025-06-04 15:58:32.244,754,0.1045787,-0.7256685,0.6733173,-0.09546013,73.18505,105.0392,284.2923,4.0,DB
2025-06-04 15:58:32.264,755,0.09738473,-0.7324253,0.6692389,-0.0786702,74.79906,110.5081,288.9782,4.0,DB
2025-06-04 15:58:32.322,756,0.09708015,-0.7404916,0.6610945,-0.072124,74.81087,116.1578,294.1177,4.0,DB
2025-06-04 15:58:32.342,757,0.08665586,-0.7498669,0.6540614,-0.04893225,76.51656,126.7839,303.7056,4.0,DB
2025-06-04 15:58:32.376,758,0.08369847,-0.7538701,0.6501978,-0.04379079,76.65521,130.7455,307.4894,4.0,DB
2025-06-04 15:58:32.427,759,0.07578946,-0.7609538,0.6436927,-0.0294143,77.20844,139.9933,316.2113,4.0,DB
2025-06-04 15:58:32.452,760,0.0684204,-0.77114,0.6327482,-0.01707982,76.78959,150.3861,326.1973,4.0,DB
2025-06-04 15:58:32.475,761,0.06274905,-0.7782443,0.6247855,-0.006468419,76.32674,158.0194,333.4252,4.0,DB
2025-06-04 15:58:32.520,762,0.05843959,-0.7905882,0.6095533,0.0003417842,74.5474,164.6115,339.8035,4.0,DB
2025-06-04 15:58:32.565,763,0.04957227,-0.7996126,0.5983295,0.01281991,73.3623,172.2078,347.0968,4.0,DB
2025-06-04 15:58:32.587,764,0.04634401,-0.8037263,0.5930152,0.01447255,72.6662,173.892,348.9056,4.0,DB
2025-06-04 15:58:32.608,765,0.03976831,-0.8085835,0.5866442,0.02144918,71.88004,177.7938,352.7691,4.0,DB
2025-06-04 15:58:32.654,766,0.02895311,-0.8182501,0.573144,0.03368812,70.03487,183.6845,358.529,4.0,DB
2025-06-04 15:58:32.686,767,0.02058458,-0.8248528,0.5634389,0.04160551,68.62595,187.1623,2.032486,4.0,DB
2025-06-04 15:58:32.720,768,0.01553037,-0.83122,0.5540286,0.04341263,67.27766,188.1805,3.307481,4.0,DB
2025-06-04 15:58:32.765,769,0.01564957,-0.8493626,0.5257689,0.04365454,63.44466,187.4157,2.476845,4.0,DB
2025-06-04 15:58:32.806,770,0.01623556,-0.8605729,0.5073509,0.04178531,60.99548,186.5659,1.708433,4.0,DB
2025-06-04 15:58:32.832,771,0.01564309,-0.870325,0.4907536,0.03809071,58.80636,185.6453,1.123699,4.0,DB
2025-06-04 15:58:32.852,772,0.01635474,-0.8884388,0.4572861,0.03603983,54.461,184.8438,0.3844996,4.0,DB
2025-06-04 15:58:32.911,773,0.01684394,-0.8951522,0.444322,0.03157811,52.80051,183.9422,359.8015,4.0,DB
2025-06-04 15:58:32.920,774,0.01845247,-0.907358,0.4189411,0.0291469,49.582,183.3098,359.1989,4.0,DB
2025-06-04 15:58:32.968,775,0.01947833,-0.9140888,0.404339,0.02392994,47.74295,182.3861,358.6146,4.0,DB
2025-06-04 15:58:33.020,776,0.01960433,-0.927452,0.3729983,0.01791608,43.83455,181.4782,358.1729,4.0,DB
2025-06-04 15:58:33.035,777,0.01979693,-0.9380457,0.3456669,0.0138932,40.47021,180.9323,357.9257,4.0,DB
2025-06-04 15:58:33.079,778,0.0211384,-0.9451942,0.3257512,0.006879584,38.03096,179.9442,357.4185,4.0,DB
2025-06-04 15:58:33.145,779,0.02305717,-0.9555099,0.2940553,0.000940063,34.19345,179.1851,356.9847,4.0,DB
2025-06-04 15:58:33.155,780,0.02401192,-0.9601542,0.2784234,-0.002838157,32.31153,178.724,356.7652,4.0,DB
2025-06-04 15:58:33.207,781,0.02527247,-0.965632,0.2585948,-0.00670426,29.93888,178.2794,356.5415,4.0,DB
2025-06-04 15:58:33.224,782,0.02600426,-0.9705172,0.2394867,-0.008156275,27.67318,178.1696,356.4795,4.0,DB
2025-06-04 15:58:33.268,783,0.02685091,-0.9731785,0.2282748,-0.009670526,26.34562,178.0124,356.3739,4.0,DB
2025-06-04 15:58:33.320,784,0.0281912,-0.9805045,0.1941455,-0.01113538,22.33945,177.9688,356.3051,4.0,DB
2025-06-04 15:58:33.335,785,0.02989701,-0.9841999,0.174068,-0.01253639,19.99182,177.8604,356.143,4.0,DB
2025-06-04 15:58:33.380,786,0.03439199,-0.986274,0.1605022,-0.01788298,18.38305,177.2025,355.553,4.0,DB
2025-06-04 15:58:33.432,787,0.03493319,-0.9889802,0.1420155,-0.02301522,16.21801,176.6897,355.4822,4.0,DB
2025-06-04 15:58:33.466,788,0.03417576,-0.9910824,0.1264848,-0.02428311,14.42152,176.6391,355.6247,4.0,DB
2025-06-04 15:58:33.491,789,0.03298584,-0.9928892,0.1115595,-0.02525232,12.70119,176.6206,355.8182,4.0,DB
2025-06-04 15:58:33.535,790,0.03312056,-0.9959853,0.07870036,-0.02688611,8.916089,176.5896,355.9248,4.0,DB
2025-06-04 15:58:33.558,791,0.03339568,-0.9976779,0.0518876,-0.02883528,5.831789,176.4844,355.9865,4.0,DB
2025-06-04 15:58:33.602,792,0.034953,-0.9978628,0.04461144,-0.03253086,4.977128,176.0837,355.8175,4.0,DB
2025-06-04 15:58:33.635,793,0.03527056,-0.9983353,0.0280592,-0.03599286,3.065985,175.759,355.8397,4.0,DB
2025-06-04 15:58:33.669,794,0.03434967,-0.998629,-0.001781642,-0.03946152,359.6408,175.4865,356.0741,4.0,DB
2025-06-04 15:58:33.713,795,0.0336359,-0.9983046,-0.0217294,-0.04224233,357.3505,175.2408,356.2506,4.0,DB
2025-06-04 15:58:33.757,796,0.03338005,-0.9972522,-0.04967851,-0.04365824,354.1457,175.17,356.4129,4.0,DB
2025-06-04 15:58:33.780,797,0.03462502,-0.9967037,-0.05883313,-0.04383907,353.0898,175.1858,356.3116,4.0,DB
2025-06-04 15:58:33.824,798,0.03482531,-0.9952387,-0.07969496,-0.04400242,350.6947,175.2316,356.3802,4.0,DB
2025-06-04 15:58:33.846,799,0.03374197,-0.9920762,-0.1124213,-0.04480959,346.9333,175.2111,356.6528,4.0,DB
2025-06-04 15:58:33.891,800,0.03470052,-0.9898641,-0.1303944,-0.04430068,344.8575,175.3262,356.6061,4.0,DB
2025-06-04 15:58:33.924,801,0.03460193,-0.9876801,-0.1462458,-0.04362325,343.0278,175.4394,356.6679,4.0,DB
2025-06-04 15:58:33.957,802,0.03528686,-0.9867365,-0.1526666,-0.04241278,342.2853,175.6094,356.5883,4.0,DB
2025-06-04 15:58:34.007,803,0.03534311,-0.9861743,-0.1567597,-0.04046916,341.8175,175.851,356.5591,4.0,DB
2025-06-04 15:58:34.023,804,0.03481159,-0.9845307,-0.1669698,-0.04011101,340.6361,175.9059,356.6487,4.0,DB
2025-06-04 15:58:34.069,805,0.03317967,-0.9851768,-0.1640478,-0.03760853,340.9903,176.1662,356.7843,4.0,DB
2025-06-04 15:58:34.090,806,0.03169926,-0.9836203,-0.1736168,-0.03665601,339.8872,176.269,356.9702,4.0,DB
2025-06-04 15:58:34.135,807,0.02887767,-0.9840601,-0.1722982,-0.03324768,340.0608,176.6163,357.2332,4.0,DB
2025-06-04 15:58:34.168,808,0.0272421,-0.9833064,-0.1772474,-0.03081928,339.497,176.8817,357.3902,4.0,DB
2025-06-04 15:58:34.213,809,0.02356839,-0.9846719,-0.1707059,-0.02693218,340.2785,177.2605,357.734,4.0,DB
2025-06-04 15:58:34.234,810,0.02266504,-0.983283,-0.1788301,-0.02570762,339.3385,177.3997,357.8332,4.0,DB
2025-06-04 15:58:34.280,811,0.02309718,-0.9827302,-0.182063,-0.02369299,338.9654,177.657,357.7423,4.0,DB
2025-06-04 15:58:34.301,812,0.02377095,-0.9798076,-0.197061,-0.02407255,337.2129,177.6499,357.6941,4.0,DB
2025-06-04 15:58:34.346,813,0.02499508,-0.9793118,-0.1992376,-0.02506747,336.9531,177.5623,357.573,4.0,DB
2025-06-04 15:58:34.391,814,0.02581489,-0.9781485,-0.2046721,-0.02585766,336.3134,177.4954,357.5017,4.0,DB
2025-06-04 15:58:34.412,815,0.02511491,-0.9735291,-0.2256708,-0.02613659,333.851,177.4745,357.631,4.0,DB
2025-06-04 15:58:34.456,816,0.02490971,-0.9724278,-0.2305636,-0.02458417,333.2796,177.6692,357.6189,4.0,DB
2025-06-04 15:58:34.479,817,0.02465988,-0.9692991,-0.2434733,-0.02391834,331.7593,177.7648,357.6477,4.0,DB
2025-06-04 15:58:34.524,818,0.02434726,-0.9673011,-0.2514119,-0.02298275,330.8235,177.8852,357.6668,4.0,DB
2025-06-04 15:58:34.567,819,0.02415611,-0.9626687,-0.2686079,-0.02313876,328.7831,177.8843,357.7163,4.0,DB
2025-06-04 15:58:34.590,820,0.02441016,-0.9619709,-0.271059,-0.02330967,328.4905,177.8749,357.6924,4.0,DB
2025-06-04 15:58:34.623,821,0.02471153,-0.9571802,-0.2874348,-0.02401748,326.5341,177.8173,357.6985,4.0,DB
2025-06-04 15:58:34.670,822,0.02452689,-0.9550254,-0.2945443,-0.02385084,325.6835,177.8415,357.7242,4.0,DB
2025-06-04 15:58:34.690,823,0.02380943,-0.9480103,-0.3164339,-0.02407056,323.0505,177.8078,357.8551,4.0,DB
2025-06-04 15:58:34.734,824,0.02350338,-0.9469798,-0.3195665,-0.02354429,322.6738,177.8689,357.8764,4.0,DB
2025-06-04 15:58:34.756,825,0.02263473,-0.9408578,-0.3371971,-0.0239272,320.5361,177.7909,358.0362,4.0,DB
2025-06-04 15:58:34.810,826,0.02200273,-0.9394394,-0.3411293,-0.02450293,320.0575,177.6807,358.1596,4.0,DB
2025-06-04 15:58:34.823,827,0.02068337,-0.9341686,-0.3553384,-0.02522199,318.3226,177.5119,358.4104,4.0,DB
2025-06-04 15:58:34.868,828,0.01938192,-0.9353827,-0.3521129,-0.02646508,318.7195,177.2648,358.6563,4.0,DB
2025-06-04 15:58:34.915,829,0.01883514,-0.9293994,-0.3676007,-0.02705353,316.8183,177.1356,358.8118,4.0,DB
2025-06-04 15:58:34.934,830,0.01864052,-0.9286681,-0.3694726,-0.0267996,316.5885,177.1593,358.8312,4.0,DB
2025-06-04 15:58:34.967,831,0.01770526,-0.9296302,-0.3671418,-0.02609997,316.8794,177.2103,358.9203,4.0,DB
2025-06-04 15:58:35.015,832,0.0189188,-0.9313218,-0.3627914,-0.02577727,317.4117,177.3307,358.7131,4.0,DB
2025-06-04 15:58:35.046,833,0.0187874,-0.9347136,-0.3540184,-0.02507503,318.4898,177.4303,358.671,4.0,DB
2025-06-04 15:58:35.066,834,0.01872163,-0.9366828,-0.3487802,-0.02504855,319.1311,177.4332,358.6664,4.0,DB
2025-06-04 15:58:35.100,835,0.01804983,-0.9388068,-0.3430918,-0.02457355,319.8282,177.4682,358.723,4.0,DB
2025-06-04 15:58:35.134,836,0.01757826,-0.9416541,-0.3352447,-0.02428328,320.7857,177.4888,358.7558,4.0,DB
2025-06-04 15:58:35.168,837,0.01760411,-0.9443008,-0.3277048,-0.02441051,321.7012,177.4758,358.7406,4.0,DB
2025-06-04 15:58:35.201,838,0.01757903,-0.9461426,-0.3223164,-0.0248527,322.3535,177.4161,358.7521,4.0,DB
2025-06-04 15:58:35.234,839,0.01782219,-0.9480989,-0.3164749,-0.02519408,323.0587,177.3831,358.7204,4.0,DB
2025-06-04 15:58:35.279,840,0.01780253,-0.9509328,-0.3078717,-0.0250038,324.0966,177.4108,358.694,4.0,DB
2025-06-04 15:58:35.300,841,0.01806642,-0.9536393,-0.2993905,-0.02472584,325.1162,177.4609,358.6272,4.0,DB
2025-06-04 15:58:35.334,842,0.01772581,-0.9550767,-0.294821,-0.02439542,325.6659,177.4911,358.6486,4.0,DB
2025-06-04 15:58:35.379,843,0.01729008,-0.9567919,-0.2893005,-0.0235781,326.3295,177.5818,358.6613,4.0,DB
2025-06-04 15:58:35.400,844,0.01775344,-0.9581752,-0.2846796,-0.0232981,326.8815,177.6365,358.5799,4.0,DB
2025-06-04 15:58:35.449,845,0.01834903,-0.9583865,-0.283936,-0.02321767,326.969,177.6701,358.4973,4.0,DB
2025-06-04 15:58:35.467,846,0.01882128,-0.96001,-0.2783992,-0.02281769,327.6296,177.7383,358.4102,4.0,DB
2025-06-04 15:58:35.512,847,0.01930603,-0.9610772,-0.2746677,-0.02271464,328.0735,177.7679,358.337,4.0,DB
2025-06-04 15:58:35.534,848,0.01959712,-0.9642479,-0.263335,-0.0222904,329.4218,177.8256,358.2659,4.0,DB
2025-06-04 15:58:35.579,849,0.01984446,-0.9650607,-0.2603032,-0.02250627,329.7808,177.8041,358.2369,4.0,DB
2025-06-04 15:58:35.600,850,0.02031205,-0.9668807,-0.2534278,-0.02243846,330.5949,177.8228,358.1644,4.0,DB
2025-06-04 15:58:35.646,851,0.02060106,-0.9684533,-0.2473364,-0.02232954,331.3154,177.8403,358.115,4.0,DB
2025-06-04 15:58:35.679,852,0.0206814,-0.9704196,-0.2395335,-0.02195438,332.2377,177.8821,358.0817,4.0,DB
2025-06-04 15:58:35.724,853,0.02088043,-0.9735404,-0.226538,-0.02153647,333.7693,177.9254,358.026,4.0,DB
2025-06-04 15:58:35.745,854,0.02106839,-0.9755467,-0.2177265,-0.02144997,334.8045,177.9305,357.9882,4.0,DB
2025-06-04 15:58:35.791,855,0.02093979,-0.9765649,-0.2131528,-0.02118235,335.3419,177.9541,357.9905,4.0,DB
2025-06-04 15:58:35.812,856,0.02147851,-0.9800122,-0.1966742,-0.02083858,337.2705,177.9872,357.8936,4.0,DB
2025-06-04 15:58:35.867,857,0.02121952,-0.9812701,-0.1903235,-0.0208808,338.0125,177.9666,357.9175,4.0,DB
2025-06-04 15:58:35.890,858,0.02177508,-0.9836867,-0.1773695,-0.02065699,339.5218,177.9864,357.8275,4.0,DB
2025-06-04 15:58:35.923,859,0.02171152,-0.9856628,-0.166034,-0.02074942,340.84,177.9558,357.8213,4.0,DB
2025-06-04 15:58:35.972,860,0.02157427,-0.9865857,-0.1604859,-0.02068422,341.4846,177.9519,357.8284,4.0,DB
2025-06-04 15:58:35.990,861,0.02179459,-0.9896168,-0.1406356,-0.0201374,343.7858,177.9872,357.7635,4.0,DB
2025-06-04 15:58:36.044,862,0.02227746,-0.9903877,-0.1350459,-0.01996789,344.4318,178.005,357.6956,4.0,DB
2025-06-04 15:58:36.056,863,0.02269682,-0.9923283,-0.1199599,-0.01947395,346.1747,178.0404,357.6171,4.0,DB
2025-06-04 15:58:36.102,864,0.02288155,-0.9937051,-0.1080165,-0.01895341,347.5528,178.0795,357.5713,4.0,DB
2025-06-04 15:58:36.152,865,0.02326113,-0.9953313,-0.09179709,-0.01865713,349.4202,178.0838,357.4999,4.0,DB
2025-06-04 15:58:36.167,866,0.02362763,-0.9969543,-0.07204188,-0.01827832,351.6912,178.0865,357.4237,4.0,DB
2025-06-04 15:58:36.212,867,0.02371983,-0.9974852,-0.06428605,-0.01811207,352.5819,178.0881,357.3995,4.0,DB
2025-06-04 15:58:36.245,868,0.02426397,-0.9990848,-0.03074139,-0.01720448,356.4304,178.1118,357.2764,4.0,DB
2025-06-04 15:58:36.291,869,0.0243897,-0.9993123,-0.0222159,-0.01693691,357.4078,178.1203,357.2463,4.0,DB
2025-06-04 15:58:36.312,870,0.02507765,-0.9995043,0.01011981,-0.01612904,1.11279,178.1229,357.1073,4.0,DB
2025-06-04 15:58:36.357,871,0.02525906,-0.9992715,0.02401345,-0.01555361,2.70572,178.1471,357.0603,4.0,DB
2025-06-04 15:58:36.390,872,0.02513181,-0.9984489,0.04732579,-0.01512335,5.379068,178.1248,357.0281,4.0,DB
2025-06-04 15:58:36.434,873,0.03031398,-0.9973449,0.06361493,-0.01837735,7.225678,177.6595,356.3703,4.0,DB
2025-06-04 15:58:36.456,874,0.03781005,-0.9963592,0.0733185,-0.02152332,8.30691,177.1944,355.4498,4.0,DB
2025-06-04 15:58:36.500,875,0.0408297,-0.9959194,0.07719272,-0.02277904,8.736778,177.0031,355.0757,4.0,DB
2025-06-04 15:58:36.547,876,0.04781355,-0.9946875,0.08743569,-0.0258033,9.873583,176.5263,354.1958,4.0,DB
2025-06-04 15:58:36.579,877,0.05395435,-0.993227,0.09884244,-0.0286283,11.1429,176.0531,353.3961,4.0,DB
2025-06-04 15:58:36.612,878,0.06330433,-0.9904709,0.1180218,-0.03211247,13.28109,175.3704,352.1467,4.0,DB
2025-06-04 15:58:36.666,879,0.07305304,-0.9870523,0.138602,-0.03436333,15.58062,174.7531,350.816,4.0,DB
2025-06-04 15:58:36.690,880,0.08266389,-0.9830039,0.1600987,-0.03519566,17.99515,174.2272,349.4714,4.0,DB
2025-06-04 15:58:36.735,881,0.08955452,-0.9793851,0.1775865,-0.03532954,19.9697,173.8304,348.4637,4.0,DB
2025-06-04 15:58:36.756,882,0.1002961,-0.9738587,0.2009876,-0.03382099,22.62406,173.3939,346.917,4.0,DB
2025-06-04 15:58:36.818,883,0.1047148,-0.9705876,0.2142637,-0.03295124,24.14343,173.15,346.2179,4.0,DB
2025-06-04 15:58:36.846,884,0.1163948,-0.9627009,0.2425994,-0.02837193,27.41916,172.8099,344.4561,4.0,DB
2025-06-04 15:58:36.894,885,0.124697,-0.9567023,0.2619312,-0.02374356,29.68681,172.6755,343.2042,4.0,DB
2025-06-04 15:58:36.923,886,0.1328321,-0.951066,0.2783755,-0.01834378,31.64358,172.6543,342.014,4.0,DB
2025-06-04 15:58:36.968,887,0.1437617,-0.9433606,0.2988214,-0.01046194,34.11007,172.6685,340.4184,4.0,DB
2025-06-04 15:58:37.006,888,0.1470217,-0.9409053,0.3049796,-0.008343726,34.85212,172.6222,339.9194,4.0,DB
2025-06-04 15:58:37.044,889,0.1621552,-0.930886,0.3273107,0.005009073,37.66199,172.9745,337.8385,4.0,DB
2025-06-04 15:58:37.067,890,0.1688749,-0.9268124,0.335153,0.01314635,38.73269,173.4614,337.0463,4.0,DB
2025-06-04 15:58:37.112,891,0.1742179,-0.9244158,0.3386253,0.02090013,39.29723,174.1149,336.5513,4.0,DB
2025-06-04 15:58:37.144,892,0.1815149,-0.921052,0.3433134,0.02918714,40.01698,174.6906,335.7682,4.0,DB
2025-06-04 15:58:37.189,893,0.1838027,-0.9204425,0.3432925,0.03394879,40.12384,175.2214,335.6683,4.0,DB
2025-06-04 15:58:37.211,894,0.1945245,-0.9153686,0.3495931,0.04522898,41.11779,175.9501,334.4857,4.0,DB
2025-06-04 15:58:37.256,895,0.1977361,-0.9151773,0.3477289,0.04935199,40.99435,176.4158,334.2755,4.0,DB
2025-06-04 15:58:37.301,896,0.2036823,-0.9137738,0.3468956,0.05652207,41.07096,177.1096,333.7852,4.0,DB
2025-06-04 15:58:37.334,897,0.2074226,-0.9131928,0.3452502,0.06210726,41.02018,177.7369,333.5592,4.0,DB
2025-06-04 15:58:37.379,898,0.2135548,-0.9130716,0.3404775,0.06906404,40.63656,178.5426,333.1322,4.0,DB
2025-06-04 15:58:37.411,899,0.2172985,-0.9129156,0.3378215,0.07240985,40.41161,178.9007,332.8178,4.0,DB
2025-06-04 15:58:37.456,900,0.2209078,-0.9128171,0.3349007,0.07619949,40.1711,179.3362,332.5485,4.0,DB
2025-06-04 15:58:37.501,901,0.2235018,-0.9136847,0.3297089,0.08074354,39.68694,180.0125,332.5134,4.0,DB
2025-06-04 15:58:37.547,902,0.2258638,-0.913816,0.3270482,0.08345993,39.45151,180.356,332.3611,4.0,DB
2025-06-04 15:58:37.567,903,0.2275592,-0.9136747,0.3260716,0.08421993,39.35894,180.4074,332.1747,4.0,DB
2025-06-04 15:58:37.612,904,0.2290449,-0.9151627,0.3206066,0.08501395,38.73787,180.6417,332.1232,4.0,DB
2025-06-04 15:58:37.659,905,0.2350662,-0.9152111,0.3143497,0.09119762,38.18972,181.3957,331.6738,4.0,DB
2025-06-04 15:58:37.678,906,0.237248,-0.9142891,0.3149868,0.09258737,38.30957,181.4491,331.4098,4.0,DB
2025-06-04 15:58:37.722,907,0.2387168,-0.9140414,0.3129426,0.09802969,38.23494,182.174,331.4801,4.0,DB
2025-06-04 15:58:37.757,908,0.2378037,-0.9146398,0.3108863,0.1011599,38.08358,182.7081,331.7867,4.0,DB
2025-06-04 15:58:37.801,909,0.2391201,-0.9144674,0.310009,0.1023012,38.01814,182.8261,331.666,4.0,DB
2025-06-04 15:58:37.823,910,0.242653,-0.9138032,0.3088112,0.103533,37.92507,182.8594,331.2402,4.0,DB
2025-06-04 15:58:37.868,911,0.2466435,-0.9124418,0.3099934,0.102573,38.04642,182.494,330.6076,4.0,DB
2025-06-04 15:58:37.922,912,0.2468835,-0.9128818,0.3066795,0.1079044,37.82153,183.3079,330.8669,4.0,DB
2025-06-04 15:58:37.945,913,0.2434387,-0.9157777,0.2965242,0.1190066,36.94455,185.2836,331.9931,4.0,DB
2025-06-04 15:58:37.990,914,0.2425747,-0.9163082,0.2925306,0.1263452,36.68338,186.4164,332.4736,4.0,DB
2025-06-04 15:58:38.037,915,0.2372913,-0.9189577,0.2806999,0.1428895,35.71229,189.1705,334.0028,4.0,DB
2025-06-04 15:58:38.057,916,0.232991,-0.9211444,0.2726848,0.1511672,34.94607,190.6458,334.9709,4.0,DB
2025-06-04 15:58:38.101,917,0.228877,-0.923129,0.2640645,0.1603695,34.12088,192.2184,335.9128,4.0,DB
2025-06-04 15:58:38.134,918,0.2269049,-0.9242399,0.2566778,0.1685572,33.43266,193.5193,336.4903,4.0,DB
2025-06-04 15:58:38.179,919,0.2239961,-0.9258863,0.2423312,0.1839461,32.08309,195.8961,337.3976,4.0,DB
2025-06-04 15:58:38.201,920,0.2214006,-0.9266485,0.2343155,0.1933929,31.32492,197.3444,338.0224,4.0,DB
2025-06-04 15:58:38.246,921,0.2203464,-0.9267102,0.2295342,0.1999245,30.89915,198.2973,338.347,4.0,DB
2025-06-04 15:58:38.291,922,0.2179812,-0.9261174,0.2201533,0.2152291,30.1064,200.4797,339.0735,4.0,DB
2025-06-04 15:58:38.323,923,0.2156568,-0.9248942,0.2078823,0.2341967,29.04854,203.1404,339.8219,4.0,DB
2025-06-04 15:58:38.374,924,0.2148229,-0.9237807,0.2039703,0.2426452,28.7572,204.2933,340.1338,4.0,DB
2025-06-04 15:58:38.390,925,0.2131843,-0.9213988,0.1896723,0.2638208,27.51704,207.1935,340.7238,4.0,DB
2025-06-04 15:58:38.450,926,0.2140108,-0.9203036,0.1867379,0.2690162,27.3133,207.8609,340.7155,4.0,DB
2025-06-04 15:58:38.479,927,0.2134926,-0.9184272,0.1757828,0.2828657,26.33807,209.7368,340.9366,4.0,DB
2025-06-04 15:58:38.501,928,0.2143399,-0.9158055,0.1662373,0.2961826,25.55958,211.4898,340.9727,4.0,DB
2025-06-04 15:58:38.561,929,0.2143539,-0.9132948,0.1604698,0.3069114,25.1309,212.9037,341.1146,4.0,DB
2025-06-04 15:58:38.591,930,0.2147668,-0.9105281,0.1527853,0.3185448,24.52285,214.4349,341.1622,4.0,DB
2025-06-04 15:58:38.624,931,0.2176299,-0.9028878,0.1317414,0.3465188,22.87494,218.0908,340.8865,4.0,DB
2025-06-04 15:58:38.657,932,0.2191274,-0.9006436,0.1261185,0.3534383,22.46207,218.9837,340.692,4.0,DB
2025-06-04 15:58:38.702,933,0.2223115,-0.8959713,0.1161159,0.3665111,21.77929,220.6664,340.2856,4.0,DB
2025-06-04 15:58:38.735,934,0.2259738,-0.888984,0.1004795,0.3854184,20.66101,223.1437,339.7197,4.0,DB
2025-06-04 15:58:38.768,935,0.2295501,-0.8820466,0.08575444,0.4024261,19.63535,225.3935,339.1043,4.0,DB
2025-06-04 15:58:38.812,936,0.2340343,-0.874818,0.07310821,0.4178242,18.8737,227.4269,338.3967,4.0,DB
2025-06-04 15:58:38.845,937,0.2393186,-0.8645794,0.05419089,0.4385117,17.67352,230.2279,337.3911,4.0,DB
2025-06-04 15:58:38.880,938,0.2417742,-0.8597661,0.04579392,0.4474937,17.16527,231.4603,336.907,4.0,DB
2025-06-04 15:58:38.923,939,0.2475998,-0.848411,0.0254139,0.4671698,15.93014,234.2206,335.6558,4.0,DB
2025-06-04 15:58:38.970,940,0.2527506,-0.8384,0.008122898,0.4828424,14.93351,236.4787,334.5002,4.0,DB
2025-06-04 15:58:38.990,941,0.2570816,-0.828763,-0.008481669,0.4969804,13.97333,238.5803,333.3973,4.0,DB
2025-06-04 15:58:39.046,942,0.2621623,-0.8147336,-0.03140926,0.5162304,12.67919,241.5323,331.8942,4.0,DB
2025-06-04 15:58:39.068,943,0.2651011,-0.8056191,-0.04597812,0.527812,11.87431,243.3723,330.9169,4.0,DB
2025-06-04 15:58:39.101,944,0.2691367,-0.7915549,-0.06818457,0.544387,10.66611,246.1098,329.3957,4.0,DB
2025-06-04 15:58:39.146,945,0.2717886,-0.7816722,-0.08403054,0.5550303,9.80719,247.9606,328.2737,4.0,DB
2025-06-04 15:58:39.180,946,0.2747413,-0.766094,-0.1082779,0.5708706,8.49838,250.8301,326.59,4.0,DB
2025-06-04 15:58:39.225,947,0.2749284,-0.7556396,-0.1243121,0.5813518,7.573043,252.7985,325.6005,4.0,DB
2025-06-04 15:58:39.246,948,0.2762311,-0.7424442,-0.1432501,0.5932559,6.605987,255.1222,324.2664,4.0,DB
2025-06-04 15:58:39.292,949,0.2772494,-0.7331541,-0.1552318,0.6012663,6.072322,256.6997,323.3767,4.0,DB
2025-06-04 15:58:39.325,950,0.2770697,-0.7118571,-0.1845212,0.6184205,4.587742,260.3544,321.3403,4.0,DB
2025-06-04 15:58:39.370,951,0.2771471,-0.7056065,-0.1938403,0.6226839,4.105899,261.3866,320.6435,4.0,DB
2025-06-04 15:58:39.402,952,0.2751369,-0.6856384,-0.2207184,0.6367757,2.736059,264.7383,318.766,4.0,DB
2025-06-04 15:58:39.447,953,0.27395,-0.6785441,-0.2299675,0.6415953,2.260554,265.9288,318.1344,4.0,DB
2025-06-04 15:58:39.470,954,0.2703143,-0.660758,-0.2524482,0.6531457,1.117049,268.8915,316.597,4.0,DB
2025-06-04 15:58:39.513,955,0.2662793,-0.6506091,-0.262812,0.6608579,0.5712386,270.665,316.0616,4.0,DB
2025-06-04 15:58:39.547,956,0.2570816,-0.6391703,-0.2615746,0.6759803,0.75534,272.9088,316.9736,4.0,DB
2025-06-04 15:58:39.592,957,0.2516303,-0.6331492,-0.2604555,0.6840814,0.8283447,274.1068,317.5416,4.0,DB
2025-06-04 15:58:39.624,958,0.2389579,-0.6170274,-0.2578523,0.7040516,1.047053,277.1446,318.8464,4.0,DB
2025-06-04 15:58:39.670,959,0.2320215,-0.6077545,-0.2565082,0.7148457,1.142044,278.8375,319.5428,4.0,DB
2025-06-04 15:58:39.691,960,0.2186764,-0.5892971,-0.2529961,0.7354608,1.345203,282.1151,320.9468,4.0,DB
2025-06-04 15:58:39.736,961,0.2130464,-0.5808514,-0.2521126,0.7440849,1.384939,283.563,321.4744,4.0,DB
2025-06-04 15:58:39.780,962,0.2034635,-0.5674269,-0.2509775,0.7573901,1.339679,285.8627,322.3205,4.0,DB
2025-06-04 15:58:39.802,963,0.195343,-0.5557272,-0.2498822,0.768484,1.289454,287.824,323.0349,4.0,DB
2025-06-04 15:58:39.847,964,0.1868376,-0.5440861,-0.2501223,0.7787818,1.079242,289.7663,323.6299,4.0,DB
2025-06-04 15:58:39.890,965,0.1777881,-0.5300195,-0.2490012,0.7908662,0.9891015,292.0242,324.3803,4.0,DB
2025-06-04 15:58:39.912,966,0.158248,-0.4988627,-0.2465997,0.8156485,0.6939087,296.8862,325.9299,4.0,DB
2025-06-04 15:58:39.969,967,0.1540029,-0.4929203,-0.2469599,0.8199536,0.5206776,297.8167,326.1627,4.0,DB
2025-06-04 15:58:40.015,968,0.1370364,-0.4650596,-0.2466447,0.839111,0.03256891,301.9974,327.222,4.0,DB
2025-06-04 15:58:40.052,969,0.1327127,-0.4562112,-0.2462898,0.8447487,359.9712,303.2654,327.507,4.0,DB
2025-06-04 15:58:40.067,970,0.122159,-0.4388202,-0.2471305,0.8552431,359.545,305.8063,327.9985,4.0,DB
2025-06-04 15:58:40.112,971,0.1173494,-0.4301141,-0.2476843,0.8601649,359.3591,307.0491,328.1917,4.0,DB
2025-06-04 15:58:40.145,972,0.1004138,-0.3999399,-0.2504469,0.8759235,358.6008,311.3096,328.7202,4.0,DB
2025-06-04 15:58:40.190,973,0.09624193,-0.3924034,-0.2508422,0.8796793,358.422,312.3587,328.8655,4.0,DB
2025-06-04 15:58:40.223,974,0.07783276,-0.3592516,-0.2561892,0.8940064,357.4262,316.9281,329.0352,4.0,DB
2025-06-04 15:58:40.256,975,0.0726845,-0.3491222,-0.2575395,0.8980559,357.1755,318.294,329.073,4.0,DB
2025-06-04 15:58:40.301,976,0.06168362,-0.3270345,-0.2610381,0.9061473,356.6206,321.2462,329.0482,4.0,DB
2025-06-04 15:58:40.323,977,0.05277586,-0.3107659,-0.2646383,0.9113761,356.0846,323.4323,328.9105,4.0,DB
2025-06-04 15:58:40.368,978,0.04466756,-0.2965486,-0.2683684,0.9154466,355.5616,325.3453,328.7078,4.0,DB
2025-06-04 15:58:40.412,979,0.02824242,-0.2672436,-0.2773192,0.9224302,354.4842,329.2657,328.0513,4.0,DB
2025-06-04 15:58:40.434,980,0.01961042,-0.2525141,-0.2824014,0.9252577,353.8961,331.2437,327.6203,4.0,DB
2025-06-04 15:58:40.479,981,0.01289837,-0.2413652,-0.2866089,0.9270555,353.4287,332.747,327.2355,4.0,DB
2025-06-04 15:58:40.523,982,-0.00285561,-0.2155143,-0.2963241,0.9304503,352.3548,336.2379,326.2801,4.0,DB
2025-06-04 15:58:40.565,983,-0.00979434,-0.2043813,-0.3010139,0.9314092,351.8776,337.7513,325.78,4.0,DB
2025-06-04 15:58:40.590,984,-0.01774737,-0.1922628,-0.3059698,0.9322568,351.33,339.4127,325.2375,4.0,DB
2025-06-04 15:58:40.623,985,-0.03725572,-0.1652517,-0.3171791,0.9331139,349.9588,343.1903,323.9401,4.0,DB
2025-06-04 15:58:40.668,986,-0.04110405,-0.1609157,-0.3195044,0.9329169,349.6582,343.8293,323.6626,4.0,DB
2025-06-04 15:58:40.710,987,-0.05534211,-0.1422098,-0.3283183,0.9321592,348.6644,346.5064,322.5395,4.0,DB
2025-06-04 15:58:40.734,988,-0.06920712,-0.1245693,-0.3365682,0.9308141,347.72,349.0673,321.4212,4.0,DB
2025-06-04 15:58:40.767,989,-0.08180394,-0.1098337,-0.3431343,0.929249,346.8555,351.259,320.4747,4.0,DB
2025-06-04 15:58:40.812,990,-0.08798306,-0.1032487,-0.3458715,0.9284244,346.4206,352.2634,320.0582,4.0,DB
2025-06-04 15:58:40.834,991,-0.1066584,-0.0830439,-0.3559138,0.9246909,345.1455,355.3918,318.4976,4.0,DB
2025-06-04 15:58:40.890,992,-0.1131768,-0.0771535,-0.3586244,0.9233782,344.6718,356.3553,318.04,4.0,DB
2025-06-04 15:58:40.912,993,-0.1246238,-0.06594945,-0.3643032,0.9205449,343.8893,358.1737,317.0764,4.0,DB
2025-06-04 15:58:40.946,994,-0.1380222,-0.05242463,-0.3704947,0.9170253,343.0231,0.3668442,315.9461,4.0,DB
2025-06-04 15:58:40.991,995,-0.1426017,-0.04614109,-0.3711506,0.9163969,342.8059,1.276776,315.71,4.0,DB
2025-06-04 15:58:41.012,996,-0.1680616,-0.004156271,-0.3637299,0.916209,341.8816,6.928059,315.5884,4.0,DB
2025-06-04 15:58:41.068,997,-0.1756251,0.008274333,-0.3612223,0.9157544,341.5981,8.608856,315.5491,4.0,DB
2025-06-04 15:58:41.091,998,-0.1875283,0.03017936,-0.3553866,0.9152175,341.2277,11.48572,315.652,4.0,DB
2025-06-04 15:58:41.138,999,-0.2027092,0.06434781,-0.3454508,0.9140198,340.9676,15.81805,315.924,4.0,DB
2025-06-04 15:58:41.151,1000,-0.2164656,0.09724725,-0.3338103,0.9122809,340.7294,19.94147,316.385,4.0,DB
2025-06-04 15:58:41.206,1001,-0.223433,0.11502,-0.3271622,0.9109409,340.6215,22.1551,316.6595,4.0,DB
2025-06-04 15:58:41.228,1002,-0.2341086,0.1440154,-0.3153516,0.9082987,340.4609,25.73946,317.2014,4.0,DB
2025-06-04 15:58:41.262,1003,-0.245031,0.1804367,-0.2990559,0.904416,340.4093,30.13207,318.0842,4.0,DB
2025-06-04 15:58:41.307,1004,-0.2474201,0.1937428,-0.2935251,0.9028235,340.548,31.67149,318.4126,4.0,DB
2025-06-04 15:58:41.340,1005,-0.2550728,0.2290124,-0.2772107,0.8975778,340.675,35.83978,319.3713,4.0,DB
2025-06-04 15:58:41.374,1006,-0.2605499,0.2581106,-0.263227,0.8923029,340.7861,39.27598,320.2155,4.0,DB
2025-06-04 15:58:41.408,1007,-0.2641206,0.284093,-0.2502776,0.8870698,340.9507,42.30579,321.0593,4.0,DB
2025-06-04 15:58:41.452,1008,-0.2662017,0.3160821,-0.2349796,0.8797804,341.346,45.9755,322.1208,4.0,DB
2025-06-04 15:58:41.486,1009,-0.266961,0.3371183,-0.225405,0.8742287,341.6516,48.40049,322.7815,4.0,DB
2025-06-04 15:58:41.519,1010,-0.2669024,0.3524373,-0.2184608,0.8699576,341.9167,50.15212,323.2902,4.0,DB
2025-06-04 15:58:41.568,1011,-0.2665423,0.3824071,-0.2013493,0.8614979,342.2264,53.5742,324.6629,4.0,DB
2025-06-04 15:58:41.598,1012,-0.2685745,0.3917636,-0.1902824,0.8591751,341.7953,54.71149,325.5474,4.0,DB
2025-06-04 15:58:41.632,1013,-0.2677889,0.4078201,-0.1746725,0.8552553,341.6038,56.48462,326.9718,4.0,DB
2025-06-04 15:58:41.665,1014,-0.2666511,0.4185477,-0.1635868,0.8526164,341.4722,57.64469,328.0205,4.0,DB
2025-06-04 15:58:41.698,1015,-0.2599724,0.4406551,-0.1589704,0.8443733,342.6069,60.04596,328.5726,4.0,DB
2025-06-04 15:58:41.743,1016,-0.2412025,0.489368,-0.1523607,0.8240914,345.6157,65.30565,329.804,4.0,DB
2025-06-04 15:58:41.776,1017,-0.2333707,0.5123367,-0.1478221,0.8131408,346.8173,67.91343,330.4945,4.0,DB
2025-06-04 15:58:41.810,1018,-0.231455,0.5227318,-0.1389879,0.8086177,346.7612,69.15652,331.3474,4.0,DB
2025-06-04 15:58:41.854,1019,-0.2341566,0.5151082,-0.1304753,0.8141319,345.7088,68.21316,332.0845,4.0,DB
2025-06-04 15:58:41.886,1020,-0.2332589,0.5219461,-0.1202797,0.8116007,345.3409,69.02393,333.0317,4.0,DB
2025-06-04 15:58:41.919,1021,-0.2315755,0.5263828,-0.1171415,0.809674,345.4231,69.5219,333.3906,4.0,DB
2025-06-04 15:58:41.971,1022,-0.224935,0.5460111,-0.1111884,0.7993206,346.2214,71.84935,334.1556,4.0,DB
2025-06-04 15:58:42.009,1023,-0.2183372,0.562016,-0.1108636,0.7900484,347.2687,73.75093,334.4566,4.0,DB
2025-06-04 15:58:42.030,1024,-0.2136052,0.5759496,-0.1061827,0.7819082,347.7764,75.46329,335.0605,4.0,DB
2025-06-04 15:58:42.080,1025,-0.2136553,0.5811999,-0.1032107,0.7783996,347.7225,76.19769,335.2534,4.0,DB
2025-06-04 15:58:42.118,1026,-0.2110949,0.581454,-0.09763849,0.7796263,347.549,76.09259,335.9643,4.0,DB
2025-06-04 15:58:42.141,1027,-0.2015308,0.5921133,-0.09163669,0.7748483,348.2411,77.15947,337.1185,4.0,DB
2025-06-04 15:58:42.175,1028,-0.1980426,0.5955209,-0.08899774,0.7734428,348.4426,77.487,337.5872,4.0,DB
2025-06-04 15:58:42.218,1029,-0.1994573,0.6016769,-0.08547251,0.768698,348.2413,78.42715,337.7045,4.0,DB
2025-06-04 15:58:42.252,1030,-0.1996811,0.6094606,-0.08279584,0.762778,348.2464,79.56213,337.8135,4.0,DB
2025-06-04 15:58:42.285,1031,-0.1978519,0.6176549,-0.08189178,0.7567372,348.5635,80.6811,337.9255,4.0,DB
2025-06-04 15:58:42.319,1032,-0.1967814,0.6223482,-0.0812243,0.7532348,348.7351,81.32523,338.006,4.0,DB
2025-06-04 15:58:42.364,1033,-0.1944291,0.628404,-0.07892968,0.7490501,348.9261,82.11613,338.3162,4.0,DB
2025-06-04 15:58:42.396,1034,-0.1932585,0.6338791,-0.07610144,0.7450218,348.9605,82.87747,338.5828,4.0,DB
2025-06-04 15:58:42.429,1035,-0.1913162,0.6373903,-0.07397435,0.742738,349.0534,83.3167,338.8795,4.0,DB
2025-06-04 15:58:42.463,1036,-0.1875539,0.6426985,-0.07237673,0.7392726,349.3812,83.95393,339.2581,4.0,DB
2025-06-04 15:58:42.508,1037,-0.1855737,0.6445099,-0.07054725,0.7383718,349.4492,84.14191,339.5559,4.0,DB
2025-06-04 15:58:42.540,1038,-0.1836369,0.6470906,-0.06874876,0.7367666,349.5358,84.4502,339.8368,4.0,DB
2025-06-04 15:58:42.574,1039,-0.1811109,0.6520911,-0.06697091,0.7331378,349.7341,85.10569,340.1329,4.0,DB
2025-06-04 15:58:42.619,1040,-0.1788699,0.6552153,-0.06647293,0.7309446,349.9574,85.49183,340.3221,4.0,DB
2025-06-04 15:58:42.652,1041,-0.1763355,0.6592156,-0.06558341,0.7280383,350.1953,86.00327,340.5586,4.0,DB
2025-06-04 15:58:42.685,1042,-0.1739922,0.6635124,-0.06576587,0.7246745,350.5084,86.57314,340.6865,4.0,DB
2025-06-04 15:58:42.730,1043,-0.1738763,0.6676216,-0.06746925,0.7207611,350.7607,87.20691,340.5031,4.0,DB
2025-06-04 15:58:42.762,1044,-0.1711012,0.6795994,-0.06796698,0.7101054,351.3372,88.97189,340.556,4.0,DB
2025-06-04 15:58:42.796,1045,-0.1679828,0.6877486,-0.06898788,0.7028689,351.88,90.14077,340.6486,4.0,DB
2025-06-04 15:58:42.841,1046,-0.1669344,0.6885127,-0.07204187,0.7020636,352.2302,90.22169,340.4824,4.0,DB
2025-06-04 15:58:42.874,1047,-0.16802,0.6806262,-0.07153799,0.7095068,351.8919,89.01408,340.5147,4.0,DB
2025-06-04 15:58:42.907,1048,-0.1699358,0.6765931,-0.0671501,0.7133266,351.2819,88.45286,340.7578,4.0,DB
2025-06-04 15:58:42.952,1049,-0.1688847,0.6787122,-0.06340387,0.7119045,351.1184,88.74406,341.1313,4.0,DB
2025-06-04 15:58:42.985,1050,-0.165548,0.6867747,-0.06321198,0.7049388,351.5714,89.89175,341.3392,4.0,DB
2025-06-04 15:58:43.018,1051,-0.1622084,0.6930062,-0.06460085,0.6994697,352.1036,90.75998,341.4451,4.0,DB
2025-06-04 15:58:43.052,1052,-0.1603714,0.6980223,-0.066332,0.6947275,352.5173,91.49733,341.4117,4.0,DB
2025-06-04 15:58:43.103,1053,-0.1622659,0.6987637,-0.06911504,0.6932694,352.623,91.68733,341.0166,4.0,DB
2025-06-04 15:58:43.140,1054,-0.1639532,0.6963397,-0.07292212,0.6949195,352.7435,91.3597,340.5888,4.0,DB
2025-06-04 15:58:43.162,1055,-0.1655855,0.6951577,-0.07633556,0.695349,352.8684,91.23148,340.1841,4.0,DB
2025-06-04 15:58:43.209,1056,-0.1657058,0.6975011,-0.07893229,0.6926787,353.1396,91.61214,339.9424,4.0,DB
2025-06-04 15:58:43.241,1057,-0.1677573,0.7006418,-0.08251012,0.6885862,353.3727,92.19718,339.4483,4.0,DB
2025-06-04 15:58:43.274,1058,-0.1694619,0.6997701,-0.08375453,0.6889049,353.3232,92.12283,339.2082,4.0,DB
2025-06-04 15:58:43.308,1059,-0.1714172,0.6975167,-0.08646113,0.6903705,353.3349,91.83624,338.8413,4.0,DB
2025-06-04 15:58:43.352,1060,-0.1740875,0.6964759,-0.08947528,0.6903688,353.354,91.77522,338.376,4.0,DB
2025-06-04 15:58:43.385,1061,-0.1762944,0.6975214,-0.09288961,0.6882994,353.5059,92.03207,337.9,4.0,DB
2025-06-04 15:58:43.419,1062,-0.1761117,0.6995976,-0.09540077,0.6858912,353.794,92.35812,337.6968,4.0,DB
2025-06-04 15:58:43.463,1063,-0.1765006,0.7021676,-0.09721807,0.6829034,353.9994,92.78854,337.4962,4.0,DB
2025-06-04 15:58:43.496,1064,-0.1783241,0.7029166,-0.1003276,0.6812073,354.151,92.98378,337.0823,4.0,DB
2025-06-04 15:58:43.529,1065,-0.181135,0.7029984,-0.1030114,0.6799795,354.1743,93.11348,336.6207,4.0,DB
2025-06-04 15:58:43.574,1066,-0.1842946,0.7032127,-0.1065063,0.6783686,354.2466,93.28103,336.0624,4.0,DB
2025-06-04 15:58:43.607,1067,-0.1861301,0.7034316,-0.1086679,0.6772968,354.304,93.39465,335.7267,4.0,DB
2025-06-04 15:58:43.652,1068,-0.1883076,0.7034432,-0.1088225,0.6766579,354.1607,93.49147,335.5217,4.0,DB
2025-06-04 15:58:43.685,1069,-0.1910895,0.7050526,-0.1150053,0.6731713,354.5428,93.8724,334.7718,4.0,DB
2025-06-04 15:58:43.718,1070,-0.1915188,0.7058954,-0.1165627,0.6718971,354.6753,94.02768,334.604,4.0,DB
2025-06-04 15:58:43.763,1071,-0.1939299,0.7073263,-0.1192344,0.6692266,354.7852,94.3675,334.1678,4.0,DB
2025-06-04 15:58:43.796,1072,-0.1974464,0.7082914,-0.1225536,0.6665726,354.8584,94.68352,333.5849,4.0,DB
2025-06-04 15:58:43.830,1073,-0.2006736,0.709249,-0.1272319,0.6637082,355.0723,94.98695,332.9204,4.0,DB
2025-06-04 15:58:43.863,1074,-0.2024439,0.7104037,-0.1307908,0.6612391,355.3023,95.25689,332.4738,4.0,DB
2025-06-04 15:58:43.920,1075,-0.2039404,0.7118092,-0.1325652,0.6589103,355.4095,95.55714,332.1909,4.0,DB
2025-06-04 15:58:43.940,1076,-0.2072325,0.7137806,-0.1385009,0.6545148,355.7818,96.03528,331.4168,4.0,DB
2025-06-04 15:58:43.994,1077,-0.2086325,0.7147374,-0.1395533,0.6528,355.8193,96.26022,331.2024,4.0,DB
2025-06-04 15:58:44.018,1078,-0.2109598,0.7158138,-0.1434625,0.6500195,356.0508,96.54926,330.6801,4.0,DB
2025-06-04 15:58:44.052,1079,-0.2126424,0.7167775,-0.1471138,0.6475887,356.3011,96.78935,330.2374,4.0,DB
2025-06-04 15:58:44.105,1080,-0.214816,0.7177019,-0.1491786,0.6453713,356.3799,97.04959,329.8742,4.0,DB
2025-06-04 15:58:44.143,1081,-0.2181835,0.7192644,-0.1532053,0.6415474,356.5854,97.47661,329.2463,4.0,DB
2025-06-04 15:58:44.181,1082,-0.2211121,0.7208955,-0.1574005,0.6376867,356.8436,97.89569,328.6455,4.0,DB
2025-06-04 15:58:44.207,1083,-0.2218875,0.7215335,-0.160063,0.636031,357.061,98.0405,328.3655,4.0,DB
2025-06-04 15:58:44.241,1084,-0.2241877,0.7227594,-0.1644511,0.6327045,357.3651,98.36252,327.81,4.0,DB
2025-06-04 15:58:44.285,1085,-0.2265032,0.7240984,-0.1674571,0.6295524,357.5538,98.70702,327.36,4.0,DB
2025-06-04 15:58:44.319,1086,-0.2300834,0.7263751,-0.1745614,0.623674,358.086,99.27703,326.475,4.0,DB
2025-06-04 15:58:44.352,1087,-0.2326647,0.7282456,-0.1794002,0.6191456,358.4636,99.73024,325.8594,4.0,DB
2025-06-04 15:58:44.396,1088,-0.2353484,0.7297459,-0.1823672,0.6154872,358.6509,100.1301,325.3797,4.0,DB
2025-06-04 15:58:44.429,1089,-0.2382293,0.7310639,-0.1844423,0.6121876,358.7392,100.513,324.9503,4.0,DB
2025-06-04 15:58:44.462,1090,-0.2424685,0.7332616,-0.1867478,0.6071754,358.8212,101.126,324.3744,4.0,DB
2025-06-04 15:58:44.519,1091,-0.2405774,0.7330493,-0.1884963,0.6076435,359.0823,100.9821,324.4184,4.0,DB
2025-06-04 15:58:44.540,1092,-0.2402034,0.7341675,-0.1936967,0.6047994,359.6483,101.1514,324.0552,4.0,DB
2025-06-04 15:58:44.585,1093,-0.243153,0.7376486,-0.1941997,0.5991977,359.7198,101.9173,323.7395,4.0,DB
2025-06-04 15:58:44.618,1094,-0.2468585,0.7400385,-0.195987,0.5941324,359.8134,102.5442,323.2548,4.0,DB
2025-06-04 15:58:44.651,1095,-0.248854,0.7416411,-0.2043957,0.588441,0.5904325,102.94,322.432,4.0,DB
2025-06-04 15:58:44.707,1096,-0.2558669,0.7432595,-0.206798,0.5825222,0.5335923,103.6397,321.5884,4.0,DB
2025-06-04 15:58:44.728,1097,-0.2606207,0.7452029,-0.2109828,0.5763992,0.8025581,104.272,320.8234,4.0,DB
2025-06-04 15:58:44.774,1098,-0.2622387,0.7469198,-0.2156199,0.571708,1.275146,104.6776,320.3241,4.0,DB
2025-06-04 15:58:44.806,1099,-0.2654584,0.7497241,-0.2169634,0.5660148,1.422147,105.3783,319.9206,4.0,DB
2025-06-04 15:58:44.851,1100,-0.2673554,0.7505068,-0.2142482,0.5651183,1.112445,105.6362,319.941,4.0,DB
2025-06-04 15:58:44.884,1101,-0.2737631,0.7542516,-0.2220402,0.5539464,1.813609,106.7279,318.7535,4.0,DB
2025-06-04 15:58:44.917,1102,-0.2773422,0.7558683,-0.2190073,0.5511628,1.453173,107.2539,318.6316,4.0,DB
2025-06-04 15:58:44.962,1103,-0.2776502,0.7565317,-0.2234399,0.548311,1.925576,107.3993,318.2787,4.0,DB
2025-06-04 15:58:44.995,1104,-0.2837164,0.7596847,-0.2236198,0.5407205,1.887583,108.3851,317.6803,4.0,DB
2025-06-04 15:58:45.040,1105,-0.2890365,0.7622644,-0.2263639,0.5330765,2.117053,109.2325,316.9647,4.0,DB
2025-06-04 15:58:45.072,1106,-0.2908818,0.763346,-0.2293657,0.529228,2.423486,109.5675,316.5694,4.0,DB
2025-06-04 15:58:45.126,1107,-0.294316,0.7657251,-0.2324749,0.5224927,2.77809,110.2624,316.0143,4.0,DB
2025-06-04 15:58:45.151,1108,-0.296755,0.7669771,-0.2371595,0.5171442,3.259678,110.6835,315.4417,4.0,DB
2025-06-04 15:58:45.182,1109,-0.3024892,0.7688608,-0.2431454,0.5081674,3.810662,111.4754,314.4518,4.0,DB
2025-06-04 15:58:45.241,1110,-0.3052411,0.7701869,-0.2463422,0.502947,4.152929,111.9441,313.9563,4.0,DB
2025-06-04 15:58:45.260,1111,-0.3093331,0.7736384,-0.2492426,0.4936344,4.60308,112.9336,313.3613,4.0,DB
2025-06-04 15:58:45.319,1112,-0.313374,0.7768592,-0.2517132,0.4846929,5.008933,113.8895,312.8022,4.0,DB
2025-06-04 15:58:45.355,1113,-0.3140413,0.7783703,-0.2516535,0.4818593,5.112505,114.2424,312.7498,4.0,DB
2025-06-04 15:58:45.381,1114,-0.3188008,0.7814971,-0.2534231,0.4726577,5.435863,115.2559,312.1678,4.0,DB
2025-06-04 15:58:45.431,1115,-0.3220113,0.78166,-0.251563,0.4712036,5.152535,115.5379,311.9708,4.0,DB
2025-06-04 15:58:45.467,1116,-0.3257525,0.7836367,-0.2541308,0.4639143,5.51176,116.2602,311.427,4.0,DB
2025-06-04 15:58:45.492,1117,-0.3297501,0.7869764,-0.2554328,0.4546288,5.866528,117.2926,310.9554,4.0,DB
2025-06-04 15:58:45.525,1118,-0.3314723,0.7891704,-0.2567508,0.4487934,6.183616,117.9078,310.7081,4.0,DB
2025-06-04 15:58:45.582,1119,-0.3323891,0.7907984,-0.2600501,0.4433165,6.695186,118.3546,310.4063,4.0,DB
2025-06-04 15:58:45.614,1120,-0.3372187,0.7946239,-0.2618244,0.4316304,7.180532,119.6145,309.8281,4.0,DB
2025-06-04 15:58:45.635,1121,-0.3409701,0.7971614,-0.2631769,0.4230972,7.530964,120.5197,309.3775,4.0,DB
2025-06-04 15:58:45.680,1122,-0.3421495,0.7978503,-0.2630665,0.4209097,7.570569,120.7786,309.2701,4.0,DB
2025-06-04 15:58:45.725,1123,-0.3445693,0.7997425,-0.2633763,0.4151111,7.770035,121.4275,309.0199,4.0,DB
2025-06-04 15:58:45.746,1124,-0.3475585,0.8022546,-0.2651807,0.406534,8.215472,122.2966,308.6213,4.0,DB
2025-06-04 15:58:45.791,1125,-0.3471909,0.803092,-0.266977,0.4040114,8.527034,122.475,308.5541,4.0,DB
2025-06-04 15:58:45.835,1126,-0.3517089,0.8066592,-0.2692225,0.3913074,9.154021,123.771,307.9867,4.0,DB
2025-06-04 15:58:45.857,1127,-0.3536257,0.8086803,-0.2693343,0.3852844,9.387907,124.4443,307.8087,4.0,DB
2025-06-04 15:58:45.902,1128,-0.3551765,0.8096911,-0.2695625,0.3815578,9.525352,124.8463,307.6469,4.0,DB
2025-06-04 15:58:45.947,1129,-0.3587599,0.812615,-0.2707024,0.3710371,10.0046,125.9465,307.2451,4.0,DB
2025-06-04 15:58:45.968,1130,-0.3612766,0.814575,-0.2715362,0.363614,10.34895,126.7148,306.9614,4.0,DB
2025-06-04 15:58:46.013,1131,-0.3643675,0.8174254,-0.272453,0.353301,10.83358,127.7935,306.63,4.0,DB
2025-06-04 15:58:46.057,1132,-0.3622551,0.8217204,-0.2734868,0.344604,11.52469,128.7202,306.8735,4.0,DB
2025-06-04 15:58:46.090,1133,-0.3554056,0.8264806,-0.275959,0.3383247,12.45451,129.322,307.5467,4.0,DB
2025-06-04 15:58:46.142,1134,-0.3480313,0.8322344,-0.278291,0.3298703,13.50889,130.1907,308.3169,4.0,DB
2025-06-04 15:58:46.156,1135,-0.341237,0.8379368,-0.2791201,0.321732,14.3708,131.1279,309.1272,4.0,DB
2025-06-04 15:58:46.201,1136,-0.3373331,0.841962,-0.2793039,0.3151125,14.93545,131.9092,309.6386,4.0,DB
2025-06-04 15:58:46.245,1137,-0.3334543,0.8453206,-0.2803969,0.3092233,15.53499,132.5491,310.0829,4.0,DB
2025-06-04 15:58:46.268,1138,-0.3254482,0.8511565,-0.2822837,0.2998869,16.57916,133.585,311.0012,4.0,DB
2025-06-04 15:58:46.323,1139,-0.3180023,0.8572755,-0.2834665,0.289137,17.58529,134.8329,311.9338,4.0,DB
2025-06-04 15:58:46.345,1140,-0.3121079,0.8615449,-0.2844956,0.281765,18.32033,135.6935,312.6602,4.0,DB
2025-06-04 15:58:46.404,1141,-0.3071852,0.8659165,-0.2839992,0.2741726,18.8684,136.672,313.3831,4.0,DB
2025-06-04 15:58:46.434,1142,-0.2964587,0.8726659,-0.2862132,0.2620091,20.13218,138.1029,314.6974,4.0,DB
2025-06-04 15:58:46.479,1143,-0.2881913,0.8780264,-0.2875336,0.2516744,21.09181,139.359,315.77,4.0,DB
2025-06-04 15:58:46.500,1144,-0.2855717,0.8802848,-0.2869759,0.2473713,21.34338,139.9425,316.1936,4.0,DB
2025-06-04 15:58:46.554,1145,-0.2781313,0.8857277,-0.2871413,0.2359651,22.17269,141.4013,317.2834,4.0,DB
2025-06-04 15:58:46.566,1146,-0.2726721,0.8894214,-0.2874634,0.2279139,22.77172,142.4312,318.0753,4.0,DB
2025-06-04 15:58:46.612,1147,-0.2688344,0.8920728,-0.2876954,0.2217335,23.20806,143.2203,318.6478,4.0,DB
2025-06-04 15:58:46.656,1148,-0.2561819,0.9004476,-0.2871619,0.2027394,24.41055,145.7691,320.6159,4.0,DB
2025-06-04 15:58:46.706,1149,-0.25096,0.9040419,-0.2863881,0.1941886,24.85647,146.9497,321.489,4.0,DB
2025-06-04 15:58:46.734,1150,-0.242869,0.909318,-0.2856584,0.1804297,25.58611,148.825,322.8429,4.0,DB
2025-06-04 15:58:46.756,1151,-0.2366837,0.9131646,-0.2848936,0.1701385,26.0893,150.2551,323.8967,4.0,DB
2025-06-04 15:58:46.800,1152,-0.234033,0.9149535,-0.2838893,0.1658189,26.22368,150.8976,324.3844,4.0,DB
2025-06-04 15:58:46.844,1153,-0.2273383,0.9197348,-0.2818069,0.1516252,26.70743,152.893,325.6818,4.0,DB
2025-06-04 15:58:46.866,1154,-0.2198131,0.9245963,-0.2794409,0.1368097,27.1676,155.0111,327.1239,4.0,DB
2025-06-04 15:58:46.911,1155,-0.2172798,0.9255711,-0.2798883,0.1333061,27.39894,155.4843,327.5146,4.0,DB
2025-06-04 15:58:46.957,1156,-0.2081403,0.9316934,-0.2749434,0.1141547,27.69764,158.3147,329.407,4.0,DB
2025-06-04 15:58:46.978,1157,-0.2018332,0.9360337,-0.2704172,0.09989558,27.76943,160.4445,330.7852,4.0,DB
2025-06-04 15:58:47.022,1158,-0.2007995,0.9375867,-0.2677052,0.09457847,27.64623,161.2418,331.169,4.0,DB
2025-06-04 15:58:47.068,1159,-0.1962968,0.940558,-0.264091,0.08410851,27.63035,162.8059,332.1647,4.0,DB
2025-06-04 15:58:47.100,1160,-0.1898186,0.9450378,-0.2573082,0.06830032,27.41309,165.199,333.6567,4.0,DB
2025-06-04 15:58:47.154,1161,-0.1861522,0.9478533,-0.2520177,0.0583852,27.13023,166.7152,334.5588,4.0,DB
2025-06-04 15:58:47.178,1162,-0.181343,0.9522369,-0.2418051,0.04347499,26.40693,169.0263,335.8535,4.0,DB
2025-06-04 15:58:47.228,1163,-0.1772604,0.9557165,-0.2326141,0.0327998,25.65796,170.7327,336.8703,4.0,DB
2025-06-04 15:58:47.256,1164,-0.1729582,0.9608699,-0.2153804,0.02063934,24.00181,172.8208,338.0638,4.0,DB
2025-06-04 15:58:47.278,1165,-0.1690859,0.9642922,-0.2036375,0.009081024,22.9334,174.6182,339.0165,4.0,DB
2025-06-04 15:58:47.323,1166,-0.1668674,0.9659293,-0.1978064,0.00292914,22.40534,175.5536,339.5164,4.0,DB
2025-06-04 15:58:47.368,1167,-0.163152,0.968359,-0.1886725,-0.00807168,21.59474,177.1685,340.3328,4.0,DB
2025-06-04 15:58:47.401,1168,-0.1575121,0.9718935,-0.1734523,-0.02297176,20.14461,179.3904,341.4803,4.0,DB
2025-06-04 15:58:47.451,1169,-0.1556153,0.9731672,-0.167192,-0.02786752,19.51689,180.134,341.853,4.0,DB
2025-06-04 15:58:47.479,1170,-0.1511112,0.9757204,-0.1533765,-0.04013549,18.14573,181.9279,342.7008,4.0,DB
2025-06-04 15:58:47.512,1171,-0.1484466,0.9770561,-0.1452248,-0.0472745,17.32677,182.9581,343.1728,4.0,DB
2025-06-04 15:58:47.545,1172,-0.1444926,0.9789877,-0.1312008,-0.05909055,15.9003,184.639,343.8564,4.0,DB
2025-06-04 15:58:47.590,1173,-0.1425275,0.980013,-0.1230733,-0.0641395,15.04099,185.385,344.1619,4.0,DB
2025-06-04 15:58:47.623,1174,-0.1372761,0.9821954,-0.1017864,-0.07802086,12.78946,187.3833,344.9159,4.0,DB
2025-06-04 15:58:47.656,1175,-0.1348334,0.9830467,-0.09377147,-0.08152451,11.90841,187.9302,345.2086,4.0,DB
2025-06-04 15:58:47.701,1176,-0.1317413,0.9841555,-0.07689185,-0.09038802,10.08813,189.2143,345.5662,4.0,DB
2025-06-04 15:58:47.734,1177,-0.1293364,0.9847222,-0.06922388,-0.09382219,9.241828,189.7335,345.8235,4.0,DB
2025-06-04 15:58:47.767,1178,-0.1249572,0.985595,-0.05157515,-0.1016281,7.299893,190.8927,346.2457,4.0,DB
2025-06-04 15:58:47.813,1179,-0.1231125,0.98596,-0.04357623,-0.104055,6.404662,191.2844,346.3985,4.0,DB
2025-06-04 15:58:47.834,1180,-0.1188545,0.9862565,-0.02375864,-0.1122831,4.218197,192.4988,346.7189,4.0,DB
2025-06-04 15:58:47.878,1181,-0.1176314,0.9862861,-0.01519326,-0.1147695,3.265953,192.8958,346.7664,4.0,DB
2025-06-04 15:58:47.912,1182,-0.1133718,0.9861495,0.002971187,-0.1210267,1.236651,193.8529,347.0339,4.0,DB
2025-06-04 15:58:47.957,1183,-0.111366,0.9858607,0.01333804,-0.124493,0.08191438,194.385,347.1204,4.0,DB
2025-06-04 15:58:47.978,1184,-0.1082659,0.9853104,0.02804347,-0.129057,358.4346,195.0992,347.2515,4.0,DB
2025-06-04 15:58:48.024,1185,-0.1068827,0.9848924,0.03496243,-0.1316846,357.6664,195.4909,347.2953,4.0,DB
2025-06-04 15:58:48.056,1186,-0.1043958,0.9841635,0.04681927,-0.1353961,356.3371,196.072,347.3726,4.0,DB
2025-06-04 15:58:48.101,1187,-0.1015989,0.983311,0.05949225,-0.1387017,354.9046,196.6182,347.4572,4.0,DB
2025-06-04 15:58:48.142,1188,-0.09955598,0.9824232,0.07088368,-0.1410998,353.6166,197.0479,347.4694,4.0,DB
2025-06-04 15:58:48.168,1189,-0.09856665,0.9816754,0.07901734,-0.1426694,352.7029,197.3436,347.4183,4.0,DB
2025-06-04 15:58:48.200,1190,-0.09333143,0.9784673,0.1014116,-0.1536456,350.2252,198.9239,347.4697,4.0,DB
2025-06-04 15:58:48.234,1191,-0.09162778,0.9770574,0.1086998,-0.1585805,349.435,199.6024,347.4549,4.0,DB
2025-06-04 15:58:48.279,1192,-0.08670978,0.9734638,0.1265152,-0.1698347,347.4751,201.1734,347.4698,4.0,DB
2025-06-04 15:58:48.300,1193,-0.08042502,0.9689686,0.1471284,-0.1816185,345.1724,202.8656,347.4958,4.0,DB
2025-06-04 15:58:48.346,1194,-0.07824127,0.9668406,0.1548229,-0.1874241,344.3328,203.6761,347.4433,4.0,DB
2025-06-04 15:58:48.378,1195,-0.07414862,0.9632639,0.1677535,-0.1961732,342.897,204.926,347.3895,4.0,DB
2025-06-04 15:58:48.412,1196,-0.06673029,0.9575918,0.186508,-0.2092365,340.7754,206.7921,347.408,4.0,DB
2025-06-04 15:58:48.463,1197,-0.0621558,0.9533696,0.1989337,-0.2182857,339.3793,208.1075,347.325,4.0,DB
2025-06-04 15:58:48.478,1198,-0.05578766,0.9482862,0.212955,-0.2286734,337.7672,209.6168,347.3192,4.0,DB
2025-06-04 15:58:48.523,1199,-0.05222797,0.945116,0.2207719,-0.2351336,336.8743,210.5551,347.2767,4.0,DB
2025-06-04 15:58:48.544,1200,-0.043925,0.9381882,0.2371477,-0.2482636,334.9652,212.4886,347.2366,4.0,DB
2025-06-04 15:58:48.591,1201,-0.0415486,0.9356328,0.241239,-0.2543007,334.514,213.3238,347.1705,4.0,DB
2025-06-04 15:58:48.622,1202,-0.03081875,0.9273535,0.2561736,-0.2710001,332.7146,215.6843,347.2589,4.0,DB
2025-06-04 15:58:48.668,1203,-0.02758655,0.924176,0.2602247,-0.278246,332.2487,216.6814,347.2174,4.0,DB
2025-06-04 15:58:48.690,1204,-0.01376495,0.9139408,0.2753372,-0.2978466,330.3247,219.4449,347.424,4.0,DB
2025-06-04 15:58:48.734,1205,-0.01228479,0.9125616,0.2761988,-0.3013221,330.2185,219.9004,347.4312,4.0,DB
2025-06-04 15:58:48.756,1206,-0.003560249,0.9060571,0.2836651,-0.3139781,329.2163,221.6536,347.5931,4.0,DB
2025-06-04 15:58:48.810,1207,0.0008139461,0.903443,0.2844954,-0.3207065,329.0311,222.4759,347.8131,4.0,DB
2025-06-04 15:58:48.823,1208,0.00757242,0.8987353,0.2874083,-0.3310804,328.5589,223.8218,348.0471,4.0,DB
2025-06-04 15:58:48.868,1209,0.009395368,0.8979999,0.2834435,-0.3364047,328.9768,224.3321,348.2967,4.0,DB
2025-06-04 15:58:48.901,1210,0.01884564,0.8913244,0.2852363,-0.3518895,328.551,226.2784,348.701,4.0,DB
2025-06-04 15:58:48.934,1211,0.02178331,0.8892152,0.281962,-0.3596099,328.861,227.1258,348.9498,4.0,DB
2025-06-04 15:58:48.967,1212,0.0260053,0.8858038,0.2778303,-0.3707909,329.2368,228.3871,349.2714,4.0,DB
2025-06-04 15:58:49.001,1213,0.02532828,0.8854796,0.2718814,-0.3759855,329.9645,228.8709,349.377,4.0,DB
2025-06-04 15:58:49.045,1214,0.02868067,0.8813702,0.2661307,-0.3892795,330.5641,230.3884,349.6384,4.0,DB
2025-06-04 15:58:49.083,1215,0.03132866,0.8786137,0.2638921,-0.3967588,330.7528,231.2705,349.8106,4.0,DB
2025-06-04 15:58:49.112,1216,0.03200598,0.877736,0.2614942,-0.4002202,331.0095,231.6358,349.9178,4.0,DB
2025-06-04 15:58:49.151,1217,0.03893663,0.8720218,0.2569878,-0.4147525,331.2822,233.3195,350.4656,4.0,DB
2025-06-04 15:58:49.179,1218,0.04175001,0.8710258,0.2533911,-0.4187649,331.5503,233.6726,350.8714,4.0,DB
2025-06-04 15:58:49.201,1219,0.04548368,0.8687419,0.2501134,-0.4250439,331.7556,234.3401,351.2776,4.0,DB
2025-06-04 15:58:49.246,1220,0.04804274,0.8688099,0.2465414,-0.4267068,332.0049,234.3785,351.7356,4.0,DB
2025-06-04 15:58:49.279,1221,0.05161063,0.8671136,0.2405361,-0.4331198,332.4933,234.9715,352.2989,4.0,DB
2025-06-04 15:58:49.312,1222,0.05334642,0.8663235,0.2349784,-0.4375192,333.0113,235.3437,352.7027,4.0,DB
2025-06-04 15:58:49.357,1223,0.05450189,0.8656608,0.2300312,-0.4413015,333.4895,235.6686,353.0251,4.0,DB
2025-06-04 15:58:49.390,1224,0.05625644,0.8643214,0.2236305,-0.4469603,334.0959,236.1978,353.4467,4.0,DB
2025-06-04 15:58:49.422,1225,0.05600875,0.8637596,0.2163903,-0.4516169,334.8868,236.6007,353.7424,4.0,DB
2025-06-04 15:58:49.468,1226,0.05660279,0.863956,0.2100015,-0.4541758,335.5261,236.7336,354.1384,4.0,DB
2025-06-04 15:58:49.489,1227,0.05610707,0.8637875,0.2012726,-0.4584897,336.4742,237.0607,354.5154,4.0,DB
2025-06-04 15:58:49.535,1228,0.05742887,0.8639899,0.1959953,-0.4602275,336.9499,237.119,354.9393,4.0,DB
2025-06-04 15:58:49.556,1229,0.05708149,0.8641706,0.1896249,-0.4625944,337.6324,237.2628,355.2373,4.0,DB
2025-06-04 15:58:49.613,1230,0.05822143,0.8656067,0.1842974,-0.46192,338.1088,237.0028,355.7065,4.0,DB
2025-06-04 15:58:49.634,1231,0.05673472,0.8672945,0.1715232,-0.4638552,339.5032,236.9506,356.2837,4.0,DB
2025-06-04 15:58:49.668,1232,0.05696197,0.8692107,0.1611932,-0.4639451,340.5444,236.7095,356.9271,4.0,DB
2025-06-04 15:58:49.712,1233,0.05666022,0.8718216,0.1502556,-0.4627528,341.6735,236.3099,357.5688,4.0,DB
2025-06-04 15:58:49.734,1234,0.05447991,0.8732953,0.1404303,-0.4633216,342.797,236.2132,357.9018,4.0,DB
2025-06-04 15:58:49.779,1235,0.05433097,0.8745664,0.1335108,-0.4629869,343.5107,236.0403,358.2911,4.0,DB
2025-06-04 15:58:49.812,1236,0.05078285,0.8757207,0.1207806,-0.4647007,345.0048,236.0873,358.6172,4.0,DB
2025-06-04 15:58:49.868,1237,0.04762113,0.8772671,0.1091475,-0.4649966,346.3618,235.9784,358.9414,4.0,DB
2025-06-04 15:58:49.890,1238,0.0412122,0.8794054,0.09507231,-0.4646602,348.1404,235.7986,359.071,4.0,DB
2025-06-04 15:58:49.923,1239,0.03515679,0.8818094,0.08120763,-0.4632294,349.8753,235.4956,359.2298,4.0,DB
2025-06-04 15:58:49.968,1240,0.03258161,0.884052,0.07020404,-0.4609361,351.1317,235.1062,359.5876,4.0,DB
2025-06-04 15:58:50.001,1241,0.02281496,0.8864827,0.04926013,-0.4595667,353.7823,234.821,359.7218,4.0,DB
2025-06-04 15:58:50.035,1242,0.01987584,0.8876794,0.04157516,-0.4581506,354.72,234.6059,359.8384,4.0,DB
2025-06-04 15:58:50.079,1243,0.01543947,0.8899664,0.02718519,-0.4549535,356.4203,234.1476,0.1575976,4.0,DB
2025-06-04 15:58:50.101,1244,0.01070607,0.8914192,0.01616418,-0.4527649,357.7928,233.8484,0.2551588,4.0,DB
2025-06-04 15:58:50.157,1245,0.008462591,0.8925743,0.01148998,-0.4506748,358.3875,233.576,0.2722922,4.0,DB
2025-06-04 15:58:50.178,1246,0.004697359,0.8943005,0.0008924534,-0.4474413,359.6677,233.1587,0.4356348,4.0,DB
2025-06-04 15:58:50.223,1247,0.0002118712,0.8967347,-0.01430316,-0.4423376,1.459186,232.5215,0.7470356,4.0,DB
2025-06-04 15:58:50.257,1248,-0.002628186,0.8982968,-0.02232578,-0.4388139,2.431039,232.0887,0.8528984,4.0,DB
2025-06-04 15:58:50.305,1249,-0.01099976,0.8989989,-0.03953467,-0.4360243,4.627398,231.7819,0.8449533,4.0,DB
2025-06-04 15:58:50.334,1250,-0.01743944,0.8980945,-0.05265369,-0.4362912,6.3034,231.8671,0.8427978,4.0,DB
2025-06-04 15:58:50.356,1251,-0.02076861,0.8973659,-0.06186359,-0.4364357,7.420873,231.9348,0.9664044,4.0,DB
2025-06-04 15:58:50.412,1252,-0.02629914,0.8951598,-0.06786507,-0.4397635,8.315907,232.3799,0.7299244,4.0,DB
2025-06-04 15:58:50.434,1253,-0.03087074,0.8923947,-0.08132935,-0.4427914,9.932878,232.8652,0.9846013,4.0,DB
2025-06-04 15:58:50.479,1254,-0.03371285,0.8909004,-0.08879024,-0.4441581,10.84508,233.1012,1.097062,4.0,DB
2025-06-04 15:58:50.500,1255,-0.03801345,0.8896583,-0.09891982,-0.4441601,12.10933,233.1869,1.18582,4.0,DB
2025-06-04 15:58:50.546,1256,-0.04203959,0.8890519,-0.09897513,-0.4449985,12.32186,233.2632,0.7821842,4.0,DB
2025-06-04 15:58:50.591,1257,-0.0470447,0.8867071,-0.1053895,-0.447695,13.23953,233.6528,0.6436491,4.0,DB
2025-06-04 15:58:50.623,1258,-0.05076393,0.8838936,-0.1181132,-0.4496716,14.74119,234.0548,0.9766848,4.0,DB
2025-06-04 15:58:50.657,1259,-0.05010569,0.8833876,-0.1204008,-0.450133,14.94131,234.157,1.178226,4.0,DB
2025-06-04 15:58:50.701,1260,-0.049775,0.8841981,-0.131221,-0.4455306,16.04566,233.7283,1.723472,4.0,DB
2025-06-04 15:58:50.734,1261,-0.05158086,0.8849967,-0.1414255,-0.4405896,17.20397,233.2346,1.999125,4.0,DB
2025-06-04 15:58:50.767,1262,-0.0530249,0.8858231,-0.1532825,-0.4347536,18.52194,232.6705,2.37776,4.0,DB
2025-06-04 15:58:50.812,1263,-0.05471389,0.8868996,-0.158248,-0.4305499,19.13616,232.1901,2.379007,4.0,DB
2025-06-04 15:58:50.845,1264,-0.05616554,0.8862918,-0.1701325,-0.4270684,20.45961,231.9604,2.79939,4.0,DB
2025-06-04 15:58:50.896,1265,-0.05453685,0.8862899,-0.1717172,-0.426649,20.5435,231.9644,3.051916,4.0,DB
2025-06-04 15:58:50.910,1266,-0.05283515,0.8862204,-0.1815695,-0.4229123,21.50056,231.7232,3.693026,4.0,DB
2025-06-04 15:58:50.956,1267,-0.05092503,0.88683,-0.1804485,-0.4223481,21.28888,231.6503,3.821506,4.0,DB
2025-06-04 15:58:50.989,1268,-0.04827912,0.8877051,-0.1855556,-0.4185906,21.70671,231.3161,4.297927,4.0,DB
2025-06-04 15:58:51.035,1269,-0.04505988,0.8895759,-0.1856104,-0.4149378,21.5691,230.8811,4.555631,4.0,DB
2025-06-04 15:58:51.067,1270,-0.04244968,0.891452,-0.1878892,-0.4101332,21.70381,230.3407,4.842687,4.0,DB
2025-06-04 15:58:51.112,1271,-0.04014493,0.8938717,-0.1859762,-0.4059494,21.41197,229.7736,4.88169,4.0,DB
2025-06-04 15:58:51.158,1272,-0.03572682,0.8960981,-0.1916614,-0.3987455,21.83819,229.0362,5.490768,4.0,DB
2025-06-04 15:58:51.178,1273,-0.03460091,0.8973278,-0.1933289,-0.3952593,21.98176,228.6369,5.615175,4.0,DB
2025-06-04 15:58:51.222,1274,-0.03113413,0.8983783,-0.2018886,-0.3888294,22.76524,228.0751,6.292132,4.0,DB
2025-06-04 15:58:51.244,1275,-0.02833123,0.8993682,-0.207101,-0.3839839,23.22092,227.6293,6.754434,4.0,DB
2025-06-04 15:58:51.290,1276,-0.02402244,0.9013079,-0.208995,-0.3786665,23.26165,227.0591,7.189352,4.0,DB
2025-06-04 15:58:51.333,1277,-0.01648766,0.9049639,-0.2124233,-0.3683005,23.36676,225.9326,7.928839,4.0,DB
2025-06-04 15:58:51.367,1278,-0.01061483,0.9077472,-0.2139608,-0.3606983,23.33472,225.0913,8.459611,4.0,DB
2025-06-04 15:58:51.412,1279,-0.005812904,0.9114096,-0.2082365,-0.3548752,22.56326,224.2563,8.544199,4.0,DB
2025-06-04 15:58:51.444,1280,0.002899243,0.9152529,-0.2099092,-0.3438632,22.47289,223.0384,9.321079,4.0,DB
2025-06-04 15:58:51.495,1281,0.006742625,0.9178042,-0.2054774,-0.3396603,21.87579,222.4423,9.424804,4.0,DB
2025-06-04 15:58:51.510,1282,0.0136578,0.9199965,-0.208198,-0.3317739,21.96376,221.6339,10.14021,4.0,DB
2025-06-04 15:58:51.556,1283,0.02070548,0.9231014,-0.2007986,-0.327315,20.92591,220.9852,10.46628,4.0,DB
2025-06-04 15:58:51.607,1284,0.02612815,0.9255163,-0.1973217,-0.3221821,20.39026,220.3335,10.79196,4.0,DB
2025-06-04 15:58:51.622,1285,0.03361882,0.9280604,-0.1989325,-0.313049,20.3769,219.3543,11.50374,4.0,DB
2025-06-04 15:58:51.667,1286,0.03795287,0.9297185,-0.1956655,-0.3096746,19.89646,218.9151,11.7668,4.0,DB
2025-06-04 15:58:51.712,1287,0.04205519,0.9312539,-0.192676,-0.3063885,19.45643,218.4915,12.02215,4.0,DB
2025-06-04 15:58:51.733,1288,0.05262983,0.9345677,-0.192598,-0.2944817,19.20776,217.1815,12.9612,4.0,DB
2025-06-04 15:58:51.778,1289,0.05887283,0.9364743,-0.1885536,-0.2898232,18.60402,216.5966,13.39515,4.0,DB
2025-06-04 15:58:51.823,1290,0.06487855,0.9387346,-0.1845566,-0.2837382,18.04008,215.8339,13.78336,4.0,DB
2025-06-04 15:58:51.845,1291,0.07119499,0.9408354,-0.182607,-0.2764325,17.71275,214.9832,14.27721,4.0,DB
2025-06-04 15:58:51.908,1292,0.07509868,0.942552,-0.1785759,-0.272152,17.20297,214.4119,14.47458,4.0,DB
2025-06-04 15:58:51.945,1293,0.08629932,0.9462953,-0.1719555,-0.2598251,16.29577,212.9049,15.26372,4.0,DB
2025-06-04 15:58:51.955,1294,0.09582268,0.9491865,-0.1669747,-0.2489633,15.62068,211.5995,15.97472,4.0,DB
2025-06-04 15:58:52.000,1295,0.09797036,0.950643,-0.1618659,-0.2459251,15.04435,211.1319,15.98108,4.0,DB
2025-06-04 15:58:52.052,1296,0.1063726,0.9531382,-0.1573024,-0.2355175,14.46311,209.882,16.61457,4.0,DB
2025-06-04 15:58:52.067,1297,0.1153407,0.9556637,-0.1510869,-0.224892,13.70354,208.5751,17.26913,4.0,DB
2025-06-04 15:58:52.112,1298,0.1178909,0.956434,-0.1474991,-0.2226655,13.27622,208.2525,17.40906,4.0,DB
2025-06-04 15:58:52.163,1299,0.1314624,0.9601716,-0.1360134,-0.2056425,11.95385,206.1174,18.37463,4.0,DB
2025-06-04 15:58:52.177,1300,0.1380531,0.9619547,-0.1301108,-0.1966106,11.30525,204.985,18.84638,4.0,DB
2025-06-04 15:58:52.222,1301,0.1397804,0.9626716,-0.127658,-0.1934647,11.05202,204.5752,18.93764,4.0,DB
2025-06-04 15:58:52.267,1302,0.1492226,0.9649019,-0.1168804,-0.1817587,9.86406,203.0434,19.59788,4.0,DB
2025-06-04 15:58:52.289,1303,0.1585343,0.9668511,-0.105937,-0.1698336,8.684975,201.4812,20.27429,4.0,DB
2025-06-04 15:58:52.333,1304,0.1670938,0.9683475,-0.094566,-0.1595003,7.460485,200.085,20.9036,4.0,DB
2025-06-04 15:58:52.367,1305,0.1737495,0.9693074,-0.08585473,-0.151273,6.538568,198.9783,21.41888,4.0,DB
2025-06-04 15:58:52.400,1306,0.1773313,0.969812,-0.08089606,-0.1465407,6.023447,198.3404,21.69751,4.0,DB
2025-06-04 15:58:52.445,1307,0.1877376,0.9710164,-0.06534158,-0.132712,4.419906,196.4457,22.52428,4.0,DB
2025-06-04 15:58:52.478,1308,0.197621,0.9716161,-0.04943847,-0.1202669,2.781996,194.6874,23.3522,4.0,DB
2025-06-04 15:58:52.511,1309,0.2068441,0.9716356,-0.03472806,-0.109242,1.277453,193.1034,24.18245,4.0,DB
2025-06-04 15:58:52.556,1310,0.2132762,0.9716011,-0.02160721,-0.1001898,359.9571,191.7654,24.75686,4.0,DB
2025-06-04 15:58:52.597,1311,0.2218767,0.9711406,-0.002600227,-0.08746414,358.0652,189.8536,25.57218,4.0,DB
2025-06-04 15:58:52.622,1312,0.224895,0.9709175,0.004355836,-0.0819931,357.4014,189.0571,25.87717,4.0,DB
2025-06-04 15:58:52.644,1313,0.232267,0.9697687,0.02130827,-0.07174286,355.7186,187.4471,26.65935,4.0,DB
2025-06-04 15:58:52.689,1314,0.2352667,0.9691666,0.02748979,-0.06789829,355.1106,186.8406,26.99701,4.0,DB
2025-06-04 15:58:52.733,1315,0.2372822,0.9688179,0.0534004,-0.04730295,352.7662,183.8329,27.28151,4.0,DB
2025-06-04 15:58:52.755,1316,0.2339721,0.9696221,0.06079232,-0.03734588,352.2202,182.5438,26.95954,4.0,DB
2025-06-04 15:58:52.800,1317,0.2311272,0.9703395,0.06367045,-0.0311108,352.071,181.7904,26.67141,4.0,DB
2025-06-04 15:58:52.848,1318,0.227987,0.9710499,0.06807709,-0.02120342,351.8433,180.5868,26.3838,4.0,DB
2025-06-04 15:58:52.866,1319,0.2232178,0.971801,0.07556929,-0.008119803,351.344,178.9593,25.95109,4.0,DB
2025-06-04 15:58:52.912,1320,0.2208127,0.9721336,0.0787141,-0.00153647,351.1574,178.1572,25.73682,4.0,DB
2025-06-04 15:58:52.956,1321,0.2148357,0.9726089,0.08765505,0.01393408,350.5306,176.2351,25.2236,4.0,DB
2025-06-04 15:58:52.992,1322,0.2108209,0.9729547,0.09152204,0.02318804,350.3101,175.1284,24.865,4.0,DB
2025-06-04 15:58:53.023,1323,0.2067958,0.9731705,0.09552731,0.03239776,350.0651,174.0231,24.51343,4.0,DB
2025-06-04 15:58:53.044,1324,0.2009712,0.9728476,0.1045187,0.04747874,349.381,172.1413,24.07548,4.0,DB
2025-06-04 15:58:53.099,1325,0.1989379,0.9729456,0.105751,0.05116118,349.3141,171.7132,23.88828,4.0,DB
2025-06-04 15:58:53.121,1326,0.1890909,0.9718745,0.1183275,0.07552053,348.3789,168.7231,23.17142,4.0,DB
2025-06-04 15:58:53.171,1327,0.1867211,0.9717703,0.1197997,0.08028601,348.2961,168.1681,22.97006,4.0,DB
2025-06-04 15:58:53.198,1328,0.1829197,0.9713048,0.1220956,0.0905548,348.2258,166.9783,22.67893,4.0,DB
2025-06-04 15:58:53.221,1329,0.1763359,0.9698601,0.1286737,0.1082606,347.795,164.854,22.23814,4.0,DB
2025-06-04 15:58:53.267,1330,0.1738137,0.9695894,0.1274835,0.1159024,348.0579,164.0365,22.00682,4.0,DB
2025-06-04 15:58:53.288,1331,0.168277,0.9678158,0.13217,0.1324655,347.8044,162.0713,21.65809,4.0,DB
2025-06-04 15:58:53.333,1332,0.1653733,0.9668099,0.1319823,0.1432168,348.0045,160.8686,21.44178,4.0,DB
2025-06-04 15:58:53.383,1333,0.1604344,0.9646978,0.1338745,0.1603023,348.0616,158.898,21.11582,4.0,DB
2025-06-04 15:58:53.399,1334,0.1556307,0.9620445,0.1383209,0.1764001,347.8053,156.965,20.8723,4.0,DB
2025-06-04 15:58:53.444,1335,0.1545236,0.9610587,0.1383295,0.1826304,347.9102,156.2517,20.8193,4.0,DB
2025-06-04 15:58:53.477,1336,0.1494322,0.9576796,0.1421898,0.2007532,347.7401,154.0889,20.56798,4.0,DB
2025-06-04 15:58:53.523,1337,0.1455791,0.9545688,0.1463494,0.2149118,347.4772,152.3581,20.43479,4.0,DB
2025-06-04 15:58:53.543,1338,0.1412928,0.9504338,0.1502761,0.232657,347.2963,150.2062,20.30386,4.0,DB
2025-06-04 15:58:53.589,1339,0.1397687,0.9485508,0.1520206,0.2400126,347.2142,149.3041,20.28721,4.0,DB
2025-06-04 15:58:53.621,1340,0.1344249,0.9417271,0.1562998,0.2658018,347.1193,146.1753,20.17892,4.0,DB
2025-06-04 15:58:53.655,1341,0.1343507,0.9399816,0.1555684,0.2723656,347.3334,145.4132,20.22647,4.0,DB
2025-06-04 15:58:53.701,1342,0.1336419,0.9364511,0.1563434,0.2841761,347.4753,143.9837,20.32984,4.0,DB
2025-06-04 15:58:53.721,1343,0.1317194,0.9308401,0.1582736,0.3018879,347.5771,141.8161,20.42319,4.0,DB
2025-06-04 15:58:53.766,1344,0.1314964,0.9266992,0.1583793,0.3144098,347.8277,140.3021,20.56091,4.0,DB
2025-06-04 15:58:53.798,1345,0.1301297,0.9212128,0.1587274,0.3305131,348.0871,138.3507,20.62586,4.0,DB
2025-06-04 15:58:53.832,1346,0.128635,0.9132964,0.1596121,0.3519474,348.4045,135.7191,20.76586,4.0,DB
2025-06-04 15:58:53.865,1347,0.1271783,0.9050302,0.1614102,0.3724149,348.6129,133.1548,20.94428,4.0,DB
2025-06-04 15:58:53.911,1348,0.1267144,0.9016279,0.161587,0.3806579,348.7603,132.1323,21.00141,4.0,DB
2025-06-04 15:58:53.932,1349,0.1257041,0.8928517,0.1624286,0.4007888,349.0888,129.6053,21.17386,4.0,DB
2025-06-04 15:58:53.977,1350,0.1251876,0.887464,0.1623035,0.4127875,349.3549,128.1083,21.2495,4.0,DB
2025-06-04 15:58:54.029,1351,0.1254803,0.8807113,0.1628694,0.4267035,349.6421,126.3311,21.46802,4.0,DB
2025-06-04 15:58:54.054,1352,0.1264557,0.8706695,0.1634393,0.4463534,350.1124,123.8056,21.8159,4.0,DB
2025-06-04 15:58:54.077,1353,0.1274558,0.8612711,0.1635733,0.4639086,350.5895,121.5408,22.10958,4.0,DB
2025-06-04 15:58:54.121,1354,0.1284612,0.8564481,0.1637915,0.4724057,350.8403,120.4289,22.31098,4.0,DB
2025-06-04 15:58:54.172,1355,0.1304889,0.8450912,0.1644294,0.4916875,351.3965,117.8835,22.74286,4.0,DB
2025-06-04 15:58:54.199,1356,0.1326402,0.8347023,0.164388,0.5085819,351.9803,115.6502,23.10878,4.0,DB
2025-06-04 15:58:54.221,1357,0.1352816,0.8254349,0.1641789,0.5228782,352.5555,113.7459,23.47703,4.0,DB
2025-06-04 15:58:54.265,1358,0.1370024,0.8181012,0.1641305,0.5338559,352.9768,112.2694,23.73001,4.0,DB
2025-06-04 15:58:54.312,1359,0.1386511,0.8077821,0.1643367,0.5488694,353.4948,110.2244,24.01771,4.0,DB
2025-06-04 15:58:54.333,1360,0.1417987,0.7942543,0.1638695,0.5676269,354.2994,107.6615,24.41393,4.0,DB
2025-06-04 15:58:54.377,1361,0.1434098,0.7879029,0.1633164,0.5761688,354.7157,106.4944,24.57912,4.0,DB
2025-06-04 15:58:54.422,1362,0.1460306,0.7722592,0.1620307,0.5966884,355.6419,103.6565,24.8425,4.0,DB
2025-06-04 15:58:54.470,1363,0.1489841,0.7638607,0.1608752,0.6069925,356.2784,102.2282,25.07472,4.0,DB
2025-06-04 15:58:54.501,1364,0.151182,0.7538203,0.1608607,0.6188886,356.8247,100.5144,25.32133,4.0,DB
2025-06-04 15:58:54.522,1365,0.1549323,0.7388807,0.1620912,0.6354352,357.5565,98.04926,25.80729,4.0,DB
2025-06-04 15:58:54.578,1366,0.1548485,0.734543,0.1626217,0.6403302,357.6733,97.30596,25.85585,4.0,DB
2025-06-04 15:58:54.601,1367,0.1593808,0.7166408,0.1626369,0.6592216,358.6838,94.47205,26.29429,4.0,DB
2025-06-04 15:58:54.653,1368,0.1586079,0.7133464,0.1623945,0.6630298,358.7759,93.90224,26.21434,4.0,DB
2025-06-04 15:58:54.668,1369,0.1604903,0.7014921,0.159872,0.6757167,359.5757,92.04573,26.18262,4.0,DB
2025-06-04 15:58:54.713,1370,0.1562794,0.6928753,0.1533965,0.6870009,0.1236906,90.51559,25.29838,4.0,DB
2025-06-04 15:58:54.748,1371,0.1525178,0.6817508,0.1461837,0.7004175,0.8211108,88.62988,24.37958,4.0,DB
2025-06-04 15:58:54.792,1372,0.1489041,0.673121,0.1409666,0.7105381,1.250803,87.16365,23.63324,4.0,DB
2025-06-04 15:58:54.825,1373,0.1452002,0.6623286,0.1348562,0.7225314,1.78707,85.38184,22.7931,4.0,DB
2025-06-04 15:58:54.860,1374,0.1422757,0.6569111,0.1314836,0.7286547,1.982459,84.46183,22.25714,4.0,DB
2025-06-04 15:58:54.911,1375,0.1377351,0.6423672,0.1233482,0.7437599,2.660286,82.12951,21.15085,4.0,DB
2025-06-04 15:58:54.924,1376,0.1333248,0.6265855,0.1149968,0.7592043,3.34401,79.65725,20.01545,4.0,DB
2025-06-04 15:58:54.972,1377,0.1299656,0.6175963,0.1100592,0.7678352,3.648774,78.24187,19.28192,4.0,DB
2025-06-04 15:58:55.006,1378,0.1248909,0.5933645,0.09802271,0.7891214,4.633508,74.60277,17.69251,4.0,DB
2025-06-04 15:58:55.058,1379,0.1232372,0.5807554,0.09181418,0.7994411,5.186537,72.7654,16.92582,4.0,DB
2025-06-04 15:58:55.084,1380,0.1198651,0.5583479,0.08245782,0.8167503,5.953389,69.53435,15.6645,4.0,DB
2025-06-04 15:58:55.117,1381,0.1183122,0.5459453,0.07829517,0.8257216,6.309328,67.77884,15.07357,4.0,DB
2025-06-04 15:58:55.163,1382,0.1148459,0.515633,0.06774427,0.8463709,7.154314,63.55534,13.58805,4.0,DB
2025-06-04 15:58:55.210,1383,0.1106556,0.4852178,0.05732734,0.8654667,7.810955,59.37853,12.03733,4.0,DB
2025-06-04 15:58:55.227,1384,0.1074298,0.4657062,0.05231141,0.8768353,8.028927,56.73378,11.16862,4.0,DB
2025-06-04 15:58:55.274,1385,0.1057685,0.4529445,0.050688,0.8837903,8.107838,55.03775,10.79418,4.0,DB
2025-06-04 15:58:55.307,1386,0.09884367,0.4033392,0.03552832,0.9090024,8.687102,48.49408,8.395226,4.0,DB
2025-06-04 15:58:55.341,1387,0.09387229,0.3766083,0.02989007,0.9211195,8.651352,45.02891,7.308876,4.0,DB
2025-06-04 15:58:55.386,1388,0.09005579,0.3558735,0.02607175,0.9298195,8.564041,42.37711,6.537323,4.0,DB
2025-06-04 15:58:55.435,1389,0.08576994,0.3319182,0.01990333,0.93919,8.505014,39.33498,5.472732,4.0,DB
2025-06-04 15:58:55.485,1390,0.07853657,0.2858032,0.008779969,0.9550244,8.336699,33.58144,3.573029,4.0,DB
2025-06-04 15:58:55.508,1391,0.07546032,0.2661922,0.0059507,0.9609435,8.155382,31.17978,2.988627,4.0,DB
2025-06-04 15:58:55.541,1392,0.07056071,0.2372905,0.0002681394,0.9688729,7.851233,27.65831,1.967243,4.0,DB
2025-06-04 15:58:55.576,1393,0.06803089,0.2232596,-0.001026221,0.9723817,7.629239,25.9715,1.640878,4.0,DB
2025-06-04 15:58:55.620,1394,0.064025,0.2009982,-0.003114681,0.9774922,7.262764,23.31116,1.134965,4.0,DB
2025-06-04 15:58:55.652,1395,0.05789664,0.174922,-0.00639606,0.9828578,6.663958,20.20867,0.4431424,4.0,DB
2025-06-04 15:58:55.686,1396,0.05278923,0.1553414,-0.008982003,0.9864086,6.138605,17.895,359.924,4.0,DB
2025-06-04 15:58:55.731,1397,0.0492002,0.1427118,-0.01059561,0.988484,5.755955,16.41057,359.6024,4.0,DB
2025-06-04 15:58:55.764,1398,0.04084469,0.1161226,-0.01458917,0.9922876,4.844261,13.30202,358.8805,4.0,DB
2025-06-04 15:58:55.797,1399,0.03808903,0.1082445,-0.01583187,0.9932684,4.536414,12.38605,358.6662,4.0,DB
2025-06-04 15:58:55.842,1400,0.03199199,0.09115238,-0.0182909,0.995155,3.842182,10.40804,358.2441,4.0,DB
2025-06-04 15:58:55.876,1401,0.0279481,0.08020711,-0.01970378,0.9961916,3.373466,9.147545,358.0037,4.0,DB
2025-06-04 15:58:55.908,1402,0.02222995,0.06485433,-0.02092768,0.9974276,2.697337,7.387949,357.7702,4.0,DB
2025-06-04 15:58:55.942,1403,0.01562402,0.04799667,-0.02211918,0.9984806,1.909669,5.463357,357.553,4.0,DB
2025-06-04 15:58:55.986,1404,0.01281008,0.0420007,-0.02230127,0.9987866,1.573678,4.781699,357.5075,4.0,DB
2025-06-04 15:58:56.019,1405,0.007719394,0.02986073,-0.02293035,0.9992614,0.9624316,3.401452,357.3995,4.0,DB
2025-06-04 15:58:56.053,1406,0.001250103,0.01845564,-0.0233803,0.9995557,0.192634,2.11106,357.3237,4.0,DB
2025-06-04 15:58:56.102,1407,-0.004814614,0.008774463,-0.02499944,0.9996374,359.4736,1.019004,357.1302,4.0,DB
2025-06-04 15:58:56.139,1408,-0.008139838,0.00160623,-0.02608485,0.9996254,359.0724,0.20835,357.0088,4.0,DB
2025-06-04 15:58:56.164,1409,-0.01432183,-0.006687585,-0.02778099,0.9994892,358.3382,359.2793,356.8262,4.0,DB
2025-06-04 15:58:56.212,1410,-0.01632377,-0.006848253,-0.02890399,0.9994256,358.1075,359.2693,356.6989,4.0,DB
2025-06-04 15:58:56.241,1411,-0.02532018,-0.0194167,-0.03051935,0.9990247,357.0321,357.8624,356.5558,4.0,DB
2025-06-04 15:58:56.275,1412,-0.02779572,-0.02239349,-0.03301494,0.9988173,356.7321,357.5373,356.2839,4.0,DB
2025-06-04 15:58:56.308,1413,-0.0328225,-0.02783788,-0.03444822,0.9984795,356.1317,356.936,356.1516,4.0,DB
2025-06-04 15:58:56.352,1414,-0.03792426,-0.03267668,-0.03516749,0.998127,355.5261,356.402,356.1048,4.0,DB
2025-06-04 15:58:56.392,1415,-0.0406779,-0.03510145,-0.03702609,0.9978689,355.194,356.1424,355.912,4.0,DB
2025-06-04 15:58:56.419,1416,-0.04140314,-0.03536189,-0.03860856,0.99777,355.1037,356.123,355.7339,4.0,DB
2025-06-04 15:58:56.452,1417,-0.04217458,-0.03546097,-0.03991689,0.9976827,355.0098,356.1212,355.5868,4.0,DB
2025-06-04 15:58:56.502,1418,-0.04017797,-0.03366635,-0.04049737,0.9978037,355.2444,356.3219,355.5045,4.0,DB
2025-06-04 15:58:56.530,1419,-0.03764741,-0.03123205,-0.04254115,0.9978967,355.5382,356.5998,355.2503,4.0,DB
2025-06-04 15:58:56.563,1420,-0.03653312,-0.02969399,-0.04359649,0.9979394,355.6698,356.7759,355.119,4.0,DB
2025-06-04 15:58:56.597,1421,-0.03624558,-0.02861353,-0.04408055,0.9979602,355.7065,356.9007,355.0579,4.0,DB
2025-06-04 15:58:56.629,1422,-0.03552284,-0.0274598,-0.04421721,0.9980125,355.7946,357.0303,355.0354,4.0,DB
2025-06-04 15:58:56.674,1423,-0.03435138,-0.02506383,-0.04429438,0.9981132,355.9404,357.2999,355.0137,4.0,DB
2025-06-04 15:58:56.707,1424,-0.03364023,-0.02325298,-0.04442417,0.9981754,356.0306,357.5047,354.9899,4.0,DB
2025-06-04 15:58:56.741,1425,-0.03237924,-0.02085589,-0.04519164,0.9982357,356.1853,357.7765,354.8899,4.0,DB
2025-06-04 15:58:56.790,1426,-0.03109234,-0.02016591,-0.04576744,0.9982646,356.335,357.8513,354.8188,4.0,DB
2025-06-04 15:58:56.818,1427,-0.0316195,-0.01919169,-0.04699618,0.9982101,356.2772,357.9703,354.6749,4.0,DB
2025-06-04 15:58:56.852,1428,-0.03294375,-0.01868905,-0.04764254,0.9981462,356.127,358.0374,354.601,4.0,DB
2025-06-04 15:58:56.885,1429,-0.03344837,-0.0176878,-0.04754484,0.9981523,356.0747,358.1544,354.609,4.0,DB
2025-06-04 15:58:56.918,1430,-0.03385641,-0.01729079,-0.04706145,0.9981684,356.031,358.2002,354.6636,4.0,DB
2025-06-04 15:58:56.964,1431,-0.03357359,-0.01642448,-0.04658155,0.9982151,356.0688,358.2962,354.715,4.0,DB
2025-06-04 15:58:56.996,1432,-0.03289923,-0.0163495,-0.04639706,0.9982473,356.1468,358.3006,354.735,4.0,DB
2025-06-04 15:58:57.030,1433,-0.03301715,-0.01627202,-0.04585872,0.9982697,356.1346,358.308,354.7967,4.0,DB
2025-06-04 15:58:57.074,1434,-0.03308972,-0.01743894,-0.04598648,0.9982417,356.12,358.175,354.7866,4.0,DB
2025-06-04 15:58:57.107,1435,-0.03207479,-0.01808718,-0.04586627,0.9982687,356.2331,358.0951,354.8014,4.0,DB
2025-06-04 15:58:57.154,1436,-0.03097085,-0.01867558,-0.04557073,0.9983063,356.357,358.0209,354.8357,4.0,DB
2025-06-04 15:58:57.174,1437,-0.03018731,-0.01946146,-0.04556319,0.9983156,356.4427,357.9268,354.838,4.0,DB
2025-06-04 15:58:57.207,1438,-0.02974971,-0.01984116,-0.04548634,0.9983248,356.491,357.8808,354.8474,4.0,DB
2025-06-04 15:58:57.252,1439,-0.02966547,-0.02005428,-0.045422,0.9983259,356.4997,357.8557,354.8554,4.0,DB
2025-06-04 15:58:57.284,1440,-0.02951013,-0.02033555,-0.04520854,0.9983346,356.5165,357.8219,354.8806,4.0,DB
2025-06-04 15:58:57.318,1441,-0.02953198,-0.02069583,-0.04560165,0.9983087,356.5113,357.7821,354.8368,4.0,DB
2025-06-04 15:58:57.352,1442,-0.03034016,-0.02032198,-0.04561944,0.9982913,356.4207,357.8291,354.8349,4.0,DB
2025-06-04 15:58:57.384,1443,-0.03116927,-0.01978737,-0.04569944,0.9982729,356.3283,357.8949,354.8253,4.0,DB
2025-06-04 15:58:57.430,1444,-0.0316572,-0.01889829,-0.0461416,0.9982544,356.2762,358.0009,354.7721,4.0,DB
2025-06-04 15:58:57.470,1445,-0.03202179,-0.01835499,-0.04619124,0.9982507,356.2371,358.0653,354.7649,4.0,DB
2025-06-04 15:58:57.496,1446,-0.03199754,-0.01827831,-0.04609083,0.9982575,356.2405,358.0736,354.7762,4.0,DB
2025-06-04 15:58:57.530,1447,-0.0319386,-0.01914013,-0.04568025,0.998262,356.2436,357.9729,354.8264,4.0,DB
2025-06-04 15:58:57.562,1448,-0.03193063,-0.020167,-0.04565093,0.9982434,356.2393,357.855,354.8336,4.0,DB
2025-06-04 15:58:57.597,1449,-0.03168152,-0.0210662,-0.04565876,0.9982324,356.2631,357.7507,354.8357,4.0,DB
2025-06-04 15:58:57.629,1450,-0.03084469,-0.0214059,-0.04548579,0.9982593,356.3576,357.7068,354.8552,4.0,DB
2025-06-04 15:58:57.674,1451,-0.03015291,-0.02123136,-0.04521025,0.9982967,356.4383,357.7224,354.8848,4.0,DB
2025-06-04 15:58:57.706,1452,-0.02956699,-0.02090105,-0.04520543,0.9983214,356.5071,357.7574,354.8831,4.0,DB
2025-06-04 15:58:57.740,1453,-0.02933269,-0.02083298,-0.04487089,0.9983448,356.5351,357.7628,354.9208,4.0,DB
2025-06-04 15:58:57.774,1454,-0.02965543,-0.0212778,-0.04527851,0.9983075,356.4949,357.7149,354.8762,4.0,DB
2025-06-04 15:58:57.807,1455,-0.02827276,-0.02144504,-0.04539918,0.9983386,356.6521,357.6892,354.8601,4.0,DB
2025-06-04 15:58:57.852,1456,-0.02724551,-0.02143344,-0.04504786,0.9983832,356.7706,357.6842,354.8983,4.0,DB
2025-06-04 15:58:57.885,1457,-0.0284667,-0.02097915,-0.04434947,0.9983901,356.6346,357.74,354.9795,4.0,DB
2025-06-04 15:58:57.918,1458,-0.02886415,-0.02137109,-0.04399832,0.998386,356.588,357.6958,355.0219,4.0,DB
2025-06-04 15:58:57.950,1459,-0.02881221,-0.02177314,-0.04372501,0.9983908,356.5926,357.6486,355.0546,4.0,DB
2025-06-04 15:58:57.984,1460,-0.02875926,-0.02230521,-0.04328102,0.9983999,356.5971,357.5858,355.1072,4.0,DB
2025-06-04 15:58:58.041,1461,-0.02877187,-0.02309377,-0.04244246,0.9984176,356.5939,357.4926,355.2062,4.0,DB
2025-06-04 15:58:58.062,1462,-0.02830189,-0.02343856,-0.04221945,0.9984324,356.6466,357.4501,355.232,4.0,DB
2025-06-04 15:58:58.111,1463,-0.02783536,-0.02373084,-0.04197365,0.998449,356.6993,357.4136,355.2601,4.0,DB
2025-06-04 15:58:58.129,1464,-0.02793904,-0.023582,-0.04209002,0.9984448,356.6878,357.4315,355.2465,4.0,DB
2025-06-04 15:58:58.181,1465,-0.0277895,-0.02319114,-0.04178347,0.9984709,356.7076,357.4746,355.28,4.0,DB
2025-06-04 15:58:58.215,1466,-0.02861243,-0.02283816,-0.04215245,0.9984403,356.6141,357.5201,355.2383,4.0,DB
2025-06-04 15:58:58.240,1467,-0.02940671,-0.02260924,-0.04243065,0.9984107,356.5235,357.551,355.2073,4.0,DB
2025-06-04 15:58:58.287,1468,-0.02905917,-0.0227509,-0.04275556,0.9984038,356.5619,357.5343,355.1697,4.0,DB
2025-06-04 15:58:58.307,1469,-0.02920837,-0.02279014,-0.04272846,0.9983997,356.5446,357.5304,355.1733,4.0,DB
2025-06-04 15:58:58.340,1470,-0.02958669,-0.02304199,-0.04244589,0.9983948,356.5008,357.5023,355.2075,4.0,DB
2025-06-04 15:58:58.385,1471,-0.03020322,-0.02292245,-0.04241048,0.9983806,356.4308,357.5187,355.2125,4.0,DB
2025-06-04 15:58:58.427,1472,-0.03056319,-0.02284341,-0.04232575,0.9983751,356.3902,357.5292,355.2227,4.0,DB
2025-06-04 15:58:58.451,1473,-0.03051849,-0.02292829,-0.04210629,0.9983838,356.3955,357.5184,355.2481,4.0,DB
2025-06-04 15:58:58.484,1474,-0.03024462,-0.02319905,-0.04185398,0.9983965,356.4262,357.4852,355.2775,4.0,DB
2025-06-04 15:58:58.518,1475,-0.02993677,-0.02326349,-0.04221373,0.9983891,356.4602,357.4777,355.2357,4.0,DB
2025-06-04 15:58:58.562,1476,-0.02962601,-0.02312372,-0.04230634,0.9983976,356.4963,357.4926,355.2239,4.0,DB
2025-06-04 15:58:58.595,1477,-0.02890281,-0.02308697,-0.04199572,0.9984329,356.58,357.4924,355.2578,4.0,DB
2025-06-04 15:58:58.629,1478,-0.02942362,-0.02305777,-0.04145911,0.9984407,356.5219,357.4963,355.3205,4.0,DB
2025-06-04 15:58:58.662,1479,-0.03030564,-0.02333519,-0.04230533,0.9983724,356.4174,357.4715,355.2263,4.0,DB
2025-06-04 15:58:58.695,1480,-0.02927363,-0.02365589,-0.04238348,0.9983923,356.5339,357.4302,355.2161,4.0,DB
2025-06-04 15:58:58.740,1481,-0.02951192,-0.02339899,-0.0414763,0.9984295,356.5101,357.4576,355.3199,4.0,DB
2025-06-04 15:58:58.774,1482,-0.03034419,-0.0234982,-0.04049344,0.9984425,356.4169,357.4465,355.435,4.0,DB
2025-06-04 15:58:58.807,1483,-0.03130175,-0.02386388,-0.04032602,0.9984111,356.3059,357.4081,355.4577,4.0,DB
2025-06-04 15:58:58.840,1484,-0.03084498,-0.02438205,-0.04055399,0.9984035,356.3553,357.3475,355.4324,4.0,DB
2025-06-04 15:58:58.873,1485,-0.02985312,-0.02457885,-0.04039085,0.9984354,356.4684,357.32,355.4495,4.0,DB
2025-06-04 15:58:58.918,1486,-0.03019528,-0.02450085,-0.03980945,0.9984505,356.4312,357.3284,355.5168,4.0,DB
2025-06-04 15:58:58.950,1487,-0.03030494,-0.0244649,-0.03965284,0.9984543,356.4192,357.3324,355.5349,4.0,DB
2025-06-04 15:58:58.984,1488,-0.03082776,-0.0242429,-0.0397479,0.9984399,356.36,357.3605,355.5244,4.0,DB
2025-06-04 15:58:59.018,1489,-0.03124055,-0.02407956,-0.0397577,0.9984306,356.3135,357.381,355.5237,4.0,DB
2025-06-04 15:58:59.051,1490,-0.03143369,-0.0240783,-0.0396091,0.9984304,356.2917,357.3814,355.5412,4.0,DB
2025-06-04 15:58:59.096,1491,-0.0320194,-0.02437144,-0.0396686,0.9984024,356.2232,357.3506,355.5368,4.0,DB
2025-06-04 15:58:59.129,1492,-0.03258502,-0.02428598,-0.03981455,0.9983804,356.1584,357.3633,355.5211,4.0,DB
2025-06-04 15:58:59.162,1493,-0.03288568,-0.02398437,-0.03963279,0.998385,356.1258,357.3986,355.5414,4.0,DB
2025-06-04 15:58:59.211,1494,-0.03262143,-0.02365312,-0.03941219,0.9984103,356.1581,357.4346,355.5649,4.0,DB
2025-06-04 15:58:59.245,1495,-0.03218316,-0.02387938,-0.03908264,0.9984322,356.2082,357.4055,355.6026,4.0,DB
2025-06-04 15:58:59.273,1496,-0.03191084,-0.02464006,-0.03908092,0.9984224,356.236,357.317,355.605,4.0,DB
2025-06-04 15:58:59.316,1497,-0.03216449,-0.02484894,-0.03899839,0.9984124,356.2063,357.2939,355.6159,4.0,DB
2025-06-04 15:58:59.340,1498,-0.03164997,-0.02492128,-0.03869624,0.9984388,356.2657,357.2823,355.6496,4.0,DB
2025-06-04 15:58:59.373,1499,-0.03144094,-0.0247601,-0.03858411,0.9984537,356.2906,357.2994,355.6614,4.0,DB
2025-06-04 15:58:59.407,1500,-0.03135453,-0.02472972,-0.03884913,0.9984469,356.3,357.3036,355.6306,4.0,DB
2025-06-04 15:58:59.451,1501,-0.0317421,-0.02456161,-0.03880169,0.9984406,356.2564,357.3243,355.6364,4.0,DB
2025-06-04 15:58:59.484,1502,-0.03199216,-0.0241932,-0.03859327,0.9984498,356.2299,357.3668,355.6595,4.0,DB
2025-06-04 15:58:59.518,1503,-0.03248432,-0.02437376,-0.03830872,0.9984404,356.1735,357.3471,355.6941,4.0,DB
2025-06-04 15:58:59.551,1504,-0.03265898,-0.02464254,-0.03919309,0.9983938,356.15,357.3204,355.594,4.0,DB
2025-06-04 15:58:59.584,1505,-0.03152498,-0.02518999,-0.03875782,0.9984336,356.2787,357.2511,355.6432,4.0,DB
2025-06-04 15:58:59.642,1506,-0.03226438,-0.02514646,-0.0382262,0.9984316,356.1956,357.2572,355.706,4.0,DB
2025-06-04 15:58:59.662,1507,-0.03252019,-0.02511955,-0.03789918,0.9984364,356.1673,357.2601,355.744,4.0,DB
2025-06-04 15:58:59.707,1508,-0.03292902,-0.02532797,-0.03797432,0.9984149,356.1194,357.2381,355.7372,4.0,DB
2025-06-04 15:58:59.740,1509,-0.03273262,-0.02538648,-0.03827306,0.9984084,356.1408,357.2318,355.7027,4.0,DB
2025-06-04 15:58:59.773,1510,-0.03317472,-0.02519364,-0.03795419,0.9984109,356.0919,357.2545,355.7396,4.0,DB
2025-06-04 15:58:59.806,1511,-0.03342348,-0.02489864,-0.03775278,0.9984177,356.0652,357.2885,355.7622,4.0,DB
2025-06-04 15:58:59.839,1512,-0.03325343,-0.0250377,-0.03788161,0.998415,356.0837,357.2724,355.7476,4.0,DB
2025-06-04 15:58:59.885,1513,-0.03351916,-0.02523175,-0.03787041,0.9984016,356.0525,357.2512,355.7502,4.0,DB
2025-06-04 15:58:59.917,1514,-0.03328542,-0.02529824,-0.03743724,0.9984241,356.0802,357.2409,355.7997,4.0,DB
2025-06-04 15:58:59.962,1515,-0.03334722,-0.02526205,-0.03727427,0.9984291,356.0737,357.2446,355.8184,4.0,DB
2025-06-04 15:58:59.984,1516,-0.03359285,-0.02540899,-0.0376646,0.9984024,356.0439,357.2303,355.7748,4.0,DB
2025-06-04 15:59:00.019,1517,-0.03373514,-0.02567727,-0.03765471,0.9983912,356.0265,357.2,355.7773,4.0,DB
2025-06-04 15:59:00.051,1518,-0.03356763,-0.02579682,-0.03773233,0.9983908,356.045,357.186,355.7685,4.0,DB
2025-06-04 15:59:00.095,1519,-0.0331495,-0.02558604,-0.03748112,0.9984196,356.0944,357.2075,355.7954,4.0,DB
2025-06-04 15:59:00.141,1520,-0.03301754,-0.0253243,-0.03760548,0.998426,356.1103,357.2375,355.7798,4.0,DB
2025-06-04 15:59:00.178,1521,-0.03350437,-0.02509645,-0.03742458,0.9984223,356.056,357.2649,355.8009,4.0,DB
2025-06-04 15:59:00.196,1522,-0.0335888,-0.02543265,-0.0376309,0.9984033,356.0443,357.2274,355.7787,4.0,DB
2025-06-04 15:59:00.247,1523,-0.03356256,-0.02573661,-0.0372028,0.9984124,356.0473,357.1908,355.829,4.0,DB
2025-06-04 15:59:00.282,1524,-0.03381201,-0.02588175,-0.03717013,0.9984015,356.0182,357.175,355.834,4.0,DB
2025-06-04 15:59:00.318,1525,-0.03383948,-0.0259668,-0.03731818,0.9983928,356.0143,357.1659,355.8174,4.0,DB
2025-06-04 15:59:00.354,1526,-0.03419445,-0.02583675,-0.03779263,0.9983662,355.9728,357.1842,355.7633,4.0,DB
2025-06-04 15:59:00.373,1527,-0.03502876,-0.02585728,-0.0370178,0.9983658,355.8793,357.182,355.8545,4.0,DB
2025-06-04 15:59:00.426,1528,-0.03518553,-0.02582139,-0.03803477,0.998323,355.8586,357.1909,355.7379,4.0,DB
2025-06-04 15:59:00.451,1529,-0.03434644,-0.02589972,-0.03774709,0.9983611,355.9553,357.1774,355.7692,4.0,DB
2025-06-04 15:59:00.485,1530,-0.03467028,-0.02574525,-0.03749571,0.9983634,355.9195,357.1954,355.7982,4.0,DB
2025-06-04 15:59:00.517,1531,-0.03549143,-0.02560061,-0.03736667,0.9983431,355.8264,357.2148,355.8145,4.0,DB
2025-06-04 15:59:00.551,1532,-0.03592913,-0.0257079,-0.03757976,0.9983166,355.7752,357.2051,355.7916,4.0,DB
2025-06-04 15:59:00.596,1533,-0.03573262,-0.02572622,-0.03796125,0.9983088,355.7966,357.2038,355.7473,4.0,DB
2025-06-04 15:59:00.628,1534,-0.03534285,-0.02559905,-0.03758208,0.9983403,355.8428,357.2152,355.7894,4.0,DB
2025-06-04 15:59:00.661,1535,-0.0358136,-0.02533034,-0.03758564,0.9983302,355.79,357.248,355.789,4.0,DB
2025-06-04 15:59:00.695,1536,-0.03595219,-0.02526323,-0.0375772,0.9983273,355.7745,357.2562,355.79,4.0,DB
2025-06-04 15:59:00.729,1537,-0.03610885,-0.02520128,-0.03748702,0.9983266,355.757,357.2635,355.8005,4.0,DB
2025-06-04 15:59:00.774,1538,-0.03545976,-0.02516479,-0.0372715,0.9983588,355.8321,357.2643,355.8235,4.0,DB
2025-06-04 15:59:00.807,1539,-0.03549746,-0.02510107,-0.03713002,0.9983644,355.8285,357.2711,355.8396,4.0,DB
2025-06-04 15:59:00.839,1540,-0.03590937,-0.02527459,-0.03734874,0.9983371,355.7799,357.2538,355.8162,4.0,DB
2025-06-04 15:59:00.874,1541,-0.03578871,-0.0253386,-0.03788052,0.9983198,355.792,357.2482,355.7551,4.0,DB
2025-06-04 15:59:00.917,1542,-0.03528928,-0.02524582,-0.03756814,0.9983517,355.8505,357.2555,355.7894,4.0,DB
2025-06-04 15:59:00.961,1543,-0.03567092,-0.02524896,-0.03726161,0.9983495,355.8076,357.2554,355.8255,4.0,DB
2025-06-04 15:59:00.984,1544,-0.03611312,-0.02544663,-0.03710555,0.9983345,355.7566,357.2338,355.8454,4.0,DB
2025-06-04 15:59:01.017,1545,-0.03635844,-0.02559409,-0.03734624,0.9983128,355.7272,357.2189,355.819,4.0,DB
2025-06-04 15:59:01.051,1546,-0.03650725,-0.02562485,-0.03742363,0.9983037,355.7098,357.2162,355.8106,4.0,DB
2025-06-04 15:59:01.095,1547,-0.03638862,-0.02534452,-0.03705416,0.998329,355.7256,357.2464,355.8515,4.0,DB
2025-06-04 15:59:01.129,1548,-0.03637179,-0.02517798,-0.03715114,0.9983302,355.7279,357.2658,355.8396,4.0,DB
2025-06-04 15:59:01.162,1549,-0.03595976,-0.02499573,-0.03735076,0.9983423,355.7753,357.286,355.8149,4.0,DB
2025-06-04 15:59:01.195,1550,-0.0356743,-0.0248641,-0.03740599,0.9983537,355.8084,357.3002,355.8073,4.0,DB
2025-06-04 15:59:01.246,1551,-0.03644864,-0.02497295,-0.03730667,0.9983268,355.7195,357.2903,355.8211,4.0,DB
2025-06-04 15:59:01.273,1552,-0.03716068,-0.02510713,-0.0382436,0.9982616,355.6349,357.2819,355.7157,4.0,DB
2025-06-04 15:59:01.306,1553,-0.03675027,-0.02480994,-0.03800892,0.9982932,355.6838,357.3133,355.7404,4.0,DB
2025-06-04 15:59:01.339,1554,-0.03704086,-0.02440999,-0.03759484,0.998308,355.6533,357.3586,355.787,4.0,DB
2025-06-04 15:59:01.389,1555,-0.03778532,-0.02428701,-0.03734222,0.9982926,355.5692,357.3746,355.8172,4.0,DB
2025-06-04 15:59:01.417,1556,-0.03856216,-0.02488626,-0.0373801,0.9982467,355.4776,357.3091,355.8173,4.0,DB
2025-06-04 15:59:01.450,1557,-0.03804013,-0.02532094,-0.03795508,0.9982341,355.534,357.2596,355.752,4.0,DB
2025-06-04 15:59:01.484,1558,-0.03762514,-0.0253694,-0.03760745,0.9982618,355.5823,357.2509,355.7911,4.0,DB
2025-06-04 15:59:01.517,1559,-0.03714768,-0.02525677,-0.03718586,0.9982983,355.6386,357.26,355.8379,4.0,DB
2025-06-04 15:59:01.551,1560,-0.03653894,-0.02508471,-0.03710604,0.9983281,355.7093,357.277,355.8448,4.0,DB
2025-06-04 15:59:01.595,1561,-0.03690313,-0.02533434,-0.03698401,0.9983129,355.6668,357.2493,355.8608,4.0,DB
2025-06-04 15:59:01.629,1562,-0.03672,-0.02539682,-0.03708015,0.9983146,355.6873,357.2418,355.8496,4.0,DB
2025-06-04 15:59:01.662,1563,-0.03670204,-0.02550418,-0.03656865,0.9983314,355.6903,357.2272,355.9088,4.0,DB
2025-06-04 15:59:01.695,1564,-0.03727536,-0.02570386,-0.03627866,0.9983156,355.6246,357.2052,355.9444,4.0,DB
2025-06-04 15:59:01.740,1565,-0.03808356,-0.02602728,-0.03585709,0.9982919,355.5319,357.1693,355.9963,4.0,DB
2025-06-04 15:59:01.774,1566,-0.0383179,-0.02638727,-0.03540917,0.9982895,355.5049,357.1269,356.05,4.0,DB
2025-06-04 15:59:01.807,1567,-0.03865384,-0.02649435,-0.03532735,0.9982766,355.4662,357.1154,356.0607,4.0,DB
2025-06-04 15:59:01.840,1568,-0.03831485,-0.02641792,-0.0352464,0.9982945,355.5056,357.1226,356.0688,4.0,DB
2025-06-04 15:59:01.884,1569,-0.03866622,-0.0263561,-0.03503351,0.9982901,355.4662,357.13,356.0939,4.0,DB
2025-06-04 15:59:01.917,1570,-0.03861996,-0.02655326,-0.03487635,0.9982922,355.4712,357.1065,356.1127,4.0,DB
2025-06-04 15:59:01.951,1571,-0.03833571,-0.02642855,-0.03452596,0.9983186,355.5053,357.1182,356.1516,4.0,DB
2025-06-04 15:59:01.984,1572,-0.03905955,-0.02636738,-0.03439876,0.9982966,355.4229,357.1273,356.1678,4.0,DB
2025-06-04 15:59:02.035,1573,-0.03991935,-0.02640133,-0.03430361,0.9982649,355.3246,357.126,356.1812,4.0,DB
2025-06-04 15:59:02.062,1574,-0.04006306,-0.02657384,-0.03387799,0.9982691,355.3087,357.1047,356.2313,4.0,DB
2025-06-04 15:59:02.095,1575,-0.04126503,-0.02677822,-0.03408833,0.9982075,355.1695,357.0865,356.2112,4.0,DB
2025-06-04 15:59:02.129,1576,-0.04154417,-0.02679619,-0.0344672,0.9981825,355.1364,357.0873,356.1685,4.0,DB
2025-06-04 15:59:02.179,1577,-0.04058886,-0.02687592,-0.03362752,0.9982483,355.248,357.0707,356.2628,5.0,DB
2025-06-04 15:59:02.206,1578,0.0420449,0.02612524,0.0327575,-0.9982368,355.0864,357.1578,356.3629,5.0,DB
2025-06-04 15:59:02.252,1579,0.04230284,0.02629378,0.03254088,-0.9982286,355.0569,357.1382,356.3893,5.0,DB
2025-06-04 15:59:02.272,1580,0.04231799,0.02667157,0.03266936,-0.9982138,355.0534,357.0955,356.3765,5.0,DB
2025-06-04 15:59:02.306,1581,0.04161922,0.02692442,0.03284669,-0.9982305,355.132,357.0649,356.3555,5.0,DB
2025-06-04 15:59:02.351,1582,0.04015664,0.02689876,0.03267157,-0.9982969,355.3003,357.0621,356.3716,5.0,DB
2025-06-04 15:59:02.384,1583,0.03870069,0.02686808,0.03260384,-0.9983574,355.4674,357.0603,356.3754,5.0,DB
2025-06-04 15:59:02.434,1584,0.03796923,0.02655572,0.03282312,-0.9983866,355.5517,357.0947,356.3469,5.0,DB
2025-06-04 15:59:02.461,1585,0.03845469,0.02647057,0.0325723,-0.9983786,355.4971,357.105,356.3766,5.0,DB
2025-06-04 15:59:02.495,1586,0.03730273,0.02611938,0.03263628,-0.9984294,355.6302,357.1417,356.3647,5.0,DB
2025-06-04 15:59:02.529,1587,0.03657466,0.02608413,0.03307704,-0.9984428,355.7125,357.1451,356.312,5.0,DB
2025-06-04 15:59:02.579,1588,0.03627069,0.02598262,0.03358509,-0.9984396,355.7463,357.1579,356.2524,5.0,DB
2025-06-04 15:59:02.606,1589,0.03587586,0.02584162,0.03374393,-0.9984521,355.7916,357.1733,356.2326,5.0,DB
2025-06-04 15:59:02.640,1590,0.03549777,0.02558621,0.03364091,-0.9984757,355.8362,357.2008,356.2424,5.0,DB
2025-06-04 15:59:02.689,1591,0.0352708,0.0255621,0.03376218,-0.9984803,355.8619,357.2033,356.2278,5.0,DB
2025-06-04 15:59:02.718,1592,0.03555258,0.02561482,0.03403617,-0.9984596,355.8287,357.1994,356.1972,5.0,DB
2025-06-04 15:59:02.751,1593,0.03543192,0.02559415,0.0339886,-0.998466,355.8427,357.2011,356.2023,5.0,DB
2025-06-04 15:59:02.783,1594,0.03536876,0.02535881,0.03375951,-0.9984821,355.8515,357.227,356.2275,5.0,DB
2025-06-04 15:59:02.834,1595,0.03587573,0.02546993,0.0333083,-0.9984763,355.7942,357.2141,356.2811,5.0,DB
2025-06-04 15:59:02.862,1596,0.03624793,0.02570159,0.03363847,-0.9984459,355.7498,357.1903,356.2451,5.0,DB
2025-06-04 15:59:02.895,1597,0.03709228,0.02572824,0.03315966,-0.9984301,355.6543,357.1881,356.3023,5.0,DB
2025-06-04 15:59:02.928,1598,0.03790305,0.02590882,0.03363133,-0.9983793,355.5594,357.1723,356.251,5.0,DB
2025-06-04 15:59:02.961,1599,0.03741629,0.02595221,0.03347148,-0.9984019,355.6154,357.1649,356.2683,5.0,DB
2025-06-04 15:59:03.005,1600,0.03675577,0.02594543,0.03306466,-0.9984401,355.6923,357.1616,356.3133,5.0,DB
2025-06-04 15:59:03.040,1601,0.03806785,0.02573564,0.03249305,-0.9984152,355.5443,357.1877,356.3814,5.0,DB
2025-06-04 15:59:03.090,1602,0.03806221,0.02619517,0.03230845,-0.9984095,355.5439,357.1341,356.4046,5.0,DB
2025-06-04 15:59:03.124,1603,0.03649598,0.02657733,0.03288014,-0.9984392,355.7203,357.0873,356.3365,5.0,DB
2025-06-04 15:59:03.151,1604,0.03481121,0.02643256,0.03309011,-0.9984962,355.9132,357.099,356.3074,5.0,DB
2025-06-04 15:59:03.186,1605,0.03390139,0.02609736,0.03363588,-0.9985181,356.0172,357.1364,356.2409,5.0,DB
2025-06-04 15:59:03.229,1606,0.03238164,0.02580974,0.03381548,-0.9985699,356.1918,357.1647,356.2152,5.0,DB
2025-06-04 15:59:03.269,1607,0.03152055,0.02560878,0.03417815,-0.9985904,356.2902,357.186,356.1706,5.0,DB
2025-06-04 15:59:03.294,1608,0.03035331,0.02545358,0.03405472,-0.9986347,356.4249,357.1991,356.1812,5.0,DB
2025-06-04 15:59:03.328,1609,0.02941049,0.02540141,0.03426623,-0.998657,356.5325,357.2024,356.1543,5.0,DB
2025-06-04 15:59:03.373,1610,0.03069646,0.02550547,0.03454007,-0.9986062,356.384,357.1962,356.1266,5.0,DB
2025-06-04 15:59:03.406,1611,0.03078175,0.02564674,0.03474871,-0.9985927,356.3731,357.181,356.1034,5.0,DB
2025-06-04 15:59:03.440,1612,0.03058319,0.02584956,0.03482888,-0.9985908,356.3948,357.1573,356.0944,5.0,DB
2025-06-04 15:59:03.487,1613,0.03089347,0.02571578,0.03462431,-0.9985918,356.3604,357.1731,356.1182,5.0,DB
2025-06-04 15:59:03.506,1614,0.03119735,0.02538106,0.03452952,-0.9985942,356.3271,357.2122,356.1286,5.0,DB
2025-06-04 15:59:03.551,1615,0.03223141,0.02532715,0.03496052,-0.9985477,356.2077,357.2239,356.0815,5.0,DB
2025-06-04 15:59:03.583,1616,0.03289683,0.02537918,0.03476468,-0.9985316,356.1318,357.2197,356.1059,5.0,DB
2025-06-04 15:59:03.633,1617,0.03296682,0.02547906,0.03455396,-0.9985341,356.124,357.2076,356.1307,5.0,DB
2025-06-04 15:59:03.661,1618,0.03312576,0.0257137,0.03426849,-0.9985327,356.1057,357.1802,356.1648,5.0,DB
2025-06-04 15:59:03.695,1619,0.03361017,0.02583828,0.03443811,-0.9985074,356.0492,357.1683,356.147,5.0,DB
2025-06-04 15:59:03.744,1620,0.03403275,0.02571392,0.0341793,-0.9985052,356.002,357.1831,356.1773,5.0,DB
2025-06-04 15:59:03.779,1621,0.03441105,0.02576176,0.03450704,-0.9984796,355.9576,357.1803,356.1409,5.0,DB
2025-06-04 15:59:03.806,1622,0.03297511,0.02568347,0.03435413,-0.9985355,356.1228,357.1834,356.1544,5.0,DB
2025-06-04 15:59:03.839,1623,0.03272668,0.02563241,0.0340535,-0.9985551,356.1523,357.1872,356.1881,5.0,DB
2025-06-04 15:59:03.872,1624,0.03324769,0.02568353,0.03361349,-0.9985516,356.0937,357.1815,356.2402,5.0,DB
2025-06-04 15:59:03.917,1625,0.03313222,0.02589992,0.03394749,-0.9985385,356.1051,357.1576,356.2024,5.0,DB
2025-06-04 15:59:03.950,1626,0.03247647,0.02575739,0.03453726,-0.9985436,356.1791,357.1738,356.1324,5.0,DB
2025-06-04 15:59:03.983,1627,0.03193792,0.02565893,0.03458399,-0.9985618,356.2411,357.1833,356.1253,5.0,DB
2025-06-04 15:59:04.041,1628,0.03205462,0.02532946,0.03474325,-0.998561,356.2285,357.2221,356.106,5.0,DB
2025-06-04 15:59:04.061,1629,0.03200269,0.02533355,0.03455524,-0.9985691,356.235,357.2208,356.1275,5.0,DB
2025-06-04 15:59:04.106,1630,0.03294859,0.02562981,0.03487035,-0.9985198,356.1246,357.1915,356.0949,5.0,DB
2025-06-04 15:59:04.139,1631,0.03289841,0.02587051,0.03461014,-0.9985243,356.1301,357.1627,356.1256,5.0,DB
2025-06-04 15:59:04.173,1632,0.03240661,0.02568149,0.03474965,-0.9985404,356.1868,357.1831,356.1076,5.0,DB
2025-06-04 15:59:04.217,1633,0.03262159,0.02558658,0.03473865,-0.9985362,356.1626,357.1947,356.109,5.0,DB
2025-06-04 15:59:04.261,1634,0.03311547,0.02539514,0.03484872,-0.998521,356.1064,357.219,356.0969,5.0,DB
2025-06-04 15:59:04.283,1635,0.03348409,0.02553411,0.03478801,-0.9985073,356.0638,357.2042,356.1053,5.0,DB
2025-06-04 15:59:04.317,1636,0.03347469,0.02562156,0.03470917,-0.9985082,356.0648,357.1938,356.1147,5.0,DB
2025-06-04 15:59:04.362,1637,0.03333515,0.02565936,0.0346758,-0.998513,356.0807,357.1888,356.1183,5.0,DB
2025-06-04 15:59:04.395,1638,0.03385263,0.02560243,0.03484715,-0.9984911,356.0212,357.1979,356.0998,5.0,DB
2025-06-04 15:59:04.428,1639,0.0347356,0.02547857,0.03468126,-0.9984697,355.921,357.2147,356.1205,5.0,DB
2025-06-04 15:59:04.473,1640,0.03445379,0.0254004,0.03458434,-0.9984847,355.9539,357.2223,356.1306,5.0,DB
2025-06-04 15:59:04.506,1641,0.03402389,0.02542858,0.03476335,-0.9984926,356.0025,357.2182,356.1091,5.0,DB
2025-06-04 15:59:04.539,1642,0.03387949,0.02557186,0.03442141,-0.9985057,356.0194,357.1998,356.1486,5.0,DB
2025-06-04 15:59:04.573,1643,0.03399703,0.02527313,0.03458024,-0.9985038,356.0067,357.2352,356.1295,5.0,DB
2025-06-04 15:59:04.617,1644,0.03374223,0.02523481,0.03415634,-0.998528,356.0372,357.237,356.1773,5.0,DB
2025-06-04 15:59:04.650,1645,0.03360166,0.02570986,0.03482959,-0.9984974,356.0496,357.1846,356.1016,5.0,DB
2025-06-04 15:59:04.684,1646,0.03194932,0.02616747,0.03473928,-0.9985428,356.2373,357.1256,356.1094,5.0,DB
2025-06-04 15:59:04.717,1647,0.03118597,0.02603792,0.03471311,-0.9985713,356.3254,357.1375,356.1099,5.0,DB
2025-06-04 15:59:04.773,1648,0.03168694,0.02558879,0.03392906,-0.9985942,356.2719,357.188,356.1996,5.0,DB
2025-06-04 15:59:04.795,1649,0.03090849,0.02553374,0.03401846,-0.9986169,356.3611,357.1918,356.1871,5.0,DB
2025-06-04 15:59:04.828,1650,0.03059087,0.02576036,0.03444334,-0.9986062,356.3954,357.1662,356.1383,5.0,DB
2025-06-04 15:59:04.873,1651,0.0302408,0.02585392,0.03434428,-0.9986179,356.4354,357.1538,356.1491,5.0,DB
2025-06-04 15:59:04.905,1652,0.03123801,0.02568816,0.03455688,-0.9985841,356.3212,357.1773,356.1267,5.0,DB
2025-06-04 15:59:04.939,1653,0.03171291,0.02545542,0.03469727,-0.9985703,356.2673,357.2063,356.111,5.0,DB
2025-06-04 15:59:04.984,1654,0.03087413,0.02524178,0.03484314,-0.9985969,356.3638,357.2282,356.0913,5.0,DB
2025-06-04 15:59:05.017,1655,0.02995151,0.02497128,0.03454335,-0.9986422,356.4714,357.2547,356.1224,5.0,DB
2025-06-04 15:59:05.051,1656,0.02984014,0.02490916,0.03433453,-0.9986543,356.485,357.2607,356.1459,5.0,DB
2025-06-04 15:59:05.083,1657,0.03100684,0.02503798,0.03432124,-0.998616,356.3509,357.2502,356.1508,5.0,DB
2025-06-04 15:59:05.129,1658,0.03250302,0.02508168,0.03439336,-0.9985648,356.1791,357.2509,356.1464,5.0,DB
2025-06-04 15:59:05.162,1659,0.03307429,0.02519189,0.03421813,-0.9985493,356.1137,357.2397,356.1684,5.0,DB
2025-06-04 15:59:05.195,1660,0.03356348,0.02528768,0.03414034,-0.9985332,356.0575,357.2302,356.1789,5.0,DB
2025-06-04 15:59:05.228,1661,0.03407732,0.02522214,0.0340607,-0.9985203,355.9991,357.2393,356.1891,5.0,DB
2025-06-04 15:59:05.285,1662,0.03385956,0.02527578,0.03409464,-0.9985251,356.0238,357.2324,356.1849,5.0,DB
2025-06-04 15:59:05.306,1663,0.03427875,0.02492349,0.03427608,-0.9985134,355.9766,357.2751,356.1637,5.0,DB
2025-06-04 15:59:05.339,1664,0.03415394,0.02490642,0.03387231,-0.9985319,355.9921,357.275,356.2097,5.0,DB
2025-06-04 15:59:05.385,1665,0.03335543,0.0250454,0.03403424,-0.9985499,356.0826,357.2568,356.1896,5.0,DB
2025-06-04 15:59:05.417,1666,0.03286295,0.02499779,0.03375765,-0.9985768,356.1399,357.2594,356.22,5.0,DB
2025-06-04 15:59:05.450,1667,0.03274482,0.02510839,0.03356691,-0.9985844,356.1536,357.2455,356.242,5.0,DB
2025-06-04 15:59:05.495,1668,0.03228316,0.02519875,0.03305489,-0.9986143,356.2075,357.2316,356.3,5.0,DB
2025-06-04 15:59:05.528,1669,0.0327583,0.02538957,0.03398706,-0.9985626,356.1498,357.215,356.1949,5.0,DB
2025-06-04 15:59:05.561,1670,0.03109218,0.02550475,0.03354401,-0.9986279,356.3415,357.1941,356.2419,5.0,DB
2025-06-04 15:59:05.595,1671,0.03089298,0.02545837,0.03362314,-0.9986326,356.3642,357.1989,356.2322,5.0,DB
2025-06-04 15:59:05.640,1672,0.03197879,0.02511065,0.03286017,-0.9986327,356.2433,357.2399,356.3212,5.0,DB
2025-06-04 15:59:05.672,1673,0.03221301,0.02499693,0.03285837,-0.9986281,356.2169,357.2538,356.3216,5.0,DB
2025-06-04 15:59:05.706,1674,0.03204005,0.02540869,0.03297308,-0.9986194,356.2348,357.2063,356.3096,5.0,DB
2025-06-04 15:59:05.739,1675,0.03196402,0.0255726,0.03299849,-0.9986169,356.2429,357.1873,356.3071,5.0,DB
2025-06-04 15:59:05.795,1676,0.03281131,0.02526568,0.03309346,-0.998594,356.1467,357.2259,356.2971,5.0,DB
2025-06-04 15:59:05.817,1677,0.03309313,0.02515611,0.03318825,-0.9985844,356.1145,357.2398,356.2866,5.0,DB
2025-06-04 15:59:05.851,1678,0.03400186,0.02480717,0.0331273,-0.9985645,356.0119,357.2829,356.2944,5.0,DB
2025-06-04 15:59:05.895,1679,0.03415328,0.0246478,0.0328633,-0.9985721,355.9958,357.3006,356.3245,5.0,DB
2025-06-04 15:59:05.928,1680,0.03437711,0.02454837,0.03263382,-0.9985744,355.9712,357.3119,356.351,5.0,DB
2025-06-04 15:59:05.961,1681,0.03507189,0.02482587,0.0324989,-0.9985477,355.8909,357.2819,356.3693,5.0,DB
2025-06-04 15:59:05.994,1682,0.03513455,0.02512528,0.03282922,-0.9985273,355.8817,357.2491,356.3328,5.0,DB
2025-06-04 15:59:06.040,1683,0.0351789,0.02517929,0.03291575,-0.9985215,355.8762,357.2434,356.3232,5.0,DB
2025-06-04 15:59:06.072,1684,0.03480924,0.02482614,0.03263319,-0.9985526,355.9207,357.2815,356.3533,5.0,DB
2025-06-04 15:59:06.106,1685,0.03440074,0.02468147,0.03231044,-0.9985808,355.9688,357.2954,356.3887,5.0,DB
2025-06-04 15:59:06.151,1686,0.03434698,0.02499098,0.03265087,-0.9985639,355.973,357.2611,356.3507,5.0,DB
2025-06-04 15:59:06.183,1687,0.0337019,0.025014,0.03270767,-0.9985834,356.0466,357.2564,356.3427,5.0,DB
2025-06-04 15:59:06.217,1688,0.03297808,0.02495512,0.03224697,-0.9986241,356.131,357.2589,356.3936,5.0,DB
2025-06-04 15:59:06.250,1689,0.03330002,0.02509063,0.03202995,-0.9986169,356.0943,357.2436,356.4198,5.0,DB
2025-06-04 15:59:06.305,1690,0.03318056,0.02539187,0.03242074,-0.9986007,356.1058,357.2101,356.3758,5.0,DB
2025-06-04 15:59:06.328,1691,0.03356879,0.02518773,0.03234797,-0.9985953,356.0622,357.2346,356.3844,5.0,DB
2025-06-04 15:59:06.362,1692,0.03377787,0.02507082,0.03227535,-0.9985935,356.0389,357.2484,356.3928,5.0,DB
2025-06-04 15:59:06.406,1693,0.03330129,0.02511358,0.03242418,-0.9986036,356.093,357.2425,356.3746,5.0,DB
2025-06-04 15:59:06.440,1694,0.03286519,0.02514977,0.03205232,-0.9986292,356.1438,357.2354,356.4164,5.0,DB
2025-06-04 15:59:06.474,1695,0.03364629,0.02507719,0.03174509,-0.9986148,356.0554,357.2451,356.4533,5.0,DB
2025-06-04 15:59:06.507,1696,0.03430305,0.02489644,0.03225674,-0.9985805,355.9794,357.2702,356.3955,5.0,DB
2025-06-04 15:59:06.551,1697,0.03410953,0.02485134,0.03222118,-0.9985895,356.0019,357.2745,356.3989,5.0,DB
2025-06-04 15:59:06.584,1698,0.0342324,0.02509403,0.03213502,-0.9985819,355.9871,357.2468,356.4101,5.0,DB
2025-06-04 15:59:06.617,1699,0.034632,0.02532634,0.03214498,-0.998562,355.9405,357.2215,356.4109,5.0,DB
2025-06-04 15:59:06.662,1700,0.03496387,0.0248809,0.03244431,-0.998552,355.9033,357.275,356.3755,5.0,DB
2025-06-04 15:59:06.695,1701,0.03528569,0.0243901,0.03245133,-0.9985526,355.8681,357.3325,356.3735,5.0,DB
2025-06-04 15:59:06.728,1702,0.03537314,0.02395965,0.03267698,-0.9985525,355.8591,357.3831,356.346,5.0,DB
2025-06-04 15:59:06.761,1703,0.0347062,0.02364416,0.03311675,-0.9985689,355.9355,357.4188,356.2927,5.0,DB
2025-06-04 15:59:06.813,1704,0.03541116,0.02386583,0.03374204,-0.9985179,355.8523,357.3984,356.2234,5.0,DB
2025-06-04 15:59:06.840,1705,0.03571083,0.02356465,0.03459045,-0.9984854,355.8169,357.4377,356.1254,5.0,DB
2025-06-04 15:59:06.873,1706,0.03528676,0.02255906,0.0357173,-0.9984841,355.8666,357.5562,355.9908,5.0,DB
2025-06-04 15:59:06.906,1707,0.03545107,0.02153117,0.03533617,-0.9985145,355.8528,357.6732,356.0307,5.0,DB
2025-06-04 15:59:06.951,1708,0.03702332,0.02245588,0.03412015,-0.9984794,355.672,357.5677,356.1776,5.0,DB
2025-06-04 15:59:06.984,1709,0.03757142,0.02354493,0.03474003,-0.9984123,355.6034,357.4474,356.1124,5.0,DB
2025-06-04 15:59:07.017,1710,0.03741171,0.02379074,0.03544683,-0.9983877,355.6189,357.4218,356.0319,5.0,DB
2025-06-04 15:59:07.062,1711,0.03613771,0.02337356,0.03454166,-0.9984762,355.7689,357.461,356.1312,5.0,DB
2025-06-04 15:59:07.095,1712,0.03588323,0.02274115,0.03353884,-0.9985343,355.8029,357.5284,356.2431,5.0,DB
2025-06-04 15:59:07.127,1713,0.03637041,0.02214083,0.03339742,-0.9985347,355.7497,357.5984,356.2579,5.0,DB
2025-06-04 15:59:07.161,1714,0.03735184,0.02220971,0.03340437,-0.9984968,355.637,357.5941,356.2595,5.0,DB
2025-06-04 15:59:07.206,1715,0.03864872,0.02221027,0.0343258,-0.9984162,355.4862,357.6028,356.1563,5.0,DB
2025-06-04 15:59:07.240,1716,0.03849239,0.0222188,0.03421995,-0.9984257,355.5043,357.6008,356.1682,5.0,DB
2025-06-04 15:59:07.289,1717,0.03806973,0.02228415,0.03425794,-0.9984391,355.5524,357.5919,356.1633,5.0,DB
2025-06-04 15:59:07.323,1718,0.03901948,0.02219208,0.03348175,-0.9984308,355.4458,357.6024,356.254,5.0,DB
2025-06-04 15:59:07.350,1719,0.03933605,0.02200975,0.03306461,-0.9984363,355.4112,357.6226,356.3018,5.0,DB
2025-06-04 15:59:07.383,1720,0.03964926,0.02184826,0.03329927,-0.9984198,355.3753,357.6433,356.2747,5.0,DB
2025-06-04 15:59:07.417,1721,0.04006702,0.02204838,0.03374587,-0.9983836,355.3256,357.6239,356.2252,5.0,DB
2025-06-04 15:59:07.461,1722,0.04052866,0.02175562,0.03419371,-0.9983562,355.2728,357.6613,356.1733,5.0,DB
2025-06-04 15:59:07.495,1723,0.0401524,0.02126857,0.03387887,-0.9983926,355.3185,357.7144,356.2065,5.0,DB
2025-06-04 15:59:07.529,1724,0.03866573,0.02111462,0.03337781,-0.9984714,355.4906,357.7244,356.2604,5.0,DB
2025-06-04 15:59:07.562,1725,0.03748855,0.02111726,0.03309289,-0.9985258,355.6261,357.7186,356.2908,5.0,DB
2025-06-04 15:59:07.606,1726,0.03755163,0.02193288,0.03263184,-0.998521,355.617,357.6232,356.3474,5.0,DB
2025-06-04 15:59:07.639,1727,0.03713216,0.02269382,0.0317302,-0.9985487,355.6645,357.5304,356.4534,5.0,DB
2025-06-04 15:59:07.672,1728,0.03813987,0.02393384,0.02995342,-0.9985367,355.5493,357.3835,356.6653,5.0,DB
2025-06-04 15:59:07.717,1729,0.03734009,0.02588788,0.02908103,-0.9985439,355.6369,357.1528,356.7721,5.0,DB
2025-06-04 15:59:07.751,1730,0.03836247,0.02986212,0.02724084,-0.9984461,355.513,356.6912,357.004,5.0,DB
2025-06-04 15:59:07.783,1731,0.03707751,0.03190926,0.02695784,-0.998439,355.6551,356.4513,357.0414,5.0,DB
2025-06-04 15:59:07.833,1732,0.03358924,0.03313334,0.026367,-0.9985384,356.0533,356.2989,357.1024,5.0,DB
2025-06-04 15:59:07.862,1733,0.03378022,0.03297615,0.02725442,-0.9985133,356.0287,356.321,357.0006,5.0,DB
2025-06-04 15:59:07.895,1734,0.03148326,0.03215106,0.02736733,-0.9986122,356.2939,356.4098,356.9766,5.0,DB
2025-06-04 15:59:07.928,1735,0.02984379,0.02955524,0.02743004,-0.998741,356.4893,356.7033,356.9546,5.0,DB
2025-06-04 15:59:07.972,1736,0.03049467,0.02459681,0.02842198,-0.9988281,356.4272,357.2777,356.8251,5.0,DB
2025-06-04 15:59:08.007,1737,0.03043408,0.02070072,0.02976874,-0.998879,356.4435,357.7294,356.6564,5.0,DB
2025-06-04 15:59:08.040,1738,0.03268367,0.01738094,0.0306127,-0.9988457,356.1953,358.1208,356.5515,5.0,DB
2025-06-04 15:59:08.072,1739,0.03235671,0.01605393,0.03095976,-0.9988679,356.2367,358.2733,356.5061,5.0,DB
2025-06-04 15:59:08.117,1740,0.03367529,0.01704645,0.031942,-0.9987769,356.0804,358.1677,356.3992,5.0,DB
2025-06-04 15:59:08.151,1741,0.03345577,0.0178491,0.03262052,-0.9987483,356.1013,358.0775,356.324,5.0,DB
2025-06-04 15:59:08.184,1742,0.0359766,0.01824586,0.03312397,-0.998637,355.81,358.043,356.2721,5.0,DB
2025-06-04 15:59:08.218,1743,0.03595666,0.01763403,0.03257016,-0.9986668,355.8156,358.1108,356.3331,5.0,DB
2025-06-04 15:59:08.261,1744,0.03663348,0.01756338,0.03066776,-0.9987038,355.7419,358.1132,356.5524,5.0,DB
2025-06-04 15:59:08.306,1745,0.03539184,0.0184149,0.02915153,-0.9987786,355.8843,358.0051,356.728,5.0,DB
2025-06-04 15:59:08.328,1746,0.03425986,0.0198709,0.02826673,-0.9988155,356.0112,357.8309,356.8334,5.0,DB
2025-06-04 15:59:08.361,1747,0.03528313,0.02119309,0.02745976,-0.9987753,355.8916,357.6789,356.9335,5.0,DB
2025-06-04 15:59:08.406,1748,0.03778273,0.02265227,0.02752501,-0.99865,355.6005,357.5188,356.9377,5.0,DB
2025-06-04 15:59:08.439,1749,0.03893965,0.02321106,0.02777305,-0.9985859,355.4655,357.4591,356.9144,5.0,DB
2025-06-04 15:59:08.474,1750,0.03880389,0.02275941,0.02802864,-0.9985945,355.4819,357.5117,356.8827,5.0,DB
2025-06-04 15:59:08.506,1751,0.03881989,0.02295104,0.02830252,-0.9985817,355.4788,357.491,356.8521,5.0,DB
2025-06-04 15:59:08.551,1752,0.037839,0.02346593,0.03000228,-0.9985577,355.5852,357.4365,356.6569,5.0,DB
2025-06-04 15:59:08.584,1753,0.03654857,0.02369405,0.03114183,-0.9985656,355.7293,357.4111,356.524,5.0,DB
2025-06-04 15:59:08.617,1754,0.03479783,0.02357707,0.03152724,-0.9986188,355.9294,357.4203,356.4751,5.0,DB
2025-06-04 15:59:08.662,1755,0.03246298,0.02143979,0.03082561,-0.9987674,356.2061,357.6551,356.5421,5.0,DB
2025-06-04 15:59:08.695,1756,0.03050712,0.01994404,0.02996075,-0.9988864,356.4373,357.8171,356.6318,5.0,DB
2025-06-04 15:59:08.729,1757,0.02959509,0.01973424,0.02848792,-0.9989612,356.5457,357.8331,356.7984,5.0,DB
2025-06-04 15:59:08.773,1758,0.0297903,0.01986669,0.02859526,-0.9989496,356.5226,357.8189,356.7869,5.0,DB
2025-06-04 15:59:08.806,1759,0.03074799,0.02133523,0.02741783,-0.9989234,356.4109,357.6491,356.9292,5.0,DB
2025-06-04 15:59:08.840,1760,0.0312683,0.02352529,0.02586218,-0.9988995,356.3487,357.3936,357.1169,5.0,DB
2025-06-04 15:59:08.896,1761,0.0339255,0.02675334,0.02362097,-0.998787,356.0416,357.0214,357.3934,5.0,DB
2025-06-04 15:59:08.917,1762,0.0352444,0.0282462,0.02341467,-0.9987051,355.8872,356.8523,357.4269,5.0,DB
2025-06-04 15:59:08.950,1763,0.03496172,0.02806561,0.02452651,-0.9986934,355.9166,356.8769,357.2977,5.0,DB
2025-06-04 15:59:08.995,1764,0.03450097,0.02562984,0.02518042,-0.9987587,355.9741,357.1581,357.2115,5.0,DB
2025-06-04 15:59:09.028,1765,0.03566866,0.02371375,0.02464508,-0.9987783,355.847,357.3789,357.2681,5.0,DB
2025-06-04 15:59:09.061,1766,0.03570694,0.02329733,0.02582105,-0.9987571,355.8408,357.4317,357.1314,5.0,DB
2025-06-04 15:59:09.095,1767,0.03507859,0.02432109,0.02740635,-0.9987127,355.9056,357.3189,356.9521,5.0,DB
2025-06-04 15:59:09.140,1768,0.03496851,0.02625979,0.02791829,-0.9986532,355.9108,357.0981,356.9009,5.0,DB
2025-06-04 15:59:09.173,1769,0.0344882,0.02723435,0.02883415,-0.9986178,355.9601,356.9886,356.7984,5.0,DB
2025-06-04 15:59:09.206,1770,0.03317374,0.02755434,0.02983504,-0.9986241,356.1066,356.9518,356.6811,5.0,DB
2025-06-04 15:59:09.251,1771,0.03112112,0.02607286,0.03195968,-0.9986643,356.3406,357.1232,356.426,5.0,DB
2025-06-04 15:59:09.284,1772,0.0298848,0.02300189,0.03141224,-0.9987949,356.4946,357.4694,356.4747,5.0,DB
2025-06-04 15:59:09.330,1773,0.0293411,0.02061947,0.02999092,-0.9989067,356.5685,357.736,356.6284,5.0,DB
2025-06-04 15:59:09.351,1774,0.0283603,0.01869669,0.02819155,-0.9990253,356.6911,357.9474,356.8265,5.0,DB
2025-06-04 15:59:09.395,1775,0.02860213,0.01900462,0.02738564,-0.9990351,356.6641,357.9101,356.9205,5.0,DB
2025-06-04 15:59:09.427,1776,0.02871171,0.01971181,0.02727761,-0.9990211,356.6496,357.8289,356.9354,5.0,DB
2025-06-04 15:59:09.461,1777,0.02839272,0.02082907,0.02704456,-0.9990138,356.6832,357.699,356.9652,5.0,DB
2025-06-04 15:59:09.495,1778,0.03050747,0.02270523,0.02567534,-0.9989468,356.4387,357.485,357.1336,5.0,DB
2025-06-04 15:59:09.540,1779,0.03038975,0.02325403,0.02744643,-0.9988907,356.446,357.428,356.932,5.0,DB
2025-06-04 15:59:09.572,1780,0.02667038,0.02000106,0.02982924,-0.9989991,356.877,357.7977,356.6395,5.0,DB
2025-06-04 15:59:09.606,1781,0.02553407,0.0152323,0.02781129,-0.999171,357.0266,358.3349,356.8545,5.0,DB
2025-06-04 15:59:09.651,1782,0.03294871,0.01578397,0.02246634,-0.9990799,356.1844,358.2737,357.4811,5.0,DB
2025-06-04 15:59:09.684,1783,0.03787742,0.02087775,0.02113388,-0.9988407,355.6097,357.6947,357.6642,5.0,DB
2025-06-04 15:59:09.717,1784,0.03692282,0.02621899,0.02394184,-0.9986872,355.6985,357.0913,357.3626,5.0,DB
2025-06-04 15:59:09.762,1785,0.03337412,0.02681525,0.0283794,-0.9986801,356.0904,357.0316,356.8459,5.0,DB
2025-06-04 15:59:09.795,1786,0.03181139,0.02322617,0.02837079,-0.9988213,356.2809,357.4388,356.8292,5.0,DB
2025-06-04 15:59:09.829,1787,0.03054899,0.01979098,0.02759734,-0.9989563,356.4381,357.8264,356.9027,5.0,DB
2025-06-04 15:59:09.861,1788,0.02981689,0.01768169,0.02708224,-0.9990321,356.5295,358.0644,356.953,5.0,DB
2025-06-04 15:59:09.895,1789,0.02907183,0.01830077,0.02676069,-0.9990515,356.6137,357.9901,356.9907,5.0,DB
2025-06-04 15:59:09.949,1790,0.02873957,0.02027313,0.02703525,-0.9990157,356.6452,357.7638,356.9652,5.0,DB
2025-06-04 15:59:09.973,1791,0.02854499,0.02181407,0.02629629,-0.9990085,356.6646,357.584,357.0547,5.0,DB
2025-06-04 15:59:10.006,1792,0.02963742,0.02378882,0.02519769,-0.99896,356.5365,357.3567,357.1901,5.0,DB
2025-06-04 15:59:10.057,1793,0.03153418,0.02503926,0.02546783,-0.9988645,356.3149,357.2191,357.1684,5.0,DB
2025-06-04 15:59:10.083,1794,0.03182338,0.02571183,0.02573632,-0.9988313,356.2791,357.1437,357.1408,5.0,DB
2025-06-04 15:59:10.117,1795,0.03260593,0.02529016,0.02589286,-0.9988128,356.1902,357.1948,357.1234,5.0,DB
2025-06-04 15:59:10.150,1796,0.0333745,0.02470788,0.02580783,-0.9988042,356.1041,357.2634,357.1328,5.0,DB
2025-06-04 15:59:10.195,1797,0.03253395,0.02440185,0.02550759,-0.9988471,356.2021,357.2951,357.164,5.0,DB
2025-06-04 15:59:10.228,1798,0.03385462,0.02459507,0.02666267,-0.9987683,356.0471,357.281,357.0355,5.0,DB
2025-06-04 15:59:10.261,1799,0.03542648,0.02478012,0.02803293,-0.9986718,355.8626,357.2698,356.8829,5.0,DB
2025-06-04 15:59:10.295,1800,0.03475067,0.0248813,0.02777454,-0.9987002,355.9405,357.2552,356.9113,5.0,DB
2025-06-04 15:59:10.349,1801,0.03447242,0.0246419,0.0271816,-0.998732,355.9747,357.2795,356.9777,5.0,DB
2025-06-04 15:59:10.373,1802,0.03489116,0.02478678,0.02720729,-0.9987133,355.9262,357.2641,356.9763,5.0,DB
2025-06-04 15:59:10.406,1803,0.03559439,0.02524293,0.02729997,-0.9986745,355.844,357.2141,356.9694,5.0,DB
2025-06-04 15:59:10.451,1804,0.03470589,0.02546595,0.0279501,-0.9986821,355.9433,357.1887,356.8933,5.0,DB
2025-06-04 15:59:10.484,1805,0.0340351,0.02549209,0.02779803,-0.9987087,356.0205,357.1831,356.9092,5.0,DB
2025-06-04 15:59:10.517,1806,0.03378873,0.02557,0.02734662,-0.9987276,356.0498,357.1716,356.9607,5.0,DB
2025-06-04 15:59:10.550,1807,0.03421681,0.02509793,0.02735798,-0.9987247,356.0021,357.2271,356.9586,5.0,DB
2025-06-04 15:59:10.595,1808,0.03449081,0.02539674,0.02760413,-0.998701,355.9691,357.1946,356.9322,5.0,DB
2025-06-04 15:59:10.628,1809,0.03425275,0.02583745,0.02785524,-0.9986908,355.9943,357.1443,356.9045,5.0,DB
2025-06-04 15:59:10.661,1810,0.03496601,0.02614433,0.02745839,-0.9986691,355.9128,357.1095,356.9533,5.0,DB
2025-06-04 15:59:10.707,1811,0.03579946,0.02630718,0.02757648,-0.9986321,355.8164,357.0937,356.9426,5.0,DB
2025-06-04 15:59:10.739,1812,0.03585039,0.02632868,0.02755327,-0.9986303,355.8106,357.0913,356.9455,5.0,DB
2025-06-04 15:59:10.773,1813,0.03521182,0.02652518,0.02786228,-0.9986393,355.8823,357.0681,356.9091,5.0,DB
2025-06-04 15:59:10.806,1814,0.03530783,0.02681692,0.02786398,-0.998628,355.8704,357.0349,356.9104,5.0,DB
2025-06-04 15:59:10.851,1815,0.03554346,0.02691523,0.02767816,-0.9986222,355.8436,357.0236,356.9328,5.0,DB
2025-06-04 15:59:10.884,1816,0.03578211,0.02685975,0.02760203,-0.9986172,355.8167,357.0303,356.942,5.0,DB
2025-06-04 15:59:10.916,1817,0.03588669,0.02684712,0.02786436,-0.9986066,355.804,357.0331,356.9121,5.0,DB
2025-06-04 15:59:10.969,1818,0.03696582,0.02730658,0.02752151,-0.9985642,355.6799,356.982,356.9564,5.0,DB
2025-06-04 15:59:10.995,1819,0.03640888,0.02753612,0.02864646,-0.9985468,355.7396,356.9589,356.8266,5.0,DB
2025-06-04 15:59:11.028,1820,0.03711477,0.02814546,0.02819795,-0.9985166,355.6582,356.889,356.8828,5.0,DB
2025-06-04 15:59:11.062,1821,0.03675123,0.02763733,0.02851776,-0.9985352,355.7004,356.9477,356.8428,5.0,DB
2025-06-04 15:59:11.113,1822,0.03759929,0.0265593,0.02836569,-0.9985371,355.6071,357.0733,356.8579,5.0,DB
2025-06-04 15:59:11.149,1823,0.03616719,0.02633352,0.02920011,-0.998572,355.7695,357.0986,356.7573,5.0,DB
2025-06-04 15:59:11.172,1824,0.03585281,0.02624999,0.02948117,-0.9985772,355.805,357.1084,356.7238,5.0,DB
2025-06-04 15:59:11.224,1825,0.03510691,0.02689071,0.02914478,-0.9985966,355.8893,357.0312,356.7631,5.0,DB
2025-06-04 15:59:11.250,1826,0.03552607,0.02732803,0.02933173,-0.9985644,355.8394,356.983,356.7446,5.0,DB
2025-06-04 15:59:11.283,1827,0.03472617,0.02800773,0.02968189,-0.9985634,355.9277,356.904,356.7049,5.0,DB
2025-06-04 15:59:11.331,1828,0.03475706,0.0278079,0.02979127,-0.9985646,355.9245,356.9274,356.6916,5.0,DB
2025-06-04 15:59:11.350,1829,0.03611852,0.02733414,0.02903383,-0.9985517,355.7723,356.9828,356.7805,5.0,DB
2025-06-04 15:59:11.395,1830,0.03665908,0.02645792,0.02975395,-0.9985344,355.7111,357.0882,356.6955,5.0,DB
2025-06-04 15:59:11.428,1831,0.03656758,0.02630319,0.02967629,-0.9985442,355.7224,357.1053,356.7035,5.0,DB
2025-06-04 15:59:11.462,1832,0.03661246,0.02639833,0.03048227,-0.9985157,355.7145,357.098,356.6115,5.0,DB
2025-06-04 15:59:11.506,1833,0.03706001,0.02674803,0.03072309,-0.9984826,355.6614,357.0603,356.5865,5.0,DB
2025-06-04 15:59:11.539,1834,0.03818541,0.02709014,0.0307184,-0.9984311,355.5313,357.0246,356.5916,5.0,DB
2025-06-04 15:59:11.572,1835,0.03943621,0.02626848,0.03113228,-0.9983915,355.3895,357.1249,356.5437,5.0,DB
2025-06-04 15:59:11.605,1836,0.04017225,0.02471924,0.03104922,-0.9984044,355.3108,357.3048,356.5479,5.0,DB
2025-06-04 15:59:11.651,1837,0.04046231,0.02418949,0.03084657,-0.9984119,355.2799,357.3657,356.5693,5.0,DB
2025-06-04 15:59:11.683,1838,0.03998035,0.02443627,0.0308973,-0.9984238,355.3341,357.336,356.5635,5.0,DB
2025-06-04 15:59:11.717,1839,0.0402016,0.02543781,0.03166725,-0.9983657,355.3032,357.2253,356.4803,5.0,DB
2025-06-04 15:59:11.762,1840,0.04016953,0.02668137,0.03169468,-0.9983336,355.3024,357.0825,356.4829,5.0,DB
2025-06-04 15:59:11.795,1841,0.03977846,0.02639376,0.03125358,-0.9983709,355.3495,357.1122,356.5312,5.0,DB
2025-06-04 15:59:11.829,1842,0.04006901,0.02556168,0.03065088,-0.9983996,355.3208,357.2058,356.5973,5.0,DB
2025-06-04 15:59:11.862,1843,0.03972196,0.02496823,0.03034007,-0.9984379,355.3634,357.2715,356.6294,5.0,DB
2025-06-04 15:59:11.907,1844,0.03893404,0.02486568,0.0320693,-0.9984175,355.4494,357.2886,356.4283,5.0,DB
2025-06-04 15:59:11.940,1845,0.03885822,0.02469382,0.03356573,-0.9983756,355.4547,357.3149,356.2554,5.0,DB
2025-06-04 15:59:11.988,1846,0.03925135,0.02436562,0.034515,-0.9983358,355.4083,357.3584,356.1458,5.0,DB
2025-06-04 15:59:12.006,1847,0.03783697,0.02364878,0.03554258,-0.9983717,355.5705,357.4401,356.0212,5.0,DB
2025-06-04 15:59:12.051,1848,0.03651053,0.02271747,0.03899982,-0.9983137,355.7177,357.5568,355.617,5.0,DB
2025-06-04 15:59:12.083,1849,0.03542401,0.02053541,0.0418979,-0.9982826,355.8455,357.8147,355.2727,5.0,DB
2025-06-04 15:59:12.117,1850,0.03547189,0.01609891,0.05041985,-0.9979682,355.8468,358.3594,354.275,5.0,DB
2025-06-04 15:59:12.169,1851,0.03527332,0.01181911,0.05182419,-0.9979632,355.8925,358.8549,354.0957,5.0,DB
2025-06-04 15:59:12.195,1852,0.03514086,0.01219917,0.05044564,-0.9980339,355.9071,358.8048,354.2556,5.0,DB
2025-06-04 15:59:12.229,1853,0.03556807,0.01427238,0.0478262,-0.9981202,355.85,358.5586,354.5656,5.0,DB
2025-06-04 15:59:12.261,1854,0.03577284,0.01768008,0.04323597,-0.9982678,355.8165,358.1495,355.1076,5.0,DB
2025-06-04 15:59:12.306,1855,0.0325689,0.02053091,0.03775013,-0.9985453,356.1817,357.7862,355.7437,5.0,DB
2025-06-04 15:59:12.352,1856,0.03483437,0.02112466,0.03483577,-0.9985624,355.9263,357.7155,356.0852,5.0,DB
2025-06-04 15:59:12.373,1857,0.03866657,0.0195502,0.03566158,-0.9984243,355.4916,357.9143,355.9909,5.0,DB
2025-06-04 15:59:12.427,1858,0.03814614,0.0193357,0.03748066,-0.9983819,355.5483,357.9451,355.78,5.0,DB
2025-06-04 15:59:12.450,1859,0.03918332,0.01828161,0.03961883,-0.998279,355.4298,358.0801,355.5312,5.0,DB
2025-06-04 15:59:12.484,1860,0.03903946,0.0172113,0.04263405,-0.9981795,355.4457,358.2161,355.1795,5.0,DB
2025-06-04 15:59:12.528,1861,0.03238827,0.01640004,0.04134022,-0.9984854,356.2137,358.2729,355.3154,5.0,DB
2025-06-04 15:59:12.560,1862,0.03143299,0.01555208,0.04010953,-0.9985797,356.3292,358.3613,355.4522,5.0,DB
2025-06-04 15:59:12.595,1863,0.03128508,0.01581453,0.03895354,-0.998626,356.3469,358.3263,355.5858,5.0,DB
2025-06-04 15:59:12.629,1864,0.03170506,0.01688758,0.03824105,-0.9986227,356.2953,358.2024,355.6721,5.0,DB
2025-06-04 15:59:12.673,1865,0.03283321,0.01867719,0.0379614,-0.9985651,356.1589,358.0008,355.7128,5.0,DB
2025-06-04 15:59:12.705,1866,0.03397492,0.02043307,0.03734288,-0.9985158,356.0219,357.8016,355.7928,5.0,DB
2025-06-04 15:59:12.754,1867,0.03521792,0.02099526,0.03648998,-0.9984927,355.8791,357.7386,355.8955,5.0,DB
2025-06-04 15:59:12.784,1868,0.03425752,0.02099548,0.03653957,-0.9985242,355.989,357.735,355.8879,5.0,DB
2025-06-04 15:59:12.828,1869,0.03399174,0.02028048,0.03602138,-0.9985669,356.0235,357.8139,355.944,5.0,DB
2025-06-04 15:59:12.850,1870,0.03273454,0.01987018,0.03581119,-0.9986247,356.1697,357.8552,355.9642,5.0,DB
2025-06-04 15:59:12.883,1871,0.03143384,0.01928303,0.03540723,-0.9986925,356.3219,357.916,356.006,5.0,DB
2025-06-04 15:59:12.929,1872,0.03110571,0.01888408,0.0352015,-0.9987176,356.3615,357.9597,356.0275,5.0,DB
2025-06-04 15:59:12.961,1873,0.0298339,0.01890904,0.03556135,-0.9987432,356.5064,357.9532,355.984,5.0,DB
2025-06-04 15:59:12.995,1874,0.02982271,0.01918948,0.03581237,-0.9987292,356.506,357.9219,355.9561,5.0,DB
2025-06-04 15:59:13.046,1875,0.03033964,0.01996221,0.03559701,-0.9987062,356.4441,357.8345,355.9846,5.0,DB
2025-06-04 15:59:13.072,1876,0.02987115,0.01994353,0.03570582,-0.9987168,356.4976,357.8352,355.9711,5.0,DB
2025-06-04 15:59:13.120,1877,0.03026425,0.01947027,0.03564465,-0.9987165,356.4546,357.8908,355.9772,5.0,DB
2025-06-04 15:59:13.139,1878,0.03111669,0.01923838,0.03482595,-0.9987237,356.3596,357.9178,356.0719,5.0,DB
2025-06-04 15:59:13.183,1879,0.03131571,0.01969123,0.0351478,-0.9986973,356.3344,357.8678,356.037,5.0,DB
2025-06-04 15:59:13.229,1880,0.03073603,0.01984393,0.03607357,-0.9986793,356.3982,357.8513,355.9302,5.0,DB
2025-06-04 15:59:13.266,1881,0.03012129,0.01950609,0.0363884,-0.9986932,356.4693,357.8888,355.8917,5.0,DB
2025-06-04 15:59:13.295,1882,0.02825384,0.01967405,0.03514402,-0.9987891,356.6852,357.8579,356.0316,5.0,DB
2025-06-04 15:59:13.329,1883,0.0277822,0.01990674,0.0338968,-0.9988408,356.741,357.8254,356.1746,5.0,DB
2025-06-04 15:59:13.375,1884,0.02833342,0.0205063,0.03360186,-0.9988232,356.6762,357.7577,356.2115,5.0,DB
2025-06-04 15:59:13.395,1885,0.02914611,0.02100058,0.03355522,-0.9987911,356.5814,357.7038,356.2202,5.0,DB
2025-06-04 15:59:13.439,1886,0.02872597,0.02148912,0.03289572,-0.9988148,356.6292,357.644,356.2967,5.0,DB
2025-06-04 15:59:13.485,1887,0.02944452,0.02147777,0.03221962,-0.9988163,356.5485,357.6455,356.3758,5.0,DB
2025-06-04 15:59:13.506,1888,0.0304576,0.02160493,0.03188522,-0.9987938,356.4328,357.6333,356.4167,5.0,DB
2025-06-04 15:59:13.540,1889,0.03065075,0.02210259,0.03216095,-0.9987682,356.4082,357.5778,356.3873,5.0,DB
2025-06-04 15:59:13.585,1890,0.03051548,0.02195847,0.03215073,-0.9987758,356.4243,357.5939,356.3877,5.0,DB
2025-06-04 15:59:13.617,1891,0.03173885,0.02181839,0.0325398,-0.9987282,356.2837,357.6156,356.3452,5.0,DB
2025-06-04 15:59:13.661,1892,0.03302169,0.02181762,0.03349919,-0.9986549,356.1344,357.6239,356.2377,5.0,DB
2025-06-04 15:59:13.694,1893,0.03355771,0.02204535,0.03321207,-0.9986416,356.0728,357.5986,356.2727,5.0,DB
2025-06-04 15:59:13.728,1894,0.03428756,0.02322358,0.03178079,-0.9986367,355.9884,357.4602,356.4434,5.0,DB
2025-06-04 15:59:13.773,1895,0.03695054,0.02575954,0.03331731,-0.9984294,355.67,357.1847,356.284,5.0,DB
2025-06-04 15:59:13.805,1896,0.03854455,0.02783619,0.03203723,-0.9983553,355.4835,356.946,356.4445,5.0,DB
2025-06-04 15:59:13.839,1897,0.03906019,0.0290848,0.03022009,-0.9983563,355.4258,356.796,356.6604,5.0,DB
2025-06-04 15:59:13.897,1898,0.03656801,0.02519221,0.02946057,-0.9985791,355.7266,357.232,356.7235,5.0,DB
2025-06-04 15:59:13.917,1899,0.03696517,0.02400386,0.02998853,-0.9985781,355.6836,357.3719,356.6588,5.0,DB
2025-06-04 15:59:13.962,1900,0.03655624,0.02259398,0.02878367,-0.9986616,355.7381,357.5274,356.7902,5.0,DB
2025-06-04 15:59:13.994,1901,0.03854349,0.02314234,0.02912311,-0.9985644,355.5078,357.4719,356.7581,5.0,DB
2025-06-04 15:59:14.028,1902,0.03901129,0.02380638,0.02788407,-0.998566,355.4552,357.3914,356.9045,5.0,DB
2025-06-04 15:59:14.080,1903,0.03797867,0.02519338,0.02692519,-0.9985981,355.5719,357.2249,357.0183,5.0,DB
2025-06-04 15:59:14.105,1904,0.04069521,0.02563991,0.02768707,-0.9984588,355.2571,357.1848,356.9398,5.0,DB
2025-06-04 15:59:14.139,1905,0.04156524,0.02592087,0.02644789,-0.9984494,355.16,357.1489,357.0858,5.0,DB
2025-06-04 15:59:14.172,1906,0.04468499,0.02894756,0.024839,-0.9982728,354.7988,356.8009,357.2947,5.0,DB
2025-06-04 15:59:14.216,1907,0.04489263,0.03085759,0.02865192,-0.998104,354.7568,356.6019,356.867,5.0,DB
2025-06-04 15:59:14.250,1908,0.04518378,0.02861554,0.03006347,-0.9981163,354.726,356.8679,356.6938,5.0,DB
2025-06-04 15:59:14.283,1909,0.04767147,0.02221764,0.03128501,-0.9981259,354.4592,357.6179,356.5247,5.0,DB
2025-06-04 15:59:14.329,1910,0.05051368,0.01466009,0.02915424,-0.9981902,354.163,358.4838,356.7314,5.0,DB
2025-06-04 15:59:14.372,1911,0.06572042,0.01608262,0.02709998,-0.9973404,352.417,358.3514,356.9963,5.0,DB
2025-06-04 15:59:14.394,1912,0.07138285,0.02103315,0.028976,-0.9968063,351.7479,357.8113,356.8278,5.0,DB
2025-06-04 15:59:14.446,1913,0.07571737,0.02798218,0.03018184,-0.9962797,351.2247,357.0312,356.7574,5.0,DB
2025-06-04 15:59:14.494,1914,0.0784859,0.02735468,0.03061314,-0.9960696,350.9074,357.1156,356.7086,5.0,DB
2025-06-04 15:59:14.516,1915,0.08259784,0.02476251,0.03019175,-0.9958178,350.4447,357.4235,356.7422,5.0,DB
2025-06-04 15:59:14.550,1916,0.08010538,0.02108475,0.02766358,-0.9961795,350.7487,357.8181,356.9952,5.0,DB
2025-06-04 15:59:14.583,1917,0.08526567,0.01747815,0.02917955,-0.9957776,350.1638,358.265,356.7924,5.0,DB
2025-06-04 15:59:14.628,1918,0.09114787,0.01431239,0.02906811,-0.9953102,349.4978,358.6485,356.7785,5.0,DB
2025-06-04 15:59:14.673,1919,0.1005843,0.01570653,0.02477441,-0.9944961,348.4139,358.4641,357.3018,5.0,DB
2025-06-04 15:59:14.694,1920,0.105768,0.01716862,0.02323598,-0.9939712,347.8156,358.2873,357.5045,5.0,DB
2025-06-04 15:59:14.727,1921,0.1102531,0.02099077,0.02403064,-0.9933913,347.2876,357.8612,357.4668,5.0,DB
2025-06-04 15:59:14.771,1922,0.1145131,0.02443628,0.02439665,-0.9928216,346.7868,357.4723,357.4775,5.0,DB
2025-06-04 15:59:14.818,1923,0.1222814,0.02508473,0.02344882,-0.9919014,345.8915,357.398,357.6136,5.0,DB
2025-06-04 15:59:14.838,1924,0.1285017,0.02524073,0.0226142,-0.9911302,345.1751,357.3781,357.727,5.0,DB
2025-06-04 15:59:14.868,1925,0.1285328,0.02502127,0.02139275,-0.9911588,345.1753,357.3853,357.8673,5.0,DB
2025-06-04 15:59:14.916,1926,0.1307555,0.02620721,0.01962051,-0.9908741,344.9209,357.2216,358.0991,5.0,DB
2025-06-04 15:59:14.941,1927,0.1341035,0.02689996,0.01873121,-0.9904252,344.5352,357.1298,358.2229,5.0,DB
2025-06-04 15:59:14.994,1928,0.1334572,0.02935019,0.01707494,-0.9904729,344.6108,356.8141,358.4553,5.0,DB
2025-06-04 15:59:15.016,1929,0.1404251,0.03004233,0.01701061,-0.9894893,343.8042,356.7361,358.4948,5.0,DB
2025-06-04 15:59:15.046,1930,0.1439187,0.03006728,0.01665322,-0.9889925,343.4011,356.7291,358.5479,5.0,DB
2025-06-04 15:59:15.106,1931,0.144946,0.02961453,0.01577479,-0.9888706,343.2857,356.768,358.6471,5.0,DB
2025-06-04 15:59:15.119,1932,0.1543806,0.02923777,0.01619466,-0.9874461,342.1918,356.8245,358.6184,5.0,DB
2025-06-04 15:59:15.171,1933,0.1587817,0.02878537,0.01742973,-0.9867401,341.6781,356.9039,358.4755,5.0,DB
2025-06-04 15:59:15.189,1934,0.166905,0.02874372,0.01773812,-0.9853944,340.734,356.9197,358.4604,5.0,DB
2025-06-04 15:59:15.238,1935,0.1719269,0.02750535,0.01909158,-0.9845407,340.1482,357.0995,358.2859,5.0,DB
2025-06-04 15:59:15.264,1936,0.1765513,0.02720366,0.01909561,-0.9837303,339.6107,357.1394,358.2904,5.0,DB
2025-06-04 15:59:15.324,1937,0.1773146,0.02704202,0.02043436,-0.9835706,339.5183,357.1885,358.1277,5.0,DB
2025-06-04 15:59:15.361,1938,0.186197,0.02701754,0.02107827,-0.9819149,338.4817,357.2146,358.0699,5.0,DB
2025-06-04 15:59:15.395,1939,0.1940932,0.02630125,0.02099191,-0.9804059,337.562,357.3073,358.081,5.0,DB
2025-06-04 15:59:15.414,1940,0.2016959,0.0262019,0.02025426,-0.9788882,336.6756,357.3081,358.185,5.0,DB
2025-06-04 15:59:15.459,1941,0.2063905,0.02676238,0.02152051,-0.9778669,336.1216,357.276,358.0546,5.0,DB
2025-06-04 15:59:15.493,1942,0.2116138,0.02739055,0.02108954,-0.976742,335.5097,357.192,358.1357,5.0,DB
2025-06-04 15:59:15.525,1943,0.2181471,0.02790703,0.02097517,-0.9752914,334.7427,357.13,358.1791,5.0,DB
2025-06-04 15:59:15.570,1944,0.2238052,0.02747384,0.02054998,-0.97403,334.08,357.1754,358.2329,5.0,DB
2025-06-04 15:59:15.592,1945,0.2341853,0.02767568,0.02035687,-0.9715849,332.8586,357.1501,358.2874,5.0,DB
2025-06-04 15:59:15.637,1946,0.2378919,0.02793846,0.02068298,-0.9706696,332.4201,357.1289,358.2635,5.0,DB
2025-06-04 15:59:15.670,1947,0.2453356,0.02846567,0.02021875,-0.9688093,331.5418,357.0507,358.3569,5.0,DB
2025-06-04 15:59:15.703,1948,0.2513314,0.0286449,0.02020324,-0.9672663,330.8324,357.029,358.38,5.0,DB
2025-06-04 15:59:15.747,1949,0.2559828,0.02880224,0.0200268,-0.9660447,330.2817,357.0038,358.4199,5.0,DB
2025-06-04 15:59:15.770,1950,0.2628461,0.0288527,0.01964552,-0.9642063,329.4687,356.9845,358.4887,5.0,DB
2025-06-04 15:59:15.814,1951,0.269612,0.02888852,0.01905957,-0.962347,328.6663,356.9583,358.584,5.0,DB
2025-06-04 15:59:15.847,1952,0.2800788,0.02932203,0.01819125,-0.9593568,327.4213,356.8659,358.7434,5.0,DB
2025-06-04 15:59:15.880,1953,0.2840644,0.02960446,0.01762636,-0.9581861,326.9469,356.8047,358.8406,5.0,DB
2025-06-04 15:59:15.925,1954,0.2893053,0.03021784,0.01777284,-0.9565949,326.3189,356.7257,358.8626,5.0,DB
2025-06-04 15:59:15.947,1955,0.3013253,0.03048007,0.01732451,-0.9528768,324.8788,356.6605,358.9739,5.0,DB
2025-06-04 15:59:15.991,1956,0.3057824,0.03046115,0.01652151,-0.9514707,324.3458,356.6231,359.0966,5.0,DB
2025-06-04 15:59:16.024,1957,0.316565,0.0307255,0.01555619,-0.9479455,323.0492,356.5276,359.2802,5.0,DB
2025-06-04 15:59:16.057,1958,0.320208,0.0310067,0.01496039,-0.9467216,322.611,356.455,359.3892,5.0,DB
2025-06-04 15:59:16.091,1959,0.330897,0.03163328,0.01428664,-0.9430284,321.3182,356.3124,359.5588,5.0,DB
2025-06-04 15:59:16.124,1960,0.3388618,0.03216646,0.01384476,-0.9401844,320.3515,356.1946,359.685,5.0,DB
2025-06-04 15:59:16.157,1961,0.3424461,0.03210616,0.01326323,-0.9388952,319.9172,356.1627,359.7816,5.0,DB
2025-06-04 15:59:16.201,1962,0.3543236,0.03232978,0.0137479,-0.9344628,318.4638,356.1178,359.787,5.0,DB
2025-06-04 15:59:16.223,1963,0.3683634,0.03243452,0.01310728,-0.9290236,316.7418,356.0153,359.9639,5.0,DB
2025-06-04 15:59:16.268,1964,0.37156,0.03227701,0.01352137,-0.9277493,316.346,356.0499,359.9126,5.0,DB
2025-06-04 15:59:16.287,1965,0.3907194,0.03221872,0.01277768,-0.9198572,313.9756,355.9295,0.1377764,5.0,DB
2025-06-04 15:59:16.333,1966,0.3919691,0.03152934,0.0124089,-0.9193543,313.8216,356.0045,0.1572789,5.0,DB
2025-06-04 15:59:16.354,1967,0.3924565,0.03182564,0.01216199,-0.9191394,313.7621,355.941,0.2173026,5.0,DB
2025-06-04 15:59:16.405,1968,0.3918095,0.03280165,0.01215473,-0.9193811,313.8429,355.7951,0.277458,5.0,DB
2025-06-04 15:59:16.421,1969,0.3913368,0.03304461,0.01228621,-0.9195721,313.9012,355.7691,0.2699496,5.0,DB
2025-06-04 15:59:16.467,1970,0.3906472,0.03302147,0.01212106,-0.9198684,313.9878,355.7656,0.2887404,5.0,DB
2025-06-04 15:59:16.502,1971,0.3900288,0.0328871,0.01236582,-0.9201322,314.0635,355.8049,0.2387103,5.0,DB
2025-06-04 15:59:16.521,1972,0.3893816,0.03233221,0.01273759,-0.9204209,314.1422,355.9161,0.142428,5.0,DB
2025-06-04 15:59:16.554,1973,0.3892362,0.03235095,0.01330438,-0.9204736,314.1578,355.9502,0.05688598,5.0,DB
2025-06-04 15:59:16.588,1974,0.3900519,0.03209228,0.01330441,-0.9201374,314.0563,355.9857,0.04544494,5.0,DB
2025-06-04 15:59:16.621,1975,0.390605,0.03221539,0.01351875,-0.9198952,313.9866,355.9782,0.02436409,5.0,DB
2025-06-04 15:59:16.654,1976,0.3901602,0.03216431,0.01411447,-0.9200769,314.0394,356.0263,359.9279,5.0,DB
2025-06-04 15:59:16.688,1977,0.3896624,0.03198998,0.014514,-0.9202877,314.0996,356.0805,359.8531,5.0,DB
2025-06-04 15:59:16.710,1978,0.3888307,0.03181723,0.01501246,-0.9206374,314.2009,356.1419,359.7617,5.0,DB
2025-06-04 15:59:16.756,1979,0.3855353,0.03089119,0.01541189,-0.9220471,314.609,356.3193,359.6246,5.0,DB
2025-06-04 15:59:16.777,1980,0.38334,0.03066622,0.01541014,-0.9229695,314.8815,356.3605,359.5993,5.0,DB
2025-06-04 15:59:16.823,1981,0.378707,0.03032661,0.01528684,-0.9248934,315.4562,356.4187,359.5733,5.0,DB
2025-06-04 15:59:16.845,1982,0.3779089,0.03034707,0.01566198,-0.9252129,315.5535,356.4409,359.5149,5.0,DB
2025-06-04 15:59:16.890,1983,0.3763509,0.03049758,0.01564816,-0.9258431,315.7462,356.4225,359.5184,5.0,DB
2025-06-04 15:59:16.911,1984,0.3760884,0.03072215,0.01547422,-0.9259452,315.7792,356.3795,359.5564,5.0,DB
2025-06-04 15:59:16.958,1985,0.3761671,0.0312449,0.01650212,-0.9258779,315.7652,356.3636,359.4361,5.0,DB
2025-06-04 15:59:16.978,1986,0.3742616,0.03133264,0.01620031,-0.9266522,316.0018,356.3383,359.4766,5.0,DB
2025-06-04 15:59:17.012,1987,0.3738551,0.03096247,0.01637787,-0.9268256,316.0515,356.4047,359.4264,5.0,DB
2025-06-04 15:59:17.045,1988,0.3733357,0.03020605,0.01608698,-0.927065,316.1173,356.5006,359.4218,5.0,DB
2025-06-04 15:59:17.078,1989,0.3723926,0.03010158,0.01630002,-0.9274439,316.233,356.5311,359.3799,5.0,DB
2025-06-04 15:59:17.111,1990,0.3707358,0.0301661,0.01675798,-0.9280971,316.4357,356.5529,359.309,5.0,DB
2025-06-04 15:59:17.133,1991,0.3694831,0.03023479,0.01703431,-0.9285893,316.5891,356.562,359.267,5.0,DB
2025-06-04 15:59:17.179,1992,0.3674663,0.03015871,0.01703303,-0.9293917,316.8377,356.5779,359.2541,5.0,DB
2025-06-04 15:59:17.200,1993,0.3661296,0.03009097,0.0167218,-0.929927,317.0035,356.573,359.2898,5.0,DB
2025-06-04 15:59:17.246,1994,0.3649052,0.03024049,0.01681359,-0.9304016,317.1537,356.5594,359.2797,5.0,DB
2025-06-04 15:59:17.267,1995,0.3650259,0.03026377,0.01660366,-0.9303573,317.1396,356.5438,359.3121,5.0,DB
2025-06-04 15:59:17.311,1996,0.3632587,0.02990313,0.01555652,-0.9310784,317.3611,356.5411,359.4358,5.0,DB
2025-06-04 15:59:17.334,1997,0.36254,0.02984289,0.0152394,-0.9313657,317.4507,356.5339,359.4751,5.0,DB
2025-06-04 15:59:17.383,1998,0.3625049,0.02989548,0.01506938,-0.9313805,317.4556,356.5168,359.5026,5.0,DB
2025-06-04 15:59:17.415,1999,0.3619427,0.03019553,0.01481773,-0.9315934,317.5255,356.4607,359.5533,5.0,DB
2025-06-04 15:59:17.447,2000,0.3605422,0.03025564,0.01486845,-0.9321336,317.6974,356.4587,359.5428,5.0,DB
2025-06-04 15:59:17.467,2001,0.3607374,0.0302993,0.01499203,-0.9320547,317.6729,356.4588,359.5283,5.0,DB
2025-06-04 15:59:17.501,2002,0.3602514,0.02987971,0.01510664,-0.9322543,317.7324,356.5272,359.4861,5.0,DB
2025-06-04 15:59:17.547,2003,0.3584409,0.02967899,0.01494786,-0.9329609,317.9553,356.552,359.4896,5.0,DB
2025-06-04 15:59:17.568,2004,0.3578784,0.02969529,0.01494418,-0.9331763,318.0244,356.5509,359.4885,5.0,DB
2025-06-04 15:59:17.601,2005,0.3565726,0.02985599,0.01495807,-0.9336707,318.1844,356.532,359.4895,5.0,DB
2025-06-04 15:59:17.634,2006,0.3550112,0.0297375,0.01440801,-0.934278,318.3778,356.523,359.5548,5.0,DB
2025-06-04 15:59:17.667,2007,0.3521402,0.02973317,0.01390125,-0.9353717,318.7314,356.504,359.6139,5.0,DB
2025-06-04 15:59:17.701,2008,0.3496813,0.02914993,0.01445856,-0.9363036,319.0304,356.6232,359.4924,5.0,DB
2025-06-04 15:59:17.734,2009,0.3472806,0.02870289,0.01432474,-0.9372125,319.3245,356.6853,359.4776,5.0,DB
2025-06-04 15:59:17.768,2010,0.346555,0.0281274,0.0144985,-0.9374959,319.4129,356.7775,359.4199,5.0,DB
2025-06-04 15:59:17.801,2011,0.3457428,0.02807624,0.01421414,-0.9378015,319.5131,356.7716,359.4541,5.0,DB
2025-06-04 15:59:17.834,2012,0.3445472,0.02846139,0.01429524,-0.9382287,319.6585,356.7241,359.4579,5.0,DB
2025-06-04 15:59:17.867,2013,0.3423972,0.02880628,0.01500381,-0.9389938,319.9181,356.7165,359.3672,5.0,DB
2025-06-04 15:59:17.901,2014,0.338903,0.02861745,0.01526746,-0.9402621,320.3431,356.7634,359.3068,5.0,DB
2025-06-04 15:59:17.934,2015,0.3363317,0.02865717,0.01633135,-0.9411658,320.6524,356.8156,359.1505,5.0,DB
2025-06-04 15:59:17.968,2016,0.3363586,0.02794302,0.01687341,-0.9411681,320.648,356.9423,359.0394,5.0,DB
2025-06-04 15:59:18.001,2017,0.3350131,0.02702564,0.01745326,-0.9416642,320.8108,357.1006,358.9086,5.0,DB
2025-06-04 15:59:18.034,2018,0.3337239,0.02640483,0.01804041,-0.9421282,320.9665,357.2172,358.7925,5.0,DB
2025-06-04 15:59:18.067,2019,0.3318992,0.02612656,0.01839497,-0.9427736,321.1876,357.2745,358.7247,5.0,DB
2025-06-04 15:59:18.101,2020,0.3295789,0.02626372,0.01860032,-0.9435794,321.4685,357.2668,358.6969,5.0,DB
2025-06-04 15:59:18.134,2021,0.3275535,0.02615255,0.01865185,-0.9442865,321.7142,357.2856,358.6792,5.0,DB
2025-06-04 15:59:18.168,2022,0.3265422,0.02664892,0.01886609,-0.9446186,321.8355,357.2279,358.6708,5.0,DB
2025-06-04 15:59:18.201,2023,0.3254391,0.0267155,0.01896904,-0.9449953,321.9688,357.2242,358.6569,5.0,DB
2025-06-04 15:59:18.234,2024,0.3238677,0.0271105,0.01929795,-0.9455171,322.1576,357.1862,358.6262,5.0,DB
2025-06-04 15:59:18.268,2025,0.3230238,0.02707985,0.01881858,-0.9458162,322.2613,357.1683,358.6883,5.0,DB
2025-06-04 15:59:18.313,2026,0.3209704,0.02700634,0.01803532,-0.9465324,322.5122,357.1432,358.7864,5.0,DB
2025-06-04 15:59:18.345,2027,0.3208797,0.0266726,0.01797246,-0.9465737,322.5238,357.186,358.7793,5.0,DB
2025-06-04 15:59:18.379,2028,0.3216686,0.02586379,0.0179872,-0.9463282,322.4294,357.2969,358.7418,5.0,DB
2025-06-04 15:59:18.422,2029,0.3218525,0.02551258,0.01775031,-0.9462797,322.4083,357.3339,358.7583,5.0,DB
2025-06-04 15:59:18.434,2030,0.3221263,0.02553705,0.0175537,-0.9461895,322.3757,357.3212,358.787,5.0,DB
2025-06-04 15:59:18.488,2031,0.3221056,0.02665088,0.01821258,-0.9461534,322.3748,357.1994,358.7487,5.0,DB
2025-06-04 15:59:18.522,2032,0.3213089,0.02693255,0.01792392,-0.9464218,322.4717,357.1479,358.7992,5.0,DB
2025-06-04 15:59:18.545,2033,0.321889,0.02679287,0.01770834,-0.9462327,322.4023,357.1566,358.8238,5.0,DB
2025-06-04 15:59:18.567,2034,0.3227868,0.02633662,0.01689471,-0.9459544,322.2967,357.1804,358.9165,5.0,DB
2025-06-04 15:59:18.612,2035,0.3235729,0.02635539,0.01612679,-0.9456987,322.2038,357.1411,359.025,5.0,DB
2025-06-04 15:59:18.645,2036,0.3233664,0.02667294,0.01628406,-0.9457578,322.228,357.1051,359.0177,5.0,DB
2025-06-04 15:59:18.668,2037,0.323641,0.0267313,0.01607574,-0.9456657,322.1953,357.087,359.0499,5.0,DB
2025-06-04 15:59:18.712,2038,0.3245519,0.02690061,0.01594036,-0.945351,322.0852,357.0564,359.0793,5.0,DB
2025-06-04 15:59:18.734,2039,0.3247249,0.02689083,0.01571075,-0.9452957,322.065,357.0467,359.1109,5.0,DB
2025-06-04 15:59:18.779,2040,0.3245342,0.02704246,0.01591257,-0.9453535,322.0873,357.0356,359.0897,5.0,DB
2025-06-04 15:59:18.801,2041,0.3243717,0.0269915,0.01601342,-0.945409,322.1068,357.0475,359.073,5.0,DB
2025-06-04 15:59:18.846,2042,0.3234566,0.02697351,0.01604587,-0.9457225,322.2175,357.0526,359.0648,5.0,DB
2025-06-04 15:59:18.891,2043,0.3231725,0.02669783,0.01625609,-0.9458238,322.2515,357.1006,359.0221,5.0,DB
2025-06-04 15:59:18.912,2044,0.3227071,0.02686515,0.0163027,-0.9459772,322.3075,357.0803,359.0221,5.0,DB
2025-06-04 15:59:18.957,2045,0.322253,0.02727588,0.01679963,-0.9461114,322.3605,357.0477,358.9718,5.0,DB
2025-06-04 15:59:18.979,2046,0.3223156,0.02750203,0.01679302,-0.9460837,322.3527,357.0164,358.9835,5.0,DB
2025-06-04 15:59:19.012,2047,0.322664,0.02761269,0.01721869,-0.9459541,322.3091,357.0207,358.9315,5.0,DB
2025-06-04 15:59:19.045,2048,0.3233692,0.02739162,0.01755893,-0.9457134,322.2229,357.0663,358.8766,5.0,DB
2025-06-04 15:59:19.079,2049,0.3243826,0.02743315,0.01754848,-0.9453653,322.1002,357.0592,358.8831,5.0,DB
2025-06-04 15:59:19.123,2050,0.3239311,0.02687677,0.01796387,-0.9455283,322.1543,357.1555,358.7985,5.0,DB
2025-06-04 15:59:19.145,2051,0.3237544,0.02646266,0.01787887,-0.9456021,322.1765,357.2085,358.7902,5.0,DB
2025-06-04 15:59:19.178,2052,0.3235232,0.02595911,0.01808719,-0.9456912,322.2045,357.2875,358.7373,5.0,DB
2025-06-04 15:59:19.212,2053,0.3244011,0.0256789,0.01800458,-0.9453997,322.0988,357.3217,358.7377,5.0,DB
2025-06-04 15:59:19.245,2054,0.3255682,0.02624096,0.01834324,-0.9449764,321.9557,357.2598,358.7208,5.0,DB
2025-06-04 15:59:19.279,2055,0.3256694,0.02676341,0.01884136,-0.9449171,321.9412,357.2114,358.6773,5.0,DB
2025-06-04 15:59:19.312,2056,0.3246865,0.0266383,0.01878068,-0.94526,322.0607,357.2263,358.6772,5.0,DB
2025-06-04 15:59:19.358,2057,0.3243873,0.02602584,0.01840331,-0.9453872,322.0988,357.2928,358.6993,5.0,DB
2025-06-04 15:59:19.378,2058,0.3252055,0.02539283,0.01801595,-0.9451308,322.0017,357.3611,358.7247,5.0,DB
2025-06-04 15:59:19.426,2059,0.3256253,0.0254202,0.01805146,-0.9449848,321.9507,357.3589,358.7221,5.0,DB
2025-06-04 15:59:19.445,2060,0.3258094,0.02594729,0.01827951,-0.9449027,321.927,357.297,358.7162,5.0,DB
2025-06-04 15:59:19.479,2061,0.3250113,0.02618777,0.01807586,-0.9451747,322.024,357.2548,358.7536,5.0,DB
2025-06-04 15:59:19.512,2062,0.3249476,0.02640446,0.01774832,-0.9451967,322.0324,357.2095,358.8087,5.0,DB
2025-06-04 15:59:19.559,2063,0.3239669,0.02646104,0.01758209,-0.9455348,322.1516,357.1946,358.8314,5.0,DB
2025-06-04 15:59:19.590,2064,0.3227357,0.02649496,0.01798632,-0.9459472,322.2994,357.2098,358.7742,5.0,DB
2025-06-04 15:59:19.611,2065,0.3220525,0.02645202,0.01785673,-0.9461838,322.3826,357.2101,358.7881,5.0,DB
2025-06-04 15:59:19.645,2066,0.3220226,0.02607174,0.01775037,-0.9462065,322.387,357.2572,358.7848,5.0,DB
2025-06-04 15:59:19.678,2067,0.3224508,0.02569615,0.01778747,-0.9460704,322.3355,357.3102,358.7633,5.0,DB
2025-06-04 15:59:19.712,2068,0.3219517,0.02593395,0.017693,-0.9462355,322.3959,357.2734,358.786,5.0,DB
2025-06-04 15:59:19.758,2069,0.3217704,0.02620561,0.01775377,-0.9462886,322.4173,357.2392,358.7899,5.0,DB
2025-06-04 15:59:19.778,2070,0.3221142,0.02649324,0.01792442,-0.9461604,322.3748,357.2075,358.7809,5.0,DB
2025-06-04 15:59:19.812,2071,0.3223755,0.02639185,0.01814193,-0.9460701,322.3427,357.2314,358.7471,5.0,DB
2025-06-04 15:59:19.845,2072,0.3224789,0.02608356,0.01835405,-0.9460393,322.33,357.2835,358.7039,5.0,DB
2025-06-04 15:59:19.879,2073,0.3227575,0.02565708,0.01833626,-0.9459563,322.2969,357.341,358.6871,5.0,DB
2025-06-04 15:59:19.912,2074,0.3225489,0.02559525,0.01855159,-0.9460249,322.3216,357.3596,358.6541,5.0,DB
2025-06-04 15:59:19.945,2075,0.3221785,0.02557097,0.0187573,-0.9461477,322.3659,357.3727,358.624,5.0,DB
2025-06-04 15:59:19.979,2076,0.3218068,0.02549104,0.01864963,-0.9462785,322.4113,357.3787,358.6341,5.0,DB
2025-06-04 15:59:20.012,2077,0.3216901,0.02551843,0.0182365,-0.9463255,322.4266,357.3558,358.6916,5.0,DB
2025-06-04 15:59:20.045,2078,0.3220247,0.02568965,0.01786908,-0.946214,322.3869,357.3151,358.7507,5.0,DB
2025-06-04 15:59:20.079,2079,0.322599,0.02633689,0.01882308,-0.945982,322.3138,357.2706,358.6518,5.0,DB
2025-06-04 15:59:20.112,2080,0.3217675,0.02633446,0.01846713,-0.9462723,322.4154,357.2547,358.6983,5.0,DB
2025-06-04 15:59:20.158,2081,0.3211274,0.02586456,0.01821692,-0.9465075,322.4942,357.3077,358.709,5.0,DB
2025-06-04 15:59:20.180,2082,0.3218579,0.02520503,0.01798017,-0.9462817,322.4074,357.3867,358.7125,5.0,DB
2025-06-04 15:59:20.203,2083,0.3225957,0.02525521,0.01779316,-0.9460326,322.3185,357.3708,358.7423,5.0,DB
2025-06-04 15:59:20.248,2084,0.3225967,0.0259011,0.01798399,-0.9460112,322.317,357.2912,358.7463,5.0,DB
2025-06-04 15:59:20.281,2085,0.322921,0.02654641,0.01813535,-0.9458799,322.2765,357.2096,358.7567,5.0,DB
2025-06-04 15:59:20.314,2086,0.3237219,0.02701497,0.01809713,-0.9455935,322.179,357.1429,358.7861,5.0,DB
2025-06-04 15:59:20.336,2087,0.3231436,0.02729091,0.01802994,-0.9457846,322.2489,357.1024,358.8066,5.0,DB
2025-06-04 15:59:20.382,2088,0.3227574,0.02675913,0.01813413,-0.9459296,322.296,357.1805,358.7664,5.0,DB
2025-06-04 15:59:20.403,2089,0.3227687,0.02618594,0.0182002,-0.9459405,322.2952,357.2621,358.7305,5.0,DB
2025-06-04 15:59:20.458,2090,0.3232322,0.02532506,0.01814251,-0.9458069,322.2404,357.3773,358.6992,5.0,DB
2025-06-04 15:59:20.470,2091,0.3231598,0.0254398,0.0179379,-0.9458326,322.2496,357.352,358.7325,5.0,DB
2025-06-04 15:59:20.516,2092,0.3235491,0.02631294,0.0180537,-0.9456732,322.201,357.2374,358.7586,5.0,DB
2025-06-04 15:59:20.537,2093,0.3235074,0.02668426,0.01827784,-0.9456728,322.2049,357.197,358.7452,5.0,DB
2025-06-04 15:59:20.590,2094,0.3236002,0.02665134,0.01811988,-0.945645,322.1942,357.194,358.7656,5.0,DB
2025-06-04 15:59:20.603,2095,0.3234422,0.02633301,0.01840263,-0.9457024,322.2129,357.2511,358.7114,5.0,DB
2025-06-04 15:59:20.649,2096,0.3231137,0.02557454,0.0185868,-0.945832,322.2532,357.3639,358.6497,5.0,DB
2025-06-04 15:59:20.670,2097,0.3228293,0.02562545,0.01893657,-0.9459208,322.2866,357.3734,358.6035,5.0,DB
2025-06-04 15:59:20.716,2098,0.3230194,0.02565256,0.01877788,-0.9458584,322.264,357.3622,358.627,5.0,DB
2025-06-04 15:59:20.737,2099,0.3230944,0.02589505,0.01852998,-0.945831,322.2552,357.3173,358.6725,5.0,DB
2025-06-04 15:59:20.782,2100,0.3227712,0.02594863,0.01837767,-0.9459428,322.2947,357.3029,358.6951,5.0,DB
2025-06-04 15:59:20.803,2101,0.3227302,0.02598826,0.01849022,-0.9459535,322.2993,357.3028,358.6814,5.0,DB
2025-06-04 15:59:20.852,2102,0.3229064,0.02592649,0.01850457,-0.9458949,322.278,357.3119,358.677,5.0,DB
2025-06-04 15:59:20.870,2103,0.323441,0.02594735,0.01813218,-0.9457187,322.2143,357.2913,358.7304,5.0,DB
2025-06-04 15:59:20.916,2104,0.3235875,0.02631603,0.01904691,-0.9456406,322.1935,357.2836,358.6226,5.0,DB
2025-06-04 15:59:20.936,2105,0.3230243,0.02628234,0.01884819,-0.9458379,322.2623,357.2791,358.6469,5.0,DB
2025-06-04 15:59:20.983,2106,0.3225504,0.02584554,0.01859918,-0.9460167,322.321,357.3275,358.6593,5.0,DB
2025-06-04 15:59:21.016,2107,0.3225848,0.02567511,0.0183215,-0.9460149,322.3178,357.3379,358.6895,5.0,DB
2025-06-04 15:59:21.049,2108,0.3232538,0.02597652,0.01833186,-0.9457781,322.2364,357.2968,358.7039,5.0,DB
2025-06-04 15:59:21.059,2109,0.3232646,0.02610398,0.01840394,-0.9457695,322.2347,357.2827,358.7,5.0,DB
2025-06-04 15:59:21.116,2110,0.3232142,0.02642384,0.01851363,-0.9457757,322.2401,357.2439,358.6999,5.0,DB
2025-06-04 15:59:21.126,2111,0.3230725,0.02639548,0.01853701,-0.9458245,322.2572,357.249,358.6949,5.0,DB
2025-06-04 15:59:21.182,2112,0.3230866,0.02620089,0.0187436,-0.945821,322.2552,357.2853,358.6575,5.0,DB
2025-06-04 15:59:21.192,2113,0.3231843,0.02608382,0.01873357,-0.9457911,322.2435,357.3009,358.6537,5.0,DB
2025-06-04 15:59:21.251,2114,0.3230298,0.0259758,0.01868798,-0.9458477,322.2625,357.3137,358.6544,5.0,DB
2025-06-04 15:59:21.261,2115,0.3228851,0.02601914,0.01869206,-0.9458958,322.2799,357.308,358.6556,5.0,DB
2025-06-04 15:59:21.316,2116,0.323055,0.02589116,0.01887164,-0.9458379,322.2591,357.3338,358.6254,5.0,DB
2025-06-04 15:59:21.328,2117,0.3234143,0.02601298,0.0187613,-0.9457138,322.2157,357.3118,358.6471,5.0,DB
2025-06-04 15:59:21.383,2118,0.3235737,0.02601973,0.0190623,-0.9456531,322.1955,357.325,358.6065,5.0,DB
2025-06-04 15:59:21.403,2119,0.3236679,0.02602871,0.0190867,-0.9456202,322.184,357.3249,358.6038,5.0,DB
2025-06-04 15:59:21.450,2120,0.3235373,0.02591404,0.01918167,-0.9456661,322.1997,357.3451,358.5851,5.0,DB
2025-06-04 15:59:21.459,2121,0.3234878,0.02605397,0.01923878,-0.945678,322.2054,357.3286,358.5837,5.0,DB
2025-06-04 15:59:21.515,2122,0.3226772,0.02612521,0.01916494,-0.9459545,322.3036,357.3156,358.5952,5.0,DB
2025-06-04 15:59:21.526,2123,0.3226154,0.02620447,0.01901857,-0.9459763,322.3114,357.2979,358.6188,5.0,DB
2025-06-04 15:59:21.571,2124,0.3221296,0.02627248,0.01852828,-0.9461496,322.3715,357.2659,358.6879,5.0,DB
2025-06-04 15:59:21.593,2125,0.3215846,0.02634254,0.01837818,-0.946336,322.4378,357.2496,358.7103,5.0,DB
2025-06-04 15:59:21.646,2126,0.3215806,0.02643805,0.01808266,-0.9463403,322.439,357.2228,358.7552,5.0,DB
2025-06-04 15:59:21.659,2127,0.3215723,0.02639501,0.01824609,-0.9463413,322.4396,357.2363,358.7308,5.0,DB
2025-06-04 15:59:21.704,2128,0.3219674,0.02635509,0.0179908,-0.9462129,322.3926,357.2296,358.765,5.0,DB
2025-06-04 15:59:21.726,2129,0.3222457,0.0263382,0.01768141,-0.9461245,322.3598,357.2173,358.8073,5.0,DB
2025-06-04 15:59:21.777,2130,0.3228714,0.02695814,0.01855092,-0.945877,322.2807,357.1726,358.7189,5.0,DB
2025-06-04 15:59:21.811,2131,0.321962,0.02707293,0.01844817,-0.9461856,322.3909,357.1526,358.7358,5.0,DB
2025-06-04 15:59:21.837,2132,0.3203286,0.02659873,0.01837409,-0.9467548,322.5894,357.215,358.7195,5.0,DB
2025-06-04 15:59:21.860,2133,0.3208448,0.02628759,0.01770306,-0.9466016,322.5294,357.2262,358.7981,5.0,DB
2025-06-04 15:59:21.904,2134,0.3209826,0.02645269,0.01753425,-0.9465533,322.513,357.1957,358.8293,5.0,DB
2025-06-04 15:59:21.926,2135,0.3209154,0.02686586,0.01750616,-0.9465649,322.5207,357.1379,358.8521,5.0,DB
2025-06-04 15:59:21.971,2136,0.3199527,0.02719738,0.01711759,-0.9468884,322.6379,357.0755,358.9177,5.0,DB
2025-06-04 15:59:21.993,2137,0.3200326,0.02712116,0.01696041,-0.9468665,322.6288,357.0786,358.9359,5.0,DB
2025-06-04 15:59:22.037,2138,0.3198714,0.02694023,0.01680463,-0.9469289,322.649,357.0962,358.9483,5.0,DB
2025-06-04 15:59:22.059,2139,0.3193618,0.02699326,0.01668159,-0.9471015,322.7109,357.0838,358.966,5.0,DB
2025-06-04 15:59:22.105,2140,0.3192544,0.02708798,0.01647139,-0.9471387,322.7245,357.0613,358.9987,5.0,DB
2025-06-04 15:59:22.125,2141,0.3192506,0.0271638,0.01662196,-0.9471352,322.7244,357.0579,358.9816,5.0,DB
2025-06-04 15:59:22.172,2142,0.3188684,0.02685719,0.01693603,-0.9472671,322.77,357.1145,358.9236,5.0,DB
2025-06-04 15:59:22.192,2143,0.3186618,0.02669159,0.01712695,-0.9473379,322.7945,357.1461,358.8893,5.0,DB
2025-06-04 15:59:22.226,2144,0.31832,0.02654215,0.01728874,-0.947454,322.8355,357.1741,358.8594,5.0,DB
2025-06-04 15:59:22.271,2145,0.3176941,0.02668359,0.01737272,-0.9476587,322.9108,357.1591,358.8527,5.0,DB
2025-06-04 15:59:22.281,2146,0.317584,0.02674815,0.01724648,-0.947696,322.9244,357.1447,358.8725,5.0,DB
2025-06-04 15:59:22.339,2147,0.3172064,0.02708879,0.01729783,-0.9478118,322.9694,357.1009,358.88,5.0,DB
2025-06-04 15:59:22.370,2148,0.317272,0.02704605,0.01716874,-0.9477934,322.9619,357.1008,358.8958,5.0,DB
2025-06-04 15:59:22.393,2149,0.3174014,0.0268512,0.01722477,-0.9477546,322.9464,357.1298,358.8796,5.0,DB
2025-06-04 15:59:22.415,2150,0.3176635,0.02688668,0.01722979,-0.9476658,322.9147,357.125,358.8813,5.0,DB
2025-06-04 15:59:22.468,2151,0.3172444,0.02695856,0.01704302,-0.9478075,322.9658,357.107,358.9088,5.0,DB
2025-06-04 15:59:22.502,2152,0.3171211,0.02696684,0.01695585,-0.94785,322.9809,357.102,358.9207,5.0,DB
2025-06-04 15:59:22.526,2153,0.3167504,0.02685175,0.01693249,-0.9479777,323.0259,357.1169,358.9175,5.0,DB
2025-06-04 15:59:22.548,2154,0.3164262,0.02676704,0.01699655,-0.9480872,323.065,357.1317,358.904,5.0,DB
2025-06-04 15:59:22.601,2155,0.3160687,0.02676035,0.01664345,-0.9482129,323.1092,357.1169,358.9507,5.0,DB
2025-06-04 15:59:22.615,2156,0.3157323,0.02711348,0.01727395,-0.9483036,323.1475,357.0977,358.88,5.0,DB
2025-06-04 15:59:22.660,2157,0.3150904,0.02717753,0.0173942,-0.9485132,323.2246,357.0949,358.8647,5.0,DB
2025-06-04 15:59:22.700,2158,0.3148727,0.02707824,0.01756132,-0.9485851,323.2505,357.1161,358.8369,5.0,DB
2025-06-04 15:59:22.727,2159,0.3153899,0.02630884,0.01722408,-0.9484411,323.19,357.205,358.8494,5.0,DB
2025-06-04 15:59:22.748,2160,0.3156081,0.02622246,0.01711698,-0.9483728,323.164,357.2118,358.8606,5.0,DB
2025-06-04 15:59:22.793,2161,0.3155068,0.02690849,0.01715942,-0.9483865,323.1753,357.1205,358.8856,5.0,DB
2025-06-04 15:59:22.815,2162,0.3151598,0.02706825,0.01734736,-0.948494,323.2165,357.1076,358.8663,5.0,DB
2025-06-04 15:59:22.860,2163,0.3146256,0.02660897,0.01848936,-0.9486628,323.2781,357.2218,358.6891,5.0,DB
2025-06-04 15:59:22.901,2164,0.3150449,0.02552865,0.01897458,-0.9485436,323.2277,357.3901,358.5757,5.0,DB
2025-06-04 15:59:22.926,2165,0.3144702,0.02457789,0.02065019,-0.9487246,323.2942,357.5946,358.3042,5.0,DB
2025-06-04 15:59:22.948,2166,0.31471,0.02448339,0.02135524,-0.9486318,323.2637,357.6393,358.2047,5.0,DB
2025-06-04 15:59:22.992,2167,0.3147215,0.02403332,0.01962076,-0.948677,323.2674,357.6223,358.4198,5.0,DB
2025-06-04 15:59:23.015,2168,0.3147414,0.02394517,0.01800464,-0.9487045,323.2692,357.5615,358.6352,5.0,DB
2025-06-04 15:59:23.060,2169,0.3148001,0.02445228,0.01555872,-0.9487155,323.268,357.3825,358.9901,5.0,DB
2025-06-04 15:59:23.081,2170,0.3146413,0.02544027,0.01457943,-0.9487578,323.2891,357.2045,359.1669,5.0,DB
2025-06-04 15:59:23.127,2171,0.3145297,0.02777208,0.01311832,-0.9487507,323.3054,356.8225,359.4697,5.0,DB
2025-06-04 15:59:23.148,2172,0.3146313,0.02820666,0.01235647,-0.9487144,323.2955,356.7291,359.5929,5.0,DB
2025-06-04 15:59:23.192,2173,0.3147921,0.02763498,0.01167162,-0.9486866,323.2787,356.7755,359.6607,5.0,DB
2025-06-04 15:59:23.215,2174,0.3147569,0.02727585,0.0122764,-0.948701,323.2811,356.8516,359.5623,5.0,DB
2025-06-04 15:59:23.260,2175,0.3148014,0.02711483,0.01469281,-0.9486566,323.2679,356.9821,359.2275,5.0,DB
2025-06-04 15:59:23.294,2176,0.3147788,0.02697883,0.01562956,-0.948653,323.2679,357.0427,359.0942,5.0,DB
2025-06-04 15:59:23.326,2177,0.31444,0.02581673,0.01792092,-0.9487572,323.3033,357.3038,358.7301,5.0,DB
2025-06-04 15:59:23.336,2178,0.3143616,0.02541119,0.01833934,-0.948786,323.3121,357.3777,358.6549,5.0,DB
2025-06-04 15:59:23.395,2179,0.3144946,0.02434656,0.01964967,-0.9487437,323.2942,357.581,358.4296,5.0,DB
2025-06-04 15:59:23.403,2180,0.3143026,0.02440722,0.01965748,-0.9488055,323.3173,357.5731,358.4309,5.0,DB
2025-06-04 15:59:23.437,2181,0.314491,0.02447394,0.01923914,-0.9487499,323.2955,357.5453,358.491,5.0,DB
2025-06-04 15:59:23.489,2182,0.314364,0.0254381,0.01932293,-0.9487649,323.3091,357.4182,358.5228,5.0,DB
2025-06-04 15:59:23.514,2183,0.3130111,0.02581706,0.01788403,-0.9492301,323.4758,357.3027,358.7315,5.0,DB
2025-06-04 15:59:23.536,2184,0.3123467,0.02606219,0.01699934,-0.9494585,323.5582,357.2305,358.8604,5.0,DB
2025-06-04 15:59:23.582,2185,0.3109695,0.02624296,0.01564611,-0.9499288,323.728,357.1471,359.0474,5.0,DB
2025-06-04 15:59:23.604,2186,0.3125141,0.02657775,0.01590716,-0.9494081,323.5406,357.1119,359.0316,5.0,DB
2025-06-04 15:59:23.649,2187,0.3134908,0.02676234,0.01634499,-0.9490734,323.4213,357.1055,358.9835,5.0,DB
2025-06-04 15:59:23.670,2188,0.3139427,0.02634429,0.01630428,-0.9489364,323.3673,357.16,358.9716,5.0,DB
2025-06-04 15:59:23.717,2189,0.3137269,0.02573305,0.01625903,-0.9490253,323.3942,357.241,358.9497,5.0,DB
2025-06-04 15:59:23.736,2190,0.3136762,0.02577526,0.01615189,-0.9490428,323.4006,357.2305,358.966,5.0,DB
2025-06-04 15:59:23.782,2191,0.3133658,0.02609834,0.01609145,-0.9491375,323.4379,357.1843,358.9878,5.0,DB
2025-06-04 15:59:23.792,2192,0.3130206,0.02617148,0.01619158,-0.9492477,323.4791,357.1791,358.9765,5.0,DB
2025-06-04 15:59:23.849,2193,0.3123969,0.02555571,0.0153826,-0.9494834,323.5574,357.227,359.0567,5.0,DB
2025-06-04 15:59:23.858,2194,0.3111393,0.02549806,0.01524015,-0.9499,323.7095,357.2296,359.0697,5.0,DB
2025-06-04 15:59:23.918,2195,0.3100724,0.02582408,0.01470629,-0.9502484,323.8394,357.1631,359.153,5.0,DB
2025-06-04 15:59:23.926,2196,0.3084729,0.02585252,0.01469659,-0.9507683,324.0321,357.1606,359.1507,5.0,DB
2025-06-04 15:59:23.983,2197,0.3080981,0.02601813,0.01428737,-0.9508915,324.0783,357.1208,359.2119,5.0,DB
2025-06-04 15:59:23.994,2198,0.3061265,0.02607011,0.01435062,-0.9515257,324.3154,357.1189,359.1995,5.0,DB
2025-06-04 15:59:24.049,2199,0.3051185,0.02613004,0.01416884,-0.9518506,324.4372,357.1042,359.2233,5.0,DB
2025-06-04 15:59:24.058,2200,0.3028194,0.02624551,0.01425824,-0.9525799,324.7133,357.0952,359.209,5.0,DB
2025-06-04 15:59:24.104,2201,0.3033936,0.02615309,0.01469875,-0.952393,324.643,357.1256,359.1479,5.0,DB
2025-06-04 15:59:24.125,2202,0.3014105,0.02591697,0.01486596,-0.9530263,324.8811,357.1663,359.1095,5.0,DB
2025-06-04 15:59:24.171,2203,0.2998647,0.02553693,0.014871,-0.9535241,325.0672,357.2187,359.0883,5.0,DB
2025-06-04 15:59:24.192,2204,0.2960764,0.02535403,0.01506758,-0.9547089,325.5215,357.2542,359.0438,5.0,DB
2025-06-04 15:59:24.237,2205,0.2946273,0.02558008,0.01523095,-0.9551485,325.6945,357.2321,359.0273,5.0,DB
2025-06-04 15:59:24.259,2206,0.2908199,0.02568481,0.01519402,-0.9563124,326.1508,357.2195,359.0258,5.0,DB
2025-06-04 15:59:24.309,2207,0.289628,0.0262386,0.01577087,-0.9566497,326.2912,357.1703,358.9685,5.0,DB
2025-06-04 15:59:24.326,2208,0.2863903,0.02619809,0.01602552,-0.9576208,326.6778,357.1878,358.9243,5.0,DB
2025-06-04 15:59:24.371,2209,0.28392,0.02580818,0.01599574,-0.9583672,326.9736,357.2391,358.9062,5.0,DB
2025-06-04 15:59:24.392,2210,0.2779153,0.02545941,0.0160917,-0.9601334,327.6906,357.2911,358.8645,5.0,DB
2025-06-04 15:59:24.437,2211,0.2768769,0.02506841,0.01612222,-0.9604432,327.8148,357.3435,358.8431,5.0,DB
2025-06-04 15:59:24.472,2212,0.2719072,0.02527119,0.01608985,-0.9618573,328.4068,357.3175,358.8423,5.0,DB
2025-06-04 15:59:24.504,2213,0.2701717,0.02577465,0.01628311,-0.9623295,328.6122,357.2599,358.8312,5.0,DB
2025-06-04 15:59:24.515,2214,0.2646975,0.02569496,0.01624043,-0.9638524,329.2633,357.2703,358.8198,5.0,DB
2025-06-04 15:59:24.573,2215,0.2626947,0.02565934,0.01646617,-0.9643974,329.5006,357.2832,358.7844,5.0,DB
2025-06-04 15:59:24.581,2216,0.2555076,0.02545332,0.01655905,-0.9663302,330.3532,357.3138,358.7476,5.0,DB
2025-06-04 15:59:24.638,2217,0.2555101,0.025069,0.01674183,-0.9663364,330.3529,357.369,358.7113,5.0,DB
2025-06-04 15:59:24.648,2218,0.2480209,0.02504462,0.01676973,-0.9682858,331.2394,357.3728,358.6893,5.0,DB
2025-06-04 15:59:24.705,2219,0.2434825,0.02501121,0.01676285,-0.969438,331.7759,357.3765,358.6784,5.0,DB
2025-06-04 15:59:24.714,2220,0.2384213,0.02498697,0.01695752,-0.9706923,332.3729,357.3849,358.6414,5.0,DB
2025-06-04 15:59:24.769,2221,0.2367035,0.02503191,0.01705964,-0.9711097,332.5752,357.3821,358.626,5.0,DB
2025-06-04 15:59:24.781,2222,0.2280307,0.02491521,0.01725316,-0.9731823,333.5965,357.4003,358.5786,5.0,DB
2025-06-04 15:59:24.826,2223,0.2246573,0.024695,0.01739297,-0.9739696,333.9932,357.4306,358.5473,5.0,DB
2025-06-04 15:59:24.869,2224,0.2198945,0.02449467,0.01741247,-0.9750607,334.5531,357.4541,358.5288,5.0,DB
2025-06-04 15:59:24.893,2225,0.2111058,0.02450825,0.01761819,-0.9769972,335.5837,357.4539,358.4847,5.0,DB
2025-06-04 15:59:24.926,2226,0.205824,0.02444822,0.01779053,-0.9781219,336.2021,357.4629,358.4507,5.0,DB
2025-06-04 15:59:24.959,2227,0.2019546,0.02442713,0.0176901,-0.9789305,336.6552,357.4606,358.4542,5.0,DB
2025-06-04 15:59:25.005,2228,0.194606,0.02446635,0.01792129,-0.9804126,337.5135,357.4568,358.4112,5.0,DB
2025-06-04 15:59:25.028,2229,0.184743,0.02412453,0.01821903,-0.9823219,338.6642,357.4979,358.3463,5.0,DB
2025-06-04 15:59:25.071,2230,0.1755203,0.02381695,0.01889946,-0.9840064,339.7372,357.5417,358.2387,5.0,DB
2025-06-04 15:59:25.081,2231,0.1687904,0.02373391,0.01902427,-0.9851826,340.5198,357.5475,358.2085,5.0,DB
2025-06-04 15:59:25.140,2232,0.169465,0.02365434,0.01960639,-0.9850573,340.4401,357.5697,358.1385,5.0,DB
2025-06-04 15:59:25.160,2233,0.15629,0.02361917,0.01980765,-0.9872302,341.9695,357.5623,358.088,5.0,DB
2025-06-04 15:59:25.205,2234,0.1486737,0.02332633,0.01990083,-0.9884109,342.8527,357.5892,358.0566,5.0,DB
2025-06-04 15:59:25.226,2235,0.1402608,0.02289203,0.02000031,-0.989648,343.8273,357.631,358.0211,5.0,DB
2025-06-04 15:59:25.272,2236,0.1381447,0.02249857,0.0200059,-0.9899545,344.0729,357.6746,358.0099,5.0,DB
2025-06-04 15:59:25.293,2237,0.1238401,0.02223567,0.02027606,-0.9918459,345.7258,357.6885,357.9472,5.0,DB
2025-06-04 15:59:25.338,2238,0.1192175,0.02243671,0.02076785,-0.9923974,346.2578,357.6647,357.8837,5.0,DB
2025-06-04 15:59:25.359,2239,0.1095274,0.0223448,0.02086231,-0.9935137,347.3752,357.6607,357.8529,5.0,DB
2025-06-04 15:59:25.405,2240,0.1029875,0.02185232,0.02100334,-0.9942209,348.1294,357.7086,357.8178,5.0,DB
2025-06-04 15:59:25.427,2241,0.09251064,0.02157453,0.02111133,-0.9952542,349.3357,357.7234,357.7822,5.0,DB
2025-06-04 15:59:25.484,2242,0.08895039,0.02153416,0.02119499,-0.9955778,349.7451,357.7224,357.7652,5.0,DB
2025-06-04 15:59:25.520,2243,0.07023571,0.02115143,0.02154852,-0.9970734,351.8959,357.7335,357.6844,5.0,DB
2025-06-04 15:59:25.550,2244,0.06474696,0.02104009,0.02145962,-0.9974492,352.5266,357.7345,357.683,5.0,DB
2025-06-04 15:59:25.571,2245,0.05027816,0.02066998,0.0218581,-0.9982822,354.1867,357.7492,357.6056,5.0,DB
2025-06-04 15:59:25.616,2246,0.0450229,0.02059777,0.02242319,-0.998522,354.7883,357.749,357.5296,5.0,DB
2025-06-04 15:59:25.661,2247,0.03490933,0.02012662,0.02317128,-0.9989192,355.9472,357.7827,357.4208,5.0,DB
2025-06-04 15:59:25.682,2248,0.02290458,0.01973005,0.02351409,-0.9992664,357.3231,357.7995,357.3554,5.0,DB
2025-06-04 15:59:25.727,2249,0.01874883,0.01917901,0.02349515,-0.9993642,357.8007,357.8521,357.3477,5.0,DB
2025-06-04 15:59:25.767,2250,0.01053821,0.01900056,0.02376778,-0.9994815,358.7412,357.8515,357.2991,5.0,DB
2025-06-04 15:59:25.803,2251,-0.001445584,0.0190387,0.02357901,-0.9995397,0.1141338,357.8149,357.2951,5.0,DB
2025-06-04 15:59:25.827,2252,-0.0104842,0.01902148,0.02371527,-0.9994829,1.149165,357.7919,357.2594,5.0,DB
2025-06-04 15:59:25.876,2253,-0.01511744,0.01916749,0.02380924,-0.9994184,1.679269,357.7621,357.2378,5.0,DB
2025-06-04 15:59:25.894,2254,-0.03215756,0.01883953,0.02447817,-0.9990056,3.630904,357.748,357.1214,5.0,DB
2025-06-04 15:59:25.939,2255,-0.03299927,0.01851809,0.02437151,-0.9989867,3.728519,357.7827,357.1328,5.0,DB
2025-06-04 15:59:25.971,2256,-0.03924279,0.0179396,0.02509936,-0.9987535,4.444144,357.8269,357.0365,5.0,DB
2025-06-04 15:59:26.016,2257,-0.05181567,0.01778619,0.02490269,-0.9981877,5.886473,357.8056,357.0289,5.0,DB
2025-06-04 15:59:26.037,2258,-0.05888361,0.01760372,0.02506628,-0.9977949,6.697362,357.8026,356.9933,5.0,DB
2025-06-04 15:59:26.083,2259,-0.05767851,0.01799693,0.02480756,-0.9978648,6.558508,357.7629,357.0236,5.0,DB
2025-06-04 15:59:26.128,2260,-0.06725031,0.01836011,0.02489425,-0.9972566,7.65556,357.6888,356.9854,5.0,DB
2025-06-04 15:59:26.138,2261,-0.08253019,0.01808179,0.02521117,-0.9961057,9.410446,357.6656,356.9082,5.0,DB
2025-06-04 15:59:26.194,2262,-0.07802278,0.01847969,0.02533183,-0.9964586,8.891083,357.6343,356.9035,5.0,DB
2025-06-04 15:59:26.216,2263,-0.0943016,0.01775778,0.02579082,-0.9950513,10.7634,357.6546,356.8096,5.0,DB
2025-06-04 15:59:26.261,2264,-0.09460022,0.017526,0.02595373,-0.9950228,10.79811,357.6786,356.7923,5.0,DB
2025-06-04 15:59:26.306,2265,-0.1029667,0.01718082,0.02601486,-0.9941962,11.76184,357.6865,356.7639,5.0,DB
2025-06-04 15:59:26.327,2266,-0.1157962,0.0168943,0.02594237,-0.9927905,13.24092,357.6712,356.736,5.0,DB
2025-06-04 15:59:26.372,2267,-0.1176094,0.01729052,0.02563301,-0.9925786,13.4494,357.622,356.761,5.0,DB
2025-06-04 15:59:26.416,2268,-0.1330594,0.01738339,0.02556773,-0.9906259,15.23242,357.55,356.7154,5.0,DB
2025-06-04 15:59:26.438,2269,-0.1410672,0.01747152,0.02578315,-0.9895101,16.15721,357.5027,356.6603,5.0,DB
2025-06-04 15:59:26.483,2270,-0.146752,0.01762296,0.02590445,-0.9886771,16.81411,357.4583,356.6226,5.0,DB
2025-06-04 15:59:26.531,2271,-0.1620962,0.01729288,0.02568242,-0.9862892,18.59394,357.4337,356.5966,5.0,DB
2025-06-04 15:59:26.550,2272,-0.1734413,0.01694446,0.02574157,-0.984362,19.91256,357.4221,356.5515,5.0,DB
2025-06-04 15:59:26.594,2273,-0.1879607,0.01673154,0.02592554,-0.9816919,21.60289,357.3741,356.4734,5.0,DB
2025-06-04 15:59:26.638,2274,-0.199368,0.01645663,0.0260159,-0.9794412,22.93471,357.3481,356.4189,5.0,DB
2025-06-04 15:59:26.660,2275,-0.2146166,0.01617597,0.02624086,-0.976212,24.71932,357.2965,356.328,5.0,DB
2025-06-04 15:59:26.716,2276,-0.2186033,0.01602234,0.02623083,-0.9753297,25.18738,357.294,356.3142,5.0,DB
2025-06-04 15:59:26.749,2277,-0.2356726,0.01535638,0.02626607,-0.9713562,27.1961,357.2797,356.244,5.0,DB
2025-06-04 15:59:26.771,2278,-0.2567598,0.01459042,0.02715055,-0.9659837,29.68685,357.2203,356.0432,5.0,DB
2025-06-04 15:59:26.827,2279,-0.2652985,0.0145701,0.02700106,-0.9636782,30.69966,357.173,356.0139,5.0,DB
2025-06-04 15:59:26.860,2280,-0.2778337,0.0144577,0.0265738,-0.9601529,32.19193,357.1194,355.9979,5.0,DB
2025-06-04 15:59:26.901,2281,-0.2940645,0.01406394,0.02647914,-0.9553153,34.13216,357.0608,355.9221,5.0,DB
2025-06-04 15:59:26.926,2282,-0.2988101,0.01493573,0.02637656,-0.9538311,34.6973,356.9144,355.8678,5.0,DB
2025-06-04 15:59:26.971,2283,-0.3090968,0.0150728,0.0270706,-0.9505258,35.92975,356.7867,355.6952,5.0,DB
2025-06-04 15:59:27.014,2284,-0.3389534,0.0144793,0.02757425,-0.9402876,39.54089,356.5861,355.4131,5.0,DB
2025-06-04 15:59:27.038,2285,-0.3453039,0.01434099,0.02770758,-0.9379723,40.314,356.5385,355.345,5.0,DB
2025-06-04 15:59:27.082,2286,-0.3574448,0.01380138,0.02756682,-0.9334254,41.8002,356.5029,355.281,5.0,DB
2025-06-04 15:59:27.103,2287,-0.3783547,0.01302117,0.02792104,-0.925148,44.37415,356.3727,355.063,5.0,DB
2025-06-04 15:59:27.161,2288,-0.3842764,0.01243533,0.02768675,-0.9227191,45.11055,356.407,355.0699,5.0,DB
2025-06-04 15:59:27.181,2289,-0.4072053,0.01182377,0.02797016,-0.9128318,47.96691,356.2008,354.7992,5.0,DB
2025-06-04 15:59:27.227,2290,-0.4195128,0.01115306,0.02824163,-0.9072416,49.51437,356.1201,354.6442,5.0,DB
2025-06-04 15:59:27.271,2291,-0.4382945,0.01055104,0.0283218,-0.8983234,51.89326,355.9316,354.4082,5.0,DB
2025-06-04 15:59:27.303,2292,-0.4660867,0.009903979,0.02828579,-0.8842316,55.45655,355.5615,354.0016,5.0,DB
2025-06-04 15:59:27.346,2293,-0.4817616,0.00974048,0.02855694,-0.8757828,57.4882,355.2426,353.6544,5.0,DB
2025-06-04 15:59:27.367,2294,-0.5003448,0.009329913,0.0286774,-0.8653011,59.92412,354.8662,353.2429,5.0,DB
2025-06-04 15:59:27.413,2295,-0.5219874,0.009114944,0.02869734,-0.8524217,62.79586,354.2882,352.6556,5.0,DB
2025-06-04 15:59:27.464,2296,-0.5425069,0.00827089,0.02875116,-0.8395187,65.56256,353.7438,352.0458,5.0,DB
2025-06-04 15:59:27.478,2297,-0.561478,0.007713995,0.02870679,-0.8269578,68.15504,353.0547,351.3222,5.0,DB
2025-06-04 15:59:27.536,2298,-0.5780132,0.006622446,0.02925342,-0.8154761,70.44566,352.3392,350.4783,5.0,DB
2025-06-04 15:59:27.545,2299,-0.5976717,0.006351129,0.02912087,-0.8011869,73.20079,351.0454,349.1803,5.0,DB
2025-06-04 15:59:27.602,2300,-0.60575,0.005831511,0.03043524,-0.7950515,74.33347,350.1608,348.1483,5.0,DB
2025-06-04 15:59:27.623,2301,-0.6420705,0.004791954,0.03042249,-0.766027,79.54406,345.1836,343.098,5.0,DB
2025-06-04 15:59:27.669,2302,-0.6526377,0.004730357,0.02981049,-0.7570688,81.07821,342.7175,340.679,5.0,DB
2025-06-04 15:59:27.689,2303,-0.6787062,0.003894387,0.02946205,-0.7338085,84.77899,329.8482,327.7742,5.0,DB
2025-06-04 15:59:27.736,2304,-0.6984203,0.00358353,0.02935786,-0.7150767,87.0088,297.8675,295.7782,5.0,DB
2025-06-04 15:59:27.766,2305,-0.6975207,0.003716584,0.02976691,-0.7159367,86.90333,299.8667,297.755,5.0,DB
2025-06-04 15:59:27.814,2306,-0.6965118,0.003842857,0.02974623,-0.7169183,86.815,302.33,300.2302,5.0,DB
2025-06-04 15:59:27.852,2307,-0.6949953,0.003899628,0.02939528,-0.7184027,86.70182,306.1418,304.075,5.0,DB
2025-06-04 15:59:27.879,2308,-0.6905781,0.004058096,0.02883166,-0.7226716,86.2759,315.3023,313.2937,5.0,DB
2025-06-04 15:59:27.901,2309,-0.6876701,0.004369595,0.02876482,-0.7254404,85.92792,319.7298,317.7517,5.0,DB
2025-06-04 15:59:27.947,2310,-0.6748777,0.005616324,0.02871616,-0.7373494,84.22152,332.1453,330.2711,5.0,DB
2025-06-04 15:59:27.968,2311,-0.6663476,0.006416951,0.02877982,-0.7450581,83.00933,336.8151,334.9996,5.0,DB
2025-06-04 15:59:28.013,2312,-0.660718,0.007625579,0.02871301,-0.7500461,82.17986,338.7199,337.0072,5.0,DB
2025-06-04 15:59:28.057,2313,-0.654327,0.008059449,0.02859138,-0.7556282,81.26254,340.9441,339.2755,5.0,DB
2025-06-04 15:59:28.079,2314,-0.6518516,0.008150412,0.02850856,-0.757767,80.90875,341.7359,340.0811,5.0,DB
2025-06-04 15:59:28.124,2315,-0.6478314,0.008743495,0.02885051,-0.7611871,80.31149,342.4696,340.8345,5.0,DB
2025-06-04 15:59:28.168,2316,-0.6437011,0.008778306,0.02907911,-0.7646741,79.71514,343.4488,341.7971,5.0,DB
2025-06-04 15:59:28.190,2317,-0.640196,0.008370065,0.02893638,-0.7676209,79.22567,344.5184,342.8445,5.0,DB
2025-06-04 15:59:28.223,2318,-0.6353766,0.008056697,0.02902519,-0.7716148,78.54016,345.6277,343.92,5.0,DB
2025-06-04 15:59:28.269,2319,-0.6337061,0.007395339,0.02947874,-0.7729768,78.30604,346.0697,344.2709,5.0,DB
2025-06-04 15:59:28.309,2320,-0.62955,0.007436873,0.02936298,-0.7763695,77.71193,346.8224,345.0354,5.0,DB
2025-06-04 15:59:28.335,2321,-0.6254214,0.007373788,0.0288406,-0.7797194,77.13071,347.6667,345.9163,5.0,DB
2025-06-04 15:59:28.356,2322,-0.6212605,0.007527225,0.02875665,-0.7830402,76.53465,348.225,346.4928,5.0,DB
2025-06-04 15:59:28.403,2323,-0.616614,0.007276691,0.02973919,-0.7866703,75.8621,348.6371,346.803,5.0,DB
2025-06-04 15:59:28.422,2324,-0.6116106,0.007474316,0.02991758,-0.7905579,75.14545,349.1146,347.2806,5.0,DB
2025-06-04 15:59:28.480,2325,-0.6081632,0.007909219,0.02951965,-0.7932236,74.65543,349.4495,347.6826,5.0,DB
2025-06-04 15:59:28.519,2326,-0.600723,0.008470084,0.02903952,-0.7988849,73.60222,350.1234,348.4394,5.0,DB
2025-06-04 15:59:28.555,2327,-0.597426,0.008779818,0.02947492,-0.8013342,73.12849,350.222,348.5267,5.0,DB
2025-06-04 15:59:28.567,2328,-0.593948,0.008687048,0.02984634,-0.8039027,72.63721,350.4673,348.7329,5.0,DB
2025-06-04 15:59:28.614,2329,-0.5893319,0.00841557,0.0301184,-0.8072857,71.99165,350.8641,349.0835,5.0,DB
2025-06-04 15:59:28.645,2330,-0.5813628,0.008526779,0.03000135,-0.8130466,70.88062,351.4406,349.676,5.0,DB
2025-06-04 15:59:28.691,2331,-0.5784922,0.008133607,0.02988877,-0.8150997,70.48796,351.7651,349.9763,5.0,DB
2025-06-04 15:59:28.712,2332,-0.5690042,0.008277456,0.02990719,-0.821749,69.1736,352.2997,350.5177,5.0,DB
2025-06-04 15:59:28.757,2333,-0.5650572,0.00794259,0.02951971,-0.8244852,68.63737,352.6727,350.8935,5.0,DB
2025-06-04 15:59:28.778,2334,-0.5576636,0.007928832,0.0294611,-0.8295062,67.62373,353.0578,351.2792,5.0,DB
2025-06-04 15:59:28.824,2335,-0.5521427,0.007614973,0.02957279,-0.8331903,66.87198,353.3706,351.5544,5.0,DB
2025-06-04 15:59:28.857,2336,-0.5458378,0.007813157,0.02988718,-0.8373213,66.00997,353.5446,351.716,5.0,DB
2025-06-04 15:59:28.906,2337,-0.5378456,0.008289683,0.02979646,-0.8424761,64.92446,353.7663,351.981,5.0,DB
2025-06-04 15:59:28.922,2338,-0.5303381,0.00853195,0.02980669,-0.8472192,63.91158,353.9863,352.2167,5.0,DB
2025-06-04 15:59:28.969,2339,-0.5249584,0.008882531,0.02972592,-0.8505623,63.18802,354.1059,352.3696,5.0,DB
2025-06-04 15:59:28.989,2340,-0.5100621,0.009515027,0.02958448,-0.8595761,61.20054,354.4565,352.7775,5.0,DB
2025-06-04 15:59:29.035,2341,-0.5048101,0.01028448,0.02942396,-0.8626676,60.50066,354.4702,352.8664,5.0,DB
2025-06-04 15:59:29.080,2342,-0.49497,0.01097959,0.02943963,-0.8683418,59.2,354.5973,353.0457,5.0,DB
2025-06-04 15:59:29.101,2343,-0.4707597,0.01177142,0.02925067,-0.8816981,56.04198,355.0398,353.5589,5.0,DB
2025-06-04 15:59:29.147,2344,-0.4531407,0.01225201,0.02882422,-0.8908889,53.77372,355.3458,353.9329,5.0,DB
2025-06-04 15:59:29.169,2345,-0.4296527,0.01298808,0.02834721,-0.9024558,50.78225,355.6642,354.343,5.0,DB
2025-06-04 15:59:29.216,2346,-0.393805,0.01429257,0.0283636,-0.9186454,46.27977,355.9678,354.7393,5.0,DB
2025-06-04 15:59:29.261,2347,-0.363312,0.01598184,0.02750986,-0.9311243,42.50836,356.1302,355.1097,5.0,DB
2025-06-04 15:59:29.281,2348,-0.3313372,0.01686919,0.02677044,-0.9429817,38.60784,356.3641,355.4738,5.0,DB
2025-06-04 15:59:29.326,2349,-0.3011628,0.01790922,0.02573582,-0.9530572,34.9687,356.5272,355.8122,5.0,DB
2025-06-04 15:59:29.371,2350,-0.2670171,0.01888499,0.0253841,-0.9631724,30.89111,356.6641,356.0587,5.0,DB
2025-06-04 15:59:29.393,2351,-0.2080264,0.02055797,0.02432647,-0.9776045,23.93719,356.8442,356.48,5.0,DB
2025-06-04 15:59:29.439,2352,-0.1928273,0.02176269,0.02366389,-0.980706,22.15934,356.793,356.6073,5.0,DB
2025-06-04 15:59:29.482,2353,-0.159396,0.02298926,0.02290044,-0.9866815,18.26987,356.8206,356.8295,5.0,DB
2025-06-04 15:59:29.525,2354,-0.1258677,0.02381441,0.02219754,-0.9915127,14.39123,356.8745,357.0403,5.0,DB
2025-06-04 15:59:29.562,2355,-0.1120964,0.02429552,0.02109432,-0.9931764,12.80526,356.885,357.2169,5.0,DB
2025-06-04 15:59:29.595,2356,-0.07245073,0.02530177,0.01961699,-0.9968581,8.247734,356.9135,357.5227,5.0,DB
2025-06-04 15:59:29.616,2357,-0.05614484,0.0258503,0.01883015,-0.9979104,6.377664,356.9021,357.6653,5.0,DB
2025-06-04 15:59:29.660,2358,-0.04250266,0.02710446,0.01871987,-0.9985533,4.810907,356.7944,357.7173,5.0,DB
2025-06-04 15:59:29.706,2359,-0.02379841,0.02791849,0.01841927,-0.9991572,2.666833,356.748,357.812,5.0,DB
2025-06-04 15:59:29.727,2360,-0.00435742,0.02843472,0.01766071,-0.9994302,0.441498,356.7328,357.9627,5.0,DB
2025-06-04 15:59:29.772,2361,0.004039727,0.02923382,0.01724449,-0.9994158,359.4796,356.658,358.0381,5.0,DB
2025-06-04 15:59:29.817,2362,0.02261566,0.02998768,0.01668696,-0.9991552,357.3524,356.6042,358.1649,5.0,DB
2025-06-04 15:59:29.838,2363,0.03970508,0.03052533,0.01590975,-0.9986185,355.3958,356.5661,358.3126,5.0,DB
2025-06-04 15:59:29.884,2364,0.04147362,0.03116007,0.01551742,-0.9985331,355.1934,356.4938,358.3666,5.0,DB
2025-06-04 15:59:29.907,2365,0.05490282,0.03176028,0.0148163,-0.9978765,353.6551,356.4374,358.4962,5.0,DB
2025-06-04 15:59:29.962,2366,0.05705348,0.03284951,0.0148208,-0.9977205,353.4067,356.3143,358.5103,5.0,DB
2025-06-04 15:59:29.983,2367,0.09713563,0.03679763,0.01296597,-0.9945062,348.8044,355.8687,358.9112,5.0,DB
2025-06-04 15:59:30.029,2368,0.1248073,0.04007728,0.01178715,-0.9913012,345.6179,355.4695,359.2094,5.0,DB
2025-06-04 15:59:30.062,2369,0.1856809,0.04645737,0.009456586,-0.9814658,338.5704,354.5952,359.9194,5.0,DB
2025-06-04 15:59:30.106,2370,0.2077829,0.04855572,0.008043905,-0.9769361,335.9984,354.2498,0.2798107,5.0,DB
2025-06-04 15:59:30.128,2371,0.2443325,0.05146307,0.005611275,-0.9683089,331.7216,353.6814,0.9291865,5.0,DB
2025-06-04 15:59:30.173,2372,0.2729458,0.05349466,0.003671385,-0.960534,328.3492,353.2021,1.490968,5.0,DB
2025-06-04 15:59:30.217,2373,0.3188899,0.05698168,0.0002143048,-0.9460773,322.8853,352.2393,2.582919,5.0,DB
2025-06-04 15:59:30.239,2374,0.3547068,0.0591192,-0.002735654,-0.9331028,318.5755,351.3889,3.597176,5.0,DB
2025-06-04 15:59:30.284,2375,0.3800844,0.06013207,-0.005066371,-0.9229813,315.4917,350.7321,4.428261,5.0,DB
2025-06-04 15:59:30.305,2376,0.4106223,0.06095963,-0.008195195,-0.9097288,311.7454,349.823,5.60006,5.0,DB
2025-06-04 15:59:30.355,2377,0.4318668,0.06143291,-0.01016946,-0.8997855,309.111,349.0953,6.495512,5.0,DB
2025-06-04 15:59:30.389,2378,0.4832555,0.06187809,-0.01523854,-0.8731571,302.6449,346.8428,9.218533,5.0,DB
2025-06-04 15:59:30.412,2379,0.4827162,0.06189158,-0.01566466,-0.8734468,302.7208,346.821,9.274479,5.0,DB
2025-06-04 15:59:30.433,2380,0.5304127,0.06119663,-0.02011421,-0.8452887,296.5888,343.8102,12.76875,5.0,DB
2025-06-04 15:59:30.479,2381,0.5428677,0.06093054,-0.02077138,-0.8373475,294.9595,342.827,13.83978,5.0,DB
2025-06-04 15:59:30.516,2382,0.5712415,0.06019458,-0.02303823,-0.8182476,291.2417,339.8461,17.09032,5.0,DB
2025-06-04 15:59:30.546,2383,0.6091953,0.05858459,-0.02549566,-0.7904423,286.2438,333.7592,23.53224,5.0,DB
2025-06-04 15:59:30.556,2384,0.6241681,0.05790249,-0.02647031,-0.7786919,284.3028,330.0811,27.35181,5.0,DB
2025-06-04 15:59:30.601,2385,0.6355333,0.05716549,-0.02693612,-0.7694831,282.8426,326.6444,30.89048,5.0,DB
2025-06-04 15:59:30.622,2386,0.6679105,0.05541595,-0.02810354,-0.7416435,279.0367,310.3288,47.4511,5.0,DB
2025-06-04 15:59:30.669,2387,0.6803466,0.05469729,-0.02800715,-0.7303098,277.8354,300.0529,57.77918,5.0,DB
2025-06-04 15:59:30.705,2388,0.7154089,0.05475729,-0.03114679,-0.6958604,277.1432,256.2216,101.8615,5.0,DB
2025-06-04 15:59:30.735,2389,0.7264432,0.04833012,-0.02752972,-0.6849721,277.0096,240.4911,117.8202,5.0,DB
2025-06-04 15:59:30.755,2390,0.74923,0.03821756,-0.01786427,-0.660965,278.4813,211.6042,146.742,5.0,DB
2025-06-04 15:59:30.777,2391,0.7604499,0.04984178,-0.03010909,-0.6467807,281.2787,214.3178,144.0754,5.0,DB
2025-06-04 15:59:30.824,2392,0.7757922,0.05253424,-0.03340293,-0.6279101,283.893,209.3809,149.0574,5.0,DB
2025-06-04 15:59:30.844,2393,0.7958327,0.04774671,-0.03127187,-0.6028209,286.9612,201.5892,157.0611,5.0,DB
2025-06-04 15:59:30.891,2394,0.8076762,0.04732469,-0.03168561,-0.5868697,289.0907,199.046,159.6689,5.0,DB
2025-06-04 15:59:30.912,2395,0.8314521,0.04623539,-0.03255257,-0.5527117,293.6381,195.217,163.6503,5.0,DB
2025-06-04 15:59:30.955,2396,0.8406718,0.04520078,-0.03261966,-0.5386686,295.4797,193.9271,165.0277,5.0,DB
2025-06-04 15:59:30.966,2397,0.8534574,0.04390658,-0.03348105,-0.5182297,298.1599,192.5636,166.5655,5.0,DB
2025-06-04 15:59:31.012,2398,0.853094,0.04357884,-0.0331584,-0.5188759,298.0656,192.4959,166.6337,5.0,DB
2025-06-04 15:59:31.034,2399,0.8783827,0.04149415,-0.03522357,-0.4748491,303.7701,190.4988,168.9702,5.0,DB
2025-06-04 15:59:31.078,2400,0.8853185,0.04166699,-0.03620172,-0.4616975,305.4638,190.1832,169.3519,5.0,DB
2025-06-04 15:59:31.101,2401,0.896494,0.04062689,-0.03729503,-0.4396102,308.2621,189.5358,170.1784,5.0,DB
2025-06-04 15:59:31.146,2402,0.9035749,0.03972717,-0.03839088,-0.4248534,310.1176,189.2102,170.6745,5.0,DB
2025-06-04 15:59:31.169,2403,0.9141766,0.03842979,-0.03953825,-0.4015484,313.0185,188.6964,171.4002,5.0,DB
2025-06-04 15:59:31.192,2404,0.9268744,0.03652062,-0.04104071,-0.3713299,316.7365,188.1474,172.2516,5.0,DB
2025-06-04 15:59:31.237,2405,0.9291872,0.03640769,-0.04159541,-0.3654524,317.4589,188.1075,172.3517,5.0,DB
2025-06-04 15:59:31.259,2406,0.9407858,0.03474614,-0.04346063,-0.3344043,321.2307,187.7406,173.0425,5.0,DB
2025-06-04 15:59:31.305,2407,0.9438645,0.03448089,-0.0439008,-0.3255823,322.2959,187.6502,173.2001,5.0,DB
2025-06-04 15:59:31.326,2408,0.9542007,0.0326697,-0.04531012,-0.2939063,326.0872,187.3156,173.8449,5.0,DB
2025-06-04 15:59:31.382,2409,0.9571567,0.03201994,-0.04527418,-0.2842116,327.2366,187.164,174.0595,5.0,DB
2025-06-04 15:59:31.416,2410,0.9660662,0.03040192,-0.04667185,-0.2522175,331.0216,186.9274,174.6028,5.0,DB
2025-06-04 15:59:31.426,2411,0.9737579,0.0287819,-0.04815306,-0.2205642,334.7366,186.7615,175.097,5.0,DB
2025-06-04 15:59:31.484,2412,0.9736087,0.0291935,-0.04849752,-0.2210927,334.6794,186.8201,175.0313,5.0,DB
2025-06-04 15:59:31.504,2413,0.9810285,0.02763577,-0.05049132,-0.1851222,338.8734,186.7291,175.5165,5.0,DB
2025-06-04 15:59:31.558,2414,0.9836389,0.02700441,-0.05110738,-0.1706271,340.5545,186.6842,175.7083,5.0,DB
2025-06-04 15:59:31.582,2415,0.9885573,0.025263,-0.05236202,-0.1391932,344.1836,186.5984,176.1546,5.0,DB
2025-06-04 15:59:31.626,2416,0.9895977,0.02503598,-0.05260478,-0.1315389,345.0659,186.5789,176.2383,5.0,DB
2025-06-04 15:59:31.669,2417,0.9928335,0.02382389,-0.05391366,-0.10396,348.2372,186.5696,176.5733,5.0,DB
2025-06-04 15:59:31.694,2418,0.9953042,0.02237482,-0.0552942,-0.07623422,351.4149,186.5901,176.9292,5.0,DB
2025-06-04 15:59:31.739,2419,0.9963976,0.02110881,-0.05600368,-0.06008611,353.2594,186.5999,177.1836,5.0,DB
2025-06-04 15:59:31.760,2420,0.9976645,0.02002224,-0.05756441,-0.03084045,356.6043,186.6786,177.5024,5.0,DB
2025-06-04 15:59:31.805,2421,0.9978584,0.02010362,-0.05808613,-0.02237718,357.5743,186.7148,177.5493,5.0,DB
2025-06-04 15:59:31.850,2422,0.9980621,0.01904013,-0.05923386,0.001002057,0.2438442,186.7883,177.8286,5.0,DB
2025-06-04 15:59:31.871,2423,0.9974527,0.01733566,-0.06057578,0.03344074,3.945718,186.8902,178.2462,5.0,DB
2025-06-04 15:59:31.916,2424,0.9970127,0.01674353,-0.06109073,0.04419747,5.173767,186.9399,178.3897,5.0,DB
2025-06-04 15:59:31.960,2425,0.9953923,0.01597831,-0.06145535,0.07184909,8.337276,186.9689,178.6693,5.0,DB
2025-06-04 15:59:31.982,2426,0.9941917,0.0154208,-0.06139337,0.08704075,10.07655,186.9648,178.8375,5.0,DB
2025-06-04 15:59:32.027,2427,0.9927837,0.01472772,-0.06111656,0.1021206,11.80418,186.944,179.0189,5.0,DB
2025-06-04 15:59:32.071,2428,0.9899238,0.01360536,-0.06087302,0.1271241,14.6754,186.9503,179.3212,5.0,DB
2025-06-04 15:59:32.094,2429,0.9854956,0.01217874,-0.06061601,0.1580382,18.2382,186.9925,179.7077,5.0,DB
2025-06-04 15:59:32.138,2430,0.9836246,0.01121997,-0.06034982,0.1694544,19.55511,187.0049,179.9016,5.0,DB
2025-06-04 15:59:32.182,2431,0.9795545,0.009731511,-0.06001502,0.1917727,22.14003,187.0598,180.2445,7.0,DB
2025-06-04 15:59:32.204,2432,0.9746499,0.008236771,-0.05974747,0.2154538,24.89572,187.151,180.6121,7.0,DB
2025-06-04 15:59:32.262,2433,0.9724888,0.007645345,-0.06035768,0.2248647,25.99417,187.2836,180.7825,7.0,DB
2025-06-04 15:59:32.282,2434,0.9648117,0.00573452,-0.06005256,0.2559288,29.63908,187.4665,181.297,7.0,DB
2025-06-04 15:59:32.338,2435,0.9620382,0.004928261,-0.06010346,0.2661692,30.84533,187.5644,181.5026,7.0,DB
2025-06-04 15:59:32.359,2436,0.9544404,0.003117789,-0.05953192,0.2923866,33.95229,187.747,181.9939,7.0,DB
2025-06-04 15:59:32.421,2437,0.9510127,0.002176987,-0.05917218,0.3034284,35.26691,187.8296,182.2299,7.0,DB
2025-06-04 15:59:32.458,2438,0.9430374,0.0009694025,-0.05880321,0.3274475,38.14869,188.0607,182.6735,7.0,DB
2025-06-04 15:59:32.470,2439,0.9315184,-0.001186326,-0.05801363,0.3590361,41.9714,188.4252,183.3826,7.0,DB
2025-06-04 15:59:32.526,2440,0.9279289,-0.001208412,-0.05745956,0.3683006,43.1079,188.4695,183.4998,7.0,DB
2025-06-04 15:59:32.572,2441,0.9199259,-0.002405637,-0.05684842,0.387942,45.51896,188.7393,183.9719,7.0,DB
2025-06-04 15:59:32.604,2442,0.9099671,-0.004129038,-0.05606595,0.4108523,48.35367,189.1287,184.625,7.0,DB
2025-06-04 15:59:32.625,2443,0.9016042,-0.005633133,-0.05578185,0.4289135,50.60525,189.5613,185.2442,7.0,DB
2025-06-04 15:59:32.682,2444,0.8975891,-0.005789611,-0.0563375,0.4371803,51.64344,189.8538,185.5163,7.0,DB
2025-06-04 15:59:32.701,2445,0.8797814,-0.008433921,-0.05544093,0.4720592,56.06615,190.8952,186.9122,7.0,DB
2025-06-04 15:59:32.746,2446,0.875677,-0.009585545,-0.05438559,0.4797294,57.0487,191.0708,187.2846,7.0,DB
2025-06-04 15:59:32.767,2447,0.8639776,-0.01094599,-0.05375428,0.5005333,59.7371,191.891,188.2971,7.0,DB
2025-06-04 15:59:32.825,2448,0.8567903,-0.01123731,-0.05423483,0.5126821,61.31872,192.571,188.9743,7.0,DB
2025-06-04 15:59:32.845,2449,0.8400152,-0.01253212,-0.05360944,0.5397626,64.88715,194.1283,190.7178,7.0,DB
2025-06-04 15:59:32.892,2450,0.8311486,-0.01351614,-0.05276628,0.5533763,66.70041,195.0449,191.7972,7.0,DB
2025-06-04 15:59:32.912,2451,0.8140239,-0.01475677,-0.05191503,0.5783185,70.05121,197.3228,194.2654,7.0,DB
2025-06-04 15:59:32.957,2452,0.805546,-0.01530052,-0.05155193,0.5900881,71.64228,198.726,195.7502,7.0,DB
2025-06-04 15:59:32.990,2453,0.7890202,-0.01689563,-0.05109099,0.6120063,74.58891,202.4087,199.6124,7.0,DB
2025-06-04 15:59:33.011,2454,0.7692677,-0.01852228,-0.05041241,0.6366655,77.86766,208.7675,206.1688,7.0,DB
2025-06-04 15:59:33.071,2455,0.7611758,-0.01901399,-0.05042925,0.6463025,79.10706,212.4325,209.8752,7.0,DB
2025-06-04 15:59:33.089,2456,0.7369857,-0.0208704,-0.04996832,0.6737358,82.2992,229.4209,227.0576,7.0,DB
2025-06-04 15:59:33.142,2457,0.725264,-0.02174048,-0.04983926,0.6863204,83.39355,242.5916,240.3108,7.0,DB
2025-06-04 15:59:33.156,2458,0.707397,-0.02246745,-0.04893877,0.7047623,84.20776,268.9608,266.813,7.0,DB
2025-06-04 15:59:33.212,2459,0.6995781,-0.02313385,-0.04874739,0.712516,84.07937,281.2426,279.1642,7.0,DB
2025-06-04 15:59:33.223,2460,0.6776571,-0.01836787,-0.04195612,0.7339504,83.31059,313.9778,312.0631,7.0,DB
2025-06-04 15:59:33.269,2461,0.6664678,-0.01337845,-0.03548763,0.7445686,82.52971,328.8643,327.069,7.0,DB
2025-06-04 15:59:33.313,2462,0.6290057,-0.029867,-0.05080278,0.775164,76.4413,331.9584,330.25,7.0,DB
2025-06-04 15:59:33.334,2463,0.6106765,-0.03054872,-0.04977959,0.7897236,74.04746,336.6237,335.0501,7.0,DB
2025-06-04 15:59:33.379,2464,0.6009611,-0.03103021,-0.04977711,0.7971231,72.74434,338.3794,336.843,7.0,DB
2025-06-04 15:59:33.401,2465,0.5711589,-0.03395393,-0.05023244,0.8185973,68.69931,341.8812,340.539,7.0,DB
2025-06-04 15:59:33.455,2466,0.5613653,-0.03483456,-0.05025666,0.8253061,67.3828,342.7685,341.4941,7.0,DB
2025-06-04 15:59:33.467,2467,0.5353481,-0.03754546,-0.04990765,0.8423195,63.91212,344.6124,343.5842,7.0,DB
2025-06-04 15:59:33.512,2468,0.5247164,-0.0383854,-0.05057483,0.848906,62.49709,345.1637,344.1469,7.0,DB
2025-06-04 15:59:33.545,2469,0.4851022,-0.04201741,-0.04961926,0.872037,57.33964,346.9972,346.3553,7.0,DB
2025-06-04 15:59:33.596,2470,0.4669522,-0.04337609,-0.04853842,0.8818835,55.02316,347.729,347.2904,7.0,DB
2025-06-04 15:59:33.631,2471,0.4215033,-0.04631925,-0.04549432,0.9045,49.3132,349.2013,349.2726,7.0,DB
2025-06-04 15:59:33.658,2472,0.4104193,-0.04712091,-0.04497309,0.9095677,47.93367,349.4531,349.6396,7.0,DB
2025-06-04 15:59:33.705,2473,0.3785426,-0.04883358,-0.04329664,0.9232801,44.00913,350.1569,350.6442,7.0,DB
2025-06-04 15:59:33.739,2474,0.3629358,-0.0494405,-0.0419624,0.9295551,42.11248,350.5049,351.1679,7.0,DB
2025-06-04 15:59:33.759,2475,0.3138589,-0.0504615,-0.03807288,0.9473631,36.21622,351.4815,352.607,7.0,DB
2025-06-04 15:59:33.805,2476,0.2975458,-0.05052096,-0.03660344,0.9526671,34.27916,351.7869,353.0625,7.0,DB
2025-06-04 15:59:33.850,2477,0.271887,-0.05072213,-0.03465433,0.9603666,31.24555,352.1839,353.678,7.0,DB
2025-06-04 15:59:33.872,2478,0.2190067,-0.05021945,-0.03039844,0.973956,25.05907,352.9529,354.8566,7.0,DB
2025-06-04 15:59:33.928,2479,0.2062317,-0.04959856,-0.02915651,0.9768104,23.57857,353.1746,355.1544,7.0,DB
2025-06-04 15:59:33.949,2480,0.1571155,-0.04780784,-0.02578633,0.9860854,17.90219,353.8232,356.0302,7.0,DB
2025-06-04 15:59:33.994,2481,0.1327372,-0.04632679,-0.02474649,0.9897588,15.09752,354.1579,356.3607,7.0,DB
2025-06-04 15:59:34.039,2482,0.1051118,-0.04432917,-0.02327729,0.9931993,11.9308,354.5486,356.7448,7.0,DB
2025-06-04 15:59:34.061,2483,0.06088685,-0.04143577,-0.02114316,0.9970602,6.872684,355.0769,357.2746,7.0,DB
2025-06-04 15:59:34.105,2484,0.04832198,-0.04046328,-0.0208214,0.9977948,5.436691,355.2313,357.3826,7.0,DB
2025-06-04 15:59:34.154,2485,0.0108849,-0.03756318,-0.01928839,0.9990488,1.163186,355.6706,357.7439,7.0,DB
2025-06-04 15:59:34.173,2486,-0.04444415,-0.03314359,-0.01713793,0.998315,354.8436,356.278,358.2007,7.0,DB
2025-06-04 15:59:34.217,2487,-0.06087257,-0.03402448,-0.01158151,0.9974983,352.9792,356.16,358.9052,7.0,DB
2025-06-04 15:59:34.262,2488,-0.08168274,-0.03559986,-0.005085099,0.9960095,350.6145,355.9265,359.7495,7.0,DB
2025-06-04 15:59:34.284,2489,-0.1139054,-0.03978737,0.007688353,0.9926649,346.9661,355.246,1.430896,7.0,DB
2025-06-04 15:59:34.329,2490,-0.1249128,-0.04180408,0.01337119,0.9911966,345.729,354.8964,2.185061,7.0,DB
2025-06-04 15:59:34.373,2491,-0.1607931,-0.04923064,0.03014636,0.9852986,341.7062,353.547,4.545067,7.0,DB
2025-06-04 15:59:34.395,2492,-0.175614,-0.05302382,0.03928278,0.982245,340.0728,352.7918,5.848296,7.0,DB
2025-06-04 15:59:34.440,2493,-0.1852304,-0.05629491,0.04698146,0.9799559,339.0382,352.1378,6.946261,7.0,DB
2025-06-04 15:59:34.473,2494,-0.2113208,-0.06413193,0.06446098,0.9731781,336.2318,350.4353,9.596496,7.0,DB
2025-06-04 15:59:34.522,2495,-0.227176,-0.07079073,0.07680386,0.9682361,334.593,349.0242,11.55223,7.0,DB
2025-06-04 15:59:34.541,2496,-0.2471837,-0.07903813,0.09291669,0.9612595,332.5789,347.1185,14.19747,7.0,DB
2025-06-04 15:59:34.573,2497,-0.2545503,-0.0825594,0.1006619,0.9582566,331.886,346.2613,15.44901,7.0,DB
2025-06-04 15:59:34.604,2498,-0.2682902,-0.08890767,0.1141182,0.9524145,330.6098,344.654,17.71231,7.0,DB
2025-06-04 15:59:34.663,2499,-0.2755673,-0.09329471,0.1238836,0.9486895,330.0172,343.5493,19.31322,7.0,DB
2025-06-04 15:59:34.684,2500,-0.3031356,-0.1083703,0.1522585,0.9344423,327.7561,339.5982,24.46383,7.0,DB
2025-06-04 15:59:34.718,2501,-0.3084366,-0.1123894,0.1600498,0.9309242,327.433,338.5651,25.83943,7.0,DB
2025-06-04 15:59:34.773,2502,-0.3285832,-0.125183,0.1843526,0.9178108,326.1515,335.0039,30.43199,7.0,DB
2025-06-04 15:59:34.784,2503,-0.3534863,-0.1420162,0.2135866,0.8995888,324.878,330.1982,36.33972,7.0,DB
2025-06-04 15:59:34.839,2504,-0.3500462,-0.1417314,0.2149224,0.90066,325.2761,330.4164,36.2818,7.0,DB
2025-06-04 15:59:34.861,2505,-0.3719337,-0.1590743,0.2439756,0.8813834,324.6892,325.5262,42.22457,7.0,DB
2025-06-04 15:59:34.906,2506,-0.3739617,-0.1640739,0.2530485,0.8770399,325.0458,324.4047,43.73167,7.0,DB
2025-06-04 15:59:34.928,2507,-0.3961624,-0.1823511,0.2793747,0.8554259,324.8383,319.2795,49.58591,7.0,DB
2025-06-04 15:59:34.973,2508,-0.4110313,-0.1947546,0.2975122,0.839411,324.9589,315.7282,53.66744,7.0,DB
2025-06-04 15:59:35.017,2509,-0.4220748,-0.2051159,0.312324,0.8259747,325.3111,312.8843,56.93502,7.0,DB
2025-06-04 15:59:35.039,2510,-0.4434244,-0.2244886,0.3346549,0.8006162,325.9599,307.6319,62.4894,7.0,DB
2025-06-04 15:59:35.084,2511,-0.4506023,-0.2305635,0.341797,0.7918164,326.222,305.9174,64.31466,7.0,DB
2025-06-04 15:59:35.105,2512,-0.4675148,-0.2387271,0.3582639,0.7720664,326.5746,302.5363,68.48003,7.0,DB
2025-06-04 15:59:35.151,2513,-0.4753347,-0.2397975,0.3660934,0.7632365,326.6324,301.238,70.40657,7.0,DB
2025-06-04 15:59:35.172,2514,-0.4912058,-0.2419317,0.3838928,0.7435135,326.9969,298.5161,74.6014,7.0,DB
2025-06-04 15:59:35.228,2515,-0.4989974,-0.2416195,0.3969007,0.7314995,327.4364,297.2003,77.18446,7.0,DB
2025-06-04 15:59:35.262,2516,-0.5102382,-0.2403275,0.4129936,0.7150778,327.9126,295.4291,80.61298,7.0,DB
2025-06-04 15:59:35.283,2517,-0.5210218,-0.2376622,0.4309878,0.697354,328.546,293.7896,84.24289,7.0,DB
2025-06-04 15:59:35.328,2518,-0.5281174,-0.2354175,0.4411124,0.6863604,328.8509,292.7779,86.44789,7.0,DB
2025-06-04 15:59:35.350,2519,-0.5466592,-0.225015,0.4768375,0.6505061,330.2234,290.2954,93.46245,7.0,DB
2025-06-04 15:59:35.394,2520,-0.5556905,-0.2173326,0.4958888,0.6309272,330.9446,289.2327,97.1891,7.0,DB
2025-06-04 15:59:35.439,2521,-0.5670493,-0.2065795,0.520106,0.6043758,331.931,287.9242,102.0433,7.0,DB
2025-06-04 15:59:35.461,2522,-0.5783079,-0.1928641,0.5469834,0.5737357,333.0891,286.7325,107.4407,7.0,DB
2025-06-04 15:59:35.507,2523,-0.5825998,-0.1872419,0.5573487,0.5611423,333.5687,286.2805,109.5819,7.0,DB
2025-06-04 15:59:35.539,2524,-0.5948095,-0.1660851,0.5907266,0.5192876,335.0686,285.1658,116.5631,7.0,DB
2025-06-04 15:59:35.584,2525,-0.6020929,-0.1513755,0.6108299,0.4913821,335.9969,284.5266,121.0555,7.0,DB
2025-06-04 15:59:35.624,2526,-0.6130249,-0.1273765,0.6414739,0.4432688,337.6631,283.5015,128.4029,7.0,DB
2025-06-04 15:59:35.661,2527,-0.617296,-0.1191627,0.6510931,0.4252337,338.2956,283.0309,131.0332,7.0,DB
2025-06-04 15:59:35.695,2528,-0.6296811,-0.08687852,0.6837037,0.358474,340.5703,281.7415,140.5207,7.0,DB
2025-06-04 15:59:35.717,2529,-0.6347847,-0.0732378,0.6957111,0.3281323,341.6584,281.1386,144.6223,7.0,DB
2025-06-04 15:59:35.769,2530,-0.6400223,-0.06284341,0.7043117,0.3006115,342.7661,280.4262,148.1581,7.0,DB
2025-06-04 15:59:35.795,2531,-0.646749,-0.04746398,0.7162977,0.2576447,344.6172,279.4874,153.4813,7.0,DB
2025-06-04 15:59:35.839,2532,-0.6514778,-0.03889999,0.7219818,0.2297955,345.922,278.7842,156.7749,7.0,DB
2025-06-04 15:59:35.860,2533,-0.6564382,-0.03049016,0.7277526,0.1963047,347.6815,278.0207,160.523,7.0,DB
2025-06-04 15:59:35.916,2534,-0.6605155,-0.02758254,0.728498,0.1795817,348.6358,277.3792,162.2991,7.0,DB
2025-06-04 15:59:35.949,2535,-0.6659336,-0.0251532,0.7297924,0.152653,350.4098,276.5104,164.9333,7.0,DB
2025-06-04 15:59:35.972,2536,-0.6737227,-0.02177721,0.7320066,0.09894475,354.1779,275.2626,169.9153,7.0,DB
2025-06-04 15:59:36.016,2537,-0.6771603,-0.02299418,0.7298961,0.09042856,354.8995,274.7137,170.5726,7.0,DB
2025-06-04 15:59:36.060,2538,-0.6831086,-0.02399562,0.7272963,0.06186444,357.156,273.7645,172.9392,7.0,DB
2025-06-04 15:59:36.082,2539,-0.6868085,-0.02641172,0.7253236,0.03876296,359.1445,273.1643,174.6913,7.0,DB
2025-06-04 15:59:36.138,2540,-0.6892649,-0.02922296,0.7234433,0.02626839,0.3478191,272.7582,175.5095,7.0,DB
2025-06-04 15:59:36.172,2541,-0.690528,-0.03382247,0.7225137,-0.001101613,2.888689,272.5282,177.4107,7.0,DB
2025-06-04 15:59:36.194,2542,-0.6869856,-0.03678276,0.7251645,-0.02888584,5.338257,273.0742,179.5025,7.0,DB
2025-06-04 15:59:36.238,2543,-0.6838144,-0.03705256,0.7271969,-0.04700849,6.787028,273.5826,181.021,7.0,DB
2025-06-04 15:59:36.283,2544,-0.6784176,-0.03654012,0.7297454,-0.07672193,9.057695,274.4621,183.6226,7.0,DB
2025-06-04 15:59:36.305,2545,-0.6749459,-0.03543267,0.7304218,-0.09837078,10.63498,275.0425,185.5981,7.0,DB
2025-06-04 15:59:36.363,2546,-0.672424,-0.03246982,0.731294,-0.1095489,11.234,275.475,186.8249,7.0,DB
2025-06-04 15:59:36.382,2547,-0.6645715,-0.02553755,0.7298135,-0.1583196,14.34173,276.84,191.7409,7.0,DB
2025-06-04 15:59:36.427,2548,-0.6606632,-0.02213215,0.7290565,-0.1775141,15.47543,277.5165,193.782,7.0,DB
2025-06-04 15:59:36.472,2549,-0.6547219,-0.0135586,0.7249369,-0.2135938,17.4184,278.5777,197.8159,7.0,DB
2025-06-04 15:59:36.494,2550,-0.6487641,-0.001686638,0.7176825,-0.2530506,19.31498,279.6507,202.4926,7.0,DB
2025-06-04 15:59:36.550,2551,-0.6446764,0.007463856,0.7115123,-0.2794407,20.46752,280.372,205.7673,7.0,DB
2025-06-04 15:59:36.572,2552,-0.6369261,0.02541634,0.6981058,-0.3260793,22.32688,281.6857,211.8147,7.0,DB
2025-06-04 15:59:36.630,2553,-0.6323755,0.03547717,0.6922097,-0.3459603,22.85736,282.388,214.6431,7.0,DB
2025-06-04 15:59:36.651,2554,-0.6193241,0.06602187,0.6651376,-0.4119114,24.98532,284.3179,224.0074,7.0,DB
2025-06-04 15:59:36.695,2555,-0.6162452,0.07296935,0.659991,-0.4234733,25.18918,284.7136,225.8157,7.0,DB
2025-06-04 15:59:36.747,2556,-0.6048266,0.09733582,0.635426,-0.4700475,26.41662,286.1708,232.985,7.0,DB
2025-06-04 15:59:36.773,2557,-0.5951092,0.1150623,0.6159933,-0.5031483,27.2002,287.3487,238.3119,7.0,DB
2025-06-04 15:59:36.818,2558,-0.5858582,0.1305716,0.5975742,-0.5316265,27.83086,288.4208,243.0602,7.0,DB
2025-06-04 15:59:36.861,2559,-0.5735647,0.1516973,0.5673234,-0.5711005,28.88173,289.7595,249.8478,7.0,DB
2025-06-04 15:59:36.882,2560,-0.5662181,0.1624494,0.5487488,-0.5931967,29.56887,290.5997,253.7451,7.0,DB
2025-06-04 15:59:36.939,2561,-0.5597636,0.1691196,0.5355968,-0.6092616,30.06121,291.4234,256.6121,7.0,DB
2025-06-04 15:59:36.961,2562,-0.5413179,0.1867515,0.4992927,-0.6502352,31.16341,293.7185,264.3236,7.0,DB
2025-06-04 15:59:37.017,2563,-0.5370265,0.1880662,0.4933916,-0.6578743,31.40011,294.3899,265.7224,7.0,DB
2025-06-04 15:59:37.038,2564,-0.5190805,0.198442,0.460772,-0.6920012,32.38023,296.9202,272.4764,7.0,DB
2025-06-04 15:59:37.095,2565,-0.5147443,0.2001897,0.4530775,-0.6997738,32.61601,297.5762,274.052,7.0,DB
2025-06-04 15:59:37.117,2566,-0.4932749,0.2060192,0.4212982,-0.7326282,33.31098,300.8445,280.9243,7.0,DB
2025-06-04 15:59:37.172,2567,-0.4870836,0.2078339,0.413191,-0.7408293,33.36299,301.7188,282.7302,7.0,DB
2025-06-04 15:59:37.194,2568,-0.4679461,0.2094603,0.3911928,-0.7642782,33.46334,304.6491,287.8697,7.0,DB
2025-06-04 15:59:37.251,2569,-0.4586878,0.2085918,0.3867611,-0.7723413,33.17353,306.0172,289.5465,7.0,DB
2025-06-04 15:59:37.272,2570,-0.4403988,0.2055793,0.3709669,-0.791309,32.98754,308.9741,293.6788,7.0,DB
2025-06-04 15:59:37.337,2571,-0.4281343,0.1983502,0.3645134,-0.8028003,32.87514,311.3373,295.9616,7.0,DB
2025-06-04 15:59:37.347,2572,-0.4073104,0.181264,0.3451331,-0.8259087,33.20811,316.0613,300.9231,7.0,DB
2025-06-04 15:59:37.406,2573,-0.4059746,0.1769034,0.3471105,-0.8266828,33.25828,316.6212,300.8977,7.0,DB
2025-06-04 15:59:37.453,2574,-0.3796426,0.1541594,0.3203433,-0.8541,33.349,322.6688,307.3257,7.0,DB
2025-06-04 15:59:37.472,2575,-0.3514168,0.133864,0.290722,-0.8798111,32.71947,328.4771,313.9564,7.0,DB
2025-06-04 15:59:37.517,2576,-0.3451896,0.1284204,0.2817558,-0.8859832,32.63585,329.92,315.7214,7.0,DB
2025-06-04 15:59:37.574,2577,-0.3328156,0.1192958,0.2682627,-0.8961236,32.17334,332.3833,318.5604,7.0,DB
2025-06-04 15:59:37.595,2578,-0.3006569,0.101447,0.2347571,-0.9188053,30.32203,337.6974,325.22,7.0,DB
2025-06-04 15:59:37.650,2579,-0.2923357,0.09696022,0.2281735,-0.9236209,29.72035,338.9089,326.591,7.0,DB
2025-06-04 15:59:37.683,2580,-0.2672971,0.08533262,0.2025924,-0.9382042,27.83863,342.3287,331.2173,7.0,DB
2025-06-04 15:59:37.739,2581,-0.2573343,0.0803908,0.1940995,-0.9432083,27.01554,343.5991,332.7779,7.0,DB
2025-06-04 15:59:37.760,2582,-0.2329801,0.07039709,0.1718953,-0.9545768,24.87203,346.3245,336.5543,7.0,DB
2025-06-04 15:59:37.816,2583,-0.2180728,0.06579361,0.159682,-0.9605297,23.44814,347.6617,338.5525,7.0,DB
2025-06-04 15:59:37.850,2584,-0.195261,0.05775545,0.1408242,-0.9688686,21.22907,349.6849,341.5219,7.0,DB
2025-06-04 15:59:37.905,2585,-0.171148,0.0506393,0.122856,-0.9762431,18.76706,351.4404,344.2375,7.0,DB
2025-06-04 15:59:37.938,2586,-0.1528695,0.0458894,0.1097268,-0.9810634,16.85069,352.5805,346.1361,7.0,DB
2025-06-04 15:59:37.995,2587,-0.1285141,0.04109017,0.09417014,-0.9863711,14.2283,353.7656,348.314,7.0,DB
2025-06-04 15:59:38.015,2588,-0.1039959,0.03682076,0.07950509,-0.990711,11.54893,354.7591,350.2933,7.0,DB
2025-06-04 15:59:38.072,2589,-0.08933082,0.03559601,0.07070562,-0.9928514,9.924524,355.1481,351.4316,7.0,DB
2025-06-04 15:59:38.104,2590,-0.05333095,0.0320493,0.05342818,-0.9966315,5.904917,355.9887,353.6558,7.0,DB
2025-06-04 15:59:38.150,2591,-0.04601089,0.03193236,0.05002622,-0.9971765,5.081174,356.0689,354.0815,7.0,DB
2025-06-04 15:59:38.182,2592,-0.007136714,0.0296007,0.03436156,-0.9989457,0.7004081,356.5812,356.0389,7.0,DB
2025-06-04 15:59:38.239,2593,0.002478797,0.02906857,0.0296362,-0.999135,359.6175,356.6783,356.6131,7.0,DB
2025-06-04 15:59:38.271,2594,0.03816916,0.02868541,0.01989563,-0.9986615,355.5622,356.793,357.8417,7.0,DB
2025-06-04 15:59:38.304,2595,0.07892031,0.03020641,0.01863961,-0.9962489,350.8874,356.6764,358.1212,7.0,DB
2025-06-04 15:59:38.363,2596,0.08947628,0.03261082,0.01758632,-0.9952996,349.6734,356.4003,358.3008,7.0,DB
2025-06-04 15:59:38.393,2597,0.1363325,0.03371741,0.01512387,-0.9899737,344.2791,356.2692,358.7648,7.0,DB
2025-06-04 15:59:38.426,2598,0.1608409,0.0343522,0.01475568,-0.986272,341.4411,356.1887,358.9087,7.0,DB
2025-06-04 15:59:38.484,2599,0.1741699,0.03438346,0.01458925,-0.9840071,339.8932,356.1786,358.9789,7.0,DB
2025-06-04 15:59:38.515,2600,0.2077554,0.03421104,0.01411228,-0.9774806,335.976,356.1695,359.161,7.0,DB
2025-06-04 15:59:38.572,2601,0.2363573,0.03284572,0.01478386,-0.9709984,332.6144,356.3325,359.1493,7.0,DB
2025-06-04 15:59:38.593,2602,0.2657506,0.03272016,0.01491421,-0.963371,329.1356,356.3185,359.2427,7.0,DB
2025-06-04 15:59:38.638,2603,0.2726373,0.03222894,0.01633969,-0.9614382,328.3115,356.4247,359.0677,7.0,DB
2025-06-04 15:59:38.683,2604,0.2966416,0.03209518,0.01634352,-0.9543095,325.4431,356.4105,359.1545,7.0,DB
2025-06-04 15:59:38.716,2605,0.3169411,0.03273599,0.01666612,-0.9477336,322.998,356.3036,359.2223,7.0,DB
2025-06-04 15:59:38.772,2606,0.3373458,0.03291484,0.01589303,-0.9406711,320.5274,356.1968,359.429,7.0,DB
2025-06-04 15:59:38.792,2607,0.36473,0.03294445,0.01482748,-0.9304123,317.1817,356.0532,359.722,7.0,DB
2025-06-04 15:59:38.850,2608,0.3746261,0.03374226,0.01514827,-0.9264382,315.9602,355.9181,359.7779,7.0,DB
2025-06-04 15:59:38.882,2609,0.398958,0.03477795,0.01442993,-0.9161959,312.9414,355.6044,0.1100576,7.0,DB
2025-06-04 15:59:38.915,2610,0.4094082,0.03495023,0.01461011,-0.9115647,311.6322,355.5319,0.1709097,7.0,DB
2025-06-04 15:59:38.972,2611,0.4339125,0.03434819,0.01494719,-0.900176,308.5355,355.5012,0.2665242,7.0,DB
2025-06-04 15:59:38.990,2612,0.4630006,0.03441393,0.01439312,-0.8855729,304.8118,355.2147,0.6398334,7.0,DB
2025-06-04 15:59:39.024,2613,0.4746101,0.03420972,0.0150729,-0.8794022,303.3031,355.2088,0.6221802,7.0,DB
2025-06-04 15:59:39.069,2614,0.4851923,0.0337405,0.01561507,-0.8736168,301.9188,355.2481,0.5914899,7.0,DB
2025-06-04 15:59:39.112,2615,0.5115343,0.03422716,0.0146504,-0.858456,298.4465,354.7269,1.186478,7.0,DB
2025-06-04 15:59:39.134,2616,0.5269661,0.0341436,0.01456124,-0.8490754,296.3806,354.4939,1.451835,7.0,DB
2025-06-04 15:59:39.156,2617,0.5504215,0.03448512,0.01367325,-0.8340624,293.203,353.8113,2.204308,7.0,DB
2025-06-04 15:59:39.203,2618,0.5680644,0.03434949,0.01233183,-0.8221745,290.781,353.1248,3.028939,7.0,DB
2025-06-04 15:59:39.223,2619,0.5972762,0.03448322,0.01084623,-0.8012207,286.6949,351.5325,4.754559,7.0,DB
2025-06-04 15:59:39.270,2620,0.6096588,0.03551047,0.01024568,-0.791802,284.9424,350.233,6.027031,7.0,DB
2025-06-04 15:59:39.277,2621,0.6300991,0.02139198,0.01936491,-0.7759786,281.8426,357.5436,359.1358,7.0,DB
2025-06-04 15:59:39.324,2622,0.6294283,0.02135929,0.01892195,-0.7765347,281.9431,357.4097,359.3081,7.0,DB
2025-06-04 15:59:39.345,2623,0.6357476,0.006547578,0.02834615,-0.7713486,281.1461,7.711916,349.447,7.0,DB
2025-06-04 15:59:39.392,2624,0.6401252,-0.001759265,0.03385212,-0.7675226,280.7342,14.31122,343.0767,7.0,DB
2025-06-04 15:59:39.411,2625,0.6491736,-0.02878083,0.05074777,-0.7583997,280.9646,35.16465,323.0471,7.0,DB
2025-06-04 15:59:39.459,2626,0.6505244,-0.03759155,0.05655621,-0.7564432,281.5021,40.86061,317.5949,7.0,DB
2025-06-04 15:59:39.466,2627,0.6536983,-0.05070774,0.06423774,-0.7523173,282.2956,48.82026,310.0771,7.0,DB
2025-06-04 15:59:39.521,2628,0.6526029,-0.05105586,0.06511667,-0.7531686,282.4749,48.54555,310.3083,7.0,DB
2025-06-04 15:59:39.533,2629,0.6590899,-0.0860142,0.08449959,-0.7423355,285.4216,64.04009,296.0838,7.0,DB
2025-06-04 15:59:39.579,2630,0.65983,-0.09268986,0.08892871,-0.7403547,286.1513,66.24273,294.0651,7.0,DB
2025-06-04 15:59:39.601,2631,0.6611637,-0.1061921,0.096237,-0.7364268,287.5682,70.013,290.8032,7.0,DB
2025-06-04 15:59:39.647,2632,0.6607285,-0.1199993,0.1037687,-0.7336691,289.1596,72.61272,288.7211,7.0,DB
2025-06-04 15:59:39.656,2633,0.6615934,-0.1392522,0.1139585,-0.7279537,291.3332,76.35731,285.7284,7.0,DB
2025-06-04 15:59:39.701,2634,0.659248,-0.1505901,0.1208582,-0.7267106,292.8145,77.27207,285.1858,7.0,DB
2025-06-04 15:59:39.722,2635,0.6586521,-0.1700061,0.1312013,-0.7211532,295.1271,79.88831,283.3336,7.0,DB
2025-06-04 15:59:39.768,2636,0.6569147,-0.1849164,0.1391459,-0.7175707,296.9623,81.30565,282.5089,7.0,DB
2025-06-04 15:59:39.789,2637,0.6511722,-0.2252724,0.1600362,-0.706835,301.9577,84.53002,280.9705,7.0,DB
2025-06-04 15:59:39.835,2638,0.6481543,-0.2348871,0.1655001,-0.705219,303.2346,84.82357,281.0464,7.0,DB
2025-06-04 15:59:39.856,2639,0.6429216,-0.2559821,0.1767221,-0.6999245,305.9511,85.87318,280.8826,7.0,DB
2025-06-04 15:59:39.901,2640,0.6385947,-0.2683352,0.1843089,-0.6972973,307.6584,86.20976,280.9885,7.0,DB
2025-06-04 15:59:39.913,2641,0.6288946,-0.2965452,0.2006049,-0.6901526,311.4884,87.13557,281.1845,7.0,DB
2025-06-04 15:59:39.962,2642,0.622584,-0.3116761,0.2093826,-0.6865903,313.5809,87.46472,281.4708,7.0,DB
2025-06-04 15:59:39.984,2643,0.6137297,-0.3318384,0.2220515,-0.6811112,316.4754,87.91037,281.7824,7.0,DB
2025-06-04 15:59:40.033,2644,0.6046432,-0.3493949,0.2334982,-0.6766156,319.0761,88.12971,282.2076,7.0,DB
2025-06-04 15:59:40.057,2645,0.5783356,-0.3967377,0.2661708,-0.6612718,326.3806,88.88155,283.144,7.0,DB
2025-06-04 15:59:40.089,2646,0.5666496,-0.4118664,0.2788726,-0.6568901,329.0202,88.76031,283.6466,7.0,DB
2025-06-04 15:59:40.146,2647,0.548988,-0.4326554,0.296783,-0.650647,332.7686,88.52788,284.3958,7.0,DB
2025-06-04 15:59:40.168,2648,0.5255365,-0.461501,0.3217917,-0.6381838,338.0521,88.66209,285.0296,7.0,DB
2025-06-04 15:59:40.223,2649,0.5089053,-0.4787849,0.3389894,-0.6299735,341.5433,88.57671,285.4192,7.0,DB
2025-06-04 15:59:40.245,2650,0.4808192,-0.5066444,0.3679373,-0.6137969,347.4422,88.57644,285.8673,7.0,DB
2025-06-04 15:59:40.301,2651,0.4703225,-0.5138721,0.3785957,-0.6094242,349.3883,88.28216,286.0001,7.0,DB
2025-06-04 15:59:40.323,2652,0.4325439,-0.5445039,0.4169284,-0.5853139,357.0015,88.11533,286.1728,7.0,DB
2025-06-04 15:59:40.379,2653,0.4172136,-0.5553883,0.4338464,-0.573807,0.1779745,87.99687,285.9872,7.0,DB
2025-06-04 15:59:40.401,2654,0.3858598,-0.5758587,0.4687277,-0.5475342,6.736245,87.74945,285.3456,7.0,DB
2025-06-04 15:59:40.456,2655,0.3757975,-0.5797921,0.4802235,-0.540373,8.668538,87.37737,285.0276,7.0,DB
2025-06-04 15:59:40.490,2656,0.3418351,-0.5996806,0.5173574,-0.5058394,15.94241,87.19444,283.8995,7.0,DB
2025-06-04 15:59:40.523,2657,0.3188758,-0.610594,0.5414565,-0.4819941,20.72161,86.87508,282.9929,7.0,DB
2025-06-04 15:59:40.579,2658,0.3109624,-0.6128509,0.5500666,-0.4744924,22.27912,86.56568,282.5746,7.0,DB
2025-06-04 15:59:40.600,2659,0.2866273,-0.6268345,0.5747005,-0.4411836,27.8769,86.76733,281.427,7.0,DB
2025-06-04 15:59:40.663,2660,0.2819536,-0.6294087,0.5788349,-0.435083,28.90122,86.81149,281.2575,7.0,DB
2025-06-04 15:59:40.705,2661,0.2586047,-0.6424947,0.6008076,-0.3991923,34.44156,87.17484,280.0776,7.0,DB
2025-06-04 15:59:40.745,2662,0.2440965,-0.6507321,0.6127434,-0.3761786,37.86592,87.53675,279.4727,7.0,DB
2025-06-04 15:59:40.766,2663,0.2309486,-0.6586401,0.6230981,-0.3529943,41.12832,88.04379,278.9223,7.0,DB
2025-06-04 15:59:40.824,2664,0.2246247,-0.6632397,0.6273079,-0.3407961,42.76621,88.49245,278.7799,7.0,DB
2025-06-04 15:59:40.856,2665,0.2069223,-0.6741596,0.6383042,-0.308642,47.13073,89.54657,278.41,7.0,DB
2025-06-04 15:59:40.918,2666,0.1983513,-0.6782111,0.6444052,-0.2922817,49.30019,89.87934,278.0038,7.0,DB
2025-06-04 15:59:40.941,2667,0.18364,-0.6858931,0.6525887,-0.2644907,52.94619,90.79358,277.7071,7.0,DB
2025-06-04 15:59:40.996,2668,0.1778699,-0.6903339,0.6538216,-0.2536115,54.34,91.61174,278.062,7.0,DB
2025-06-04 15:59:41.006,2669,0.1641975,-0.6987904,0.6583965,-0.226375,57.76006,93.28159,278.5278,7.0,DB
2025-06-04 15:59:41.072,2670,0.165265,-0.6990355,0.6580301,-0.2259061,57.70451,93.42572,278.5429,7.0,DB
2025-06-04 15:59:41.090,2671,0.1498674,-0.7090096,0.6610158,-0.1946881,61.51935,96.05605,279.8036,7.0,DB
2025-06-04 15:59:41.135,2672,0.1456618,-0.7132304,0.6602046,-0.184974,62.60658,97.47169,280.7508,7.0,DB
2025-06-04 15:59:41.181,2673,0.139334,-0.7190053,0.6593339,-0.1699889,64.25799,99.64471,282.1929,7.0,DB
2025-06-04 15:59:41.201,2674,0.1308042,-0.7254953,0.6580013,-0.1535618,66.14623,102.4096,284.2944,7.0,DB
2025-06-04 15:59:41.245,2675,0.1245869,-0.7298034,0.6567889,-0.143156,67.36612,104.4866,286.0211,7.0,DB
2025-06-04 15:59:41.291,2676,0.1182296,-0.7340705,0.6555809,-0.1318194,68.64076,106.8666,287.9872,7.0,DB
2025-06-04 15:59:41.311,2677,0.1063386,-0.7429881,0.6517417,-0.1090588,70.95775,112.8467,293.0702,7.0,DB
2025-06-04 15:59:41.358,2678,0.1042436,-0.7462647,0.6491822,-0.103851,71.31098,115.0266,294.9944,7.0,DB
2025-06-04 15:59:41.378,2679,0.09587036,-0.7523289,0.6456773,-0.08894442,72.64386,120.2719,299.7042,7.0,DB
2025-06-04 15:59:41.437,2680,0.09129553,-0.7569779,0.6419986,-0.08054437,73.18639,124.2271,303.3465,7.0,DB
2025-06-04 15:59:41.468,2681,0.08453419,-0.7636207,0.6363702,-0.06906874,73.78355,130.2726,309.0067,7.0,DB
2025-06-04 15:59:41.506,2682,0.07053454,-0.7731869,0.6284794,-0.04712436,74.84367,141.843,319.9293,7.0,DB
2025-06-04 15:59:41.534,2683,0.06590816,-0.7768027,0.6249101,-0.04148892,74.88285,145.7355,323.7394,7.0,DB
2025-06-04 15:59:41.556,2684,0.05952172,-0.7814338,0.6202811,-0.03271052,74.91109,151.3121,329.1205,7.0,DB
2025-06-04 15:59:41.610,2685,0.05717938,-0.7846584,0.6165532,-0.03006842,74.60714,153.6788,331.4619,7.0,DB
2025-06-04 15:59:41.623,2686,0.04684697,-0.7919405,0.6085868,-0.01606077,74.24342,162.3224,339.8039,7.0,DB
2025-06-04 15:59:41.680,2687,0.04311266,-0.7963399,0.6031516,-0.01387597,73.62367,164.7613,342.3677,7.0,DB
2025-06-04 15:59:41.689,2688,0.03310217,-0.8116884,0.5831511,-0.0009953016,71.19267,172.8328,350.1955,7.0,DB
2025-06-04 15:59:41.734,2689,0.0306816,-0.8207339,0.570479,-0.002903533,69.43018,173.5002,351.2125,7.0,DB
2025-06-04 15:59:41.779,2690,0.02987685,-0.8356541,0.5484052,-0.006437102,66.37236,173.7652,351.8246,7.0,DB
2025-06-04 15:59:41.800,2691,0.02956211,-0.8536426,0.5199428,-0.008954518,62.51864,174.2754,352.5564,7.0,DB
2025-06-04 15:59:41.845,2692,0.02991803,-0.8615039,0.5067125,-0.01259444,60.72887,173.8926,352.4418,7.0,DB
2025-06-04 15:59:41.867,2693,0.03023274,-0.8721483,0.4880894,-0.01457147,58.26516,174.0056,352.6863,7.0,DB
2025-06-04 15:59:41.912,2694,0.03085669,-0.8808735,0.4720402,-0.01697272,56.15711,173.9153,352.7393,7.0,DB
2025-06-04 15:59:41.958,2695,0.03013594,-0.8971201,0.4403819,-0.0182016,52.09717,174.47,353.4475,7.0,DB
2025-06-04 15:59:41.979,2696,0.02981694,-0.9011031,0.4321924,-0.01828066,51.06044,174.6392,353.6477,7.0,DB
2025-06-04 15:59:42.024,2697,0.02845023,-0.9101049,0.4129648,-0.01897128,48.64264,174.9616,354.1406,7.0,DB
2025-06-04 15:59:42.049,2698,0.02736168,-0.9184467,0.3940887,-0.02003683,46.28632,175.1546,354.5151,7.0,DB
2025-06-04 15:59:42.094,2699,0.02635304,-0.9275826,0.3720414,-0.02194538,43.55428,175.2256,354.8369,7.0,DB
2025-06-04 15:59:42.138,2700,0.02627538,-0.9331967,0.3576421,-0.02336432,41.78005,175.1998,354.9414,7.0,DB
2025-06-04 15:59:42.160,2701,0.02585221,-0.940564,0.3377635,-0.02422605,39.35503,175.3239,355.1781,7.0,DB
2025-06-04 15:59:42.205,2702,0.02549925,-0.9444715,0.3266872,-0.02447273,38.01338,175.4217,355.3292,7.0,DB
2025-06-04 15:59:42.249,2703,0.02515119,-0.9495431,0.3116933,-0.02414278,36.20797,175.6267,355.5351,7.0,DB
2025-06-04 15:59:42.271,2704,0.02424109,-0.9580284,0.2845877,-0.02457999,32.9628,175.838,355.8692,7.0,DB
2025-06-04 15:59:42.316,2705,0.02423766,-0.9603333,0.2767125,-0.02455233,32.02453,175.9032,355.9323,7.0,DB
2025-06-04 15:59:42.360,2706,0.02432749,-0.9642135,0.262862,-0.0245822,30.37877,175.999,356.0228,7.0,DB
2025-06-04 15:59:42.382,2707,0.0239996,-0.9697096,0.2417816,-0.02507991,27.88589,176.0917,356.1938,7.0,DB
2025-06-04 15:59:42.440,2708,0.02411118,-0.9713157,0.2352612,-0.02483854,27.11822,176.1607,356.2298,7.0,DB
2025-06-04 15:59:42.460,2709,0.02365431,-0.9779967,0.2056853,-0.02562474,23.64739,176.2537,356.4444,7.0,DB
2025-06-04 15:59:42.505,2710,0.02425929,-0.9801501,0.1951069,-0.02550801,22.40992,176.3118,356.4335,7.0,DB
2025-06-04 15:59:42.550,2711,0.02368136,-0.9834639,0.1777458,-0.02538762,20.39013,176.4308,356.5991,7.0,DB
2025-06-04 15:59:42.571,2712,0.02265305,-0.9888094,0.1451765,-0.02582144,16.61469,176.5514,356.8715,7.0,DB
2025-06-04 15:59:42.616,2713,0.02253152,-0.9900438,0.1365431,-0.02572558,15.61714,176.6015,356.9264,7.0,DB
2025-06-04 15:59:42.661,2714,0.02255966,-0.9937724,0.1058387,-0.02656383,12.07317,176.6248,357.0421,7.0,DB
2025-06-04 15:59:42.701,2715,0.02194335,-0.9959608,0.08267708,-0.02729918,9.409422,176.6292,357.1982,7.0,DB
2025-06-04 15:59:42.727,2716,0.02166396,-0.9967777,0.07222805,-0.0273547,8.210214,176.6601,357.2701,7.0,DB
2025-06-04 15:59:42.772,2717,0.02065508,-0.9984643,0.04312523,-0.02797822,4.873853,176.6829,357.4886,7.0,DB
2025-06-04 15:59:42.794,2718,0.01968717,-0.9993877,0.003927972,-0.02865587,0.3851926,176.7075,357.7318,7.0,DB
2025-06-04 15:59:42.838,2719,0.01898501,-0.9993365,-0.01103083,-0.0290614,358.6735,176.6933,357.8616,7.0,DB
2025-06-04 15:59:42.859,2720,0.01809254,-0.9985649,-0.04082679,-0.02956693,355.2616,176.6882,358.0611,7.0,DB
2025-06-04 15:59:42.917,2721,0.01826222,-0.9983245,-0.04635315,-0.02943303,354.6277,176.7137,358.0583,7.0,DB
2025-06-04 15:59:42.938,2722,0.01762394,-0.9969862,-0.06937438,-0.02992645,351.9877,176.687,358.2066,7.0,DB
2025-06-04 15:59:42.990,2723,0.01764576,-0.9967609,-0.07266834,-0.02959353,351.61,176.73,358.2115,7.0,DB
2025-06-04 15:59:43.004,2724,0.0175188,-0.9957695,-0.08516832,-0.02970973,350.174,176.7312,358.2652,7.0,DB
2025-06-04 15:59:43.050,2725,0.01756242,-0.9949075,-0.09470516,-0.02969474,349.0771,176.7444,358.2888,7.0,DB
2025-06-04 15:59:43.094,2726,0.01698853,-0.9933921,-0.1094663,-0.03001095,347.3787,176.7157,358.4038,7.0,DB
2025-06-04 15:59:43.115,2727,0.01665398,-0.9914602,-0.1257739,-0.03017399,345.4985,176.7052,358.4947,7.0,DB
2025-06-04 15:59:43.161,2728,0.01606943,-0.9910319,-0.1291559,-0.03027612,345.1098,176.6865,358.5752,7.0,DB
2025-06-04 15:59:43.205,2729,0.01626123,-0.9900076,-0.1366844,-0.03062824,344.2385,176.6523,358.5815,7.0,DB
2025-06-04 15:59:43.216,2730,0.01567679,-0.9878802,-0.1512864,-0.03098,342.5498,176.6067,358.7026,7.0,DB
2025-06-04 15:59:43.273,2731,0.01617949,-0.9875497,-0.1532914,-0.03139868,342.3151,176.5668,358.657,7.0,DB
2025-06-04 15:59:43.293,2732,0.01539214,-0.9837372,-0.1761326,-0.03164998,339.6649,176.5242,358.8307,7.0,DB
2025-06-04 15:59:43.339,2733,0.01531962,-0.9834094,-0.1779925,-0.03146497,339.4489,176.5448,358.8416,7.0,DB
2025-06-04 15:59:43.360,2734,0.01488435,-0.9816595,-0.1875306,-0.03091203,338.3397,176.6007,358.9131,7.0,DB
2025-06-04 15:59:43.417,2735,0.01473254,-0.9801544,-0.195276,-0.03078456,337.4364,176.6108,358.954,7.0,DB
2025-06-04 15:59:43.438,2736,0.01414329,-0.9761853,-0.2142115,-0.0312417,335.222,176.5311,359.1021,7.0,DB
2025-06-04 15:59:43.482,2737,0.01368462,-0.9751476,-0.2188261,-0.03186281,334.6816,176.4385,359.1922,7.0,DB
2025-06-04 15:59:43.504,2738,0.01333899,-0.9709346,-0.2368076,-0.03210016,332.5674,176.3814,359.3093,7.0,DB
2025-06-04 15:59:43.549,2739,0.01294476,-0.9694281,-0.2429283,-0.03205783,331.8467,176.3672,359.3812,7.0,DB
2025-06-04 15:59:43.593,2740,0.01273583,-0.9657979,-0.2569608,-0.03230172,330.1873,176.3095,359.4717,7.0,DB
2025-06-04 15:59:43.615,2741,0.01232166,-0.9622949,-0.2697829,-0.03246713,328.6663,176.2518,359.5844,7.0,DB
2025-06-04 15:59:43.660,2742,0.01159349,-0.9604884,-0.2761587,-0.03262301,327.91,176.1921,359.7124,7.0,DB
2025-06-04 15:59:43.699,2743,0.01120291,-0.9569589,-0.2881355,-0.03289678,326.4816,176.1137,359.8293,7.0,DB
2025-06-04 15:59:43.726,2744,0.01090959,-0.9557881,-0.2920455,-0.03255073,326.0149,176.1378,359.8727,7.0,DB
2025-06-04 15:59:43.749,2745,0.009895178,-0.9503411,-0.3093906,-0.03211649,323.936,176.1043,0.07552114,7.0,DB
2025-06-04 15:59:43.793,2746,0.009583568,-0.9462633,-0.3216852,-0.03182228,322.4533,176.0904,0.1688365,7.0,DB
2025-06-04 15:59:43.815,2747,0.009017752,-0.9412062,-0.3361863,-0.03206896,320.6971,175.9758,0.3396535,7.0,DB
2025-06-04 15:59:43.873,2748,0.00683678,-0.9384803,-0.3436324,-0.03354143,319.8011,175.6257,0.7666191,7.0,DB
2025-06-04 15:59:43.892,2749,0.005253865,-0.9301508,-0.3654818,-0.03486011,317.135,175.2253,1.227972,7.0,DB
2025-06-04 15:59:43.940,2750,0.005601778,-0.9304532,-0.3645151,-0.03680089,317.2547,174.9691,1.279983,7.0,DB
2025-06-04 15:59:43.959,2751,0.006216645,-0.9318091,-0.3610406,-0.03665145,317.6779,175.0486,1.153156,7.0,DB
2025-06-04 15:59:44.006,2752,0.005331557,-0.9335455,-0.3566812,-0.0352555,318.2154,175.2287,1.167691,7.0,DB
2025-06-04 15:59:44.025,2753,0.005778119,-0.9348301,-0.3533329,-0.03486076,318.6227,175.3299,1.056206,7.0,DB
2025-06-04 15:59:44.071,2754,0.006086119,-0.9365636,-0.3488288,-0.03362064,319.1705,175.5484,0.9129145,7.0,DB
2025-06-04 15:59:44.092,2755,0.006266103,-0.9397038,-0.3402736,-0.03363982,320.2131,175.5996,0.8289304,7.0,DB
2025-06-04 15:59:44.137,2756,0.005936732,-0.940073,-0.3391497,-0.03471965,320.3525,175.4374,0.9218804,7.0,DB
2025-06-04 15:59:44.159,2757,0.006264317,-0.9416696,-0.3345717,-0.03579318,320.9085,175.3279,0.8971837,7.0,DB
2025-06-04 15:59:44.204,2758,0.006234533,-0.9426193,-0.3317684,-0.03687745,321.2501,175.1907,0.9342442,7.0,DB
2025-06-04 15:59:44.226,2759,0.006579712,-0.9439246,-0.3280667,-0.03654182,321.6969,175.2731,0.8436717,7.0,DB
2025-06-04 15:59:44.271,2760,0.006367319,-0.944874,-0.3255048,-0.03492087,322.0069,175.499,0.7780282,7.0,DB
2025-06-04 15:59:44.292,2761,0.006651938,-0.9478619,-0.3167502,-0.0343948,323.0636,175.6239,0.6579772,7.0,DB
2025-06-04 15:59:44.338,2762,0.006738484,-0.9491211,-0.3130317,-0.03369436,323.5114,175.7386,0.5917668,7.0,DB
2025-06-04 15:59:44.359,2763,0.007130587,-0.9505768,-0.3085409,-0.03399408,324.0508,175.7334,0.5252205,7.0,DB
2025-06-04 15:59:44.405,2764,0.007807558,-0.9521586,-0.3035821,-0.03422396,324.6443,175.7506,0.415298,7.0,DB
2025-06-04 15:59:44.426,2765,0.008160382,-0.9543743,-0.296544,-0.03413335,325.4876,175.8025,0.3245811,7.0,DB
2025-06-04 15:59:44.459,2766,0.00881034,-0.9555667,-0.2927032,-0.03375812,325.9449,175.8915,0.2022461,7.0,DB
2025-06-04 15:59:44.504,2767,0.009419126,-0.9583111,-0.2836194,-0.03333795,327.0287,175.9978,0.05857512,7.0,DB
2025-06-04 15:59:44.525,2768,0.01006399,-0.9610167,-0.2743733,-0.03263661,328.1288,176.1375,359.9033,7.0,DB
2025-06-04 15:59:44.571,2769,0.01014552,-0.9623716,-0.2696961,-0.03166011,328.6853,176.2776,359.8357,7.0,DB
2025-06-04 15:59:44.593,2770,0.0100731,-0.965547,-0.2581039,-0.03162846,330.0622,176.3029,359.7934,7.0,DB
2025-06-04 15:59:44.650,2771,0.00982101,-0.9665933,-0.2540425,-0.03261485,330.5442,176.1767,359.8411,7.0,DB
2025-06-04 15:59:44.687,2772,0.01039532,-0.9700648,-0.2404032,-0.03275322,332.1542,176.2034,359.7136,7.0,DB
2025-06-04 15:59:44.715,2773,0.01042389,-0.9710972,-0.2362194,-0.03259161,332.6475,176.2317,359.6873,7.0,DB
2025-06-04 15:59:44.749,2774,0.01084249,-0.9728247,-0.2290149,-0.03235656,333.4944,176.2847,359.5982,7.0,DB
2025-06-04 15:59:44.793,2775,0.01204992,-0.9753937,-0.2178304,-0.03181414,334.8045,176.4002,359.3892,7.0,DB
2025-06-04 15:59:44.815,2776,0.01248795,-0.9776829,-0.2073447,-0.03144285,336.0324,176.4674,359.2865,7.0,DB
2025-06-04 15:59:44.860,2777,0.01288338,-0.9789948,-0.2011546,-0.03066274,336.756,176.5774,359.1962,7.0,DB
2025-06-04 15:59:44.904,2778,0.01267141,-0.9812904,-0.1896644,-0.03059569,338.0988,176.5868,359.181,7.0,DB
2025-06-04 15:59:44.915,2779,0.01300751,-0.9827441,-0.1819156,-0.03084901,339.0008,176.5672,359.1198,7.0,DB
2025-06-04 15:59:44.973,2780,0.01320868,-0.984382,-0.172612,-0.03198198,340.0819,176.4384,359.088,7.0,DB
2025-06-04 15:59:45.012,2781,0.01352661,-0.9871269,-0.1561291,-0.03195717,341.9948,176.4512,358.9923,7.0,DB
2025-06-04 15:59:45.048,2782,0.01345499,-0.9882351,-0.1490089,-0.03173218,342.8206,176.477,358.9722,7.0,DB
2025-06-04 15:59:45.082,2783,0.01367293,-0.9907075,-0.1317008,-0.03109402,344.8229,176.5542,358.8778,7.0,DB
2025-06-04 15:59:45.104,2784,0.01382668,-0.9924815,-0.1176433,-0.03081793,346.4455,176.5844,358.8097,7.0,DB
2025-06-04 15:59:45.149,2785,0.01406054,-0.9939256,-0.1048058,-0.03049785,347.9248,176.6186,358.7368,7.0,DB
2025-06-04 15:59:45.170,2786,0.01478438,-0.9960904,-0.08174403,-0.03005832,350.5761,176.6606,358.5746,7.0,DB
2025-06-04 15:59:45.216,2787,0.01530526,-0.9966629,-0.07429555,-0.03015076,351.43,176.6475,358.4917,7.0,DB
2025-06-04 15:59:45.260,2788,0.01630566,-0.9981938,-0.04973207,-0.02950313,354.2466,176.6998,358.2942,7.0,DB
2025-06-04 15:59:45.281,2789,0.01657809,-0.9988656,-0.0338228,-0.02913872,356.0702,176.7195,358.2109,7.0,DB
2025-06-04 15:59:45.337,2790,0.01707297,-0.9992586,-0.01924615,-0.02864729,357.7396,176.7531,358.1064,7.0,DB
2025-06-04 15:59:45.373,2791,0.0179653,-0.9994123,0.00718319,-0.02830132,0.7644086,176.742,357.9186,7.0,DB
2025-06-04 15:59:45.408,2792,0.02255281,-0.9986457,0.03556826,-0.03054909,3.994588,176.4011,357.287,7.0,DB
2025-06-04 15:59:45.437,2793,0.02654012,-0.9983265,0.04041789,-0.03172239,4.532046,176.2336,356.8053,7.0,DB
2025-06-04 15:59:45.459,2794,0.03402038,-0.9976035,0.04919075,-0.03478852,5.49614,175.8083,355.8924,7.0,DB
2025-06-04 15:59:45.516,2795,0.03723273,-0.9972086,0.05398298,-0.03570643,6.027491,175.6613,355.495,7.0,DB
2025-06-04 15:59:45.537,2796,0.04766253,-0.9955408,0.07126037,-0.03935892,7.939842,175.0674,354.1755,7.0,DB
2025-06-04 15:59:45.582,2797,0.05286185,-0.994543,0.08011829,-0.04088169,8.919116,174.7854,353.508,7.0,DB
2025-06-04 15:59:45.627,2798,0.06062095,-0.9927912,0.09382915,-0.04343927,10.43027,174.3029,352.4912,7.0,DB
2025-06-04 15:59:45.669,2799,0.07274064,-0.9892136,0.1187269,-0.04548853,13.19552,173.6745,350.8564,7.0,DB
2025-06-04 15:59:45.693,2800,0.08158316,-0.9860137,0.1378719,-0.04596449,15.33055,173.2629,349.6324,7.0,DB
2025-06-04 15:59:45.744,2801,0.09065713,-0.9819586,0.1596913,-0.04513892,17.7844,172.9055,348.3391,7.0,DB
2025-06-04 15:59:45.759,2802,0.09962153,-0.9775853,0.180377,-0.04320612,20.12438,172.6319,347.0534,7.0,DB
2025-06-04 15:59:45.804,2803,0.1068549,-0.9736082,0.1975545,-0.04051786,22.0875,172.4894,346.0057,7.0,DB
2025-06-04 15:59:45.849,2804,0.1177917,-0.9673558,0.2216379,-0.03499573,24.87001,172.4045,344.4377,7.0,DB
2025-06-04 15:59:45.870,2805,0.12951,-0.9602513,0.2456831,-0.02801275,27.68298,172.3792,342.7573,7.0,DB
2025-06-04 15:59:45.916,2806,0.1373585,-0.9557894,0.2590044,-0.02272056,29.26605,172.4523,341.6705,7.0,DB
2025-06-04 15:59:45.960,2807,0.1463016,-0.9509909,0.2719728,-0.01559748,30.8454,172.6896,340.489,7.0,DB
2025-06-04 15:59:46.005,2808,0.1549992,-0.9460963,0.2842962,-0.007266477,32.39075,173.0702,339.3768,7.0,DB
2025-06-04 15:59:46.026,2809,0.1648191,-0.940194,0.2981032,0.002126034,34.14233,173.4599,338.1034,7.0,DB
2025-06-04 15:59:46.071,2810,0.1682352,-0.9388916,0.3002355,0.006205982,34.46239,173.7775,337.7509,7.0,DB
2025-06-04 15:59:46.116,2811,0.1799681,-0.9333301,0.3100992,0.01857998,35.84096,174.5542,336.4096,7.0,DB
2025-06-04 15:59:46.137,2812,0.1855437,-0.9309161,0.3135871,0.02513811,36.38264,175.043,335.826,7.0,DB
2025-06-04 15:59:46.181,2813,0.1898971,-0.9306152,0.3113897,0.03051479,36.23917,175.6292,335.5027,7.0,DB
2025-06-04 15:59:46.227,2814,0.1967726,-0.9273404,0.3160423,0.03791652,36.94725,176.1218,334.7441,7.0,DB
2025-06-04 15:59:46.271,2815,0.2013956,-0.9263291,0.3150787,0.04560486,37.02061,176.9544,334.4483,7.0,DB
2025-06-04 15:59:46.303,2816,0.2077734,-0.9247751,0.3142757,0.05340824,37.11825,177.7133,333.9069,7.0,DB
2025-06-04 15:59:46.350,2817,0.2105548,-0.9252326,0.3104914,0.05662693,36.75536,178.1429,333.7421,7.0,DB
2025-06-04 15:59:46.397,2818,0.2170967,-0.9243674,0.3069155,0.06493819,36.55549,179.0579,333.255,7.0,DB
2025-06-04 15:59:46.414,2819,0.2209024,-0.9240751,0.303844,0.07047237,36.34772,179.7157,333.0179,7.0,DB
2025-06-04 15:59:46.460,2820,0.2219445,-0.9248223,0.3002145,0.0729098,35.9907,180.113,333.0467,7.0,DB
2025-06-04 15:59:46.505,2821,0.2248976,-0.9244242,0.2983041,0.07665496,35.87353,180.5337,332.8257,7.0,DB
2025-06-04 15:59:46.525,2822,0.2275551,-0.9240361,0.2966313,0.0799133,35.77228,180.8959,332.6201,7.0,DB
2025-06-04 15:59:46.586,2823,0.2287473,-0.9242644,0.2945161,0.08167244,35.57627,181.1437,332.5652,7.0,DB
2025-06-04 15:59:46.616,2824,0.2329982,-0.9241353,0.2900876,0.08680706,35.21259,181.7719,332.2607,7.0,DB
2025-06-04 15:59:46.661,2825,0.2357398,-0.9238759,0.2879976,0.08909381,35.0404,182.0185,332.0085,7.0,DB
2025-06-04 15:59:46.701,2826,0.2385503,-0.9233662,0.2865186,0.09162828,34.94844,182.2734,331.7447,7.0,DB
2025-06-04 15:59:46.726,2827,0.2393869,-0.9233826,0.2855017,0.0924532,34.85619,182.3781,331.6787,7.0,DB
2025-06-04 15:59:46.771,2828,0.2410462,-0.9232705,0.2838648,0.09428372,34.72382,182.5976,331.5481,7.0,DB
2025-06-04 15:59:46.793,2829,0.2447359,-0.9229225,0.2804551,0.09830333,34.45739,183.0713,331.2494,7.0,DB
2025-06-04 15:59:46.837,2830,0.2457516,-0.9231687,0.2780097,0.1003823,34.23841,183.377,331.227,7.0,DB
2025-06-04 15:59:46.883,2831,0.2429067,-0.9253922,0.2703357,0.1075387,33.54396,184.659,331.9893,7.0,DB
2025-06-04 15:59:46.905,2832,0.2401239,-0.9271258,0.2636196,0.1152535,32.96777,185.9594,332.724,7.0,DB
2025-06-04 15:59:46.964,2833,0.2380009,-0.9281139,0.2598655,0.1201264,32.65299,186.7722,333.2204,7.0,DB
2025-06-04 15:59:46.982,2834,0.2320836,-0.9307869,0.2489729,0.1333629,31.6941,188.9724,334.5503,7.0,DB
2025-06-04 15:59:47.026,2835,0.2295825,-0.9320751,0.2432892,0.1390627,31.15669,189.9268,335.0994,7.0,DB
2025-06-04 15:59:47.071,2836,0.2259592,-0.9338737,0.2336194,0.1491468,30.24801,191.5519,335.9283,7.0,DB
2025-06-04 15:59:47.093,2837,0.222321,-0.9351366,0.2240974,0.1608523,29.38298,193.3499,336.7683,7.0,DB
2025-06-04 15:59:47.150,2838,0.2204399,-0.93582,0.2185631,0.166966,28.86079,194.2878,337.1848,7.0,DB
2025-06-04 15:59:47.171,2839,0.2153741,-0.936707,0.2056334,0.1841444,27.68151,196.8306,338.2773,7.0,DB
2025-06-04 15:59:47.229,2840,0.2143221,-0.9366792,0.2025471,0.1888728,27.41309,197.5045,338.5247,7.0,DB
2025-06-04 15:59:47.260,2841,0.2107171,-0.9366786,0.1921783,0.2032221,26.46578,199.5606,339.2858,7.0,DB
2025-06-04 15:59:47.283,2842,0.2084978,-0.9363623,0.1843247,0.2139603,25.74774,201.0708,339.7616,7.0,DB
2025-06-04 15:59:47.327,2843,0.207787,-0.9357309,0.1799738,0.2210021,25.38234,202.0246,339.9789,7.0,DB
2025-06-04 15:59:47.376,2844,0.2055336,-0.934467,0.171033,0.2351069,24.60084,203.9501,340.4867,7.0,DB
2025-06-04 15:59:47.414,2845,0.2031242,-0.9319487,0.1563753,0.2564355,23.30615,206.8248,341.0396,7.0,DB
2025-06-04 15:59:47.451,2846,0.2031986,-0.9309967,0.1521581,0.2623042,22.94934,207.5962,341.0834,7.0,DB
2025-06-04 15:59:47.483,2847,0.2021704,-0.9289112,0.1421631,0.2757552,22.0622,209.3903,341.2964,7.0,DB
2025-06-04 15:59:47.504,2848,0.2018171,-0.9255503,0.1305997,0.2925239,21.0895,211.5919,341.4271,7.0,DB
2025-06-04 15:59:47.549,2849,0.2020133,-0.9238821,0.1259897,0.2995985,20.72267,212.5106,341.4352,7.0,DB
2025-06-04 15:59:47.594,2850,0.203681,-0.9182341,0.1109354,0.3210199,19.54217,215.2837,341.2561,7.0,DB
2025-06-04 15:59:47.616,2851,0.2047519,-0.9128703,0.09733974,0.3395137,18.46645,217.6972,341.0688,7.0,DB
2025-06-04 15:59:47.660,2852,0.2059825,-0.9109583,0.09273027,0.3451483,18.1277,218.424,340.8812,7.0,DB
2025-06-04 15:59:47.704,2853,0.2090871,-0.904701,0.08068225,0.3623388,17.30795,220.6451,340.426,7.0,DB
2025-06-04 15:59:47.747,2854,0.2116264,-0.8988186,0.0683916,0.3777066,16.4279,222.664,339.9551,7.0,DB
2025-06-04 15:59:47.772,2855,0.2122741,-0.8950703,0.05960734,0.3876031,15.73935,223.9955,339.7086,7.0,DB
2025-06-04 15:59:47.816,2856,0.2175793,-0.8828157,0.03422078,0.4148794,13.94318,227.682,338.4957,7.0,DB
2025-06-04 15:59:47.837,2857,0.2214161,-0.8742474,0.01790431,0.431678,12.85394,230.0009,337.5894,7.0,DB
2025-06-04 15:59:47.883,2858,0.2240349,-0.8683063,0.007341527,0.4424916,12.18192,231.5152,336.9598,7.0,DB
2025-06-04 15:59:47.931,2859,0.2281129,-0.857137,-0.01213335,0.461664,10.94246,234.2636,335.814,7.0,DB
2025-06-04 15:59:47.949,2860,0.2313779,-0.8480241,-0.0273827,0.4759935,10.01036,236.3725,334.8515,7.0,DB
2025-06-04 15:59:47.994,2861,0.2356533,-0.8347642,-0.04899335,0.4952133,8.719742,239.2943,333.4408,7.0,DB
2025-06-04 15:59:48.039,2862,0.2390089,-0.8244312,-0.06498318,0.5088864,7.822717,241.4404,332.3186,7.0,DB
2025-06-04 15:59:48.060,2863,0.2421076,-0.813205,-0.0822256,0.5228008,6.858375,243.7041,331.1055,7.0,DB
2025-06-04 15:59:48.105,2864,0.2433255,-0.8062378,-0.09319458,0.5311199,6.211337,245.1071,330.3795,7.0,DB
2025-06-04 15:59:48.150,2865,0.246583,-0.7874454,-0.1211696,0.5517651,4.662313,248.7187,328.4133,7.0,DB
2025-06-04 15:59:48.172,2866,0.2484575,-0.7682673,-0.1486359,0.5709131,3.17071,252.2781,326.4733,7.0,DB
2025-06-04 15:59:48.217,2867,0.2486548,-0.7633705,-0.155749,0.5754813,2.774428,253.174,325.9754,7.0,DB
2025-06-04 15:59:48.261,2868,0.2492642,-0.7480159,-0.1768849,0.5891108,1.665424,255.9113,324.4395,7.0,DB
2025-06-04 15:59:48.283,2869,0.2490419,-0.7300526,-0.2009248,0.6038467,0.4236993,259.0471,322.6776,7.0,DB
2025-06-04 15:59:48.328,2870,0.2485837,-0.7245899,-0.2079248,0.6082295,0.06139658,260.0,322.1806,7.0,DB
2025-06-04 15:59:48.361,2871,0.2464499,-0.7019095,-0.2371013,0.6247948,358.574,263.8655,320.0253,7.0,DB
2025-06-04 15:59:48.406,2872,0.2455654,-0.6976744,-0.2424745,0.6278172,358.2811,264.5978,319.6541,7.0,DB
2025-06-04 15:59:48.428,2873,0.2433841,-0.6832126,-0.2609338,0.6371015,357.3391,267.0143,318.2588,7.0,DB
2025-06-04 15:59:48.484,2874,0.2404228,-0.6663154,-0.2808952,0.6475483,356.3904,269.7957,316.7218,7.0,DB
2025-06-04 15:59:48.517,2875,0.2353778,-0.6576971,-0.2844831,0.6565831,356.2664,271.3818,316.7926,7.0,DB
2025-06-04 15:59:48.538,2876,0.2234244,-0.6446919,-0.2815859,0.6746582,356.4682,273.9588,317.987,7.0,DB
2025-06-04 15:59:48.583,2877,0.2181805,-0.6398538,-0.2806131,0.6813522,356.4576,274.9412,318.4811,7.0,DB
2025-06-04 15:59:48.628,2878,0.2106777,-0.6312674,-0.2786534,0.6924369,356.5575,276.5713,319.2268,7.0,DB
2025-06-04 15:59:48.650,2879,0.1964891,-0.6139323,-0.2742063,0.7136458,356.7759,279.7428,320.681,7.0,DB
2025-06-04 15:59:48.695,2880,0.1895283,-0.604754,-0.2721821,0.7240639,356.8618,281.3615,321.3672,7.0,DB
2025-06-04 15:59:48.743,2881,0.1785916,-0.5895541,-0.268426,0.7405934,357.0207,283.9685,322.4834,7.0,DB
2025-06-04 15:59:48.760,2882,0.1707075,-0.5787558,-0.266032,0.7517499,357.0608,285.7928,323.2473,7.0,DB
2025-06-04 15:59:48.817,2883,0.1668548,-0.5736124,-0.2650955,0.7568705,357.0451,286.6568,323.5946,7.0,DB
2025-06-04 15:59:48.837,2884,0.1505276,-0.5502307,-0.2611413,0.7787125,356.9653,290.4669,325.029,7.0,DB
2025-06-04 15:59:48.892,2885,0.1451352,-0.5419714,-0.2603436,0.7857633,356.898,291.7742,325.4388,7.0,DB
2025-06-04 15:59:48.916,2886,0.13181,-0.5212049,-0.2577588,0.8028277,356.7296,295.0008,326.4839,7.0,DB
2025-06-04 15:59:48.965,2887,0.1241438,-0.508292,-0.2566139,0.8126359,356.6117,296.9522,327.0285,7.0,DB
2025-06-04 15:59:48.982,2888,0.1113217,-0.4870049,-0.2551975,0.8278335,356.316,300.1261,327.856,7.0,DB
2025-06-04 15:59:49.027,2889,0.1076942,-0.4795702,-0.2543888,0.8328871,356.2961,301.1922,328.1194,7.0,DB
2025-06-04 15:59:49.071,2890,0.09693104,-0.4615211,-0.2538048,0.8445034,355.9541,303.8205,328.705,7.0,DB
2025-06-04 15:59:49.093,2891,0.07968715,-0.4313739,-0.2540461,0.8619903,355.308,308.1121,329.4411,7.0,DB
2025-06-04 15:59:49.138,2892,0.07544295,-0.4243016,-0.2546869,0.8656855,355.0948,309.1139,329.5468,7.0,DB
2025-06-04 15:59:49.183,2893,0.06398746,-0.4050412,-0.2561784,0.87534,354.5197,311.8161,329.8266,7.0,DB
2025-06-04 15:59:49.203,2894,0.05243749,-0.3845373,-0.2590131,0.8844739,353.8898,314.6485,329.9102,7.0,DB
2025-06-04 15:59:49.261,2895,0.04874089,-0.3759704,-0.2596916,0.8881617,353.76,315.7899,329.9395,7.0,DB
2025-06-04 15:59:49.293,2896,0.03179184,-0.3432654,-0.2648367,0.9005665,352.8448,320.2014,329.8181,7.0,DB
2025-06-04 15:59:49.315,2897,0.01919489,-0.3217012,-0.2693779,0.9075107,352.0401,323.1289,329.5921,7.0,DB
2025-06-04 15:59:49.360,2898,0.01222575,-0.3099381,-0.2728069,0.9106951,351.5562,324.7288,329.3365,7.0,DB
2025-06-04 15:59:49.407,2899,0.001075631,-0.2908307,-0.2785575,0.9153264,350.7898,327.3184,328.853,7.0,DB
2025-06-04 15:59:49.438,2900,-0.00749346,-0.2761475,-0.2824419,0.9186476,350.2262,329.3001,328.5085,7.0,DB
2025-06-04 15:59:49.459,2901,-0.02142894,-0.2535461,-0.2895974,0.9227073,349.2574,332.3796,327.7984,7.0,DB
2025-06-04 15:59:49.505,2902,-0.02974486,-0.2393653,-0.2944201,0.9247358,348.6992,334.3043,327.2642,7.0,DB
2025-06-04 15:59:49.549,2903,-0.03797101,-0.2273989,-0.2984735,0.9261543,348.1073,335.9654,326.815,7.0,DB
2025-06-04 15:59:49.571,2904,-0.06020021,-0.1951464,-0.3106264,0.9283347,346.5258,340.481,325.3269,7.0,DB
2025-06-04 15:59:49.615,2905,-0.06500967,-0.1884193,-0.313357,0.9284824,346.1839,341.4364,324.9702,7.0,DB
2025-06-04 15:59:49.637,2906,-0.0751688,-0.1747788,-0.3187741,0.9285393,345.4619,343.393,324.2376,7.0,DB
2025-06-04 15:59:49.693,2907,-0.08277912,-0.1652997,-0.3225241,0.928333,344.911,344.7778,323.711,7.0,DB
2025-06-04 15:59:49.715,2908,-0.1053774,-0.1371996,-0.3343682,0.9264286,343.3216,348.9415,321.9347,7.0,DB
2025-06-04 15:59:49.767,2909,-0.1103649,-0.1315943,-0.3368497,0.9257619,342.9625,349.801,321.5426,7.0,DB
2025-06-04 15:59:49.805,2910,-0.1243154,-0.1159485,-0.3436303,0.9235908,341.9818,352.2194,320.4191,7.0,DB
2025-06-04 15:59:49.838,2911,-0.1341284,-0.1044192,-0.3483835,0.9218108,341.3348,353.9986,319.5806,7.0,DB
2025-06-04 15:59:49.848,2912,-0.1460399,-0.09173725,-0.3539821,0.9192135,340.5229,356.0307,318.5589,7.0,DB
2025-06-04 15:59:49.910,2913,-0.1500722,-0.08701233,-0.35566,0.9183754,340.273,356.768,318.2222,7.0,DB
2025-06-04 15:59:49.927,2914,-0.1649203,-0.07226385,-0.3625425,0.9144081,339.2675,359.2295,316.8865,7.0,DB
2025-06-04 15:59:49.971,2915,-0.1696762,-0.06746247,-0.3635666,0.9134978,338.958,0.007583923,316.5941,7.0,DB
2025-06-04 15:59:50.004,2916,-0.1945276,-0.02746438,-0.3566353,0.9133544,337.9797,5.483078,316.2744,7.0,DB
2025-06-04 15:59:50.126,2917,-0.200663,-0.01415463,-0.3526312,0.9138849,337.8676,7.171975,316.3964,7.0,DB
2025-06-04 15:59:50.137,2918,-0.2419169,0.07270056,-0.3230819,0.9120358,336.7779,18.32464,317.1911,7.0,DB
2025-06-04 15:59:50.150,2919,-0.2494691,0.09106401,-0.3155354,0.9109941,336.6054,20.62886,317.4758,7.0,DB
2025-06-04 15:59:50.197,2920,-0.2553781,0.1064935,-0.3086439,0.9100441,336.4797,22.5392,317.7799,7.0,DB
2025-06-04 15:59:50.231,2921,-0.2631913,0.1313116,-0.2974168,0.9083122,336.4211,25.53678,318.3231,7.0,DB
2025-06-04 15:59:50.265,2922,-0.2740627,0.1704012,-0.2782153,0.904682,336.3554,30.20165,319.3463,7.0,DB
2025-06-04 15:59:50.298,2923,-0.2770658,0.1837747,-0.2712804,0.9032544,336.371,31.76614,319.7539,7.0,DB
2025-06-04 15:59:50.332,2924,-0.2836233,0.2186327,-0.2526894,0.8988358,336.4612,35.80643,320.8941,7.0,DB
2025-06-04 15:59:50.365,2925,-0.2869244,0.2452792,-0.2382647,0.8948421,336.6329,38.83918,321.841,7.0,DB
2025-06-04 15:59:50.422,2926,-0.2874722,0.2562647,-0.232641,0.8930658,336.7822,40.0609,322.2319,7.0,DB
2025-06-04 15:59:50.443,2927,-0.2893878,0.3004939,-0.2067991,0.8849816,337.1747,44.98404,324.1391,7.0,DB
2025-06-04 15:59:50.478,2928,-0.2891727,0.3104953,-0.2010943,0.8829117,337.3097,46.082,324.5829,7.0,DB
2025-06-04 15:59:50.511,2929,-0.2877778,0.3365125,-0.1859108,0.8771435,337.6835,48.92068,325.8121,7.0,DB
2025-06-04 15:59:50.569,2930,-0.2845302,0.363839,-0.1697611,0.870543,338.1696,51.85762,327.2181,7.0,DB
2025-06-04 15:59:50.589,2931,-0.2792528,0.3961012,-0.1501973,0.8617209,338.7592,55.32709,328.9977,7.0,DB
2025-06-04 15:59:50.623,2932,-0.2777263,0.4034399,-0.1458414,0.8595551,338.9142,56.11414,329.4106,7.0,DB
2025-06-04 15:59:50.668,2933,-0.2751667,0.4129469,-0.1403775,0.8567685,339.1715,57.11177,329.9663,7.0,DB
2025-06-04 15:59:50.700,2934,-0.2673115,0.4432341,-0.1221842,0.8468526,339.8527,60.36781,331.7812,7.0,DB
2025-06-04 15:59:50.734,2935,-0.2651441,0.4491413,-0.1184905,0.8449444,340.024,60.97908,332.1943,7.0,DB
2025-06-04 15:59:50.783,2936,-0.2606705,0.4657407,-0.1090501,0.838597,340.39,62.82137,333.1331,7.0,DB
2025-06-04 15:59:50.824,2937,-0.2560405,0.4730576,-0.1048585,0.8364596,340.7842,63.50127,333.7489,7.0,DB
2025-06-04 15:59:50.845,2938,-0.2503071,0.4904991,-0.09473243,0.8293267,341.2015,65.43736,334.826,7.0,DB
2025-06-04 15:59:50.902,2939,-0.2473141,0.4990316,-0.08910322,0.8257506,341.3668,66.384,335.4314,7.0,DB
2025-06-04 15:59:50.923,2940,-0.2404806,0.518334,-0.07874586,0.8168833,341.8651,68.58407,336.5651,7.0,DB
2025-06-04 15:59:50.969,2941,-0.2384074,0.5224517,-0.07620791,0.8151066,341.9995,69.02676,336.886,7.0,DB
2025-06-04 15:59:50.989,2942,-0.2345543,0.5318774,-0.07138091,0.8105528,342.2836,70.10354,337.4551,7.0,DB
2025-06-04 15:59:51.046,2943,-0.2305626,0.5399783,-0.06762157,0.8066547,342.606,71.00964,337.9601,7.0,DB
2025-06-04 15:59:51.067,2944,-0.225944,0.5511281,-0.06288736,0.8007825,342.9896,72.31998,338.5451,7.0,DB
2025-06-04 15:59:51.100,2945,-0.2235317,0.5543972,-0.06126039,0.7993277,343.1765,72.65564,338.8233,7.0,DB
2025-06-04 15:59:51.157,2946,-0.2184793,0.5630844,-0.0570034,0.7949551,343.5507,73.62365,339.4489,7.0,DB
2025-06-04 15:59:51.178,2947,-0.2138449,0.5728797,-0.05258093,0.7895028,343.8939,74.78391,340.0352,7.0,DB
2025-06-04 15:59:51.211,2948,-0.2110922,0.5771111,-0.05086461,0.7872711,344.1176,75.25719,340.3311,7.0,DB
2025-06-04 15:59:51.267,2949,-0.2068085,0.5831228,-0.04870543,0.7841085,344.4834,75.92082,340.7566,7.0,DB
2025-06-04 15:59:51.291,2950,-0.2032516,0.5911887,-0.04593811,0.77915,344.7868,76.92066,341.1414,7.0,DB
2025-06-04 15:59:51.322,2951,-0.2005271,0.5968574,-0.04370526,0.7756548,344.9947,77.619,341.457,7.0,DB
2025-06-04 15:59:51.367,2952,-0.1984594,0.5990222,-0.04316828,0.774547,345.1841,77.84402,341.6324,7.0,DB
2025-06-04 15:59:51.400,2953,-0.1954255,0.6049992,-0.04119986,0.7707707,345.4394,78.58426,341.945,7.0,DB
2025-06-04 15:59:51.446,2954,-0.1923311,0.61077,-0.03994295,0.767055,345.7434,79.30067,342.2039,7.0,DB
2025-06-04 15:59:51.466,2955,-0.1892818,0.6163661,-0.03864041,0.7633952,346.0332,79.99904,342.4682,7.0,DB
2025-06-04 15:59:51.523,2956,-0.1883774,0.6181284,-0.03790646,0.7622299,346.0951,80.22151,342.5757,7.0,DB
2025-06-04 15:59:51.544,2957,-0.1851635,0.6247981,-0.03686641,0.7576165,346.438,81.08286,342.8137,7.0,DB
2025-06-04 15:59:51.577,2958,-0.1830621,0.6270017,-0.03671091,0.7563131,346.6518,81.32742,342.962,7.0,DB
2025-06-04 15:59:51.634,2959,-0.1819272,0.6309862,-0.03485212,0.7533554,346.6953,81.8763,343.1493,7.0,DB
2025-06-04 15:59:51.655,2960,-0.1797448,0.6376129,-0.03380186,0.748331,346.9435,82.78872,343.3078,7.0,DB
2025-06-04 15:59:51.688,2961,-0.1794346,0.638655,-0.03338596,0.7475349,346.9605,82.93369,343.3517,7.0,DB
2025-06-04 15:59:51.747,2962,-0.1770091,0.6436422,-0.03345638,0.7438234,347.2758,83.59683,343.4637,7.0,DB
2025-06-04 15:59:51.781,2963,-0.1759492,0.647092,-0.03320681,0.7410879,347.4195,84.08211,343.5164,7.0,DB
2025-06-04 15:59:51.823,2964,-0.1744888,0.649121,-0.03236788,0.7396946,347.519,84.33428,343.6768,7.0,DB
2025-06-04 15:59:51.845,2965,-0.1728218,0.6546046,-0.03169927,0.7352692,347.7229,85.11249,343.7839,7.0,DB
2025-06-04 15:59:51.878,2966,-0.1712461,0.6555657,-0.03144106,0.7347925,347.852,85.19924,343.9228,7.0,DB
2025-06-04 15:59:51.934,2967,-0.1681108,0.6596672,-0.03166771,0.73183,348.2128,85.71419,344.1023,7.0,DB
2025-06-04 15:59:51.955,2968,-0.1666195,0.6637736,-0.03148733,0.7284582,348.4075,86.29594,344.1791,7.0,DB
2025-06-04 15:59:52.003,2969,-0.1651562,0.6656784,-0.03117277,0.7270655,348.5416,86.53749,344.2998,7.0,DB
2025-06-04 15:59:52.039,2970,-0.1627927,0.6681272,-0.0310755,0.7253546,348.7763,86.83186,344.4705,7.0,DB
2025-06-04 15:59:52.067,2971,-0.1611729,0.6708686,-0.03209913,0.7231379,349.0453,87.20247,344.4814,7.0,DB
2025-06-04 15:59:52.099,2972,-0.1602272,0.6708611,-0.03339524,0.7232964,349.2236,87.16746,344.4537,7.0,DB
2025-06-04 15:59:52.156,2973,-0.1584683,0.670692,-0.0346972,0.7237793,349.4642,87.0778,344.4964,7.0,DB
2025-06-04 15:59:52.178,2974,-0.1604773,0.6712437,-0.03941796,0.7225823,349.6886,87.24098,343.9262,7.0,DB
2025-06-04 15:59:52.210,2975,-0.1606584,0.6709567,-0.04053206,0.7227471,349.756,87.20343,343.8221,7.0,DB
2025-06-04 15:59:52.267,2976,-0.16282,0.6706825,-0.04313869,0.7223668,349.7836,87.24232,343.4264,7.0,DB
2025-06-04 15:59:52.304,2977,-0.1645877,0.6707348,-0.04506113,0.7218002,349.7961,87.31805,343.1161,7.0,DB
2025-06-04 15:59:52.344,2978,-0.1667749,0.6708506,-0.04934257,0.72091,349.9646,87.42198,342.5732,7.0,DB
2025-06-04 15:59:52.366,2979,-0.1681231,0.672031,-0.05331428,0.7192127,350.202,87.6609,342.1133,7.0,DB
2025-06-04 15:59:52.411,2980,-0.1682958,0.672884,-0.05483214,0.7182599,350.3303,87.80202,341.9616,7.0,DB
2025-06-04 15:59:52.443,2981,-0.171299,0.6742029,-0.05946524,0.7159407,350.4972,88.12824,341.3052,7.0,DB
2025-06-04 15:59:52.477,2982,-0.1722507,0.6743498,-0.06143042,0.7154079,350.5836,88.18974,341.0596,7.0,DB
2025-06-04 15:59:52.511,2983,-0.1740423,0.6751404,-0.06456097,0.7139514,350.7153,88.38644,340.6379,7.0,DB
2025-06-04 15:59:52.569,2984,-0.1764606,0.676401,-0.06873326,0.7117719,350.8966,88.68344,340.0711,7.0,DB
2025-06-04 15:59:52.588,2985,-0.1790671,0.6778207,-0.07314748,0.7093263,351.0906,89.0147,339.4666,7.0,DB
2025-06-04 15:59:52.645,2986,-0.1795027,0.678277,-0.07387675,0.7087041,351.129,89.10471,339.3637,7.0,DB
2025-06-04 15:59:52.680,2987,-0.1821702,0.6796516,-0.0783458,0.7062223,351.3262,89.4334,338.7506,7.0,DB
2025-06-04 15:59:52.711,2988,-0.1830571,0.6797696,-0.07992484,0.7057021,351.3901,89.48965,338.5431,7.0,DB
2025-06-04 15:59:52.744,2989,-0.1868444,0.6818686,-0.08575361,0.7019908,351.6407,89.98325,337.7139,7.0,DB
2025-06-04 15:59:52.791,2990,-0.1878331,0.6826776,-0.087662,0.7007037,351.7472,90.15398,337.4631,7.0,DB
2025-06-04 15:59:52.811,2991,-0.1901889,0.6841018,-0.09190658,0.6981307,351.9633,90.48224,336.8963,7.0,DB
2025-06-04 15:59:52.868,2992,-0.1919255,0.6851149,-0.09577839,0.6961384,352.185,90.71921,336.4189,7.0,DB
2025-06-04 15:59:52.887,2993,-0.1951887,0.6868687,-0.1009499,0.6927641,352.4286,91.14302,335.6949,7.0,DB
2025-06-04 15:59:52.946,2994,-0.1971625,0.6879237,-0.1025992,0.6909135,352.4562,91.40018,335.377,7.0,DB
2025-06-04 15:59:52.966,2995,-0.1998238,0.6891887,-0.1063929,0.6883096,352.621,91.72314,334.8228,7.0,DB
2025-06-04 15:59:53.023,2996,-0.2021003,0.6906773,-0.1089273,0.6857516,352.7202,92.06596,334.4023,7.0,DB
2025-06-04 15:59:53.044,2997,-0.2064547,0.6927699,-0.1144579,0.6814293,352.9473,92.60505,333.5504,7.0,DB
2025-06-04 15:59:53.089,2998,-0.2075619,0.6936054,-0.1157321,0.6800265,353.0069,92.79157,333.3415,7.0,DB
2025-06-04 15:59:53.134,2999,-0.2128439,0.6959226,-0.1214585,0.675009,353.2065,93.41916,332.3887,7.0,DB
2025-06-04 15:59:53.154,3000,-0.2149999,0.6968368,-0.123816,0.6729511,353.292,93.67239,331.9983,7.0,DB
2025-06-04 15:59:53.188,3001,-0.2173495,0.6986598,-0.1278487,0.6695436,353.5461,94.08196,331.4493,7.0,DB
2025-06-04 15:59:53.245,3002,-0.2191111,0.7002842,-0.1289304,0.6670603,353.5841,94.43334,331.19,7.0,DB
2025-06-04 15:59:53.265,3003,-0.2221503,0.7018507,-0.1324753,0.6637056,353.7464,94.84109,330.6199,7.0,DB
2025-06-04 15:59:53.323,3004,-0.2245131,0.7020687,-0.1355887,0.6620492,353.8638,94.99751,330.1566,7.0,DB
2025-06-04 15:59:53.360,3005,-0.2289614,0.7049933,-0.142076,0.6560303,354.2559,95.70327,329.2152,7.0,DB
2025-06-04 15:59:53.402,3006,-0.2301013,0.7062867,-0.1440042,0.6538162,354.4064,95.97359,328.9494,7.0,DB
2025-06-04 15:59:53.422,3007,-0.2344518,0.7091078,-0.1501737,0.6478015,354.7917,96.66603,328.045,7.0,DB
2025-06-04 15:59:53.454,3008,-0.2364395,0.7104591,-0.1524823,0.6450531,354.9303,96.99529,327.6716,7.0,DB
2025-06-04 15:59:53.511,3009,-0.2386773,0.7124167,-0.1564602,0.6411052,355.2329,97.43818,327.1414,7.0,DB
2025-06-04 15:59:53.532,3010,-0.243284,0.7152396,-0.1619361,0.6348403,355.5697,98.15974,326.2701,7.0,DB
2025-06-04 15:59:53.589,3011,-0.2455537,0.7158784,-0.163746,0.6327789,355.623,98.39417,325.9139,7.0,DB
2025-06-04 15:59:53.610,3012,-0.2506663,0.7190565,-0.1697287,0.6255529,356.0135,99.21497,324.9547,7.0,DB
2025-06-04 15:59:53.654,3013,-0.2520739,0.7200397,-0.1712534,0.6234373,356.1189,99.46085,324.6996,7.0,DB
2025-06-04 15:59:53.687,3014,-0.2545436,0.7215795,-0.1740557,0.6198673,356.309,99.86306,324.2435,7.0,DB
2025-06-04 15:59:53.720,3015,-0.2570716,0.7230526,-0.1761365,0.6165106,356.4303,100.2607,323.8375,7.0,DB
2025-06-04 15:59:53.778,3016,-0.260056,0.725073,-0.1787999,0.6121037,356.6132,100.7805,323.3411,7.0,DB
2025-06-04 15:59:53.816,3017,-0.2643582,0.7280173,-0.1833925,0.60537,356.9594,101.5411,322.5686,7.0,DB
2025-06-04 15:59:53.855,3018,-0.2662629,0.7291253,-0.184767,0.6027784,357.0446,101.8478,322.2774,7.0,DB
2025-06-04 15:59:53.876,3019,-0.2725731,0.7330506,-0.1912797,0.5930878,357.5422,102.9161,321.1644,7.0,DB
2025-06-04 15:59:53.932,3020,-0.2735801,0.7343913,-0.1916004,0.5908577,357.6001,103.2119,321.0385,7.0,DB
2025-06-04 15:59:53.953,3021,-0.2790262,0.7375937,-0.196535,0.582644,357.9816,104.1199,320.1311,7.0,DB
2025-06-04 15:59:54.011,3022,-0.2800709,0.7391052,-0.1996641,0.5791529,358.3232,104.4502,319.7929,7.0,DB
2025-06-04 15:59:54.031,3023,-0.2845183,0.7420847,-0.2034872,0.5717978,358.6612,105.2691,319.0683,7.0,DB
2025-06-04 15:59:54.091,3024,-0.2875399,0.7438191,-0.2032759,0.5680959,358.6076,105.7817,318.7832,7.0,DB
2025-06-04 15:59:54.110,3025,-0.2928295,0.7472475,-0.2077205,0.5592177,359.0217,106.7561,317.9289,7.0,DB
2025-06-04 15:59:54.154,3026,-0.2941324,0.748001,-0.2083815,0.5572771,359.0782,106.9823,317.7504,7.0,DB
2025-06-04 15:59:54.202,3027,-0.298499,0.7511867,-0.2118814,0.5492935,359.4498,107.8653,317.058,7.0,DB
2025-06-04 15:59:54.221,3028,-0.2998156,0.7520743,-0.2128773,0.5469718,359.5541,108.1207,316.8537,7.0,DB
2025-06-04 15:59:54.276,3029,-0.3045605,0.7554231,-0.2166816,0.5381712,359.9749,109.0772,316.1027,7.0,DB
2025-06-04 15:59:54.296,3030,-0.3090605,0.7586973,-0.2200781,0.5295526,0.3791654,110.0163,315.4069,7.0,DB
2025-06-04 15:59:54.331,3031,-0.3100056,0.7596766,-0.2210495,0.5271861,0.5151517,110.2696,315.2427,7.0,DB
2025-06-04 15:59:54.390,3032,-0.3141711,0.7623583,-0.2243351,0.5194037,0.8986763,111.0898,314.5898,7.0,DB
2025-06-04 15:59:54.403,3033,-0.3171408,0.7646246,-0.2262007,0.513424,1.161,111.7486,314.1591,7.0,DB
2025-06-04 15:59:54.465,3034,-0.3189289,0.766094,-0.2275744,0.5095041,1.357784,112.1688,313.8826,7.0,DB
2025-06-04 15:59:54.485,3035,-0.3244841,0.7703555,-0.2315338,0.4976493,1.935139,113.4346,313.0467,7.0,DB
2025-06-04 15:59:54.542,3036,-0.3258207,0.7712534,-0.232322,0.4950108,2.050975,113.7183,312.857,7.0,DB
2025-06-04 15:59:54.573,3037,-0.3311983,0.7753878,-0.2357933,0.483201,2.61312,114.9784,312.076,7.0,DB
2025-06-04 15:59:54.594,3038,-0.3348201,0.7782373,-0.2379837,0.4749801,3.000793,115.8562,311.5619,7.0,DB
2025-06-04 15:59:54.650,3039,-0.3365392,0.7798285,-0.238948,0.4706517,3.204009,116.3258,311.3245,7.0,DB
2025-06-04 15:59:54.672,3040,-0.3408496,0.7834932,-0.2414952,0.4600438,3.715842,117.4548,310.7209,7.0,DB
2025-06-04 15:59:54.717,3041,-0.3425814,0.7850747,-0.2416633,0.4559548,3.844237,117.9345,310.5368,7.0,DB
2025-06-04 15:59:54.761,3042,-0.3461345,0.7882446,-0.2423658,0.4473481,4.151958,118.9173,310.135,7.0,DB
2025-06-04 15:59:54.802,3043,-0.3486539,0.7905921,-0.2431507,0.4407749,4.422482,119.6476,309.8324,7.0,DB
2025-06-04 15:59:54.827,3044,-0.3518165,0.7921736,-0.244026,0.4348996,4.623755,120.2828,309.4512,7.0,DB
2025-06-04 15:59:54.872,3045,-0.354152,0.7954764,-0.2459805,0.4257785,5.149959,121.2321,309.1007,7.0,DB
2025-06-04 15:59:54.894,3046,-0.3570397,0.7993934,-0.2467248,0.4154757,5.611211,122.3833,308.7777,7.0,DB
2025-06-04 15:59:54.950,3047,-0.3580661,0.8006048,-0.2464352,0.4124204,5.695805,122.7537,308.6971,7.0,DB
2025-06-04 15:59:54.971,3048,-0.3621213,0.8044033,-0.247438,0.400722,6.191964,124.0321,308.2355,7.0,DB
2025-06-04 15:59:55.029,3049,-0.3622186,0.8058359,-0.2485788,0.3970327,6.488404,124.386,308.1681,7.0,DB
2025-06-04 15:59:55.049,3050,-0.3523862,0.8142187,-0.2520305,0.3864618,7.934924,125.437,309.0979,7.0,DB
2025-06-04 15:59:55.108,3051,-0.3505271,0.8159001,-0.252653,0.3841928,8.217968,125.6697,309.2789,7.0,DB
2025-06-04 15:59:55.127,3052,-0.3422054,0.8226735,-0.2551379,0.3755111,9.368678,126.5653,310.1052,7.0,DB
2025-06-04 15:59:55.172,3053,-0.3394111,0.8247089,-0.2560704,0.3729386,9.741782,126.822,310.3757,7.0,DB
2025-06-04 15:59:55.216,3054,-0.3287878,0.8329433,-0.2592855,0.3617667,11.18931,127.9876,311.4466,7.0,DB
2025-06-04 15:59:55.237,3055,-0.3214536,0.8387181,-0.2616578,0.3532065,12.22993,128.8886,312.1944,7.0,DB
2025-06-04 15:59:55.295,3056,-0.3163886,0.8428271,-0.2631756,0.3468134,12.95392,129.5784,312.7298,7.0,DB
2025-06-04 15:59:55.315,3057,-0.3077777,0.8494387,-0.2655939,0.3364325,14.12975,130.7138,313.658,7.0,DB
2025-06-04 15:59:55.360,3058,-0.30277,0.8534203,-0.2664437,0.3301695,14.76447,131.4407,314.2438,7.0,DB
2025-06-04 15:59:55.405,3059,-0.2970066,0.8585245,-0.2673135,0.3213509,15.55146,132.4756,314.953,7.0,DB
2025-06-04 15:59:55.426,3060,-0.2893742,0.8641956,-0.2688902,0.3116518,16.52175,133.5997,315.8524,7.0,DB
2025-06-04 15:59:55.472,3061,-0.2856782,0.8676054,-0.2692623,0.3051998,17.02859,134.3759,316.3434,7.0,DB
2025-06-04 15:59:55.516,3062,-0.2747616,0.8758994,-0.2710132,0.2895828,18.39873,136.2455,317.7263,7.0,DB
2025-06-04 15:59:55.560,3063,-0.2685651,0.8801596,-0.2722169,0.2812298,19.1554,137.2456,318.5049,7.0,DB
2025-06-04 15:59:55.594,3064,-0.2656896,0.8826901,-0.2727138,0.2754902,19.5758,137.9341,318.9061,7.0,DB
2025-06-04 15:59:55.634,3065,-0.2526955,0.8916462,-0.2740743,0.2568963,21.03397,140.2657,320.6786,7.0,DB
2025-06-04 15:59:55.659,3066,-0.2499668,0.8937806,-0.2736533,0.2525603,21.27894,140.8528,321.1073,7.0,DB
2025-06-04 15:59:55.704,3067,-0.2438597,0.899191,-0.2720104,0.2408289,21.82184,142.4512,322.1547,7.0,DB
2025-06-04 15:59:55.726,3068,-0.2368299,0.9042175,-0.2719438,0.2287995,22.54566,144.0219,323.2395,7.0,DB
2025-06-04 15:59:55.771,3069,-0.2339632,0.9063603,-0.2721372,0.222966,22.89086,144.7636,323.6943,7.0,DB
2025-06-04 15:59:55.823,3070,-0.2236068,0.9142816,-0.2698802,0.2031105,23.74453,147.4794,325.4962,7.0,DB
2025-06-04 15:59:55.836,3071,-0.2162336,0.9197455,-0.2674877,0.1891078,24.22106,149.4502,326.8325,7.0,DB
2025-06-04 15:59:55.893,3072,-0.2144139,0.921575,-0.266576,0.1834768,24.37201,150.2142,327.2311,7.0,DB
2025-06-04 15:59:55.914,3073,-0.2055963,0.9278126,-0.2633378,0.1659739,24.86041,152.6915,328.8812,7.0,DB
2025-06-04 15:59:55.959,3074,-0.20396,0.9294495,-0.2617871,0.1612193,24.8896,153.3783,329.2686,7.0,DB
2025-06-04 15:59:56.004,3075,-0.1969988,0.934516,-0.2577678,0.1463806,25.09388,155.528,330.6659,7.0,DB
2025-06-04 15:59:56.024,3076,-0.1922236,0.9379399,-0.2543003,0.1365659,25.12119,156.9881,331.6424,7.0,DB
2025-06-04 15:59:56.083,3077,-0.1891849,0.9402195,-0.2512709,0.1306123,25.02918,157.9145,332.2858,7.0,DB
2025-06-04 15:59:56.103,3078,-0.1805879,0.9463148,-0.2436671,0.1118158,24.88424,160.7132,334.098,7.0,DB
2025-06-04 15:59:56.159,3079,-0.1787943,0.9480051,-0.2406719,0.1067535,24.71737,161.4845,334.548,7.0,DB
2025-06-04 15:59:56.181,3080,-0.171111,0.9538995,-0.2305322,0.08747546,24.19686,164.3683,336.2902,7.0,DB
2025-06-04 15:59:56.227,3081,-0.1693047,0.9558612,-0.2262848,0.08037722,23.91477,165.4096,336.8056,7.0,DB
2025-06-04 15:59:56.248,3082,-0.1653932,0.9587064,-0.2204987,0.07005388,23.55406,166.9326,337.6879,7.0,DB
2025-06-04 15:59:56.305,3083,-0.1607457,0.9625203,-0.2111716,0.05587694,22.8643,169.0229,338.8113,7.0,DB
2025-06-04 15:59:56.325,3084,-0.1559037,0.9659868,-0.2018436,0.04269324,22.12598,170.9684,339.8944,7.0,DB
2025-06-04 15:59:56.371,3085,-0.1546277,0.9671053,-0.1983799,0.03799096,21.83652,171.648,340.2182,7.0,DB
2025-06-04 15:59:56.415,3086,-0.1491085,0.970774,-0.1866264,0.02313611,20.82068,173.8229,341.3996,7.0,DB
2025-06-04 15:59:56.437,3087,-0.1438832,0.9740119,-0.1745724,0.01109873,19.68673,175.6231,342.434,7.0,DB
2025-06-04 15:59:56.481,3088,-0.1428406,0.9749985,-0.1700482,0.00764188,19.23299,176.1449,342.6771,7.0,DB
2025-06-04 15:59:56.527,3089,-0.1392137,0.9773157,-0.1595997,-0.001305034,18.19921,177.4729,343.3813,7.0,DB
2025-06-04 15:59:56.548,3090,-0.134881,0.9798386,-0.1469479,-0.01139809,16.92054,178.9636,344.1701,7.0,DB
2025-06-04 15:59:56.605,3091,-0.1319901,0.9816698,-0.1361775,-0.01894433,15.80496,180.0742,344.6948,7.0,DB
2025-06-04 15:59:56.649,3092,-0.1276613,0.9838881,-0.1216967,-0.02927079,14.29683,181.5686,345.4109,7.0,DB
2025-06-04 15:59:56.670,3093,-0.1222304,0.9862487,-0.1033378,-0.04116812,12.35085,183.283,346.2255,7.0,DB
2025-06-04 15:59:56.726,3094,-0.1213232,0.9866232,-0.09966503,-0.04384414,11.96431,183.6531,346.3622,7.0,DB
2025-06-04 15:59:56.737,3095,-0.1169827,0.9881976,-0.08390888,-0.05234513,10.25818,184.8866,346.9364,7.0,DB
2025-06-04 15:59:56.793,3096,-0.11626,0.9886298,-0.07823855,-0.05453055,9.635369,185.216,347.0259,7.0,DB
2025-06-04 15:59:56.835,3097,-0.1115892,0.9899741,-0.05870018,-0.06366742,7.494586,186.542,347.5666,7.0,DB
2025-06-04 15:59:56.860,3098,-0.1094733,0.990436,-0.0511337,-0.0666178,6.654096,186.9836,347.7918,7.0,DB
2025-06-04 15:59:56.906,3099,-0.1050241,0.9911406,-0.03422222,-0.07375262,4.779979,188.0186,348.2379,7.0,DB
2025-06-04 15:59:56.926,3100,-0.1022244,0.9914426,-0.02244449,-0.07802771,3.466073,188.6505,348.4887,7.0,DB
2025-06-04 15:59:56.971,3101,-0.1010723,0.9915228,-0.01757272,-0.07973781,2.921408,188.9036,348.5866,7.0,DB
2025-06-04 15:59:56.992,3102,-0.0957114,0.9915713,0.005806684,-0.08713301,0.2958631,190.0153,348.9991,7.0,DB
2025-06-04 15:59:57.049,3103,-0.09470811,0.991461,0.01189594,-0.08884928,359.6127,190.2788,349.0521,7.0,DB
2025-06-04 15:59:57.070,3104,-0.09049258,0.9910222,0.03012124,-0.09369715,357.5502,191.0309,349.3287,7.0,DB
2025-06-04 15:59:57.115,3105,-0.08971937,0.9908321,0.03404492,-0.09509662,357.111,191.2334,349.3678,7.0,DB
2025-06-04 15:59:57.137,3106,-0.08584417,0.9899661,0.05015283,-0.1004127,355.293,192.0124,349.5926,7.0,DB
2025-06-04 15:59:57.197,3107,-0.08357842,0.989163,0.05978118,-0.1048685,354.2184,192.625,349.7005,7.0,DB
2025-06-04 15:59:57.214,3108,-0.07598951,0.9863932,0.08459804,-0.1187328,351.4398,194.4701,350.1008,7.0,DB
2025-06-04 15:59:57.260,3109,-0.07339462,0.9852784,0.09286648,-0.1233521,350.509,195.0859,350.2201,7.0,DB
2025-06-04 15:59:57.305,3110,-0.06703559,0.982388,0.111223,-0.134349,348.4329,196.5385,350.506,7.0,DB
2025-06-04 15:59:57.339,3111,-0.06387778,0.9808487,0.1191443,-0.1402151,347.5368,197.2947,350.645,7.0,DB
2025-06-04 15:59:57.348,3112,-0.05590898,0.9766918,0.1393258,-0.1534135,345.2263,199.0282,350.9581,7.0,DB
2025-06-04 15:59:57.404,3113,-0.05145027,0.9739133,0.1503944,-0.1619487,343.9618,200.1406,351.0855,7.0,DB
2025-06-04 15:59:57.426,3114,-0.04508282,0.970331,0.1639234,-0.1719142,342.385,201.4413,351.3192,7.0,DB
2025-06-04 15:59:57.471,3115,-0.0420655,0.9688085,0.1689034,-0.1763873,341.7943,202.0082,351.4584,7.0,DB
2025-06-04 15:59:57.492,3116,-0.02875957,0.9604893,0.1947397,-0.1967482,338.7293,204.683,351.8644,7.0,DB
2025-06-04 15:59:57.549,3117,-0.02511697,0.9580681,0.2003324,-0.2033267,338.0591,205.523,351.9688,7.0,DB
2025-06-04 15:59:57.571,3118,-0.01187907,0.949866,0.2192197,-0.2226129,335.7217,208.0115,352.4247,7.0,DB
2025-06-04 15:59:57.620,3119,-0.009134971,0.948261,0.2220392,-0.2267522,335.3572,208.5284,352.5393,7.0,DB
2025-06-04 15:59:57.637,3120,-6.813789e-05,0.9424622,0.2330986,-0.2396461,333.9382,210.1906,352.8475,7.0,DB
2025-06-04 15:59:57.682,3121,0.004863239,0.9390228,0.2379197,-0.2482075,333.3052,211.2764,352.9939,7.0,DB
2025-06-04 15:59:57.704,3122,0.01154578,0.9345948,0.2437569,-0.2588086,332.5093,212.6152,353.2288,7.0,DB
2025-06-04 15:59:57.749,3123,0.0132131,0.9330794,0.2441704,-0.26376,332.443,213.2249,353.2536,7.0,DB
2025-06-04 15:59:57.795,3124,0.02697676,0.9238299,0.2535639,-0.2855103,331.0593,215.9565,353.7714,7.0,DB
2025-06-04 15:59:57.829,3125,0.03278771,0.919992,0.2562556,-0.2947423,330.6046,217.0975,354.0226,7.0,DB
2025-06-04 15:59:57.859,3126,0.03720263,0.9170849,0.2564394,-0.303002,330.4688,218.0834,354.2503,7.0,DB
2025-06-04 15:59:57.881,3127,0.04233472,0.9137314,0.2575639,-0.3113902,330.1947,219.0997,354.5084,7.0,DB
2025-06-04 15:59:57.927,3128,0.04674194,0.9110349,0.25721,-0.3188635,330.1016,219.9747,354.7806,7.0,DB
2025-06-04 15:59:57.948,3129,0.05369718,0.9063531,0.2580127,-0.3302583,329.7901,221.3518,355.1487,7.0,DB
2025-06-04 15:59:57.994,3130,0.05845005,0.9030634,0.2575487,-0.3387168,329.6845,222.3605,355.4219,7.0,DB
2025-06-04 15:59:58.014,3131,0.06481139,0.8986792,0.2568649,-0.349565,329.5365,223.6532,355.8023,7.0,DB
2025-06-04 15:59:58.060,3132,0.06636372,0.8976996,0.2554873,-0.3527856,329.6337,224.0112,355.9382,7.0,DB
2025-06-04 15:59:58.105,3133,0.07014772,0.8950771,0.2532458,-0.3602543,329.7422,224.8693,356.2236,7.0,DB
2025-06-04 15:59:58.115,3134,0.07440662,0.8915827,0.2500263,-0.3701769,329.9388,226.0284,356.5271,7.0,DB
2025-06-04 15:59:58.171,3135,0.07580187,0.8902653,0.2465376,-0.3753683,330.2726,226.6024,356.6915,7.0,DB
2025-06-04 15:59:58.181,3136,0.07934305,0.8869637,0.2406719,-0.3861054,330.7774,227.8204,357.0378,7.0,DB
2025-06-04 15:59:58.241,3137,0.07866664,0.8872328,0.2396493,-0.3862617,330.9206,227.8272,357.0128,7.0,DB
2025-06-04 15:59:58.260,3138,0.08150356,0.8839003,0.2321912,-0.3976994,331.6214,229.1184,357.3549,7.0,DB
2025-06-04 15:59:58.304,3139,0.08200138,0.8831834,0.2298256,-0.4005538,331.8587,229.4317,357.4475,7.0,DB
2025-06-04 15:59:58.326,3140,0.08284985,0.8820522,0.2262339,-0.4048926,332.2127,229.9072,357.6001,7.0,DB
2025-06-04 15:59:58.371,3141,0.08354174,0.8813396,0.2230582,-0.4080524,332.5252,230.2368,357.7532,7.0,DB
2025-06-04 15:59:58.393,3142,0.08308672,0.8803959,0.2132744,-0.4153481,333.6053,230.9766,358.0252,7.0,DB
2025-06-04 15:59:58.437,3143,0.08188885,0.8807909,0.2059627,-0.4184272,334.4468,231.2258,358.2147,7.0,DB
2025-06-04 15:59:58.482,3144,0.08166845,0.8805895,0.1993574,-0.4220774,335.1626,231.558,358.4558,7.0,DB
2025-06-04 15:59:58.492,3145,0.08002982,0.880502,0.1915723,-0.4261594,336.0731,231.9504,358.5991,7.0,DB
2025-06-04 15:59:58.549,3146,0.07848295,0.8812435,0.1866889,-0.4270806,336.6671,231.9852,358.6809,7.0,DB
2025-06-04 15:59:58.571,3147,0.075048,0.881802,0.1758398,-0.4311306,337.9866,232.3415,358.8093,7.0,DB
2025-06-04 15:59:58.615,3148,0.07233339,0.8822919,0.1685962,-0.4334795,338.8868,232.5428,358.862,7.0,DB
2025-06-04 15:59:58.637,3149,0.06932854,0.8826659,0.1606408,-0.4362214,339.875,232.7903,358.9161,7.0,DB
2025-06-04 15:59:58.682,3150,0.06698583,0.8830532,0.1545988,-0.4379832,340.6271,232.9391,358.9602,7.0,DB
2025-06-04 15:59:58.726,3151,0.06460921,0.8839196,0.1475077,-0.439037,341.4881,232.9773,359.0753,7.0,DB
2025-06-04 15:59:58.763,3152,0.06075357,0.8850377,0.1376067,-0.4405474,342.7163,233.0507,359.1775,7.0,DB
2025-06-04 15:59:58.794,3153,0.05673242,0.8863803,0.1268667,-0.4416068,344.0373,233.0621,359.316,7.0,DB
2025-06-04 15:59:58.835,3154,0.05267777,0.8876277,0.117018,-0.4423225,345.2657,233.0526,359.4074,7.0,DB
2025-06-04 15:59:58.859,3155,0.04892205,0.8890202,0.1079076,-0.4422737,346.4002,232.9588,359.501,7.0,DB
2025-06-04 15:59:58.904,3156,0.04446327,0.890651,0.09645137,-0.4421098,347.8117,232.8367,359.6435,7.0,DB
2025-06-04 15:59:58.926,3157,0.03923209,0.8921718,0.08519527,-0.441851,349.2405,232.7231,359.6918,7.0,DB
2025-06-04 15:59:58.971,3158,0.03766228,0.892801,0.0810155,-0.4415027,349.7515,232.6485,359.7504,7.0,DB
2025-06-04 15:59:59.012,3159,0.03008655,0.8948389,0.06487148,-0.4406247,351.8009,232.4457,359.8076,7.0,DB
2025-06-04 15:59:59.037,3160,0.02743563,0.8956951,0.05785352,-0.4400349,352.6585,232.3343,359.8979,7.0,DB
2025-06-04 15:59:59.082,3161,0.02133665,0.8973045,0.04377862,-0.4387174,354.417,232.111,359.993,7.0,DB
2025-06-04 15:59:59.103,3162,0.01743963,0.8984011,0.03459999,-0.4374634,355.5593,231.9238,0.06109463,7.0,DB
2025-06-04 15:59:59.149,3163,0.01341981,0.8995621,0.02574003,-0.4358275,356.6746,231.6965,0.09799619,7.0,DB
2025-06-04 15:59:59.193,3164,0.004905233,0.9017918,0.005509981,-0.4321081,359.1877,231.2027,0.2340878,7.0,DB
2025-06-04 15:59:59.234,3165,0.0009129806,0.9026942,-0.00192929,-0.4302778,0.1545525,230.9707,0.1895667,7.0,DB
2025-06-04 15:59:59.272,3166,-0.002545522,0.9033839,-0.01025228,-0.4287031,1.186453,230.7761,0.2401902,7.0,DB
2025-06-04 15:59:59.304,3167,-0.008535162,0.9032556,-0.02777738,-0.4281178,3.295651,230.7331,0.4800853,7.0,DB
2025-06-04 15:59:59.326,3168,-0.01106242,0.9025795,-0.03709243,-0.4287799,4.38422,230.8472,0.6803632,7.0,DB
2025-06-04 15:59:59.382,3169,-0.01251682,0.9022424,-0.04047821,-0.4291428,4.806181,230.9046,0.6989306,7.0,DB
2025-06-04 15:59:59.404,3170,-0.01813146,0.9008931,-0.059636,-0.4295422,7.066877,231.0494,1.071806,7.0,DB
2025-06-04 15:59:59.448,3171,-0.01960049,0.900215,-0.06461494,-0.4301789,7.654438,231.1613,1.173796,7.0,DB
2025-06-04 15:59:59.494,3172,-0.02338602,0.8989558,-0.07984216,-0.4300665,9.419641,231.261,1.546763,7.0,DB
2025-06-04 15:59:59.514,3173,-0.0253108,0.8982158,-0.08841009,-0.4298273,10.40362,231.3074,1.77894,7.0,DB
2025-06-04 15:59:59.559,3174,-0.02611258,0.8980071,-0.0920274,-0.4294562,10.81923,231.2949,1.875434,7.0,DB
2025-06-04 15:59:59.594,3175,-0.02813248,0.8975666,-0.1025214,-0.4278694,12.01183,231.2037,2.181401,7.0,DB
2025-06-04 15:59:59.637,3176,-0.02979657,0.8974808,-0.1079393,-0.4266024,12.66025,231.0982,2.267943,7.0,DB
2025-06-04 15:59:59.659,3177,-0.03203149,0.8968928,-0.1187483,-0.4248014,13.8997,231.0005,2.564349,7.0,DB
2025-06-04 15:59:59.716,3178,-0.03310597,0.8963504,-0.1227812,-0.4247173,14.37288,231.0413,2.659348,7.0,DB
2025-06-04 15:59:59.737,3179,-0.03466982,0.8956508,-0.13478,-0.4224242,15.70725,230.9261,3.082426,7.0,DB
2025-06-04 15:59:59.782,3180,-0.03478007,0.8954351,-0.1378804,-0.4218715,16.03778,230.9079,3.223889,7.0,DB
2025-06-04 15:59:59.827,3181,-0.03503019,0.8951476,-0.1447548,-0.4201545,16.77356,230.8082,3.528375,7.0,DB
2025-06-04 15:59:59.867,3182,-0.03498195,0.8949664,-0.1522593,-0.4178858,17.564,230.6593,3.887604,7.0,DB
2025-06-04 15:59:59.893,3183,-0.03368839,0.8950142,-0.1575294,-0.4159319,18.05961,230.529,4.267063,7.0,DB
2025-06-04 15:59:59.915,3184,-0.0330106,0.8951342,-0.1646375,-0.4129646,18.7845,230.3028,4.657914,7.0,DB
2025-06-04 15:59:59.971,3185,-0.03252073,0.8955575,-0.1663069,-0.4114139,18.94338,230.1432,4.766427,7.0,DB
2025-06-04 15:59:59.992,3186,-0.03070082,0.8961476,-0.1760302,-0.4061904,19.90361,229.7087,5.368888,7.0,DB
2025-06-04 16:00:00.050,3187,-0.03000387,0.8966134,-0.1776306,-0.4045142,20.04792,229.5372,5.49181,7.0,DB
2025-06-04 16:00:00.082,3188,-0.02861113,0.8965598,-0.1834997,-0.4021069,20.61253,229.3869,5.903554,7.0,DB
2025-06-04 16:00:00.103,3189,-0.02626538,0.8970807,-0.1896342,-0.3982405,21.17109,229.0726,6.398156,7.0,DB
2025-06-04 16:00:00.159,3190,-0.02475825,0.8975048,-0.1892392,-0.3975685,21.06166,228.998,6.524051,7.0,DB
2025-06-04 16:00:00.181,3191,-0.02064288,0.8987831,-0.1985141,-0.390327,21.89811,228.3627,7.297956,7.0,DB
2025-06-04 16:00:00.226,3192,-0.01959038,0.8994188,-0.1997363,-0.3882882,21.99381,228.1461,7.427926,7.0,DB
2025-06-04 16:00:00.275,3193,-0.01542465,0.9005141,-0.2036416,-0.3838839,22.2474,227.749,7.984775,7.0,DB
2025-06-04 16:00:00.312,3194,-0.009578679,0.9022467,-0.2104544,-0.3762556,22.7662,227.0496,8.801112,7.0,DB
2025-06-04 16:00:00.350,3195,-0.007008997,0.9031873,-0.2114573,-0.3734829,22.7808,226.762,9.066635,7.0,DB
2025-06-04 16:00:00.387,3196,-0.002532627,0.9045544,-0.2137504,-0.3688983,22.86531,226.3123,9.56584,7.0,DB
2025-06-04 16:00:00.403,3197,0.002030679,0.9059795,-0.2172503,-0.3633171,23.08978,225.7748,10.11409,7.0,DB
2025-06-04 16:00:00.448,3198,0.004856282,0.9072385,-0.2171635,-0.3601871,22.9881,225.4159,10.34098,7.0,DB
2025-06-04 16:00:00.492,3199,0.01242185,0.9101619,-0.2192886,-0.3512317,22.98252,224.459,11.06281,7.0,DB
2025-06-04 16:00:00.514,3200,0.01722365,0.9119236,-0.2196513,-0.3461966,22.87269,223.9083,11.48772,7.0,DB
2025-06-04 16:00:00.559,3201,0.0209036,0.9132575,-0.2185812,-0.3431416,22.63728,223.5486,11.76497,7.0,DB
2025-06-04 16:00:00.609,3202,0.02735421,0.9153034,-0.2187052,-0.3371046,22.45271,222.896,12.34101,7.0,DB
2025-06-04 16:00:00.625,3203,0.03561012,0.9179875,-0.2200221,-0.3280571,22.37027,221.9333,13.10919,7.0,DB
2025-06-04 16:00:00.670,3204,0.03830428,0.9194157,-0.217318,-0.3255467,22.00401,221.576,13.21346,7.0,DB
2025-06-04 16:00:00.715,3205,0.04831062,0.9234936,-0.2143767,-0.3144337,21.44267,220.2554,13.92811,7.0,DB
2025-06-04 16:00:00.736,3206,0.0555367,0.9258773,-0.2145019,-0.3060327,21.29763,219.3316,14.55393,7.0,DB
2025-06-04 16:00:00.781,3207,0.05953327,0.9271079,-0.2133204,-0.3023597,21.07201,218.9054,14.86495,7.0,DB
2025-06-04 16:00:00.826,3208,0.06504083,0.9291071,-0.2098509,-0.2974771,20.56389,218.2833,15.2145,7.0,DB
2025-06-04 16:00:00.869,3209,0.07298131,0.9313241,-0.2086525,-0.2894364,20.26723,217.3848,15.88248,7.0,DB
2025-06-04 16:00:00.892,3210,0.08284187,0.9341913,-0.2057473,-0.2794499,19.76203,216.2291,16.65779,7.0,DB
2025-06-04 16:00:00.938,3211,0.09077988,0.936736,-0.2019069,-0.271143,19.21041,215.2224,17.2205,7.0,DB
2025-06-04 16:00:00.959,3212,0.09758582,0.9388505,-0.1989364,-0.2635549,18.79025,214.3155,17.71709,7.0,DB
2025-06-04 16:00:01.015,3213,0.1013807,0.9401247,-0.1963784,-0.2594675,18.45926,213.8006,17.96258,7.0,DB
2025-06-04 16:00:01.037,3214,0.1166779,0.9441972,-0.189457,-0.2428665,17.52339,211.8238,19.12074,7.0,DB
2025-06-04 16:00:01.082,3215,0.1196484,0.9451116,-0.1871159,-0.2396589,17.23798,211.4125,19.31154,7.0,DB
2025-06-04 16:00:01.103,3216,0.127983,0.947443,-0.1819289,-0.2299441,16.61125,210.2178,19.90036,7.0,DB
2025-06-04 16:00:01.161,3217,0.1322165,0.9486882,-0.1792901,-0.2244215,16.31012,209.5422,20.1959,7.0,DB
2025-06-04 16:00:01.181,3218,0.1431542,0.9514749,-0.1707187,-0.2122678,15.31318,208.0006,20.95208,7.0,DB
2025-06-04 16:00:01.226,3219,0.1491172,0.9527633,-0.1657219,-0.2062587,14.73057,207.2254,21.37619,7.0,DB
2025-06-04 16:00:01.270,3220,0.1570684,0.95496,-0.1572126,-0.1966344,13.79763,205.9489,21.87393,7.0,DB
2025-06-04 16:00:01.292,3221,0.1729351,0.9588577,-0.1383302,-0.1776242,11.76178,203.3788,22.88907,7.0,DB
2025-06-04 16:00:01.336,3222,0.1768772,0.95961,-0.1334093,-0.1733932,11.22738,202.7921,23.15729,7.0,DB
2025-06-04 16:00:01.381,3223,0.1841971,0.9606026,-0.125001,-0.1664006,10.30288,201.8225,23.70089,7.0,DB
2025-06-04 16:00:01.419,3224,0.1949328,0.9626054,-0.1086905,-0.1535528,8.59141,199.9885,24.41255,7.0,DB
2025-06-04 16:00:01.448,3225,0.1976696,0.9632468,-0.1033626,-0.1496621,8.045529,199.4181,24.57229,7.0,DB
2025-06-04 16:00:01.470,3226,0.2127115,0.9651523,-0.07752728,-0.1312422,5.38328,196.7136,25.64899,7.0,DB
2025-06-04 16:00:01.514,3227,0.2162737,0.965225,-0.07314423,-0.127344,4.940372,196.171,25.9611,7.0,DB
2025-06-04 16:00:01.560,3228,0.2247263,0.9658136,-0.05616942,-0.1163932,3.220867,194.5053,26.60713,7.0,DB
2025-06-04 16:00:01.580,3229,0.2315864,0.9660558,-0.04048343,-0.1070759,1.64025,193.0456,27.14907,7.0,DB
2025-06-04 16:00:01.626,3230,0.2357425,0.9659147,-0.03163604,-0.1021445,0.7423349,192.2548,27.51081,7.0,DB
2025-06-04 16:00:01.647,3231,0.2424425,0.9654673,-0.01641399,-0.09394348,359.206,190.9164,28.11674,7.0,DB
2025-06-04 16:00:01.704,3232,0.2482815,0.9652971,0.00296006,-0.08092731,357.3692,188.9128,28.64341,7.0,DB
2025-06-04 16:00:01.725,3233,0.2447545,0.9669872,0.01315005,-0.0697014,356.5859,187.3882,28.18721,7.0,DB
2025-06-04 16:00:01.771,3234,0.2433069,0.967627,0.01621267,-0.0650925,356.3851,186.795,28.01382,7.0,DB
2025-06-04 16:00:01.814,3235,0.2383558,0.9694937,0.02835994,-0.04964303,355.4887,184.7607,27.43748,7.0,DB
2025-06-04 16:00:01.854,3236,0.2332445,0.970993,0.03917794,-0.03514134,354.6939,182.8765,26.88116,7.0,DB
2025-06-04 16:00:01.881,3237,0.231071,0.9716154,0.04067913,-0.03025277,354.662,182.3018,26.64799,7.0,DB
2025-06-04 16:00:01.903,3238,0.226039,0.9727216,0.04921101,-0.01724573,354.0573,180.6511,26.13039,7.0,DB
2025-06-04 16:00:01.948,3239,0.2243014,0.9731263,0.05008538,-0.01433959,354.0356,180.3134,25.94315,7.0,DB
2025-06-04 16:00:01.991,3240,0.2173313,0.9741445,0.06159322,0.004041089,353.2092,178.0005,25.27206,7.0,DB
2025-06-04 16:00:02.014,3241,0.2115832,0.9746256,0.07045932,0.01931964,352.5785,176.0983,24.74992,7.0,DB
2025-06-04 16:00:02.071,3242,0.209013,0.9749703,0.07203833,0.02359987,352.4955,175.5959,24.48869,7.0,DB
2025-06-04 16:00:02.091,3243,0.2007661,0.9748162,0.08495246,0.04700413,351.5612,172.6963,23.81457,7.0,DB
2025-06-04 16:00:02.151,3244,0.1979551,0.9748614,0.08745135,0.05302355,351.4013,171.9769,23.56096,8.0,DB
2025-06-04 16:00:02.169,3245,0.1940434,0.9745873,0.09240615,0.06315143,351.048,170.74,23.24747,8.0,DB
2025-06-04 16:00:02.214,3246,0.1868505,0.9739505,0.09969404,0.08104606,350.5663,168.5916,22.66467,8.0,DB
2025-06-04 16:00:02.236,3247,0.1810089,0.9730577,0.105387,0.09637517,350.2002,166.7588,22.2157,8.0,DB
2025-06-04 16:00:02.280,3248,0.1769134,0.9727645,0.1071081,0.104685,350.1342,165.8069,21.84631,8.0,DB
2025-06-04 16:00:02.325,3249,0.1717183,0.9720718,0.1098886,0.116249,349.9961,164.4656,21.40404,8.0,DB
2025-06-04 16:00:02.347,3250,0.166356,0.9705086,0.114649,0.1315095,349.7012,162.6498,21.02872,8.0,DB
2025-06-04 16:00:02.392,3251,0.1632944,0.9694918,0.1169172,0.1405385,349.5835,161.5853,20.81454,8.0,DB
2025-06-04 16:00:02.413,3252,0.1580584,0.966538,0.1229546,0.1603248,349.2223,159.2034,20.5582,8.0,DB
2025-06-04 16:00:02.473,3253,0.1557948,0.9649506,0.12487,0.1703115,349.1686,158.0214,20.4523,8.0,DB
2025-06-04 16:00:02.491,3254,0.1497879,0.9604113,0.1303281,0.1954193,348.9425,155.0234,20.1854,8.0,DB
2025-06-04 16:00:02.536,3255,0.1488736,0.9589018,0.1317248,0.2024669,348.9107,154.1736,20.19994,8.0,DB
2025-06-04 16:00:02.558,3256,0.1464986,0.9556878,0.1354285,0.216468,348.7301,152.4613,20.20035,8.0,DB
2025-06-04 16:00:02.603,3257,0.1459315,0.9538305,0.1367625,0.2240703,348.7261,151.5389,20.26484,8.0,DB
2025-06-04 16:00:02.647,3258,0.1422628,0.9486783,0.1404677,0.2450301,348.6501,149.0061,20.21342,8.0,DB
2025-06-04 16:00:02.669,3259,0.1406544,0.9455501,0.1422408,0.2567472,348.6521,147.5864,20.23012,8.0,DB
2025-06-04 16:00:02.713,3260,0.1379199,0.9409487,0.1451639,0.2729864,348.5868,145.6015,20.22095,8.0,DB
2025-06-04 16:00:02.735,3261,0.1353544,0.9345673,0.1480724,0.2938334,348.6253,143.0509,20.29324,8.0,DB
2025-06-04 16:00:02.794,3262,0.1348252,0.9326953,0.1483607,0.2998183,348.7025,142.3291,20.31564,8.0,DB
2025-06-04 16:00:02.801,3263,0.1320483,0.9216483,0.1513879,0.3319784,348.9668,138.3796,20.51152,8.0,DB
2025-06-04 16:00:02.864,3264,0.1328184,0.9217355,0.1504966,0.331834,349.0887,138.4171,20.55299,8.0,DB
2025-06-04 16:00:02.901,3265,0.1319487,0.9120191,0.1523783,0.3572,349.4158,135.2728,20.82951,8.0,DB
2025-06-04 16:00:02.925,3266,0.1320303,0.9093364,0.1531718,0.3636122,349.4814,134.4606,20.94784,8.0,DB
2025-06-04 16:00:02.946,3267,0.1321212,0.9012943,0.1544805,0.3825552,349.783,132.0827,21.22901,8.0,DB
2025-06-04 16:00:03.003,3268,0.1324189,0.8971052,0.154497,0.3921714,350.018,130.8873,21.3633,8.0,DB
2025-06-04 16:00:03.024,3269,0.133763,0.8853368,0.155104,0.4174077,350.6206,127.7056,21.79567,8.0,DB
2025-06-04 16:00:03.070,3270,0.1353307,0.8789196,0.1540894,0.4306306,351.1233,126.0633,22.03008,8.0,DB
2025-06-04 16:00:03.091,3271,0.1373106,0.8656704,0.154426,0.4559754,351.8281,122.8186,22.48513,8.0,DB
2025-06-04 16:00:03.151,3272,0.1382074,0.8615798,0.153932,0.463556,352.119,121.8587,22.61252,8.0,DB
2025-06-04 16:00:03.168,3273,0.1413505,0.8477882,0.1546458,0.4871962,352.8491,118.7633,23.16723,8.0,DB
2025-06-04 16:00:03.213,3274,0.141203,0.8443191,0.1547194,0.4932029,352.9935,117.9778,23.20357,8.0,DB
2025-06-04 16:00:03.236,3275,0.1443341,0.831848,0.1548206,0.5130569,353.7152,115.3521,23.66598,8.0,DB
2025-06-04 16:00:03.281,3276,0.145596,0.8275952,0.1538855,0.5198149,354.0682,114.4842,23.77408,8.0,DB
2025-06-04 16:00:03.326,3277,0.1483105,0.8166658,0.1545933,0.5358753,354.6321,112.3053,24.18739,8.0,DB
2025-06-04 16:00:03.347,3278,0.1505743,0.8085978,0.1545268,0.5473742,355.1206,110.7499,24.4675,8.0,DB
2025-06-04 16:00:03.393,3279,0.1520076,0.8024287,0.1536751,0.5562251,355.5536,109.5728,24.59231,8.0,DB
2025-06-04 16:00:03.413,3280,0.1576035,0.7842706,0.1537411,0.5800386,356.6568,106.279,25.232,8.0,DB
2025-06-04 16:00:03.470,3281,0.1583114,0.7808812,0.153291,0.5845205,356.8855,105.6687,25.28232,8.0,DB
2025-06-04 16:00:03.509,3282,0.1651321,0.7610004,0.1542362,0.6081292,358.0571,102.2925,26.05124,8.0,DB
2025-06-04 16:00:03.548,3283,0.1668262,0.7554496,0.1542202,0.6145577,358.3976,101.3702,26.2178,8.0,DB
2025-06-04 16:00:03.560,3284,0.1713526,0.7424754,0.1546913,0.6288396,359.1862,99.28114,26.68258,8.0,DB
2025-06-04 16:00:03.623,3285,0.1723323,0.7379423,0.1551096,0.6337855,359.3995,98.54129,26.80655,8.0,DB
2025-06-04 16:00:03.637,3286,0.1767815,0.7227178,0.1552414,0.6498674,0.308113,96.15087,27.21337,8.0,DB
2025-06-04 16:00:03.682,3287,0.1744862,0.7171903,0.1519844,0.6573383,0.6525823,95.14176,26.75132,8.0,DB
2025-06-04 16:00:03.728,3288,0.1725666,0.7086684,0.1474197,0.6680401,1.238802,93.66914,26.20938,8.0,DB
2025-06-04 16:00:03.750,3289,0.1694825,0.6924456,0.1384581,0.6874767,2.365899,90.94109,25.17921,8.0,DB
2025-06-04 16:00:03.805,3290,0.1678615,0.6867728,0.1353426,0.6941531,2.702145,89.98096,24.76693,8.0,DB
2025-06-04 16:00:03.840,3291,0.1661383,0.6772189,0.1301989,0.7048555,3.317029,88.4189,24.15788,8.0,DB
2025-06-04 16:00:03.879,3292,0.1633006,0.6616848,0.1222685,0.7214962,4.234301,85.91669,23.17956,8.0,DB
2025-06-04 16:00:03.906,3293,0.162098,0.6574542,0.1211375,0.7258127,4.359878,85.22763,22.96191,8.0,DB
2025-06-04 16:00:03.953,3294,0.1582575,0.6382292,0.1119494,0.7450407,5.331483,82.19373,21.74185,8.0,DB
2025-06-04 16:00:03.976,3295,0.1546091,0.6150504,0.1022527,0.7663899,6.384525,78.64784,20.43109,8.0,DB
2025-06-04 16:00:04.009,3296,0.1512927,0.6014593,0.09622438,0.7785232,6.88169,76.56224,19.5255,8.0,DB
2025-06-04 16:00:04.065,3297,0.150485,0.5849658,0.08922975,0.7919645,7.698762,74.16918,18.67971,8.0,DB
2025-06-04 16:00:04.088,3298,0.1480524,0.5675036,0.08254492,0.8057336,8.331052,71.61695,17.71424,8.0,DB
2025-06-04 16:00:04.132,3299,0.1444962,0.5396234,0.07337825,0.8261617,9.181424,67.62092,16.3073,8.0,DB
2025-06-04 16:00:04.166,3300,0.140992,0.5084442,0.06250998,0.8471709,10.09745,63.24447,14.66745,8.0,DB
2025-06-04 16:00:04.200,3301,0.1398256,0.4975344,0.0591139,0.8540574,10.37068,61.73484,14.12848,8.0,DB
2025-06-04 16:00:04.256,3302,0.1374599,0.4782824,0.05392738,0.8657035,10.74359,59.089,13.23064,8.0,DB
2025-06-04 16:00:04.278,3303,0.1307981,0.4329375,0.03986869,0.8909926,11.4527,52.92077,10.83867,8.0,DB
2025-06-04 16:00:04.311,3304,0.1289347,0.4180842,0.03622935,0.8984815,11.61866,50.94447,10.16777,8.0,DB
2025-06-04 16:00:04.367,3305,0.1240092,0.3878683,0.02800763,0.9129051,11.8114,46.93581,8.657187,8.0,DB
2025-06-04 16:00:04.388,3306,0.1202218,0.3638018,0.02171129,0.9234305,11.90185,43.78766,7.491222,8.0,DB
2025-06-04 16:00:04.445,3307,0.1149152,0.3353263,0.01600971,0.9349303,11.77907,40.11019,6.275304,8.0,DB
2025-06-04 16:00:04.468,3308,0.1104261,0.3080311,0.009670203,0.9448966,11.69636,36.6296,5.056271,8.0,DB
2025-06-04 16:00:04.511,3309,0.1071841,0.2887332,0.006452059,0.9513692,11.54967,34.20457,4.341712,8.0,DB
2025-06-04 16:00:04.545,3310,0.1006903,0.2576174,0.0006166867,0.9609863,11.13995,30.31597,3.100262,8.0,DB
2025-06-04 16:00:04.578,3311,0.09794082,0.2455693,-0.0004907055,0.9644185,10.90335,28.83397,2.752571,8.0,DB
2025-06-04 16:00:04.635,3312,0.09378797,0.2272003,-0.003023504,0.9693168,10.55587,26.58105,2.142706,8.0,DB
2025-06-04 16:00:04.655,3313,0.08518183,0.1927427,-0.008031516,0.9775122,9.766224,22.39373,0.996223,8.0,DB
2025-06-04 16:00:04.701,3314,0.08289491,0.1805343,-0.00962494,0.9800223,9.552595,20.92911,0.6429307,8.0,DB
2025-06-04 16:00:04.734,3315,0.07716198,0.1603732,-0.01203633,0.9839623,8.957949,18.51898,0.06164713,8.0,DB
2025-06-04 16:00:04.767,3316,0.07284164,0.1453969,-0.01363581,0.9865941,8.493401,16.74233,359.6684,8.0,DB
2025-06-04 16:00:04.801,3317,0.06902967,0.1333923,-0.01487922,0.9885445,8.073733,15.325,359.3633,8.0,DB
2025-06-04 16:00:04.859,3318,0.06391577,0.1196961,-0.01568276,0.9906271,7.491995,13.71946,359.0886,8.0,DB
2025-06-04 16:00:04.895,3319,0.05571026,0.09895813,-0.01730051,0.9933804,6.55212,11.30071,358.6534,8.0,DB
2025-06-04 16:00:04.936,3320,0.05357204,0.08940981,-0.01827625,0.9943853,6.304399,10.19084,358.4568,8.0,DB
2025-06-04 16:00:04.956,3321,0.04426221,0.06869683,-0.01879168,0.9964781,5.209315,7.805297,358.1949,8.0,DB
2025-06-04 16:00:05.013,3322,0.04195099,0.06361232,-0.0197167,0.9968976,4.942166,7.217877,358.0458,8.0,DB
2025-06-04 16:00:05.033,3323,0.03297358,0.04643553,-0.02030804,0.9981705,3.882612,5.254052,357.8471,8.0,DB
2025-06-04 16:00:05.067,3324,0.03091141,0.04218786,-0.02101258,0.9984103,3.640588,4.767367,357.7403,8.0,DB
2025-06-04 16:00:05.124,3325,0.025841,0.03485948,-0.02157156,0.9988252,3.045285,3.934677,357.6302,8.0,DB
2025-06-04 16:00:05.144,3326,0.01854236,0.02337478,-0.0213553,0.9993268,2.181095,2.634209,357.6017,8.0,DB
2025-06-04 16:00:05.190,3327,0.01702182,0.02129451,-0.0231663,0.9993599,2.006248,2.395587,357.3861,8.0,DB
2025-06-04 16:00:05.222,3328,0.007697038,0.008146876,-0.02284208,0.9996765,0.9030917,0.913266,357.3893,8.0,DB
2025-06-04 16:00:05.256,3329,0.00473829,0.005073059,-0.02316614,0.9997077,0.5562851,0.5686173,357.3478,8.0,DB
2025-06-04 16:00:05.300,3330,-0.001467645,-0.003373779,-0.02286466,0.999732,359.823,359.6173,357.3802,8.0,DB
2025-06-04 16:00:05.333,3331,-0.006271803,-0.009616073,-0.02316173,0.9996659,359.256,358.9149,357.3525,8.0,DB
2025-06-04 16:00:05.366,3332,-0.010999,-0.01568817,-0.0231193,0.9995493,358.6985,358.2315,357.3701,8.0,DB
2025-06-04 16:00:05.400,3333,-0.01167308,-0.0180846,-0.02278774,0.9995087,358.6157,357.9581,357.4126,8.0,DB
2025-06-04 16:00:05.457,3334,-0.0147837,-0.02162265,-0.02303445,0.9993916,358.2496,357.5609,357.3966,8.0,DB
2025-06-04 16:00:05.485,3335,-0.01439031,-0.02130424,-0.02365671,0.9993896,358.294,357.5974,357.3238,8.0,DB
2025-06-04 16:00:05.511,3336,-0.01402502,-0.02062201,-0.02371584,0.9994076,358.3375,357.6748,357.315,8.0,DB
2025-06-04 16:00:05.568,3337,-0.01412232,-0.01913894,-0.02427214,0.9994225,358.3292,357.8459,357.249,8.0,DB
2025-06-04 16:00:05.589,3338,-0.01389824,-0.01859904,-0.02439908,0.9994327,358.356,357.9074,357.2331,8.0,DB
2025-06-04 16:00:05.622,3339,-0.0136267,-0.01803677,-0.02504465,0.9994308,358.3874,357.9722,357.1576,8.0,DB
2025-06-04 16:00:05.655,3340,-0.01376203,-0.01777664,-0.02509975,0.9994322,358.3725,358.0025,357.1511,8.0,DB
2025-06-04 16:00:05.712,3341,-0.01332188,-0.01853584,-0.02537598,0.9994174,358.4202,357.9147,357.1198,8.0,DB
2025-06-04 16:00:05.733,3342,-0.01184559,-0.01883629,-0.0250691,0.9994381,358.5891,357.8756,357.1524,8.0,DB
2025-06-04 16:00:05.766,3343,-0.01095697,-0.01895821,-0.02474833,0.999454,358.6912,357.8588,357.1875,8.0,DB
2025-06-04 16:00:05.811,3344,-0.01204862,-0.01906138,-0.02425178,0.9994516,358.567,357.8492,357.2469,8.0,DB
2025-06-04 16:00:05.845,3345,-0.01243663,-0.01942675,-0.02437162,0.999437,358.5212,357.8086,357.2345,8.0,DB
2025-06-04 16:00:05.889,3346,-0.01322833,-0.01977642,-0.02456595,0.9994151,358.4292,357.771,357.2144,8.0,DB
2025-06-04 16:00:05.926,3347,-0.01380563,-0.01988567,-0.02462591,0.9994037,358.3626,357.7601,357.209,8.0,DB
2025-06-04 16:00:05.967,3348,-0.01581714,-0.01991395,-0.02431739,0.9993808,358.1328,357.7617,357.2487,8.0,DB
2025-06-04 16:00:05.988,3349,-0.01631811,-0.02005328,-0.02417511,0.9993735,358.0753,357.7469,357.2664,8.0,DB
2025-06-04 16:00:06.021,3350,-0.01720548,-0.02027527,-0.0243664,0.9993495,357.9727,357.7242,357.2468,8.0,DB
2025-06-04 16:00:06.055,3351,-0.01753766,-0.020216,-0.02424452,0.9993478,357.935,357.7316,357.2614,8.0,DB
2025-06-04 16:00:06.100,3352,-0.0171861,-0.02007922,-0.02387907,0.9993654,357.9765,357.7456,357.3023,8.0,DB
2025-06-04 16:00:06.133,3353,-0.0168315,-0.02020714,-0.02390297,0.9993684,358.0167,357.73,357.299,8.0,DB
2025-06-04 16:00:06.189,3354,-0.01750558,-0.02050806,-0.02385926,0.9993517,357.9388,357.6972,357.3061,8.0,DB
2025-06-04 16:00:06.218,3355,-0.01782355,-0.02065937,-0.02380982,0.9993441,357.9021,357.6806,357.3128,8.0,DB
2025-06-04 16:00:06.243,3356,-0.0183474,-0.02081951,-0.02367227,0.9993346,357.8419,357.6633,357.3301,8.0,DB
2025-06-04 16:00:06.278,3357,-0.01904303,-0.02075268,-0.02346922,0.9993278,357.7629,357.6723,357.3548,8.0,DB
2025-06-04 16:00:06.322,3358,-0.01959405,-0.02084813,-0.02363559,0.9993113,357.6992,357.6632,357.3371,8.0,DB
2025-06-04 16:00:06.343,3359,-0.02026186,-0.02071735,-0.02367123,0.9992998,357.6229,357.68,357.3342,8.0,DB
2025-06-04 16:00:06.402,3360,-0.02165341,-0.02088892,-0.02402378,0.9992586,357.4622,357.6648,357.2973,8.0,DB
2025-06-04 16:00:06.421,3361,-0.02234116,-0.02087437,-0.02402386,0.9992438,357.3835,357.6682,357.2988,8.0,DB
2025-06-04 16:00:06.454,3362,-0.02377876,-0.0209237,-0.02375747,0.999216,357.2192,357.6655,357.3326,8.0,DB
2025-06-04 16:00:06.488,3363,-0.02480426,-0.02076834,-0.02341848,0.9992023,357.1029,357.685,357.3734,8.0,DB
2025-06-04 16:00:06.546,3364,-0.02766073,-0.02114928,-0.02340488,0.9991196,356.7747,357.6484,357.3824,8.0,DB
2025-06-04 16:00:06.565,3365,-0.0288187,-0.0214035,-0.02360225,0.9990768,356.6409,357.6228,357.3631,8.0,DB
2025-06-04 16:00:06.600,3366,-0.02958413,-0.02173636,-0.02347632,0.9990502,356.5526,357.5861,357.3804,8.0,DB
2025-06-04 16:00:06.634,3367,-0.03070065,-0.02168586,-0.02309514,0.9990265,356.4257,357.5933,357.4265,8.0,DB
2025-06-04 16:00:06.690,3368,-0.0332985,-0.02149709,-0.02340192,0.9989402,356.1277,357.6224,357.3964,8.0,DB
2025-06-04 16:00:06.710,3369,-0.03358093,-0.02160241,-0.02353595,0.9989253,356.0948,357.6115,357.382,8.0,DB
2025-06-04 16:00:06.743,3370,-0.03327909,-0.02128096,-0.02400767,0.9989311,356.1291,357.6495,357.326,8.0,DB
2025-06-04 16:00:06.777,3371,-0.03310831,-0.02084124,-0.02498572,0.9989221,356.1476,357.7033,357.2116,8.0,DB
2025-06-04 16:00:06.834,3372,-0.03386753,-0.02067429,-0.02806568,0.9988183,356.054,357.7367,356.8589,8.0,DB
2025-06-04 16:00:06.855,3373,-0.03386942,-0.02018011,-0.03069156,0.9987512,356.0496,357.8038,356.5555,8.0,DB
2025-06-04 16:00:06.887,3374,-0.03408066,-0.01976549,-0.03247472,0.9986959,356.023,357.8592,356.3495,8.0,DB
2025-06-04 16:00:06.935,3375,-0.03424195,-0.01942142,-0.03548044,0.9985949,355.9995,357.9113,356.0032,8.0,DB
2025-06-04 16:00:06.954,3376,-0.03355577,-0.02179426,-0.03846423,0.9984586,356.0616,357.6481,355.6686,8.0,DB
2025-06-04 16:00:06.999,3377,-0.03311048,-0.02430569,-0.03822565,0.9984246,356.1023,357.3571,355.7048,8.0,DB
2025-06-04 16:00:07.031,3378,-0.03206422,-0.0235421,-0.03778452,0.9984939,356.2266,357.4388,355.7501,8.0,DB
2025-06-04 16:00:07.067,3379,-0.03158987,-0.02145756,-0.03629142,0.9986113,356.2933,357.6704,355.9128,8.0,DB
2025-06-04 16:00:07.099,3380,-0.03097335,-0.01961335,-0.03538952,0.998701,356.3734,357.8763,356.0083,8.0,DB
2025-06-04 16:00:07.132,3381,-0.03002576,-0.01879031,-0.03486883,0.998764,356.4863,357.9652,356.0634,8.0,DB
2025-06-04 16:00:07.165,3382,-0.02925304,-0.01954556,-0.03423571,0.9987944,356.5732,357.8734,356.1373,8.0,DB
2025-06-04 16:00:07.199,3383,-0.02846955,-0.02067229,-0.03413692,0.9987978,356.6588,357.7409,356.1509,8.0,DB
2025-06-04 16:00:07.256,3384,-0.02815317,-0.02172947,-0.03425409,0.9987803,356.6907,357.6189,356.1403,8.0,DB
2025-06-04 16:00:07.277,3385,-0.02825674,-0.02164471,-0.03443616,0.9987729,356.6787,357.6296,356.1194,8.0,DB
2025-06-04 16:00:07.310,3386,-0.02901891,-0.02113206,-0.03420136,0.9987702,356.5939,357.6905,356.1462,8.0,DB
2025-06-04 16:00:07.343,3387,-0.03031982,-0.02087898,-0.03370819,0.9987535,356.447,357.7226,356.2046,8.0,DB
2025-06-04 16:00:07.400,3388,-0.03308094,-0.02123057,-0.03364171,0.9986607,356.1295,357.692,356.2192,8.0,DB
2025-06-04 16:00:07.421,3389,-0.0339065,-0.0217859,-0.03398883,0.9986094,356.032,357.6327,356.1833,8.0,DB
2025-06-04 16:00:07.455,3390,-0.03361573,-0.02230605,-0.03408511,0.9986045,356.0631,357.5723,356.1736,8.0,DB
2025-06-04 16:00:07.499,3391,-0.03162774,-0.02221774,-0.0336493,0.9986861,356.2922,357.5735,356.219,8.0,DB
2025-06-04 16:00:07.531,3392,-0.03169475,-0.02182612,-0.03318015,0.9987083,356.2872,357.617,356.2716,8.0,DB
2025-06-04 16:00:07.565,3393,-0.03240897,-0.02171011,-0.03280084,0.9987004,356.2067,357.6314,356.3162,8.0,DB
2025-06-04 16:00:07.599,3394,-0.03399367,-0.02155238,-0.03273707,0.9986533,356.0258,357.6548,356.3263,8.0,DB
2025-06-04 16:00:07.645,3395,-0.03315959,-0.02224068,-0.0324945,0.9986741,356.1194,357.572,356.355,8.0,DB
2025-06-04 16:00:07.677,3396,-0.03209735,-0.02273899,-0.03215901,0.9987085,356.2402,357.5098,356.3931,8.0,DB
2025-06-04 16:00:07.710,3397,-0.03291677,-0.02283527,-0.03254534,0.9986672,356.145,357.5031,356.351,8.0,DB
2025-06-04 16:00:07.743,3398,-0.03311335,-0.02267456,-0.0327775,0.9986567,356.1225,357.5231,356.3241,8.0,DB
2025-06-04 16:00:07.777,3399,-0.03262028,-0.02246499,-0.03343161,0.9986559,356.1781,357.5479,356.2471,8.0,DB
2025-06-04 16:00:07.810,3400,-0.03272485,-0.02174817,-0.03361638,0.9986622,356.1684,357.6313,356.2234,8.0,DB
2025-06-04 16:00:07.854,3401,-0.03254616,-0.02116104,-0.03415024,0.9986626,356.1898,357.7,356.1595,8.0,DB
2025-06-04 16:00:07.876,3402,-0.03210565,-0.02103237,-0.03461185,0.9986637,356.2398,357.7149,356.1051,8.0,DB
2025-06-04 16:00:07.934,3403,-0.0316535,-0.0203271,-0.03517433,0.998673,356.2931,357.7962,356.037,8.0,DB
2025-06-04 16:00:07.966,3404,-0.03128579,-0.01991341,-0.03518721,0.9986925,356.3368,357.8423,356.0332,8.0,DB
2025-06-04 16:00:07.988,3405,-0.03081897,-0.01950512,-0.03503039,0.9987206,356.3922,357.8868,356.0489,8.0,DB
2025-06-04 16:00:08.033,3406,-0.02869041,-0.0197767,-0.03494712,0.9987816,356.6352,357.8472,356.0554,8.0,DB
2025-06-04 16:00:08.075,3407,-0.02917821,-0.02005704,-0.03515153,0.9987547,356.5778,357.8176,356.0338,8.0,DB
2025-06-04 16:00:08.099,3408,-0.02943437,-0.02024751,-0.0352557,0.9987397,356.5474,357.7971,356.023,8.0,DB
2025-06-04 16:00:08.132,3409,-0.02893612,-0.02071471,-0.0352756,0.9987439,356.6026,357.7417,356.0213,8.0,DB
2025-06-04 16:00:08.165,3410,-0.02904782,-0.02135211,-0.03421958,0.998764,356.5898,357.6654,356.1449,8.0,DB
2025-06-04 16:00:08.223,3411,-0.02991929,-0.0212377,-0.03370442,0.9987582,356.4915,357.6799,356.2055,8.0,DB
2025-06-04 16:00:08.243,3412,-0.03069764,-0.02124887,-0.03322706,0.9987504,356.4034,357.6798,356.262,8.0,DB
2025-06-04 16:00:08.276,3413,-0.03305458,-0.0216959,-0.03276256,0.9986808,356.1328,357.6352,356.3219,8.0,DB
2025-06-04 16:00:08.309,3414,-0.03388039,-0.0225952,-0.03309589,0.9986223,356.0341,357.5362,356.289,8.0,DB
2025-06-04 16:00:08.366,3415,-0.033287,-0.02279455,-0.03299387,0.9986411,356.1016,357.5108,356.3001,8.0,DB
2025-06-04 16:00:08.387,3416,-0.03266507,-0.02238517,-0.03307549,0.9986682,356.1742,357.5559,356.2878,8.0,DB
2025-06-04 16:00:08.421,3417,-0.03228552,-0.02156498,-0.03233942,0.9987227,356.2224,357.6459,356.3684,8.0,DB
2025-06-04 16:00:08.454,3418,-0.03318242,-0.0205312,-0.03226689,0.9987174,356.1236,357.7673,356.3746,8.0,DB
2025-06-04 16:00:08.511,3419,-0.03324439,-0.02024906,-0.03218336,0.9987237,356.1177,357.7996,356.3832,8.0,DB
2025-06-04 16:00:08.533,3420,-0.03306643,-0.02032719,-0.03251915,0.9987172,356.1371,357.7913,356.3446,8.0,DB
2025-06-04 16:00:08.565,3421,-0.03332057,-0.02073581,-0.03183004,0.9987226,356.108,357.7426,356.4258,8.0,DB
2025-06-04 16:00:08.598,3422,-0.0336491,-0.02139484,-0.03128761,0.9987148,356.0693,357.666,356.4914,8.0,DB
2025-06-04 16:00:08.655,3423,-0.03410438,-0.02192265,-0.03111467,0.9986933,356.0157,357.6063,356.5143,8.0,DB
2025-06-04 16:00:08.676,3424,-0.03338869,-0.02216312,-0.03073031,0.998724,356.0977,357.5748,356.5578,8.0,DB
2025-06-04 16:00:08.710,3425,-0.03208675,-0.02222639,-0.03048001,0.998773,356.2473,357.5623,356.5839,8.0,DB
2025-06-04 16:00:08.754,3426,-0.03168423,-0.02182823,-0.03080893,0.9987846,356.294,357.6079,356.5438,8.0,DB
2025-06-04 16:00:08.788,3427,-0.03262643,-0.02146031,-0.03109499,0.9987533,356.1867,357.6543,356.5116,8.0,DB
2025-06-04 16:00:08.821,3428,-0.03245266,-0.02138249,-0.03140872,0.9987509,356.2061,357.6638,356.4749,8.0,DB
2025-06-04 16:00:08.854,3429,-0.03267046,-0.02152524,-0.03209248,0.9987189,356.179,357.6508,356.3974,8.0,DB
2025-06-04 16:00:08.900,3430,-0.03202419,-0.02132812,-0.03280159,0.9987211,356.2521,357.6739,356.3139,8.0,DB
2025-06-04 16:00:08.939,3431,-0.03212748,-0.02120176,-0.03284834,0.9987189,356.2407,357.6889,356.3083,8.0,DB
2025-06-04 16:00:08.965,3432,-0.03252632,-0.02080778,-0.03319125,0.9987029,356.1956,357.7368,356.2682,8.0,DB
2025-06-04 16:00:09.011,3433,-0.03235415,-0.02072354,-0.03284617,0.9987217,356.2165,357.7446,356.3072,8.0,DB
2025-06-04 16:00:09.032,3434,-0.03214828,-0.02037334,-0.03312048,0.9987265,356.2408,357.7851,356.2739,8.0,DB
2025-06-04 16:00:09.076,3435,-0.03093768,-0.02011899,-0.03296309,0.9987751,356.3807,357.8093,356.2887,8.0,DB
2025-06-04 16:00:09.111,3436,-0.0299785,-0.02010235,-0.03279703,0.9988101,356.4911,357.8072,356.3058,8.0,DB
2025-06-04 16:00:09.142,3437,-0.02988445,-0.02031134,-0.03220829,0.9988279,356.5024,357.7808,356.3739,8.0,DB
2025-06-04 16:00:09.176,3438,-0.03094807,-0.02064915,-0.03328681,0.9987532,356.3769,357.7497,356.2534,8.0,DB
2025-06-04 16:00:09.220,3439,-0.03161067,-0.02081588,-0.03339437,0.9987254,356.3001,357.7334,356.243,8.0,DB
2025-06-04 16:00:09.254,3440,-0.03228996,-0.02048462,-0.03287601,0.9987277,356.2246,357.7719,356.3027,8.0,DB
2025-06-04 16:00:09.287,3441,-0.03365195,-0.01958365,-0.03175816,0.998737,356.0743,357.8757,356.4302,8.0,DB
2025-06-04 16:00:09.321,3442,-0.03449463,-0.02006346,-0.03087297,0.9987264,355.978,357.82,356.5354,8.0,DB
2025-06-04 16:00:09.354,3443,-0.03539271,-0.02096693,-0.03049383,0.9986881,355.8728,357.7177,356.5844,8.0,DB
2025-06-04 16:00:09.387,3444,-0.03621784,-0.02185355,-0.02988781,0.9986579,355.7766,357.616,356.6595,8.0,DB
2025-06-04 16:00:09.432,3445,-0.03730716,-0.02199422,-0.02937696,0.9986299,355.6526,357.6011,356.7211,8.0,DB
2025-06-04 16:00:09.464,3446,-0.03723744,-0.02130733,-0.02915017,0.998654,355.6633,357.6787,356.744,8.0,DB
2025-06-04 16:00:09.499,3447,-0.03693978,-0.02039724,-0.02897602,0.9986891,355.7008,357.7816,356.7595,8.0,DB
2025-06-04 16:00:09.531,3448,-0.03615851,-0.02002413,-0.0287862,0.9987307,355.792,357.8212,356.7781,8.0,DB
2025-06-04 16:00:09.576,3449,-0.03560451,-0.02004675,-0.02836751,0.9987622,355.8563,357.8152,356.8252,8.0,DB
2025-06-04 16:00:09.609,3450,-0.03528472,-0.02038787,-0.02898198,0.998749,355.8905,357.7776,356.7554,8.0,DB
2025-06-04 16:00:09.642,3451,-0.03446402,-0.02053283,-0.02884318,0.9987787,355.9844,357.7578,356.7703,8.0,DB
2025-06-04 16:00:09.676,3452,-0.03388776,-0.02055487,-0.02913915,0.9987894,356.0497,357.7547,356.7352,8.0,DB
2025-06-04 16:00:09.710,3453,-0.03344541,-0.02024265,-0.02905293,0.9988132,356.1016,357.7888,356.743,8.0,DB
2025-06-04 16:00:09.742,3454,-0.03350435,-0.02008002,-0.02872701,0.9988239,356.0961,357.8064,356.7799,8.0,DB
2025-06-04 16:00:09.801,3455,-0.03237867,-0.02068536,-0.02750325,0.9988831,356.2259,357.7288,356.9205,8.0,DB
2025-06-04 16:00:09.820,3456,-0.03227616,-0.02115562,-0.02699499,0.9988904,356.2374,357.6726,356.9804,8.0,DB
2025-06-04 16:00:09.853,3457,-0.03334648,-0.02264108,-0.02532931,0.9988664,356.1144,357.4987,357.1797,8.0,DB
2025-06-04 16:00:09.911,3458,-0.03319448,-0.02441749,-0.02525701,0.9988314,356.127,357.2941,357.1945,8.0,DB
2025-06-04 16:00:09.943,3459,-0.03149998,-0.02462487,-0.02449483,0.9989002,356.3227,357.263,357.2784,8.0,DB
2025-06-04 16:00:09.963,3460,-0.02913626,-0.02500535,-0.02373717,0.9989808,356.5946,357.2108,357.3606,8.0,DB
2025-06-04 16:00:10.009,3461,-0.02523678,-0.02332523,-0.02487988,0.9990997,357.0429,357.3971,357.2142,8.0,DB
2025-06-04 16:00:10.052,3462,-0.02282466,-0.02095167,-0.02580651,0.9991868,357.3237,357.6654,357.0956,8.0,DB
2025-06-04 16:00:10.076,3463,-0.02361995,-0.01893401,-0.02593615,0.9992052,357.2382,357.8993,357.0769,8.0,DB
2025-06-04 16:00:10.120,3464,-0.02516359,-0.01813499,-0.02699397,0.9991543,357.0615,357.9984,356.9562,8.0,DB
2025-06-04 16:00:10.154,3465,-0.02636005,-0.01802681,-0.02822609,0.9990914,356.9223,358.0182,356.8167,8.0,DB
2025-06-04 16:00:10.187,3466,-0.02859025,-0.01857564,-0.02848114,0.9990128,356.6645,357.9629,356.7933,8.0,DB
2025-06-04 16:00:10.220,3467,-0.03149247,-0.0188525,-0.02877068,0.9989121,356.3305,357.9412,356.7664,8.0,DB
2025-06-04 16:00:10.254,3468,-0.03307644,-0.01914673,-0.02865704,0.9988585,356.1483,357.9119,356.7835,8.0,DB
2025-06-04 16:00:10.286,3469,-0.03315926,-0.01976627,-0.02907197,0.9988317,356.1359,357.8427,356.7384,8.0,DB
2025-06-04 16:00:10.332,3470,-0.03382728,-0.02019641,-0.0293583,0.9987923,356.0573,357.7965,356.7085,8.0,DB
2025-06-04 16:00:10.364,3471,-0.03223612,-0.02004371,-0.03022653,0.9988221,356.2383,357.8123,356.6051,8.0,DB
2025-06-04 16:00:10.398,3472,-0.03036396,-0.01891672,-0.03064701,0.99889,356.4557,357.937,356.5491,8.0,DB
2025-06-04 16:00:10.448,3473,-0.02966653,-0.01723492,-0.02935932,0.99898,356.5439,358.1231,356.6898,8.0,DB
2025-06-04 16:00:10.485,3474,-0.0300563,-0.01672731,-0.02921469,0.9989812,356.5011,358.1821,356.7053,8.0,DB
2025-06-04 16:00:10.521,3475,-0.03048895,-0.01732473,-0.02878343,0.9989704,356.4504,358.1134,356.7576,8.0,DB
2025-06-04 16:00:10.568,3476,-0.02961078,-0.0185228,-0.02776631,0.9990042,356.5492,357.9697,356.877,8.0,DB
2025-06-04 16:00:10.586,3477,-0.02806653,-0.01907267,-0.02660584,0.99907,356.7269,357.8981,357.0091,8.0,DB
2025-06-04 16:00:10.620,3478,-0.02763387,-0.01881957,-0.0261389,0.9990991,356.7782,357.9244,357.0611,8.0,DB
2025-06-04 16:00:10.655,3479,-0.02886704,-0.01857954,-0.02606846,0.9990706,356.6377,357.9552,357.0707,8.0,DB
2025-06-04 16:00:10.711,3480,-0.03094003,-0.01894834,-0.0252717,0.9990221,356.4008,357.9158,357.1674,8.0,DB
2025-06-04 16:00:10.755,3481,-0.03081196,-0.02041207,-0.0257726,0.9989845,356.4102,357.7493,357.1149,8.0,DB
2025-06-04 16:00:10.775,3482,-0.02992942,-0.02106346,-0.02566096,0.9990006,356.5097,357.6718,357.1281,8.0,DB
2025-06-04 16:00:10.809,3483,-0.02955659,-0.02141112,-0.02626166,0.9989887,356.55,357.6329,357.0596,8.0,DB
2025-06-04 16:00:10.843,3484,-0.02962462,-0.02078268,-0.0266076,0.9989909,356.5432,357.7064,357.0179,8.0,DB
2025-06-04 16:00:10.886,3485,-0.03106053,-0.0190961,-0.02810695,0.9989398,356.3806,357.9095,356.8427,8.0,DB
2025-06-04 16:00:10.920,3486,-0.03274328,-0.01850541,-0.02861173,0.9988828,356.1886,357.9843,356.7856,8.0,DB
2025-06-04 16:00:10.964,3487,-0.03339411,-0.01896062,-0.02838711,0.9988592,356.113,357.9332,356.8144,8.0,DB
2025-06-04 16:00:10.987,3488,-0.03339674,-0.02028077,-0.02762169,0.9988546,356.1102,357.7787,356.9074,8.0,DB
2025-06-04 16:00:11.032,3489,-0.03428945,-0.02167809,-0.02747676,0.998799,356.0039,357.6204,356.9314,8.0,DB
2025-06-04 16:00:11.064,3490,-0.03441514,-0.02176087,-0.02723365,0.9987995,355.9899,357.6102,356.96,8.0,DB
2025-06-04 16:00:11.109,3491,-0.03450866,-0.02138104,-0.02646016,0.9988254,355.9821,357.651,357.0475,8.0,DB
2025-06-04 16:00:11.146,3492,-0.03435589,-0.0211049,-0.02539284,0.9988642,356.0029,357.678,357.1685,8.0,DB
2025-06-04 16:00:11.176,3493,0.0345194,0.02148842,0.02576322,-0.9988409,355.9822,357.6359,357.1279,8.0,DB
2025-06-04 16:00:11.210,3494,0.03353321,0.0213874,0.02696622,-0.9988449,356.0927,357.6495,356.9873,8.0,DB
2025-06-04 16:00:11.254,3495,0.03227127,0.02014017,0.0282841,-0.9988759,356.2382,357.794,356.8286,8.0,DB
2025-06-04 16:00:11.276,3496,0.03243821,0.01893729,0.0278885,-0.9989051,356.2237,357.9311,356.8698,8.0,DB
2025-06-04 16:00:11.321,3497,0.03362386,0.01902468,0.0267166,-0.9988963,356.09,357.92,357.0069,8.0,DB
2025-06-04 16:00:11.353,3498,0.03360197,0.02012599,0.02641746,-0.9988835,356.0898,357.7924,357.0455,8.0,DB
2025-06-04 16:00:11.388,3499,0.03421292,0.02172923,0.02582957,-0.9988446,356.0165,357.6077,357.1206,8.0,DB
2025-06-04 16:00:11.421,3500,0.03455575,0.0223787,0.02571408,-0.9988213,355.9756,357.5336,357.1372,8.0,DB
2025-06-04 16:00:11.453,3501,0.03481669,0.02241207,0.02528591,-0.9988225,355.9467,357.5287,357.1871,8.0,DB
2025-06-04 16:00:11.511,3502,0.03512089,0.02160765,0.02585906,-0.9988149,355.9127,357.6242,357.1187,8.0,DB
2025-06-04 16:00:11.531,3503,0.03470385,0.02162157,0.0261389,-0.9988219,355.9598,357.6226,357.0857,8.0,DB
2025-06-04 16:00:11.564,3504,0.03347216,0.02167565,0.02651434,-0.9988528,356.0999,357.6145,357.0401,8.0,DB
2025-06-04 16:00:11.623,3505,0.0321504,0.02093285,0.02632638,-0.998917,356.254,357.6953,357.056,8.0,DB
2025-06-04 16:00:11.642,3506,0.03206256,0.02061531,0.02605482,-0.9989336,356.2656,357.7305,357.0858,8.0,DB
2025-06-04 16:00:11.693,3507,0.0325852,0.02044609,0.02565375,-0.9989306,356.2071,357.7498,357.1323,8.0,DB
2025-06-04 16:00:11.731,3508,0.03181069,0.02112076,0.02559125,-0.9989431,356.2941,357.6701,357.1404,8.0,DB
2025-06-04 16:00:11.752,3509,0.03157692,0.02134587,0.02558015,-0.998946,356.3203,357.6436,357.142,8.0,DB
2025-06-04 16:00:11.787,3510,0.0322931,0.02166503,0.02553363,-0.9989174,356.2374,357.6087,357.1501,8.0,DB
2025-06-04 16:00:11.820,3511,0.03229272,0.02175947,0.02503567,-0.998928,356.2384,357.596,357.2076,8.0,DB
2025-06-04 16:00:11.877,3512,0.03106522,0.02198898,0.02430705,-0.9989799,356.3802,357.5638,357.2893,8.0,DB
2025-06-04 16:00:11.898,3513,0.03066717,0.02190782,0.02432874,-0.9989935,356.4259,357.5721,357.2856,8.0,DB
2025-06-04 16:00:11.954,3514,0.03074871,0.02152925,0.02452539,-0.9989944,356.4172,357.6165,357.2619,8.0,DB
2025-06-04 16:00:11.991,3515,0.03046341,0.02157343,0.02439953,-0.9990052,356.45,357.6102,357.2758,8.0,DB
2025-06-04 16:00:12.027,3516,0.02987849,0.02135512,0.02443594,-0.9990267,356.5176,357.6339,357.2696,8.0,DB
2025-06-04 16:00:12.054,3517,0.03018885,0.02101622,0.0248348,-0.9990147,356.482,357.675,357.2233,8.0,DB
2025-06-04 16:00:12.087,3518,0.02941048,0.02069398,0.02461766,-0.99905,356.5726,357.7092,357.2455,8.0,DB
2025-06-04 16:00:12.137,3519,0.02798956,0.02040796,0.02441415,-0.9991017,356.7367,357.7376,357.2648,8.0,DB
2025-06-04 16:00:12.164,3520,0.02878451,0.02051108,0.02405766,-0.9990857,356.6461,357.7266,357.3078,8.0,DB
2025-06-04 16:00:12.198,3521,0.02876974,0.02108969,0.02414264,-0.999072,356.646,357.6605,357.2999,8.0,DB
2025-06-04 16:00:12.232,3522,0.02814653,0.02145218,0.02408898,-0.9990833,356.7166,357.6171,357.3059,8.0,DB
2025-06-04 16:00:12.276,3523,0.02686475,0.02184275,0.02467937,-0.9990957,356.861,357.5709,357.2365,8.0,DB
2025-06-04 16:00:12.309,3524,0.02404892,0.02173103,0.02401327,-0.9991862,357.1855,357.5744,357.3062,8.0,DB
2025-06-04 16:00:12.342,3525,0.02205772,0.02112809,0.02354412,-0.9992562,357.4164,357.6371,357.3538,8.0,DB
2025-06-04 16:00:12.387,3526,0.02151063,0.02087799,0.02280393,-0.9992905,357.4814,357.6626,357.4369,8.0,DB
2025-06-04 16:00:12.420,3527,0.02063061,0.02164534,0.02240654,-0.9993018,357.5813,357.5714,357.4823,8.0,DB
2025-06-04 16:00:12.453,3528,0.02035871,0.02234728,0.02261862,-0.9992871,357.6101,357.4908,357.459,8.0,DB
2025-06-04 16:00:12.486,3529,0.02044761,0.02280362,0.02264376,-0.9992744,357.5987,357.4388,357.4575,8.0,DB
2025-06-04 16:00:12.532,3530,0.02109921,0.02277913,0.02258441,-0.9992628,357.5243,357.443,357.4658,8.0,DB
2025-06-04 16:00:12.576,3531,0.02108592,0.02230015,0.02245007,-0.9992769,357.5273,357.4976,357.48,8.0,DB
2025-06-04 16:00:12.598,3532,0.02107736,0.02216719,0.02209188,-0.999288,357.5295,357.5119,357.5207,8.0,DB
2025-06-04 16:00:12.647,3533,0.02098681,0.02207034,0.02188279,-0.9992967,357.5407,357.5223,357.5443,8.0,DB
2025-06-04 16:00:12.674,3534,0.0210034,0.02208372,0.02161961,-0.9993017,357.5394,357.5201,357.5745,8.0,DB
2025-06-04 16:00:12.708,3535,0.02123658,0.02263079,0.02182151,-0.9992802,357.5108,357.4584,357.5533,8.0,DB
2025-06-04 16:00:12.750,3536,0.02182949,0.02310808,0.02188856,-0.9992551,357.4416,357.4053,357.5482,8.0,DB
2025-06-04 16:00:12.784,3537,0.0220389,0.02324997,0.02205472,-0.9992435,357.4168,357.3899,357.5301,8.0,DB
2025-06-04 16:00:12.831,3538,0.02213515,0.02288349,0.02233908,-0.9992435,357.4059,357.4329,357.4968,8.0,DB
2025-06-04 16:00:12.861,3539,0.02184294,0.0227044,0.02189931,-0.9992638,357.441,357.4516,357.546,8.0,DB
2025-06-04 16:00:12.895,3540,0.02153452,0.02245397,0.02161429,-0.9992823,357.4777,357.4789,357.5773,8.0,DB
2025-06-04 16:00:12.928,3541,0.02186743,0.02234223,0.02184191,-0.9992726,357.4392,357.4931,357.5517,8.0,DB
2025-06-04 16:00:12.973,3542,0.02201113,0.02292874,0.02130629,-0.9992677,357.4227,357.4247,357.615,8.0,DB
2025-06-04 16:00:13.013,3543,0.02200047,0.02350005,0.02241807,-0.9992304,357.4196,357.3621,357.489,8.0,DB
2025-06-04 16:00:13.039,3544,0.02148307,0.02371549,0.02250974,-0.9992344,357.4781,357.3364,357.4777,8.0,DB
2025-06-04 16:00:13.072,3545,0.02106931,0.02327714,0.0223867,-0.9992563,357.5269,357.3853,357.4897,8.0,DB
2025-06-04 16:00:13.117,3546,0.02162524,0.02258737,0.02208352,-0.999267,357.4658,357.465,357.524,8.0,DB
2025-06-04 16:00:13.160,3547,0.02253047,0.02226613,0.02229934,-0.9992494,357.3623,357.5045,357.5006,8.0,DB
2025-06-04 16:00:13.183,3548,0.02285879,0.02240646,0.02271166,-0.9992296,357.3233,357.4903,357.4545,8.0,DB
2025-06-04 16:00:13.217,3549,0.02327431,0.02263908,0.02264572,-0.9992162,357.2753,357.4645,357.4637,8.0,DB
2025-06-04 16:00:13.262,3550,0.02415913,0.02265037,0.022638,-0.9991952,357.1739,357.4653,357.4668,8.0,DB
2025-06-04 16:00:13.294,3551,0.0247624,0.0226005,0.02267884,-0.9991806,357.1048,357.4726,357.4634,8.0,DB
2025-06-04 16:00:13.327,3552,0.02478402,0.02255641,0.02295327,-0.9991748,357.1017,357.4785,357.4318,8.0,DB
2025-06-04 16:00:13.361,3553,0.02465317,0.02240972,0.02261747,-0.999189,357.118,357.494,357.4696,8.0,DB
2025-06-04 16:00:13.406,3554,0.02484416,0.02223391,0.02212114,-0.9991994,357.0977,357.5132,357.5265,8.0,DB
2025-06-04 16:00:13.439,3555,0.02547509,0.0224818,0.02259438,-0.9991673,357.0237,357.4877,357.4744,8.0,DB
2025-06-04 16:00:13.472,3556,0.02595304,0.02258261,0.02276597,-0.9991488,356.9682,357.4778,357.4562,8.0,DB
2025-06-04 16:00:13.517,3557,0.02653811,0.02263041,0.02273647,-0.9991331,356.9011,357.4736,357.4611,8.0,DB
2025-06-04 16:00:13.551,3558,0.02696836,0.02263204,0.02257817,-0.9991251,356.8522,357.474,357.4803,8.0,DB
2025-06-04 16:00:13.583,3559,0.0267728,0.02250567,0.02238016,-0.9991376,356.8754,357.4874,357.5022,8.0,DB
2025-06-04 16:00:13.635,3560,0.02750182,0.02242729,0.02230001,-0.9991214,356.7923,357.4978,357.5128,8.0,DB
2025-06-04 16:00:13.661,3561,0.0276182,0.02266048,0.0221805,-0.9991156,356.7787,357.471,357.5276,8.0,DB
2025-06-04 16:00:13.694,3562,0.02752722,0.02278217,0.02212225,-0.9991165,356.789,357.4566,357.5345,8.0,DB
2025-06-04 16:00:13.739,3563,0.02799772,0.02332221,0.02254864,-0.9990815,356.7326,357.3972,357.4884,8.0,DB
2025-06-04 16:00:13.772,3564,0.02755953,0.02316709,0.0229703,-0.9990878,356.7821,357.4153,357.4385,8.0,DB
2025-06-04 16:00:13.805,3565,0.0265809,0.02300675,0.02187844,-0.9991425,356.8975,357.4279,357.5608,8.0,DB
2025-06-04 16:00:13.839,3566,0.0275922,0.02274265,0.02126224,-0.9991344,356.7838,357.4585,357.6331,8.0,DB
2025-06-04 16:00:13.884,3567,0.0292473,0.02287007,0.021175,-0.9990862,356.5941,357.4473,357.6476,8.0,DB
2025-06-04 16:00:13.917,3568,0.03021318,0.0234085,0.02107733,-0.999047,356.4824,357.3873,357.663,8.0,DB
2025-06-04 16:00:13.951,3569,0.03051901,0.02370061,0.02178469,-0.9990158,356.4448,357.3569,357.5836,8.0,DB
2025-06-04 16:00:13.999,3570,0.03055379,0.02341381,0.02166996,-0.9990239,356.4418,357.3895,357.5959,8.0,DB
2025-06-04 16:00:14.028,3571,0.03062818,0.02319174,0.02122234,-0.9990364,356.4349,357.4136,357.6466,8.0,DB
2025-06-04 16:00:14.061,3572,0.0312276,0.02318516,0.02125333,-0.9990174,356.3662,357.4158,357.6445,8.0,DB
2025-06-04 16:00:14.095,3573,0.03106461,0.02335439,0.02112915,-0.9990211,356.3848,357.3955,357.659,8.0,DB
2025-06-04 16:00:14.128,3574,0.03081996,0.02334646,0.02134656,-0.9990243,356.4123,357.3967,357.6334,8.0,DB
2025-06-04 16:00:14.172,3575,0.03111219,0.02301014,0.02123427,-0.9990254,356.3799,357.4355,357.6458,8.0,DB
2025-06-04 16:00:14.217,3576,0.03157846,0.02291816,0.0213792,-0.9990098,356.3263,357.4477,357.6299,8.0,DB
2025-06-04 16:00:14.239,3577,0.03166281,0.0230035,0.02123664,-0.9990082,356.3168,357.4375,357.6468,8.0,DB
2025-06-04 16:00:14.290,3578,0.03152141,0.02292708,0.02147694,-0.9990094,356.3326,357.4469,357.6186,8.0,DB
2025-06-04 16:00:14.317,3579,0.03158303,0.02296249,0.02122859,-0.9990119,356.326,357.442,357.6474,8.0,DB
2025-06-04 16:00:14.350,3580,0.03151308,0.0230533,0.02142247,-0.9990079,356.3333,357.4322,357.6253,8.0,DB
2025-06-04 16:00:14.383,3581,0.03135284,0.02316128,0.02114837,-0.9990162,356.3522,357.4184,357.6568,8.0,DB
2025-06-04 16:00:14.429,3582,0.03109361,0.02314853,0.0211996,-0.9990236,356.3818,357.4195,357.6502,8.0,DB
2025-06-04 16:00:14.461,3583,0.03153274,0.02310531,0.02079967,-0.9990192,356.3326,357.424,357.697,8.0,DB
2025-06-04 16:00:14.495,3584,0.03205463,0.02315362,0.02173143,-0.9989817,356.2703,357.423,357.5915,8.0,DB
2025-06-04 16:00:14.539,3585,0.02990198,0.02338272,0.02181339,-0.9990413,356.5162,357.3921,357.5777,8.0,DB
2025-06-04 16:00:14.572,3586,0.02975529,0.02313183,0.02170706,-0.9990538,356.5339,357.4202,357.5887,8.0,DB
2025-06-04 16:00:14.606,3587,0.0306634,0.02272995,0.02118539,-0.9990467,356.4321,357.4665,357.6493,8.0,DB
2025-06-04 16:00:14.651,3588,0.03124665,0.02311652,0.02137542,-0.9990158,356.3639,357.4241,357.6303,8.0,DB
2025-06-04 16:00:14.684,3589,0.03049583,0.0230542,0.0220938,-0.9990248,356.4482,357.4322,357.5458,8.0,DB
2025-06-04 16:00:14.717,3590,0.03045128,0.02293536,0.02201354,-0.9990306,356.4538,357.4454,357.5545,8.0,DB
2025-06-04 16:00:14.751,3591,0.03102781,0.02262699,0.02168938,-0.999027,356.3893,357.481,357.5919,8.0,DB
2025-06-04 16:00:14.795,3592,0.03019843,0.02251442,0.02168622,-0.9990551,356.4846,357.492,357.59,8.0,DB
2025-06-04 16:00:14.828,3593,0.02955158,0.02269135,0.02191145,-0.9990655,356.5578,357.471,357.5632,8.0,DB
2025-06-04 16:00:14.862,3594,0.02931348,0.0227221,0.02177637,-0.9990748,356.5853,357.4665,357.5782,8.0,DB
2025-06-04 16:00:14.906,3595,0.02881157,0.02264518,0.02143796,-0.9990985,356.6439,357.473,357.6156,8.0,DB
2025-06-04 16:00:14.939,3596,0.02839011,0.02272071,0.02112589,-0.9991155,356.6928,357.4624,357.6506,8.0,DB
2025-06-04 16:00:14.972,3597,0.02877811,0.02285335,0.02145863,-0.9990942,356.6472,357.4491,357.6138,8.0,DB
2025-06-04 16:00:15.021,3598,0.02872756,0.02295937,0.02193205,-0.999083,356.6515,357.4384,357.5598,8.0,DB
2025-06-04 16:00:15.051,3599,0.02808909,0.02259826,0.02180869,-0.9991121,356.7258,357.478,357.5712,8.0,DB
2025-06-04 16:00:15.083,3600,0.02765329,0.02231287,0.02161353,-0.9991349,356.7769,357.5091,357.5916,8.0,DB
2025-06-04 16:00:15.117,3601,0.02762502,0.02224818,0.02138965,-0.9991419,356.7809,357.5157,357.617,8.0,DB
2025-06-04 16:00:15.161,3602,0.02794803,0.02253215,0.02143076,-0.9991257,356.7431,357.484,357.614,8.0,DB
2025-06-04 16:00:15.195,3603,0.02794707,0.02263406,0.02078472,-0.999137,356.7446,357.4702,357.6884,8.0,DB
2025-06-04 16:00:15.240,3604,0.02855366,0.02276656,0.02145652,-0.9991028,356.6731,357.4586,357.6133,8.0,DB
2025-06-04 16:00:15.261,3605,0.02783335,0.02311583,0.02153968,-0.9991132,356.7546,357.4171,357.6031,8.0,DB
2025-06-04 16:00:15.306,3606,0.02692304,0.02270435,0.02176686,-0.9991426,356.8593,357.463,357.5735,8.0,DB
2025-06-04 16:00:15.349,3607,0.02727726,0.02217886,0.02100244,-0.9991612,356.8219,357.5217,357.6604,8.0,DB
2025-06-04 16:00:15.372,3608,0.02755032,0.02229767,0.02037107,-0.9991641,356.7919,357.5066,357.7339,8.0,DB
2025-06-04 16:00:15.417,3609,0.02660054,0.02301469,0.02118881,-0.9991566,356.897,357.4249,357.64,8.0,DB
2025-06-04 16:00:15.450,3610,0.02632153,0.02359076,0.02107675,-0.9991529,356.9279,357.3578,357.654,8.0,DB
2025-06-04 16:00:15.483,3611,0.02671169,0.02336075,0.02116374,-0.9991462,356.8835,357.3853,357.6443,8.0,DB
2025-06-04 16:00:15.518,3612,0.02641832,0.02292418,0.02108468,-0.9991657,356.9183,357.4345,357.6512,8.0,DB
2025-06-04 16:00:15.561,3613,0.02649921,0.02261977,0.02141093,-0.9991636,356.909,357.4706,357.6131,8.0,DB
2025-06-04 16:00:15.595,3614,0.02614584,0.0222792,0.02095158,-0.9991903,356.9514,357.5075,357.6639,8.0,DB
2025-06-04 16:00:15.629,3615,0.02616348,0.02220503,0.02102722,-0.9991899,356.9494,357.5163,357.655,8.0,DB
2025-06-04 16:00:15.672,3616,0.02621753,0.02238614,0.02125625,-0.9991796,356.9422,357.4963,357.6294,8.0,DB
2025-06-04 16:00:15.706,3617,0.02608935,0.02242175,0.02151013,-0.9991767,356.9561,357.4927,357.6001,8.0,DB
2025-06-04 16:00:15.739,3618,0.02604737,0.02204694,0.02185852,-0.9991785,356.961,357.5367,357.5589,8.0,DB
2025-06-04 16:00:15.788,3619,0.02507787,0.021722,0.02153472,-0.9992175,357.0737,357.5708,357.5928,8.0,DB
2025-06-04 16:00:15.824,3620,0.02487066,0.02150596,0.02178106,-0.999222,357.0973,357.5958,357.5634,8.0,DB
2025-06-04 16:00:15.851,3621,0.0246908,0.02172368,0.02179933,-0.9992214,357.1174,357.5705,357.5616,8.0,DB
2025-06-04 16:00:15.883,3622,0.02450648,0.02191765,0.0220182,-0.9992169,357.1375,357.5484,357.5366,8.0,DB
2025-06-04 16:00:15.928,3623,0.02602979,0.02199841,0.02185148,-0.9991803,356.9631,357.5422,357.5595,8.0,DB
2025-06-04 16:00:15.961,3624,0.02636517,0.02187044,0.02282798,-0.9991524,356.9226,357.5607,357.4479,8.0,DB
2025-06-04 16:00:16.006,3625,0.02450102,0.02172923,0.02236755,-0.9992134,357.1377,357.571,357.496,8.0,DB
2025-06-04 16:00:16.028,3626,0.02421807,0.02136354,0.02205518,-0.9992352,357.1718,357.6114,357.5301,8.0,DB
2025-06-04 16:00:16.073,3627,0.02532327,0.02132809,0.02120439,-0.9992269,357.0473,357.6155,357.6301,8.0,DB
2025-06-04 16:00:16.115,3628,0.02560708,0.02188697,0.02128717,-0.9992058,357.0132,357.5523,357.6229,8.0,DB
2025-06-04 16:00:16.139,3629,0.02511805,0.02242755,0.02139406,-0.999204,357.0677,357.4895,357.6111,8.0,DB
2025-06-04 16:00:16.173,3630,0.02489625,0.02273578,0.02138218,-0.9992028,357.0924,357.4536,357.6128,8.0,DB
2025-06-04 16:00:16.218,3631,0.02485391,0.02215264,0.02136322,-0.9992173,357.0987,357.5204,357.6132,8.0,DB
2025-06-04 16:00:16.250,3632,0.02495861,0.02178781,0.0215422,-0.9992189,357.0872,357.563,357.5919,8.0,DB
2025-06-04 16:00:16.283,3633,0.02530821,0.02164862,0.02164424,-0.999211,357.0472,357.58,357.5806,8.0,DB
2025-06-04 16:00:16.329,3634,0.02542619,0.02178757,0.02199627,-0.9991972,357.0325,357.5654,357.5409,8.0,DB
2025-06-04 16:00:16.361,3635,0.02577106,0.02160557,0.02203255,-0.9991916,356.9933,357.5872,357.537,8.0,DB
2025-06-04 16:00:16.408,3636,0.0265054,0.0214034,0.02191637,-0.9991792,356.9099,357.6118,357.5513,8.0,DB
2025-06-04 16:00:16.428,3637,0.02654956,0.02149845,0.02188378,-0.9991768,356.9047,357.6009,357.5555,8.0,DB
2025-06-04 16:00:16.473,3638,0.02617897,0.02161157,0.02147819,-0.999193,356.9479,357.5858,357.6015,8.0,DB
2025-06-04 16:00:16.506,3639,0.0257609,0.02183896,0.02120075,-0.9992048,356.9959,357.5579,357.6331,8.0,DB
2025-06-04 16:00:16.539,3640,0.02570361,0.0218642,0.02118762,-0.9992059,357.0025,357.5549,357.6345,8.0,DB
2025-06-04 16:00:16.584,3641,0.0259229,0.0220101,0.02138813,-0.9991928,356.9765,357.5392,357.6125,8.0,DB
2025-06-04 16:00:16.618,3642,0.02619862,0.02186746,0.02152409,-0.9991859,356.9449,357.5566,357.597,8.0,DB
2025-06-04 16:00:16.651,3643,0.02680351,0.0218384,0.02195103,-0.9991611,356.8746,357.5627,357.5494,8.0,DB
2025-06-04 16:00:16.695,3644,0.02669157,0.02159916,0.02240113,-0.9991593,356.887,357.5912,357.4968,8.0,DB
2025-06-04 16:00:16.728,3645,0.02587825,0.02123482,0.02250548,-0.9991862,356.9808,357.6314,357.4818,8.0,DB
2025-06-04 16:00:16.760,3646,0.02644721,0.02073921,0.02190688,-0.9991951,356.9183,357.6878,357.5502,8.0,DB
2025-06-04 16:00:16.794,3647,0.02707404,0.0208888,0.02142786,-0.9991855,356.8472,357.6706,357.607,8.0,DB
2025-06-04 16:00:16.840,3648,0.02715875,0.0215933,0.02190081,-0.999158,356.8347,357.5915,357.5552,8.0,DB
2025-06-04 16:00:16.873,3649,0.02639165,0.02194856,0.02192453,-0.9991702,356.9216,357.549,357.5518,8.0,DB
2025-06-04 16:00:16.905,3650,0.02665519,0.02192187,0.02205008,-0.9991611,356.8912,357.553,357.5379,8.0,DB
2025-06-04 16:00:16.950,3651,0.02652527,0.02154049,0.02199147,-0.9991742,356.9072,357.5963,357.5432,8.0,DB
2025-06-04 16:00:16.983,3652,0.02674523,0.02144905,0.02197904,-0.9991705,356.8822,357.6073,357.5448,8.0,DB
2025-06-04 16:00:17.028,3653,0.02642926,0.02120185,0.02197829,-0.9991843,356.919,357.6349,357.5434,8.0,DB
2025-06-04 16:00:17.050,3654,0.0264937,0.02130293,0.02196028,-0.9991808,356.9114,357.6234,357.546,8.0,DB
2025-06-04 16:00:17.095,3655,0.02663989,0.02128788,0.0217746,-0.9991813,356.8951,357.6249,357.5675,8.0,DB
2025-06-04 16:00:17.128,3656,0.02670281,0.02157127,0.02182074,-0.9991725,356.8871,357.5927,357.5633,8.0,DB
2025-06-04 16:00:17.161,3657,0.02622503,0.02167985,0.02198521,-0.9991791,356.9412,357.5796,357.5436,8.0,DB
2025-06-04 16:00:17.195,3658,0.02602236,0.02159548,0.02200777,-0.9991858,356.9646,357.5889,357.5403,8.0,DB
2025-06-04 16:00:17.239,3659,0.02526742,0.02170027,0.02179316,-0.9992076,357.0514,357.5745,357.5635,8.0,DB
2025-06-04 16:00:17.272,3660,0.02516244,0.02147175,0.02155028,-0.9992205,357.0645,357.5997,357.5905,8.0,DB
2025-06-04 16:00:17.305,3661,0.02538362,0.02148285,0.02139056,-0.999218,357.0396,357.5985,357.6093,8.0,DB
2025-06-04 16:00:17.352,3662,0.02598684,0.02158247,0.02109807,-0.9992067,356.9709,357.5875,357.6446,8.0,DB
2025-06-04 16:00:17.383,3663,0.02700835,0.02173441,0.0218156,-0.9991609,356.8517,357.5746,357.5651,8.0,DB
2025-06-04 16:00:17.431,3664,0.02644135,0.0218917,0.02202312,-0.999168,356.9158,357.5559,357.5404,8.0,DB
2025-06-04 16:00:17.461,3665,0.02564378,0.02132452,0.02190813,-0.9992036,357.0089,357.6188,357.5501,8.0,DB
2025-06-04 16:00:17.495,3666,0.02604439,0.02109316,0.02102672,-0.9992172,356.9656,357.6436,357.6514,8.0,DB
2025-06-04 16:00:17.528,3667,0.0264135,0.02099142,0.02078398,-0.9992146,356.9241,357.6553,357.6797,8.0,DB
2025-06-04 16:00:17.561,3668,0.0265205,0.02104305,0.02122222,-0.9992015,356.9107,357.651,357.6299,8.0,DB
2025-06-04 16:00:17.607,3669,0.02650801,0.02115674,0.02129998,-0.9991978,356.9117,357.6382,357.6213,8.0,DB
2025-06-04 16:00:17.639,3670,0.02705023,0.02096609,0.02131049,-0.999187,356.85,357.6613,357.6207,8.0,DB
2025-06-04 16:00:17.673,3671,0.02735193,0.02103038,0.02140258,-0.9991755,356.8151,357.6549,357.611,8.0,DB
2025-06-04 16:00:17.718,3672,0.02705848,0.02106224,0.02168651,-0.9991767,356.848,357.6515,357.5779,8.0,DB
2025-06-04 16:00:17.750,3673,0.02684556,0.02090885,0.02120782,-0.9991959,356.8738,357.6671,357.6318,8.0,DB
2025-06-04 16:00:17.784,3674,0.02699888,0.02098441,0.02115855,-0.9991912,356.8562,357.6586,357.6381,8.0,DB
2025-06-04 16:00:17.828,3675,0.02638923,0.02088882,0.02129447,-0.9992067,356.926,357.6686,357.6208,8.0,DB
2025-06-04 16:00:17.861,3676,0.02647073,0.02095531,0.02162156,-0.9991961,356.9157,357.6622,357.5837,8.0,DB
2025-06-04 16:00:17.894,3677,0.02681712,0.02091135,0.02165468,-0.9991871,356.876,357.6681,357.5805,8.0,DB
2025-06-04 16:00:17.928,3678,0.02677685,0.02091828,0.02171747,-0.9991866,356.8805,357.6674,357.5732,8.0,DB
2025-06-04 16:00:17.972,3679,0.02624637,0.02098854,0.02144661,-0.9992052,356.9417,357.6573,357.6034,8.0,DB
2025-06-04 16:00:18.005,3680,0.02622519,0.02116402,0.02181443,-0.999194,356.9429,357.6383,357.5617,8.0,DB
2025-06-04 16:00:18.051,3681,0.02620334,0.02138808,0.02146638,-0.9991974,356.9457,357.6115,357.6022,8.0,DB
2025-06-04 16:00:18.072,3682,0.02604999,0.02129406,0.0214072,-0.9992046,356.9636,357.6217,357.6084,8.0,DB
2025-06-04 16:00:18.117,3683,0.02675152,0.02135558,0.02111946,-0.9991909,356.8838,357.6153,357.6432,8.0,DB
2025-06-04 16:00:18.150,3684,0.02698365,0.02167633,0.02218559,-0.9991546,356.8538,357.5824,357.5224,8.0,DB
2025-06-04 16:00:18.183,3685,0.02543503,0.02154284,0.02242987,-0.9991927,357.031,357.5948,357.4904,8.0,DB
2025-06-04 16:00:18.228,3686,0.02562569,0.02094184,0.02165333,-0.9992177,357.0125,357.6619,357.5781,8.0,DB
2025-06-04 16:00:18.262,3687,0.02615342,0.0205573,0.02098787,-0.9992262,356.9545,357.7052,357.6545,8.0,DB
2025-06-04 16:00:18.295,3688,0.02643874,0.0207129,0.02100594,-0.9992151,356.9214,357.688,357.6535,8.0,DB
2025-06-04 16:00:18.328,3689,0.02632627,0.02145685,0.02150278,-0.9991919,356.9313,357.6039,357.5985,8.0,DB
2025-06-04 16:00:18.373,3690,0.02609986,0.02208752,0.02172326,-0.9991792,356.9552,357.5318,357.5746,8.0,DB
2025-06-04 16:00:18.405,3691,0.02593856,0.02183848,0.02180754,-0.9991871,356.9741,357.5602,357.5638,8.0,DB
2025-06-04 16:00:18.439,3692,0.0261822,0.0211083,0.02170793,-0.9991986,356.9482,357.6442,357.5736,8.0,DB
2025-06-04 16:00:18.490,3693,0.02632391,0.02046398,0.02141611,-0.9992145,356.9342,357.7176,357.6054,8.0,DB
2025-06-04 16:00:18.518,3694,0.02645549,0.02044432,0.02133005,-0.9992133,356.9193,357.7199,357.6155,8.0,DB
2025-06-04 16:00:18.550,3695,0.02691153,0.02079319,0.02138795,-0.9991927,356.8661,357.6811,357.611,8.0,DB
2025-06-04 16:00:18.583,3696,0.02714856,0.02107883,0.02138102,-0.9991804,356.8383,357.6488,357.6132,8.0,DB
2025-06-04 16:00:18.629,3697,0.02690555,0.02121086,0.02171385,-0.9991772,356.8651,357.6342,357.5749,8.0,DB
2025-06-04 16:00:18.661,3698,0.02686439,0.02100121,0.02176895,-0.9991814,356.8701,357.6583,357.5678,8.0,DB
2025-06-04 16:00:18.694,3699,0.02691764,0.02080297,0.02158612,-0.9991881,356.865,357.6806,357.5883,8.0,DB
2025-06-04 16:00:18.749,3700,0.02621808,0.02095902,0.0211232,-0.9992133,356.9458,357.6596,357.6403,8.0,DB
2025-06-04 16:00:18.772,3701,0.0262781,0.02129113,0.02121747,-0.9992028,356.9379,357.622,357.6306,8.0,DB
2025-06-04 16:00:18.806,3702,0.02626159,0.02145445,0.02116287,-0.9992008,356.9396,357.603,357.6374,8.0,DB
2025-06-04 16:00:18.855,3703,0.0260193,0.02152768,0.02058755,-0.9992177,356.9685,357.5923,357.703,8.0,DB
2025-06-04 16:00:18.883,3704,0.02626889,0.02161443,0.02066876,-0.9992076,356.9395,357.5832,357.6946,8.0,DB
2025-06-04 16:00:18.917,3705,0.02642544,0.02187454,0.02136629,-0.9991831,356.9193,357.5558,357.6157,8.0,DB
2025-06-04 16:00:18.950,3706,0.02552317,0.02179171,0.02165584,-0.9992021,357.0222,357.5641,357.5801,8.0,DB
2025-06-04 16:00:18.994,3707,0.02573841,0.02095178,0.02086751,-0.9992313,357.0014,357.6586,357.6685,8.0,DB
2025-06-04 16:00:19.038,3708,0.02580891,0.02088243,0.02066264,-0.9992352,356.994,357.6661,357.692,8.0,DB
2025-06-04 16:00:19.061,3709,0.02605486,0.02113566,0.02055359,-0.9992257,356.9655,357.6373,357.7058,8.0,DB
2025-06-04 16:00:19.106,3710,0.02647075,0.02143106,0.02088707,-0.9992017,356.9163,357.6053,357.6694,8.0,DB
2025-06-04 16:00:19.139,3711,0.02683698,0.02146161,0.02128957,-0.9991827,356.8733,357.6039,357.6242,8.0,DB
2025-06-04 16:00:19.173,3712,0.02669539,0.02113123,0.0213951,-0.9991913,356.8901,357.6418,357.6107,8.0,DB
2025-06-04 16:00:19.206,3713,0.02705351,0.02078452,0.02137398,-0.9991894,356.8499,357.6823,357.6129,8.0,DB
2025-06-04 16:00:19.251,3714,0.02688039,0.02089826,0.02125533,-0.9991942,356.8698,357.6685,357.6264,8.0,DB
2025-06-04 16:00:19.284,3715,0.02651583,0.02074713,0.021504,-0.9992018,356.9113,357.6858,357.5966,8.0,DB
2025-06-04 16:00:19.317,3716,0.02626665,0.02065871,0.02170436,-0.9992059,356.9396,357.696,357.5728,8.0,DB
2025-06-04 16:00:19.349,3717,0.02619231,0.02028553,0.02131473,-0.9992238,356.9499,357.7374,357.6162,8.0,DB
2025-06-04 16:00:19.395,3718,0.02558259,0.02031783,0.02148959,-0.9992353,357.0193,357.7329,357.595,8.0,DB
2025-06-04 16:00:19.427,3719,0.0252389,0.02044323,0.02169666,-0.9992369,357.0579,357.7183,357.5708,8.0,DB
2025-06-04 16:00:19.461,3720,0.02462805,0.02061184,0.0218525,-0.9992453,357.1271,357.698,357.5521,8.0,DB
2025-06-04 16:00:19.515,3721,0.02362301,0.02062747,0.02119382,-0.9992834,357.2438,357.692,357.6255,8.0,DB
2025-06-04 16:00:19.539,3722,0.02277044,0.02026247,0.02088997,-0.9993171,357.343,357.7311,357.6575,8.0,DB
2025-06-04 16:00:19.572,3723,0.02237427,0.0199892,0.02044743,-0.9993407,357.39,357.7604,357.7067,8.0,DB
2025-06-04 16:00:19.616,3724,0.02262296,0.01983723,0.02019541,-0.9993433,357.3625,357.7778,357.7357,8.0,DB
2025-06-04 16:00:19.650,3725,0.02264742,0.02020586,0.0206315,-0.9993264,357.3578,357.7367,357.6867,8.0,DB
2025-06-04 16:00:19.683,3726,0.02101519,0.02062194,0.02132891,-0.999339,357.5423,357.6871,357.6042,8.0,DB
2025-06-04 16:00:19.716,3727,0.0181516,0.02078157,0.021326,-0.9993918,357.87,357.6621,357.5986,8.0,DB
2025-06-04 16:00:19.762,3728,0.01714202,0.01997066,0.02098227,-0.9994334,357.9883,357.7521,357.6341,8.0,DB
2025-06-04 16:00:19.795,3729,0.01611363,0.01956073,0.02077637,-0.999463,358.1076,357.7963,357.6547,8.0,DB
2025-06-04 16:00:19.828,3730,0.01523251,0.01936688,0.02021004,-0.9994922,358.2102,357.8155,357.7174,8.0,DB
2025-06-04 16:00:19.881,3731,0.01444579,0.01950876,0.02051619,-0.9994949,358.2993,357.798,357.6808,8.0,DB
2025-06-04 16:00:19.905,3732,0.01417054,0.01942884,0.0204063,-0.9995026,358.3313,357.8064,357.6927,8.0,DB
2025-06-04 16:00:19.939,3733,0.01337538,0.01884433,0.01980826,-0.9995367,358.425,357.8707,357.7587,8.0,DB
2025-06-04 16:00:19.972,3734,0.01369852,0.01826985,0.01946859,-0.9995498,358.39,357.9367,357.7973,8.0,DB
2025-06-04 16:00:20.026,3735,0.01464239,0.01747756,0.01906027,-0.9995584,358.2844,358.0288,357.8447,8.0,DB
2025-06-04 16:00:20.065,3736,0.0144532,0.01686558,0.01896163,-0.9995736,358.3076,358.0984,357.8546,8.0,DB
2025-06-04 16:00:20.095,3737,0.01348786,0.01667599,0.01869583,-0.9995952,358.4191,358.1177,357.883,8.0,DB
2025-06-04 16:00:20.137,3738,0.01315859,0.01673066,0.01780419,-0.999615,358.4584,358.1094,357.9846,8.0,DB
2025-06-04 16:00:20.174,3739,0.01345593,0.01638599,0.017369,-0.9996244,358.4258,358.1488,358.0345,8.0,DB
2025-06-04 16:00:20.194,3740,0.0133239,0.0156128,0.01777228,-0.9996315,358.4418,358.2378,357.9869,8.0,DB
2025-06-04 16:00:20.247,3741,0.01300618,0.01562408,0.01716207,-0.9996461,358.4792,358.2349,358.0563,8.0,DB
2025-06-04 16:00:20.272,3742,0.01449431,0.01517921,0.016651,-0.9996412,358.3105,358.2879,358.1167,8.0,DB
2025-06-04 16:00:20.306,3743,0.01615141,0.01534277,0.01646743,-0.9996163,358.1206,358.2718,358.1408,8.0,DB
2025-06-04 16:00:20.339,3744,0.01657859,0.01487503,0.0165934,-0.9996143,358.0723,358.3264,358.1261,8.0,DB
2025-06-04 16:00:20.384,3745,0.01737723,0.01409339,0.01732742,-0.9995996,357.9811,358.419,358.0417,8.0,DB
2025-06-04 16:00:20.429,3746,0.0180476,0.01346059,0.01771031,-0.9995897,357.905,358.4936,357.9975,8.0,DB
2025-06-04 16:00:20.450,3747,0.01652599,0.01304451,0.01825324,-0.9996118,358.0793,358.5394,357.9323,8.0,DB
2025-06-04 16:00:20.495,3748,0.01609821,0.01384866,0.01528113,-0.9996578,358.1313,358.4408,358.2739,8.0,DB
2025-06-04 16:00:20.528,3749,0.01718422,0.01457602,0.01494491,-0.9996344,358.0062,358.3585,358.3155,8.0,DB
2025-06-04 16:00:20.561,3750,0.01769632,0.01538693,0.01557059,-0.9996038,357.9451,358.2677,358.2462,8.0,DB
2025-06-04 16:00:20.594,3751,0.01719055,0.01633833,0.01589267,-0.9995925,358.0008,358.1584,358.2104,8.0,DB
2025-06-04 16:00:20.640,3752,0.0165774,0.01569208,0.01762429,-0.9995841,358.0691,358.2348,358.0095,8.0,DB
2025-06-04 16:00:20.672,3753,0.015456,0.01541447,0.01900333,-0.9995812,358.1957,358.2669,357.849,8.0,DB
2025-06-04 16:00:20.706,3754,0.01565235,0.01505877,0.01789184,-0.9996041,358.1759,358.3061,357.9761,8.0,DB
2025-06-04 16:00:20.751,3755,0.01607898,0.01406851,0.01829591,-0.9996044,358.1284,358.4212,357.9286,8.0,DB
2025-06-04 16:00:20.795,3756,0.0160295,0.01356196,0.01781305,-0.9996209,358.1358,358.4782,357.983,8.0,DB
2025-06-04 16:00:20.817,3757,0.01658293,0.01282775,0.01822165,-0.9996143,358.0733,358.5643,357.9355,8.0,DB
2025-06-04 16:00:20.862,3758,0.01745204,0.01181936,0.01906252,-0.9995962,357.9747,358.6833,357.8383,8.0,DB
2025-06-04 16:00:20.905,3759,0.01742633,0.01046311,0.01909878,-0.999611,357.9806,358.8388,357.8313,8.0,DB
2025-06-04 16:00:20.928,3760,0.01843798,0.009633075,0.01971867,-0.9995893,357.8658,358.9374,357.7596,8.0,DB
2025-06-04 16:00:20.972,3761,0.02149522,0.01034224,0.0188001,-0.9995388,357.5149,358.8606,357.8696,8.0,DB
2025-06-04 16:00:21.006,3762,0.02188133,0.009875792,0.02003752,-0.9995111,357.4703,358.918,357.7269,8.0,DB
2025-06-04 16:00:21.051,3763,0.022019,0.009599169,0.02001565,-0.9995112,357.4552,358.95,357.7289,8.0,DB
2025-06-04 16:00:21.091,3764,0.02322051,0.009888501,0.02159411,-0.9994483,357.3152,358.9237,357.5497,8.0,DB
2025-06-04 16:00:21.116,3765,0.0236792,0.01081474,0.02152621,-0.9994295,357.2604,358.8184,357.5605,8.0,DB
2025-06-04 16:00:21.150,3766,0.02400523,0.01219681,0.02065786,-0.999424,357.2208,358.6583,357.6643,8.0,DB
2025-06-04 16:00:21.183,3767,0.0246651,0.01282545,0.02283175,-0.9993528,357.1407,358.5939,357.4175,8.0,DB
2025-06-04 16:00:21.230,3768,0.02215174,0.01168295,0.02331619,-0.9994145,357.431,358.7198,357.3558,8.0,DB
2025-06-04 16:00:21.260,3769,0.02237571,0.01186658,0.02493571,-0.9993683,357.4027,358.7036,357.1707,8.0,DB
2025-06-04 16:00:21.295,3770,0.02099196,0.01147395,0.02636182,-0.9993662,357.5606,358.7482,357.0046,8.0,DB
2025-06-04 16:00:21.339,3771,0.01902247,0.01128454,0.02457891,-0.9994533,357.789,358.7602,357.2064,8.0,DB
2025-06-04 16:00:21.372,3772,0.01790244,0.01180017,0.02180606,-0.9995323,357.9196,358.6922,357.5242,8.0,DB
2025-06-04 16:00:21.406,3773,0.01777935,0.01299797,0.02082842,-0.9995405,357.9321,358.5526,357.6386,8.0,DB
2025-06-04 16:00:21.455,3774,0.01722124,0.01448008,0.0207819,-0.9995309,357.9926,358.3813,357.6461,8.0,DB
2025-06-04 16:00:21.483,3775,0.01599883,0.01488889,0.02076738,-0.9995455,358.1317,358.3316,357.6467,8.0,DB
2025-06-04 16:00:21.516,3776,0.01519807,0.01456053,0.02006845,-0.9995771,358.2254,358.3661,357.725,8.0,DB
2025-06-04 16:00:21.550,3777,0.01523088,0.01448414,0.01976495,-0.9995838,358.2223,358.3744,357.7597,8.0,DB
2025-06-04 16:00:21.595,3778,0.01692272,0.01476035,0.01948886,-0.999558,358.0283,358.3459,357.7945,8.0,DB
2025-06-04 16:00:21.637,3779,0.01828069,0.01611344,0.01968384,-0.9995093,357.8694,358.1941,357.7772,8.0,DB
2025-06-04 16:00:21.661,3780,0.01899964,0.01715444,0.02061087,-0.9994599,357.7829,358.0784,357.6744,8.0,DB
2025-06-04 16:00:21.694,3781,0.01948589,0.01725504,0.02255549,-0.9994068,357.7232,358.0724,357.4525,8.0,DB
2025-06-04 16:00:21.740,3782,0.01891052,0.0157173,0.02375739,-0.9994154,357.791,358.2499,357.3103,8.0,DB
2025-06-04 16:00:21.772,3783,0.01854706,0.01407993,0.02391867,-0.9994428,357.8367,358.437,357.2876,8.0,DB
2025-06-04 16:00:21.806,3784,0.01920887,0.01294684,0.02445417,-0.9994326,357.7632,358.5698,357.2246,8.0,DB
2025-06-04 16:00:21.851,3785,0.01738399,0.01310115,0.02382665,-0.9994792,357.9728,358.5459,357.2945,8.0,DB
2025-06-04 16:00:21.883,3786,0.01549202,0.01386859,0.02223007,-0.9995368,358.1899,358.45,357.4763,8.0,DB
2025-06-04 16:00:21.932,3787,0.01460057,0.01440185,0.02043731,-0.9995809,358.2936,358.3836,357.6815,8.0,DB
2025-06-04 16:00:21.967,3788,0.01517405,0.01551052,0.01935503,-0.9995773,358.2272,358.2559,357.8084,8.0,DB
2025-06-04 16:00:21.994,3789,0.01554876,0.01648542,0.01996915,-0.9995438,358.181,358.1461,357.7404,8.0,DB
2025-06-04 16:00:22.028,3790,0.01636965,0.01718339,0.02059065,-0.9995064,358.0842,358.0691,357.6719,8.0,DB
2025-06-04 16:00:22.079,3791,0.01741007,0.01726593,0.02109393,-0.9994769,357.9638,358.063,357.6163,8.0,DB
2025-06-04 16:00:22.106,3792,0.01855578,0.01737981,0.02189553,-0.999437,357.8307,358.0543,357.5268,8.0,DB
2025-06-04 16:00:22.139,3793,0.01913267,0.0171001,0.02227084,-0.9994227,357.7646,358.0886,357.4842,8.0,DB
2025-06-04 16:00:22.173,3794,0.01913662,0.01679336,0.02241773,-0.9994246,357.7646,358.1241,357.4667,8.0,DB
2025-06-04 16:00:22.217,3795,0.02028804,0.01641062,0.02311906,-0.9993922,357.6324,358.1725,357.3874,8.0,DB
2025-06-04 16:00:22.251,3796,0.02128528,0.01600921,0.02403462,-0.9993564,357.5176,358.2233,357.2831,8.0,DB
2025-06-04 16:00:22.283,3797,0.02205743,0.01606527,0.02419096,-0.9993349,357.4287,358.2194,357.2666,8.0,DB
2025-06-04 16:00:22.316,3798,0.02201893,0.01635316,0.02411774,-0.999333,357.4324,358.186,357.2757,8.0,DB
2025-06-04 16:00:22.362,3799,0.02258989,0.01679695,0.02345904,-0.9993284,357.367,358.1349,357.3533,8.0,DB
2025-06-04 16:00:22.395,3800,0.02411551,0.01697139,0.02224402,-0.9993176,357.1941,358.1154,357.4958,8.0,DB
2025-06-04 16:00:22.444,3801,0.02517136,0.01752552,0.02062925,-0.9993167,357.0749,358.0497,357.6846,8.0,DB
2025-06-04 16:00:22.461,3802,0.02728272,0.01826577,0.01959264,-0.9992689,356.8333,357.9662,357.8097,8.0,DB
2025-06-04 16:00:22.505,3803,0.02950411,0.01910592,0.02000623,-0.9991819,356.576,357.8758,357.7694,8.0,DB
2025-06-04 16:00:22.539,3804,0.03052447,0.01970036,0.01936375,-0.9991523,356.4591,357.8074,357.8473,8.0,DB
2025-06-04 16:00:22.572,3805,0.03159976,0.01956698,0.01892966,-0.9991298,356.3372,357.8233,357.8988,8.0,DB
2025-06-04 16:00:22.629,3806,0.03380256,0.01937705,0.0180812,-0.9990771,356.0869,357.8461,357.9999,8.0,DB
2025-06-04 16:00:22.650,3807,0.03552671,0.01957065,0.01809363,-0.9990134,355.8889,357.8271,358.0028,8.0,DB
2025-06-04 16:00:22.694,3808,0.03764186,0.01970755,0.01886193,-0.998919,355.6444,357.8187,357.9195,8.0,DB
2025-06-04 16:00:22.728,3809,0.03994644,0.01981871,0.01897532,-0.9988251,355.3798,357.8108,357.9116,8.0,DB
2025-06-04 16:00:22.761,3810,0.04039761,0.02008518,0.01886426,-0.9988038,355.3277,357.7805,357.9265,8.0,DB
2025-06-04 16:00:22.806,3811,0.04022407,0.01986697,0.01971297,-0.9987987,355.3462,357.8093,357.8277,8.0,DB
2025-06-04 16:00:22.839,3812,0.0398185,0.01968838,0.01949723,-0.9988227,355.3936,357.828,357.8508,8.0,DB
2025-06-04 16:00:22.872,3813,0.03982157,0.0194445,0.01967523,-0.9988239,355.3933,357.8568,357.8292,8.0,DB
2025-06-04 16:00:22.916,3814,0.04117489,0.01904302,0.02058145,-0.9987585,355.2372,357.91,357.7259,8.0,DB
2025-06-04 16:00:22.960,3815,0.04170151,0.01895883,0.02125749,-0.9987241,355.1756,357.924,357.6488,8.0,DB
2025-06-04 16:00:22.983,3816,0.0418154,0.01875809,0.02203508,-0.9987063,355.1614,357.9511,357.5587,8.0,DB
2025-06-04 16:00:23.028,3817,0.04199815,0.01814835,0.02201086,-0.9987105,355.142,358.0215,357.5588,8.0,DB
2025-06-04 16:00:23.070,3818,0.04260205,0.01782124,0.02185042,-0.9986942,355.0739,358.0596,357.5767,8.0,DB
2025-06-04 16:00:23.094,3819,0.04264698,0.01789228,0.02128673,-0.9987032,355.0696,358.0488,357.6419,8.0,DB
2025-06-04 16:00:23.128,3820,0.04219916,0.01826756,0.02112819,-0.9987188,355.1204,358.0039,357.6612,8.0,DB
2025-06-04 16:00:23.173,3821,0.04189832,0.01869286,0.02141972,-0.9987174,355.1533,357.9558,357.6292,8.0,DB
2025-06-04 16:00:23.205,3822,0.04164327,0.0190032,0.02172475,-0.9987156,355.1812,357.9211,357.5952,8.0,DB
2025-06-04 16:00:23.239,3823,0.04144232,0.01889561,0.02141047,-0.9987329,355.2051,357.9315,357.6304,8.0,DB
2025-06-04 16:00:23.283,3824,0.04724658,0.01843832,0.02071708,-0.9984982,354.5421,357.993,357.7184,8.0,DB
2025-06-04 16:00:23.317,3825,0.05117654,0.0185468,0.02001424,-0.9983169,354.0925,357.9845,357.807,8.0,DB
2025-06-04 16:00:23.350,3826,0.05712066,0.01933978,0.01964674,-0.9979866,353.4096,357.9026,357.8652,8.0,DB
2025-06-04 16:00:23.394,3827,0.0629769,0.01986323,0.02034736,-0.99761,352.7349,357.8584,357.7991,8.0,DB
2025-06-04 16:00:23.427,3828,0.06878462,0.01980042,0.02059999,-0.9972224,352.0677,357.8789,357.7802,8.0,DB
2025-06-04 16:00:23.460,3829,0.07416798,0.01943911,0.02026014,-0.9968505,351.4509,357.9282,357.8262,8.0,DB
2025-06-04 16:00:23.494,3830,0.07694015,0.01926316,0.01982098,-0.9966526,351.1337,357.9498,357.8803,8.0,DB
2025-06-04 16:00:23.540,3831,0.08183947,0.01957637,0.0196981,-0.9962586,350.5703,357.9213,357.906,8.0,DB
2025-06-04 16:00:23.573,3832,0.08713393,0.02007267,0.01996526,-0.9957943,349.96,357.8759,357.8894,8.0,DB
2025-06-04 16:00:23.606,3833,0.09392592,0.02000482,0.01973553,-0.9951826,349.1793,357.8932,357.9274,8.0,DB
2025-06-04 16:00:23.651,3834,0.09797762,0.01982714,0.01925456,-0.9948049,348.7144,357.9152,357.9883,8.0,DB
2025-06-04 16:00:23.684,3835,0.1055808,0.02005482,0.0190293,-0.9940265,347.8388,357.8982,358.0305,8.0,DB
2025-06-04 16:00:23.716,3836,0.1071891,0.0200527,0.01862875,-0.9938619,347.6543,357.8959,358.08,8.0,DB
2025-06-04 16:00:23.749,3837,0.1136408,0.0205661,0.01794199,-0.9931471,346.9111,357.8364,358.1783,8.0,DB
2025-06-04 16:00:23.803,3838,0.1174531,0.02088949,0.01771424,-0.9927007,346.4713,357.8006,358.2163,8.0,DB
2025-06-04 16:00:23.816,3839,0.1238489,0.02125658,0.0173802,-0.9919212,345.7333,357.7609,358.2726,8.0,DB
2025-06-04 16:00:23.876,3840,0.1261695,0.02122707,0.01678434,-0.9916397,345.4667,357.7583,358.3465,8.0,DB
2025-06-04 16:00:23.893,3841,0.1349025,0.02136831,0.01727717,-0.9904779,344.4562,357.7593,358.3072,8.0,DB
2025-06-04 16:00:23.938,3842,0.1363156,0.02172785,0.01741884,-0.9902741,344.2919,357.7208,358.299,8.0,DB
2025-06-04 16:00:23.962,3843,0.1415963,0.02174789,0.01730459,-0.9895344,343.6812,357.7224,358.3229,8.0,DB
2025-06-04 16:00:24.019,3844,0.1432133,0.02105027,0.01669936,-0.9893271,343.4966,357.7963,358.3856,8.0,DB
2025-06-04 16:00:24.038,3845,0.1530782,0.02145436,0.01623691,-0.9878477,342.3542,357.7498,358.466,8.0,DB
2025-06-04 16:00:24.093,3846,0.1546656,0.02209684,0.01694584,-0.9875745,342.1674,357.688,358.3967,8.0,DB
2025-06-04 16:00:24.107,3847,0.1598727,0.02228113,0.01702701,-0.9867393,341.5629,357.6725,358.4006,8.0,DB
2025-06-04 16:00:24.160,3848,0.1631083,0.02214037,0.01693896,-0.9862144,341.1877,357.6905,358.4146,8.0,DB
2025-06-04 16:00:24.175,3849,0.1706034,0.02215967,0.01662076,-0.9849505,340.3175,357.6882,358.4676,8.0,DB
2025-06-04 16:00:24.227,3850,0.1740841,0.0220808,0.01681457,-0.9843398,339.9123,357.7046,358.4493,8.0,DB
2025-06-04 16:00:24.259,3851,0.1793104,0.02228158,0.01637816,-0.9834039,339.3047,357.675,358.5163,8.0,DB
2025-06-04 16:00:24.293,3852,0.1859848,0.02240406,0.0163685,-0.9821609,338.5267,357.6646,358.5333,8.0,DB
2025-06-04 16:00:24.326,3853,0.1908439,0.02206982,0.0166597,-0.981231,337.9597,357.7152,358.4996,8.0,DB
2025-06-04 16:00:24.359,3854,0.1929498,0.0217759,0.01640211,-0.98083,337.7149,357.7463,358.5279,8.0,DB
2025-06-04 16:00:24.404,3855,0.1978512,0.0219109,0.01602115,-0.9798563,337.1429,357.7237,358.5868,8.0,DB
2025-06-04 16:00:24.437,3856,0.2038983,0.02231832,0.01570719,-0.9786116,336.4359,357.6693,358.6471,8.0,DB
2025-06-04 16:00:24.471,3857,0.208629,0.02283711,0.01558567,-0.9776041,335.8815,357.6045,358.6851,8.0,DB
2025-06-04 16:00:24.501,3858,0.215807,0.0229555,0.01562728,-0.9760412,335.0397,357.5936,358.6982,8.0,DB
2025-06-04 16:00:24.548,3859,0.2209119,0.02290778,0.01541767,-0.9749028,334.4409,357.5952,358.7335,8.0,DB
2025-06-04 16:00:24.581,3860,0.2335107,0.02289177,0.01511047,-0.9719675,332.9594,357.5906,358.7981,8.0,DB
2025-06-04 16:00:24.629,3861,0.2385153,0.02364414,0.01630234,-0.9707141,332.3654,357.5334,358.6824,8.0,DB
2025-06-04 16:00:24.647,3862,0.2474629,0.0240126,0.01582456,-0.9684706,331.3093,357.4729,358.7742,8.0,DB
2025-06-04 16:00:24.692,3863,0.2529493,0.02401227,0.01555462,-0.9670566,330.6608,357.4639,358.821,8.0,DB
2025-06-04 16:00:24.724,3864,0.2639888,0.02334645,0.01476041,-0.9641303,329.3542,357.5202,358.9254,8.0,DB
2025-06-04 16:00:24.758,3865,0.2673342,0.02299443,0.014524,-0.9632202,328.9577,357.5563,358.951,8.0,DB
2025-06-04 16:00:24.802,3866,0.273438,0.02263622,0.01436615,-0.961516,328.2321,357.5952,358.9724,8.0,DB
2025-06-04 16:00:24.824,3867,0.2826452,0.02277501,0.01411875,-0.9588503,327.1343,357.5644,359.0313,8.0,DB
2025-06-04 16:00:24.869,3868,0.2871416,0.02321423,0.01434808,-0.9574995,326.5958,357.5136,359.0291,8.0,DB
2025-06-04 16:00:24.902,3869,0.298117,0.02361159,0.01397226,-0.9541351,325.2813,357.4391,359.1227,8.0,DB
2025-06-04 16:00:24.935,3870,0.3033071,0.02362778,0.01388371,-0.9524989,324.658,357.4291,359.149,8.0,DB
2025-06-04 16:00:24.980,3871,0.3121688,0.02319531,0.01349543,-0.9496477,323.5923,357.4627,359.2062,8.0,DB
2025-06-04 16:00:25.001,3872,0.3201897,0.02307174,0.0131794,-0.9469809,322.6246,357.4571,359.2655,8.0,DB
2025-06-04 16:00:25.050,3873,0.3265879,0.02284773,0.01297807,-0.9448016,321.8506,357.4713,359.3006,8.0,DB
2025-06-04 16:00:25.086,3874,0.3370835,0.02280683,0.01270583,-0.9411129,320.5766,357.4505,359.3666,8.0,DB
2025-06-04 16:00:25.112,3875,0.3475132,0.02261492,0.01280766,-0.9373149,319.3046,357.4681,359.3734,8.0,DB
2025-06-04 16:00:25.134,3876,0.3573844,0.02229333,0.01270078,-0.9336049,318.0965,357.4936,359.401,8.0,DB
2025-06-04 16:00:25.185,3877,0.3650328,0.02224594,0.0124728,-0.9306453,317.1574,357.4752,359.455,8.0,DB
2025-06-04 16:00:25.200,3878,0.3800876,0.02245955,0.01195925,-0.9246005,315.2999,357.3841,359.5936,8.0,DB
2025-06-04 16:00:25.245,3879,0.3816348,0.02343234,0.01153469,-0.9239442,315.1091,357.209,359.7226,8.0,DB
2025-06-04 16:00:25.265,3880,0.3948886,0.02402827,0.01097415,-0.9183493,313.463,357.0447,359.9018,8.0,DB
2025-06-04 16:00:25.311,3881,0.4001626,0.02442256,0.01007015,-0.9160635,312.8076,356.9053,0.09242719,8.0,DB
2025-06-04 16:00:25.332,3882,0.4023904,0.02466957,0.01031562,-0.9150777,312.5281,356.8752,0.08259352,8.0,DB
2025-06-04 16:00:25.376,3883,0.402114,0.02463424,0.01047346,-0.9151984,312.5622,356.8925,0.05429462,8.0,DB
2025-06-04 16:00:25.398,3884,0.4020014,0.02432889,0.01095204,-0.9152504,312.5746,356.9728,359.9587,8.0,DB
2025-06-04 16:00:25.432,3885,0.4023876,0.02374705,0.01075782,-0.9150982,312.527,357.0485,359.951,8.0,DB
2025-06-04 16:00:25.465,3886,0.4030793,0.02371166,0.01028138,-0.9148002,312.442,357.019,0.02585591,8.0,DB
2025-06-04 16:00:25.499,3887,0.403768,0.02412525,0.01042018,-0.914484,312.3553,356.9617,0.03604384,8.0,DB
2025-06-04 16:00:25.532,3888,0.4042708,0.02447259,0.0105141,-0.9142516,312.292,356.9122,0.04785503,8.0,DB
2025-06-04 16:00:25.554,3889,0.4046046,0.02456475,0.01055676,-0.9141009,312.2501,356.8995,0.04926514,8.0,DB
2025-06-04 16:00:25.599,3890,0.4061192,0.02482504,0.01124197,-0.9134139,312.058,356.9005,359.9681,8.0,DB
2025-06-04 16:00:25.620,3891,0.4059259,0.02470005,0.01108407,-0.913505,312.0827,356.9099,359.9831,8.0,DB
2025-06-04 16:00:25.671,3892,0.4043797,0.02434535,0.01076827,-0.9142039,312.2775,356.9491,6.234612e-05,8.0,DB
2025-06-04 16:00:25.688,3893,0.4029528,0.02429454,0.01075829,-0.914835,312.4562,356.9615,359.9911,8.0,DB
2025-06-04 16:00:25.721,3894,0.3995453,0.02404864,0.01106661,-0.9163312,312.8814,357.0324,359.9104,8.0,DB
2025-06-04 16:00:25.754,3895,0.3962534,0.02389246,0.01101246,-0.9177642,313.2927,357.0636,359.8932,8.0,DB
2025-06-04 16:00:25.788,3896,0.3957412,0.02421382,0.01096958,-0.9179773,313.3567,357.0132,359.9186,8.0,DB
2025-06-04 16:00:25.810,3897,0.3943957,0.02448392,0.0112243,-0.918546,313.5236,356.993,359.8912,8.0,DB
2025-06-04 16:00:25.855,3898,0.3908422,0.02438074,0.01149449,-0.9200631,313.9654,357.0375,359.8272,8.0,DB
2025-06-04 16:00:25.876,3899,0.3914948,0.02395249,0.0114821,-0.9197971,313.8843,357.0999,359.8043,8.0,DB
2025-06-04 16:00:25.927,3900,0.3977298,0.02318429,0.01210786,-0.9171298,313.1051,357.2408,359.6842,8.0,DB
2025-06-04 16:00:25.943,3901,0.3998274,0.02269676,0.01284927,-0.9162194,312.8411,357.3604,359.5453,8.0,DB
2025-06-04 16:00:25.988,3902,0.4037266,0.01974869,0.01402869,-0.9145591,312.3522,357.8907,359.1738,8.0,DB
2025-06-04 16:00:26.008,3903,0.4031067,0.01865722,0.01457948,-0.9148467,312.4297,358.0988,359.0119,8.0,DB
2025-06-04 16:00:26.043,3904,0.4024774,0.01805288,0.01471181,-0.9151338,312.5089,358.2021,358.9489,8.0,DB
2025-06-04 16:00:26.089,3905,0.4019942,0.01870681,0.01405205,-0.9153433,312.57,358.056,359.095,8.0,DB
2025-06-04 16:00:26.121,3906,0.3992665,0.02015175,0.01362251,-0.9165123,312.9108,357.8064,359.2528,8.0,DB
2025-06-04 16:00:26.132,3907,0.3975163,0.02068496,0.01386792,-0.9172571,313.1284,357.7431,359.246,8.0,DB
2025-06-04 16:00:26.177,3908,0.3947144,0.0201505,0.01354989,-0.918483,313.4793,357.8079,359.252,8.0,DB
2025-06-04 16:00:26.198,3909,0.3946624,0.01961087,0.01348157,-0.918518,313.4864,357.8861,359.2268,8.0,DB
2025-06-04 16:00:26.244,3910,0.3955961,0.01836747,0.01316023,-0.9181466,313.3717,358.0543,359.1962,8.0,DB
2025-06-04 16:00:26.265,3911,0.3950704,0.01779707,0.01301653,-0.9183863,313.4381,358.1327,359.1795,8.0,DB
2025-06-04 16:00:26.310,3912,0.3951784,0.01774786,0.01201541,-0.9183544,313.4267,358.0742,359.3297,8.0,DB
2025-06-04 16:00:26.331,3913,0.3959672,0.01860762,0.01119625,-0.918008,313.3296,357.8873,359.514,8.0,DB
2025-06-04 16:00:26.365,3914,0.3972496,0.02001278,0.01042619,-0.9174332,313.1708,357.6179,359.7295,8.0,DB
2025-06-04 16:00:26.398,3915,0.3983926,0.02107668,0.009597642,-0.9169227,313.0302,357.3959,359.9323,8.0,DB
2025-06-04 16:00:26.432,3916,0.3977131,0.02135567,0.008485679,-0.9172221,313.1182,357.2808,0.1190633,8.0,DB
2025-06-04 16:00:26.454,3917,0.3970313,0.02167997,0.007761979,-0.9175162,313.2056,357.1852,0.2487087,8.0,DB
2025-06-04 16:00:26.499,3918,0.3965948,0.02160285,0.008354929,-0.9177017,313.2583,357.2379,0.1505364,8.0,DB
2025-06-04 16:00:26.520,3919,0.396169,0.02131052,0.00866227,-0.9178895,313.3105,357.3046,0.08211721,8.0,DB
2025-06-04 16:00:26.566,3920,0.3948998,0.02110601,0.009776098,-0.9184298,313.4655,357.4132,359.8927,8.0,DB
2025-06-04 16:00:26.587,3921,0.3942908,0.02090344,0.010029,-0.9186933,313.5408,357.4625,359.8384,8.0,DB
2025-06-04 16:00:26.633,3922,0.3943171,0.02064009,0.01045464,-0.9186832,313.5364,357.5306,359.7562,8.0,DB
2025-06-04 16:00:26.654,3923,0.3946382,0.02051315,0.01121392,-0.9185392,313.4944,357.5991,359.6329,8.0,DB
2025-06-04 16:00:26.687,3924,0.3952019,0.02039839,0.01105794,-0.9183012,313.4246,357.6052,359.6511,8.0,DB
2025-06-04 16:00:26.720,3925,0.3956551,0.02062657,0.0110868,-0.9181007,313.3679,357.5711,359.6633,8.0,DB
2025-06-04 16:00:26.754,3926,0.3958116,0.02076745,0.01099643,-0.918031,313.3485,357.5432,359.687,8.0,DB
2025-06-04 16:00:26.776,3927,0.3961695,0.02109724,0.0115646,-0.9178623,313.3022,357.5293,359.623,8.0,DB
2025-06-04 16:00:26.821,3928,0.3955636,0.02142063,0.01098928,-0.9181231,313.3793,357.4431,359.7303,8.0,DB
2025-06-04 16:00:26.843,3929,0.3953001,0.02125298,0.01105229,-0.9182397,313.412,357.4737,359.7086,8.0,DB
2025-06-04 16:00:26.888,3930,0.3944957,0.02040979,0.01056208,-0.9186105,313.5139,357.5724,359.7253,8.0,DB
2025-06-04 16:00:26.909,3931,0.3940105,0.02025078,0.01047975,-0.9188232,313.5747,357.5925,359.7257,8.0,DB
2025-06-04 16:00:26.943,3932,0.3932865,0.0206132,0.01064834,-0.9191233,313.6644,357.5498,359.7211,8.0,DB
2025-06-04 16:00:26.976,3933,0.3925715,0.02121934,0.01074842,-0.9194139,313.753,357.4656,359.7428,8.0,DB
2025-06-04 16:00:27.019,3934,0.392972,0.0216736,0.01110367,-0.919228,313.702,357.4185,359.7198,8.0,DB
2025-06-04 16:00:27.031,3935,0.3922694,0.02207236,0.01122482,-0.919517,313.7891,357.3673,359.7246,8.0,DB
2025-06-04 16:00:27.076,3936,0.391448,0.02230702,0.01056043,-0.9198692,313.8932,357.2908,359.8377,8.0,DB
2025-06-04 16:00:27.117,3937,0.3911479,0.0223399,0.01009552,-0.9200014,313.9319,357.2566,359.9092,8.0,DB
2025-06-04 16:00:27.143,3938,0.3890712,0.02305316,0.009092133,-0.9208744,314.1935,357.0905,0.09807497,8.0,DB
2025-06-04 16:00:27.165,3939,0.3884689,0.02362196,0.008765906,-0.9211174,314.2695,356.9857,0.1809026,8.0,DB
2025-06-04 16:00:27.198,3940,0.3871785,0.02435114,0.008311551,-0.9216457,314.4315,356.8515,0.2893927,8.0,DB
2025-06-04 16:00:27.231,3941,0.3840723,0.02499753,0.008184816,-0.9229284,314.8178,356.7586,0.3327691,8.0,DB
2025-06-04 16:00:27.276,3942,0.3818578,0.02494475,0.008460062,-0.9238456,315.0914,356.7924,0.2766053,8.0,DB
2025-06-04 16:00:27.299,3943,0.3795937,0.0244877,0.008579984,-0.9247894,315.3714,356.8765,0.2190955,8.0,DB
2025-06-04 16:00:27.321,3944,0.3788139,0.02372969,0.008411933,-0.9251305,315.4683,356.9819,0.1940234,8.0,DB
2025-06-04 16:00:27.366,3945,0.3764803,0.0226648,0.008947708,-0.9261042,315.7552,357.1801,0.03940507,8.0,DB
2025-06-04 16:00:27.388,3946,0.3758459,0.0224509,0.009145033,-0.9263651,315.833,357.2255,-0.005361434,8.0,DB
2025-06-04 16:00:27.433,3947,0.373667,0.02268186,0.009385439,-0.9272382,316.1016,357.212,359.9639,8.0,DB
2025-06-04 16:00:27.454,3948,0.3733657,0.02313316,0.009319904,-0.927349,316.1389,357.1424,-0.0009019997,8.0,DB
2025-06-04 16:00:27.488,3949,0.3733445,0.02401967,0.01044764,-0.9273229,316.138,357.0786,359.8855,8.0,DB
2025-06-04 16:00:27.521,3950,0.3723044,0.0243223,0.0109532,-0.9277273,316.2648,357.0668,359.8246,8.0,DB
2025-06-04 16:00:27.556,3951,0.3718255,0.02371422,0.01152497,-0.9279282,316.3223,357.1913,359.7026,8.0,DB
2025-06-04 16:00:27.588,3952,0.3718196,0.02261438,0.01153023,-0.9279579,316.3234,357.3534,359.637,8.0,DB
2025-06-04 16:00:27.610,3953,0.3723914,0.02193875,0.01145484,-0.9277458,316.2533,357.4472,359.6102,8.0,DB
2025-06-04 16:00:27.655,3954,0.3732954,0.02195331,0.01180595,-0.9273778,316.1407,357.464,359.5624,8.0,DB
2025-06-04 16:00:27.677,3955,0.3735417,0.02212267,0.0120868,-0.9272708,316.1094,357.4552,359.5319,8.0,DB
2025-06-04 16:00:27.722,3956,0.3734571,0.02234531,0.01190986,-0.9273019,316.1202,357.412,359.5709,8.0,DB
2025-06-04 16:00:27.743,3957,0.3733754,0.02238834,0.0113042,-0.9273413,316.132,357.3699,359.6624,8.0,DB
2025-06-04 16:00:27.789,3958,0.3726586,0.0220576,0.01082921,-0.9276432,316.222,357.3922,359.7102,8.0,DB
2025-06-04 16:00:27.824,3959,0.3722653,0.02210209,0.01058733,-0.9278029,316.2712,357.3722,359.747,8.0,DB
2025-06-04 16:00:27.843,3960,0.3721846,0.02224563,0.01052291,-0.9278325,316.2813,357.3475,359.7647,8.0,DB
2025-06-04 16:00:27.877,3961,0.3725059,0.02260586,0.01092752,-0.9276903,316.2404,357.3176,359.7277,8.0,DB
2025-06-04 16:00:27.910,3962,0.3727074,0.02259433,0.01093923,-0.9276094,316.2155,357.3195,359.726,8.0,DB
2025-06-04 16:00:27.943,3963,0.3726901,0.02250971,0.01108677,-0.9276167,316.2172,357.3407,359.6992,8.0,DB
2025-06-04 16:00:27.977,3964,0.37264,0.02215854,0.01139487,-0.9276416,316.2227,357.4108,359.6329,8.0,DB
2025-06-04 16:00:27.998,3965,0.3729282,0.02200206,0.01171049,-0.9275254,316.1863,357.4519,359.5781,8.0,DB
2025-06-04 16:00:28.049,3966,0.3729366,0.02176117,0.01110777,-0.9275351,316.187,357.4517,359.6526,8.0,DB
2025-06-04 16:00:28.065,3967,0.3729313,0.02193577,0.0112469,-0.9275315,316.1872,357.4342,359.6425,8.0,DB
2025-06-04 16:00:28.111,3968,0.3729465,0.02197183,0.01072626,-0.9275307,316.1868,357.398,359.7214,8.0,DB
2025-06-04 16:00:28.146,3969,0.3727138,0.02189717,0.01057527,-0.9276278,316.2159,357.4007,359.7383,8.0,DB
2025-06-04 16:00:28.178,3970,0.3721629,0.02173766,0.0105996,-0.9278524,316.2839,357.4268,359.7234,8.0,DB
2025-06-04 16:00:28.199,3971,0.3722049,0.02228259,0.01089205,-0.9278193,316.2777,357.3638,359.7126,8.0,DB
2025-06-04 16:00:28.232,3972,0.3716443,0.0227387,0.01112679,-0.9280301,316.3461,357.3118,359.703,8.0,DB
2025-06-04 16:00:28.254,3973,0.3708394,0.02282696,0.01156004,-0.9283445,316.4442,357.3261,359.6416,8.0,DB
2025-06-04 16:00:28.299,3974,0.3707194,0.02226312,0.01135362,-0.9284086,316.4598,357.397,359.6384,8.0,DB
2025-06-04 16:00:28.333,3975,0.3712846,0.02157885,0.01130267,-0.9281996,316.3904,357.4934,359.6076,8.0,DB
2025-06-04 16:00:28.365,3976,0.3720992,0.02158085,0.01135848,-0.9278726,316.2898,357.4948,359.6022,8.0,DB
2025-06-04 16:00:28.411,3977,0.3718303,0.02178681,0.01206268,-0.9279667,316.321,357.5065,359.5099,8.0,DB
2025-06-04 16:00:28.432,3978,0.371621,0.02197809,0.01233385,-0.9280425,316.3459,357.4947,359.4807,8.0,DB
2025-06-04 16:00:28.454,3979,0.3716306,0.02202949,0.01242974,-0.9280361,316.3445,357.4928,359.4697,8.0,DB
2025-06-04 16:00:28.499,3980,0.3710918,0.02205944,0.01204413,-0.928256,316.412,357.4667,359.5263,8.0,DB
2025-06-04 16:00:28.521,3981,0.370917,0.02225862,0.01214488,-0.9283199,316.4332,357.4437,359.5226,8.0,DB
2025-06-04 16:00:28.566,3982,0.3701633,0.02267361,0.01166608,-0.9286168,316.5273,357.3563,359.6147,8.0,DB
2025-06-04 16:00:28.587,3983,0.3701133,0.02278346,0.01186184,-0.9286315,316.5329,357.3517,359.5922,8.0,DB
2025-06-04 16:00:28.634,3984,0.3701432,0.02284816,0.0120514,-0.9286156,316.5286,357.3532,359.5683,8.0,DB
2025-06-04 16:00:28.667,3985,0.3701308,0.02280679,0.01187802,-0.9286238,316.5307,357.3492,359.5912,8.0,DB
2025-06-04 16:00:28.688,3986,0.3700316,0.02250903,0.01213106,-0.9286673,316.5423,357.4078,359.5364,8.0,DB
2025-06-04 16:00:28.732,3987,0.3698365,0.02234385,0.01217493,-0.9287484,316.5663,357.435,359.5197,8.0,DB
2025-06-04 16:00:28.754,3988,0.3692407,0.02241888,0.01204656,-0.9289853,316.6401,357.4177,359.5409,8.0,DB
2025-06-04 16:00:28.776,3989,0.3688953,0.02246638,0.01228408,-0.9291183,316.682,357.4252,359.5077,8.0,DB
2025-06-04 16:00:28.822,3990,0.3691486,0.02257832,0.01194888,-0.9290193,316.6517,357.3888,359.5641,8.0,DB
2025-06-04 16:00:28.843,3991,0.3692013,0.0225774,0.01193145,-0.9289986,316.6452,357.3878,359.5668,8.0,DB
2025-06-04 16:00:28.888,3992,0.3692274,0.02245911,0.01126277,-0.9289994,316.644,357.3662,359.6579,8.0,DB
2025-06-04 16:00:28.925,3993,0.3692554,0.02305248,0.01190988,-0.9289657,316.6384,357.3169,359.5978,8.0,DB
2025-06-04 16:00:28.943,3994,0.3688786,0.02342672,0.01175124,-0.9291081,316.6852,357.2537,359.6414,8.0,DB
2025-06-04 16:00:28.989,3995,0.3682873,0.02351318,0.0114032,-0.9293448,316.759,357.2222,359.6952,8.0,DB
2025-06-04 16:00:29.021,3996,0.368866,0.02268941,0.01111574,-0.9291391,316.6888,357.3247,359.6915,8.0,DB
2025-06-04 16:00:29.042,3997,0.369588,0.02234974,0.01089891,-0.928863,316.6006,357.3603,359.7061,8.0,DB
2025-06-04 16:00:29.077,3998,0.3698004,0.02275982,0.01103198,-0.9287669,316.5739,357.3074,359.7113,8.0,DB
2025-06-04 16:00:29.110,3999,0.3696896,0.02279804,0.01135061,-0.9288063,316.5866,357.3206,359.6665,8.0,DB
2025-06-04 16:00:29.155,4000,0.369654,0.02297847,0.01132387,-0.9288164,316.591,357.2927,359.6808,8.0,DB
2025-06-04 16:00:29.183,4001,0.3692755,0.02299251,0.01134786,-0.9289663,316.6376,357.2929,359.6767,8.0,DB
2025-06-04 16:00:29.198,4002,0.3690637,0.02293503,0.01126011,-0.9290528,316.664,357.2967,359.6854,8.0,DB
2025-06-04 16:00:29.244,4003,0.3687983,0.02302228,0.01091121,-0.9291603,316.6977,357.2643,359.7405,8.0,DB
2025-06-04 16:00:29.281,4004,0.3683115,0.02303692,0.01070111,-0.9293555,316.7583,357.2511,359.7703,8.0,DB
2025-06-04 16:00:29.298,4005,0.3681204,0.02293182,0.01064792,-0.9294344,316.782,357.2639,359.7712,8.0,DB
2025-06-04 16:00:29.332,4006,0.3682694,0.02299341,0.01080282,-0.929372,316.7632,357.2635,359.7527,8.0,DB
2025-06-04 16:00:29.364,4007,0.3682358,0.02297076,0.01100215,-0.9293836,316.7668,357.2784,359.7221,8.0,DB
2025-06-04 16:00:29.399,4008,0.3679343,0.02302546,0.01113734,-0.9295,316.8035,357.2789,359.7044,8.0,DB
2025-06-04 16:00:29.420,4009,0.3679731,0.02296136,0.0113131,-0.9294841,316.7982,357.2984,359.6752,8.0,DB
2025-06-04 16:00:29.466,4010,0.3680941,0.02284406,0.01120671,-0.9294404,316.7837,357.3091,359.6844,8.0,DB
2025-06-04 16:00:29.487,4011,0.3678225,0.0228786,0.01120234,-0.9295472,316.8171,357.3044,359.686,8.0,DB
2025-06-04 16:00:29.533,4012,0.3675452,0.02266841,0.01098085,-0.9296646,316.852,357.323,359.7052,8.0,DB
2025-06-04 16:00:29.554,4013,0.3675177,0.02273514,0.01104183,-0.9296731,316.8552,357.3168,359.7001,8.0,DB
2025-06-04 16:00:29.599,4014,0.366951,0.02260263,0.01043371,-0.9299071,316.9268,357.3024,359.7791,8.0,DB
2025-06-04 16:00:29.620,4015,0.3664553,0.0227979,0.01079796,-0.9300937,316.9867,357.2961,359.7354,8.0,DB
2025-06-04 16:00:29.654,4016,0.3654937,0.02290096,0.01091164,-0.9304681,317.1047,357.2898,359.7211,8.0,DB
2025-06-04 16:00:29.687,4017,0.3627197,0.02293021,0.01034196,-0.9315588,317.4476,357.2597,359.7951,8.0,DB
2025-06-04 16:00:29.710,4018,0.3614299,0.02282053,0.009964557,-0.9320668,317.6073,357.2575,359.8387,8.0,DB
2025-06-04 16:00:29.753,4019,0.3617275,0.02229997,0.009213046,-0.9319717,317.573,357.2899,359.9193,8.0,DB
2025-06-04 16:00:29.776,4020,0.3623653,0.0221749,0.009192409,-0.9317271,317.4947,357.3053,359.9177,8.0,DB
2025-06-04 16:00:29.822,4021,0.3595879,0.02192465,0.008958163,-0.9328107,317.8366,357.3353,359.927,8.0,DB
2025-06-04 16:00:29.843,4022,0.3584513,0.02173018,0.008799831,-0.933254,317.9766,357.3574,359.9347,8.0,DB
2025-06-04 16:00:29.893,4023,0.358657,0.02191903,0.009077013,-0.933168,317.9505,357.345,359.906,8.0,DB
2025-06-04 16:00:29.910,4024,0.3581601,0.02190405,0.009028718,-0.9333596,318.0116,357.3457,359.9103,8.0,DB
2025-06-04 16:00:29.943,4025,0.3573725,0.02227763,0.008891016,-0.933654,318.1086,357.2863,359.9477,8.0,DB
2025-06-04 16:00:29.977,4026,0.3570729,0.02248813,0.008664433,-0.9337657,318.146,357.2444,359.9907,8.0,DB
2025-06-04 16:00:30.010,4027,0.3571328,0.02267466,0.008620773,-0.9337386,318.1388,357.215,0.007434056,8.0,DB
2025-06-04 16:00:30.031,4028,0.3569377,0.02248909,0.00846247,-0.9338192,318.1632,357.2335,0.01919306,8.0,DB
2025-06-04 16:00:30.077,4029,0.3557933,0.02231678,0.008117138,-0.934263,318.3045,357.2424,0.05472888,8.0,DB
2025-06-04 16:00:30.099,4030,0.3556857,0.02248357,0.00801192,-0.9343009,318.3181,357.213,0.07848734,8.0,DB
2025-06-04 16:00:30.144,4031,0.3556302,0.02270965,0.008137413,-0.9343154,318.3245,357.1876,0.07261681,8.0,DB
2025-06-04 16:00:30.183,4032,0.3550871,0.02272054,0.007928761,-0.9345235,318.3917,357.1762,0.1008685,8.0,DB
2025-06-04 16:00:30.215,4033,0.3538855,0.0227881,0.00790955,-0.9349777,318.539,357.1689,0.1023158,8.0,DB
2025-06-04 16:00:30.232,4034,0.3536303,0.0226317,0.007920966,-0.935078,318.5702,357.1926,0.09117207,8.0,DB
2025-06-04 16:00:30.265,4035,0.3535388,0.0224911,0.008022334,-0.935115,318.5811,357.2184,0.06871467,8.0,DB
2025-06-04 16:00:30.299,4036,0.3534884,0.02230252,0.007881837,-0.9351398,318.5876,357.2379,0.07839376,8.0,DB
2025-06-04 16:00:30.343,4037,0.3538584,0.02252488,0.008269766,-0.9349913,318.5412,357.2261,0.03646113,8.0,DB
2025-06-04 16:00:30.376,4038,0.3536569,0.02239851,0.008516317,-0.9350683,318.5651,357.258,359.9936,8.0,DB
2025-06-04 16:00:30.408,4039,0.3519964,0.02236308,0.008689798,-0.9356939,318.7679,357.2766,359.9605,8.0,DB
2025-06-04 16:00:30.421,4040,0.3521604,0.02234262,0.008417813,-0.9356351,318.7487,357.2646,-0.001190963,8.0,DB
2025-06-04 16:00:30.467,4041,0.3520474,0.02182313,0.007803314,-0.9356953,318.7643,357.306,0.05809583,8.0,DB
2025-06-04 16:00:30.488,4042,0.3524333,0.02198628,0.007787325,-0.9355463,318.7171,357.2809,0.0706482,8.0,DB
2025-06-04 16:00:30.533,4043,0.3523588,0.02230791,0.007947924,-0.9355655,318.7258,357.2438,0.06473693,8.0,DB
2025-06-04 16:00:30.554,4044,0.3519948,0.02252423,0.008091139,-0.935696,318.7699,357.2216,0.05448171,8.0,DB
2025-06-04 16:00:30.588,4045,0.3525396,0.0226922,0.008198908,-0.9354859,318.7029,357.2019,0.0503238,8.0,DB
2025-06-04 16:00:30.621,4046,0.3526706,0.02260101,0.007885022,-0.9354414,318.6878,357.1977,0.0907331,8.0,DB
2025-06-04 16:00:30.655,4047,0.3520589,0.02259468,0.007750608,-0.9356731,318.7631,357.1931,0.1070687,8.0,DB
2025-06-04 16:00:30.688,4048,0.3512635,0.02236047,0.007366101,-0.9359807,318.8615,357.2081,0.1460525,8.0,DB
2025-06-04 16:00:30.732,4049,0.350966,0.02259135,0.007369207,-0.9360868,318.8979,357.1762,0.1567215,8.0,DB
2025-06-04 16:00:30.754,4050,0.350666,0.02262636,0.007591068,-0.9361965,318.934,357.1839,0.1257794,8.0,DB
2025-06-04 16:00:30.788,4051,0.3503084,0.02276162,0.007617978,-0.9363269,318.9777,357.1671,0.1276866,8.0,DB
2025-06-04 16:00:30.834,4052,0.3496303,0.02270391,0.007751118,-0.9365805,319.0602,357.1843,0.1029158,8.0,DB
2025-06-04 16:00:30.843,4053,0.350041,0.02269525,0.007759865,-0.9364274,319.0099,357.1848,0.102886,8.0,DB
2025-06-04 16:00:30.888,4054,0.3505436,0.02261822,0.007458019,-0.9362437,318.9494,357.1783,0.1437693,8.0,DB
2025-06-04 16:00:30.921,4055,0.3497975,0.0226447,0.007456691,-0.936522,319.0406,357.1766,0.1422889,8.0,DB
2025-06-04 16:00:30.963,4056,0.3496933,0.02283616,0.007451303,-0.9365562,319.0534,357.1494,0.1527879,8.0,DB
2025-06-04 16:00:30.988,4057,0.3492929,0.02284813,0.007539958,-0.9367047,319.1021,357.1535,0.1391661,8.0,DB
2025-06-04 16:00:31.010,4058,0.3487942,0.02265518,0.007627966,-0.9368945,319.1628,357.187,0.1144134,8.0,DB
2025-06-04 16:00:31.056,4059,0.3488315,0.02232914,0.007275743,-0.9368912,319.1592,357.2146,0.1473091,8.0,DB
2025-06-04 16:00:31.076,4060,0.3490159,0.02266465,0.007791879,-0.9368103,319.1352,357.1937,0.09255317,8.0,DB
2025-06-04 16:00:31.110,4061,0.3478997,0.02299929,0.007824805,-0.9372171,319.2715,357.151,0.100997,8.0,DB
2025-06-04 16:00:31.144,4062,0.3468124,0.02314034,0.008047068,-0.9376146,319.4037,357.1456,0.07248557,8.0,DB
2025-06-04 16:00:31.189,4063,0.3470089,0.02263269,0.007384936,-0.9375597,319.3817,357.1823,0.1403861,8.0,DB
2025-06-04 16:00:31.210,4064,0.3466593,0.02209697,0.006879316,-0.9377056,319.4258,357.2327,0.1824485,8.0,DB
2025-06-04 16:00:31.243,4065,0.3462808,0.02260518,0.006970139,-0.9378328,319.4718,357.1666,0.1946199,8.0,DB
2025-06-04 16:00:31.277,4066,0.3449875,0.02300366,0.006823327,-0.9383006,319.6302,357.1064,0.2306706,8.0,DB
2025-06-04 16:00:31.299,4067,0.3443935,0.02308438,0.00682484,-0.9385169,319.7028,357.0968,0.2321111,8.0,DB
2025-06-04 16:00:31.352,4068,0.3424973,0.02313627,0.006780421,-0.9392096,319.9342,357.0928,0.2329662,8.0,DB
2025-06-04 16:00:31.366,4069,0.3416466,0.02291042,0.006675023,-0.9395256,320.0381,357.1216,0.2326176,8.0,DB
2025-06-04 16:00:31.415,4070,0.3402984,0.02312748,0.006812867,-0.9400083,320.2021,357.1021,0.2186659,8.0,DB
2025-06-04 16:00:31.433,4071,0.3394651,0.0233219,0.006936914,-0.940304,320.3033,357.0835,0.207632,8.0,DB
2025-06-04 16:00:31.477,4072,0.3380356,0.02263711,0.007101514,-0.9408342,320.4767,357.1916,0.1442195,8.0,DB
2025-06-04 16:00:31.499,4073,0.3370332,0.02222128,0.00708996,-0.941204,320.5986,357.2517,0.1210412,8.0,DB
2025-06-04 16:00:31.533,4074,0.3361255,0.02212063,0.007134737,-0.9415305,320.7089,357.2703,0.1062699,8.0,DB
2025-06-04 16:00:31.566,4075,0.3350578,0.02220112,0.006869105,-0.9419111,320.8396,357.2486,0.1431431,8.0,DB
2025-06-04 16:00:31.600,4076,0.3350415,0.0225658,0.006788959,-0.9419087,320.8418,357.1939,0.1722999,8.0,DB
2025-06-04 16:00:31.642,4077,0.3337576,0.02295573,0.006276208,-0.9423586,320.9995,357.1179,0.2576321,8.0,DB
2025-06-04 16:00:31.655,4078,0.3334123,0.02337432,0.006564503,-0.9424686,321.0407,357.0748,0.2367381,8.0,DB
2025-06-04 16:00:31.700,4079,0.3333332,0.02306566,0.006260884,-0.9425061,321.0512,357.1031,0.2633996,8.0,DB
2025-06-04 16:00:31.722,4080,0.3332212,0.02306002,0.006267966,-0.942546,321.0648,357.1045,0.2616715,8.0,DB
2025-06-04 16:00:31.767,4081,0.3332382,0.02307191,0.005890576,-0.9425421,321.0639,357.0843,0.3147228,8.0,DB
2025-06-04 16:00:31.789,4082,0.3332773,0.02329771,0.006195405,-0.9425207,321.0583,357.0677,0.2836568,8.0,DB
2025-06-04 16:00:31.833,4083,0.3325177,0.0233587,0.006691478,-0.942784,321.149,357.0857,0.2146173,8.0,DB
2025-06-04 16:00:31.855,4084,0.3319456,0.02333006,0.00705824,-0.9429837,321.2173,357.1092,0.1600119,8.0,DB
2025-06-04 16:00:31.902,4085,0.3315749,0.02302165,0.006723089,-0.9431242,321.2633,357.1366,0.1899056,8.0,DB
2025-06-04 16:00:31.922,4086,0.3315747,0.02256547,0.006310939,-0.9431379,321.2645,357.1798,0.2247719,8.0,DB
2025-06-04 16:00:31.956,4087,0.3320245,0.02271244,0.006253123,-0.9429767,321.2101,357.1554,0.2417744,8.0,DB
2025-06-04 16:00:31.989,4088,0.33085,0.02302309,0.006626665,-0.9433793,321.3516,357.1337,0.2003875,8.0,DB
2025-06-04 16:00:32.022,4089,0.3298486,0.02317746,0.006902897,-0.9437241,321.4724,357.1284,0.1656124,8.0,DB
2025-06-04 16:00:32.044,4090,0.3296705,0.02314745,0.0068918,-0.9437872,321.494,357.1324,0.1649795,8.0,DB
2025-06-04 16:00:32.090,4091,0.3293965,0.02288947,0.006870416,-0.9438893,321.5273,357.1678,0.1543885,8.0,DB
2025-06-04 16:00:32.111,4092,0.3292983,0.02283764,0.007072584,-0.9439232,321.5386,357.185,0.123576,8.0,DB
2025-06-04 16:00:32.156,4093,0.3289253,0.02278347,0.006850598,-0.9440563,321.5845,357.1827,0.150158,8.0,DB
2025-06-04 16:00:32.194,4094,0.328746,0.02285088,0.006893689,-0.9441168,321.6061,357.1759,0.1467471,8.0,DB
2025-06-04 16:00:32.221,4095,0.3285366,0.02276509,0.007106321,-0.9441903,321.6309,357.1985,0.1124601,8.0,DB
2025-06-04 16:00:32.244,4096,0.3281288,0.02290262,0.006791283,-0.9443309,321.6813,357.1655,0.1609232,8.0,DB
2025-06-04 16:00:32.277,4097,0.327554,0.02297701,0.006771237,-0.9445288,321.7511,357.1557,0.1649695,8.0,DB
2025-06-04 16:00:32.310,4098,0.3279864,0.0229557,0.006844397,-0.9443788,321.6984,357.1611,0.1555793,8.0,DB
2025-06-04 16:00:32.344,4099,0.3276844,0.02314214,0.006660107,-0.9444804,321.7356,357.1273,0.1887062,8.0,DB
2025-06-04 16:00:32.378,4100,0.3267295,0.02312744,0.006649244,-0.9448116,321.8514,357.1313,0.18566,8.0,DB
2025-06-04 16:00:32.411,4101,0.3271917,0.02315315,0.006638283,-0.9446511,321.7954,357.1261,0.1902537,8.0,DB
2025-06-04 16:00:32.453,4102,0.3274993,0.02306964,0.006464846,-0.9445478,321.7586,357.1285,0.2114001,8.0,DB
2025-06-04 16:00:32.477,4103,0.3281007,0.02316221,0.006426428,-0.944337,321.6859,357.1122,0.2235722,8.0,DB
2025-06-04 16:00:32.499,4104,0.3288351,0.0233329,0.00632136,-0.944078,321.5971,357.0816,0.2492893,8.0,DB
2025-06-04 16:00:32.550,4105,0.3302147,0.02396011,0.007193908,-0.9435744,321.4272,357.0332,0.164745,8.0,DB
2025-06-04 16:00:32.566,4106,0.3298171,0.02403143,0.007103531,-0.9437123,321.4757,357.02,0.1790313,8.0,DB
2025-06-04 16:00:32.611,4107,0.3302203,0.02363899,0.007315065,-0.9435796,321.4261,357.0834,0.1324623,8.0,DB
2025-06-04 16:00:32.632,4108,0.3320245,0.02357233,0.006923829,-0.9429509,321.2082,357.0688,0.1907971,8.0,DB
2025-06-04 16:00:32.666,4109,0.3341785,0.02419118,0.006335028,-0.9421781,320.9486,356.9477,0.3121552,8.0,DB
2025-06-04 16:00:32.699,4110,0.3345104,0.02512347,0.005944735,-0.9420384,320.9099,356.7977,0.4139704,8.0,DB
2025-06-04 16:00:32.732,4111,0.3331189,0.0243391,0.005977191,-0.9425519,321.0786,356.9128,0.3643939,8.0,DB
2025-06-04 16:00:32.754,4112,0.3326123,0.02352184,0.006439216,-0.9427483,321.1383,357.0505,0.2579941,8.0,DB
2025-06-04 16:00:32.799,4113,0.3322116,0.02302629,0.00631289,-0.9429027,321.1873,357.1142,0.2495905,8.0,DB
2025-06-04 16:00:32.821,4114,0.3325727,0.02317271,0.00681572,-0.9427683,321.1419,357.1175,0.1885039,8.0,DB
2025-06-04 16:00:32.866,4115,0.3340105,0.02431004,0.007161113,-0.9422288,320.9664,356.9724,0.2024598,8.0,DB
2025-06-04 16:00:32.888,4116,0.3340451,0.02452609,0.007262182,-0.9422101,320.9619,356.9472,0.1992149,8.0,DB
2025-06-04 16:00:32.933,4117,0.3321699,0.02470637,0.007352039,-0.9428674,321.1894,356.9319,0.1874585,8.0,DB
2025-06-04 16:00:32.954,4118,0.3313184,0.02434525,0.007155035,-0.9431779,321.2934,356.9749,0.1934771,8.0,DB
2025-06-04 16:00:32.988,4119,0.3308448,0.02427783,0.007418353,-0.9433438,321.35,356.9983,0.1517377,8.0,DB
2025-06-04 16:00:33.033,4120,0.3296351,0.02504015,0.007623628,-0.9437456,321.4963,356.9061,0.1551205,8.0,DB
2025-06-04 16:00:33.055,4121,0.3279193,0.02414841,0.00762401,-0.9443664,321.7043,357.034,0.1049621,8.0,DB
2025-06-04 16:00:33.100,4122,0.3267715,0.02356574,0.00775456,-0.9447778,321.843,357.1234,0.05454341,8.0,DB
2025-06-04 16:00:33.135,4123,0.3251995,0.02306969,0.007623599,-0.9453333,322.0339,357.1893,0.0429386,8.0,DB
2025-06-04 16:00:33.155,4124,0.3240546,0.02303921,0.007563347,-0.9457276,322.1727,357.1934,0.04542316,8.0,DB
2025-06-04 16:00:33.200,4125,0.322659,0.02346762,0.007072741,-0.946198,322.3432,357.1151,0.1273492,8.0,DB
2025-06-04 16:00:33.222,4126,0.3192102,0.02374552,0.007578452,-0.9473562,322.7588,357.1089,0.05762276,8.0,DB
2025-06-04 16:00:33.243,4127,0.3161428,0.02409021,0.008244677,-0.94837,323.1274,357.0995,359.9709,8.0,DB
2025-06-04 16:00:33.288,4128,0.3165548,0.02392504,0.009194293,-0.948228,323.0748,357.1641,359.8359,8.0,DB
2025-06-04 16:00:33.310,4129,0.3105018,0.02361036,0.008322086,-0.9502432,323.8077,357.1801,359.9181,8.0,DB
2025-06-04 16:00:33.355,4130,0.3048773,0.02317613,0.007811761,-0.9520776,324.4864,357.2278,359.9477,8.0,DB
2025-06-04 16:00:33.378,4131,0.301925,0.02294507,0.007886663,-0.953023,324.8412,357.2678,359.9175,8.0,DB
2025-06-04 16:00:33.423,4132,0.2995279,0.02358756,0.00869053,-0.9537563,325.1267,357.2203,359.8291,8.0,DB
2025-06-04 16:00:33.459,4133,0.2950632,0.02377767,0.008892551,-0.9551405,325.6618,357.2113,359.7949,8.0,DB
2025-06-04 16:00:33.492,4134,0.2956331,0.02369757,0.009513745,-0.9549603,325.5917,357.2464,359.7112,8.0,DB
2025-06-04 16:00:33.511,4135,0.2894294,0.02345031,0.01002387,-0.9568596,326.3336,357.309,359.6139,8.0,DB
2025-06-04 16:00:33.544,4136,0.2870568,0.02297352,0.01040266,-0.9575816,326.6166,357.3899,359.538,8.0,DB
2025-06-04 16:00:33.577,4137,0.2838922,0.02210926,0.01063982,-0.9585423,326.9948,357.5161,359.4641,8.0,DB
2025-06-04 16:00:33.611,4138,0.2781364,0.0220008,0.01056445,-0.9602316,327.6822,357.5331,359.4542,8.0,DB
2025-06-04 16:00:33.644,4139,0.2718767,0.02240317,0.01067723,-0.9620122,328.4276,357.4909,359.4377,8.0,DB
2025-06-04 16:00:33.678,4140,0.2671252,0.02257779,0.01098489,-0.9633349,328.992,357.4836,359.3915,8.0,DB
2025-06-04 16:00:33.711,4141,0.2611016,0.02242175,0.01118558,-0.9649861,329.7071,357.5154,359.3445,8.0,DB
2025-06-04 16:00:33.744,4142,0.2546419,0.02209864,0.01089805,-0.9667215,330.4741,357.5513,359.3536,8.0,DB
2025-06-04 16:00:33.777,4143,0.2494108,0.0221242,0.01102979,-0.9680823,331.0931,357.5557,359.3246,8.0,DB
2025-06-04 16:00:33.811,4144,0.2437752,0.02213094,0.01120246,-0.9695146,331.7589,357.5636,359.289,8.0,DB
2025-06-04 16:00:33.844,4145,0.2379137,0.02220538,0.01154346,-0.970964,332.4499,357.5676,359.2341,8.0,DB
2025-06-04 16:00:33.868,4146,0.2337128,0.02187846,0.01127071,-0.9719942,332.9461,357.602,359.2483,8.0,DB
2025-06-04 16:00:33.911,4147,0.2297324,0.02195372,0.01215827,-0.9729303,333.4127,357.6202,359.1304,8.0,DB
2025-06-04 16:00:33.944,4148,0.2222088,0.02174166,0.01223066,-0.9746801,334.2976,357.65,359.0983,8.0,DB
2025-06-04 16:00:33.978,4149,0.2183304,0.0213889,0.012224,-0.9755641,334.7535,357.6939,359.0807,8.0,DB
2025-06-04 16:00:34.011,4150,0.2084056,0.02097035,0.01175651,-0.9777471,335.9189,357.7334,359.1057,8.0,DB
2025-06-04 16:00:34.045,4151,0.1996119,0.02093835,0.01193825,-0.9795787,336.9477,357.7419,359.0641,8.0,DB
2025-06-04 16:00:34.090,4152,0.1931293,0.02147234,0.01243007,-0.9808596,337.7035,357.6882,359.0035,8.0,DB
2025-06-04 16:00:34.111,4153,0.1808523,0.02142391,0.01251035,-0.9831975,339.1353,357.6937,358.9667,8.0,DB
2025-06-04 16:00:34.156,4154,0.1771235,0.02123472,0.0130966,-0.9838725,339.5683,357.7283,358.8842,8.0,DB
2025-06-04 16:00:34.196,4155,0.1655249,0.02079725,0.01349584,-0.985894,340.9168,357.7841,358.804,8.0,DB
2025-06-04 16:00:34.223,4156,0.1608997,0.02067762,0.01320904,-0.9866658,341.4547,357.7904,358.8268,8.0,DB
2025-06-04 16:00:34.244,4157,0.1508564,0.02049323,0.01326719,-0.9882543,342.6197,357.808,358.7968,8.0,DB
2025-06-04 16:00:34.290,4158,0.1445769,0.02031449,0.01323761,-0.9891965,343.3474,357.8249,358.785,8.0,DB
2025-06-04 16:00:34.311,4159,0.1305655,0.02036881,0.01362253,-0.991137,344.9672,357.8151,358.7134,8.0,DB
2025-06-04 16:00:34.356,4160,0.1260428,0.02023286,0.01398612,-0.99172,345.4891,357.8331,358.6599,8.0,DB
2025-06-04 16:00:34.378,4161,0.1125957,0.02017481,0.01414656,-0.9933354,347.0406,357.8303,358.6146,8.0,DB
2025-06-04 16:00:34.423,4162,0.1068974,0.01986033,0.01415859,-0.993971,347.6978,357.8618,358.5983,8.0,DB
2025-06-04 16:00:34.468,4163,0.09703224,0.01964762,0.01441368,-0.994983,348.8337,357.8795,358.5474,8.0,DB
2025-06-04 16:00:34.508,4164,0.07740027,0.01942757,0.01491217,-0.9966993,351.0908,357.8874,358.4503,8.0,DB
2025-06-04 16:00:34.535,4165,0.07309601,0.01924349,0.01472773,-0.9970306,351.586,357.9017,358.4618,8.0,DB
2025-06-04 16:00:34.576,4166,0.06391966,0.01933565,0.01493851,-0.997656,352.6392,357.881,358.4206,8.0,DB
2025-06-04 16:00:34.601,4167,0.05696755,0.01942853,0.01565253,-0.9980644,353.4354,357.8657,358.3254,8.0,DB
2025-06-04 16:00:34.634,4168,0.04397055,0.01910356,0.0159651,-0.9987227,354.9262,357.8854,358.2621,8.0,DB
2025-06-04 16:00:34.679,4169,0.03367728,0.01870805,0.0152909,-0.9991407,356.1084,357.9118,358.3174,8.0,DB
2025-06-04 16:00:34.701,4170,0.02308346,0.01812647,0.01529567,-0.9994522,357.3235,357.9618,358.294,8.0,DB
2025-06-04 16:00:34.745,4171,0.02052918,0.01768477,0.01573095,-0.9995092,357.6161,358.0094,358.238,8.0,DB
2025-06-04 16:00:34.779,4172,0.007069368,0.0174083,0.01597797,-0.9996959,359.1583,358.0181,358.1832,8.0,DB
2025-06-04 16:00:34.812,4173,-0.001377676,0.01762812,0.01615213,-0.9997133,0.125197,357.9776,358.1465,8.0,DB
2025-06-04 16:00:34.865,4174,-0.0130872,0.01735163,0.01638971,-0.9996296,1.466698,357.9867,358.0956,8.0,DB
2025-06-04 16:00:34.890,4175,-0.02731678,0.0168297,0.0167341,-0.9993451,3.097458,358.0171,358.0277,8.0,DB
2025-06-04 16:00:34.923,4176,-0.0353867,0.01686629,0.01705654,-0.9990859,4.021646,357.9945,357.9734,8.0,DB
2025-06-04 16:00:34.957,4177,-0.03949419,0.01665428,0.01706697,-0.9989353,4.492913,358.0098,357.9643,8.0,DB
2025-06-04 16:00:35.002,4178,-0.05281335,0.01583341,0.01697547,-0.9983346,6.022167,358.0749,357.9504,8.0,DB
2025-06-04 16:00:35.044,4179,-0.06293022,0.01542581,0.01715934,-0.9977513,7.183528,358.0973,357.91,8.0,DB
2025-06-04 16:00:35.068,4180,-0.06459905,0.01563121,0.01749134,-0.9976356,7.374013,358.0672,357.8665,8.0,DB
2025-06-04 16:00:35.113,4181,-0.08066751,0.01569467,0.01754536,-0.9964632,9.219297,358.0197,357.8228,8.0,DB
2025-06-04 16:00:35.134,4182,-0.09088131,0.01556298,0.0176268,-0.9955842,10.39372,358.0078,357.7902,8.0,DB
2025-06-04 16:00:35.179,4183,-0.09610115,0.01528091,0.01744049,-0.9951015,10.99526,358.0289,357.8021,8.0,DB
2025-06-04 16:00:35.227,4184,-0.1047016,0.01503003,0.01744808,-0.9942371,11.98595,358.0351,357.7829,8.0,DB
2025-06-04 16:00:35.257,4185,-0.1097615,0.0146608,0.0185562,-0.9936767,12.56756,358.0501,357.6456,8.0,DB
2025-06-04 16:00:35.279,4186,-0.1231816,0.01431169,0.01875704,-0.9921038,14.11571,358.0489,357.5922,8.0,DB
2025-06-04 16:00:35.323,4187,-0.1267163,0.0140347,0.01892773,-0.9916592,14.52411,358.0682,357.5669,8.0,DB
2025-06-04 16:00:35.369,4188,-0.1316272,0.01298179,0.01843463,-0.991043,15.09485,358.1847,357.6282,8.0,DB
2025-06-04 16:00:35.390,4189,-0.1487032,0.01203168,0.01801896,-0.9886446,17.07334,358.2526,357.6494,8.0,DB
2025-06-04 16:00:35.435,4190,-0.147361,0.01126176,0.01790245,-0.9888567,16.9199,358.3499,357.6802,8.0,DB
2025-06-04 16:00:35.468,4191,-0.1580665,0.01133348,0.01810674,-0.9871975,18.16021,358.3053,357.6276,8.0,DB
2025-06-04 16:00:35.502,4192,-0.1714018,0.01126857,0.0181907,-0.984969,19.70886,358.2692,357.5833,8.0,DB
2025-06-04 16:00:35.560,4193,-0.1707475,0.01202098,0.01783332,-0.9850802,19.63161,358.1885,357.6123,8.0,DB
2025-06-04 16:00:35.590,4194,-0.1802981,0.01242619,0.01760135,-0.9833761,20.74223,358.1135,357.6039,8.0,DB
2025-06-04 16:00:35.611,4195,-0.19949,0.01222172,0.01778349,-0.9796623,22.98132,358.0677,357.5273,8.0,DB
2025-06-04 16:00:35.657,4196,-0.2029504,0.01201852,0.01722188,-0.9789639,23.38754,358.0943,357.5898,8.0,DB
2025-06-04 16:00:35.690,4197,-0.214629,0.01181516,0.01706734,-0.9764751,24.7561,358.0815,357.5762,8.0,DB
2025-06-04 16:00:35.734,4198,-0.2255507,0.0114936,0.01736807,-0.974009,26.03866,358.0723,357.5111,8.0,DB
2025-06-04 16:00:35.767,4199,-0.2371291,0.01121218,0.01719304,-0.9712614,27.40279,358.0678,357.5006,8.0,DB
2025-06-04 16:00:35.812,4200,-0.2526373,0.01106804,0.01715499,-0.9673457,29.23518,358.0245,357.4528,8.0,DB
2025-06-04 16:00:35.834,4201,-0.264222,0.0111726,0.01692699,-0.9642487,30.60877,357.9697,357.433,8.0,DB
2025-06-04 16:00:35.879,4202,-0.2721708,0.0114342,0.017534,-0.9620213,31.55167,357.8786,357.3123,8.0,DB
2025-06-04 16:00:35.924,4203,-0.2850127,0.01186584,0.01717616,-0.9582965,33.08246,357.7748,357.2854,8.0,DB
2025-06-04 16:00:35.945,4204,-0.2978671,0.0115705,0.01802361,-0.9543672,34.62006,357.7142,357.1237,8.0,DB
2025-06-04 16:00:36.007,4205,-0.3083716,0.01169683,0.01763015,-0.9510308,35.88281,357.6571,357.1172,8.0,DB
2025-06-04 16:00:36.022,4206,-0.3370992,0.01095735,0.01787906,-0.9412357,39.35976,357.5775,356.957,8.0,DB
2025-06-04 16:00:36.068,4207,-0.3430037,0.01097615,0.01751489,-0.9391067,40.07948,357.5558,356.9714,8.0,DB
2025-06-04 16:00:36.112,4208,-0.3701836,0.01089004,0.01800091,-0.9287205,43.40903,357.3526,356.7253,8.0,DB
2025-06-04 16:00:36.133,4209,-0.3868073,0.01062472,0.01859784,-0.9219119,45.46395,357.2232,356.5251,8.0,DB
2025-06-04 16:00:36.178,4210,-0.3933644,0.0104504,0.01889027,-0.9191292,46.27874,357.1743,356.4374,8.0,DB
2025-06-04 16:00:36.233,4211,-0.4163721,0.009904983,0.01899193,-0.9089421,49.1601,357.0354,356.2497,8.0,DB
2025-06-04 16:00:36.255,4212,-0.4305087,0.009554083,0.019073,-0.9023345,50.94678,356.9371,356.1188,8.0,DB
2025-06-04 16:00:36.300,4213,-0.4504288,0.009662663,0.01930637,-0.8925514,53.48378,356.6626,355.8398,8.0,DB
2025-06-04 16:00:36.349,4214,-0.4758973,0.009419173,0.01984468,-0.8792266,56.76915,356.2909,355.4093,8.0,DB
2025-06-04 16:00:36.377,4215,-0.4836304,0.009650843,0.02059207,-0.8749769,57.77207,356.0424,355.1196,8.0,DB
2025-06-04 16:00:36.397,4216,-0.513494,0.009170951,0.02096754,-0.8577881,61.70918,355.4901,354.5044,8.0,DB
2025-06-04 16:00:36.442,4217,-0.524687,0.008752341,0.02158547,-0.8509767,63.20368,355.2225,354.1535,8.0,DB
2025-06-04 16:00:36.475,4218,-0.5426096,0.007846924,0.02118408,-0.8396813,65.6308,354.9714,353.8658,8.0,DB
2025-06-04 16:00:36.520,4219,-0.5677701,0.007197694,0.02075248,-0.8228942,69.08815,354.3063,353.1895,8.0,DB
2025-06-04 16:00:36.541,4220,-0.5829173,0.007007842,0.02086187,-0.8122335,71.19788,353.6395,352.5016,8.0,DB
2025-06-04 16:00:36.587,4221,-0.5946071,0.007478859,0.02129902,-0.8036997,72.83373,352.7297,351.5972,8.0,DB
2025-06-04 16:00:36.636,4222,-0.6181738,0.00790026,0.02135985,-0.7857116,76.18577,350.6426,349.544,8.0,DB
2025-06-04 16:00:36.653,4223,-0.6400989,0.00702781,0.0224343,-0.7679328,79.35501,347.6485,346.3947,8.0,DB
2025-06-04 16:00:36.697,4224,-0.6572658,0.006486539,0.02249228,-0.7532954,81.86545,343.8579,342.5576,8.0,DB
2025-06-04 16:00:36.719,4225,-0.6833866,0.00539116,0.02225745,-0.7296975,85.62865,329.8457,328.478,8.0,DB
2025-06-04 16:00:36.765,4226,-0.6822236,0.005437784,0.02148568,-0.7308078,85.49824,331.6572,330.3558,8.0,DB
2025-06-04 16:00:36.797,4227,-0.6812403,0.005541546,0.02170965,-0.7317172,85.35075,332.2921,330.9809,8.0,DB
2025-06-04 16:00:36.843,4228,-0.6810914,0.005437357,0.02267364,-0.7318272,85.29889,331.7096,330.3117,8.0,DB
2025-06-04 16:00:36.864,4229,-0.6809219,0.005390882,0.02289962,-0.7319782,85.2691,331.719,330.299,8.0,DB
2025-06-04 16:00:36.910,4230,-0.6808425,0.004961575,0.02288732,-0.7320554,85.2752,332.1901,330.7363,8.0,DB
2025-06-04 16:00:36.930,4231,-0.6628689,0.005316055,0.02269851,-0.7483727,82.70448,342.5648,341.1534,8.0,DB
2025-06-04 16:00:36.976,4232,-0.6626998,0.00539973,0.02274775,-0.7485202,82.67667,342.5458,341.1372,8.0,DB
2025-06-04 16:00:37.027,4233,-0.6603737,0.005745533,0.02266084,-0.7505733,82.33164,343.2062,341.8325,8.0,DB
2025-06-04 16:00:37.054,4234,-0.6571108,0.00608694,0.02298647,-0.753419,81.84158,343.8885,342.5156,8.0,DB
2025-06-04 16:00:37.074,4235,-0.6547325,0.005928089,0.02316102,-0.7554826,81.49518,344.5953,343.1951,8.0,DB
2025-06-04 16:00:37.120,4236,-0.6523911,0.005858164,0.02314016,-0.7575066,81.15571,345.2796,343.8751,8.0,DB
2025-06-04 16:00:37.141,4237,-0.6495233,0.005810535,0.02332214,-0.7599619,80.73516,345.9343,344.5107,8.0,DB
2025-06-04 16:00:37.187,4238,-0.6477596,0.006082415,0.02257688,-0.7614861,80.48589,346.5264,345.1852,8.0,DB
2025-06-04 16:00:37.237,4239,-0.644294,0.005789019,0.02274385,-0.7644178,79.98303,347.3278,345.9486,8.0,DB
2025-06-04 16:00:37.273,4240,-0.6414831,0.005769094,0.02288496,-0.7667742,79.57132,347.8143,346.4217,8.0,DB
2025-06-04 16:00:37.285,4241,-0.6383481,0.00590636,0.02291403,-0.7693842,79.11221,348.2879,346.9035,8.0,DB
2025-06-04 16:00:37.331,4242,-0.6354296,0.006134248,0.02270559,-0.7718006,78.68734,348.7337,347.3843,8.0,DB
2025-06-04 16:00:37.353,4243,-0.63025,0.005972181,0.02337504,-0.7760175,77.9294,349.3259,347.9078,8.0,DB
2025-06-04 16:00:37.397,4244,-0.6286343,0.005893259,0.02365872,-0.777319,77.69303,349.4825,348.0347,8.0,DB
2025-06-04 16:00:37.431,4245,-0.6254413,0.005932784,0.02329586,-0.779901,77.23592,349.9924,348.5767,8.0,DB
2025-06-04 16:00:37.477,4246,-0.621345,0.006296528,0.02226116,-0.7831956,76.65278,350.6447,349.3422,8.0,DB
2025-06-04 16:00:37.508,4247,-0.6159772,0.006754339,0.02236852,-0.7874177,75.87372,350.9966,349.7216,8.0,DB
2025-06-04 16:00:37.554,4248,-0.6139053,0.006648384,0.02337262,-0.7890058,75.56674,350.9542,349.5882,8.0,DB
2025-06-04 16:00:37.575,4249,-0.608346,0.006674876,0.02320617,-0.7933047,74.77399,351.4986,350.1471,8.0,DB
2025-06-04 16:00:37.633,4250,-0.6061595,0.006757266,0.02340957,-0.79497,74.45937,351.6033,350.2415,8.0,DB
2025-06-04 16:00:37.641,4251,-0.6022006,0.007003279,0.02326445,-0.7979751,73.89524,351.8767,350.546,8.0,DB
2025-06-04 16:00:37.686,4252,-0.6002835,0.006773821,0.02322401,-0.7994215,73.62644,352.1068,350.7601,8.0,DB
2025-06-04 16:00:37.720,4253,-0.5935575,0.00665366,0.02295739,-0.8044367,72.67928,352.6751,351.3388,8.0,DB
2025-06-04 16:00:37.764,4254,-0.5869038,0.006747725,0.0227997,-0.8093076,71.7435,353.091,351.7736,8.0,DB
2025-06-04 16:00:37.786,4255,-0.5786027,0.006972477,0.02283937,-0.8152601,70.57967,353.4724,352.1681,8.0,DB
2025-06-04 16:00:37.845,4256,-0.5740833,0.008032662,0.02282317,-0.8184395,69.94069,353.4117,352.1946,8.0,DB
2025-06-04 16:00:37.853,4257,-0.5626987,0.008345325,0.02293919,-0.8263016,68.36243,353.8337,352.6298,8.0,DB
2025-06-04 16:00:37.898,4258,-0.5564353,0.00882332,0.02249066,-0.8305398,67.50101,354.0473,352.9182,8.0,DB
2025-06-04 16:00:37.942,4259,-0.5471849,0.009605734,0.02257582,-0.8366522,66.23033,354.1932,353.1192,8.0,DB
2025-06-04 16:00:37.964,4260,-0.5393122,0.01016779,0.02267193,-0.8417394,65.15659,354.3214,353.2839,8.0,DB
2025-06-04 16:00:38.008,4261,-0.533766,0.01050298,0.02319814,-0.8452488,64.40134,354.3523,353.2974,8.0,DB
2025-06-04 16:00:38.030,4262,-0.5163216,0.01082391,0.02276372,-0.8560238,62.06437,354.8518,353.8548,8.0,DB
2025-06-04 16:00:38.076,4263,-0.5063468,0.01086993,0.02221506,-0.8619753,60.74269,355.16,354.2099,8.0,DB
2025-06-04 16:00:38.108,4264,-0.4735714,0.01146001,0.022987,-0.8803809,56.44127,355.6477,354.6722,8.0,DB
2025-06-04 16:00:38.154,4265,-0.4485949,0.01266164,0.02384769,-0.8933274,53.21423,355.7845,354.8293,8.0,DB
2025-06-04 16:00:38.198,4266,-0.4168974,0.01343237,0.02351697,-0.9085501,49.19276,356.138,355.2662,8.0,DB
2025-06-04 16:00:38.222,4267,-0.3929549,0.01536937,0.02216116,-0.9191623,46.1948,356.217,355.6238,8.0,DB
2025-06-04 16:00:38.272,4268,-0.3640993,0.01625829,0.02124662,-0.930976,42.62868,356.4355,355.9941,8.0,DB
2025-06-04 16:00:38.300,4269,-0.3225102,0.01647256,0.02096847,-0.9461904,37.56213,356.7675,356.3615,8.0,DB
2025-06-04 16:00:38.333,4270,-0.2869482,0.01706828,0.02046357,-0.9575755,33.28819,356.9531,356.6404,8.0,DB
2025-06-04 16:00:38.378,4271,-0.2504035,0.01753643,0.02013306,-0.9677734,28.94445,357.1163,356.872,8.0,DB
2025-06-04 16:00:38.400,4272,-0.2161162,0.01812494,0.01913437,-0.976012,24.90849,357.2414,357.1444,8.0,DB
2025-06-04 16:00:38.445,4273,-0.1978193,0.01752617,0.01911138,-0.9798956,22.76886,357.395,357.2407,8.0,DB
2025-06-04 16:00:38.489,4274,-0.168507,0.01722014,0.01833693,-0.9853796,19.35711,357.563,357.4521,8.0,DB
2025-06-04 16:00:38.511,4275,-0.1222227,0.01771428,0.01784317,-0.9921843,13.99887,357.6661,357.6529,8.0,DB
2025-06-04 16:00:38.556,4276,-0.1116134,0.01759141,0.01799473,-0.9934332,12.77528,357.71,357.6682,8.0,DB
2025-06-04 16:00:38.611,4277,-0.08195503,0.01861561,0.01723707,-0.9963131,9.361557,357.6813,357.8278,8.0,DB
2025-06-04 16:00:38.634,4278,-0.06432879,0.01953525,0.01675474,-0.997597,7.336344,357.6232,357.9232,8.0,DB
2025-06-04 16:00:38.685,4279,-0.04324707,0.02048015,0.01581038,-0.9987295,4.918386,357.5681,358.0817,8.0,DB
2025-06-04 16:00:38.701,4280,-0.02529105,0.0211354,0.01522936,-0.9993408,2.860533,357.5317,358.1922,8.0,DB
2025-06-04 16:00:38.757,4281,-0.01465264,0.02184964,0.01468336,-0.9995461,1.641767,357.4708,358.2805,8.0,DB
2025-06-04 16:00:38.779,4282,-0.004357081,0.02230415,0.01396225,-0.9996443,0.4634264,357.4371,358.3892,8.0,DB
2025-06-04 16:00:38.830,4283,0.01061538,0.02260074,0.01323173,-0.9996008,358.7497,357.4258,358.5113,8.0,DB
2025-06-04 16:00:38.846,4284,0.02441544,0.02279584,0.01254831,-0.9993634,357.17,357.4205,358.625,8.0,DB
2025-06-04 16:00:38.891,4285,0.02991252,0.02321305,0.01168905,-0.9992148,356.5418,357.3764,358.7388,8.0,DB
2025-06-04 16:00:38.936,4286,0.05103686,0.02553631,0.01131451,-0.9983062,354.1181,357.1286,358.8488,8.0,DB
2025-06-04 16:00:38.958,4287,0.07577623,0.02904924,0.0103652,-0.9966478,351.2776,356.7328,359.0575,8.0,DB
2025-06-04 16:00:39.002,4288,0.09634963,0.03253386,0.01068467,-0.9947585,348.908,356.3386,359.1249,8.0,DB
2025-06-04 16:00:39.035,4289,0.1326379,0.03641979,0.008629878,-0.9904577,344.7297,355.8475,359.5585,8.0,DB
2025-06-04 16:00:39.080,4290,0.1821439,0.04101751,0.00598987,-0.9823979,339.0001,355.1822,0.1947527,8.0,DB
2025-06-04 16:00:39.102,4291,0.2193556,0.04452761,0.00424331,-0.9746192,334.6622,354.6078,0.7140625,8.0,DB
2025-06-04 16:00:39.148,4292,0.2333041,0.04615471,0.003222513,-0.9713027,333.0306,354.3234,0.9821034,8.0,DB
2025-06-04 16:00:39.191,4293,0.2952107,0.05048519,-0.0003724834,-0.9540973,325.7169,353.2892,2.116716,8.0,DB
2025-06-04 16:00:39.213,4294,0.3281885,0.05231594,-0.002802734,-0.9431584,321.7733,352.6481,2.891351,8.0,DB
2025-06-04 16:00:39.258,4295,0.3538307,0.0532734,-0.005155392,-0.933777,318.6812,352.1068,3.612906,8.0,DB
2025-06-04 16:00:39.291,4296,0.3855719,0.0541328,-0.007885483,-0.9210548,314.8129,351.3665,4.579313,8.0,DB
2025-06-04 16:00:39.333,4297,0.4245017,0.05484347,-0.0115145,-0.9036914,310.0063,350.2474,6.015683,8.0,DB
2025-06-04 16:00:39.351,4298,0.4578448,0.05487388,-0.01463574,-0.8872165,305.825,349.0908,7.482136,8.0,DB
2025-06-04 16:00:39.398,4299,0.4785604,0.05463742,-0.01657634,-0.8761964,303.1948,348.2371,8.544354,8.0,DB
2025-06-04 16:00:39.419,4300,0.5093271,0.05430668,-0.01924786,-0.8586422,299.2415,346.641,10.42286,8.0,DB
2025-06-04 16:00:39.453,4301,0.521328,0.05449565,-0.01974061,-0.8513858,297.6806,345.8737,11.22563,8.0,DB
2025-06-04 16:00:39.485,4302,0.5477352,0.05408945,-0.02173879,-0.8346186,294.2241,343.8537,13.46505,8.0,DB
2025-06-04 16:00:39.507,4303,0.5658461,0.05310961,-0.02283984,-0.8224817,291.8179,342.2652,15.23672,8.0,DB
2025-06-04 16:00:39.563,4304,0.6029677,0.05130062,-0.02524762,-0.7957143,286.8654,337.2726,20.59312,8.0,DB
2025-06-04 16:00:39.574,4305,0.6265754,0.05001773,-0.02611064,-0.7773158,283.7162,332.2293,25.81952,8.0,DB
2025-06-04 16:00:39.619,4306,0.6446056,0.04912185,-0.02649296,-0.7624757,281.3658,326.3981,31.75922,8.0,DB
2025-06-04 16:00:39.640,4307,0.668959,0.04658073,-0.02632532,-0.7413712,278.3335,313.9825,44.37186,8.0,DB
2025-06-04 16:00:39.685,4308,0.6768038,0.04561742,-0.02689215,-0.7342566,277.5014,307.6312,50.84824,8.0,DB
2025-06-04 16:00:39.724,4309,0.7057498,0.04332986,-0.02666186,-0.7066323,275.6741,270.0462,88.60149,8.0,DB
2025-06-04 16:00:39.740,4310,0.7283114,0.02859807,-0.01146791,-0.6845534,274.8087,221.7835,136.8272,8.0,DB
2025-06-04 16:00:39.775,4311,0.7381428,0.04100167,-0.0271527,-0.6728498,277.6534,225.666,133.2093,8.0,DB
2025-06-04 16:00:39.796,4312,0.7650023,0.04148945,-0.02860738,-0.642053,281.487,209.1641,149.7868,8.0,DB
2025-06-04 16:00:39.851,4313,0.7730561,0.04019076,-0.02808018,-0.6324403,282.6917,205.4035,153.6091,8.0,DB
2025-06-04 16:00:39.863,4314,0.7946623,0.03895191,-0.02870932,-0.6051204,286.363,199.2259,159.9356,8.0,DB
2025-06-04 16:00:39.909,4315,0.7991998,0.03881488,-0.0284438,-0.5991362,287.1665,198.157,160.9931,8.0,DB
2025-06-04 16:00:39.930,4316,0.8281351,0.03685673,-0.02978482,-0.5585221,292.651,193.5916,165.824,8.0,DB
2025-06-04 16:00:39.963,4317,0.8347896,0.03694177,-0.02965139,-0.5485276,293.9896,192.7938,166.6022,8.0,DB
2025-06-04 16:00:39.997,4318,0.8446645,0.03634529,-0.02986203,-0.5332254,296.0224,191.732,167.7289,8.0,DB
2025-06-04 16:00:40.031,4319,0.8612915,0.03515926,-0.03013258,-0.5059971,299.5991,190.2023,169.3764,8.0,DB
2025-06-04 16:00:40.052,4320,0.8764687,0.03380295,-0.03055771,-0.4792978,303.0586,189.0675,170.6582,8.0,DB
2025-06-04 16:00:40.106,4321,0.8822179,0.03293863,-0.03031739,-0.4687085,304.4106,188.5861,171.1915,8.0,DB
2025-06-04 16:00:40.119,4322,0.8975366,0.03129089,-0.03153467,-0.4386967,308.2313,187.8071,172.2139,8.0,DB
2025-06-04 16:00:40.164,4323,0.9026568,0.03081982,-0.0323888,-0.4280328,309.5799,187.6534,172.4818,8.0,DB
2025-06-04 16:00:40.203,4324,0.917098,0.02926612,-0.03416152,-0.3961161,313.5682,187.155,173.2722,8.0,DB
2025-06-04 16:00:40.221,4325,0.925412,0.02832354,-0.03557701,-0.3762248,316.0277,186.9561,173.6825,8.0,DB
2025-06-04 16:00:40.267,4326,0.9327348,0.0275847,-0.0363311,-0.3576658,318.3015,186.7304,174.0463,8.0,DB
2025-06-04 16:00:40.302,4327,0.9423019,0.02604187,-0.03736395,-0.3316521,321.4581,186.4372,174.5812,8.0,DB
2025-06-04 16:00:40.311,4328,0.9504027,0.02458408,-0.03845239,-0.3076552,324.3451,186.2328,175.0303,8.0,DB
2025-06-04 16:00:40.356,4329,0.9529429,0.02414344,-0.03851322,-0.2997228,325.2932,186.1363,175.1782,8.0,DB
2025-06-04 16:00:40.405,4330,0.9598276,0.02348024,-0.03933617,-0.2768259,328.0241,185.9894,175.4798,8.0,DB
2025-06-04 16:00:40.422,4331,0.9685028,0.0220778,-0.04075834,-0.2446507,331.83,185.8435,175.9209,8.0,DB
2025-06-04 16:00:40.468,4332,0.9707424,0.02214209,-0.04128854,-0.2355091,332.9088,185.8402,175.9785,8.0,DB
2025-06-04 16:00:40.489,4333,0.979629,0.02081243,-0.04305889,-0.1950385,337.6454,185.739,176.431,8.0,DB
2025-06-04 16:00:40.534,4334,0.9820357,0.0194922,-0.04385834,-0.1824901,339.1015,185.7289,176.6684,8.0,DB
2025-06-04 16:00:40.580,4335,0.9853542,0.01761028,-0.04468594,-0.1636165,341.2847,185.6853,177.0146,8.0,DB
2025-06-04 16:00:40.600,4336,0.9887551,0.01657058,-0.04577655,-0.1413976,343.8533,185.6885,177.2722,8.0,DB
2025-06-04 16:00:40.645,4337,0.9905767,0.01668526,-0.04692704,-0.127583,345.4517,185.765,177.3335,8.0,DB
2025-06-04 16:00:40.697,4338,0.9932618,0.01538583,-0.04793524,-0.1043877,348.1182,185.7733,177.6238,8.0,DB
2025-06-04 16:00:40.739,4339,0.9960387,0.01478203,-0.04877796,-0.07286743,351.7371,185.7602,177.8831,8.0,DB
2025-06-04 16:00:40.755,4340,0.9974204,0.01370158,-0.04944184,-0.05020563,354.3301,185.7677,178.1401,8.0,DB
2025-06-04 16:00:40.808,4341,0.9978151,0.01429107,-0.04895833,-0.04200271,355.2722,185.6954,178.1236,8.0,DB
2025-06-04 16:00:40.823,4342,0.9985572,0.01380661,-0.04984296,-0.01444757,358.4255,185.7379,178.3368,8.0,DB
2025-06-04 16:00:40.868,4343,0.9986264,0.01360368,-0.05025963,-0.005867525,359.4069,185.7706,178.4092,8.0,DB
2025-06-04 16:00:40.911,4344,0.9981753,0.01276218,-0.05155598,0.02872935,3.363461,185.8755,178.7076,8.0,DB
2025-06-04 16:00:40.934,4345,0.997277,0.01193235,-0.0512957,0.05162361,5.980514,185.8332,178.934,8.0,DB
2025-06-04 16:00:40.978,4346,0.9969093,0.01147781,-0.05085788,0.05876858,6.796388,185.7829,179.0244,8.0,DB
2025-06-04 16:00:41.023,4347,0.9948417,0.01016969,-0.05035225,0.08747368,10.08267,185.7363,179.3351,8.0,DB
2025-06-04 16:00:41.045,4348,0.9927298,0.009364199,-0.05043226,0.1088884,12.54099,185.7673,179.5534,8.0,DB
2025-06-04 16:00:41.108,4349,0.9919738,0.009049479,-0.05064352,0.1155047,13.30131,185.8023,179.6318,8.0,DB
2025-06-04 16:00:41.134,4350,0.9872873,0.007853813,-0.05057283,0.1504813,17.33337,185.8621,179.9828,8.0,DB
2025-06-04 16:00:41.167,4351,0.9830807,0.007027443,-0.05016349,0.1760302,20.29226,185.8842,180.2348,8.0,DB
2025-06-04 16:00:41.212,4352,0.9791868,0.006678122,-0.04992099,0.1966127,22.6877,185.9187,180.4069,8.0,DB
2025-06-04 16:00:41.260,4353,0.9758997,0.006172496,-0.04926103,0.212498,24.54208,185.9012,180.5598,8.0,DB
2025-06-04 16:00:41.301,4354,0.972878,0.004541168,-0.04862476,0.2261053,26.1286,185.9173,180.8394,8.0,DB
2025-06-04 16:00:41.338,4355,0.9655783,0.002088611,-0.04777251,0.2556798,29.60101,186.02,181.3441,8.0,DB
2025-06-04 16:00:41.368,4356,0.9625709,0.001414334,-0.04804592,0.2667338,30.90635,186.138,181.5299,8.0,DB
2025-06-04 16:00:41.389,4357,0.951521,-0.0006711585,-0.04765115,0.3038697,35.32494,186.4102,182.1239,8.0,DB
2025-06-04 16:00:41.434,4358,0.9494882,-0.001173305,-0.04761171,0.3101676,36.07824,186.475,182.2523,8.0,DB
2025-06-04 16:00:41.479,4359,0.941056,-0.002987457,-0.04706043,0.3349483,39.05963,186.6985,182.7422,8.0,DB
2025-06-04 16:00:41.523,4360,0.9348817,-0.003901238,-0.04675859,0.3518449,41.10963,186.8736,183.0583,8.0,DB
2025-06-04 16:00:41.544,4361,0.9280769,-0.004742197,-0.04641937,0.3694543,43.26106,187.0726,183.3931,8.0,DB
2025-06-04 16:00:41.590,4362,0.9230271,-0.00520056,-0.04590453,0.3819515,44.79931,187.1822,183.6091,8.0,DB
2025-06-04 16:00:41.634,4363,0.9114856,-0.006921593,-0.04503672,0.4088006,48.12546,187.5548,184.2476,8.0,DB
2025-06-04 16:00:41.681,4364,0.9001778,-0.008113346,-0.04440696,0.4331767,51.18296,187.9759,184.8575,8.0,DB
2025-06-04 16:00:41.709,4365,0.8939462,-0.008641233,-0.04393863,0.4459318,52.79892,188.2028,185.1847,8.0,DB
2025-06-04 16:00:41.730,4366,0.8799856,-0.009912618,-0.04313516,0.4729341,56.25263,188.8317,186.0184,8.0,DB
2025-06-04 16:00:41.791,4367,0.8714071,-0.01133009,-0.04245681,0.4885887,58.2723,189.309,186.6867,8.0,DB
2025-06-04 16:00:41.827,4368,0.8620569,-0.01303575,-0.04225108,0.5048794,60.38525,190.0233,187.5745,8.0,DB
2025-06-04 16:00:41.853,4369,0.8462983,-0.01550802,-0.04294597,0.530749,63.76801,191.6363,189.3533,8.0,DB
2025-06-04 16:00:41.875,4370,0.8331662,-0.01659783,-0.04243949,0.5511422,66.48807,192.8927,190.7538,8.0,DB
2025-06-04 16:00:41.920,4371,0.8285533,-0.0187283,-0.04074467,0.5581115,67.41702,193.3121,191.4929,8.0,DB
2025-06-04 16:00:41.941,4372,0.8118237,-0.02052579,-0.0394573,0.5822063,70.6787,195.4183,193.8622,8.0,DB
2025-06-04 16:00:41.986,4373,0.8016227,-0.01979599,-0.03977729,0.596177,72.60055,196.9896,195.3517,8.0,DB
2025-06-04 16:00:42.020,4374,0.782325,-0.02032799,-0.04032621,0.6212313,76.01762,201.4484,199.8158,8.0,DB
2025-06-04 16:00:42.064,4375,0.7680928,-0.02098941,-0.03880059,0.6388174,78.43935,205.5459,204.0953,8.0,DB
2025-06-04 16:00:42.086,4376,0.7504962,-0.02144953,-0.03830322,0.6594153,81.16471,213.9514,212.5816,8.0,DB
2025-06-04 16:00:42.131,4377,0.7350329,-0.02115253,-0.0372708,0.6766757,83.30517,225.6866,224.3783,8.0,DB
2025-06-04 16:00:42.152,4378,0.7083073,-0.02168162,-0.03695298,0.704603,85.23811,267.0043,265.7657,8.0,DB
2025-06-04 16:00:42.197,4379,0.7012708,-0.02305822,-0.03885242,0.7114621,84.91434,279.9884,278.7074,8.0,DB
2025-06-04 16:00:42.231,4380,0.6753871,-0.01234437,-0.02455039,0.7369514,84.18186,329.5614,328.571,8.0,DB
2025-06-04 16:00:42.263,4381,0.6503489,-0.02787877,-0.0393065,0.7581058,79.69666,328.5218,327.592,8.0,DB
2025-06-04 16:00:42.315,4382,0.6392837,-0.03043224,-0.04064242,0.7672933,78.11472,331.3756,330.5438,8.0,DB
2025-06-04 16:00:42.342,4383,0.6194845,-0.03100153,-0.03867776,0.7834425,75.52632,337.2888,336.6619,8.0,DB
2025-06-04 16:00:42.385,4384,0.5964239,-0.0339694,-0.0396228,0.8009712,72.31567,340.444,339.9804,8.0,DB
2025-06-04 16:00:42.408,4385,0.5820798,-0.03516813,-0.03915225,0.8114268,70.36913,342.2088,341.8812,8.0,DB
2025-06-04 16:00:42.430,4386,0.5467175,-0.03757549,-0.03955515,0.8355379,65.59308,345.1299,344.9658,8.0,DB
2025-06-04 16:00:42.476,4387,0.5385165,-0.03794158,-0.04020252,0.8407998,64.49108,345.5995,345.4117,8.0,DB
2025-06-04 16:00:42.508,4388,0.5097706,-0.03961218,-0.03960833,0.8584847,60.70625,347.2007,347.201,8.0,DB
2025-06-04 16:00:42.541,4389,0.4846662,-0.0411495,-0.0382372,0.8728938,57.45585,348.3203,348.5661,8.0,DB
2025-06-04 16:00:42.586,4390,0.4674831,-0.0413055,-0.03766102,0.882233,55.26005,349.0655,349.3749,8.0,DB
2025-06-04 16:00:42.609,4391,0.4394203,-0.04261424,-0.0364467,0.8965299,51.70221,349.9228,350.4518,8.0,DB
2025-06-04 16:00:42.654,4392,0.4156706,-0.04361817,-0.03455843,0.9078113,48.73664,350.5818,351.3662,8.0,DB
2025-06-04 16:00:42.705,4393,0.3768583,-0.0454069,-0.03159508,0.9246177,43.95,351.39,352.606,8.0,DB
2025-06-04 16:00:42.734,4394,0.3439947,-0.04576994,-0.03120359,0.9373363,39.94269,351.957,353.2597,8.0,DB
2025-06-04 16:00:42.767,4395,0.3082325,-0.04603405,-0.02848442,0.9497697,35.65317,352.5752,354.1737,8.0,DB
2025-06-04 16:00:42.819,4396,0.2818643,-0.04588332,-0.02541968,0.9580196,32.52925,353.0346,354.9258,8.0,DB
2025-06-04 16:00:42.833,4397,0.252212,-0.04518845,-0.02250697,0.9663544,29.03988,353.5186,355.6513,8.0,DB
2025-06-04 16:00:42.879,4398,0.2309675,-0.0443477,-0.02083735,0.971727,26.55306,353.8512,356.0909,8.0,DB
2025-06-04 16:00:42.924,4399,0.1959299,-0.04322394,-0.01897752,0.9794812,22.4687,354.2794,356.6429,8.0,DB
2025-06-04 16:00:42.957,4400,0.1686631,-0.04224589,-0.01729724,0.9846162,19.30977,354.587,357.0656,8.0,DB
2025-06-04 16:00:43.002,4401,0.1254994,-0.03992544,-0.01530657,0.991172,14.33321,355.0864,357.6123,8.0,DB
2025-06-04 16:00:43.023,4402,0.09512138,-0.03783164,-0.01421878,0.9946451,10.84473,355.447,357.9296,8.0,DB
2025-06-04 16:00:43.068,4403,0.07094027,-0.03572462,-0.01346782,0.9967498,8.074297,355.7643,358.1527,8.0,DB
2025-06-04 16:00:43.114,4404,0.01994567,-0.03121608,-0.01111639,0.999252,2.244704,356.395,358.6546,8.0,DB
2025-06-04 16:00:43.135,4405,-0.01310532,-0.02808391,-0.0101004,0.9994687,358.4663,356.7959,358.8849,8.0,DB
2025-06-04 16:00:43.180,4406,-0.03578917,-0.02612939,-0.009612898,0.9989716,355.8707,357.0393,359.0041,8.0,DB
2025-06-04 16:00:43.224,4407,-0.0657478,-0.02723557,-0.001627383,0.9974634,352.4581,356.8706,0.01935274,8.0,DB
2025-06-04 16:00:43.247,4408,-0.08697624,-0.02960732,0.006309701,0.9957504,350.047,356.504,1.03062,8.0,DB
2025-06-04 16:00:43.303,4409,-0.1024003,-0.03171326,0.0130139,0.9941525,348.3006,356.1517,1.894387,8.0,DB
2025-06-04 16:00:43.336,4410,-0.1365618,-0.03715081,0.02880987,0.9895155,344.4476,355.1536,3.997614,8.0,DB
2025-06-04 16:00:43.358,4411,-0.1583378,-0.041478,0.03975066,0.9857124,342.0099,354.3064,5.520617,8.0,DB
2025-06-04 16:00:43.402,4412,-0.1644177,-0.04405389,0.04491298,0.9843826,341.3526,353.8504,6.235262,8.0,DB
2025-06-04 16:00:43.436,4413,-0.1841162,-0.0497245,0.05815746,0.9799217,339.2032,352.6949,8.135214,8.0,DB
2025-06-04 16:00:43.481,4414,-0.2085557,-0.05828309,0.0756907,0.9733339,336.5989,350.9076,10.78008,8.0,DB
2025-06-04 16:00:43.503,4415,-0.2226439,-0.0635014,0.08610761,0.9690114,335.1305,349.7521,12.42149,8.0,DB
2025-06-04 16:00:43.548,4416,-0.2319226,-0.0684104,0.09561471,0.9656034,334.2269,348.6993,13.90345,8.0,DB
2025-06-04 16:00:43.580,4417,-0.2558564,-0.07761975,0.1162401,0.9565568,331.8724,346.3595,17.28944,8.0,DB
2025-06-04 16:00:43.614,4418,-0.2641186,-0.08153434,0.1259242,0.9527522,331.1352,345.3236,18.85467,8.0,DB
2025-06-04 16:00:43.644,4419,-0.2859419,-0.09296833,0.1478872,0.942191,329.2478,342.4063,22.71448,8.0,DB
2025-06-04 16:00:43.692,4420,-0.290067,-0.09750555,0.1543508,0.9394307,329.0096,341.4483,23.84599,8.0,DB
2025-06-04 16:00:43.726,4421,-0.3169177,-0.1138094,0.1848994,0.9232675,327.1042,337.0543,29.50716,8.0,DB
2025-06-04 16:00:43.758,4422,-0.3234091,-0.117005,0.1911757,0.9193305,326.6397,336.0698,30.76128,8.0,DB
2025-06-04 16:00:43.791,4423,-0.3425403,-0.127632,0.2120088,0.9063271,325.4734,332.7993,34.93111,8.0,DB
2025-06-04 16:00:43.847,4424,-0.3609025,-0.1396576,0.234082,0.8918806,324.6632,329.1698,39.4509,8.0,DB
2025-06-04 16:00:43.868,4425,-0.3740341,-0.1491544,0.2495643,0.8806641,324.243,326.3727,42.77827,8.0,DB
2025-06-04 16:00:43.914,4426,-0.3967763,-0.1665549,0.2755698,0.8595868,323.8194,321.2686,48.64966,8.0,DB
2025-06-04 16:00:43.935,4427,-0.4139291,-0.1802402,0.2940107,0.8424571,323.74,317.2748,53.07361,8.0,DB
2025-06-04 16:00:43.980,4428,-0.420438,-0.1853727,0.3018764,0.8353082,323.8095,315.7134,54.88766,8.0,DB
2025-06-04 16:00:44.003,4429,-0.4373288,-0.2007757,0.3203735,0.8159618,324.1942,311.4508,59.45135,8.0,DB
2025-06-04 16:00:44.047,4430,-0.4479043,-0.210183,0.3319274,0.8031372,324.5547,308.7941,62.32227,8.0,DB
2025-06-04 16:00:44.080,4431,-0.4622824,-0.2211268,0.3472599,0.7853716,325.0718,305.3881,66.15749,8.0,DB
2025-06-04 16:00:44.113,4432,-0.4783436,-0.2267028,0.3627784,0.7669325,325.3036,302.3209,70.15144,8.0,DB
2025-06-04 16:00:44.146,4433,-0.4901406,-0.2292738,0.3743106,0.7530521,325.4891,300.1915,73.11716,8.0,DB
2025-06-04 16:00:44.190,4434,-0.4942166,-0.2298502,0.3792974,0.7476981,325.6195,299.4552,74.26834,8.0,DB
2025-06-04 16:00:44.214,4435,-0.5148725,-0.2286356,0.4061634,0.7194884,326.2781,296.05,80.31847,8.0,DB
2025-06-04 16:00:44.257,4436,-0.5204427,-0.2278356,0.4119431,0.7124138,326.3698,295.1958,81.79112,8.0,DB
2025-06-04 16:00:44.279,4437,-0.5322295,-0.2244344,0.431324,0.6930519,327.0356,293.3636,85.80441,8.0,DB
2025-06-04 16:00:44.336,4438,-0.5393549,-0.2204236,0.4456943,0.6796077,327.5464,292.3605,88.58033,8.0,DB
2025-06-04 16:00:44.358,4439,-0.5512016,-0.2137122,0.4670099,0.6575757,328.3114,290.7166,92.95342,8.0,DB
2025-06-04 16:00:44.403,4440,-0.5660614,-0.2020628,0.4975827,0.6254254,329.5376,288.7796,99.0799,8.0,DB
2025-06-04 16:00:44.424,4441,-0.5762553,-0.1912682,0.5217481,0.5992708,330.5885,287.5513,103.8537,8.0,DB
2025-06-04 16:00:44.469,4442,-0.582179,-0.1839164,0.535413,0.5835885,331.1471,286.8911,106.6666,8.0,DB
2025-06-04 16:00:44.503,4443,-0.5996134,-0.1582311,0.5789961,0.5293301,333.1564,284.9949,115.8866,8.0,DB
2025-06-04 16:00:44.547,4444,-0.604492,-0.1524922,0.5887489,0.5145003,333.7389,284.3769,118.2213,8.0,DB
2025-06-04 16:00:44.569,4445,-0.613493,-0.1364745,0.6120064,0.4800515,335.041,283.3933,123.6107,8.0,DB
2025-06-04 16:00:44.614,4446,-0.6245087,-0.1146041,0.6390775,0.4340909,336.69,282.1766,130.5348,8.0,DB
2025-06-04 16:00:44.646,4447,-0.6338683,-0.09306389,0.6620584,0.3888819,338.2984,281.1141,137.0636,8.0,DB
2025-06-04 16:00:44.692,4448,-0.6393461,-0.08293596,0.6707378,0.3667005,339.0446,280.4086,140.1843,8.0,DB
2025-06-04 16:00:44.724,4449,-0.6486499,-0.06072349,0.6918977,0.3111968,341.356,279.178,147.4781,8.0,DB
2025-06-04 16:00:44.757,4450,-0.6529614,-0.05185754,0.6994533,0.2858626,342.4961,278.5571,150.6384,8.0,DB
2025-06-04 16:00:44.801,4451,-0.6583028,-0.0393011,0.7091961,0.2492667,344.1904,277.7762,155.0873,8.0,DB
2025-06-04 16:00:44.823,4452,-0.6616096,-0.03166532,0.7154118,0.222388,345.584,277.2688,158.173,8.0,DB
2025-06-04 16:00:44.879,4453,-0.6636466,-0.0266651,0.7193119,0.2035993,346.5925,276.9511,160.2758,8.0,DB
2025-06-04 16:00:44.901,4454,-0.6697487,-0.01771066,0.7255526,0.1571519,349.3503,275.9717,165.1565,8.0,DB
2025-06-04 16:00:44.946,4455,-0.6730359,-0.01584987,0.7260517,0.1400732,350.4718,275.4428,166.8277,8.0,DB
2025-06-04 16:00:44.979,4456,-0.6789727,-0.0130459,0.7269703,0.1016872,353.1588,274.4856,170.4011,8.0,DB
2025-06-04 16:00:45.012,4457,-0.6825802,-0.01291345,0.72622,0.08076104,354.7503,273.9061,172.2126,8.0,DB
2025-06-04 16:00:45.067,4458,-0.6881905,-0.01628328,0.7236956,0.04892484,357.4913,272.9984,174.6457,8.0,DB
2025-06-04 16:00:45.090,4459,-0.6910785,-0.01845876,0.7219985,0.0280725,359.304,272.53,176.2126,8.0,DB
2025-06-04 16:00:45.123,4460,-0.6928853,-0.02325641,0.7206714,0.001474125,1.803835,272.2212,178.0304,8.0,DB
2025-06-04 16:00:45.168,4461,-0.6928651,-0.0246272,0.7205656,-0.01080797,2.892829,272.2186,178.9357,8.0,DB
2025-06-04 16:00:45.214,4462,-0.6878495,-0.02760138,0.723965,-0.04445314,5.80361,273.0078,181.5202,8.0,DB
2025-06-04 16:00:45.235,4463,-0.6846413,-0.02871142,0.7255751,-0.06310957,7.358623,273.5196,183.021,8.0,DB
2025-06-04 16:00:45.279,4464,-0.6796595,-0.02756833,0.7275013,-0.08969469,9.325073,274.336,185.4097,8.0,DB
2025-06-04 16:00:45.328,4465,-0.6756853,-0.02590385,0.7283414,-0.1108939,10.81231,274.997,187.4013,8.0,DB
2025-06-04 16:00:45.367,4466,-0.6694138,-0.02087994,0.7277535,-0.1477303,13.18973,276.0667,191.0775,8.0,DB
2025-06-04 16:00:45.379,4467,-0.6645219,-0.01514512,0.7258062,-0.1771631,14.91836,276.9164,194.2003,8.0,DB
2025-06-04 16:00:45.436,4468,-0.6617862,-0.0102725,0.7237489,-0.1952466,15.86028,277.3985,196.2405,8.0,DB
2025-06-04 16:00:45.479,4469,-0.6548737,0.001617423,0.7160904,-0.2415627,18.30466,278.6187,201.508,8.0,DB
2025-06-04 16:00:45.501,4470,-0.6531549,0.005627445,0.7133375,-0.2539822,18.88991,278.9206,203.0009,8.0,DB
2025-06-04 16:00:45.547,4471,-0.6458011,0.02092995,0.7023977,-0.298564,20.86845,280.1712,208.5417,8.0,DB
2025-06-04 16:00:45.579,4472,-0.6410115,0.03203896,0.694373,-0.3254598,21.8855,280.9433,212.0967,8.0,DB
2025-06-04 16:00:45.625,4473,-0.634049,0.04921292,0.6812211,-0.3626266,23.1286,281.9948,217.236,8.0,DB
2025-06-04 16:00:45.658,4474,-0.6239935,0.07192875,0.6600461,-0.4120654,24.79038,283.4341,224.2714,8.0,DB
2025-06-04 16:00:45.703,4475,-0.6156148,0.08898617,0.6429074,-0.4469565,25.8417,284.5564,229.4901,8.0,DB
2025-06-04 16:00:45.736,4476,-0.6062658,0.1077452,0.6217189,-0.484044,26.93274,285.7277,235.2492,8.0,DB
2025-06-04 16:00:45.780,4477,-0.595131,0.1256869,0.5991599,-0.5206052,27.97221,287.1241,241.1353,8.0,DB
2025-06-04 16:00:45.813,4478,-0.5826297,0.1396247,0.5769443,-0.5551425,29.06316,288.8282,246.7782,8.0,DB
2025-06-04 16:00:45.858,4479,-0.570083,0.1550807,0.5527715,-0.5877069,29.90973,290.3834,252.4691,8.0,DB
2025-06-04 16:00:45.891,4480,-0.5581894,0.16626,0.5326905,-0.6140223,30.55406,291.9263,257.208,8.0,DB
2025-06-04 16:00:45.935,4481,-0.5430143,0.1792931,0.5059832,-0.6457328,31.3219,293.8914,263.1582,8.0,DB
2025-06-04 16:00:45.969,4482,-0.5315481,0.1862644,0.4867973,-0.6676758,31.90128,295.5028,267.365,8.0,DB
2025-06-04 16:00:46.013,4483,-0.5157064,0.1933448,0.4618181,-0.6952618,32.58306,297.8267,272.8259,8.0,DB
2025-06-04 16:00:46.046,4484,-0.5076468,0.1950614,0.4488598,-0.7090634,33.01079,299.1521,275.5869,8.0,DB
2025-06-04 16:00:46.092,4485,-0.501507,0.1949623,0.4393724,-0.7193278,33.37894,300.2726,277.6308,8.0,DB
2025-06-04 16:00:46.135,4486,-0.4829926,0.1975962,0.4109081,-0.7475484,34.03733,303.3321,283.6633,8.0,DB
2025-06-04 16:00:46.168,4487,-0.4725654,0.1960495,0.3978564,-0.7615492,34.31652,305.2337,286.6597,8.0,DB
2025-06-04 16:00:46.213,4488,-0.4627605,0.1940565,0.3856032,-0.7742773,34.53796,307.0561,289.4522,8.0,DB
2025-06-04 16:00:46.246,4489,-0.4468969,0.1902007,0.3719099,-0.791069,34.44239,309.8288,293.1282,8.0,DB
2025-06-04 16:00:46.291,4490,-0.442611,0.1886882,0.369324,-0.7950423,34.36165,310.5795,293.9721,8.0,DB
2025-06-04 16:00:46.338,4491,-0.4169926,0.1731782,0.3485228,-0.821376,34.35386,315.8393,299.721,8.0,DB
2025-06-04 16:00:46.369,4492,-0.3999448,0.1597568,0.3341393,-0.8383753,34.32216,319.6112,303.5796,8.0,DB
2025-06-04 16:00:46.402,4493,-0.383485,0.1463137,0.3174981,-0.8548256,34.2439,323.332,307.5906,8.0,DB
2025-06-04 16:00:46.448,4494,-0.3766448,0.1400175,0.3103139,-0.8615331,34.20011,324.9474,309.2849,8.0,DB
2025-06-04 16:00:46.491,4495,-0.3479953,0.1178949,0.2803683,-0.8867885,33.44172,331.025,316.0331,8.0,DB
2025-06-04 16:00:46.525,4496,-0.3359856,0.1086168,0.2676408,-0.8964846,32.97488,333.4791,318.7747,8.0,DB
2025-06-04 16:00:46.579,4497,-0.3252168,0.1008834,0.2588487,-0.9039105,32.39185,335.4572,320.8104,8.0,DB
2025-06-04 16:00:46.613,4498,-0.2980377,0.0844802,0.2298774,-0.9226013,30.73711,340.0756,326.49,8.0,DB
2025-06-04 16:00:46.646,4499,-0.2855478,0.0772012,0.217175,-0.9302353,29.84933,342.0253,328.8901,8.0,DB
2025-06-04 16:00:46.702,4500,-0.273468,0.07028588,0.2068509,-0.9367434,28.89862,343.7616,330.8851,8.0,DB
2025-06-04 16:00:46.734,4501,-0.2498145,0.05947782,0.1855667,-0.9484832,26.86022,346.6794,334.6659,8.0,DB
2025-06-04 16:00:46.779,4502,-0.2293841,0.05120009,0.1661333,-0.9576855,24.98263,348.9145,337.8541,8.0,DB
2025-06-04 16:00:46.824,4503,-0.2130833,0.04515558,0.1507139,-0.9642832,23.41162,350.5092,340.2627,8.0,DB
2025-06-04 16:00:46.858,4504,-0.1951693,0.03987158,0.1363505,-0.9704267,21.58751,351.9255,342.4621,8.0,DB
2025-06-04 16:00:46.914,4505,-0.1776095,0.03479182,0.1231021,-0.9757513,19.75747,353.1883,344.4314,8.0,DB
2025-06-04 16:00:46.946,4506,-0.1440705,0.02758515,0.1022385,-0.9838853,16.13235,354.999,347.4258,8.0,DB
2025-06-04 16:00:46.991,4507,-0.1331155,0.02502854,0.09609732,-0.9861134,14.93503,355.5513,348.2847,8.0,DB
2025-06-04 16:00:47.034,4508,-0.103719,0.01971057,0.08114754,-0.991095,11.67685,356.7275,350.3038,8.0,DB
2025-06-04 16:00:47.068,4509,-0.07531828,0.01539051,0.0685925,-0.9946786,8.495028,357.627,351.9341,8.0,DB
2025-06-04 16:00:47.124,4510,-0.05711206,0.01251919,0.06088893,-0.9964308,6.447447,358.1601,352.9027,8.0,DB
2025-06-04 16:00:47.157,4511,-0.03377157,0.01166334,0.05184425,-0.9980159,3.795744,358.4619,354.0016,8.0,DB
2025-06-04 16:00:47.202,4512,-0.01051033,0.01004704,0.04349291,-0.9989481,1.153133,358.7972,355.0019,8.0,DB
2025-06-04 16:00:47.235,4513,0.01860209,0.00970119,0.03421038,-0.9991945,357.8315,358.9613,356.0978,8.0,DB
2025-06-04 16:00:47.291,4514,0.04800797,0.01123622,0.03227372,-0.9982623,354.4581,358.8869,356.3504,8.0,DB
2025-06-04 16:00:47.323,4515,0.1036404,0.01367043,0.03153496,-0.9940209,348.0591,358.7911,356.4923,8.0,DB
2025-06-04 16:00:47.368,4516,0.1190726,0.01464705,0.03010155,-0.9923212,346.2787,358.7082,356.6804,8.0,DB
2025-06-04 16:00:47.401,4517,0.1532883,0.01564454,0.02803803,-0.9876599,342.3218,358.6584,356.9565,8.0,DB
2025-06-04 16:00:47.458,4518,0.1667934,0.01701558,0.02662298,-0.9854856,340.7524,358.5035,357.1588,8.0,DB
2025-06-04 16:00:47.489,4519,0.2023699,0.01845837,0.02610387,-0.9787873,336.6019,358.4036,357.2752,8.0,DB
2025-06-04 16:00:47.523,4520,0.229055,0.0193822,0.02514981,-0.9728956,333.4699,358.3224,357.4339,8.0,DB
2025-06-04 16:00:47.580,4521,0.2381527,0.01964881,0.02467946,-0.9707154,332.398,358.2934,357.5065,8.0,DB
2025-06-04 16:00:47.600,4522,0.2675428,0.02077413,0.0237667,-0.9630289,328.9163,358.1736,357.6805,8.0,DB
2025-06-04 16:00:47.657,4523,0.2786419,0.0211468,0.02350679,-0.9598745,327.5939,358.1336,357.7367,8.0,DB
2025-06-04 16:00:47.689,4524,0.3101061,0.02143973,0.02296415,-0.9501829,323.8217,358.1186,357.8457,8.0,DB
2025-06-04 16:00:47.734,4525,0.3329869,0.02145095,0.02249005,-0.9424192,321.0537,358.1245,357.9291,8.0,DB
2025-06-04 16:00:47.766,4526,0.3462107,0.02174407,0.02221791,-0.9376417,319.4426,358.0847,357.9929,8.0,DB
2025-06-04 16:00:47.825,4527,0.3575669,0.02256375,0.02173235,-0.9333621,318.0517,357.952,358.1175,8.0,DB
2025-06-04 16:00:47.844,4528,0.3822628,0.02321507,0.02111329,-0.9235207,315.0058,357.8332,358.2782,8.0,DB
2025-06-04 16:00:47.901,4529,0.392002,0.02328108,0.02105939,-0.9194288,313.7953,357.8222,358.3049,8.0,DB
2025-06-04 16:00:47.934,4530,0.4287233,0.02418523,0.02025414,-0.902885,309.1809,357.6136,358.5636,8.0,DB
2025-06-04 16:00:47.965,4531,0.4450369,0.02417651,0.02005086,-0.8949613,307.1031,357.5842,358.635,8.0,DB
2025-06-04 16:00:48.009,4532,0.4580587,0.02474794,0.02115864,-0.8883255,305.4267,357.5692,358.5251,8.0,DB
2025-06-04 16:00:48.030,4533,0.4929468,0.02587579,0.02112667,-0.8694181,300.8797,357.3013,358.7468,8.0,DB
2025-06-04 16:00:48.075,4534,0.4998373,0.0253986,0.02176717,-0.8654733,299.9688,357.4524,358.5905,8.0,DB
2025-06-04 16:00:48.096,4535,0.5214318,0.02539493,0.02109023,-0.8526545,297.0924,357.3178,358.807,8.0,DB
2025-06-04 16:00:48.141,4536,0.5388204,0.02512169,0.0209541,-0.8417854,294.7429,357.3004,358.8766,8.0,DB
2025-06-04 16:00:48.163,4537,0.5637428,0.02600515,0.02052643,-0.8252857,291.3199,356.8813,359.2814,8.0,DB
2025-06-04 16:00:48.216,4538,0.5788738,0.02696647,0.02069964,-0.8147084,289.2058,356.5189,359.5632,8.0,DB
2025-06-04 16:00:48.230,4539,0.6141014,0.02681488,0.0201431,-0.7885144,284.1789,355.8919,0.2731716,8.0,DB
2025-06-04 16:00:48.276,4540,0.6209924,0.02059458,0.02537505,-0.7831351,283.1729,359.8136,356.4361,8.0,DB
2025-06-04 16:00:48.296,4541,0.6287819,0.01016103,0.03255664,-0.7768335,282.1556,6.861137,349.6574,8.0,DB
2025-06-04 16:00:48.330,4542,0.6314792,0.001736632,0.03845589,-0.7744367,281.9814,12.76773,343.9572,8.0,DB
2025-06-04 16:00:48.375,4543,0.6381338,-0.01467826,0.04937951,-0.7682003,281.7686,24.80677,332.3663,8.0,DB
2025-06-04 16:00:48.397,4544,0.6405804,-0.02192597,0.05455343,-0.765637,281.8992,30.11905,327.2227,8.0,DB
2025-06-04 16:00:48.418,4545,0.6480657,-0.04320589,0.0673052,-0.7573734,282.6204,44.3313,313.704,8.0,DB
2025-06-04 16:00:48.464,4546,0.6490376,-0.04927363,0.07115474,-0.7558173,283.0699,47.54536,310.67,8.0,DB
2025-06-04 16:00:48.500,4547,0.6522403,-0.06735025,0.08185375,-0.7505643,284.5176,56.02316,302.7921,8.0,DB
2025-06-04 16:00:48.519,4548,0.6541573,-0.07936676,0.08848692,-0.7469603,285.5893,60.68969,298.5644,8.0,DB
2025-06-04 16:00:48.541,4549,0.6566988,-0.09773757,0.09841625,-0.7412885,287.3754,66.64445,293.2999,8.0,DB
2025-06-04 16:00:48.586,4550,0.6565484,-0.1029096,0.1017406,-0.7402723,287.9904,67.79809,292.2978,8.0,DB
2025-06-04 16:00:48.607,4551,0.6575128,-0.1214051,0.1116863,-0.7351627,290.009,71.97535,288.8243,8.0,DB
2025-06-04 16:00:48.652,4552,0.6588168,-0.1430715,0.1231857,-0.7282284,292.4386,76.20992,285.4329,8.0,DB
2025-06-04 16:00:48.674,4553,0.6587069,-0.1649276,0.134265,-0.7217182,294.9721,79.37952,283.1654,8.0,DB
2025-06-04 16:00:48.707,4554,0.6585162,-0.1738939,0.1390622,-0.7188737,296.0494,80.5324,282.3648,8.0,DB
2025-06-04 16:00:48.729,4555,0.6564155,-0.2019974,0.1532745,-0.710509,299.4417,83.38406,280.6987,8.0,DB
2025-06-04 16:00:48.775,4556,0.6538917,-0.2099596,0.1582173,-0.7094434,300.5304,83.59324,280.7537,8.0,DB
2025-06-04 16:00:48.796,4557,0.6483663,-0.2393377,0.1731664,-0.7016782,304.2084,85.44199,280.1701,8.0,DB
2025-06-04 16:00:48.848,4558,0.6464886,-0.2474384,0.1765465,-0.699756,305.1747,85.85351,280.1752,8.0,DB
2025-06-04 16:00:48.863,4559,0.6399552,-0.2727387,0.1898866,-0.6928306,308.4471,87.03691,280.0775,8.0,DB
2025-06-04 16:00:48.898,4560,0.6361924,-0.2823434,0.1960185,-0.6907377,309.808,87.21713,280.2273,8.0,DB
2025-06-04 16:00:48.924,4561,0.6237907,-0.3152725,0.2152488,-0.6820241,314.344,88.11617,280.6443,8.0,DB
2025-06-04 16:00:48.976,4562,0.6191468,-0.3245765,0.2217104,-0.6798176,315.7421,88.19054,280.8652,8.0,DB
2025-06-04 16:00:48.996,4563,0.5976484,-0.3690111,0.2495439,-0.6666147,322.2198,89.03619,281.7601,8.0,DB
2025-06-04 16:00:49.030,4564,0.5879031,-0.3831008,0.2604381,-0.663156,324.5358,88.93014,282.2694,8.0,DB
2025-06-04 16:00:49.075,4565,0.5668641,-0.4133248,0.283007,-0.6540143,329.5008,88.95892,283.2266,8.0,DB
2025-06-04 16:00:49.108,4566,0.5485803,-0.4352331,0.3010951,-0.6472819,333.3795,88.76529,284.0348,8.0,DB
2025-06-04 16:00:49.141,4567,0.5256178,-0.4606939,0.3243959,-0.637381,338.2139,88.58228,284.7863,8.0,DB
2025-06-04 16:00:49.186,4568,0.5092575,-0.4734436,0.3395548,-0.6334119,341.118,88.00033,285.3656,8.0,DB
2025-06-04 16:00:49.219,4569,0.4903817,-0.4904618,0.3586447,-0.6247777,344.8732,87.74723,285.7355,8.0,DB
2025-06-04 16:00:49.264,4570,0.4642483,-0.5124317,0.3849045,-0.6113394,350.0289,87.4526,286.0708,8.0,DB
2025-06-04 16:00:49.313,4571,0.4346751,-0.5363227,0.4144033,-0.5930308,355.9261,87.30899,286.222,8.0,DB
2025-06-04 16:00:49.341,4572,0.4116489,-0.5530762,0.4382905,-0.5766746,0.575325,87.1738,286.0757,8.0,DB
2025-06-04 16:00:49.391,4573,0.3879279,-0.5684441,0.4642461,-0.5575473,5.463964,86.96147,285.6166,8.0,DB
2025-06-04 16:00:49.419,4574,0.3713025,-0.5787453,0.4835963,-0.5415931,9.065787,86.84343,285.0572,8.0,DB
2025-06-04 16:00:49.452,4575,0.3501484,-0.5904436,0.5075146,-0.5207704,13.56943,86.60623,284.2724,8.0,DB
2025-06-04 16:00:49.508,4576,0.3296799,-0.6016178,0.5287179,-0.4998247,17.85492,86.46223,283.5827,8.0,DB
2025-06-04 16:00:49.541,4577,0.3036367,-0.6165914,0.554998,-0.4686121,23.56806,86.54486,282.5755,8.0,DB
2025-06-04 16:00:49.575,4578,0.2947634,-0.6212364,0.5638349,-0.4574606,25.52242,86.54652,282.1809,8.0,DB
2025-06-04 16:00:49.631,4579,0.2784695,-0.6288989,0.57978,-0.4368024,29.07629,86.46537,281.3915,8.0,DB
2025-06-04 16:00:49.652,4580,0.255062,-0.641455,0.6017879,-0.4016597,34.55126,86.73155,280.1816,8.0,DB
2025-06-04 16:00:49.708,4581,0.2480561,-0.6452624,0.6066728,-0.392496,36.02966,86.86626,280.0289,8.0,DB
2025-06-04 16:00:49.741,4582,0.2278285,-0.6560012,0.6233598,-0.3594154,40.84986,87.30903,279.0539,8.0,DB
2025-06-04 16:00:49.797,4583,0.2189872,-0.6605282,0.6287307,-0.3470521,42.73345,87.54253,278.8879,8.0,DB
2025-06-04 16:00:49.830,4584,0.2009696,-0.6706299,0.6409882,-0.3146445,47.1607,88.3369,278.2435,8.0,DB
2025-06-04 16:00:49.861,4585,0.1928155,-0.6756209,0.646143,-0.2980907,49.3007,88.88251,277.9902,8.0,DB
2025-06-04 16:00:49.916,4586,0.1895388,-0.6789936,0.6476652,-0.2890893,50.34795,89.45359,278.0363,8.0,DB
2025-06-04 16:00:49.945,4587,0.1754072,-0.6889291,0.6539034,-0.2588815,54.11221,91.05387,278.1681,8.0,DB
2025-06-04 16:00:49.990,4588,0.1727195,-0.6925213,0.6535059,-0.2520168,54.89275,91.87684,278.6199,8.0,DB
2025-06-04 16:00:50.032,4589,0.1615487,-0.7032812,0.6544995,-0.2256732,57.96019,94.4763,279.8842,8.0,DB
2025-06-04 16:00:50.076,4590,0.1515151,-0.7101191,0.6559946,-0.2060226,60.37015,96.32327,280.893,8.0,DB
2025-06-04 16:00:50.120,4591,0.1430843,-0.7174366,0.6543871,-0.1912836,62.15605,98.66622,282.6908,8.0,DB
2025-06-04 16:00:50.142,4592,0.1363794,-0.7241047,0.6529735,-0.1752111,63.87712,101.2441,284.4746,8.0,DB
2025-06-04 16:00:50.188,4593,0.1327621,-0.7289513,0.6501729,-0.1681651,64.58686,103.1995,286.1405,8.0,DB
2025-06-04 16:00:50.219,4594,0.1187654,-0.7398286,0.6469113,-0.1416138,67.45357,108.6952,290.5831,8.0,DB
2025-06-04 16:00:50.265,4595,0.1161195,-0.7460525,0.6413008,-0.1365848,67.69364,111.67,293.3603,8.0,DB
2025-06-04 16:00:50.285,4596,0.1081294,-0.7545839,0.6354669,-0.1228546,68.82121,116.6729,297.8868,8.0,DB
2025-06-04 16:00:50.344,4597,0.1042118,-0.7603427,0.6310267,-0.1132452,69.38866,120.3669,301.1108,8.0,DB
2025-06-04 16:00:50.363,4598,0.09285606,-0.7668787,0.6279053,-0.09492098,70.98379,126.4202,306.5899,8.0,DB
2025-06-04 16:00:50.415,4599,0.08834864,-0.771589,0.6238293,-0.08764748,71.2968,130.0443,309.9868,8.0,DB
2025-06-04 16:00:50.442,4600,0.08189111,-0.7771267,0.6192983,-0.07640442,71.81112,135.1404,314.6902,8.0,DB
2025-06-04 16:00:50.463,4601,0.07362682,-0.7827514,0.614669,-0.0637283,72.34159,141.1505,320.3388,8.0,DB
2025-06-04 16:00:50.509,4602,0.0676917,-0.7864637,0.6113732,-0.05581979,72.57088,145.2869,324.3137,8.0,DB
2025-06-04 16:00:50.530,4603,0.05571833,-0.7934406,0.6048296,-0.03910223,72.8304,153.9907,332.6291,8.0,DB
2025-06-04 16:00:50.576,4604,0.05261227,-0.795831,0.6021559,-0.03596621,72.67747,156.1049,334.7405,8.0,DB
2025-06-04 16:00:50.597,4605,0.04145965,-0.8024991,0.5948093,-0.02187309,72.33633,163.8446,342.2384,8.0,DB
2025-06-04 16:00:50.655,4606,0.03804884,-0.8081706,0.5874233,-0.01861972,71.45233,166.4,344.8047,8.0,DB
2025-06-04 16:00:50.663,4607,0.02965256,-0.8142871,0.5796404,-0.008625632,70.64373,171.5991,349.8707,8.0,DB
2025-06-04 16:00:50.708,4608,0.02611716,-0.8222798,0.5684348,-0.007485966,69.13686,173.2268,351.6917,8.0,DB
2025-06-04 16:00:50.741,4609,0.024693,-0.8428075,0.5375921,-0.007802173,64.92957,174.6239,353.2218,8.0,DB
2025-06-04 16:00:50.775,4610,0.02449412,-0.851641,0.5234447,-0.01065933,63.00567,174.4627,353.3099,8.0,DB
2025-06-04 16:00:50.820,4611,0.0238629,-0.8681481,0.495516,-0.01461499,59.27896,174.4931,353.716,8.0,DB
2025-06-04 16:00:50.841,4612,0.02331855,-0.8791213,0.4757358,-0.01666449,56.68687,174.6208,354.058,8.0,DB
2025-06-04 16:00:50.885,4613,0.02306349,-0.8866105,0.4615161,-0.01982425,54.83088,174.3766,354.1013,8.0,DB
2025-06-04 16:00:50.908,4614,0.02258662,-0.8970421,0.4408399,-0.02157994,52.17886,174.5133,354.4271,8.0,DB
2025-06-04 16:00:50.955,4615,0.02202481,-0.90735,0.4191075,-0.02408815,49.41953,174.5155,354.6937,8.0,DB
2025-06-04 16:00:50.988,4616,0.02142112,-0.9148266,0.4024304,-0.02614412,47.32309,174.4911,354.9019,8.0,DB
2025-06-04 16:00:51.040,4617,0.02163567,-0.9235991,0.3817694,-0.02736738,44.75037,174.5807,355.0838,8.0,DB
2025-06-04 16:00:51.056,4618,0.02126196,-0.9325644,0.3593044,-0.02778843,41.9874,174.82,355.3989,8.0,DB
2025-06-04 16:00:51.101,4619,0.02175739,-0.9347765,0.3535677,-0.02663521,41.28879,175.0235,355.4573,8.0,DB
2025-06-04 16:00:51.145,4620,0.02171615,-0.9402587,0.3388045,-0.02556516,39.49548,175.3327,355.6776,8.0,DB
2025-06-04 16:00:51.179,4621,0.02170091,-0.9471191,0.3191895,-0.02475563,37.12432,175.6305,355.907,8.0,DB
2025-06-04 16:00:51.211,4622,0.02175226,-0.9523284,0.3033571,-0.02391984,35.22231,175.8755,356.0733,8.0,DB
2025-06-04 16:00:51.256,4623,0.02199014,-0.9591974,0.2809561,-0.02281636,32.54633,176.1822,356.2585,8.0,DB
2025-06-04 16:00:51.290,4624,0.02197868,-0.9635975,0.2654752,-0.02280135,30.70515,176.2915,356.3682,8.0,DB
2025-06-04 16:00:51.334,4625,0.02153154,-0.9673786,0.2513541,-0.02316038,29.0329,176.3518,356.505,8.0,DB
2025-06-04 16:00:51.356,4626,0.0209625,-0.972863,0.2292024,-0.02376519,26.42133,176.4245,356.6917,8.0,DB
2025-06-04 16:00:51.416,4627,0.02075274,-0.9743685,0.2226474,-0.02457193,25.64927,176.3668,356.7324,8.0,DB
2025-06-04 16:00:51.453,4628,0.0200501,-0.9802967,0.1948532,-0.02547329,22.39603,176.4185,356.9473,8.0,DB
2025-06-04 16:00:51.479,4629,0.01964586,-0.9821173,0.1854385,-0.02593027,21.29844,176.4174,357.0342,8.0,DB
2025-06-04 16:00:51.524,4630,0.02001532,-0.9853124,0.1676283,-0.02568758,19.22654,176.519,357.0828,8.0,DB
2025-06-04 16:00:51.545,4631,0.01973677,-0.9893327,0.142008,-0.02579554,16.25829,176.6172,357.2309,8.0,DB
2025-06-04 16:00:51.591,4632,0.02005724,-0.9905302,0.1333749,-0.02567249,15.25966,176.6599,357.2324,8.0,DB
2025-06-04 16:00:51.623,4633,0.01988168,-0.9948687,0.09590129,-0.02538182,10.94164,176.8287,357.4065,8.0,DB
2025-06-04 16:00:51.668,4634,0.01918249,-0.9959752,0.08401324,-0.02464369,9.57885,176.9589,357.5384,8.0,DB
2025-06-04 16:00:51.690,4635,0.01787891,-0.9984654,0.04600774,-0.02511434,5.219771,177.0186,357.8124,8.0,DB
2025-06-04 16:00:51.734,4636,0.01801802,-0.9990005,0.03206183,-0.02540579,3.620295,177.0181,357.8392,8.0,DB
2025-06-04 16:00:51.780,4637,0.01782271,-0.9994355,0.0112365,-0.02617139,1.233526,176.9776,357.9242,8.0,DB
2025-06-04 16:00:51.801,4638,0.01740241,-0.9992821,-0.02041418,-0.02675836,357.6083,176.9726,358.0678,8.0,DB
2025-06-04 16:00:51.846,4639,0.01694964,-0.9987536,-0.03826236,-0.0272022,355.5637,176.9505,358.1736,8.0,DB
2025-06-04 16:00:51.879,4640,0.01624697,-0.9979764,-0.05497981,-0.02750572,353.6483,176.9366,358.3047,8.0,DB
2025-06-04 16:00:51.913,4641,0.01587137,-0.9972168,-0.067407,-0.02762468,352.2231,176.9362,358.3846,8.0,DB
2025-06-04 16:00:51.956,4642,0.01450881,-0.9965044,-0.07735477,-0.02801689,351.0843,176.8902,358.5742,8.0,DB
2025-06-04 16:00:51.978,4643,0.01380059,-0.9956001,-0.08822798,-0.02838995,349.8362,176.8496,358.6919,8.0,DB
2025-06-04 16:00:52.038,4644,0.01272506,-0.9953356,-0.09112534,-0.02900982,349.5056,176.7684,358.8319,8.0,DB
2025-06-04 16:00:52.073,4645,0.01206598,-0.9940283,-0.1042632,-0.0298601,347.9947,176.6682,358.9595,8.0,DB
2025-06-04 16:00:52.101,4646,0.01212026,-0.9938256,-0.1061563,-0.02991356,347.7764,176.6633,358.96,8.0,DB
2025-06-04 16:00:52.123,4647,0.01220301,-0.9923025,-0.1195842,-0.02977731,346.2283,176.6841,358.9914,8.0,DB
2025-06-04 16:00:52.168,4648,0.01193889,-0.992368,-0.119208,-0.02920447,346.2731,176.7474,359.0131,8.0,DB
2025-06-04 16:00:52.201,4649,0.01192111,-0.989878,-0.1384826,-0.0286714,344.0472,176.8126,359.0668,8.0,DB
2025-06-04 16:00:52.234,4650,0.01220161,-0.9895031,-0.1411516,-0.0284791,343.7377,176.8402,359.0386,8.0,DB
2025-06-04 16:00:52.279,4651,0.01197372,-0.9872132,-0.1563747,-0.02853005,341.9749,176.8299,359.1131,8.0,DB
2025-06-04 16:00:52.301,4652,0.01132016,-0.9850549,-0.1694447,-0.02876486,340.4593,176.7862,359.2367,8.0,DB
2025-06-04 16:00:52.345,4653,0.01198368,-0.9840935,-0.1748274,-0.02919017,339.8309,176.7472,359.1833,8.0,DB
2025-06-04 16:00:52.379,4654,0.01142982,-0.9819936,-0.1862444,-0.02951421,338.5028,176.6908,359.2946,8.0,DB
2025-06-04 16:00:52.427,4655,0.01056625,-0.9792526,-0.2002221,-0.02939598,336.8738,176.6749,359.4441,8.0,DB
2025-06-04 16:00:52.467,4656,0.009757337,-0.9763528,-0.2139866,-0.02915535,335.265,176.6701,359.5852,8.0,DB
2025-06-04 16:00:52.490,4657,0.009467625,-0.9720965,-0.2325379,-0.02940801,333.0858,176.6071,359.6961,8.0,DB
2025-06-04 16:00:52.534,4658,0.00985478,-0.9683186,-0.2477687,-0.02954201,331.2871,176.5794,359.7096,8.0,DB
2025-06-04 16:00:52.556,4659,0.009634369,-0.9656491,-0.2579718,-0.02965812,330.0799,176.54,359.7815,8.0,DB
2025-06-04 16:00:52.601,4660,0.01023027,-0.9637251,-0.2650497,-0.02963147,329.2378,176.5513,359.7326,8.0,DB
2025-06-04 16:00:52.634,4661,0.01036989,-0.9589285,-0.2819351,-0.02935016,327.2265,176.5607,359.7725,8.0,DB
2025-06-04 16:00:52.667,4662,0.01067275,-0.9543814,-0.2969825,-0.02904802,325.4247,176.5808,359.783,8.0,DB
2025-06-04 16:00:52.712,4663,0.01026004,-0.9504823,-0.3093131,-0.02834953,323.9441,176.6285,359.8607,8.0,DB
2025-06-04 16:00:52.733,4664,0.009891507,-0.9446779,-0.3266297,-0.0282702,321.8532,176.5773,359.9839,8.0,DB
2025-06-04 16:00:52.778,4665,0.00939764,-0.9426627,-0.3323822,-0.02865361,321.1571,176.4834,0.09785993,8.0,DB
2025-06-04 16:00:52.800,4666,0.008813821,-0.9376635,-0.3462188,-0.02902264,319.4746,176.355,0.2689151,8.0,DB
2025-06-04 16:00:52.844,4667,0.007946684,-0.9372549,-0.3473172,-0.02934253,319.344,176.2602,0.4143474,8.0,DB
2025-06-04 16:00:52.866,4668,0.007501767,-0.9329764,-0.3586311,-0.02970897,317.9612,176.1355,0.5640391,8.0,DB
2025-06-04 16:00:52.912,4669,0.0070784,-0.9303955,-0.3652771,-0.02978124,317.1465,176.0699,0.6710149,8.0,DB
2025-06-04 16:00:52.933,4670,0.007006086,-0.932229,-0.3605637,-0.02989826,317.7262,176.0717,0.658034,8.0,DB
2025-06-04 16:00:52.978,4671,0.007225921,-0.9342589,-0.3552736,-0.02981325,318.374,176.1207,0.5888342,8.0,DB
2025-06-04 16:00:53.000,4672,0.007178064,-0.9360085,-0.3506549,-0.02962986,318.9394,176.1648,0.5579287,8.0,DB
2025-06-04 16:00:53.044,4673,0.006983723,-0.9371864,-0.347505,-0.02955097,319.3251,176.1794,0.5626866,8.0,DB
2025-06-04 16:00:53.066,4674,0.006960927,-0.9394245,-0.3414149,-0.02948146,320.0681,176.2136,0.5269539,8.0,DB
2025-06-04 16:00:53.119,4675,0.007066271,-0.9412548,-0.3363385,-0.02943118,320.6855,176.2463,0.4810264,8.0,DB
2025-06-04 16:00:53.133,4676,0.006975089,-0.9438488,-0.3289881,-0.02945704,321.5786,176.2664,0.45453,8.0,DB
2025-06-04 16:00:53.178,4677,0.006215171,-0.945865,-0.3231717,-0.02934396,322.2861,176.2678,0.5221273,8.0,DB
2025-06-04 16:00:53.200,4678,0.00607751,-0.9475406,-0.3182472,-0.02913499,322.882,176.3081,0.504914,8.0,DB
2025-06-04 16:00:53.245,4679,0.005812434,-0.9492239,-0.3131885,-0.02921239,323.4937,176.3038,0.5177538,8.0,DB
2025-06-04 16:00:53.278,4680,0.006103389,-0.9518774,-0.3049898,-0.02955712,324.48,176.2984,0.4512314,8.0,DB
2025-06-04 16:00:53.311,4681,0.006361927,-0.9538053,-0.2988873,-0.02969138,325.2122,176.3113,0.3915695,8.0,DB
2025-06-04 16:00:53.361,4682,0.007148205,-0.9552746,-0.2941332,-0.02975168,325.7794,176.3502,0.2664215,8.0,DB
2025-06-04 16:00:53.377,4683,0.007312363,-0.9569989,-0.2884799,-0.02965,326.4556,176.3864,0.213866,8.0,DB
2025-06-04 16:00:53.423,4684,0.00747864,-0.9577407,-0.2860273,-0.02941848,326.7482,176.43,0.1715429,8.0,DB
2025-06-04 16:00:53.464,4685,0.007624052,-0.9596443,-0.2795811,-0.02931276,327.5174,176.466,0.1193952,8.0,DB
2025-06-04 16:00:53.489,4686,0.007631764,-0.9609556,-0.2750449,-0.02927102,328.0581,176.4829,0.0968304,8.0,DB
2025-06-04 16:00:53.511,4687,0.008028599,-0.9644046,-0.2626793,-0.02930685,329.5272,176.5204,359.9941,8.0,DB
2025-06-04 16:00:53.556,4688,0.008425679,-0.9654896,-0.2586331,-0.02945997,330.0059,176.5228,359.9318,8.0,DB
2025-06-04 16:00:53.590,4689,0.008759687,-0.9676808,-0.2503279,-0.02921087,330.9884,176.5814,359.8474,8.0,DB
2025-06-04 16:00:53.623,4690,0.009048481,-0.9694968,-0.2432186,-0.0289653,331.8278,176.6338,359.7754,8.0,DB
2025-06-04 16:00:53.667,4691,0.00914332,-0.9704713,-0.2393313,-0.0286818,332.2864,176.6784,359.74,8.0,DB
2025-06-04 16:00:53.689,4692,0.009732086,-0.9727272,-0.2299662,-0.02868277,333.3879,176.709,359.6321,8.0,DB
2025-06-04 16:00:53.734,4693,0.01016989,-0.9740176,-0.2244219,-0.02865647,334.0387,176.7317,359.5572,8.0,DB
2025-06-04 16:00:53.755,4694,0.01062915,-0.9760485,-0.2154176,-0.02849375,335.0946,176.7739,359.4648,8.0,DB
2025-06-04 16:00:53.800,4695,0.01072586,-0.9773009,-0.2097019,-0.0281641,335.7645,176.8221,359.4249,8.0,DB
2025-06-04 16:00:53.834,4696,0.01212853,-0.9795083,-0.1991169,-0.02773034,336.9991,176.9178,359.2084,8.0,DB
2025-06-04 16:00:53.867,4697,0.01225888,-0.9824709,-0.1839967,-0.02731561,338.7639,176.9766,359.1372,8.0,DB
2025-06-04 16:00:53.911,4698,0.01187131,-0.9843305,-0.1738507,-0.02699319,339.9467,177.0092,359.147,8.0,DB
2025-06-04 16:00:53.933,4699,0.01208151,-0.9869082,-0.158564,-0.02690627,341.7221,177.0253,359.0759,8.0,DB
2025-06-04 16:00:53.978,4700,0.01253787,-0.987781,-0.1528641,-0.02764268,342.381,176.9461,359.019,8.0,DB
2025-06-04 16:00:54.011,4701,0.0130211,-0.9895322,-0.1410655,-0.02751561,343.7461,176.9679,358.9253,8.0,DB
2025-06-04 16:00:54.056,4702,0.01308799,-0.9918193,-0.1240689,-0.02702467,345.7109,177.0212,358.8614,8.0,DB
2025-06-04 16:00:54.078,4703,0.01342289,-0.9936585,-0.1084083,-0.0266562,347.5166,177.0608,358.7737,8.0,DB
2025-06-04 16:00:54.123,4704,0.01371025,-0.9947914,-0.09746391,-0.02651205,348.7763,177.0737,358.7084,8.0,DB
2025-06-04 16:00:54.172,4705,0.01403438,-0.9962859,-0.08076917,-0.02634141,350.6957,177.083,358.6233,8.0,DB
2025-06-04 16:00:54.201,4706,0.01420707,-0.9975153,-0.06379973,-0.02629054,352.6443,177.0733,358.5562,8.0,DB
2025-06-04 16:00:54.222,4707,0.01495179,-0.9988226,-0.03819733,-0.02590519,355.5793,177.0905,358.3971,8.0,DB
2025-06-04 16:00:54.268,4708,0.01555406,-0.9990861,-0.03011666,-0.02604447,356.5034,177.0652,358.3058,8.0,DB
2025-06-04 16:00:54.311,4709,0.01665583,-0.9995211,0.005353146,-0.02552794,0.5644175,177.0645,358.0762,8.0,DB
2025-06-04 16:00:54.334,4710,0.01707564,-0.9991102,0.02941506,-0.02494355,3.32077,177.0805,357.9571,8.0,DB
2025-06-04 16:00:54.378,4711,0.01699199,-0.9987978,0.03888384,-0.0245431,4.406959,177.1055,357.9393,8.0,DB
2025-06-04 16:00:54.426,4712,0.02386506,-0.9979109,0.05312953,-0.02796294,6.01002,176.6367,357.0835,8.0,DB
2025-06-04 16:00:54.456,4713,0.03058964,-0.99716,0.06106041,-0.03174657,6.882393,176.1276,356.2529,8.0,DB
2025-06-04 16:00:54.478,4714,0.03706469,-0.9962209,0.07037525,-0.03489397,7.910837,175.6724,355.4392,8.0,DB
2025-06-04 16:00:54.523,4715,0.04062403,-0.995633,0.07540087,-0.037143,8.460374,175.3557,354.9833,8.0,DB
2025-06-04 16:00:54.568,4716,0.04861565,-0.9940407,0.08897424,-0.04004178,9.961981,174.8589,353.9518,8.0,DB
2025-06-04 16:00:54.589,4717,0.06249323,-0.9902583,0.1165581,-0.04356091,13.02644,174.059,352.0991,8.0,DB
2025-06-04 16:00:54.634,4718,0.06737076,-0.9886482,0.1268612,-0.0440732,14.17614,173.828,351.4351,8.0,DB
2025-06-04 16:00:54.678,4719,0.07634542,-0.9853522,0.1458551,-0.04448603,16.29869,173.4227,350.1962,8.0,DB
2025-06-04 16:00:54.724,4720,0.0853871,-0.9814687,0.1657372,-0.04426913,18.52821,173.0214,348.916,8.0,DB
2025-06-04 16:00:54.745,4721,0.0911859,-0.978574,0.1793179,-0.04385715,20.05691,172.7505,348.0692,8.0,DB
2025-06-04 16:00:54.789,4722,0.1015401,-0.9732164,0.2021277,-0.04103918,22.64955,172.4707,346.5773,8.0,DB
2025-06-04 16:00:54.822,4723,0.1179262,-0.9636201,0.2375189,-0.03338964,26.73603,172.2542,344.2025,8.0,DB
2025-06-04 16:00:54.868,4724,0.1221238,-0.961426,0.2445397,-0.03076578,27.56141,172.2931,343.6288,8.0,DB
2025-06-04 16:00:54.900,4725,0.1379375,-0.9515857,0.2739538,-0.02018313,31.05181,172.3538,341.3771,8.0,DB
2025-06-04 16:00:54.951,4726,0.1419092,-0.9498073,0.2782956,-0.01672225,31.59478,172.529,340.8883,8.0,DB
2025-06-04 16:00:54.967,4727,0.1502174,-0.9451547,0.2898783,-0.009383013,33.03427,172.817,339.8059,8.0,DB
2025-06-04 16:00:55.011,4728,0.1566412,-0.9422733,0.2959297,-0.0032588,33.82597,173.166,339.043,8.0,DB
2025-06-04 16:00:55.056,4729,0.1703976,-0.9351367,0.3104371,0.01062834,35.74822,173.9231,337.3847,8.0,DB
2025-06-04 16:00:55.089,4730,0.177083,-0.9321848,0.3151871,0.01818346,36.44601,174.4551,336.661,8.0,DB
2025-06-04 16:00:55.133,4731,0.183127,-0.9309967,0.314728,0.02561628,36.54139,175.1754,336.1503,8.0,DB
2025-06-04 16:00:55.167,4732,0.1905366,-0.9291576,0.314896,0.03467879,36.75476,176.024,335.5014,8.0,DB
2025-06-04 16:00:55.220,4733,0.1942495,-0.9284267,0.3142815,0.03896617,36.77777,176.4394,335.1815,8.0,DB
2025-06-04 16:00:55.233,4734,0.2018288,-0.9255713,0.3165842,0.04855471,37.27505,177.2693,334.4763,8.0,DB
2025-06-04 16:00:55.278,4735,0.2044933,-0.926458,0.3116245,0.05242418,36.78793,177.8308,334.3844,8.0,DB
2025-06-04 16:00:55.323,4736,0.2085202,-0.9261521,0.3088137,0.05827508,36.60678,178.5121,334.131,8.0,DB
2025-06-04 16:00:55.372,4737,0.2132085,-0.9261632,0.3040248,0.06582644,36.2438,179.4523,333.8928,8.0,DB
2025-06-04 16:00:55.388,4738,0.2186997,-0.9256184,0.299961,0.07365243,35.98082,180.3643,333.5309,8.0,DB
2025-06-04 16:00:55.434,4739,0.219663,-0.9264678,0.2961877,0.07535511,35.58586,180.6697,333.5382,8.0,DB
2025-06-04 16:00:55.486,4740,0.2229013,-0.9260961,0.2940341,0.07877354,35.4312,181.0423,333.2668,8.0,DB
2025-06-04 16:00:55.500,4741,0.2250499,-0.9261547,0.2913923,0.08173715,35.20743,181.4199,333.1349,8.0,DB
2025-06-04 16:00:55.545,4742,0.2262557,-0.9273605,0.2859752,0.08384115,34.63477,181.8174,333.1446,8.0,DB
2025-06-04 16:00:55.590,4743,0.2279579,-0.9281367,0.2811835,0.08679647,34.16134,182.2802,333.1024,8.0,DB
2025-06-04 16:00:55.622,4744,0.2319826,-0.9278573,0.2773616,0.09130068,33.85301,182.812,332.7813,8.0,DB
2025-06-04 16:00:55.669,4745,0.2319847,-0.9285153,0.2748357,0.09223947,33.58508,183.0122,332.8535,8.0,DB
2025-06-04 16:00:55.700,4746,0.235486,-0.9285921,0.2699987,0.09676895,33.1623,183.5995,332.6122,8.0,DB
2025-06-04 16:00:55.745,4747,0.2361722,-0.9292229,0.266347,0.0991306,32.80729,183.9857,332.653,8.0,DB
2025-06-04 16:00:55.767,4748,0.2383791,-0.9295492,0.2620346,0.1022348,32.40424,184.4248,332.5197,8.0,DB
2025-06-04 16:00:55.811,4749,0.2408062,-0.9302015,0.2558686,0.1061553,31.81271,185.0135,332.4019,8.0,DB
2025-06-04 16:00:55.856,4750,0.2388421,-0.9315571,0.2498984,0.1127246,31.29442,186.0894,332.9464,8.0,DB
2025-06-04 16:00:55.905,4751,0.2347195,-0.9337233,0.2413566,0.1217161,30.5213,187.6044,333.8562,8.0,DB
2025-06-04 16:00:55.934,4752,0.2299474,-0.9363811,0.2304883,0.1311105,29.46861,189.2228,334.8361,8.0,DB
2025-06-04 16:00:55.967,4753,0.2255396,-0.9385381,0.220951,0.139495,28.53302,190.6376,335.6872,8.0,DB
2025-06-04 16:00:56.012,4754,0.2216918,-0.9402763,0.2110296,0.1489974,27.57537,192.1545,336.4602,8.0,DB
2025-06-04 16:00:56.044,4755,0.2177294,-0.941392,0.2019103,0.1600233,26.73322,193.8217,337.2541,8.0,DB
2025-06-04 16:00:56.090,4756,0.2157799,-0.9421911,0.1972443,0.1637375,26.25366,194.4254,337.5822,8.0,DB
2025-06-04 16:00:56.133,4757,0.2091559,-0.9434422,0.1838979,0.1798677,24.97577,196.8303,338.7532,8.0,DB
2025-06-04 16:00:56.156,4758,0.2065604,-0.9437867,0.1776487,0.1871917,24.37189,197.8987,339.2049,8.0,DB
2025-06-04 16:00:56.201,4759,0.2049736,-0.9434649,0.1718581,0.1957671,23.86219,199.08,339.5528,8.0,DB
2025-06-04 16:00:56.245,4760,0.2011186,-0.9430873,0.1623014,0.2092749,22.9736,200.9668,340.2303,8.0,DB
2025-06-04 16:00:56.267,4761,0.2008452,-0.942548,0.1603698,0.2134153,22.83256,201.5071,340.3343,8.0,DB
2025-06-04 16:00:56.313,4762,0.1972843,-0.9408161,0.1476846,0.2326658,21.69654,204.1079,341.0006,8.0,DB
2025-06-04 16:00:56.334,4763,0.1952617,-0.9394664,0.1398829,0.2443537,20.99315,205.6743,341.3525,8.0,DB
2025-06-04 16:00:56.379,4764,0.194108,-0.9381667,0.1340678,0.2533605,20.48208,206.8663,341.5625,8.0,DB
2025-06-04 16:00:56.423,4765,0.1935616,-0.9357947,0.1250754,0.2667933,19.71681,208.6195,341.7035,8.0,DB
2025-06-04 16:00:56.445,4766,0.1918862,-0.9331906,0.1148752,0.2813168,18.80585,210.5361,341.9377,8.0,DB
2025-06-04 16:00:56.505,4767,0.1914462,-0.9319678,0.1109432,0.2871871,18.46665,211.3036,341.999,8.0,DB
2025-06-04 16:00:56.534,4768,0.1909662,-0.9261568,0.09387774,0.3113728,17.02651,214.4509,342.0129,8.0,DB
2025-06-04 16:00:56.556,4769,0.1912081,-0.9222667,0.08400473,0.3252801,16.22093,216.257,341.9169,8.0,DB
2025-06-04 16:00:56.613,4770,0.1919145,-0.918932,0.07562232,0.3361758,15.54633,217.6749,341.7399,8.0,DB
2025-06-04 16:00:56.634,4771,0.1931479,-0.9117771,0.05954406,0.3575067,14.28144,220.4653,341.3664,8.0,DB
2025-06-04 16:00:56.679,4772,0.194096,-0.9079352,0.05210705,0.3677846,13.73258,221.8112,341.1332,8.0,DB
2025-06-04 16:00:56.712,4773,0.1966102,-0.9011567,0.03830007,0.3844402,12.72069,224.0174,340.5442,8.0,DB
2025-06-04 16:00:56.757,4774,0.2001769,-0.8927691,0.02439665,0.4028617,11.82062,226.4631,339.813,8.0,DB
2025-06-04 16:00:56.790,4775,0.2031548,-0.8843406,0.009899821,0.4202048,10.85026,228.8197,339.0603,8.0,DB
2025-06-04 16:00:56.836,4776,0.2058639,-0.8748292,-0.006930342,0.4384588,9.694799,231.3671,338.1872,8.0,DB
2025-06-04 16:00:56.856,4777,0.2101691,-0.8627715,-0.02715441,0.4590394,8.400733,234.3135,336.9341,8.0,DB
2025-06-04 16:00:56.901,4778,0.2134096,-0.8566928,-0.03600506,0.4682282,7.941281,235.6432,336.2193,8.0,DB
2025-06-04 16:00:56.935,4779,0.2171636,-0.8466794,-0.05045091,0.4831447,7.146766,237.8467,335.1814,8.0,DB
2025-06-04 16:00:56.979,4780,0.2215881,-0.8335499,-0.06942548,0.5012719,6.108556,240.6201,333.7992,8.0,DB
2025-06-04 16:00:57.001,4781,0.2253448,-0.8210982,-0.08680384,0.5171872,5.194787,243.1394,332.5002,8.0,DB
2025-06-04 16:00:57.046,4782,0.2278111,-0.8160056,-0.09289309,0.5230755,4.97507,244.0764,331.9174,8.0,DB
2025-06-04 16:00:57.079,4783,0.2310023,-0.8024206,-0.1117466,0.5387689,3.989757,246.7066,330.5064,8.0,DB
2025-06-04 16:00:57.123,4784,0.2337576,-0.7827787,-0.1393169,0.5596481,2.495182,250.4221,328.5071,8.0,DB
2025-06-04 16:00:57.157,4785,0.2351658,-0.7673105,-0.1602659,0.574671,1.394634,253.2485,326.9581,8.0,DB
2025-06-04 16:00:57.191,4786,0.2355979,-0.7565752,-0.1745201,0.5844918,0.6494557,255.1766,325.9067,8.0,DB
2025-06-04 16:00:57.235,4787,0.2361468,-0.7417753,-0.1937023,0.5970625,359.6918,257.7607,324.4334,8.0,DB
2025-06-04 16:00:57.281,4788,0.2346727,-0.7228264,-0.2178494,0.6123666,358.4229,261.0741,322.6781,8.0,DB
2025-06-04 16:00:57.301,4789,0.2335876,-0.7122364,-0.2311088,0.6202782,357.7403,262.8895,321.6894,8.0,DB
2025-06-04 16:00:57.347,4790,0.2327666,-0.7038278,-0.2415421,0.6261818,357.2201,264.3055,320.8837,8.0,DB
2025-06-04 16:00:57.379,4791,0.2293491,-0.6836923,-0.2656202,0.6398514,356.0029,267.6978,319.0715,8.0,DB
2025-06-04 16:00:57.429,4792,0.2280472,-0.6765029,-0.274587,0.6441589,355.5424,268.8895,318.3703,8.0,DB
2025-06-04 16:00:57.446,4793,0.2243766,-0.658142,-0.2954329,0.6551517,354.556,271.9002,316.7217,8.0,DB
2025-06-04 16:00:57.490,4794,0.2233988,-0.6535166,-0.2998432,0.6581059,354.3838,272.6503,316.3732,8.0,DB
2025-06-04 16:00:57.539,4795,0.2085654,-0.6374249,-0.2964813,0.6799185,354.5858,275.787,317.7742,8.0,DB
2025-06-04 16:00:57.569,4796,0.2035057,-0.6324712,-0.2946168,0.6868529,354.6571,276.7561,318.3155,8.0,DB
2025-06-04 16:00:57.602,4797,0.1895231,-0.6162683,-0.2899165,0.7072787,354.88,279.7451,319.7386,8.0,DB
2025-06-04 16:00:57.635,4798,0.1840681,-0.6098287,-0.2874716,0.715254,354.9914,280.9048,320.3447,8.0,DB
2025-06-04 16:00:57.680,4799,0.1758722,-0.5996482,-0.284263,0.7271078,355.1148,282.6961,321.2018,8.0,DB
2025-06-04 16:00:57.713,4800,0.1638737,-0.5838085,-0.2799929,0.7442561,355.2392,285.3992,322.3946,8.0,DB
2025-06-04 16:00:57.757,4801,0.1556043,-0.5721646,-0.2770413,0.7560842,355.3122,287.3271,323.2018,8.0,DB
2025-06-04 16:00:57.779,4802,0.1458159,-0.5587086,-0.2742007,0.7690232,355.2893,289.5296,324.0802,8.0,DB
2025-06-04 16:00:57.824,4803,0.1389048,-0.5480568,-0.2725559,0.7784938,355.2689,291.2176,324.6484,8.0,DB
2025-06-04 16:00:57.875,4804,0.1296636,-0.5339944,-0.2709472,0.7903324,355.1577,293.4216,325.3344,8.0,DB
2025-06-04 16:00:57.889,4805,0.1109017,-0.5047125,-0.2668287,0.8134916,354.8992,297.8906,326.7534,8.0,DB
2025-06-04 16:00:57.934,4806,0.1084011,-0.4981562,-0.2665489,0.8179497,354.938,298.82,326.8948,8.0,DB
2025-06-04 16:00:57.979,4807,0.0958335,-0.4754857,-0.2646496,0.8334807,354.7257,302.1211,327.686,8.0,DB
2025-06-04 16:00:58.000,4808,0.08629094,-0.4581988,-0.2636031,0.8444652,354.5012,304.599,328.2167,8.0,DB
2025-06-04 16:00:58.045,4809,0.08144835,-0.4480349,-0.2629872,0.8505698,354.4278,306.0181,328.4776,8.0,DB
2025-06-04 16:00:58.089,4810,0.07160582,-0.428794,-0.2627882,0.8613657,354.1453,308.7026,328.881,8.0,DB
2025-06-04 16:00:58.111,4811,0.05651474,-0.4018482,-0.2633688,0.8751921,353.5264,312.4504,329.3584,8.0,DB
2025-06-04 16:00:58.156,4812,0.05110655,-0.3902411,-0.2644377,0.8804391,353.3158,314.0211,329.4034,8.0,DB
2025-06-04 16:00:58.200,4813,0.04065106,-0.3679517,-0.2655629,0.8901886,352.9316,317.0104,329.5646,8.0,DB
2025-06-04 16:00:58.222,4814,0.02815822,-0.3457254,-0.2679,0.8988386,352.2633,320.0262,329.6241,8.0,DB
2025-06-04 16:00:58.268,4815,0.02113799,-0.3336807,-0.2691667,0.9031943,351.8683,321.6566,329.6416,8.0,DB
2025-06-04 16:00:58.317,4816,0.006377734,-0.3076411,-0.2743899,0.911058,350.9552,325.1689,329.3203,8.0,DB
2025-06-04 16:00:58.345,4817,-0.0005391464,-0.29575,-0.2769478,0.9142385,350.5144,326.7725,329.1302,8.0,DB
2025-06-04 16:00:58.367,4818,-0.01257401,-0.2754312,-0.2816753,0.9190423,349.7306,329.5153,328.7259,8.0,DB
2025-06-04 16:00:58.428,4819,-0.01609496,-0.2690305,-0.2828057,0.920535,349.5255,330.3672,328.622,8.0,DB
2025-06-04 16:00:58.456,4820,-0.03252863,-0.2410932,-0.2914424,0.9251366,348.4211,334.151,327.6941,8.0,DB
2025-06-04 16:00:58.478,4821,-0.0474299,-0.2178233,-0.2990972,0.9278172,347.39,337.349,326.8002,8.0,DB
2025-06-04 16:00:58.535,4822,-0.05005257,-0.212721,-0.3009653,0.928259,347.2342,338.0352,326.5592,8.0,DB
2025-06-04 16:00:58.556,4823,-0.06364402,-0.1915814,-0.3086035,0.9295216,346.3163,340.9658,325.5721,8.0,DB
2025-06-04 16:00:58.600,4824,-0.07683028,-0.1717884,-0.3161077,0.929872,345.4342,343.7455,324.5405,8.0,DB
2025-06-04 16:00:58.622,4825,-0.08562468,-0.1595736,-0.3211873,0.9295395,344.8297,345.4999,323.8176,8.0,DB
2025-06-04 16:00:58.668,4826,-0.09266686,-0.1496964,-0.3254724,0.9290166,344.3582,346.9267,323.1885,8.0,DB
2025-06-04 16:00:58.700,4827,-0.1140753,-0.1219922,-0.3369637,0.9265853,342.9255,351.021,321.3818,8.0,DB
2025-06-04 16:00:58.745,4828,-0.1202813,-0.1143473,-0.3403342,0.9255431,342.5134,352.1787,320.8264,8.0,DB
2025-06-04 16:00:58.766,4829,-0.1322299,-0.1001362,-0.3467208,0.9231862,341.7246,354.3676,319.7374,8.0,DB
2025-06-04 16:00:58.812,4830,-0.1380776,-0.0929163,-0.3496169,0.9219919,341.3623,355.4731,319.21,8.0,DB
2025-06-04 16:00:58.862,4831,-0.1549802,-0.07467317,-0.3582582,0.9176363,340.2489,358.417,317.6228,8.0,DB
2025-06-04 16:00:58.890,4832,-0.1577685,-0.07051397,-0.3595696,0.916977,340.1201,359.0335,317.3466,8.0,DB
2025-06-04 16:00:58.911,4833,-0.1773376,-0.05071081,-0.367451,0.9115699,338.8643,2.327097,315.6574,8.0,DB
2025-06-04 16:00:58.957,4834,-0.1826567,-0.04441717,-0.3662068,0.9113487,338.5641,3.253083,315.6007,8.0,DB
2025-06-04 16:00:58.989,4835,-0.2015689,-0.01355295,-0.3584566,0.9114249,337.843,7.432309,315.6041,8.0,DB
2025-06-04 16:00:59.023,4836,-0.2149126,0.01064402,-0.3510308,0.9113051,337.4041,10.62847,315.7378,8.0,DB
2025-06-04 16:00:59.069,4837,-0.2193587,0.01994873,-0.3474096,0.9114771,337.2929,11.80854,315.8922,8.0,DB
2025-06-04 16:00:59.091,4838,-0.2409772,0.06505335,-0.3317974,0.90973,336.7166,17.63455,316.2631,8.0,DB
2025-06-04 16:00:59.137,4839,-0.2474862,0.08181199,-0.3252577,0.9089912,336.6276,19.7193,316.5056,8.0,DB
2025-06-04 16:00:59.171,4840,-0.2611012,0.1174723,-0.3104662,0.9064422,336.3966,24.16309,317.0648,8.0,DB
2025-06-04 16:00:59.205,4841,-0.2689571,0.1434476,-0.2984083,0.9044543,336.3651,27.28761,317.6665,8.0,DB
2025-06-04 16:00:59.239,4842,-0.2744201,0.1625029,-0.2891341,0.9026008,336.3334,29.57403,318.1447,8.0,DB
2025-06-04 16:00:59.273,4843,-0.2828159,0.1929461,-0.2736863,0.8988232,336.2473,33.23545,318.9468,8.0,DB
2025-06-04 16:00:59.306,4844,-0.2904451,0.2282736,-0.2545079,0.8937331,336.2363,37.39943,320.0623,8.0,DB
2025-06-04 16:00:59.357,4845,-0.2930485,0.2421916,-0.2469338,0.8913415,336.2466,39.03779,320.5034,8.0,DB
2025-06-04 16:00:59.384,4846,-0.2954847,0.2663614,-0.2332271,0.887325,336.4133,41.77325,321.436,8.0,DB
2025-06-04 16:00:59.429,4847,-0.2975046,0.3004249,-0.2128632,0.8808663,336.6576,45.59358,322.9058,8.0,DB
2025-06-04 16:00:59.452,4848,-0.2974459,0.3192616,-0.2010676,0.8770233,336.837,47.66333,323.83,8.0,DB
2025-06-04 16:00:59.485,4849,-0.2959957,0.3436573,-0.1859212,0.8716189,337.1572,50.30799,325.0793,8.0,DB
2025-06-04 16:00:59.539,4850,-0.2948369,0.3585223,-0.1764518,0.8679851,337.3374,51.9259,325.8719,8.0,DB
2025-06-04 16:00:59.563,4851,-0.2912551,0.3899367,-0.1568364,0.8593733,337.7728,55.35547,327.5491,8.0,DB
2025-06-04 16:00:59.598,4852,-0.2871453,0.4036238,-0.1487309,0.8558707,338.1946,56.73468,328.4079,8.0,DB
2025-06-04 16:00:59.630,4853,-0.2830166,0.4198743,-0.1383447,0.8511569,338.555,58.43579,329.4451,8.0,DB
2025-06-04 16:00:59.674,4854,-0.2778096,0.4409187,-0.1247329,0.844307,338.9539,60.69377,330.7794,8.0,DB
2025-06-04 16:00:59.708,4855,-0.2733218,0.4564255,-0.1144326,0.8389735,339.2581,62.35335,331.8284,8.0,DB
2025-06-04 16:00:59.741,4856,-0.2681251,0.4710255,-0.1058142,0.8336951,339.6725,63.90358,332.7732,8.0,DB
2025-06-04 16:00:59.786,4857,-0.2644736,0.4799844,-0.1004799,0.8304051,339.9535,64.84353,333.3909,8.0,DB
2025-06-04 16:00:59.819,4858,-0.2602165,0.490543,-0.09439015,0.8262842,340.2802,65.97157,334.0935,8.0,DB
2025-06-04 16:00:59.852,4859,-0.2547991,0.5044775,-0.08689569,0.8203836,340.7074,67.5022,334.9484,8.0,DB
2025-06-04 16:00:59.897,4860,-0.2494057,0.5160602,-0.08075624,0.8154492,341.131,68.75022,335.7185,8.0,DB
2025-06-04 16:00:59.929,4861,-0.2435446,0.5293168,-0.07379274,0.8093607,341.5721,70.22237,336.5677,8.0,DB
2025-06-04 16:00:59.974,4862,-0.2397575,0.5381748,-0.06933206,0.8050327,341.8564,71.23016,337.1055,8.0,DB
2025-06-04 16:01:00.007,4863,-0.2363293,0.5465433,-0.06480111,0.8007745,342.0818,72.19938,337.631,8.0,DB
2025-06-04 16:01:00.041,4864,-0.2339583,0.5511894,-0.06249539,0.7984663,342.2586,72.72044,337.9402,8.0,DB
2025-06-04 16:01:00.085,4865,-0.2299188,0.559216,-0.05879673,0.7943287,342.5723,73.63449,338.4432,8.0,DB
2025-06-04 16:01:00.118,4866,-0.225327,0.5678936,-0.05544613,0.7897155,342.9676,74.62855,338.9456,8.0,DB
2025-06-04 16:01:00.152,4867,-0.221098,0.5757442,-0.05268165,0.7854038,343.3431,75.53736,339.383,8.0,DB
2025-06-04 16:01:00.196,4868,-0.2182356,0.5828878,-0.05118484,0.7810221,343.6667,76.42593,339.6088,8.0,DB
2025-06-04 16:01:00.230,4869,-0.2147545,0.5901497,-0.04785905,0.7767325,343.9113,77.30171,340.0509,8.0,DB
2025-06-04 16:01:00.263,4870,-0.2118847,0.5979902,-0.04589735,0.7716258,344.2108,78.30672,340.3086,8.0,DB
2025-06-04 16:01:00.296,4871,-0.2087035,0.6011639,-0.04624695,0.770004,344.5854,78.62774,340.4778,8.0,DB
2025-06-04 16:01:00.349,4872,-0.2054118,0.6061899,-0.04488687,0.7670235,344.8889,79.21343,340.7748,8.0,DB
2025-06-04 16:01:00.386,4873,-0.2020722,0.6126395,-0.04232829,0.7629206,345.1395,80.0097,341.1565,8.0,DB
2025-06-04 16:01:00.407,4874,-0.1986052,0.6176705,-0.04061517,0.7598616,345.4247,80.59949,341.5015,8.0,DB
2025-06-04 16:01:00.451,4875,-0.1940925,0.6225222,-0.03929622,0.7571329,345.8192,81.12437,341.9032,8.0,DB
2025-06-04 16:01:00.484,4876,-0.1903329,0.625836,-0.03760466,0.7554395,346.0839,81.45616,342.3036,8.0,DB
2025-06-04 16:01:00.518,4877,-0.188653,0.6269228,-0.03644699,0.7550164,346.1622,81.54556,342.5248,8.0,DB
2025-06-04 16:01:00.568,4878,-0.1840566,0.6323564,-0.03506409,0.7516776,346.5641,82.1705,342.9308,8.0,DB
2025-06-04 16:01:00.597,4879,-0.1807978,0.6361371,-0.03435736,0.7493074,346.8657,82.60845,343.1974,8.0,DB
2025-06-04 16:01:00.629,4880,-0.178049,0.6405834,-0.03402328,0.7461863,347.1661,83.17296,343.3795,8.0,DB
2025-06-04 16:01:00.662,4881,-0.1753032,0.6438661,-0.03365809,0.7440247,347.4368,83.56392,343.5849,8.0,DB
2025-06-04 16:01:00.707,4882,-0.1729459,0.6452988,-0.03501571,0.7432721,347.7663,83.69315,343.6412,8.0,DB
2025-06-04 16:01:00.740,4883,-0.1721076,0.6491029,-0.03550033,0.7401246,347.9553,84.24372,343.6089,8.0,DB
2025-06-04 16:01:00.773,4884,-0.1706263,0.6530997,-0.0353384,0.7369525,348.1513,84.80036,343.6835,8.0,DB
2025-06-04 16:01:00.818,4885,-0.1683418,0.6580234,-0.03609976,0.7330506,348.5042,85.47375,343.7344,8.0,DB
2025-06-04 16:01:00.851,4886,-0.1675637,0.6607579,-0.0365429,0.7307436,348.6618,85.86831,343.7209,8.0,DB
2025-06-04 16:01:00.884,4887,-0.1668196,0.664834,-0.03677776,0.7271965,348.8301,86.47413,343.7028,8.0,DB
2025-06-04 16:01:00.934,4888,-0.1670504,0.666555,-0.03642387,0.7255841,348.8218,86.75115,343.6871,8.0,DB
2025-06-04 16:01:00.962,4889,-0.1673119,0.6707137,-0.0366258,0.7216706,348.9096,87.41263,343.5859,8.0,DB
2025-06-04 16:01:00.995,4890,-0.1671846,0.6728306,-0.03706438,0.7197046,349.0022,87.74078,343.5289,8.0,DB
2025-06-04 16:01:01.029,4891,-0.1655896,0.6755949,-0.03808602,0.7174269,349.2727,88.11589,343.5402,8.0,DB
2025-06-04 16:01:01.074,4892,-0.1674278,0.6777585,-0.03906543,0.7149025,349.2552,88.52888,343.2705,8.0,DB
2025-06-04 16:01:01.106,4893,-0.1692252,0.6782346,-0.0409237,0.713923,349.2738,88.67489,342.9562,8.0,DB
2025-06-04 16:01:01.140,4894,-0.170445,0.6782685,-0.04316315,0.7134686,349.3586,88.72894,342.6667,8.0,DB
2025-06-04 16:01:01.185,4895,-0.1719981,0.678672,-0.04604098,0.7125316,349.4779,88.85528,342.2907,8.0,DB
2025-06-04 16:01:01.217,4896,-0.1743308,0.6792643,-0.04882436,0.7112138,349.5345,89.04338,341.8525,8.0,DB
2025-06-04 16:01:01.251,4897,-0.1763919,0.6798184,-0.05146471,0.7099891,349.6012,89.21555,341.45,8.0,DB
2025-06-04 16:01:01.284,4898,-0.1779451,0.6802918,-0.05481127,0.7088967,349.7634,89.35503,341.0348,8.0,DB
2025-06-04 16:01:01.341,4899,-0.1778287,0.6804243,-0.05718989,0.7086108,349.9681,89.3716,340.8487,8.0,DB
2025-06-04 16:01:01.362,4900,-0.1804965,0.6817806,-0.06233136,0.706195,350.2158,89.69808,340.1788,8.0,DB
2025-06-04 16:01:01.413,4901,-0.1811819,0.6822165,-0.06389263,0.7054585,350.302,89.79611,339.9861,8.0,DB
2025-06-04 16:01:01.450,4902,-0.1823687,0.6828546,-0.06720401,0.7042266,350.4983,89.94756,339.6046,8.0,DB
2025-06-04 16:01:01.474,4903,-0.1843191,0.683734,-0.07119136,0.7024715,350.6999,90.17019,339.0987,8.0,DB
2025-06-04 16:01:01.506,4904,-0.1863136,0.6846326,-0.07421776,0.7007549,350.8223,90.39867,338.6671,8.0,DB
2025-06-04 16:01:01.552,4905,-0.1872473,0.6851255,-0.07639275,0.6997898,350.9445,90.51736,338.4027,8.0,DB
2025-06-04 16:01:01.599,4906,-0.1899388,0.6865667,-0.08049315,0.6971875,351.1227,90.86415,337.8167,8.0,DB
2025-06-04 16:01:01.630,4907,-0.1913048,0.686734,-0.08147819,0.6965345,351.1068,90.95125,337.6147,8.0,DB
2025-06-04 16:01:01.662,4908,-0.1949354,0.688657,-0.08672146,0.6929872,351.3306,91.41991,336.8479,8.0,DB
2025-06-04 16:01:01.696,4909,-0.1969462,0.6891943,-0.08834001,0.6916788,351.3336,91.59711,336.533,8.0,DB
2025-06-04 16:01:01.740,4910,-0.1988872,0.6904144,-0.09324681,0.6892583,351.6389,91.87992,335.9519,8.0,DB
2025-06-04 16:01:01.774,4911,-0.2003646,0.6915697,-0.0967248,0.6871898,351.86,92.13213,335.5284,8.0,DB
2025-06-04 16:01:01.806,4912,-0.2032102,0.6936575,-0.1002619,0.6837344,352.0222,92.59918,334.9685,8.0,DB
2025-06-04 16:01:01.852,4913,-0.2048581,0.6940212,-0.1012085,0.6827333,351.9958,92.73573,334.7413,8.0,DB
2025-06-04 16:01:01.885,4914,-0.2081607,0.6954854,-0.1064056,0.6794464,352.2494,93.12759,334.0146,8.0,DB
2025-06-04 16:01:01.936,4915,-0.2093812,0.6960646,-0.1088086,0.6780963,352.3867,93.27892,333.7074,8.0,DB
2025-06-04 16:01:01.963,4916,-0.213326,0.6985057,-0.114681,0.6733723,352.6988,93.86366,332.8602,8.0,DB
2025-06-04 16:01:01.996,4917,-0.2146067,0.6992016,-0.1174443,0.6717649,352.8714,94.03823,332.5184,8.0,DB
2025-06-04 16:01:02.040,4918,-0.2169508,0.700104,-0.1214539,0.6693549,353.0863,94.29958,331.9798,8.0,DB
2025-06-04 16:01:02.073,4919,-0.2193885,0.7011853,-0.1249359,0.6667825,353.2601,94.5965,331.4729,8.0,DB
2025-06-04 16:01:02.118,4920,-0.2218602,0.7022415,-0.1283508,0.6641998,353.4279,94.89272,330.9686,8.0,DB
2025-06-04 16:01:02.151,4921,-0.2254005,0.703796,-0.1326554,0.6605063,353.6252,95.32713,330.2923,8.0,DB
2025-06-04 16:01:02.184,4922,-0.2282266,0.7048531,-0.1358661,0.6577502,353.7596,95.64666,329.7717,8.0,DB
2025-06-04 16:01:02.218,4923,-0.228915,0.7049956,-0.1366937,0.6571866,353.7917,95.70604,329.6422,8.0,DB
2025-06-04 16:01:02.262,4924,-0.2317245,0.7062718,-0.1391567,0.6543084,353.8764,96.06374,329.1797,8.0,DB
2025-06-04 16:01:02.295,4925,-0.2351393,0.7083938,-0.1436054,0.6498194,354.1377,96.59353,328.4992,8.0,DB
2025-06-04 16:01:02.328,4926,-0.2386304,0.7097859,-0.147506,0.6461438,354.3194,97.01217,327.8603,8.0,DB
2025-06-04 16:01:02.387,4927,-0.2409272,0.7111707,-0.149908,0.6432091,354.4501,97.36677,327.4492,8.0,DB
2025-06-04 16:01:02.407,4928,-0.243963,0.7129431,-0.1535949,0.6392205,354.6705,97.82804,326.8667,8.0,DB
2025-06-04 16:01:02.460,4929,-0.2482393,0.7147537,-0.1564994,0.6348327,354.7522,98.3721,326.2278,8.0,DB
2025-06-04 16:01:02.484,4930,-0.2519352,0.7166511,-0.1603627,0.6302571,354.9676,98.90034,325.5687,8.0,DB
2025-06-04 16:01:02.536,4931,-0.2524548,0.7176443,-0.1627713,0.6282983,355.2039,99.09355,325.3282,8.0,DB
2025-06-04 16:01:02.561,4932,-0.2566551,0.7213743,-0.1674358,0.6210578,355.5708,99.96357,324.5498,8.0,DB
2025-06-04 16:01:02.613,4933,-0.2587519,0.7227685,-0.1689807,0.6181415,355.663,100.3236,324.224,8.0,DB
2025-06-04 16:01:02.639,4934,-0.2630456,0.724936,-0.1732227,0.6125921,355.9212,100.9488,323.4789,8.0,DB
2025-06-04 16:01:02.688,4935,-0.26566,0.7265159,-0.1763045,0.6087005,356.1446,101.376,322.9861,8.0,DB
2025-06-04 16:01:02.717,4936,-0.2698817,0.7289912,-0.1807034,0.602563,356.4581,102.0595,322.2351,8.0,DB
2025-06-04 16:01:02.750,4937,-0.2728525,0.7310078,-0.1845466,0.5975967,356.7725,102.5908,321.6497,8.0,DB
2025-06-04 16:01:02.783,4938,-0.2753794,0.7324876,-0.186828,0.5939052,356.9389,103.0067,321.2272,8.0,DB
2025-06-04 16:01:02.828,4939,-0.2771323,0.7331077,-0.1873787,0.5921487,356.935,103.228,321.0127,8.0,DB
2025-06-04 16:01:02.862,4940,-0.2827925,0.7372434,-0.1940741,0.5820962,357.5318,104.3135,319.9459,8.0,DB
2025-06-04 16:01:02.896,4941,-0.2838365,0.7382387,-0.194659,0.5801281,357.5978,104.5568,319.7969,8.0,DB
2025-06-04 16:01:02.951,4942,-0.2868387,0.7404653,-0.1965352,0.5751598,357.7706,105.1489,319.3558,8.0,DB
2025-06-04 16:01:02.971,4943,-0.2933336,0.7447693,-0.2021208,0.5642884,358.2819,106.3544,318.2916,8.0,DB
2025-06-04 16:01:03.016,4944,-0.2955109,0.7458348,-0.2025176,0.5615965,358.2908,106.6976,318.0433,8.0,DB
2025-06-04 16:01:03.050,4945,-0.2989277,0.7476882,-0.2055532,0.5561948,358.5592,107.2706,317.4776,8.0,DB
2025-06-04 16:01:03.094,4946,-0.3029099,0.7504724,-0.2089836,0.5489653,358.917,108.0581,316.8255,8.0,DB
2025-06-04 16:20:57.855,1,-0.04361941,3.572875e-07,1.559951e-08,0.9990483,355.0,4.098114e-05,-2.04333e-13,3.0,NB
2025-06-04 16:20:58.366,2,-0.04361941,1.627656e-07,7.106503e-09,0.9990483,355.0,1.866934e-05,-1.532498e-13,3.0,NB
2025-06-04 16:20:58.406,3,0.04361941,-1.627656e-07,-7.106503e-09,-0.9990483,355.0,1.866934e-05,-1.532498e-13,3.0,NB
2025-06-04 16:20:58.495,4,-0.05066969,-0.001245187,0.03601474,-0.9980652,5.810176,359.933,355.8634,3.0,NB
2025-06-04 16:20:58.572,5,-0.0493243,0.000255948,0.03493182,-0.9981719,5.649942,359.7722,355.9802,3.0,NB
2025-06-04 16:20:58.595,6,-0.04913467,0.001113643,0.03450667,-0.9981954,5.624884,359.6768,356.0244,3.0,NB
2025-06-04 16:20:58.630,7,-0.04863985,0.002044615,0.03438871,-0.9982222,5.564494,359.5724,356.0331,3.0,NB
2025-06-04 16:20:58.650,8,-0.04833746,0.002541022,0.03418115,-0.9982429,5.527952,359.5178,356.0545,3.0,NB
2025-06-04 16:20:58.675,9,-0.0480492,0.002895992,0.03397295,-0.9982629,5.493608,359.4793,356.0767,3.0,NB
2025-06-04 16:20:58.765,10,-0.0464891,0.003803487,0.03357905,-0.998347,5.311422,359.3833,356.1186,3.0,NB
2025-06-04 16:20:58.804,11,-0.04597598,0.004123085,0.03304704,-0.9983873,5.251699,359.3514,356.1786,3.0,NB
2025-06-04 16:20:58.847,12,-0.04529522,0.004560362,0.03191508,-0.9984533,5.172768,359.3098,356.3072,3.0,NB
2025-06-04 16:20:58.893,13,-0.0445379,0.004588583,0.03205544,-0.9984828,5.085744,359.3087,356.2917,3.0,NB
2025-06-04 16:20:58.925,14,-0.04346939,0.004936891,0.0316871,-0.99854,4.962227,359.2745,356.3334,3.0,NB
2025-06-04 16:20:58.969,15,-0.04231302,0.005006124,0.0320898,-0.9985764,4.82912,359.269,356.288,3.0,NB
2025-06-04 16:20:59.009,16,-0.04211485,0.005231419,0.03186759,-0.9985908,4.805734,359.2449,356.3127,3.0,NB
2025-06-04 16:20:59.047,17,-0.04053388,0.005700965,0.03138391,-0.998669,4.62317,359.1992,356.3677,3.0,NB
2025-06-04 16:20:59.093,18,-0.03872931,0.005677936,0.03195583,-0.9987226,4.415961,359.206,356.3041,3.0,NB
2025-06-04 16:20:59.126,19,-0.03671392,0.006159772,0.03266022,-0.998773,4.182604,359.1553,356.2233,3.0,NB
2025-06-04 16:20:59.169,20,-0.03562881,0.006228929,0.03289607,-0.9988042,4.057788,359.1506,356.1971,3.0,NB
2025-06-04 16:20:59.212,21,-0.03527432,0.005586868,0.03255701,-0.9988317,4.019869,359.227,356.2391,3.0,NB
2025-06-04 16:20:59.246,22,-0.0340124,0.004828033,0.03288423,-0.9988687,3.877891,359.3176,356.2057,3.0,NB
2025-06-04 16:20:59.289,23,-0.03410735,0.004402218,0.03324185,-0.9988556,3.890159,359.3647,356.1662,3.0,NB
2025-06-04 16:20:59.322,24,-0.03454622,0.004384048,0.03299982,-0.9988486,3.940675,359.3661,356.1937,3.0,NB
2025-06-04 16:20:59.368,25,-0.03335615,0.003751532,0.03317666,-0.9988858,3.806612,359.4425,356.1769,3.0,NB
2025-06-04 16:20:59.401,26,-0.03327545,0.00312676,0.03370934,-0.9988728,3.799494,359.5125,356.1181,3.0,NB
2025-06-04 16:20:59.446,27,-0.03250584,0.002433292,0.0338413,-0.9988955,3.713945,359.5946,356.1061,3.0,NB
2025-06-04 16:20:59.489,28,-0.03127906,0.001760831,0.03347962,-0.9989484,3.576112,359.6778,356.1508,3.0,NB
2025-06-04 16:20:59.523,29,-0.03029242,0.00110155,0.03342937,-0.9989814,3.465612,359.7574,356.1595,3.0,NB
2025-06-04 16:20:59.568,30,-0.02962085,0.0008790339,0.03306356,-0.999014,3.389598,359.7868,356.2025,3.0,NB
2025-06-04 16:20:59.601,31,-0.02929231,0.0008921725,0.0329383,-0.9990277,3.351932,359.7869,356.217,3.0,NB
2025-06-04 16:20:59.645,32,-0.02898986,0.0005599041,0.03305415,-0.999033,3.318515,359.8258,356.205,3.0,NB
2025-06-04 16:20:59.690,33,-0.02795665,0.001160125,0.03236933,-0.9990844,3.198019,359.7631,356.282,3.0,NB
2025-06-04 16:20:59.722,34,-0.02740376,0.001896797,0.03241409,-0.9990971,3.131917,359.6806,356.2748,3.0,NB
2025-06-04 16:20:59.767,35,-0.02550629,0.001965186,0.03270549,-0.9991377,2.914176,359.679,356.2422,3.0,NB
2025-06-04 16:20:59.812,36,-0.02381201,0.001806982,0.03290808,-0.9991732,2.720606,359.703,356.2202,3.0,NB
2025-06-04 16:20:59.855,37,-0.02312697,0.002501066,0.03285345,-0.9991896,2.639524,359.6262,356.225,3.0,NB
2025-06-04 16:20:59.888,38,-0.02153919,0.002758855,0.03294399,-0.9992214,2.456625,359.6024,356.2148,3.0,NB
2025-06-04 16:20:59.933,39,-0.01673762,0.00254367,0.0338628,-0.9992831,1.907096,359.6436,356.1124,3.0,NB
2025-06-04 16:20:59.966,40,-0.008881162,0.002958611,0.03521922,-0.9993359,1.005141,359.6253,355.9599,3.0,NB
2025-06-04 16:21:00.011,41,-0.001752458,0.003030597,0.03500947,-0.9993809,0.1885348,359.6459,355.9868,3.0,NB
2025-06-04 16:21:00.059,42,-0.000627889,0.004123125,0.0320323,-0.9994782,0.05677876,359.5255,356.3285,3.0,NB
2025-06-04 16:21:00.089,43,0.0004593559,0.004047632,0.03061643,-0.999523,359.9332,359.538,356.4913,3.0,NB
2025-06-04 16:21:00.133,44,0.003939906,0.005132002,0.02929509,-0.99955,359.5315,359.4254,356.6448,3.0,NB
2025-06-04 16:21:00.174,45,0.007582416,0.003932313,0.03018973,-0.9995078,359.1179,359.5758,356.5431,3.0,NB
2025-06-04 16:21:00.207,46,0.01636172,-0.0003794167,0.02629998,-0.9995202,358.1268,0.09281695,356.984,3.0,NB
2025-06-04 16:21:00.252,47,0.021983,-0.005269031,0.02504683,-0.9994308,357.4967,0.6671891,357.1142,3.0,NB
2025-06-04 16:21:00.284,48,0.03284864,-0.006713982,0.02439235,-0.9991402,356.2552,0.8623949,357.1748,3.0,NB
2025-06-04 16:21:00.330,49,0.0412344,-0.004521756,0.01840801,-0.9989697,355.284,0.6066664,357.8637,3.0,NB
2025-06-04 16:21:00.363,50,0.04489698,0.003215493,0.01257722,-0.9989073,354.8492,359.6954,358.571,3.0,NB
2025-06-04 16:21:00.407,51,0.04312893,0.0100784,0.01387786,-0.9989224,355.0409,358.9108,358.4553,3.0,NB
2025-06-04 16:21:00.450,52,0.04136015,0.0173641,0.01145367,-0.9989278,355.2373,358.0596,358.7668,3.0,NB
2025-06-04 16:21:00.483,53,0.04840199,0.02148755,0.01328214,-0.9985086,354.4203,357.603,358.5926,3.0,NB
2025-06-04 16:21:00.527,54,0.05171293,0.0197293,0.0210624,-0.998245,354.0261,357.8558,357.6944,3.0,NB
2025-06-04 16:21:00.560,55,0.06037433,0.02047991,0.01792172,-0.9978049,353.0376,357.7653,358.078,3.0,NB
2025-06-04 16:21:00.605,56,0.06628576,0.01894777,0.02085784,-0.9974028,352.356,357.9744,357.7393,3.0,NB
2025-06-04 16:21:00.638,57,0.06849661,0.01677684,0.02451915,-0.9972091,352.1006,358.2585,357.3033,3.0,NB
2025-06-04 16:21:00.682,58,0.07413957,0.01509583,0.02409613,-0.9968425,351.4578,358.4631,357.3454,3.0,NB
2025-06-04 16:21:00.715,59,0.07897686,0.0112779,0.02885738,-0.9963949,350.9071,358.9604,356.7648,3.0,NB
2025-06-04 16:21:00.760,60,0.08217932,0.002671188,0.03327143,-0.9960586,350.5673,0.008545302,356.173,3.0,NB
2025-06-04 16:21:00.794,61,0.0965293,-0.002233359,0.02987663,-0.9948793,348.9342,0.5961872,356.502,3.0,NB
2025-06-04 16:21:00.840,62,0.1095921,-0.003095223,0.02530195,-0.9936498,347.4298,0.6866595,357.0071,3.0,NB
2025-06-04 16:21:00.883,63,0.1164724,0.001698203,0.02359179,-0.9929123,346.622,0.1250467,357.2631,3.0,NB
2025-06-04 16:21:00.915,64,0.1155329,0.006409373,0.02346992,-0.9930058,346.7176,359.5699,357.3422,3.0,NB
2025-06-04 16:21:00.949,65,0.109996,0.01105813,0.02512794,-0.9935529,347.3421,359.0342,357.2096,3.0,NB
2025-06-04 16:21:00.993,66,0.1044228,0.01639558,0.02531377,-0.9940757,347.9691,358.3999,357.2512,3.0,NB
2025-06-04 16:21:01.038,67,0.1028256,0.0166144,0.0249922,-0.9942468,348.153,358.3665,357.2896,3.0,NB
2025-06-04 16:21:01.069,68,0.1100589,0.0140896,0.02372853,-0.993542,347.3283,358.6624,357.4123,3.0,NB
2025-06-04 16:21:01.115,69,0.1127642,0.01213737,0.0206486,-0.9933332,347.025,358.856,357.7484,3.0,NB
2025-06-04 16:21:01.149,70,0.117373,0.01292987,0.01863518,-0.992829,346.4942,358.7448,357.998,3.0,NB
2025-06-04 16:21:01.182,71,0.1251405,0.01383342,0.0185793,-0.9918687,345.5959,358.6516,358.0242,3.0,NB
2025-06-04 16:21:01.226,72,0.131153,0.01415997,0.01765722,-0.9911039,344.9019,358.609,358.143,3.0,NB
2025-06-04 16:21:01.259,73,0.1398989,0.01375877,0.01676895,-0.9899283,343.8925,358.6552,358.2494,3.0,NB
2025-06-04 16:21:01.303,74,0.1462034,0.01286702,0.01730497,-0.9890196,343.1635,358.7792,358.1758,3.0,NB
2025-06-04 16:21:01.348,75,0.1535479,0.01222443,0.01858581,-0.9878909,342.3121,358.8907,358.017,3.0,NB
2025-06-04 16:21:01.382,76,0.1576421,0.01250645,0.01936908,-0.9872272,341.8358,358.8792,357.9312,3.0,NB
2025-06-04 16:21:01.415,77,0.1643993,0.01313171,0.01945062,-0.9861147,341.0499,358.8184,357.9372,3.0,NB
2025-06-04 16:21:01.459,78,0.1678891,0.01262898,0.02116181,-0.9854979,340.6436,358.9198,357.7239,3.0,NB
2025-06-04 16:21:01.492,79,0.1734313,0.01194465,0.02151007,-0.9845387,340.0004,359.0208,357.6695,3.0,NB
2025-06-04 16:21:01.536,80,0.1749498,0.01115395,0.02163449,-0.9842765,339.8255,359.1218,357.6379,3.0,NB
2025-06-04 16:21:01.569,81,0.1820683,0.01039905,0.02107992,-0.983005,338.9989,359.2163,357.6883,3.0,NB
2025-06-04 16:21:01.582,82,0.1843006,0.01020006,0.02096152,-0.9825936,338.7393,359.2426,357.698,3.0,NB
2025-06-04 16:21:01.670,83,0.1831694,0.0113737,0.02126356,-0.9827857,338.8681,359.1052,357.688,3.0,NB
2025-06-04 16:21:01.684,84,0.1959753,0.01235425,0.02074408,-0.9803117,337.372,359.0011,357.7754,3.0,NB
2025-06-04 16:21:01.748,85,0.1994177,0.01321525,0.022197,-0.979574,336.9661,358.9392,357.62,3.0,NB
2025-06-04 16:21:01.781,86,0.2130112,0.01271354,0.02162688,-0.9767277,335.3763,359.0154,357.678,3.0,NB
2025-06-04 16:21:01.825,87,0.218809,0.01242102,0.02006893,-0.9754823,334.6982,359.0208,357.8626,3.0,NB
2025-06-04 16:21:01.838,88,0.2288909,0.01304835,0.0196812,-0.9731658,333.512,358.9509,357.9297,3.0,NB
2025-06-04 16:21:01.905,89,0.2313179,0.01491595,0.02032767,-0.9725516,333.2214,358.7414,357.9048,3.0,NB
2025-06-04 16:21:01.917,90,0.2434668,0.01524704,0.02014588,-0.9695802,331.788,358.7153,357.9422,3.0,NB
2025-06-04 16:21:01.980,91,0.2450433,0.01473983,0.02035762,-0.9691864,331.6025,358.7888,357.8998,3.0,NB
2025-06-04 16:21:01.992,92,0.2554963,0.01480768,0.02007876,-0.9664882,330.3657,358.7895,357.9399,3.0,NB
2025-06-04 16:21:02.059,93,0.2537568,0.0147449,0.02018858,-0.9669451,330.5718,358.7981,357.9235,3.0,NB
2025-06-04 16:21:02.069,94,0.2729904,0.01507978,0.01963463,-0.9616983,328.2873,358.7684,358.0106,3.0,NB
2025-06-04 16:21:02.123,95,0.2701297,0.0149723,0.01921157,-0.962516,328.6286,358.7623,358.0607,3.0,NB
2025-06-04 16:21:02.167,96,0.2855048,0.01494461,0.01958463,-0.9580608,326.7943,358.8048,358.0142,3.0,NB
2025-06-04 16:21:02.201,97,0.2932275,0.01424102,0.01884714,-0.9557509,325.8721,358.8808,358.0841,3.0,NB
2025-06-04 16:21:02.246,98,0.3019919,0.01396693,0.01858486,-0.9530272,324.821,358.9207,358.1078,3.0,NB
2025-06-04 16:21:02.279,99,0.3124534,0.01405283,0.01882462,-0.9496427,323.561,358.9369,358.0787,3.0,NB
2025-06-04 16:21:02.312,100,0.32458,0.01466015,0.01794602,-0.9455745,322.0949,358.8326,358.2263,3.0,NB
2025-06-04 16:21:02.476,101,0.3284033,0.01588972,0.01788646,-0.9442345,321.6292,358.6655,358.2939,3.0,NB
2025-06-04 16:21:02.492,102,0.3730834,0.01780493,0.01644698,-0.9274812,316.1604,358.351,358.6317,3.0,NB
2025-06-04 16:21:02.501,103,0.3757583,0.01794706,0.01632319,-0.9264002,315.8299,358.3235,358.6614,3.0,NB
2025-06-04 16:21:02.544,104,0.3757129,0.01791027,0.01631442,-0.9264196,315.8356,358.3284,358.6604,3.0,NB
2025-06-04 16:21:02.578,105,0.3749905,0.01791735,0.01657705,-0.9267074,315.9244,358.3429,358.6212,3.0,NB
2025-06-04 16:21:02.611,106,0.3733334,0.01831003,0.01630095,-0.9273733,316.1291,358.268,358.6835,3.0,NB
2025-06-04 16:21:02.645,107,0.3720534,0.01855919,0.01655079,-0.9278782,316.2863,358.2458,358.6599,3.0,NB
2025-06-04 16:21:02.678,108,0.3710658,0.01845176,0.0167789,-0.9282717,316.408,358.2748,358.6189,3.0,NB
2025-06-04 16:21:02.711,109,0.3702171,0.01820897,0.01695551,-0.9286122,316.5127,358.3205,358.5778,3.0,NB
2025-06-04 16:21:02.745,110,0.3695766,0.01817014,0.01708714,-0.9288655,316.5916,358.3336,358.5555,3.0,NB
2025-06-04 16:21:02.789,111,0.3682704,0.01822796,0.01716138,-0.9293817,316.7523,358.3289,358.5467,3.0,NB
2025-06-04 16:21:02.823,112,0.3663506,0.01855893,0.01753707,-0.9301265,316.9877,358.3014,358.5091,3.0,NB
2025-06-04 16:21:02.857,113,0.3656435,0.01873958,0.01783957,-0.9303954,317.0739,358.292,358.4746,3.0,NB
2025-06-04 16:21:02.890,114,0.3649844,0.01871172,0.01762353,-0.9306589,317.1555,358.2834,358.5038,3.0,NB
2025-06-04 16:21:02.922,115,0.363183,0.01846541,0.01760534,-0.9313685,317.3775,358.3172,358.4907,3.0,NB
2025-06-04 16:21:02.956,116,0.3612565,0.01836048,0.01798159,-0.9321123,317.6139,358.3524,358.4285,3.0,NB
2025-06-04 16:21:03.000,117,0.3593218,0.01795196,0.01818154,-0.9328641,317.8519,358.4212,358.3753,3.0,NB
2025-06-04 16:21:03.033,118,0.3575017,0.01754967,0.01808562,-0.9335725,318.0762,358.4723,358.3657,3.0,NB
2025-06-04 16:21:03.067,119,0.3554656,0.01753555,0.01801622,-0.9343513,318.326,358.4687,358.3736,3.0,NB
2025-06-04 16:21:03.099,120,0.3534994,0.01764289,0.01847616,-0.9350859,318.566,358.4765,358.3123,3.0,NB
2025-06-04 16:21:03.133,121,0.3519278,0.01812213,0.01859169,-0.9356671,318.7574,358.4128,358.3206,3.0,NB
2025-06-04 16:21:03.179,122,0.349348,0.01836116,0.01841295,-0.9366323,319.073,358.3671,358.357,3.0,NB
2025-06-04 16:21:03.212,123,0.3482091,0.01846958,0.01829219,-0.9370565,319.2122,358.3444,358.3789,3.0,NB
2025-06-04 16:21:03.247,124,0.3467821,0.01836895,0.0178491,-0.9375961,319.3876,358.3344,358.4352,3.0,NB
2025-06-04 16:21:03.279,125,0.3454663,0.01817462,0.01750557,-0.938092,319.5492,358.343,358.4724,3.0,NB
2025-06-04 16:21:03.323,126,0.3446084,0.01846112,0.01775094,-0.9383972,319.653,358.3148,358.4518,3.0,NB
2025-06-04 16:21:03.356,127,0.3446132,0.01835285,0.01758583,-0.9384006,319.653,358.3215,358.4695,3.0,NB
2025-06-04 16:21:03.388,128,0.3435231,0.01823214,0.01771145,-0.9388003,319.7859,358.3443,358.4445,3.0,NB
2025-06-04 16:21:03.433,129,0.3424922,0.01814046,0.01876512,-0.9391581,319.9101,358.4106,358.2906,3.0,NB
2025-06-04 16:21:03.466,130,0.3420115,0.01780382,0.01867599,-0.9393415,319.9695,358.4529,358.2856,3.0,NB
2025-06-04 16:21:03.499,131,0.3414545,0.01752879,0.018972,-0.9395435,320.0374,358.5061,358.2296,3.0,NB
2025-06-04 16:21:03.533,132,0.3414771,0.01731511,0.01935913,-0.9395313,320.0344,358.5559,358.1643,3.0,NB
2025-06-04 16:21:03.579,133,0.34091,0.01683438,0.02038528,-0.9397242,320.103,358.675,357.9955,3.0,NB
2025-06-04 16:21:03.611,134,0.3406368,0.01625343,0.02058579,-0.9398291,320.1373,358.7663,357.9378,3.0,NB
2025-06-04 16:21:03.645,135,0.3398406,0.01601025,0.02051358,-0.9401231,320.235,358.7953,357.9357,3.0,NB
2025-06-04 16:21:03.678,136,0.3390422,0.01607063,0.02064589,-0.9404075,320.3319,358.7921,357.9203,3.0,NB
2025-06-04 16:21:03.711,137,0.3382633,0.01641708,0.02088202,-0.9406767,320.4257,358.7542,357.9048,3.0,NB
2025-06-04 16:21:03.756,138,0.3376421,0.01635021,0.02013428,-0.9409173,320.5025,358.7249,358.0061,3.0,NB
2025-06-04 16:21:03.788,139,0.3377968,0.01649883,0.02040018,-0.9408534,320.483,358.7177,357.9764,3.0,NB
2025-06-04 16:21:03.823,140,0.3378655,0.01616967,0.02026794,-0.9408373,320.4755,358.7572,357.9783,3.0,NB
2025-06-04 16:21:03.855,141,0.3381815,0.01605128,0.02047399,-0.9407214,320.437,358.7846,357.9435,3.0,NB
2025-06-04 16:21:03.900,142,0.3388228,0.01571885,0.02056635,-0.9404942,320.3595,358.837,357.9138,3.0,NB
2025-06-04 16:21:03.933,143,0.339296,0.01578043,0.02116362,-0.9403093,320.301,358.8594,357.8331,3.0,NB
2025-06-04 16:21:03.966,144,0.3383249,0.01565646,0.02099974,-0.9406648,320.4198,358.8666,357.8501,3.0,NB
2025-06-04 16:21:03.999,145,0.3374973,0.01574572,0.02107336,-0.940959,320.5202,358.8562,357.8445,3.0,NB
2025-06-04 16:21:04.045,146,0.3374275,0.0151623,0.02122975,-0.9409901,320.5299,358.9454,357.7935,3.0,NB
2025-06-04 16:21:04.078,147,0.337469,0.01504278,0.02078238,-0.9409871,320.5256,358.9398,357.85,3.0,NB
2025-06-04 16:21:04.111,148,0.3379209,0.01501917,0.02038179,-0.940834,320.4711,358.9238,357.9046,3.0,NB
2025-06-04 16:21:04.145,149,0.3373917,0.01549331,0.02074318,-0.9410083,320.5341,358.8747,357.8781,3.0,NB
2025-06-04 16:21:04.189,150,0.3371922,0.01560777,0.02059559,-0.9410812,320.5583,358.8509,357.9045,3.0,NB
2025-06-04 16:21:04.222,151,0.3368287,0.01540944,0.02016632,-0.9412239,320.6035,358.8565,357.9546,3.0,NB
2025-06-04 16:21:04.257,152,0.3361266,0.01503598,0.02013011,-0.9414817,320.6898,358.9055,357.9412,3.0,NB
2025-06-04 16:21:04.289,153,0.3357194,0.01490291,0.02025422,-0.9416264,320.7394,358.9294,357.9174,3.0,NB
2025-06-04 16:21:04.333,154,0.3348768,0.01498598,0.02010542,-0.9419283,320.8419,358.9089,357.9425,3.0,NB
2025-06-04 16:21:04.366,155,0.3345639,0.01514712,0.02043225,-0.9420298,320.8792,358.902,357.9051,3.0,NB
2025-06-04 16:21:04.400,156,0.3340531,0.01498154,0.0208674,-0.9422043,320.9412,358.9456,357.8365,3.0,NB
2025-06-04 16:21:04.432,157,0.3340902,0.01469598,0.02091913,-0.9421944,320.9373,358.9879,357.8152,3.0,NB
2025-06-04 16:21:04.466,158,0.3334397,0.01422367,0.02116728,-0.9424265,321.0172,359.0644,357.7578,3.0,NB
2025-06-04 16:21:04.499,159,0.3327707,0.01414349,0.02099991,-0.9426678,321.0988,359.0658,357.7776,3.0,NB
2025-06-04 16:21:04.545,160,0.3324593,0.01488605,0.02068386,-0.9427733,321.1353,358.9465,357.858,3.0,NB
2025-06-04 16:21:04.578,161,0.3322087,0.01521196,0.02077738,-0.9428544,321.1649,358.9054,357.8611,3.0,NB
2025-06-04 16:21:04.611,162,0.3314337,0.01540292,0.02018461,-0.9431369,321.2593,358.8485,357.9528,3.0,NB
2025-06-04 16:21:04.644,163,0.3311046,0.01533458,0.0203668,-0.9432496,321.2992,358.8663,357.9243,3.0,NB
2025-06-04 16:21:04.678,164,0.3309351,0.01527839,0.02034601,-0.9433104,321.3199,358.8727,357.9244,3.0,NB
2025-06-04 16:21:04.722,165,0.3303713,0.01522398,0.02043846,-0.943507,321.3884,358.8837,357.9091,3.0,NB
2025-06-04 16:21:04.756,166,0.3304542,0.01537687,0.02045057,-0.9434752,321.378,358.8633,357.9149,3.0,NB
2025-06-04 16:21:04.788,167,0.3305436,0.01579583,0.02134306,-0.9434172,321.3651,358.8488,357.8116,3.0,NB
2025-06-04 16:21:04.822,168,0.3296441,0.01606592,0.0211894,-0.9437308,321.4739,358.8022,357.8461,3.0,NB
2025-06-04 16:21:04.855,169,0.3295647,0.01583689,0.02132876,-0.9437593,321.4839,358.8404,357.8158,3.0,NB
2025-06-04 16:21:04.889,170,0.3297502,0.0152587,0.02110653,-0.943709,321.463,358.91,357.8186,3.0,NB
2025-06-04 16:21:04.933,171,0.3297675,0.0149684,0.02122185,-0.943705,321.4614,358.9557,357.7886,3.0,NB
2025-06-04 16:21:04.966,172,0.3299711,0.01518517,0.02142507,-0.9436257,321.4359,358.936,357.7709,3.0,NB
2025-06-04 16:21:04.999,173,0.3298568,0.01546361,0.02143921,-0.9436609,321.4492,358.898,357.7824,3.0,NB
2025-06-04 16:21:05.032,174,0.330061,0.01578887,0.02144967,-0.9435839,321.4236,358.8539,357.7966,3.0,NB
2025-06-04 16:21:05.066,175,0.330422,0.01560287,0.02112732,-0.9434679,321.3806,358.8647,357.8321,3.0,NB
2025-06-04 16:21:05.111,176,0.330784,0.01561124,0.02139412,-0.9433348,321.3363,358.8773,357.7955,3.0,NB
2025-06-04 16:21:05.145,177,0.3310314,0.01570873,0.02120078,-0.9432508,321.3063,358.8549,357.8269,3.0,NB
2025-06-04 16:21:05.178,178,0.33095,0.01570235,0.02159259,-0.9432707,321.3157,358.8746,357.7724,3.0,NB
2025-06-04 16:21:05.211,179,0.3309034,0.01555243,0.02157705,-0.9432898,321.3217,358.8946,357.7672,3.0,NB
2025-06-04 16:21:05.244,180,0.3310989,0.01535537,0.0215404,-0.9432253,321.2985,358.9205,357.7627,3.0,NB
2025-06-04 16:21:05.278,181,0.33148,0.01530586,0.02180833,-0.943086,321.252,358.9412,357.7229,3.0,NB
2025-06-04 16:21:05.321,182,0.3311865,0.0154235,0.02178635,-0.9431877,321.2874,358.9232,357.7318,3.0,NB
2025-06-04 16:21:05.355,183,0.3310902,0.0155472,0.0215342,-0.9432253,321.2991,358.8936,357.7729,3.0,NB
2025-06-04 16:21:05.388,184,0.3314267,0.01561953,0.02132425,-0.9431107,321.2583,358.874,357.8054,3.0,NB
2025-06-04 16:21:05.423,185,0.3310136,0.01546443,0.02137598,-0.9432571,321.3088,358.8972,357.7908,3.0,NB
2025-06-04 16:21:05.455,186,0.3306569,0.01540657,0.02165864,-0.9433767,321.3519,358.9182,357.749,3.0,NB
2025-06-04 16:21:05.488,187,0.330798,0.01566726,0.02173236,-0.9433213,321.3341,358.886,357.7513,3.0,NB
2025-06-04 16:21:05.534,188,0.3305137,0.01558625,0.02179947,-0.9434206,321.3687,358.8998,357.7383,3.0,NB
2025-06-04 16:21:05.566,189,0.3301319,0.01530715,0.02208132,-0.9435524,321.4154,358.9513,357.6859,3.0,NB
2025-06-04 16:21:05.599,190,0.3300603,0.01528048,0.02222091,-0.9435746,321.424,358.9616,357.6653,3.0,NB
2025-06-04 16:21:05.632,191,0.3307982,0.01543442,0.0221864,-0.9433145,321.3341,358.9403,357.6772,3.0,NB
2025-06-04 16:21:05.665,192,0.3309562,0.01568758,0.02251039,-0.9432472,321.3139,358.9213,357.6445,3.0,NB
2025-06-04 16:21:05.698,193,0.3302621,0.01598169,0.02276735,-0.9434793,321.3972,358.8915,357.6235,3.0,NB
2025-06-04 16:21:05.732,194,0.3304928,0.01591021,0.02307061,-0.9433924,321.369,358.9167,357.5779,3.0,NB
2025-06-04 16:21:05.779,195,0.3312637,0.01527642,0.0224364,-0.9431477,321.2777,358.9754,357.6346,3.0,NB
2025-06-04 16:21:05.809,196,0.3313152,0.01475181,0.02211655,-0.9431456,321.2731,359.0326,357.6533,3.0,NB
2025-06-04 16:21:05.844,197,0.3315287,0.0151867,0.0222678,-0.9430602,321.2459,358.9802,357.6534,3.0,NB
2025-06-04 16:21:05.877,198,0.3314661,0.01584676,0.02250198,-0.9430657,321.2516,358.9,357.6531,3.0,NB
2025-06-04 16:21:05.911,199,0.3319207,0.01631261,0.02217565,-0.9429055,321.1956,358.8205,357.7209,3.0,NB
2025-06-04 16:21:05.957,200,0.3314448,0.01615892,0.02216793,-0.9430758,321.2538,358.8404,357.7147,3.0,NB
2025-06-04 16:21:05.988,201,0.3310373,0.01600034,0.02241011,-0.943216,321.3034,358.8733,357.6736,3.0,NB
2025-06-04 16:21:06.022,202,0.3308352,0.0160828,0.0221607,-0.9432912,321.328,358.8493,357.7122,3.0,NB
2025-06-04 16:21:06.055,203,0.3305015,0.01614995,0.02252975,-0.9433984,321.368,358.8572,357.6645,3.0,NB
2025-06-04 16:21:06.089,204,0.3303393,0.01620168,0.02270725,-0.9434501,321.3873,358.8583,357.6425,3.0,NB
2025-06-04 16:21:06.120,205,0.3302678,0.0161332,0.02231745,-0.9434856,321.3966,358.8488,357.6931,3.0,NB
2025-06-04 16:21:06.155,206,0.3302986,0.01623885,0.02239012,-0.9434713,321.3925,358.8377,357.6882,3.0,NB
2025-06-04 16:21:06.199,207,0.3305648,0.01628897,0.02248272,-0.9433749,321.36,358.8358,357.6777,3.0,NB
2025-06-04 16:21:06.232,208,0.3302262,0.01610118,0.02279842,-0.9434891,321.4012,358.8764,357.625,3.0,NB
2025-06-04 16:21:06.266,209,0.3298005,0.01594414,0.02304304,-0.9436347,321.4529,358.909,357.5838,3.0,NB
2025-06-04 16:21:06.299,210,0.3301529,0.01584211,0.02284578,-0.943518,321.4106,358.9144,357.606,3.0,NB
2025-06-04 16:21:06.332,211,0.3301048,0.01598651,0.02239707,-0.9435432,321.4167,358.8726,357.6751,3.0,NB
2025-06-04 16:21:06.377,212,0.3292617,0.01641846,0.02251287,-0.9438276,321.5178,358.8166,357.6803,3.0,NB
2025-06-04 16:21:06.399,213,0.329389,0.01649766,0.02270214,-0.9437773,321.5019,358.8151,357.6579,3.0,NB
2025-06-04 16:21:06.444,214,0.329707,0.01629509,0.02301683,-0.9436621,321.4634,358.859,357.6044,3.0,NB
2025-06-04 16:21:06.477,215,0.3292906,0.01596782,0.02297702,-0.943814,321.5148,358.9013,357.5944,3.0,NB
2025-06-04 16:21:06.510,216,0.3293812,0.01591427,0.02282847,-0.943787,321.5042,358.9018,357.6123,3.0,NB
2025-06-04 16:21:06.544,217,0.3297172,0.01626436,0.02318226,-0.943655,321.4621,358.8712,357.5801,3.0,NB
2025-06-04 16:21:06.577,218,0.3292367,0.01671232,0.02314732,-0.9438158,321.5193,358.8065,357.6068,3.0,NB
2025-06-04 16:21:06.621,219,0.3296202,0.01674661,0.02336726,-0.9436759,321.4724,358.8133,357.5778,3.0,NB
2025-06-04 16:21:06.654,220,0.3296663,0.01589572,0.02352551,-0.9436706,321.4688,358.9387,357.5148,3.0,NB
2025-06-04 16:21:06.689,221,0.3299004,0.01518406,0.02305735,-0.943612,321.4427,359.015,357.545,3.0,NB
2025-06-04 16:21:06.721,222,0.3297227,0.01540911,0.0233383,-0.9436636,321.4634,358.997,357.5172,3.0,NB
2025-06-04 16:21:06.754,223,0.3294923,0.01608336,0.02374934,-0.9437225,321.4892,358.9231,357.493,3.0,NB
2025-06-04 16:21:06.796,224,0.3300741,0.01640126,0.02389601,-0.94351,321.4175,358.8877,357.4877,3.0,NB
2025-06-04 16:21:06.829,225,0.3297074,0.0159858,0.02329633,-0.9436604,321.4638,358.9153,357.5508,3.0,NB
2025-06-04 16:21:06.863,226,0.3288785,0.015612,0.0239627,-0.9439392,321.5647,358.997,357.4413,3.0,NB
2025-06-04 16:21:06.897,227,0.3284503,0.01557847,0.02385348,-0.9440916,321.6168,358.9952,357.4551,3.0,NB
2025-06-04 16:21:06.930,228,0.3285479,0.01562632,0.02387172,-0.9440564,321.6049,358.9898,357.4548,3.0,NB
2025-06-04 16:21:06.964,229,0.3285061,0.01568317,0.02423966,-0.9440606,321.6094,358.9995,357.4067,3.0,NB
2025-06-04 16:21:07.007,230,0.3281271,0.01563573,0.02420929,-0.9441938,321.6555,359.0036,357.409,3.0,NB
2025-06-04 16:21:07.029,231,0.3278534,0.01551341,0.02432126,-0.9442883,321.6889,359.0251,357.3879,3.0,NB
2025-06-04 16:21:07.075,232,0.3276176,0.01555736,0.02401302,-0.9443771,321.7177,359.0036,357.4327,3.0,NB
2025-06-04 16:21:07.108,233,0.3274229,0.01572526,0.02383581,-0.9444463,321.7411,358.9715,357.4653,3.0,NB
2025-06-04 16:21:07.141,234,0.3270264,0.01528044,0.02388349,-0.9445898,321.7903,359.0341,357.4378,3.0,NB
2025-06-04 16:21:07.174,235,0.3272382,0.0153443,0.02361568,-0.9445222,321.7647,359.013,357.4776,3.0,NB
2025-06-04 16:21:07.207,236,0.3270386,0.01526318,0.02375478,-0.9445891,321.789,359.0303,357.4547,3.0,NB
2025-06-04 16:21:07.251,237,0.3272365,0.01563005,0.02350816,-0.9445208,321.7643,358.9685,357.5061,3.0,NB
2025-06-04 16:21:07.274,238,0.3272837,0.0155547,0.02363276,-0.9445026,321.7586,358.985,357.4853,3.0,NB
2025-06-04 16:21:07.319,239,0.3275724,0.01536266,0.02395329,-0.9443974,321.7238,359.0275,357.4317,3.0,NB
2025-06-04 16:21:07.351,240,0.327589,0.01523193,0.0239558,-0.9443938,321.7221,359.0457,357.425,3.0,NB
2025-06-04 16:21:07.385,241,0.3279334,0.01529748,0.02362789,-0.9442815,321.6805,359.0219,357.4731,3.0,NB
2025-06-04 16:21:07.419,242,0.3290511,0.01548635,0.02390172,-0.9438826,321.5442,359.0118,357.4435,3.0,NB
2025-06-04 16:21:07.452,243,0.3286986,0.01568788,0.02385806,-0.9440032,321.5864,358.981,357.4595,3.0,NB
2025-06-04 16:21:07.496,244,0.3284986,0.01560792,0.02392516,-0.9440724,321.6108,358.9948,357.4466,3.0,NB
2025-06-04 16:21:07.518,245,0.3290569,0.01506552,0.02375792,-0.9438909,321.5447,359.0631,357.4431,3.0,NB
2025-06-04 16:21:07.563,246,0.3294619,0.01492618,0.02329158,-0.9437637,321.4964,359.0609,357.5005,3.0,NB
2025-06-04 16:21:07.596,247,0.3294464,0.01484685,0.02303151,-0.9437767,321.4988,359.0593,357.5327,3.0,NB
2025-06-04 16:21:07.629,248,0.3293667,0.01545771,0.02280601,-0.9438002,321.5071,358.9637,357.5934,3.0,NB
2025-06-04 16:21:07.663,249,0.329275,0.01593547,0.02276752,-0.9438251,321.5171,358.8957,357.6218,3.0,NB
2025-06-04 16:21:07.696,250,0.3297339,0.01608908,0.02307237,-0.9436548,321.4606,358.8902,357.5868,3.0,NB
2025-06-04 16:21:07.729,251,0.3294244,0.01539463,0.02281858,-0.9437807,321.5002,358.9732,357.5885,3.0,NB
2025-06-04 16:21:07.774,252,0.3287624,0.01493596,0.02297856,-0.9440151,321.5816,359.0427,357.5448,3.0,NB
2025-06-04 16:21:07.808,253,0.3288499,0.01497487,0.02302602,-0.9439828,321.5708,359.0398,357.54,3.0,NB
2025-06-04 16:21:07.841,254,0.3288702,0.01516326,0.02314449,-0.9439698,321.5677,359.0195,357.5327,3.0,NB
2025-06-04 16:21:07.875,255,0.3289232,0.01512498,0.02317786,-0.9439511,321.5614,359.0266,357.5262,3.0,NB
2025-06-04 16:21:07.907,256,0.3289699,0.0150788,0.02338771,-0.9439303,321.5556,359.0432,357.495,3.0,NB
2025-06-04 16:21:07.941,257,0.3286581,0.01482238,0.02325911,-0.9440462,321.5942,359.0716,357.5007,3.0,NB
2025-06-04 16:21:07.985,258,0.3278359,0.01484596,0.02325915,-0.9443317,321.6939,359.0662,357.5025,3.0,NB
2025-06-04 16:21:08.019,259,0.3272585,0.01500164,0.02318837,-0.9445313,321.7636,359.0399,357.5201,3.0,NB
2025-06-04 16:21:08.052,260,0.3264678,0.01501162,0.0231073,-0.9448067,321.8595,359.0326,357.5324,3.0,NB
2025-06-04 16:21:08.085,261,0.3267267,0.01471194,0.0228645,-0.9447278,321.8292,359.063,357.5514,3.0,NB
2025-06-04 16:21:08.118,262,0.3265775,0.01450188,0.02224505,-0.9447975,321.8484,359.062,357.6268,3.0,NB
2025-06-04 16:21:08.151,263,0.3260332,0.01448815,0.02244166,-0.944981,321.9142,359.0719,357.5995,3.0,NB
2025-06-04 16:21:08.185,264,0.3263499,0.01441399,0.02241254,-0.9448735,321.8761,359.0815,357.5998,3.0,NB
2025-06-04 16:21:08.218,265,0.3269488,0.01434934,0.02249689,-0.9446654,321.8035,359.0959,357.5846,3.0,NB
2025-06-04 16:21:08.252,266,0.3268135,0.01398827,0.02222849,-0.944724,321.8211,359.1325,357.6045,3.0,NB
2025-06-04 16:21:08.285,267,0.3274133,0.01402831,0.02234377,-0.9445129,321.7482,359.134,357.59,3.0,NB
2025-06-04 16:21:08.329,268,0.3258181,0.01380839,0.02228222,-0.945069,321.9422,359.1573,357.5894,3.0,NB
2025-06-04 16:21:08.363,269,0.3253912,0.01393999,0.02197257,-0.9452215,321.9939,359.1235,357.6385,3.0,NB
2025-06-04 16:21:08.396,270,0.3254955,0.01355863,0.0217007,-0.9451974,321.9824,359.1633,357.6578,3.0,NB
2025-06-04 16:21:08.428,271,0.3252183,0.01331658,0.02161567,-0.9452982,322.0167,359.1919,357.6583,3.0,NB
2025-06-04 16:21:08.462,272,0.324891,0.01369049,0.0212049,-0.9454147,322.0558,359.1203,357.7327,3.0,NB
2025-06-04 16:21:08.496,273,0.3247102,0.01429018,0.02110871,-0.9454701,322.0764,359.033,357.7743,3.0,NB
2025-06-04 16:21:08.541,274,0.3247978,0.01454697,0.02050387,-0.9454494,322.0658,358.9693,357.8695,3.0,NB
2025-06-04 16:21:08.574,275,0.3250039,0.01440155,0.02017733,-0.9453878,322.0415,358.9742,357.9074,3.0,NB
2025-06-04 16:21:08.607,276,0.3247274,0.01421689,0.02038869,-0.9454811,322.0752,359.0091,357.8698,3.0,NB
2025-06-04 16:21:08.641,277,0.3240496,0.01414985,0.02029175,-0.9457167,322.1575,359.0123,357.8802,3.0,NB
2025-06-04 16:21:08.674,278,0.3240748,0.01411212,0.01995477,-0.9457158,322.1549,359.0017,357.9247,3.0,NB
2025-06-04 16:21:08.708,279,0.324376,0.01414055,0.01972801,-0.9456168,322.1186,358.9877,357.9571,3.0,NB
2025-06-04 16:21:08.741,280,0.3241001,0.01442315,0.02014956,-0.9456983,322.151,358.9682,357.9126,3.0,NB
2025-06-04 16:21:08.774,281,0.3237994,0.01470263,0.02032407,-0.9457932,322.1866,358.9375,357.9019,3.0,NB
2025-06-04 16:21:08.819,282,0.3240028,0.01478727,0.02028315,-0.9457232,322.1618,358.9243,357.9114,3.0,NB
2025-06-04 16:21:08.851,283,0.3236847,0.01451199,0.02033474,-0.9458353,322.2009,358.9639,357.8915,3.0,NB
2025-06-04 16:21:08.885,284,0.323396,0.01465733,0.02059256,-0.9459262,322.2352,358.9555,357.863,3.0,NB
2025-06-04 16:21:08.918,285,0.3239634,0.01463087,0.02077122,-0.9457285,322.1664,358.9687,357.837,3.0,NB
2025-06-04 16:21:08.951,286,0.3240638,0.01466685,0.0205314,-0.9456989,322.1544,358.9527,357.8716,3.0,NB
2025-06-04 16:21:08.986,287,0.3243213,0.01452736,0.020868,-0.9456053,322.1232,358.9882,357.8188,3.0,NB
2025-06-04 16:21:09.022,288,0.3250706,0.01418261,0.0208597,-0.9453534,322.0332,359.0367,357.8033,3.0,NB
2025-06-04 16:21:09.051,289,0.3254357,0.01397527,0.02107045,-0.9452262,321.9892,359.076,357.7643,3.0,NB
2025-06-04 16:21:09.084,290,0.3258773,0.01389115,0.02087093,-0.9450796,321.9361,359.0791,357.7875,3.0,NB
2025-06-04 16:21:09.129,291,0.3262729,0.01446119,0.02143681,-0.944922,321.8862,359.0284,357.7364,3.0,NB
2025-06-04 16:21:09.152,292,0.3259165,0.0146781,0.02132343,-0.9450442,321.929,358.9924,357.7625,3.0,NB
2025-06-04 16:21:09.196,293,0.3260477,0.01475681,0.02134358,-0.9449973,321.9129,358.9828,357.7634,3.0,NB
2025-06-04 16:21:09.229,294,0.3263764,0.01416235,0.02145976,-0.9448902,321.8744,359.0709,357.719,3.0,NB
2025-06-04 16:21:09.263,295,0.3269523,0.01405403,0.02145413,-0.9446929,321.8048,359.0869,357.7142,3.0,NB
2025-06-04 16:21:09.296,296,0.32754,0.01409724,0.02132559,-0.9444915,321.7336,359.0761,357.7336,3.0,NB
2025-06-04 16:21:09.329,297,0.3276857,0.01435048,0.02131037,-0.9444376,321.7153,359.0408,357.7477,3.0,NB
2025-06-04 16:21:09.363,298,0.3277611,0.01457141,0.02111831,-0.9444124,321.7059,359.0013,357.7848,3.0,NB
2025-06-04 16:21:09.395,299,0.3281361,0.01490357,0.02140458,-0.9442704,321.6593,358.97,357.761,3.0,NB
2025-06-04 16:21:09.441,300,0.3280784,0.01453768,0.0215563,-0.9442927,321.667,359.0276,357.7225,3.0,NB
2025-06-04 16:21:09.474,301,0.3277594,0.01427619,0.02145708,-0.9444097,321.7064,359.0583,357.7239,3.0,NB
2025-06-04 16:21:09.507,302,0.3274716,0.013999,0.02170193,-0.9445081,321.7418,359.1075,357.6771,3.0,NB
2025-06-04 16:21:09.552,303,0.3270728,0.01433049,0.02192762,-0.9446361,321.7891,359.0717,357.662,3.0,NB
2025-06-04 16:21:09.585,304,0.3269667,0.01447296,0.0221646,-0.9446651,321.8014,359.0631,357.6363,3.0,NB
2025-06-04 16:21:09.618,305,0.3270261,0.01428054,0.02197251,-0.944652,321.7948,359.0806,357.6535,3.0,NB
2025-06-04 16:21:09.651,306,0.3270502,0.01414814,0.02163967,-0.9446533,321.7926,359.083,357.6931,3.0,NB
2025-06-04 16:21:09.685,307,0.3267536,0.01431662,0.02162758,-0.9447538,321.8281,359.0585,357.703,3.0,NB
2025-06-04 16:21:09.718,308,0.3268105,0.0145977,0.02164473,-0.9447293,321.8205,359.0208,357.714,3.0,NB
2025-06-04 16:21:09.751,309,0.3271638,0.01466068,0.02134206,-0.944613,321.7779,358.9984,357.7585,3.0,NB
2025-06-04 16:21:09.785,310,0.3271529,0.01486641,0.02106481,-0.9446198,321.779,358.9568,357.8065,3.0,NB
2025-06-04 16:21:09.818,311,0.3279815,0.01456298,0.02105245,-0.9443374,321.6792,358.9998,357.7933,3.0,NB
2025-06-04 16:21:09.862,312,0.3289719,0.01462262,0.02105405,-0.943992,321.559,358.9937,357.7955,3.0,NB
2025-06-04 16:21:09.896,313,0.3290126,0.01461461,0.02099195,-0.9439791,321.5541,358.992,357.8036,3.0,NB
2025-06-04 16:21:09.928,314,0.3293712,0.01487899,0.0210861,-0.9438479,321.5099,358.9607,357.8032,3.0,NB
2025-06-04 16:21:09.962,315,0.3290526,0.01509006,0.02164302,-0.943943,321.5474,358.9577,357.7366,3.0,NB
2025-06-04 16:21:09.996,316,0.3280962,0.01494991,0.02157674,-0.9442796,321.6638,358.9718,357.7395,3.0,NB
2025-06-04 16:21:10.029,317,0.3275623,0.01481548,0.02122519,-0.9444751,321.7293,358.9724,357.7818,3.0,NB
2025-06-04 16:21:10.063,318,0.3272312,0.01461087,0.02139881,-0.944589,321.7697,359.0081,357.7482,3.0,NB
2025-06-04 16:21:10.096,319,0.3265567,0.01461547,0.02110369,-0.9448292,321.8518,358.992,357.7895,3.0,NB
2025-06-04 16:21:10.129,320,0.325232,0.01493351,0.02067828,-0.9452903,322.0121,358.9253,357.8636,3.0,NB
2025-06-04 16:21:10.174,321,0.3243307,0.01543618,0.02028717,-0.9456003,322.1207,358.8361,357.9413,3.0,NB
2025-06-04 16:21:10.207,322,0.3229898,0.01566526,0.02026103,-0.946056,322.2826,358.801,357.9558,3.0,NB
2025-06-04 16:21:10.240,323,0.3212295,0.0153729,0.02035757,-0.9466578,322.4962,358.8424,357.9291,3.0,NB
2025-06-04 16:21:10.273,324,0.3185147,0.01508455,0.02037783,-0.9475789,322.8251,358.8777,357.9135,3.0,NB
2025-06-04 16:21:10.307,325,0.316213,0.0148595,0.02036554,-0.9483533,323.1037,358.9034,357.9054,3.0,NB
2025-06-04 16:21:10.341,326,0.3141036,0.01467887,0.02051346,-0.9490537,323.3586,358.9306,357.8776,3.0,NB
2025-06-04 16:21:10.373,327,0.3103572,0.01449275,0.02065423,-0.9502851,323.8107,358.9547,357.8513,3.0,NB
2025-06-04 16:21:10.407,328,0.3088984,0.01421981,0.02065814,-0.9507645,323.9872,358.9887,357.8393,3.0,NB
2025-06-04 16:21:10.452,329,0.3052757,0.01386856,0.02084343,-0.9519349,324.4239,359.0364,357.8005,3.0,NB
2025-06-04 16:21:10.485,330,0.3009593,0.01352311,0.02117137,-0.9533062,324.9434,359.0872,357.7438,3.0,NB
2025-06-04 16:21:10.519,331,0.2974156,0.0135664,0.02096823,-0.9544215,325.369,359.0652,357.7743,3.0,NB
2025-06-04 16:21:10.551,332,0.2933945,0.01363116,0.02061431,-0.955672,325.8515,359.0336,357.8254,3.0,NB
2025-06-04 16:21:10.586,333,0.2897223,0.01393319,0.02053065,-0.9567892,326.2908,358.9829,357.8496,3.0,NB
2025-06-04 16:21:10.619,334,0.2866514,0.01408552,0.02041899,-0.9577138,326.658,358.9524,357.8709,3.0,NB
2025-06-04 16:21:10.663,335,0.2814553,0.0141157,0.02039094,-0.9592539,327.2789,358.9373,357.8765,3.0,NB
2025-06-04 16:21:10.696,336,0.2777085,0.01403686,0.02023208,-0.9603497,327.7264,358.9344,357.8945,3.0,NB
2025-06-04 16:21:10.729,337,0.2726918,0.01414229,0.0202341,-0.9617848,328.3241,358.9114,357.8984,3.0,NB
2025-06-04 16:21:10.763,338,0.2704397,0.01443838,0.02048406,-0.9624107,328.5913,358.878,357.8769,3.0,NB
2025-06-04 16:21:10.796,339,0.2638035,0.01444328,0.02068185,-0.9642466,329.3801,358.8719,357.8513,3.0,NB
2025-06-04 16:21:10.829,340,0.2584023,0.01425111,0.02066625,-0.9657113,330.0216,358.8857,357.8465,3.0,NB
2025-06-04 16:21:10.874,341,0.2557552,0.01367108,0.02023914,-0.9664332,330.3372,358.9402,357.8812,3.0,NB
2025-06-04 16:21:10.908,342,0.2497779,0.01343064,0.02026797,-0.967998,331.0456,358.9603,357.8695,3.0,NB
2025-06-04 16:21:10.941,343,0.2455912,0.01392048,0.02013009,-0.9690646,331.5398,358.886,357.9025,3.0,NB
2025-06-04 16:21:10.986,344,0.2388926,0.01430004,0.02033818,-0.9707278,332.3298,358.8325,357.887,3.0,NB
2025-06-04 16:21:11.019,345,0.2329495,0.01399747,0.02033215,-0.9721755,333.0312,358.8593,357.8773,3.0,NB
2025-06-04 16:21:11.052,346,0.228376,0.01359354,0.02052665,-0.9732617,333.5704,358.9068,357.8403,3.0,NB
2025-06-04 16:21:11.087,347,0.2242807,0.01326196,0.02043444,-0.9742203,334.053,358.9375,357.8416,3.0,NB
2025-06-04 16:21:11.129,348,0.2187957,0.01310789,0.02023206,-0.9754729,334.698,358.9403,357.8615,3.0,NB
2025-06-04 16:21:11.163,349,0.2126009,0.0128546,0.02064511,-0.9768366,335.425,358.9708,357.8027,3.0,NB
2025-06-04 16:21:11.197,350,0.2066719,0.01280113,0.02096625,-0.978102,336.1196,358.9739,357.761,3.0,NB
2025-06-04 16:21:11.242,351,0.1972771,0.01255017,0.02116705,-0.9800389,337.219,358.9903,357.7289,3.0,NB
2025-06-04 16:21:11.275,352,0.1878091,0.01229837,0.02159356,-0.9818913,338.3246,359.011,357.6697,3.0,NB
2025-06-04 16:21:11.307,353,0.1854663,0.01207402,0.02134638,-0.9823446,338.5986,359.0274,357.6941,3.0,NB
2025-06-04 16:21:11.352,354,0.1783367,0.01189036,0.02124665,-0.9836683,339.4299,359.0322,357.7009,3.0,NB
2025-06-04 16:21:11.386,355,0.1706278,0.0118438,0.02126709,-0.9850349,340.327,359.0218,357.696,3.0,NB
2025-06-04 16:21:11.430,356,0.161608,0.01135733,0.02143731,-0.9865569,341.3759,359.064,357.6639,3.0,NB
2025-06-04 16:21:11.464,357,0.154712,0.01091133,0.02178117,-0.9876593,342.1768,359.1084,357.6131,3.0,NB
2025-06-04 16:21:11.509,358,0.144619,0.01005176,0.0214595,-0.9892038,343.3487,359.1819,357.6342,3.0,NB
2025-06-04 16:21:11.542,359,0.1371635,0.009759878,0.02220972,-0.9902514,344.2115,359.2118,357.5396,3.0,NB
2025-06-04 16:21:11.575,360,0.1278118,0.009514186,0.02261629,-0.9914951,345.2928,359.2249,357.4866,3.0,NB
2025-06-04 16:21:11.621,361,0.1199365,0.008888883,0.02324207,-0.9924698,346.2032,359.288,357.4031,3.0,NB
2025-06-04 16:21:11.653,362,0.1074561,0.007603804,0.02314406,-0.9939114,347.6457,359.4052,357.3965,3.0,NB
2025-06-04 16:21:11.698,363,0.1030443,0.00668367,0.02297473,-0.994389,348.1565,359.499,357.4049,3.0,NB
2025-06-04 16:21:11.730,364,0.08510143,0.006224394,0.02341124,-0.9960779,350.2223,359.5107,357.3491,3.0,NB
2025-06-04 16:21:11.763,365,0.08180065,0.006168802,0.02355433,-0.9963513,350.6018,359.5099,357.3318,3.0,NB
2025-06-04 16:21:11.809,366,0.07393821,0.005332869,0.0227824,-0.9969884,351.5078,359.5792,357.4131,3.0,NB
2025-06-04 16:21:11.842,367,0.06383333,0.005119975,0.02248583,-0.9976942,352.6689,359.5757,357.445,3.0,NB
2025-06-04 16:21:11.888,368,0.0561614,0.006972678,0.02273196,-0.9981387,353.5446,359.3446,357.4277,3.0,NB
2025-06-04 16:21:11.920,369,0.04314451,0.007916158,0.02269048,-0.9987799,355.0352,359.2032,357.4317,3.0,NB
2025-06-04 16:21:11.965,370,0.0313861,0.008852936,0.02080766,-0.9992515,356.3826,359.0592,357.6439,3.0,NB
2025-06-04 16:21:11.998,371,0.01898938,0.01034743,0.02003055,-0.9995656,357.8006,358.8575,357.7259,3.0,NB
2025-06-04 16:21:12.042,372,0.007532325,0.01143043,0.02070756,-0.9996921,359.11,358.7082,357.6367,3.0,NB
2025-06-04 16:21:12.075,373,-0.0007024743,0.01153614,0.01997399,-0.9997338,0.05407168,358.6767,357.7102,3.0,NB
2025-06-04 16:21:12.120,374,-0.007238671,0.01197991,0.01933573,-0.9997151,0.8027366,358.6113,357.7742,3.0,NB
2025-06-04 16:21:12.155,375,-0.02138746,0.01181498,0.01901679,-0.9995207,2.424624,358.5988,357.7904,3.0,NB
2025-06-04 16:21:12.198,376,-0.02545276,0.01089462,0.01982919,-0.99942,2.891451,358.6927,357.6937,3.0,NB
2025-06-04 16:21:12.243,377,-0.04378334,0.008237869,0.02082036,-0.9987901,4.997813,358.9486,357.5657,3.0,NB
2025-06-04 16:21:12.276,378,-0.05222167,0.005708366,0.02137615,-0.9983905,5.971351,359.2147,357.506,3.0,NB
2025-06-04 16:21:12.309,379,-0.06689061,0.002881385,0.02117874,-0.9975314,7.662001,359.5038,357.5342,3.0,NB
2025-06-04 16:21:12.354,380,-0.0673518,5.597606e-05,0.02188363,-0.9974894,7.721783,359.8231,357.4745,3.0,NB
2025-06-04 16:21:12.397,381,-0.07471989,-0.001624793,0.02279397,-0.9969429,8.572281,359.9904,357.3797,3.0,NB
2025-06-04 16:21:12.431,382,-0.09186473,-0.001838188,0.02278124,-0.9955093,10.54386,359.9694,357.3753,3.0,NB
2025-06-04 16:21:12.477,383,-0.09665063,0.0007848781,0.02018403,-0.9951136,11.0885,359.681,357.6451,3.0,NB
2025-06-04 16:21:12.509,384,-0.1140377,0.001462825,0.02157961,-0.993241,13.08937,359.5396,357.4579,3.0,NB
2025-06-04 16:21:12.553,385,-0.11554,0.005075351,0.01939714,-0.9931006,13.25521,359.1427,357.6625,3.0,NB
2025-06-04 16:21:12.586,386,-0.1183,0.01122337,0.02028124,-0.9927074,13.55739,358.4037,357.4694,3.0,NB
2025-06-04 16:21:12.630,387,-0.1354309,0.008536207,0.02901322,-0.9903253,15.53018,358.5271,356.443,3.0,NB
2025-06-04 16:21:12.664,388,-0.143962,0.007511039,0.02773123,-0.9891661,16.52227,358.6346,356.59,3.0,NB
2025-06-04 16:21:12.709,389,-0.1530949,0.006670412,0.02657013,-0.9878318,17.58435,358.7188,356.7204,3.0,NB
2025-06-04 16:21:12.753,390,-0.1706119,0.003342524,0.0279598,-0.984936,19.62707,359.0191,356.5782,3.0,NB
2025-06-04 16:21:12.787,391,-0.1809472,0.002702312,0.02770456,-0.9830989,20.83194,359.0596,356.5987,3.0,NB
2025-06-04 16:21:12.831,392,-0.1967212,0.000336284,0.02837052,-0.980049,22.67936,359.2659,356.5365,3.0,NB
2025-06-04 16:21:12.864,393,-0.2139469,0.0003967146,0.02725543,-0.976465,24.69588,359.2156,356.6306,3.0,NB
2025-06-04 16:21:12.909,394,-0.2297113,-0.0006893958,0.0282043,-0.97285,26.55061,359.256,356.5032,3.0,NB
2025-06-04 16:21:12.953,395,-0.2524377,-0.004967493,0.0304578,-0.9671211,29.24717,359.6212,356.2935,3.0,NB
2025-06-04 16:21:12.987,396,-0.2684238,-0.00643011,0.02940216,-0.9628307,31.1494,359.7722,356.4383,3.0,NB
2025-06-04 16:21:13.031,397,-0.296364,-0.008062853,0.03024344,-0.9545622,34.49146,359.8239,356.3159,3.0,NB
2025-06-04 16:21:13.065,398,-0.3157192,-0.008675321,0.02814749,-0.9483956,36.82275,359.9056,356.5686,3.0,NB
2025-06-04 16:21:13.109,399,-0.3391748,-0.009134256,0.02523461,-0.9403406,39.6682,0.0045209,356.9272,3.0,NB
2025-06-04 16:21:13.152,400,-0.3556762,-0.01644253,0.02521739,-0.9341244,41.70694,0.9808916,357.2809,3.0,NB
2025-06-04 16:21:13.197,401,-0.3630664,-0.01333024,0.01908842,-0.9314725,42.60043,0.8541285,357.985,3.0,NB
2025-06-04 16:21:13.229,402,-0.3899571,-0.009248869,0.02170055,-0.920531,45.9173,0.008497289,357.3027,3.0,NB
2025-06-04 16:21:13.276,403,-0.3994749,-0.002080013,0.02815017,-0.9163096,47.07133,358.4285,355.7962,3.0,NB
2025-06-04 16:21:13.319,404,-0.4204105,0.001824845,0.03136975,-0.9067899,49.67033,357.371,354.8205,3.0,NB
2025-06-04 16:21:13.352,405,-0.4390765,-0.00256373,0.03319295,-0.8978329,52.05528,357.7123,354.6482,3.0,NB
2025-06-04 16:21:13.397,406,-0.4395654,-0.007570447,0.02587617,-0.897806,52.15567,359.145,356.2798,3.0,NB
2025-06-04 16:21:13.440,407,-0.4666301,-0.01078922,0.02040565,-0.8841515,55.64768,0.003536145,357.3576,3.0,NB
2025-06-04 16:21:13.484,408,-0.4817412,-0.009723909,0.0190841,-0.8760518,57.6111,359.8556,357.4247,3.0,NB
2025-06-04 16:21:13.516,409,-0.5023523,-0.007593866,0.01944793,-0.8644111,60.31636,359.2582,356.9913,3.0,NB
2025-06-04 16:21:13.560,410,-0.5229772,-0.003603101,0.02229025,-0.8520476,63.04508,357.8286,355.671,3.0,NB
2025-06-04 16:21:13.592,411,-0.5421496,-0.002687899,0.02304339,-0.8399618,65.62913,357.1565,355.0233,3.0,NB
2025-06-04 16:21:13.638,412,-0.5472769,-0.003598896,0.02186493,-0.8366582,66.33739,357.4423,355.3341,3.0,NB
2025-06-04 16:21:13.683,413,-0.5726725,-0.007165276,0.0203801,-0.8194997,69.86794,358.0689,355.8019,3.0,NB
2025-06-04 16:21:13.716,414,-0.5937976,-0.01022345,0.01978589,-0.8043064,72.8614,358.6287,356.1695,3.0,NB
2025-06-04 16:21:13.760,415,-0.607901,-0.01290942,0.01953919,-0.7936675,74.89436,359.2823,356.6298,3.0,NB
2025-06-04 16:21:13.793,416,-0.6276537,-0.01459788,0.02000216,-0.7780989,77.77864,359.3527,356.5328,3.0,NB
2025-06-04 16:21:13.826,417,-0.6351484,-0.0149446,0.01988262,-0.7719896,78.88731,359.3511,356.5155,3.0,NB
2025-06-04 16:21:13.871,418,-0.6497868,-0.01461545,0.0188931,-0.7597413,81.07478,359.1339,356.4103,3.0,NB
2025-06-04 16:21:13.905,419,-0.6640826,-0.01423146,0.01836886,-0.7472981,83.24495,358.4768,355.8304,3.0,NB
2025-06-04 16:21:13.949,420,-0.6896693,-0.01344805,0.01800519,-0.7237757,87.21162,353.6643,351.1147,3.0,NB
2025-06-04 16:21:13.982,421,-0.6886463,-0.01276379,0.01844263,-0.7247506,87.03839,352.326,349.7964,3.0,NB
2025-06-04 16:21:14.026,422,-0.6859016,-0.01150874,0.01794468,-0.727382,86.59821,352.3745,349.9866,3.0,NB
2025-06-04 16:21:14.059,423,-0.6851889,-0.01122747,0.01771427,-0.7280635,86.48592,352.5697,350.2234,3.0,NB
2025-06-04 16:21:14.093,424,-0.6852079,-0.01145392,0.0171385,-0.7280559,86.49731,353.6018,351.2838,3.0,NB
2025-06-04 16:21:14.139,425,-0.6806257,-0.01228389,0.01644205,-0.732344,85.79499,356.568,354.2386,3.0,NB
2025-06-04 16:21:14.171,426,-0.6656478,-0.01244303,0.01595864,-0.7459918,83.48016,358.6471,356.3419,3.0,NB
2025-06-04 16:21:14.216,427,-0.6635492,-0.01287876,0.01598125,-0.7478511,83.16046,359.0638,356.7209,3.0,NB
2025-06-04 16:21:14.249,428,-0.6594239,-0.0132915,0.01682425,-0.7514657,82.53121,359.0247,356.5791,3.0,NB
2025-06-04 16:21:14.282,429,-0.6560798,-0.01344639,0.01743183,-0.7543706,82.02273,358.9322,356.4239,3.0,NB
2025-06-04 16:21:14.327,430,-0.6508204,-0.01294653,0.01730546,-0.7589242,81.22484,358.9203,356.4617,3.0,NB
2025-06-04 16:21:14.359,431,-0.6471394,-0.01270302,0.0172669,-0.7620705,80.66967,358.9443,356.5077,3.0,NB
2025-06-04 16:21:14.404,432,-0.6442838,-0.01234832,0.01671279,-0.7645042,80.24053,359.1026,356.7391,3.0,NB
2025-06-04 16:21:14.438,433,-0.6403724,-0.01167957,0.01643658,-0.7677999,79.65354,359.0059,356.7182,3.0,NB
2025-06-04 16:21:14.482,434,-0.6378626,-0.01072447,0.01619848,-0.7699052,79.276,358.7217,356.5305,3.0,NB
2025-06-04 16:21:14.515,435,-0.6348327,-0.01048744,0.01641121,-0.7724042,78.82481,358.6295,356.4393,3.0,NB
2025-06-04 16:21:14.559,436,-0.6312149,-0.01018589,0.0164095,-0.7753676,78.28825,358.6111,356.4446,3.0,NB
2025-06-04 16:21:14.592,437,-0.6279585,-0.009646667,0.01631759,-0.7780161,77.80608,358.5125,356.3966,3.0,NB
2025-06-04 16:21:14.638,438,-0.6250578,-0.01038715,0.01696387,-0.7803251,77.38218,358.6895,356.4596,3.0,NB
2025-06-04 16:21:14.671,439,-0.6196586,-0.01030789,0.01584662,-0.7846439,76.59343,359.1442,357.0103,3.0,NB
2025-06-04 16:21:14.706,440,-0.617367,-0.0102307,0.01554816,-0.7864552,76.25935,359.2508,357.1467,3.0,NB
2025-06-04 16:21:14.738,441,-0.6123967,-0.009751744,0.01519236,-0.7903447,75.53604,359.2675,357.23,3.0,NB
2025-06-04 16:21:14.782,442,-0.6084042,-0.009762025,0.01600326,-0.793406,74.95792,359.1208,357.0148,3.0,NB
2025-06-04 16:21:14.826,443,-0.6039123,-0.00982769,0.01637673,-0.7968221,74.31084,359.1274,356.9839,3.0,NB
2025-06-04 16:21:14.860,444,-0.5990872,-0.009491685,0.01589414,-0.8004698,73.61832,359.2182,357.1399,3.0,NB
2025-06-04 16:21:14.904,445,-0.5951339,-0.009132179,0.01545247,-0.8034263,73.05292,359.269,357.2549,3.0,NB
2025-06-04 16:21:14.938,446,-0.5895917,-0.009308939,0.0157973,-0.8074936,72.26522,359.3239,357.2649,3.0,NB
2025-06-04 16:21:14.971,447,-0.5838597,-0.009229529,0.01610329,-0.8116424,71.45387,359.3115,357.2315,3.0,NB
2025-06-04 16:21:15.015,448,-0.5796484,-0.00845451,0.01603296,-0.8146653,70.85815,359.1592,357.1469,3.0,NB
2025-06-04 16:21:15.049,449,-0.5710661,-0.008292677,0.01625437,-0.8207014,69.65546,359.1837,357.1628,3.0,NB
2025-06-04 16:21:15.093,450,-0.5636902,-0.008915724,0.01690036,-0.8257654,68.63098,359.3193,357.1905,3.0,NB
2025-06-04 16:21:15.127,451,-0.5528591,-0.008431695,0.01665545,-0.8330658,67.13406,359.3559,357.2819,3.0,NB
2025-06-04 16:21:15.172,452,-0.5423322,-0.007999799,0.01655447,-0.8399631,65.69157,359.3713,357.336,3.0,NB
2025-06-04 16:21:15.205,453,-0.5349122,-0.008340465,0.01694806,-0.8446966,64.68351,359.4585,357.3583,3.0,NB
2025-06-04 16:21:15.249,454,-0.5209017,-0.007941521,0.01683562,-0.8534138,62.7925,359.5007,357.4349,3.0,NB
2025-06-04 16:21:15.282,455,-0.5088086,-0.007797966,0.01695151,-0.8606777,61.17596,359.5452,357.4745,3.0,NB
2025-06-04 16:21:15.315,456,-0.4810594,-0.007292829,0.01700779,-0.8764927,57.51565,359.6182,357.5671,3.0,NB
2025-06-04 16:21:15.361,457,-0.4615023,-0.00665901,0.01707672,-0.8869498,54.97343,359.6057,357.5889,3.0,NB
2025-06-04 16:21:15.395,458,-0.4248951,-0.005336279,0.01735965,-0.9050606,50.29077,359.5433,357.588,3.0,NB
2025-06-04 16:21:15.429,459,-0.384121,-0.004513685,0.01804712,-0.9230954,45.17991,359.5504,357.5729,3.0,NB
2025-06-04 16:21:15.474,460,-0.3695166,-0.003640019,0.01802309,-0.9290423,43.37135,359.4832,357.5717,3.0,NB
2025-06-04 16:21:15.519,461,-0.3343855,-0.003328277,0.01833951,-0.9422521,39.07027,359.5577,357.613,3.0,NB
2025-06-04 16:21:15.563,462,-0.2772935,-0.002815747,0.01801062,-0.9606124,32.19785,359.69,357.7623,3.0,NB
2025-06-04 16:21:15.597,463,-0.2327899,-0.002046757,0.01768372,-0.9723642,26.92253,359.7267,357.8508,3.0,NB
2025-06-04 16:21:15.643,464,-0.2022717,-0.00116872,0.01807355,-0.979162,23.33808,359.6866,357.8203,3.0,NB
2025-06-04 16:21:15.674,465,-0.1708641,-4.968859e-05,0.01876073,-0.985116,19.67253,359.6158,357.7513,3.0,NB
2025-06-04 16:21:15.720,466,-0.1576112,0.0002391428,0.01847846,-0.9873284,18.13272,359.6204,357.795,3.0,NB
2025-06-04 16:21:15.764,467,-0.1168448,0.0006843529,0.01770546,-0.9929922,13.41648,359.6762,357.9189,3.0,NB
2025-06-04 16:21:15.809,468,-0.08490421,0.00152244,0.01762844,-0.9962321,9.736362,359.6496,357.9427,3.0,NB
2025-06-04 16:21:15.842,469,-0.07227698,0.002489315,0.01807322,-0.997218,8.282951,359.5613,357.8916,3.0,NB
2025-06-04 16:21:15.889,470,-0.04699728,0.004156401,0.01873188,-0.9987108,5.377517,359.4209,357.8238,3.0,NB
2025-06-04 16:21:15.931,471,-0.0321316,0.005376734,0.01917301,-0.9992854,3.670074,359.3123,357.7796,3.0,NB
2025-06-04 16:21:15.964,472,-0.0119392,0.00607124,0.01922108,-0.9997256,1.35451,359.278,357.7885,3.0,NB
2025-06-04 16:21:15.999,473,0.0004282892,0.005931957,0.01902089,-0.9998015,359.938,359.3213,357.8206,3.0,NB
2025-06-04 16:21:16.043,474,0.01877584,0.006323311,0.01832747,-0.9996359,357.8354,359.3146,357.9122,3.0,NB
2025-06-04 16:21:16.087,475,0.03097326,0.007386265,0.01793373,-0.9993322,356.4356,359.2163,357.9682,3.0,NB
2025-06-04 16:21:16.120,476,0.04555539,0.008345226,0.01821936,-0.9987609,354.7615,359.1364,357.9494,3.0,NB
2025-06-04 16:21:16.165,477,0.06791391,0.01051227,0.01766233,-0.9974796,352.1918,358.9258,358.0445,3.0,NB
2025-06-04 16:21:16.199,478,0.09778187,0.01418378,0.01723962,-0.9949575,348.7514,358.548,358.1577,3.0,NB
2025-06-04 16:21:16.245,479,0.1408795,0.01887295,0.0165645,-0.9897083,343.7706,358.0489,358.3605,3.0,NB
2025-06-04 16:21:16.277,480,0.1868192,0.02386568,0.01575331,-0.9819781,338.4288,357.4741,358.6431,3.0,NB
2025-06-04 16:21:16.310,481,0.228121,0.02797754,0.01479047,-0.9731184,333.5891,356.9469,358.975,3.0,NB
2025-06-04 16:21:16.355,482,0.2438398,0.03016178,0.01392301,-0.9692466,331.7369,356.6363,359.2011,3.0,NB
2025-06-04 16:21:16.366,483,0.2729322,0.03268089,0.01279095,-0.9613931,328.2896,356.2354,359.545,3.0,NB
2025-06-04 16:21:16.432,484,0.3021958,0.03522044,0.01029344,-0.9525396,324.8,355.7276,0.1175947,3.0,NB
2025-06-04 16:21:16.477,485,0.3604381,0.03891849,0.006284277,-0.9319499,317.7544,354.7287,1.26496,3.0,NB
2025-06-04 16:21:16.509,486,0.4157904,0.04160601,0.002156509,-0.9085059,310.9156,353.5297,2.684949,3.0,NB
2025-06-04 16:21:16.538,487,0.437825,0.0427313,0.001186058,-0.8980435,308.1429,352.9588,3.275323,3.0,NB
2025-06-04 16:21:16.582,488,0.465463,0.04366082,-0.0007042265,-0.8839896,304.6272,352.1258,4.227665,3.0,NB
2025-06-04 16:21:16.614,489,0.5041403,0.04403585,-0.003041025,-0.8624931,299.6148,350.7977,5.765918,3.0,NB
2025-06-04 16:21:16.648,490,0.5184253,0.04344209,-0.004385544,-0.8540077,297.7365,350.2587,6.481167,3.0,NB
2025-06-04 16:21:16.681,491,0.5408661,0.04269419,-0.005688116,-0.8400053,294.7457,349.2775,7.652261,3.0,NB
2025-06-04 16:21:16.714,492,0.5701166,0.04261435,-0.007759163,-0.8204213,290.8025,347.1854,9.942843,3.0,NB
2025-06-04 16:21:16.748,493,0.5879934,0.04304548,-0.009199537,-0.8076673,288.375,345.2327,11.98891,3.0,NB
2025-06-04 16:21:16.781,494,0.6199077,0.04274034,-0.01101362,-0.7834327,283.9824,340.5081,16.90162,3.0,NB
2025-06-04 16:21:16.815,495,0.6467073,0.04223138,-0.01214704,-0.7614716,280.3041,333.4232,24.12899,3.0,NB
2025-06-04 16:21:16.848,496,0.6652005,0.04090264,-0.01190556,-0.7454487,277.79,325.4751,32.16974,3.0,NB
2025-06-04 16:21:16.882,497,0.6829268,0.04078629,-0.01208373,-0.7292473,275.6978,310.0579,47.61333,3.0,NB
2025-06-04 16:21:16.914,498,0.7107536,0.0405762,-0.01334723,-0.7021431,274.4257,259.8235,97.96835,3.0,NB
2025-06-04 16:21:16.949,499,0.719879,0.03305822,-0.007538877,-0.6932711,273.9337,235.724,122.2069,3.0,NB
2025-06-04 16:21:16.981,500,0.7429061,0.0306624,-0.005300784,-0.6686721,276.6875,204.8189,153.1225,3.0,NB
2025-06-04 16:21:17.014,501,0.7712903,0.03743179,-0.01182988,-0.6352718,281.7424,198.866,159.0484,3.0,NB
2025-06-04 16:21:17.048,502,0.7790294,0.03791342,-0.01250233,-0.6257154,283.1058,197.1666,160.7607,3.0,NB
2025-06-04 16:21:17.081,503,0.8020326,0.03690353,-0.01304104,-0.5959966,287.2433,192.6482,165.3961,3.0,NB
2025-06-04 16:21:17.114,504,0.8136997,0.03683772,-0.0136873,-0.5799559,289.4709,191.2455,166.8512,3.0,NB
2025-06-04 16:21:17.148,505,0.8265681,0.03649402,-0.01465566,-0.5614613,292.0125,190.0191,168.1782,3.0,NB
2025-06-04 16:21:17.192,506,0.8408645,0.03611512,-0.01506027,-0.5398296,294.9388,188.7743,169.4784,3.0,NB
2025-06-04 16:21:17.226,507,0.8599932,0.03548783,-0.01644288,-0.5088047,299.0767,187.6143,170.7914,3.0,NB
2025-06-04 16:21:17.259,508,0.8733622,0.0350879,-0.017796,-0.4854798,302.14,187.0348,171.5071,3.0,NB
2025-06-04 16:21:17.292,509,0.8868202,0.03465331,-0.01863787,-0.4604368,305.3773,186.4431,172.1948,3.0,NB
2025-06-04 16:21:17.326,510,0.8930691,0.03452982,-0.01857821,-0.4482081,306.9388,186.1264,172.5108,3.0,NB
2025-06-04 16:21:17.359,511,0.9078978,0.03332335,-0.01972869,-0.4173994,310.8349,185.5854,173.2392,3.0,NB
2025-06-04 16:21:17.398,512,0.9228045,0.03220904,-0.02123901,-0.383332,315.0805,185.1769,173.8607,3.0,NB
2025-06-04 16:21:17.430,513,0.9294928,0.03214205,-0.02151862,-0.3668068,317.1169,184.978,174.0829,3.0,NB
2025-06-04 16:21:17.465,514,0.9368205,0.03180046,-0.02201501,-0.3476661,319.4583,184.7826,174.3444,3.0,NB
2025-06-04 16:21:17.496,515,0.9456441,0.0310312,-0.02261317,-0.322929,322.4576,184.5434,174.6962,3.0,NB
2025-06-04 16:21:17.542,516,0.9548159,0.02944028,-0.02353531,-0.2947983,325.8355,184.3182,175.1403,3.0,NB
2025-06-04 16:21:17.576,517,0.9605169,0.02877848,-0.02441598,-0.2756505,328.1209,184.2391,175.3565,3.0,NB
2025-06-04 16:21:17.618,518,0.9673112,0.02831137,-0.02623843,-0.2506376,331.0921,184.2552,175.5498,3.0,NB
2025-06-04 16:21:17.651,519,0.9747551,0.02816169,-0.02825075,-0.2196852,334.7425,184.277,175.7316,3.0,NB
2025-06-04 16:21:17.696,520,0.9770278,0.02735144,-0.02891305,-0.2093626,335.9506,184.2673,175.8835,3.0,NB
2025-06-04 16:21:17.729,521,0.9852579,0.02563206,-0.03069148,-0.1663381,340.9618,184.1862,176.3172,3.0,NB
2025-06-04 16:21:17.775,522,0.9873986,0.02481103,-0.03081027,-0.15323,342.4781,184.1161,176.4866,3.0,NB
2025-06-04 16:21:17.808,523,0.990053,0.02441001,-0.03158939,-0.1349135,344.5974,184.1124,176.6189,3.0,NB
2025-06-04 16:21:17.852,524,0.9933771,0.0239842,-0.03270968,-0.1075043,347.7595,184.1159,176.7923,3.0,NB
2025-06-04 16:21:17.897,525,0.9957706,0.02346319,-0.03352195,-0.08226181,350.6622,184.1041,176.9651,3.0,NB
2025-06-04 16:21:17.929,526,0.9978964,0.02276001,-0.03521585,-0.04944484,354.429,184.1793,177.1834,3.0,NB
2025-06-04 16:21:17.975,527,0.9986719,0.02204384,-0.03647984,-0.02894611,356.7779,184.2585,177.3512,3.0,NB
2025-06-04 16:21:18.020,528,0.9990208,0.02161127,-0.03765844,-0.008522022,359.1176,184.3369,177.4881,3.0,NB
2025-06-04 16:21:18.052,529,0.998645,0.02073389,-0.03961663,0.02662778,3.142886,184.4816,177.7442,3.0,NB
2025-06-04 16:21:18.096,530,0.9983609,0.02052521,-0.04004586,0.03536822,4.144056,184.5147,177.8079,3.0,NB
2025-06-04 16:21:18.142,531,0.9961833,0.01956079,-0.04094217,0.07456527,8.636379,184.5631,178.0949,3.0,NB
2025-06-04 16:21:18.185,532,0.9948334,0.01948299,-0.0406708,0.09095524,10.51864,184.5138,178.1718,3.0,NB
2025-06-04 16:21:18.219,533,0.9922088,0.01873071,-0.04036161,0.1163696,13.44064,184.466,178.3635,3.0,NB
2025-06-04 16:21:18.264,534,0.9891149,0.01774113,-0.04034526,0.1403899,16.20978,184.4695,178.5817,3.0,NB
2025-06-04 16:21:18.308,535,0.9866154,0.01701785,-0.04073557,0.1569757,18.12769,184.5286,178.7464,3.0,NB
2025-06-04 16:21:18.352,536,0.9824447,0.01678361,-0.04056142,0.1813168,20.95465,184.5211,178.8791,3.0,NB
2025-06-04 16:21:18.385,537,0.9778439,0.01565302,-0.04081889,0.2047202,23.68116,184.5984,179.1304,3.0,NB
2025-06-04 16:21:18.429,538,0.9727648,0.01389217,-0.04038575,0.227826,26.38268,184.6254,179.4483,3.0,NB
2025-06-04 16:21:18.474,539,0.9688057,0.01312423,-0.04075236,0.244096,28.29639,184.7266,179.6398,3.0,NB
2025-06-04 16:21:18.519,540,0.9621437,0.01215827,-0.04114458,0.269145,31.25935,184.8739,179.9163,3.0,NB
2025-06-04 16:21:18.552,541,0.9553524,0.0104335,-0.04107338,0.2924145,34.02639,185.01,180.2825,3.0,NB
2025-06-04 16:21:18.596,542,0.952015,0.009620806,-0.0407139,0.303179,35.31317,185.04,180.4472,3.0,NB
2025-06-04 16:21:18.641,543,0.9408788,0.00860669,-0.04026176,0.3362327,39.30149,185.1882,180.8055,3.0,NB
2025-06-04 16:21:18.675,544,0.9319094,0.00717328,-0.03984739,0.3604244,42.24772,185.356,181.1885,3.0,NB
2025-06-04 16:21:18.719,545,0.929092,0.00692851,-0.0397651,0.3676396,43.1329,185.4094,181.2849,3.0,NB
2025-06-04 16:21:18.763,546,0.9177738,0.005773421,-0.03968289,0.395074,46.52172,185.6948,181.7288,3.0,NB
2025-06-04 16:21:18.807,547,0.9070264,0.004673103,-0.03952081,0.4191891,49.53483,185.9945,182.1773,3.0,NB
2025-06-04 16:21:18.839,548,0.8998424,0.004040699,-0.03916921,0.4344345,51.45891,186.1713,182.4616,3.0,NB
2025-06-04 16:21:18.882,549,0.8895167,0.003053198,-0.03890304,0.4552337,54.10699,186.5061,182.932,3.0,NB
2025-06-04 16:21:18.915,550,0.8782027,0.00157125,-0.03824139,0.4767552,56.87656,186.9022,183.5361,3.0,NB
2025-06-04 16:21:18.960,551,0.8743483,0.001193249,-0.03829721,0.4837842,57.78814,187.0924,183.7613,3.0,NB
2025-06-04 16:21:18.993,552,0.8559484,-0.0003842767,-0.03819494,0.5156487,61.97075,188.047,184.8888,3.0,NB
2025-06-04 16:21:19.039,553,0.8515148,-0.001165428,-0.03790013,0.5229579,62.93922,188.3116,185.2497,3.0,NB
2025-06-04 16:21:19.071,554,0.8283211,-0.002580512,-0.03710006,0.5590183,67.8047,189.8073,186.9566,3.0,NB
2025-06-04 16:21:19.115,555,0.823348,-0.003011689,-0.03686827,0.5663303,68.80437,190.2155,187.4243,3.0,NB
2025-06-04 16:21:19.149,556,0.8131618,-0.003475646,-0.037047,0.5808472,70.80202,191.2741,188.515,3.0,NB
2025-06-04 16:21:19.194,557,0.7960907,-0.004142997,-0.03780371,0.6039814,74.01515,193.6944,190.9399,3.0,NB
2025-06-04 16:21:19.227,558,0.7801999,-0.005246295,-0.03767082,0.6243731,76.87483,196.7208,194.0759,3.0,NB
2025-06-04 16:21:19.259,559,0.7613819,-0.00585108,-0.03742458,0.6471964,80.09319,202.0405,199.4723,3.0,NB
2025-06-04 16:21:19.305,560,0.748415,-0.006760206,-0.03721565,0.6621515,82.14827,208.2487,205.7749,3.0,NB
2025-06-04 16:21:19.338,561,0.7246219,-0.008329784,-0.03764147,0.6880677,85.23967,232.6985,230.3212,3.0,NB
2025-06-04 16:21:19.371,562,0.7071375,-0.008132562,-0.03726659,0.7060466,86.31979,269.8046,267.4425,3.0,NB
2025-06-04 16:21:19.415,563,0.7003858,-0.00912932,-0.03788,0.7127004,86.06174,285.8449,283.5138,3.0,NB
2025-06-04 16:21:19.449,564,0.674373,-0.001358585,-0.02814496,0.7378531,84.32563,336.1591,333.9858,3.0,NB
2025-06-04 16:21:19.493,565,0.6521965,-0.01192964,-0.03848986,0.7569784,80.56731,335.3836,333.224,3.0,NB
2025-06-04 16:21:19.526,566,0.6305034,-0.0142485,-0.03958111,0.7750458,77.47726,340.6065,338.5414,3.0,NB
2025-06-04 16:21:19.560,567,0.6135507,-0.01562159,-0.04072161,0.78845,75.06879,343.1695,341.1182,3.0,NB
2025-06-04 16:21:19.605,568,0.5844408,-0.01860641,-0.04180679,0.8101451,70.98051,345.9683,344.0621,3.0,NB
2025-06-04 16:21:19.638,569,0.5638145,-0.02063279,-0.04243033,0.8245528,68.13113,347.3028,345.5039,3.0,NB
2025-06-04 16:21:19.682,570,0.5387605,-0.02249665,-0.04285804,0.8410674,64.73444,348.6466,346.9557,3.0,NB
2025-06-04 16:21:19.715,571,0.5110373,-0.02458322,-0.04287485,0.8581366,61.04162,349.7672,348.2364,3.0,NB
2025-06-04 16:21:19.749,572,0.4972877,-0.02514752,-0.04255663,0.8661765,59.24226,350.3315,348.8684,3.0,NB
2025-06-04 16:21:19.794,573,0.4653447,-0.0272963,-0.04195042,0.8837135,55.10207,351.2242,349.9795,3.0,NB
2025-06-04 16:21:19.828,574,0.4349633,-0.02943035,-0.04092643,0.8990362,51.23186,351.873,350.8854,3.0,NB
2025-06-04 16:21:19.874,575,0.4130667,-0.03050347,-0.03980669,0.9093189,48.48569,352.339,351.5328,3.0,NB
2025-06-04 16:21:19.908,576,0.3775531,-0.03180345,-0.03778214,0.9246702,44.09266,353.0147,352.4886,3.0,NB
2025-06-04 16:21:19.953,577,0.3488635,-0.03299218,-0.03585123,0.9359064,40.58997,353.4389,353.1839,3.0,NB
2025-06-04 16:21:19.985,578,0.311896,-0.03374784,-0.0340306,0.9489068,36.13029,353.9394,353.9137,3.0,NB
2025-06-04 16:21:20.030,579,0.2820331,-0.03386045,-0.03295112,0.9582407,32.56659,354.3153,354.3993,3.0,NB
2025-06-04 16:21:20.076,580,0.2562918,-0.03342926,-0.03167413,0.965502,29.52365,354.6728,354.8374,3.0,NB
2025-06-04 16:21:20.119,581,0.1967168,-0.03151985,-0.02761121,0.9795646,22.56014,355.4901,355.8708,3.0,NB
2025-06-04 16:21:20.153,582,0.1613203,-0.02998085,-0.02569992,0.9861118,18.45856,355.9241,356.3517,3.0,NB
2025-06-04 16:21:20.198,583,0.1496883,-0.02945207,-0.02567044,0.9879612,17.1132,356.0474,356.4283,3.0,NB
2025-06-04 16:21:20.243,584,0.097091,-0.02646703,-0.0237472,0.9946402,11.06276,356.6551,356.9406,3.0,NB
2025-06-04 16:21:20.275,585,0.05365263,-0.02377831,-0.02281762,0.9980158,6.085199,357.1229,357.2276,3.0,NB
2025-06-04 16:21:20.320,586,0.02032322,-0.02102831,-0.02231246,0.9993234,2.274124,357.5373,357.393,3.0,NB
2025-06-04 16:21:20.353,587,-0.009265225,-0.01852876,-0.02169337,0.9995502,358.8926,357.8999,357.5337,3.0,NB
2025-06-04 16:21:20.398,588,-0.03153467,-0.01629093,-0.02033024,0.9991633,356.349,358.2043,357.7259,3.0,NB
2025-06-04 16:21:20.443,589,-0.07801321,-0.01755089,-0.01102826,0.9967369,351.0308,358.07,358.8835,3.0,NB
2025-06-04 16:21:20.477,590,-0.1051349,-0.02171295,-0.00117759,0.9942205,347.9301,357.484,0.1303072,3.0,NB
2025-06-04 16:21:20.489,591,-0.1314012,-0.02514633,0.008759547,0.9909717,344.9306,356.9047,1.422403,3.0,NB
2025-06-04 16:21:20.554,592,-0.1310352,-0.02588562,0.00981532,0.9909912,344.9773,356.8022,1.556694,3.0,NB
2025-06-04 16:21:20.599,593,-0.1678097,-0.03315932,0.0273018,0.9848833,340.808,355.4768,3.94086,3.0,NB
2025-06-04 16:21:20.632,594,-0.1951868,-0.04067664,0.0430123,0.9789779,337.7488,354.0193,6.208613,3.0,NB
2025-06-04 16:21:20.677,595,-0.2052392,-0.04520367,0.05093485,0.9763396,336.6616,353.1711,7.384704,3.0,NB
2025-06-04 16:21:20.711,596,-0.2350771,-0.05522189,0.07102415,0.9678042,333.4375,350.9768,10.52851,3.0,NB
2025-06-04 16:21:20.723,597,-0.2434046,-0.05844996,0.07777414,0.9650332,332.568,350.226,11.60625,3.0,NB
2025-06-04 16:21:20.789,598,-0.2549706,-0.06424087,0.08926541,0.9606743,331.4178,348.9073,13.45123,3.0,NB
2025-06-04 16:21:20.834,599,-0.2780367,-0.0753016,0.1088283,0.9514105,329.1586,346.2687,16.85538,3.0,NB
2025-06-04 16:21:20.864,600,-0.3000747,-0.08743313,0.1308223,0.9408488,327.1956,343.1931,20.81201,3.0,NB
2025-06-04 16:21:20.877,601,-0.3138605,-0.09517004,0.1444348,0.9335808,326.0453,341.1234,23.39977,3.0,NB
2025-06-04 16:21:20.944,602,-0.3222908,-0.09934574,0.1538205,0.9287618,325.3822,339.8356,25.15096,3.0,NB
2025-06-04 16:21:20.988,603,-0.3495319,-0.1168083,0.1831339,0.9113975,323.5343,334.9163,31.10578,3.0,NB
2025-06-04 16:21:21.019,604,-0.3680355,-0.1304367,0.2048132,0.8975455,322.6107,331.0241,35.70255,3.0,NB
2025-06-04 16:21:21.053,605,-0.3835461,-0.1426399,0.2243048,0.8844399,322.0875,327.4593,39.91081,3.0,NB
2025-06-04 16:21:21.098,606,-0.3894964,-0.1477741,0.2316675,0.8790824,321.9514,326.007,41.56015,3.0,NB
2025-06-04 16:21:21.131,607,-0.4181521,-0.1725269,0.2655831,0.8513806,321.6566,318.8713,49.51324,3.0,NB
2025-06-04 16:21:21.165,608,-0.4263099,-0.179878,0.275175,0.8427234,321.7184,316.7558,51.83327,3.0,NB
2025-06-04 16:21:21.209,609,-0.4379655,-0.1914629,0.2897942,0.8291849,322.0235,313.5453,55.32922,3.0,NB
2025-06-04 16:21:21.244,610,-0.4578967,-0.2111036,0.3112896,0.8055215,322.6803,308.1756,60.89228,3.0,NB
2025-06-04 16:21:21.277,611,-0.4720301,-0.2243757,0.3255702,0.7879387,323.2903,304.4665,64.71726,3.0,NB
2025-06-04 16:21:21.324,612,-0.488505,-0.2323691,0.3417678,0.7684806,323.7023,300.9701,68.97807,3.0,NB
2025-06-04 16:21:21.353,613,-0.5000014,-0.2340614,0.3557464,0.7540947,324.0157,298.8488,72.23535,3.0,NB
2025-06-04 16:21:21.397,614,-0.5046889,-0.2337203,0.3615173,0.7483109,324.1022,298.0822,73.56505,3.0,NB
2025-06-04 16:21:21.430,615,-0.5251973,-0.2343132,0.3894089,0.7194622,325.0241,294.4027,79.80319,3.0,NB
2025-06-04 16:21:21.464,616,-0.5294618,-0.23406,0.3971234,0.7121653,325.3733,293.6256,81.33815,3.0,NB
2025-06-04 16:21:21.508,617,-0.5400934,-0.2321387,0.4159539,0.6938251,326.1967,291.8173,85.12868,3.0,NB
2025-06-04 16:21:21.542,618,-0.5560086,-0.2256975,0.4450257,0.6647312,327.4313,289.393,90.97814,3.0,NB
2025-06-04 16:21:21.576,619,-0.5654829,-0.219473,0.4640904,0.6455083,328.2417,288.0972,94.74266,3.0,NB
2025-06-04 16:21:21.621,620,-0.579339,-0.2079816,0.4945979,0.6135823,329.6547,286.3004,100.7197,3.0,NB
2025-06-04 16:21:21.653,621,-0.5895296,-0.1958636,0.5214307,0.5849809,330.9568,285.1297,105.8564,3.0,NB
2025-06-04 16:21:21.699,622,-0.5942249,-0.1893214,0.5341234,0.5707595,331.5705,284.6295,108.345,3.0,NB
2025-06-04 16:21:21.731,623,-0.6113625,-0.1635131,0.5786049,0.5145054,333.9038,282.8023,117.6741,3.0,NB
2025-06-04 16:21:21.776,624,-0.6158804,-0.156945,0.5884487,0.4997877,334.4746,282.2923,119.9973,3.0,NB
2025-06-04 16:21:21.821,625,-0.6304462,-0.1270129,0.6296642,0.435808,337.0731,280.8147,129.6654,3.0,NB
2025-06-04 16:21:21.855,626,-0.6386425,-0.1082633,0.6518078,0.3944128,338.7374,279.9377,135.5647,3.0,NB
2025-06-04 16:21:21.899,627,-0.6450337,-0.09600112,0.6646046,0.3647139,339.9464,279.1532,139.6158,3.0,NB
2025-06-04 16:21:21.943,628,-0.6541647,-0.07578635,0.683957,0.3138917,342.1212,278.012,146.2652,3.0,NB
2025-06-04 16:21:21.975,629,-0.661846,-0.05853363,0.6987487,0.2651117,344.3878,276.9817,152.2811,3.0,NB
2025-06-04 16:21:22.020,630,-0.6658303,-0.0528115,0.7027992,0.2448559,345.414,276.3932,154.6403,3.0,NB
2025-06-04 16:21:22.064,631,-0.6716244,-0.0438608,0.711585,0.2016033,347.9724,275.5148,159.2927,3.0,NB
2025-06-04 16:21:22.097,632,-0.6765803,-0.03838721,0.7163549,0.1661373,350.2231,274.7457,162.8878,3.0,NB
2025-06-04 16:21:22.141,633,-0.6815966,-0.03605066,0.7179127,0.1368506,352.2534,273.9498,165.6467,3.0,NB
2025-06-04 16:21:22.175,634,-0.6871229,-0.03329115,0.719303,0.09673388,355.1215,273.0784,169.3048,3.0,NB
2025-06-04 16:21:22.219,635,-0.6901948,-0.03426287,0.717747,0.0854204,356.059,272.5804,170.1936,3.0,NB
2025-06-04 16:21:22.264,636,-0.6955402,-0.03427444,0.7164133,0.04244512,359.4308,271.7249,173.7711,3.0,NB
2025-06-04 16:21:22.297,637,-0.6981182,-0.03578722,0.7147843,0.02082834,1.265136,271.3011,175.4251,3.0,NB
2025-06-04 16:21:22.343,638,-0.6993905,-0.03939835,0.7136327,-0.005404639,3.657485,271.068,177.2779,3.0,NB
2025-06-04 16:21:22.376,639,-0.6970991,-0.04399638,0.7149974,-0.02993669,6.007131,271.3963,178.9324,3.0,NB
2025-06-04 16:21:22.419,640,-0.6931894,-0.04676126,0.7174945,-0.05003699,7.843753,272.0018,180.4033,3.0,NB
2025-06-04 16:21:22.464,641,-0.6873378,-0.04822607,0.7199152,-0.08344663,10.61154,272.944,183.1409,3.0,NB
2025-06-04 16:21:22.497,642,-0.6830817,-0.04725673,0.7208079,-0.1077138,12.43199,273.6596,185.3304,3.0,NB
2025-06-04 16:21:22.542,643,-0.6786687,-0.04515231,0.7212142,-0.1312262,14.07827,274.4193,187.5829,3.0,NB
2025-06-04 16:21:22.588,644,-0.6715244,-0.04064624,0.7209095,-0.1664106,16.3857,275.6712,191.139,3.0,NB
2025-06-04 16:21:22.621,645,-0.6648203,-0.03366758,0.7191057,-0.1994183,18.27486,276.8808,194.7674,3.0,NB
2025-06-04 16:21:22.665,646,-0.658141,-0.02379926,0.7151222,-0.2342743,20.02375,278.1114,198.8617,3.0,NB
2025-06-04 16:21:22.710,647,-0.6533082,-0.01521993,0.7105882,-0.2608093,21.24814,279.0071,202.108,3.0,NB
2025-06-04 16:21:22.742,648,-0.645964,-0.0003912114,0.7009574,-0.3023069,23.0234,280.357,207.3832,3.0,NB
2025-06-04 16:21:22.787,649,-0.6399435,0.01176071,0.693081,-0.3316217,24.0878,281.4142,211.3333,3.0,NB
2025-06-04 16:21:22.833,650,-0.6328976,0.02631373,0.6819058,-0.3657223,25.28002,282.6159,216.0462,3.0,NB
2025-06-04 16:21:22.877,651,-0.6221641,0.0488681,0.6611969,-0.4163444,26.965,284.3598,223.3106,3.0,NB
2025-06-04 16:21:22.909,652,-0.6088874,0.0751534,0.6341577,-0.4705874,28.53863,286.3443,231.5897,3.0,NB
2025-06-04 16:21:22.954,653,-0.6042041,0.08345897,0.6253746,-0.4867019,28.9305,287.004,234.1715,3.0,NB
2025-06-04 16:21:22.999,654,-0.5939081,0.1006228,0.6049476,-0.5207561,29.78979,288.425,239.7367,3.0,NB
2025-06-04 16:21:23.043,655,-0.5757282,0.1277549,0.5676867,-0.5744106,31.08835,290.8235,248.9594,3.0,NB
2025-06-04 16:21:23.087,656,-0.5657744,0.1406802,0.5483508,-0.5995165,31.60753,292.0857,253.5214,3.0,NB
2025-06-04 16:21:23.131,657,-0.5528001,0.1540692,0.5245618,-0.6288956,32.25373,293.8055,258.9903,3.0,NB
2025-06-04 16:21:23.176,658,-0.5392569,0.1661748,0.4990734,-0.6576579,32.91718,295.6347,264.549,3.0,NB
2025-06-04 16:21:23.210,659,-0.5194688,0.1795246,0.4644253,-0.6944296,33.69125,298.4085,271.9921,3.0,NB
2025-06-04 16:21:23.254,660,-0.5135435,0.1805088,0.4578843,-0.702874,33.82156,299.3643,273.6736,3.0,NB
2025-06-04 16:21:23.298,661,-0.5045782,0.1833605,0.4451706,-0.716661,34.0537,300.7457,276.5458,3.0,NB
2025-06-04 16:21:23.342,662,-0.4813997,0.1875195,0.4140703,-0.7494242,34.48932,304.4436,283.5849,3.0,NB
2025-06-04 16:21:23.390,663,-0.4684851,0.1856211,0.4017347,-0.764641,34.56251,306.6986,286.8176,3.0,NB
2025-06-04 16:21:23.432,664,-0.4551438,0.1841427,0.3888997,-0.7795466,34.49855,308.9305,290.0984,3.0,NB
2025-06-04 16:21:23.477,665,-0.4391859,0.1807314,0.3746979,-0.7962749,34.3319,311.6598,293.8146,3.0,NB
2025-06-04 16:21:23.509,666,-0.418565,0.1715539,0.3575747,-0.8170148,34.14303,315.5426,298.4191,3.0,NB
2025-06-04 16:21:23.553,667,-0.4123439,0.1651357,0.3519305,-0.8239223,34.28057,317.1115,299.9272,3.0,NB
2025-06-04 16:21:23.599,668,-0.3989036,0.1536641,0.33972,-0.8377672,34.33086,320.2089,303.0971,3.0,NB
2025-06-04 16:21:23.642,669,-0.3713349,0.1326253,0.3126789,-0.8641487,33.97553,326.1908,309.6075,3.0,NB
2025-06-04 16:21:23.687,670,-0.3540255,0.1187585,0.2956688,-0.8792852,33.52853,329.8898,313.5637,3.0,NB
2025-06-04 16:21:23.733,671,-0.3336375,0.104309,0.2763034,-0.8952443,32.66541,333.8411,317.9063,3.0,NB
2025-06-04 16:21:23.776,672,-0.3190487,0.09402515,0.2625442,-0.9057803,31.91122,336.546,320.8781,3.0,NB
2025-06-04 16:21:23.819,673,-0.2855914,0.07499769,0.2301258,-0.9272837,29.67837,341.8576,327.2804,3.0,NB
2025-06-04 16:21:23.864,674,-0.2715977,0.06838043,0.2174215,-0.9350331,28.56601,343.7355,329.6526,3.0,NB
2025-06-04 16:21:23.920,675,-0.2495252,0.05940531,0.1973006,-0.9461929,26.66393,346.3509,333.1938,3.0,NB
2025-06-04 16:21:23.964,676,-0.2272003,0.05113776,0.1767718,-0.9563039,24.61163,348.7008,336.5818,3.0,NB
2025-06-04 16:21:24.008,677,-0.2012157,0.0424084,0.1543452,-0.9663806,22.07443,351.0556,340.1033,3.0,NB
2025-06-04 16:21:24.053,678,-0.186822,0.03922486,0.141821,-0.9713115,20.59738,352.0672,341.9422,3.0,NB
2025-06-04 16:21:24.098,679,-0.1629974,0.03435898,0.1232122,-0.9782997,18.08657,353.5131,344.6098,3.0,NB
2025-06-04 16:21:24.142,680,-0.1350942,0.02793986,0.1047217,-0.9848871,15.08509,355.049,347.2053,3.0,NB
2025-06-04 16:21:24.186,681,-0.1136084,0.02314977,0.09049816,-0.9891247,12.74167,356.0989,349.109,3.0,NB
2025-06-04 16:21:24.231,682,-0.09629025,0.02002534,0.08103613,-0.991847,10.82237,356.7707,350.3524,3.0,NB
2025-06-04 16:21:24.275,683,-0.07029749,0.01596724,0.06856501,-0.9950389,7.915231,357.6035,351.9505,3.0,NB
2025-06-04 16:21:24.320,684,-0.04536206,0.01344748,0.0578773,-0.997202,5.101114,358.1549,353.2744,3.0,NB
2025-06-04 16:21:24.364,685,-0.01652486,0.01124359,0.04610336,-0.9987368,1.832129,358.6251,354.692,3.0,NB
2025-06-04 16:21:24.409,686,0.01506705,0.01003012,0.03495416,-0.9992251,358.2343,358.9113,356.0099,3.0,NB
2025-06-04 16:21:24.464,687,0.04510348,0.01036478,0.0249761,-0.9986165,354.8019,358.9386,357.1828,3.0,NB
2025-06-04 16:21:24.497,688,0.09181733,0.01137282,0.02153806,-0.9954781,349.4383,358.9108,357.6218,3.0,NB
2025-06-04 16:21:24.553,689,0.1262749,0.01212868,0.02082873,-0.9917025,345.4657,358.8874,357.7355,3.0,NB
2025-06-04 16:21:24.597,690,0.1604304,0.0127389,0.02090798,-0.9867436,341.5099,358.8864,357.7536,3.0,NB
2025-06-04 16:21:24.631,691,0.1969781,0.01336401,0.02066887,-0.980099,337.2527,358.8783,357.8094,3.0,NB
2025-06-04 16:21:24.674,692,0.2113007,0.01347535,0.02120396,-0.9770984,335.5755,358.9067,357.7503,3.0,NB
2025-06-04 16:21:24.720,693,0.2332478,0.01363985,0.02215749,-0.9720693,332.9949,358.9594,357.6383,3.0,NB
2025-06-04 16:21:24.763,694,0.2657875,0.01363382,0.02209431,-0.9636821,329.1447,359.03,357.6409,3.0,NB
2025-06-04 16:21:24.808,695,0.2856969,0.01333535,0.02204017,-0.9579738,326.7723,359.1125,357.6288,3.0,NB
2025-06-04 16:21:24.852,696,0.3025473,0.01379768,0.02155577,-0.9527908,324.7515,359.0704,357.7033,3.0,NB
2025-06-04 16:21:24.897,697,0.3252147,0.01454357,0.0209757,-0.9452958,322.0148,358.9929,357.8043,3.0,NB
2025-06-04 16:21:24.941,698,0.3568476,0.01539557,0.02030283,-0.9338153,318.1576,358.903,357.9283,3.0,NB
2025-06-04 16:21:24.984,699,0.3729464,0.01550514,0.0198867,-0.9275103,316.1765,358.8938,357.9884,3.0,NB
2025-06-04 16:21:25.029,700,0.3954607,0.01621246,0.02053019,-0.9181104,313.3796,358.8711,357.9244,3.0,NB
2025-06-04 16:21:25.074,701,0.4072438,0.01648351,0.02089364,-0.9129317,311.9044,358.8779,357.8786,3.0,NB
2025-06-04 16:21:25.118,702,0.4244618,0.0163711,0.02136368,-0.9050459,309.7346,358.9694,357.7791,3.0,NB
2025-06-04 16:21:25.148,703,0.4586808,0.01660751,0.02169598,-0.888181,305.3628,359.0498,357.6922,3.0,NB
2025-06-04 16:21:25.193,704,0.4652371,0.01606353,0.02370037,-0.8847232,304.5155,359.3558,357.2698,3.0,NB
2025-06-04 16:21:25.226,705,0.4865158,0.01652557,0.02456128,-0.8731703,301.7411,359.4597,357.0786,3.0,NB
2025-06-04 16:21:25.259,706,0.5094838,0.01704526,0.02457591,-0.8599604,298.7044,359.4901,357.0282,3.0,NB
2025-06-04 16:21:25.292,707,0.5270718,0.01745295,0.02489979,-0.8492767,296.3463,359.5615,356.9135,3.0,NB
2025-06-04 16:21:25.326,708,0.5358667,0.01761481,0.02484244,-0.8437533,295.156,359.5821,356.8925,3.0,NB
2025-06-04 16:21:25.359,709,0.5647799,0.01830744,0.02450247,-0.8246746,291.1853,359.6007,356.8698,3.0,NB
2025-06-04 16:21:25.392,710,0.5940369,0.01890299,0.02471088,-0.8038361,287.0692,359.7987,356.6272,3.0,NB
2025-06-04 16:21:25.425,711,0.6079865,0.01881746,0.02436649,-0.7933504,285.0699,359.9496,356.5202,3.0,NB
2025-06-04 16:21:25.459,712,0.6318212,0.01936045,0.02335991,-0.7745203,281.587,359.8655,356.6546,3.0,NB
2025-06-04 16:21:25.492,713,0.6470006,0.008987073,0.03104519,-0.7618044,279.4834,9.248461,347.4962,3.0,NB
2025-06-04 16:21:25.528,714,0.6495336,0.00378803,0.03506476,-0.7595146,279.2751,14.2954,342.5457,3.0,NB
2025-06-04 16:21:25.559,715,0.6557351,-0.01200748,0.04533086,-0.7535335,279.1958,29.0282,328.2627,3.0,NB
2025-06-04 16:21:25.592,716,0.6613231,-0.0272843,0.05480485,-0.7475987,279.661,42.45658,315.3054,3.0,NB
2025-06-04 16:21:25.626,717,0.663667,-0.03571239,0.0597127,-0.7447854,280.1616,48.65675,309.3908,3.0,NB
2025-06-04 16:21:25.659,718,0.669732,-0.05576676,0.07099713,-0.7370948,281.6517,61.39338,297.3661,3.0,NB
2025-06-04 16:21:25.693,719,0.6731268,-0.07082216,0.07887946,-0.7318898,283.0594,68.23972,291.1031,3.0,NB
2025-06-04 16:21:25.737,720,0.675438,-0.08433214,0.08592731,-0.7275221,284.4653,72.92545,286.9443,3.0,NB
2025-06-04 16:21:25.770,721,0.6794289,-0.1106372,0.09949178,-0.7184966,287.3848,79.92448,280.9891,3.0,NB
2025-06-04 16:21:25.803,722,0.680268,-0.1172517,0.1024841,-0.7162296,288.1171,81.31135,279.9004,3.0,NB
2025-06-04 16:21:25.837,723,0.6817866,-0.140656,0.1138062,-0.7088239,290.8496,85.04105,277.1712,3.0,NB
2025-06-04 16:21:25.870,724,0.6824704,-0.1593446,0.1220683,-0.7028109,293.0164,87.40726,275.6755,3.0,NB
2025-06-04 16:21:25.904,725,0.6826917,-0.1703173,0.1280727,-0.6989432,294.3978,88.63384,274.8688,3.0,NB
2025-06-04 16:21:25.937,726,0.6815398,-0.1897942,0.1382505,-0.6930863,296.8422,90.13152,274.1632,3.0,NB
2025-06-04 16:21:25.970,727,0.6777797,-0.2179319,0.1519038,-0.6855989,300.3267,91.56146,273.9839,3.0,NB
2025-06-04 16:21:26.004,728,0.675724,-0.2313191,0.157757,-0.6819102,301.9423,92.19058,274.0124,3.0,NB
2025-06-04 16:21:26.036,729,0.6706637,-0.2571472,0.1702438,-0.6746131,305.1825,93.16666,274.2256,3.0,NB
2025-06-04 16:21:26.070,730,0.6644421,-0.2800417,0.1820556,-0.6685429,308.1451,93.69573,274.7126,3.0,NB
2025-06-04 16:21:26.104,731,0.6611061,-0.2913984,0.1884812,-0.6652074,309.6732,93.94739,274.9267,3.0,NB
2025-06-04 16:21:26.146,732,0.6498131,-0.3225795,0.2056856,-0.6567945,313.8722,94.35511,275.8694,3.0,NB
2025-06-04 16:21:26.181,733,0.6403923,-0.3456123,0.2181756,-0.6502687,316.9963,94.63536,276.6426,3.0,NB
2025-06-04 16:21:26.216,734,0.6254731,-0.3772154,0.2364169,-0.6407802,321.4482,94.91588,277.7738,3.0,NB
2025-06-04 16:21:26.249,735,0.615887,-0.3940927,0.2479606,-0.6355233,324.0286,94.90872,278.4123,3.0,NB
2025-06-04 16:21:26.293,736,0.5970099,-0.4252285,0.2676889,-0.6253822,328.7307,94.99897,279.6884,3.0,NB
2025-06-04 16:21:26.327,737,0.5789625,-0.4510931,0.2858324,-0.616131,332.899,94.98569,280.7605,3.0,NB
2025-06-04 16:21:26.371,738,0.5606226,-0.4741325,0.3039389,-0.6070601,336.8931,94.87714,281.7082,3.0,NB
2025-06-04 16:21:26.406,739,0.536621,-0.5016376,0.3263643,-0.5948818,341.8794,94.78044,282.8302,3.0,NB
2025-06-04 16:21:26.451,740,0.5111388,-0.5271841,0.3499987,-0.5816487,346.9631,94.61414,283.8055,3.0,NB
2025-06-04 16:21:26.494,741,0.4877774,-0.548577,0.3710496,-0.5687343,351.5044,94.50748,284.5693,3.0,NB
2025-06-04 16:21:26.538,742,0.4609081,-0.5700061,0.3953405,-0.5535006,356.587,94.29082,285.2485,3.0,NB
2025-06-04 16:21:26.582,743,0.4231945,-0.597218,0.4315679,-0.5272442,3.969563,94.1115,285.6618,3.0,NB
2025-06-04 16:21:26.616,744,0.4034007,-0.6106492,0.4507493,-0.5110782,7.941435,94.12534,285.7109,3.0,NB
2025-06-04 16:21:26.660,745,0.3847602,-0.6231153,0.4691575,-0.4935366,11.82316,94.25526,285.6296,3.0,NB
2025-06-04 16:21:26.707,746,0.3604171,-0.6383866,0.4923705,-0.469184,16.88439,94.48791,285.4766,3.0,NB
2025-06-04 16:21:26.749,747,0.3359922,-0.6516911,0.5146933,-0.4444087,21.85175,94.64627,285.2672,3.0,NB
2025-06-04 16:21:26.794,748,0.3249868,-0.6578003,0.5249199,-0.4314415,24.21484,94.82015,285.1066,3.0,NB
2025-06-04 16:21:26.838,749,0.303607,-0.6688119,0.5436742,-0.4061179,28.72663,95.16689,284.8322,3.0,NB
2025-06-04 16:21:26.883,750,0.2784654,-0.6830516,0.5634683,-0.3720235,34.23331,96.12441,284.709,3.0,NB
2025-06-04 16:21:26.939,751,0.2644267,-0.6923149,0.5718208,-0.3518521,37.27792,97.10667,285.019,3.0,NB
2025-06-04 16:21:26.984,752,0.2409606,-0.70308,0.5888132,-0.3176722,42.44426,98.16205,284.9584,3.0,NB
2025-06-04 16:21:27.027,753,0.228074,-0.7099338,0.5965048,-0.2969148,45.35879,99.17559,285.2082,3.0,NB
2025-06-04 16:21:27.069,754,0.2145078,-0.716572,0.6039373,-0.2752652,48.36877,100.317,285.5857,3.0,NB
2025-06-04 16:21:27.112,755,0.2035601,-0.7217054,0.6095044,-0.2573115,50.8058,101.3705,285.9949,3.0,NB
2025-06-04 16:21:27.153,756,0.1945271,-0.7261845,0.6135493,-0.2416045,52.85431,102.4683,286.4933,3.0,NB
2025-06-04 16:21:27.195,757,0.1829236,-0.7338791,0.6163638,-0.2192171,55.53511,104.75,287.8293,3.0,NB
2025-06-04 16:21:27.239,758,0.1710876,-0.7410796,0.6182704,-0.1981716,58.05601,107.2548,289.5377,3.0,NB
2025-06-04 16:21:27.272,759,0.1579232,-0.7471769,0.6206942,-0.1775553,60.62833,109.8353,291.4798,3.0,NB
2025-06-04 16:21:27.316,760,0.1538474,-0.7497347,0.6205139,-0.1708556,61.38648,110.9897,292.412,7.0,NB
2025-06-04 16:21:27.348,761,0.1409036,-0.7566608,0.6209025,-0.1486304,63.86255,114.7998,295.4426,7.0,NB
2025-06-04 16:21:27.394,762,0.1372138,-0.7579694,0.6213962,-0.1432539,64.51337,115.7128,296.2146,7.0,NB
2025-06-04 16:21:27.427,763,0.1278621,-0.7648538,0.6186658,-0.1261064,66.08234,119.9981,299.8526,7.0,NB
2025-06-04 16:21:27.472,764,0.1184623,-0.7696586,0.6175535,-0.1105444,67.58107,123.9189,303.2649,7.0,NB
2025-06-04 16:21:27.504,765,0.1119801,-0.7740582,0.6153533,-0.09815726,68.53716,127.6317,306.4917,7.0,NB
2025-06-04 16:21:27.538,766,0.1021713,-0.7798593,0.6121678,-0.08143252,69.74634,133.26,311.5529,7.0,NB
2025-06-04 16:21:27.582,767,0.09281962,-0.7843582,0.6094322,-0.06898724,70.59947,138.2107,316.2515,7.0,NB
2025-06-04 16:21:27.615,768,0.0831136,-0.7892386,0.6060716,-0.05358961,71.39889,144.4771,322.0527,7.0,NB
2025-06-04 16:21:27.648,769,0.08048813,-0.792109,0.6030992,-0.0485438,71.37447,146.9913,324.3681,7.0,NB
2025-06-04 16:21:27.693,770,0.07365268,-0.7972439,0.5978807,-0.03894035,71.36565,151.9691,329.1185,7.0,NB
2025-06-04 16:21:27.726,771,0.06248441,-0.8040698,0.5907764,-0.0234745,71.28336,159.6522,336.4482,7.0,NB
2025-06-04 16:21:27.772,772,0.0533945,-0.809681,0.5842668,-0.01408271,70.84518,164.9505,341.7196,7.0,NB
2025-06-04 16:21:27.805,773,0.04657506,-0.8151259,0.5773681,-0.006829629,70.15581,168.9754,345.7055,7.0,NB
2025-06-04 16:21:27.837,774,0.03550363,-0.8211011,0.5696366,0.006840106,69.38119,175.2411,351.7532,7.0,NB
2025-06-04 16:21:27.870,775,0.02765416,-0.8246386,0.5647467,0.01636494,68.80077,179.3274,355.6981,7.0,NB
2025-06-04 16:21:27.915,776,0.02238934,-0.8280212,0.5599123,0.01944581,68.14194,181.0975,357.6445,7.0,NB
2025-06-04 16:21:27.949,777,0.02160519,-0.8435303,0.5362158,0.02151301,64.89853,181.7728,358.1929,7.0,NB
2025-06-04 16:21:27.993,778,0.0223905,-0.8540929,0.5192525,0.02002435,62.60759,181.3641,357.8261,7.0,NB
2025-06-04 16:21:28.026,779,0.02285499,-0.8701066,0.491996,0.01822714,58.98261,181.0263,357.5712,7.0,NB
2025-06-04 16:21:28.059,780,0.02331156,-0.8810316,0.4721625,0.01740111,56.38654,180.8951,357.4485,7.0,NB
2025-06-04 16:21:28.104,781,0.02354015,-0.894146,0.4468744,0.01588382,53.11956,180.7032,357.3354,7.0,NB
2025-06-04 16:21:28.138,782,0.02384761,-0.9038709,0.4268765,0.01501201,50.56977,180.6115,357.2662,7.0,NB
2025-06-04 16:21:28.184,783,0.02404204,-0.9123313,0.4085035,0.01409746,48.25012,180.5232,357.2153,7.0,NB
2025-06-04 16:21:28.219,784,0.02419632,-0.9211829,0.3881623,0.01291809,45.70568,180.4115,357.1642,7.0,NB
2025-06-04 16:21:28.263,785,0.02430398,-0.9287931,0.3696225,0.01149234,43.40606,180.2667,357.1083,7.0,NB
2025-06-04 16:21:28.301,786,0.02522953,-0.9361383,0.350556,0.01091833,41.06301,180.2092,356.9908,7.0,NB
2025-06-04 16:21:28.342,787,0.02521906,-0.9414516,0.3360567,0.009951983,39.29136,180.1324,356.9784,7.0,NB
2025-06-04 16:21:28.387,788,0.02565251,-0.9484171,0.3158502,0.009275981,36.84063,180.0995,356.9345,7.0,NB
2025-06-04 16:21:28.419,789,0.02568717,-0.9543968,0.2973253,0.008041633,34.60711,180.0052,356.9182,7.0,NB
2025-06-04 16:21:28.464,790,0.0264554,-0.9609745,0.2752752,0.007199048,31.96801,179.9508,356.832,7.0,NB
2025-06-04 16:21:28.509,791,0.02670608,-0.9651994,0.2600788,0.005999255,30.15734,179.8469,356.7889,7.0,NB
2025-06-04 16:21:28.542,792,0.02659347,-0.9697948,0.2424224,0.004740291,28.06363,179.7598,356.7985,7.0,NB
2025-06-04 16:21:28.586,793,0.02670079,-0.9751979,0.2196987,0.002981559,25.38246,179.6248,356.7788,7.0,NB
2025-06-04 16:21:28.631,794,0.0264886,-0.9784356,0.2048432,0.001324474,23.63581,179.4834,356.7904,7.0,NB
2025-06-04 16:21:28.664,795,0.02716614,-0.9825071,0.1842337,9.376556e-06,21.22444,179.3859,356.7173,7.0,NB
2025-06-04 16:21:28.709,796,0.02689621,-0.9861956,0.1633712,-0.002172713,18.79088,179.2087,356.7446,7.0,NB
2025-06-04 16:21:28.742,797,0.02691101,-0.98901,0.1453355,-0.003551736,16.69551,179.1118,356.7524,7.0,NB
2025-06-04 16:21:28.786,798,0.02672541,-0.9918828,0.1242085,-0.005177996,14.24825,179.0003,356.7882,7.0,NB
2025-06-04 16:21:28.830,799,0.02702439,-0.9939768,0.1060159,-0.006365609,12.14642,178.9225,356.7706,7.0,NB
2025-06-04 16:21:28.864,800,0.02713063,-0.9967679,0.07525235,-0.007402662,8.604708,178.9081,356.7996,7.0,NB
2025-06-04 16:21:28.908,801,0.02698242,-0.9982435,0.0521749,-0.007744486,5.955069,178.9471,356.8486,7.0,NB
2025-06-04 16:21:28.942,802,0.02649107,-0.9993932,0.02087357,-0.008711119,2.36471,178.9381,356.9413,7.0,NB
2025-06-04 16:21:28.986,803,0.02652012,-0.9996006,-0.002176262,-0.009533107,359.7217,178.9146,356.9632,7.0,NB
2025-06-04 16:21:29.021,804,0.02593989,-0.9990918,-0.03224098,-0.01017281,356.2759,178.9288,357.0603,7.0,NB
2025-06-04 16:21:29.064,805,0.02573076,-0.9971601,-0.06992868,-0.01095444,351.9508,178.944,357.118,7.0,NB
2025-06-04 16:21:29.097,806,0.02529077,-0.9963871,-0.08030733,-0.0111371,350.7584,178.9474,357.1771,7.0,NB
2025-06-04 16:21:29.142,807,0.02544271,-0.9948999,-0.09698249,-0.01102737,348.8407,179.0067,357.1672,7.0,NB
2025-06-04 16:21:29.174,808,0.02480271,-0.9938489,-0.1073835,-0.01086204,347.644,179.046,357.2441,7.0,NB
2025-06-04 16:21:29.220,809,0.02452064,-0.9931818,-0.1134119,-0.01124726,346.9484,179.0131,357.2843,7.0,NB
2025-06-04 16:21:29.252,810,0.02437904,-0.9901665,-0.1371876,-0.01246841,344.1997,178.928,357.328,7.0,NB
2025-06-04 16:21:29.297,811,0.02436036,-0.9898614,-0.1392168,-0.01413816,343.9605,178.7356,357.3586,7.0,NB
2025-06-04 16:21:29.330,812,0.02441212,-0.9866545,-0.1602561,-0.01533421,341.5194,178.6446,357.3858,7.0,NB
2025-06-04 16:21:29.364,813,0.02362054,-0.9857475,-0.1658471,-0.01545654,340.8709,178.627,357.486,7.0,NB
2025-06-04 16:21:29.409,814,0.02306146,-0.9838549,-0.1767976,-0.0155092,339.5982,178.6328,357.5605,7.0,NB
2025-06-04 16:21:29.442,815,0.02304739,-0.9816934,-0.1884215,-0.01563935,338.2434,178.6414,357.5713,7.0,NB
2025-06-04 16:21:29.485,816,0.02268804,-0.9794846,-0.1995413,-0.0166903,336.9426,178.5277,357.6465,7.0,NB
2025-06-04 16:21:29.519,817,0.02208485,-0.9773236,-0.2098342,-0.01790755,335.7359,178.3824,357.7587,7.0,NB
2025-06-04 16:21:29.563,818,0.02156796,-0.9763108,-0.2144514,-0.01905189,335.1929,178.2355,357.857,7.0,NB
2025-06-04 16:21:29.597,819,0.02058792,-0.9735297,-0.2267785,-0.0196866,333.7453,178.1474,358.0091,7.0,NB
2025-06-04 16:21:29.630,820,0.01925497,-0.9709079,-0.2377998,-0.02046382,332.4482,178.0234,358.2124,7.0,NB
2025-06-04 16:21:29.675,821,0.01890673,-0.9697403,-0.2424894,-0.02110387,331.8942,177.9365,358.2827,7.0,NB
2025-06-04 16:21:29.708,822,0.01856894,-0.9659388,-0.2572042,-0.02153469,330.1529,177.8823,358.3618,7.0,NB
2025-06-04 16:21:29.752,823,0.0178153,-0.9608232,-0.2757255,-0.02184086,327.9523,177.8265,358.4998,7.0,NB
2025-06-04 16:21:29.786,824,0.01728518,-0.957823,-0.2860226,-0.02162387,326.7245,177.8383,358.5783,7.0,NB
2025-06-04 16:21:29.819,825,0.01684742,-0.9539973,-0.2985669,-0.02152423,325.2226,177.8365,358.6541,7.0,NB
2025-06-04 16:21:29.863,826,0.01677752,-0.9477855,-0.3177067,-0.02199691,322.9168,177.7704,358.7196,7.0,NB
2025-06-04 16:21:29.897,827,0.01646147,-0.9443393,-0.3277762,-0.02270048,321.6976,177.657,358.8165,7.0,NB
2025-06-04 16:21:29.929,828,0.0162669,-0.9395456,-0.3412348,-0.02342284,320.0609,177.5398,358.9103,7.0,NB
2025-06-04 16:21:29.974,829,0.01628344,-0.9376783,-0.3463282,-0.02347791,319.4393,177.5293,358.9233,7.0,NB
2025-06-04 16:21:30.008,830,0.01624989,-0.9327533,-0.359392,-0.02334199,317.8398,177.5363,358.9536,7.0,NB
2025-06-04 16:21:30.040,831,0.01524155,-0.9277369,-0.3721963,-0.02327902,316.2661,177.4738,359.1316,7.0,NB
2025-06-04 16:21:30.073,832,0.0157229,-0.9237147,-0.3820283,-0.02363543,315.0481,177.4366,359.1104,7.0,NB
2025-06-04 16:21:30.117,833,0.01557022,-0.9202418,-0.3902856,-0.02429248,314.0222,177.3148,359.2007,7.0,NB
2025-06-04 16:21:30.150,834,0.01574287,-0.9200252,-0.3907764,-0.02448941,313.9604,177.2952,359.1888,7.0,NB
2025-06-04 16:21:30.184,835,0.01570524,-0.9210688,-0.388336,-0.02410238,314.2645,177.3556,359.1617,7.0,NB
2025-06-04 16:21:30.228,836,0.01621116,-0.9232388,-0.3831483,-0.02376935,314.9077,177.4453,359.0488,7.0,NB
2025-06-04 16:21:30.263,837,0.01703217,-0.9249095,-0.3790596,-0.02379345,315.4121,177.4971,358.9164,7.0,NB
2025-06-04 16:21:30.295,838,0.01737429,-0.9279012,-0.3716723,-0.02360831,316.3247,177.5516,358.8359,7.0,NB
2025-06-04 16:21:30.329,839,0.01737152,-0.9296649,-0.3672365,-0.02363929,316.8716,177.5503,358.8273,7.0,NB
2025-06-04 16:21:30.363,840,0.01737555,-0.9307373,-0.3645174,-0.0235313,317.2065,177.5682,358.814,7.0,NB
2025-06-04 16:21:30.407,841,0.01761985,-0.9338936,-0.3563403,-0.02353832,318.2104,177.5858,358.76,7.0,NB
2025-06-04 16:21:30.441,842,0.01733458,-0.9365117,-0.3494238,-0.02342479,319.0583,177.5902,358.7789,7.0,NB
2025-06-04 16:21:30.473,843,0.01715134,-0.9402651,-0.3391907,-0.02360411,320.3074,177.5605,358.7906,7.0,NB
2025-06-04 16:21:30.519,844,0.01615277,-0.9442285,-0.328002,-0.02422016,321.6693,177.4323,358.9324,7.0,NB
2025-06-04 16:21:30.553,845,0.01612234,-0.9477127,-0.3177753,-0.0244878,322.9071,177.4012,358.9228,7.0,NB
2025-06-04 16:21:30.585,846,0.01575878,-0.9499353,-0.3110448,-0.02501677,323.7199,177.3177,358.9781,7.0,NB
2025-06-04 16:21:30.618,847,0.01634639,-0.9525993,-0.3027511,-0.02508517,324.7166,177.3393,358.8801,7.0,NB
2025-06-04 16:21:30.663,848,0.01684573,-0.9553223,-0.2940321,-0.02491965,325.7621,177.3858,358.7849,7.0,NB
2025-06-04 16:21:30.696,849,0.01732598,-0.9579329,-0.2854271,-0.02441082,326.7916,177.4738,358.681,7.0,NB
2025-06-04 16:21:30.729,850,0.01806444,-0.9607179,-0.275915,-0.02379468,327.9261,177.5819,358.5407,7.0,NB
2025-06-04 16:21:30.775,851,0.01884059,-0.961987,-0.2714554,-0.02320209,328.4564,177.6859,358.4097,7.0,NB
2025-06-04 16:21:30.808,852,0.01917666,-0.9639412,-0.2644385,-0.02285336,329.2907,177.7392,358.3415,7.0,NB
2025-06-04 16:21:30.841,853,0.02003492,-0.9660584,-0.2565227,-0.02293418,330.2279,177.753,358.2212,7.0,NB
2025-06-04 16:21:30.888,854,0.02086608,-0.9687188,-0.2462648,-0.02241311,331.4413,177.8372,358.0826,7.0,NB
2025-06-04 16:21:30.919,855,0.02120827,-0.9714274,-0.235367,-0.02194693,332.728,177.8945,358.0095,7.0,NB
2025-06-04 16:21:30.963,856,0.02126639,-0.9729081,-0.2292213,-0.02133759,333.4531,177.9648,357.9757,7.0,NB
2025-06-04 16:21:30.996,857,0.02132636,-0.975588,-0.2175735,-0.0208656,334.8231,178.0096,357.9399,7.0,NB
2025-06-04 16:21:31.029,858,0.02237507,-0.9778425,-0.2071324,-0.02049311,336.046,178.0681,357.7882,7.0,NB
2025-06-04 16:21:31.074,859,0.02328604,-0.9793608,-0.1997643,-0.02011792,336.9073,178.1247,357.659,7.0,NB
2025-06-04 16:21:31.108,860,0.02376045,-0.9816499,-0.1881988,-0.01950152,338.2586,178.1897,357.5746,7.0,NB
2025-06-04 16:21:31.152,861,0.02477577,-0.9832591,-0.1795581,-0.01862631,339.2662,178.3008,357.424,7.0,NB
2025-06-04 16:21:31.186,862,0.0254172,-0.9857851,-0.1651228,-0.01778385,340.9462,178.3832,357.3174,7.0,NB
2025-06-04 16:21:31.229,863,0.02594875,-0.9874935,-0.1545952,-0.01684283,342.1698,178.4806,357.2279,7.0,NB
2025-06-04 16:21:31.263,864,0.02630735,-0.9897307,-0.1395095,-0.01668397,343.9169,178.4682,357.1713,7.0,NB
2025-06-04 16:21:31.308,865,0.0266821,-0.9920792,-0.1216482,-0.01639911,345.981,178.4616,357.1079,7.0,NB
2025-06-04 16:21:31.341,866,0.02742641,-0.9943306,-0.1015498,-0.01556369,348.2991,178.5148,356.9922,7.0,NB
2025-06-04 16:21:31.386,867,0.02761495,-0.9957875,-0.08608732,-0.01528954,350.0788,178.5052,356.9527,7.0,NB
2025-06-04 16:21:31.418,868,0.02753505,-0.9972182,-0.06755939,-0.01528234,352.2076,178.4523,356.9421,7.0,NB
2025-06-04 16:21:31.452,869,0.02807931,-0.9985195,-0.04420207,-0.01472086,354.8882,178.4515,356.8476,7.0,NB
2025-06-04 16:21:31.497,870,0.02847495,-0.9988505,-0.03569723,-0.01458758,355.8629,178.4426,356.7904,7.0,NB
2025-06-04 16:21:31.529,871,0.02851092,-0.9995028,0.001472026,-0.01339361,0.1248396,178.461,356.7305,7.0,NB
2025-06-04 16:21:31.576,872,0.02838831,-0.9994579,0.01056435,-0.01290886,1.168017,178.4867,356.7306,7.0,NB
2025-06-04 16:21:31.619,873,0.03482164,-0.9986883,0.0341968,-0.01548655,3.854636,178.0866,355.9417,7.0,NB
2025-06-04 16:21:31.652,874,0.04282609,-0.9979267,0.04415517,-0.01893731,4.962587,177.6081,354.9817,7.0,NB
2025-06-04 16:21:31.697,875,0.04543778,-0.9977854,0.04443694,-0.01962785,4.98491,177.5142,354.677,7.0,NB
2025-06-04 16:21:31.729,876,0.05522321,-0.9964603,0.05907461,-0.02297544,6.614782,176.9812,353.4814,7.0,NB
2025-06-04 16:21:31.774,877,0.05779686,-0.9961178,0.06219884,-0.02324503,6.962965,176.9104,353.1706,7.0,NB
2025-06-04 16:21:31.809,878,0.0665587,-0.9944105,0.07784549,-0.02565231,8.708412,176.4398,352.0703,7.0,NB
2025-06-04 16:21:31.852,879,0.07465473,-0.9924368,0.09328116,-0.02819364,10.42462,175.925,351.0243,7.0,NB
2025-06-04 16:21:31.897,880,0.0838115,-0.9895481,0.1135506,-0.02960779,12.69521,175.4358,349.8096,7.0,NB
2025-06-04 16:21:31.929,881,0.09703737,-0.9839906,0.1467924,-0.02825804,16.46326,174.969,348.0076,7.0,NB
2025-06-04 16:21:31.975,882,0.1009171,-0.9822616,0.1557397,-0.02689438,17.4892,174.9312,347.4879,7.0,NB
2025-06-04 16:21:32.019,883,0.1131048,-0.9760104,0.1847308,-0.02203625,20.83106,174.7942,345.822,7.0,NB
2025-06-04 16:21:32.052,884,0.1270201,-0.9676769,0.2173877,-0.01449143,24.6479,174.7433,343.8947,7.0,NB
2025-06-04 16:21:32.096,885,0.1306092,-0.9651275,0.2266496,-0.01001799,25.77731,174.9962,343.4405,7.0,NB
2025-06-04 16:21:32.142,886,0.1454206,-0.9553549,0.2571659,0.003973298,29.50667,175.5713,341.5234,7.0,NB
2025-06-04 16:21:32.174,887,0.1521251,-0.9512315,0.2681247,0.01122363,30.89805,175.9754,340.7152,7.0,NB
2025-06-04 16:21:32.219,888,0.1589091,-0.9481878,0.2745503,0.01761142,31.75228,176.3685,339.939,7.0,NB
2025-06-04 16:21:32.262,889,0.1716346,-0.9410073,0.2900005,0.03076687,33.80351,177.1273,338.4533,7.0,NB
2025-06-04 16:21:32.308,890,0.1797454,-0.9364592,0.298729,0.03869013,34.98793,177.5567,337.4992,7.0,NB
2025-06-04 16:21:32.355,891,0.1837474,-0.9342881,0.302196,0.04495002,35.53463,178.0942,337.1364,7.0,NB
2025-06-04 16:21:32.396,892,0.1899783,-0.9315237,0.305517,0.05320993,36.11516,178.7977,336.554,7.0,NB
2025-06-04 16:21:32.429,893,0.1990662,-0.9275394,0.3096352,0.06457251,36.87749,179.7501,335.6908,7.0,NB
2025-06-04 16:21:32.474,894,0.2006936,-0.9271106,0.3089285,0.06892979,36.90495,180.2731,335.6622,7.0,NB
2025-06-04 16:21:32.519,895,0.2037389,-0.9263037,0.3082179,0.07384957,36.94863,180.8046,335.4597,7.0,NB
2025-06-04 16:21:32.563,896,0.2119863,-0.9226746,0.311371,0.08235075,37.55354,181.4422,334.6118,7.0,NB
2025-06-04 16:21:32.598,897,0.216315,-0.9216303,0.3102631,0.08684646,37.55106,181.8686,334.2178,7.0,NB
2025-06-04 16:21:32.641,898,0.2189707,-0.9215084,0.307392,0.09156763,37.3462,182.4613,334.0983,7.0,NB
2025-06-04 16:21:32.685,899,0.2213711,-0.9216154,0.3042338,0.09519365,37.07927,182.929,333.9695,7.0,NB
2025-06-04 16:21:32.718,900,0.2238912,-0.9213116,0.3023828,0.09809588,36.94893,183.2532,333.7694,7.0,NB
2025-06-04 16:21:32.762,901,0.2267564,-0.9209822,0.3003301,0.1008728,36.79433,183.5511,333.5179,7.0,NB
2025-06-04 16:21:32.809,902,0.2299596,-0.9208754,0.2972098,0.1037961,36.52148,183.8867,333.2408,7.0,NB
2025-06-04 16:21:32.841,903,0.2327601,-0.9208452,0.2940116,0.1068833,36.24468,184.2649,333.0256,7.0,NB
2025-06-04 16:21:32.885,904,0.2337123,-0.9216076,0.2899272,0.1093639,35.83955,184.6743,333.0527,7.0,NB
2025-06-04 16:21:32.930,905,0.234989,-0.9223809,0.2854368,0.1118916,35.39074,185.0856,333.0379,7.0,NB
2025-06-04 16:21:32.974,906,0.2361472,-0.9229511,0.2817303,0.114123,35.02587,185.4376,333.0133,7.0,NB
2025-06-04 16:21:33.008,907,0.2381247,-0.9234033,0.2771654,0.1174848,34.59854,185.9251,332.9264,7.0,NB
2025-06-04 16:21:33.052,908,0.2377943,-0.9249469,0.2700656,0.122441,33.90546,186.7856,333.2348,7.0,NB
2025-06-04 16:21:33.097,909,0.2339208,-0.9278408,0.2580656,0.1333976,32.77193,188.6741,334.2548,7.0,NB
2025-06-04 16:21:33.141,910,0.228316,-0.9304336,0.2462487,0.1467201,31.68394,190.8773,335.5207,7.0,NB
2025-06-04 16:21:33.174,911,0.2252819,-0.931821,0.238229,0.1555788,30.93542,192.2918,336.2308,7.0,NB
2025-06-04 16:21:33.219,912,0.222432,-0.9328454,0.2319639,0.1628384,30.34555,193.4421,336.838,7.0,NB
2025-06-04 16:21:33.263,913,0.2166093,-0.9344252,0.2191919,0.1785639,29.1432,195.8641,338.0462,7.0,NB
2025-06-04 16:21:33.297,914,0.2139633,-0.93506,0.2132981,0.1854369,28.57092,196.9144,338.5589,7.0,NB
2025-06-04 16:21:33.342,915,0.2106485,-0.9355369,0.2024646,0.1985105,27.54583,198.827,339.2758,7.0,NB
2025-06-04 16:21:33.385,916,0.206655,-0.9356397,0.1931479,0.211107,26.65943,200.653,340.0341,7.0,NB
2025-06-04 16:21:33.430,917,0.2043844,-0.935644,0.1846548,0.220681,25.83301,202.021,340.4653,7.0,NB
2025-06-04 16:21:33.463,918,0.2004616,-0.9351153,0.1754175,0.2336737,24.94553,203.855,341.1515,7.0,NB
2025-06-04 16:21:33.508,919,0.1978562,-0.9342902,0.1672388,0.2449205,24.16823,205.4095,341.6127,7.0,NB
2025-06-04 16:21:33.541,920,0.1947128,-0.9329069,0.1571867,0.2589677,23.21171,207.3315,342.1388,7.0,NB
2025-06-04 16:21:33.586,921,0.1925621,-0.9312966,0.1495494,0.2706319,22.50577,208.9004,342.5056,7.0,NB
2025-06-04 16:21:33.620,922,0.1907506,-0.9291328,0.139512,0.2843645,21.57604,210.7309,342.7914,7.0,NB
2025-06-04 16:21:33.664,923,0.1901641,-0.9265075,0.1300218,0.2975167,20.73746,212.4537,342.8988,7.0,NB
2025-06-04 16:21:33.709,924,0.1899354,-0.9236257,0.1211084,0.3101179,19.96965,214.0949,342.9394,7.0,NB
2025-06-04 16:21:33.742,925,0.189669,-0.9194125,0.1090887,0.3268123,18.93936,216.2704,342.9416,7.0,NB
2025-06-04 16:21:33.786,926,0.1898581,-0.9159402,0.1011217,0.3387954,18.29375,217.8232,342.8938,7.0,NB
2025-06-04 16:21:33.819,927,0.1909849,-0.9089546,0.08480568,0.3607414,16.97542,220.6775,342.6003,7.0,NB
2025-06-04 16:21:33.863,928,0.192343,-0.9044071,0.07509292,0.3733805,16.22819,222.3235,342.3052,7.0,NB
2025-06-04 16:21:33.908,929,0.1942862,-0.8971321,0.06032782,0.3921323,15.1066,224.7885,341.8159,7.0,NB
2025-06-04 16:21:33.942,930,0.1977718,-0.8907951,0.04832892,0.406245,14.28763,226.6469,341.151,7.0,NB
2025-06-04 16:21:33.989,931,0.2016667,-0.8828244,0.03562506,0.4227087,13.49697,228.8314,340.4146,7.0,NB
2025-06-04 16:21:34.030,932,0.2052781,-0.8721297,0.01709069,0.4438005,12.24049,231.7143,339.4598,7.0,NB
2025-06-04 16:21:34.064,933,0.2090652,-0.8628303,0.00159081,0.4602319,11.25536,234.0081,338.5089,7.0,NB
2025-06-04 16:21:34.109,934,0.2140888,-0.8506367,-0.01824878,0.4798442,10.04446,236.8235,337.1898,7.0,NB
2025-06-04 16:21:34.141,935,0.2180748,-0.840035,-0.03445673,0.4955779,9.105706,239.1432,336.0685,7.0,NB
2025-06-04 16:21:34.186,936,0.2215782,-0.8293692,-0.05004257,0.5104368,8.232814,241.3907,334.9767,7.0,NB
2025-06-04 16:21:34.230,937,0.2261359,-0.8142677,-0.07237251,0.5297103,6.990905,244.4342,333.3669,7.0,NB
2025-06-04 16:21:34.264,938,0.2291501,-0.8042476,-0.0865271,0.5414695,6.25636,246.357,332.2859,7.0,NB
2025-06-04 16:21:34.309,939,0.2320795,-0.7894515,-0.1078311,0.5579231,5.08941,249.1703,330.7461,7.0,NB
2025-06-04 16:21:34.342,940,0.2355591,-0.769997,-0.1345113,0.5775149,3.722903,252.6989,328.7201,7.0,NB
2025-06-04 16:21:34.387,941,0.2377161,-0.7563064,-0.153243,0.5899225,2.78974,255.0888,327.2471,7.0,NB
2025-06-04 16:21:34.420,942,0.2385962,-0.7450624,-0.1684748,0.599642,2.011275,257.0424,326.0872,7.0,NB
2025-06-04 16:21:34.465,943,0.2392262,-0.7279462,-0.1906296,0.6136169,0.9196562,259.9626,324.3868,7.0,NB
2025-06-04 16:21:34.509,944,0.2391554,-0.7112976,-0.2115747,0.6261762,359.9153,262.7454,322.7576,7.0,NB
2025-06-04 16:21:34.543,945,0.2387591,-0.6994274,-0.2256406,0.6347298,359.2813,264.6974,321.6488,7.0,NB
2025-06-04 16:21:34.587,946,0.236909,-0.6826655,-0.2458652,0.6460593,358.3054,267.459,320.1017,7.0,NB
2025-06-04 16:21:34.631,947,0.235838,-0.6700907,-0.2606259,0.6537837,357.6553,269.4677,318.8979,7.0,NB
2025-06-04 16:21:34.664,948,0.2323659,-0.6515217,-0.2820506,0.6648107,356.6425,272.4717,317.2369,7.0,NB
2025-06-04 16:21:34.709,949,0.2288644,-0.6412197,-0.2919861,0.6717161,356.1588,274.1909,316.5823,7.0,NB
2025-06-04 16:21:34.743,950,0.2200328,-0.6306115,-0.2888714,0.6859069,356.4174,276.2024,317.5375,7.0,NB
2025-06-04 16:21:34.787,951,0.2098309,-0.6189125,-0.2857396,0.7009076,356.5859,278.4008,318.5885,7.0,NB
2025-06-04 16:21:34.820,952,0.2009858,-0.6087653,-0.2829521,0.7134057,356.6902,280.2717,319.4954,7.0,NB
2025-06-04 16:21:34.864,953,0.1899388,-0.5957974,-0.2804085,0.7282307,356.704,282.6068,320.5217,7.0,NB
2025-06-04 16:21:34.909,954,0.178568,-0.5818399,-0.2773744,0.7433974,356.7162,285.045,321.5951,7.0,NB
2025-06-04 16:21:34.943,955,0.1680448,-0.5671367,-0.2738287,0.7583765,356.8062,287.4997,322.6356,7.0,NB
2025-06-04 16:21:34.986,956,0.1603243,-0.5565867,-0.2713685,0.7686787,356.8125,289.2399,323.3745,7.0,NB
2025-06-04 16:21:35.030,957,0.1491871,-0.540136,-0.2681955,0.7836247,356.7949,291.8745,324.3803,7.0,NB
2025-06-04 16:21:35.064,958,0.1405379,-0.5269981,-0.2654274,0.7950286,356.7728,293.9342,325.1747,7.0,NB
2025-06-04 16:21:35.108,959,0.1280575,-0.5090911,-0.2624229,0.8096677,356.5702,296.7219,326.1974,7.0,NB
2025-06-04 16:21:35.142,960,0.1171111,-0.4914427,-0.2601039,0.8228702,356.3927,299.3741,327.0267,7.0,NB
2025-06-04 16:21:35.185,961,0.1041565,-0.4714367,-0.2587041,0.8366428,356.0066,302.3505,327.8333,7.0,NB
2025-06-04 16:21:35.229,962,0.09587506,-0.4558848,-0.257782,0.8464783,355.8295,304.5731,328.3169,7.0,NB
2025-06-04 16:21:35.263,963,0.08471826,-0.4386758,-0.2573927,0.8568172,355.3742,307.0661,328.8628,7.0,NB
2025-06-04 16:21:35.308,964,0.07195891,-0.4162636,-0.2575018,0.8690453,354.8763,310.2162,329.3691,7.0,NB
2025-06-04 16:21:35.341,965,0.06437703,-0.4009627,-0.257705,0.8767399,354.6191,312.3095,329.6199,7.0,NB
2025-06-04 16:21:35.385,966,0.05237445,-0.3785994,-0.2592699,0.8869603,354.0644,315.3697,329.8494,7.0,NB
2025-06-04 16:21:35.429,967,0.04156519,-0.3592967,-0.2614741,0.8948797,353.4828,318.0012,329.9284,7.0,NB
2025-06-04 16:21:35.463,968,0.02791307,-0.334195,-0.2648299,0.9041017,352.7305,321.3843,329.8971,7.0,NB
2025-06-04 16:21:35.508,969,0.01827671,-0.3187718,-0.2684767,0.9088295,352.0711,323.4931,329.7036,7.0,NB
2025-06-04 16:21:35.541,970,0.006044317,-0.2957343,-0.2736657,0.9152114,351.3267,326.5693,329.3138,7.0,NB
2025-06-04 16:21:35.586,971,-0.005466683,-0.2731144,-0.2789845,0.920623,350.6506,329.5657,328.8307,7.0,NB
2025-06-04 16:21:35.618,972,-0.01470399,-0.2574146,-0.2829793,0.9238206,350.0462,331.6778,328.4563,7.0,NB
2025-06-04 16:21:35.664,973,-0.02697875,-0.2376652,-0.2885258,0.927114,349.2123,334.3568,327.8889,7.0,NB
2025-06-04 16:21:35.696,974,-0.04344431,-0.2115926,-0.2976243,0.9299254,348.068,337.9269,326.8406,7.0,NB
2025-06-04 16:21:35.741,975,-0.05009274,-0.2006978,-0.3019851,0.9306,347.6169,339.4233,326.2992,7.0,NB
2025-06-04 16:21:35.774,976,-0.06610221,-0.1776926,-0.3102863,0.9315463,346.5012,342.6459,325.2249,7.0,NB
2025-06-04 16:21:35.819,977,-0.0729197,-0.1675059,-0.3139462,0.9316986,346.0512,344.0715,324.7173,7.0,NB
2025-06-04 16:21:35.852,978,-0.08717313,-0.1473814,-0.3221003,0.9310914,345.0916,346.9443,323.5506,7.0,NB
2025-06-04 16:21:35.897,979,-0.09446864,-0.1386252,-0.3254976,0.9305429,344.5701,348.2383,323.0399,7.0,NB
2025-06-04 16:21:35.929,980,-0.1177224,-0.1099564,-0.337633,0.9273916,342.9864,352.5219,321.1102,7.0,NB
2025-06-04 16:21:35.975,981,-0.1214164,-0.1052974,-0.3396747,0.9267101,342.7483,353.2242,320.7694,7.0,NB
2025-06-04 16:21:36.009,982,-0.1367154,-0.08800291,-0.3469775,0.9236726,341.7218,355.9117,319.4806,7.0,NB
2025-06-04 16:21:36.053,983,-0.1468841,-0.07699051,-0.3523617,0.9210531,341.0445,357.6784,318.5175,7.0,NB
2025-06-04 16:21:36.086,984,-0.1583915,-0.06485134,-0.3583733,0.9177556,340.2929,359.6647,317.398,7.0,NB
2025-06-04 16:21:36.130,985,-0.173024,-0.04961849,-0.3649734,0.9134524,339.3709,2.183071,316.0439,7.0,NB
2025-06-04 16:21:36.163,986,-0.1819088,-0.03937469,-0.3687039,0.9107231,338.877,3.837009,315.2035,7.0,NB
2025-06-04 16:21:36.197,987,-0.1988429,-0.01127243,-0.3637192,0.9099685,338.2794,7.678706,314.951,7.0,NB
2025-06-04 16:21:36.242,988,-0.2136381,0.01516044,-0.3562003,0.9095331,337.8012,11.19598,315.0232,7.0,NB
2025-06-04 16:21:36.276,989,-0.2253293,0.03655387,-0.349695,0.9086276,337.4236,14.04078,315.0844,7.0,NB
2025-06-04 16:21:36.322,990,-0.2419174,0.0695706,-0.3384408,0.9066939,336.946,18.36508,315.2854,7.0,NB
2025-06-04 16:21:36.336,991,-0.2555543,0.1020342,-0.3255118,0.9046122,336.6761,22.47053,315.7233,7.0,NB
2025-06-04 16:21:36.401,992,-0.2615937,0.1198468,-0.3180775,0.9033452,336.6481,24.65202,316.0336,7.0,NB
2025-06-04 16:21:36.434,993,-0.2757042,0.1624737,-0.2981641,0.8992708,336.4857,29.86628,316.9586,7.0,NB
2025-06-04 16:21:36.469,994,-0.282076,0.1852263,-0.2867285,0.8966109,336.4465,32.60193,317.5544,7.0,NB
2025-06-04 16:21:36.513,995,-0.2882591,0.2128857,-0.2727581,0.8928548,336.5084,35.87138,318.3248,7.0,NB
2025-06-04 16:21:36.547,996,-0.2943375,0.245731,-0.2547378,0.8877447,336.5843,39.70712,319.4198,7.0,NB
2025-06-04 16:21:36.592,997,-0.2975023,0.271069,-0.2400636,0.8833933,336.7044,42.60552,320.4025,7.0,NB
2025-06-04 16:21:36.626,998,-0.2999122,0.3048847,-0.2201893,0.8767068,336.9456,46.42973,321.8046,7.0,NB
2025-06-04 16:21:36.670,999,-0.3005382,0.3250848,-0.207704,0.8722706,337.0916,48.69611,322.7347,7.0,NB
2025-06-04 16:21:36.707,1000,-0.3006689,0.3482372,-0.1932492,0.8665934,337.2617,51.29926,323.8276,7.0,NB
2025-06-04 16:21:36.749,1001,-0.2989884,0.3770923,-0.1739571,0.8591545,337.5078,54.47827,325.4184,7.0,NB
2025-06-04 16:21:36.782,1002,-0.2969431,0.3928761,-0.1631213,0.8549063,337.6945,56.1794,326.3816,7.0,NB
2025-06-04 16:21:36.827,1003,-0.2926764,0.4166617,-0.1471379,0.8479882,338.0524,58.72894,327.8598,7.0,NB
2025-06-04 16:21:36.860,1004,-0.2887654,0.4335056,-0.1359733,0.8427331,338.3575,60.52367,328.9416,7.0,NB
2025-06-04 16:21:36.904,1005,-0.2828405,0.4560971,-0.1214101,0.8350069,338.8016,62.9529,330.3828,7.0,NB
2025-06-04 16:21:36.937,1006,-0.2783568,0.4685498,-0.1138247,0.8306761,339.1585,64.25418,331.2196,7.0,NB
2025-06-04 16:21:36.982,1007,-0.272558,0.4863088,-0.1032704,0.8237423,339.5988,66.18669,332.3313,7.0,NB
2025-06-04 16:21:37.016,1008,-0.2684349,0.4972483,-0.0966799,0.8193534,339.8952,67.36727,333.0643,7.0,NB
2025-06-04 16:21:37.060,1009,-0.2639222,0.5098626,-0.08876052,0.8139454,340.1764,68.76241,333.9168,7.0,NB
2025-06-04 16:21:37.093,1010,-0.2592266,0.5234587,-0.08034751,0.8076739,340.4503,70.30498,334.8038,7.0,NB
2025-06-04 16:21:37.138,1011,-0.256383,0.5293036,-0.07771359,0.8050258,340.6996,70.9396,335.1563,7.0,NB
2025-06-04 16:21:37.169,1012,-0.2498567,0.5451183,-0.06942905,0.7972437,341.1738,72.73996,336.1239,7.0,NB
2025-06-04 16:21:37.214,1013,-0.2477252,0.5505838,-0.06579866,0.7944561,341.267,73.37315,336.5192,7.0,NB
2025-06-04 16:21:37.248,1014,-0.2445406,0.5579401,-0.06118605,0.7906701,341.4323,74.21896,337.0498,7.0,NB
2025-06-04 16:21:37.292,1015,-0.239573,0.5675592,-0.0565289,0.7856755,341.8029,75.30651,337.681,7.0,NB
2025-06-04 16:21:37.326,1016,-0.2358553,0.5753312,-0.05304188,0.7813789,342.0883,76.21484,338.1407,7.0,NB
2025-06-04 16:21:37.370,1017,-0.2321526,0.5829319,-0.049286,0.7770886,342.3413,77.10861,338.6275,7.0,NB
2025-06-04 16:21:37.404,1018,-0.2286712,0.58924,-0.04699094,0.7734972,342.64,77.84219,338.9913,7.0,NB
2025-06-04 16:21:37.448,1019,-0.224907,0.5974553,-0.04389676,0.7684643,342.9496,78.84698,339.4107,7.0,NB
2025-06-04 16:21:37.482,1020,-0.2221961,0.6047893,-0.0406504,0.7636797,343.1299,79.78455,339.7737,7.0,NB
2025-06-04 16:21:37.526,1021,-0.2196185,0.6113629,-0.03835096,0.7592973,343.3444,80.62833,340.0571,7.0,NB
2025-06-04 16:21:37.559,1022,-0.2177155,0.6161785,-0.03667183,0.7560288,343.5006,81.25067,340.2658,7.0,NB
2025-06-04 16:21:37.603,1023,-0.2149958,0.6219624,-0.03489322,0.7521451,343.7391,81.98352,340.5333,7.0,NB
2025-06-04 16:21:37.637,1024,-0.2124178,0.6281894,-0.03354152,0.7477512,344.0064,82.7981,340.7431,7.0,NB
2025-06-04 16:21:37.681,1025,-0.2102865,0.6331087,-0.03289332,0.7442253,344.2553,83.44306,340.8819,7.0,NB
2025-06-04 16:21:37.714,1026,-0.2079821,0.6363884,-0.03258191,0.7420863,344.5016,83.83381,341.0414,7.0,NB
2025-06-04 16:21:37.759,1027,-0.206943,0.6386363,-0.03211868,0.7404639,344.6067,84.12798,341.1257,7.0,NB
2025-06-04 16:21:37.792,1028,-0.2040768,0.6459525,-0.03092403,0.7349435,344.9288,85.11683,341.3302,7.0,NB
2025-06-04 16:21:37.837,1029,-0.2038085,0.6481222,-0.03089072,0.7331069,345.002,85.43971,341.3134,7.0,NB
2025-06-04 16:21:37.869,1030,-0.2018973,0.654491,-0.02970885,0.7280086,345.2218,86.33797,341.4545,7.0,NB
2025-06-04 16:21:37.915,1031,-0.202213,0.6557695,-0.02999984,0.7267576,345.2517,86.55249,341.3772,7.0,NB
2025-06-04 16:21:37.949,1032,-0.1998513,0.6605402,-0.03016316,0.7230745,345.5718,87.18913,341.4786,7.0,NB
2025-06-04 16:21:37.992,1033,-0.1982362,0.6644506,-0.0292212,0.7199681,345.7227,87.7282,341.6241,7.0,NB
2025-06-04 16:21:38.026,1034,-0.1967016,0.6692653,-0.02894422,0.7159293,345.9419,88.41774,341.6909,7.0,NB
2025-06-04 16:21:38.070,1035,-0.195884,0.6713996,-0.02918372,0.7141432,346.0786,88.7187,341.7034,7.0,NB
2025-06-04 16:21:38.103,1036,-0.1949683,0.6746821,-0.02964753,0.7112753,346.27,89.19884,341.6852,7.0,NB
2025-06-04 16:21:38.148,1037,-0.1935274,0.6777652,-0.02968983,0.7087315,346.463,89.62499,341.7529,7.0,NB
2025-06-04 16:21:38.192,1038,-0.1927551,0.6804949,-0.0296748,0.7063228,346.5906,90.02682,341.7729,7.0,NB
2025-06-04 16:21:38.226,1039,-0.1913556,0.6844233,-0.03019924,0.702877,346.8406,90.59455,341.7841,7.0,NB
2025-06-04 16:21:38.269,1040,-0.1906586,0.6879143,-0.03125763,0.6996046,347.0697,91.12601,341.6988,7.0,NB
2025-06-04 16:21:38.303,1041,-0.1926154,0.6885816,-0.03407029,0.6982795,347.1689,91.32172,341.2853,7.0,NB
2025-06-04 16:21:38.347,1042,-0.1943124,0.6887186,-0.03691126,0.6975294,347.2772,91.42049,340.9023,7.0,NB
2025-06-04 16:21:38.381,1043,-0.1964977,0.6894643,-0.04065793,0.6959706,347.4408,91.64056,340.3922,7.0,NB
2025-06-04 16:21:38.425,1044,-0.1980252,0.6904115,-0.04444266,0.6943653,347.6645,91.86327,339.9355,7.0,NB
2025-06-04 16:21:38.459,1045,-0.1998813,0.6912221,-0.04763625,0.6928135,347.8128,92.08022,339.499,7.0,NB
2025-06-04 16:21:38.503,1046,-0.2010685,0.6915534,-0.05056247,0.6919314,347.9762,92.18848,339.1527,7.0,NB
2025-06-04 16:21:38.536,1047,-0.2030533,0.6920953,-0.05503913,0.6904666,348.2162,92.36836,338.6074,7.0,NB
2025-06-04 16:21:38.582,1048,-0.2047832,0.6931975,-0.05870193,0.6885459,348.4267,92.62791,338.1414,7.0,NB
2025-06-04 16:21:38.625,1049,-0.2065423,0.6941987,-0.06215935,0.6867059,348.617,92.87337,337.6911,7.0,NB
2025-06-04 16:21:38.660,1050,-0.2083013,0.6949408,-0.06470577,0.685187,348.7251,93.07829,337.3173,7.0,NB
2025-06-04 16:21:38.702,1051,-0.2113286,0.6954917,-0.06884426,0.6832952,348.8698,93.31494,336.7044,7.0,NB
2025-06-04 16:21:38.737,1052,-0.212974,0.6964166,-0.07372341,0.6813303,349.1915,93.54338,336.1547,7.0,NB
2025-06-04 16:21:38.781,1053,-0.2149264,0.6977749,-0.07658298,0.6790081,349.339,93.86056,335.73,7.0,NB
2025-06-04 16:21:38.814,1054,-0.2167359,0.6990455,-0.07862198,0.67689,349.4268,94.1581,335.3846,7.0,NB
2025-06-04 16:21:38.859,1055,-0.2180127,0.6993671,-0.08032615,0.6759468,349.4919,94.27466,335.1283,7.0,NB
2025-06-04 16:21:38.903,1056,-0.221258,0.7007461,-0.08621397,0.6727312,349.8127,94.66224,334.3474,7.0,NB
2025-06-04 16:21:38.936,1057,-0.2234531,0.7018968,-0.08965959,0.6703514,349.9958,94.96204,333.8586,7.0,NB
2025-06-04 16:21:38.981,1058,-0.2255466,0.7030833,-0.09300813,0.6679464,350.1819,95.2636,333.3867,7.0,NB
2025-06-04 16:21:39.025,1059,-0.2283264,0.7045063,-0.09749907,0.6648551,350.4313,95.64078,332.7594,7.0,NB
2025-06-04 16:21:39.059,1060,-0.229762,0.7055044,-0.100593,0.662838,350.6391,95.87841,332.3723,7.0,NB
2025-06-04 16:21:39.103,1061,-0.2317028,0.7071472,-0.104189,0.6598496,350.8846,96.24968,331.8914,7.0,NB
2025-06-04 16:21:39.136,1062,-0.2343089,0.7087578,-0.10806,0.6565709,351.112,96.65365,331.3279,7.0,NB
2025-06-04 16:21:39.181,1063,-0.2368744,0.7097834,-0.1115245,0.6539575,351.2864,96.96152,330.807,7.0,NB
2025-06-04 16:21:39.225,1064,-0.2397547,0.7112643,-0.1163225,0.6504539,351.5801,97.36208,330.1489,7.0,NB
2025-06-04 16:21:39.258,1065,-0.2418279,0.7123479,-0.1195681,0.6479069,351.7776,97.65511,329.6914,7.0,NB
2025-06-04 16:21:39.303,1066,-0.244615,0.7142975,-0.1233129,0.6440005,352.0158,98.13386,329.1189,7.0,NB
2025-06-04 16:21:39.336,1067,-0.246366,0.7156744,-0.126931,0.641095,352.2873,98.45905,328.6617,7.0,NB
2025-06-04 16:21:39.381,1068,-0.2496238,0.7177528,-0.1315424,0.6365657,352.5897,98.99028,327.9786,7.0,NB
2025-06-04 16:21:39.424,1069,-0.2522056,0.7191712,-0.1345891,0.6333019,352.7696,99.37671,327.4862,7.0,NB
2025-06-04 16:21:39.459,1070,-0.2538367,0.7202575,-0.1376129,0.6307607,352.9932,99.65177,327.0904,7.0,NB
2025-06-04 16:21:39.503,1071,-0.2585675,0.7223356,-0.1425468,0.6253436,353.2548,100.2817,326.243,7.0,NB
2025-06-04 16:21:39.548,1072,-0.2610406,0.7239732,-0.1476364,0.6212281,353.6523,100.7018,325.6069,7.0,NB
2025-06-04 16:21:39.580,1073,-0.2632699,0.725719,-0.1509678,0.617438,353.9161,101.1306,325.1265,7.0,NB
2025-06-04 16:21:39.625,1074,-0.2652748,0.7278693,-0.1531466,0.6134996,354.1139,101.6183,324.7515,7.0,NB
2025-06-04 16:21:39.669,1075,-0.268646,0.7298557,-0.157133,0.6086457,354.396,102.1649,324.1105,7.0,NB
2025-06-04 16:21:39.702,1076,-0.2718674,0.7313077,-0.1606781,0.6045329,354.6238,102.6154,323.5214,7.0,NB
2025-06-04 16:21:39.748,1077,-0.2744048,0.7324933,-0.1638348,0.601094,354.8438,102.9792,323.0303,7.0,NB
2025-06-04 16:21:39.782,1078,-0.2774233,0.7345871,-0.1680395,0.5959708,355.1934,103.5319,322.4089,7.0,NB
2025-06-04 16:21:39.824,1079,-0.2800349,0.736964,-0.1726743,0.5904645,355.6303,104.1097,321.7959,7.0,NB
2025-06-04 16:21:39.868,1080,-0.2830621,0.7392195,-0.176731,0.5849758,355.9927,104.7001,321.1864,7.0,NB
2025-06-04 16:21:39.903,1081,-0.2858067,0.7407446,-0.1800487,0.5806847,356.2624,105.1491,320.6637,7.0,NB
2025-06-04 16:21:39.948,1082,-0.2894417,0.7429753,-0.1841727,0.5747102,356.6165,105.7864,319.991,7.0,NB
2025-06-04 16:21:39.991,1083,-0.2930117,0.7454213,-0.1885705,0.5682718,357.0255,106.4632,319.3051,7.0,NB
2025-06-04 16:21:40.024,1084,-0.2948369,0.7464715,-0.190104,0.5654311,357.1566,106.7773,319.0073,7.0,NB
2025-06-04 16:21:40.068,1085,-0.2986296,0.7492468,-0.1945837,0.5581998,357.6039,107.5396,318.2939,7.0,NB
2025-06-04 16:21:40.114,1086,-0.302242,0.7516013,-0.1982311,0.5517697,357.9625,108.2225,317.6613,7.0,NB
2025-06-04 16:21:40.147,1087,-0.3044595,0.7532412,-0.2008966,0.5473325,358.2445,108.6802,317.2426,7.0,NB
2025-06-04 16:21:40.191,1088,-0.307923,0.7554362,-0.2046679,0.5409352,358.6302,109.3353,316.6185,7.0,NB
2025-06-04 16:21:40.235,1089,-0.3116087,0.7578983,-0.2087132,0.5337875,359.0661,110.0637,315.9533,7.0,NB
2025-06-04 16:21:40.280,1090,-0.3140714,0.7597899,-0.2108026,0.5288109,359.3217,110.6016,315.5526,7.0,NB
2025-06-04 16:21:40.312,1091,-0.3198187,0.76353,-0.2156259,0.5179226,359.8849,111.748,314.6234,7.0,NB
2025-06-04 16:21:40.357,1092,-0.3226358,0.76405,-0.2170699,0.5147956,359.9726,112.0696,314.2327,7.0,NB
2025-06-04 16:21:40.400,1093,-0.3270647,0.7675805,-0.2223599,0.5043859,0.6545939,113.0994,313.41,7.0,NB
2025-06-04 16:21:40.432,1094,-0.3307076,0.7707301,-0.2252756,0.4958415,1.105663,114.0077,312.8353,7.0,NB
2025-06-04 16:21:40.478,1095,-0.332486,0.7723083,-0.226,0.4918509,1.261546,114.4635,312.6033,7.0,NB
2025-06-04 16:21:40.521,1096,-0.3365062,0.7749214,-0.2291103,0.4834968,1.701107,115.3196,311.9775,7.0,NB
2025-06-04 16:21:40.566,1097,-0.3394894,0.7766404,-0.2318977,0.4772846,2.070896,115.921,311.4811,7.0,NB
2025-06-04 16:21:40.599,1098,-0.3423219,0.7788687,-0.2336423,0.4707343,2.388095,116.6174,311.0733,7.0,NB
2025-06-04 16:21:40.643,1099,-0.3450863,0.7816926,-0.2356476,0.4629716,2.801596,117.4391,310.6586,7.0,NB
2025-06-04 16:21:40.687,1100,-0.3490671,0.7843047,-0.2385961,0.4539717,3.286618,118.3427,310.0538,7.0,NB
2025-06-04 16:21:40.721,1101,-0.3515321,0.7860183,-0.2401652,0.4482424,3.577886,118.9301,309.6977,7.0,NB
2025-06-04 16:21:40.764,1102,-0.3553745,0.7889131,-0.2423627,0.4388456,4.042543,119.9068,309.1616,7.0,NB
2025-06-04 16:21:40.799,1103,-0.358392,0.7911949,-0.2439083,0.4313639,4.402539,120.6887,308.7538,7.0,NB
2025-06-04 16:21:40.842,1104,-0.3622019,0.7938373,-0.2456443,0.4222454,4.825819,121.641,308.2528,7.0,NB
2025-06-04 16:21:40.887,1105,-0.3643496,0.7955049,-0.2470462,0.416401,5.141852,122.2289,307.9453,7.0,NB
2025-06-04 16:21:40.919,1106,-0.3675953,0.7982153,-0.2489244,0.40714,5.627751,123.1741,307.4995,7.0,NB
2025-06-04 16:21:40.964,1107,-0.3704013,0.8004684,-0.25082,0.3989271,6.085974,123.9897,307.0983,7.0,NB
2025-06-04 16:21:41.009,1108,-0.372728,0.8026789,-0.2519859,0.3915148,6.469279,124.755,306.796,7.0,NB
2025-06-04 16:21:41.041,1109,-0.3763483,0.8051694,-0.2536291,0.3817548,6.954623,125.7443,306.3295,7.0,NB
2025-06-04 16:21:41.097,1110,-0.3788815,0.8070937,-0.2542919,0.3746792,7.270666,126.4901,306.0364,7.0,NB
2025-06-04 16:21:41.130,1111,-0.3833816,0.8111226,-0.2556529,0.3601949,7.963808,128.0058,305.5155,7.0,NB
2025-06-04 16:21:41.176,1112,-0.3846218,0.812479,-0.2545834,0.3565552,8.01368,128.476,305.4626,7.0,NB
2025-06-04 16:21:41.219,1113,-0.3874217,0.8165859,-0.255837,0.3429862,8.746622,129.8869,305.1415,7.0,NB
2025-06-04 16:21:41.252,1114,-0.3791389,0.8230047,-0.2583198,0.3349453,9.858483,130.6767,305.9959,7.0,NB
2025-06-04 16:21:41.297,1115,-0.3767732,0.8251279,-0.2577238,0.332843,10.04942,130.9687,306.3224,7.0,NB
2025-06-04 16:21:41.342,1116,-0.3659058,0.8337462,-0.259772,0.3217126,11.40453,132.167,307.5384,7.0,NB
2025-06-04 16:21:41.374,1117,-0.3576261,0.8400442,-0.2616608,0.3129908,12.45928,133.0967,308.4565,7.0,NB
2025-06-04 16:21:41.422,1118,-0.3552731,0.8418027,-0.2620492,0.3106121,12.73741,133.3614,308.7276,7.0,NB
2025-06-04 16:21:41.463,1119,-0.3444937,0.8501617,-0.2634324,0.2985848,14.01637,134.7373,310.0158,7.0,NB
2025-06-04 16:21:41.497,1120,-0.3358336,0.8564315,-0.264791,0.2891831,15.02947,135.8111,311.0461,7.0,NB
2025-06-04 16:21:41.542,1121,-0.3298562,0.8607014,-0.2658737,0.2823109,15.74948,136.5936,311.7603,7.0,NB
2025-06-04 16:21:41.585,1122,-0.3208411,0.8673073,-0.2669166,0.2712838,16.79327,137.899,312.8953,7.0,NB
2025-06-04 16:21:41.618,1123,-0.3141978,0.8721496,-0.2677241,0.2626,17.57621,138.9317,313.748,7.0,NB
2025-06-04 16:21:41.663,1124,-0.3058851,0.8779297,-0.2681998,0.2524735,18.4493,140.1863,314.85,7.0,NB
2025-06-04 16:21:41.696,1125,-0.2995074,0.882277,-0.2689535,0.2440223,19.17229,141.2118,315.6932,7.0,NB
2025-06-04 16:21:41.742,1126,-0.2909185,0.8879099,-0.2694868,0.2331514,20.05389,142.5784,316.8637,7.0,NB
2025-06-04 16:21:41.785,1127,-0.2846068,0.8923098,-0.2694063,0.2240594,20.68624,143.7482,317.7813,7.0,NB
2025-06-04 16:21:41.829,1128,-0.2743551,0.8985917,-0.2698784,0.2107801,21.67639,145.4594,319.2308,7.0,NB
2025-06-04 16:21:41.863,1129,-0.2684683,0.9023392,-0.2696522,0.2024771,22.20477,146.5603,320.1148,7.0,NB
2025-06-04 16:21:41.907,1130,-0.2608482,0.9075698,-0.268552,0.1901462,22.84631,148.2272,321.3468,7.0,NB
2025-06-04 16:21:41.951,1131,-0.2535957,0.9123676,-0.2670887,0.1787132,23.37355,149.8124,322.5468,7.0,NB
2025-06-04 16:21:41.984,1132,-0.2478869,0.9158353,-0.2666197,0.1694462,23.85056,151.0613,323.4707,7.0,NB
2025-06-04 16:21:42.029,1133,-0.2404473,0.9210957,-0.2637745,0.1555345,24.27567,153.0336,324.8354,7.0,NB
2025-06-04 16:21:42.062,1134,-0.2326495,0.9261277,-0.2612097,0.1411784,24.71701,155.0599,326.2493,7.0,NB
2025-06-04 16:21:42.108,1135,-0.2289308,0.9282348,-0.2605471,0.1344852,24.96863,155.9834,326.8985,7.0,NB
2025-06-04 16:21:42.152,1136,-0.2208428,0.9334579,-0.2561906,0.11938,25.18597,158.2023,328.4527,7.0,NB
2025-06-04 16:21:42.184,1137,-0.2138616,0.9380957,-0.2512577,0.1054012,25.23456,160.2801,329.859,7.0,NB
2025-06-04 16:21:42.229,1138,-0.2101698,0.9406809,-0.247929,0.09736288,25.18349,161.4837,330.6407,7.0,NB
2025-06-04 16:21:42.274,1139,-0.2041381,0.9444091,-0.2433093,0.08496922,25.14283,163.3201,331.861,7.0,NB
2025-06-04 16:21:42.307,1140,-0.1980036,0.9484636,-0.2369245,0.07126182,24.9109,165.3749,333.1691,7.0,NB
2025-06-04 16:21:42.352,1141,-0.1939604,0.9510689,-0.232451,0.06175822,24.72078,166.7857,334.0384,7.0,NB
2025-06-04 16:21:42.397,1142,-0.1880231,0.9548718,-0.2249201,0.04773245,24.30476,168.8822,335.3196,7.0,NB
2025-06-04 16:21:42.429,1143,-0.1815061,0.9590191,-0.2152997,0.03136962,23.67608,171.313,336.7415,7.0,NB
2025-06-04 16:21:42.474,1144,-0.1801128,0.9600794,-0.2123181,0.02698607,23.45091,171.9608,337.0782,7.0,NB
2025-06-04 16:21:42.518,1145,-0.1743553,0.9636468,-0.2020336,0.01294653,22.63526,174.067,338.3001,7.0,NB
2025-06-04 16:21:42.551,1146,-0.1680228,0.9675408,-0.1887399,-0.003246837,21.48873,176.4792,339.6283,7.0,NB
2025-06-04 16:21:42.597,1147,-0.1660413,0.9688438,-0.1835607,-0.008811605,21.01482,177.3055,340.0503,7.0,NB
2025-06-04 16:21:42.641,1148,-0.1598476,0.9725703,-0.1671214,-0.02503156,19.45565,179.7121,341.2837,7.0,NB
2025-06-04 16:21:42.674,1149,-0.1570747,0.9740782,-0.1595987,-0.03205868,18.72308,180.7452,341.8021,7.0,NB
2025-06-04 16:21:42.719,1150,-0.1555237,0.9748483,-0.1556342,-0.03551731,18.32984,181.2579,342.0742,7.0,NB
2025-06-04 16:21:42.763,1151,-0.1495846,0.977898,-0.1366023,-0.05177022,16.41868,183.6093,343.1271,7.0,NB
2025-06-04 16:21:42.797,1152,-0.1466949,0.9793479,-0.1258972,-0.05923137,15.30588,184.7028,343.5945,7.0,NB
2025-06-04 16:21:42.843,1153,-0.1428356,0.9810783,-0.1114715,-0.06824764,13.78156,186.0326,344.1627,7.0,NB
2025-06-04 16:21:42.875,1154,-0.1393197,0.9826117,-0.09526317,-0.07739171,12.05073,187.3758,344.6398,7.0,NB
2025-06-04 16:21:42.919,1155,-0.1388272,0.9828163,-0.09234547,-0.07919413,11.74204,187.6317,344.7057,7.0,NB
2025-06-04 16:21:42.963,1156,-0.1338079,0.9842762,-0.07224654,-0.08986893,9.571101,189.1954,345.2882,7.0,NB
2025-06-04 16:21:42.997,1157,-0.1300654,0.9850954,-0.05821096,-0.09634046,8.033255,190.16,345.6724,7.0,NB
2025-06-04 16:21:43.042,1158,-0.1277047,0.9855487,-0.04655455,-0.1010854,6.752556,190.875,345.8773,7.0,NB
2025-06-04 16:21:43.075,1159,-0.1253183,0.9858492,-0.03168131,-0.1067387,5.118656,191.7316,346.0374,7.0,NB
2025-06-04 16:21:43.119,1160,-0.1232434,0.9859981,-0.02252701,-0.1100533,4.103012,192.2405,346.1908,7.0,NB
2025-06-04 16:21:43.151,1161,-0.1194319,0.9860732,-0.007141605,-0.1155204,2.38866,193.0802,346.462,7.0,NB
2025-06-04 16:21:43.198,1162,-0.1179877,0.9858777,0.00193899,-0.1188307,1.38772,193.5817,346.5161,7.0,NB
2025-06-04 16:21:43.229,1163,-0.1136865,0.9854372,0.02215218,-0.124493,359.1203,194.5027,346.7262,7.0,NB
2025-06-04 16:21:43.275,1164,-0.1130317,0.9851638,0.02816844,-0.1260277,358.4522,194.7603,346.7092,7.0,NB
2025-06-04 16:21:43.308,1165,-0.1105685,0.9845998,0.0414973,-0.128904,356.9498,195.2711,346.7763,7.0,NB
2025-06-04 16:21:43.352,1166,-0.1079163,0.9837624,0.05557721,-0.1322013,355.3645,195.8427,346.8343,7.0,NB
2025-06-04 16:21:43.397,1167,-0.1034536,0.9820581,0.07275832,-0.1398773,353.4561,196.9592,346.9962,7.0,NB
2025-06-04 16:21:43.429,1168,-0.09618644,0.9784287,0.09883729,-0.1538083,350.5712,198.9278,347.1957,7.0,NB
2025-06-04 16:21:43.474,1169,-0.09404962,0.9775451,0.1046672,-0.1568605,349.9139,199.3591,347.2843,7.0,NB
2025-06-04 16:21:43.508,1170,-0.08760187,0.9741046,0.1238312,-0.1676671,347.7679,200.8816,347.46,7.0,NB
2025-06-04 16:21:43.541,1171,-0.08136675,0.9704776,0.1413153,-0.1777162,345.7965,202.3051,347.6008,7.0,NB
2025-06-04 16:21:43.585,1172,-0.076289,0.9674294,0.1538239,-0.1860077,344.3806,203.4575,347.7201,7.0,NB
2025-06-04 16:21:43.618,1173,-0.06843916,0.962561,0.1718805,-0.198115,342.3156,205.1511,347.8911,7.0,NB
2025-06-04 16:21:43.663,1174,-0.06328002,0.9587861,0.1848584,-0.2062829,340.83,206.3308,347.9239,7.0,NB
2025-06-04 16:21:43.696,1175,-0.05524261,0.9534637,0.2003063,-0.2184788,339.033,208.0256,348.08,7.0,NB
2025-06-04 16:21:43.741,1176,-0.04530635,0.9473062,0.2162064,-0.231977,337.1321,209.8849,348.3445,7.0,NB
2025-06-04 16:21:43.775,1177,-0.0351541,0.94036,0.2316839,-0.2465967,335.2667,211.9079,348.545,7.0,NB
2025-06-04 16:21:43.808,1178,-0.0325604,0.9384946,0.2354648,-0.2504487,334.8079,212.4421,348.5869,7.0,NB
2025-06-04 16:21:43.852,1179,-0.02617672,0.9335744,0.2446725,-0.2605554,333.6918,213.8484,348.6526,7.0,NB
2025-06-04 16:21:43.886,1180,-0.01575243,0.9261725,0.2566393,-0.2758488,332.1801,215.9363,348.8672,7.0,NB
2025-06-04 16:21:43.929,1181,-0.009230321,0.9214973,0.2631121,-0.2855341,331.3379,217.2477,349.0107,7.0,NB
2025-06-04 16:21:43.963,1182,-0.0003679823,0.9150623,0.2704182,-0.2992241,330.3514,219.0755,349.2231,7.0,NB
2025-06-04 16:21:43.996,1183,0.00716755,0.9090611,0.2763562,-0.3117434,329.5412,220.7632,349.3521,7.0,NB
2025-06-04 16:21:44.041,1184,0.01294734,0.9045224,0.2794285,-0.3218565,329.0805,222.0878,349.4924,7.0,NB
2025-06-04 16:21:44.074,1185,0.02097958,0.8993208,0.2819774,-0.333573,328.5891,223.562,349.851,7.0,NB
2025-06-04 16:21:44.108,1186,0.022948,0.8979644,0.2814954,-0.3374819,328.5983,224.0241,349.9611,7.0,NB
2025-06-04 16:21:44.152,1187,0.03079183,0.8925765,0.2821385,-0.3503673,328.3158,225.6096,350.3438,7.0,NB
2025-06-04 16:21:44.185,1188,0.03539888,0.8892527,0.2809834,-0.3592005,328.3209,226.6618,350.6061,7.0,NB
2025-06-04 16:21:44.218,1189,0.04117217,0.8848981,0.279027,-0.3706809,328.3759,228.0262,350.9463,7.0,NB
2025-06-04 16:21:44.263,1190,0.04428631,0.8830339,0.2754815,-0.3773592,328.6716,228.7316,351.2667,7.0,NB
2025-06-04 16:21:44.296,1191,0.04731472,0.8803139,0.2728952,-0.3851457,328.8746,229.6381,351.4746,7.0,NB
2025-06-04 16:21:44.329,1192,0.0516826,0.8766685,0.2689011,-0.3955675,329.1787,230.8284,351.8246,7.0,NB
2025-06-04 16:21:44.375,1193,0.0536227,0.8753752,0.2662533,-0.3999404,329.4005,231.2882,352.0472,7.0,NB
2025-06-04 16:21:44.409,1194,0.05592074,0.8734596,0.2617518,-0.4067277,329.818,232.0068,352.3393,7.0,NB
2025-06-04 16:21:44.441,1195,0.05860392,0.8713071,0.255954,-0.4145807,330.3552,232.82,352.7219,7.0,NB
2025-06-04 16:21:44.485,1196,0.06035915,0.8704416,0.2481533,-0.4208427,331.131,233.3598,353.1935,7.0,NB
2025-06-04 16:21:44.519,1197,0.06162395,0.8696634,0.243467,-0.4249848,331.5855,233.7379,353.4875,7.0,NB
2025-06-04 16:21:44.551,1198,0.06275422,0.8685408,0.2365089,-0.431002,332.2943,234.3028,353.8491,7.0,NB
2025-06-04 16:21:44.597,1199,0.06245852,0.8689796,0.2323851,-0.4324014,332.749,234.3572,354.0331,7.0,NB
2025-06-04 16:21:44.629,1200,0.06115623,0.8678784,0.2204654,-0.4409561,334.1123,235.1641,354.3688,7.0,NB
2025-06-04 16:21:44.675,1201,0.06117764,0.867839,0.2174766,-0.4425121,334.4301,235.2806,354.5109,7.0,NB
2025-06-04 16:21:44.708,1202,0.06001585,0.8677573,0.211414,-0.4457576,335.1391,235.5543,354.6677,7.0,NB
2025-06-04 16:21:44.741,1203,0.057491,0.8679127,0.2017038,-0.4502645,336.3033,235.9162,354.8719,7.0,NB
2025-06-04 16:21:44.785,1204,0.05624704,0.8680625,0.1948591,-0.453138,337.0906,236.1269,355.0835,7.0,NB
2025-06-04 16:21:44.819,1205,0.05317124,0.8684826,0.1848123,-0.4568975,338.3091,236.4021,355.276,7.0,NB
2025-06-04 16:21:44.851,1206,0.05095141,0.8689792,0.1772637,-0.4591919,339.2145,236.5421,355.4452,7.0,NB
2025-06-04 16:21:44.898,1207,0.04916409,0.8691401,0.1721627,-0.461019,339.8427,236.6819,355.5229,7.0,NB
2025-06-04 16:21:44.930,1208,0.04523387,0.8701837,0.1610663,-0.4634568,341.2014,236.7872,355.7248,7.0,NB
2025-06-04 16:21:44.975,1209,0.04372515,0.8709512,0.1558122,-0.4639558,341.8212,236.7494,355.8706,7.0,NB
2025-06-04 16:21:45.008,1210,0.03962792,0.8723267,0.1451837,-0.4651856,343.1322,236.7254,356.0491,7.0,NB
2025-06-04 16:21:45.055,1211,0.03589596,0.8736252,0.1353943,-0.4660035,344.3344,236.6722,356.2205,7.0,NB
2025-06-04 16:21:45.088,1212,0.03090472,0.8751867,0.1235849,-0.4667121,345.8083,236.5906,356.377,7.0,NB
2025-06-04 16:21:45.121,1213,0.02681128,0.8766729,0.1136308,-0.4667056,347.0406,236.4528,356.5258,7.0,NB
2025-06-04 16:21:45.165,1214,0.02260976,0.8778704,0.1051491,-0.466665,348.1285,236.3452,356.5763,7.0,NB
2025-06-04 16:21:45.199,1215,0.01740061,0.879568,0.09225579,-0.4664185,349.7163,236.1631,356.7694,7.0,NB
2025-06-04 16:21:45.244,1216,0.01323107,0.8810636,0.08020391,-0.4659609,351.1609,235.9759,357.0166,7.0,NB
2025-06-04 16:21:45.277,1217,0.008144246,0.8825653,0.06863984,-0.4650815,352.6036,235.7602,357.1406,7.0,NB
2025-06-04 16:21:45.321,1218,0.004221559,0.8840581,0.05926013,-0.4635861,353.76,235.4929,357.2623,7.0,NB
2025-06-04 16:21:45.355,1219,-0.001693661,0.8858191,0.04606939,-0.4617353,355.4083,235.1668,357.3812,7.0,NB
2025-06-04 16:21:45.399,1220,-0.003849174,0.8867633,0.04016904,-0.4604594,356.1183,234.9673,357.4828,7.0,NB
2025-06-04 16:21:45.432,1221,-0.01008905,0.8882902,0.02650887,-0.4584063,357.8311,234.6383,357.5781,7.0,NB
2025-06-04 16:21:45.477,1222,-0.01331682,0.8887179,0.01814039,-0.4579022,358.8513,234.5417,357.6909,7.0,NB
2025-06-04 16:21:45.510,1223,-0.01934947,0.8881205,-0.001661936,-0.4592006,1.187401,234.6627,358.1175,7.0,NB
2025-06-04 16:21:45.554,1224,-0.02048854,0.8878227,-0.004889313,-0.4597035,1.576921,234.724,358.1721,7.0,NB
2025-06-04 16:21:45.588,1225,-0.02256905,0.8872048,-0.01393392,-0.4606133,2.608757,234.8388,358.4391,7.0,NB
2025-06-04 16:21:45.633,1226,-0.02538764,0.8865186,-0.02655502,-0.4612325,4.042835,234.932,358.8214,7.0,NB
2025-06-04 16:21:45.666,1227,-0.02721705,0.8859905,-0.0348384,-0.4615915,4.98295,234.9978,359.076,7.0,NB
2025-06-04 16:21:45.710,1228,-0.02927184,0.8853775,-0.04534815,-0.461729,6.161526,235.0537,359.4262,7.0,NB
2025-06-04 16:21:45.755,1229,-0.03114678,0.8849762,-0.05339553,-0.4615151,7.080107,235.0632,359.6627,7.0,NB
2025-06-04 16:21:45.788,1230,-0.03342789,0.8845165,-0.06418143,-0.4608623,8.299663,235.0421,0.001306294,7.0,NB
2025-06-04 16:21:45.832,1231,-0.03397201,0.8845758,-0.0701189,-0.4598424,8.933876,234.9547,0.2543649,7.0,NB
2025-06-04 16:21:45.866,1232,-0.03559784,0.8844507,-0.0781507,-0.4586637,9.839905,234.8649,0.5071267,7.0,NB
2025-06-04 16:21:45.912,1233,-0.0368583,0.884276,-0.08829965,-0.4570566,10.94433,234.7531,0.9063275,7.0,NB
2025-06-04 16:21:45.944,1234,-0.03650635,0.8842269,-0.09490152,-0.4558554,11.602,234.6765,1.284739,7.0,NB
2025-06-04 16:21:45.988,1235,-0.03587824,0.8842815,-0.1052375,-0.4535243,12.63049,234.5121,1.879423,7.0,NB
2025-06-04 16:21:46.033,1236,-0.03581381,0.884877,-0.1124086,-0.4506381,13.36853,234.2383,2.234297,7.0,NB
2025-06-04 16:21:46.066,1237,-0.03598423,0.8854496,-0.119006,-0.4477968,14.06218,233.9664,2.532182,7.0,NB
2025-06-04 16:21:46.111,1238,-0.03476772,0.8859692,-0.1248886,-0.4452561,14.61105,233.7417,2.938641,7.0,NB
2025-06-04 16:21:46.155,1239,-0.03320158,0.8864554,-0.1307915,-0.4427058,15.14595,233.5258,3.381841,7.0,NB
2025-06-04 16:21:46.188,1240,-0.03172836,0.8870433,-0.1382158,-0.4393678,15.84808,233.2408,3.88426,7.0,NB
2025-06-04 16:21:46.232,1241,-0.03004362,0.8880052,-0.1416301,-0.4364463,16.12663,232.9419,4.194841,7.0,NB
2025-06-04 16:21:46.265,1242,-0.02798739,0.8891548,-0.1462683,-0.4326963,16.51883,232.566,4.595228,7.0,NB
2025-06-04 16:21:46.310,1243,-0.0251806,0.8905147,-0.1505433,-0.4285864,16.84036,232.1486,5.046637,7.0,NB
2025-06-04 16:21:46.355,1244,-0.02302547,0.8915702,-0.1542718,-0.4251743,17.13762,231.8074,5.411879,7.0,NB
2025-06-04 16:21:46.387,1245,-0.02003544,0.8929589,-0.1613694,-0.4197417,17.75888,231.2919,6.008334,7.0,NB
2025-06-04 16:21:46.432,1246,-0.01677718,0.8943189,-0.1658087,-0.4152347,18.08965,230.8477,6.505031,7.0,NB
2025-06-04 16:21:46.465,1247,-0.01277718,0.8958967,-0.170438,-0.4100694,18.41326,230.3374,7.076588,7.0,NB
2025-06-04 16:21:46.509,1248,-0.009158904,0.897465,-0.1739814,-0.4052204,18.64521,229.8418,7.554057,7.0,NB
2025-06-04 16:21:46.543,1249,-0.004057894,0.8995629,-0.1786886,-0.3985484,18.94848,229.1642,8.214164,7.0,NB
2025-06-04 16:21:46.588,1250,-0.0008136369,0.9013959,-0.179906,-0.3938513,18.964,228.6313,8.528109,7.0,NB
2025-06-04 16:21:46.632,1251,0.003835529,0.9034514,-0.1842692,-0.3870476,19.26801,227.9323,9.116805,7.0,NB
2025-06-04 16:21:46.665,1252,0.008151825,0.9048646,-0.1880927,-0.3818049,19.52219,227.4224,9.674016,7.0,NB
2025-06-04 16:21:46.710,1253,0.01367128,0.9066948,-0.190896,-0.3758678,19.62676,226.8176,10.29263,7.0,NB
2025-06-04 16:21:46.743,1254,0.0191732,0.9085244,-0.1932503,-0.3699599,19.69168,226.2083,10.88706,7.0,NB
2025-06-04 16:21:46.787,1255,0.02405746,0.9107988,-0.194377,-0.3634346,19.66925,225.4784,11.33703,7.0,NB
2025-06-04 16:21:46.832,1256,0.03187613,0.9138172,-0.1975548,-0.353404,19.7872,224.4115,12.14043,7.0,NB
2025-06-04 16:21:46.864,1257,0.03790567,0.9160301,-0.1982203,-0.3466423,19.68641,223.666,12.69203,7.0,NB
2025-06-04 16:21:46.909,1258,0.04414566,0.9185945,-0.1984179,-0.3389186,19.54868,222.7917,13.22565,7.0,NB
2025-06-04 16:21:46.955,1259,0.05037783,0.9208575,-0.1991397,-0.3314017,19.47332,221.9638,13.79271,7.0,NB
2025-06-04 16:21:46.988,1260,0.05823519,0.9233416,-0.1999303,-0.3226098,19.36795,221.009,14.52072,7.0,NB
2025-06-04 16:21:47.032,1261,0.06359267,0.9249551,-0.2000922,-0.3168237,19.26011,220.376,15.006,7.0,NB
2025-06-04 16:21:47.065,1262,0.0713794,0.9277401,-0.198822,-0.3076901,18.96465,219.3232,15.62966,7.0,NB
2025-06-04 16:21:47.109,1263,0.07911228,0.9306197,-0.1972594,-0.2979551,18.66311,218.1913,16.22991,7.0,NB
2025-06-04 16:21:47.153,1264,0.08727868,0.9334308,-0.1950227,-0.2881938,18.28682,217.0483,16.85742,7.0,NB
2025-06-04 16:21:47.187,1265,0.09337047,0.9352596,-0.1937056,-0.2811579,18.04876,216.2403,17.35258,7.0,NB
2025-06-04 16:21:47.232,1266,0.1027688,0.9380316,-0.1901258,-0.2709021,17.51812,215.0244,18.07116,7.0,NB
2025-06-04 16:21:47.265,1267,0.1122323,0.9410049,-0.1843454,-0.2606353,16.76437,213.7456,18.72081,7.0,NB
2025-06-04 16:21:47.309,1268,0.1188611,0.9430893,-0.1795216,-0.2534306,16.16256,212.8279,19.15687,7.0,NB
2025-06-04 16:21:47.343,1269,0.1295364,0.9467185,-0.1708908,-0.2402937,15.14824,211.1464,19.82707,7.0,NB
2025-06-04 16:21:47.387,1270,0.1362863,0.9491928,-0.1642628,-0.231251,14.4066,209.9658,20.21611,7.0,NB
2025-06-04 16:21:47.432,1271,0.145715,0.951925,-0.1548972,-0.2204835,13.33508,208.5412,20.81206,7.0,NB
2025-06-04 16:21:47.465,1272,0.1547244,0.9541044,-0.145311,-0.2112584,12.2343,207.2906,21.40331,7.0,NB
2025-06-04 16:21:47.510,1273,0.1655157,0.9570082,-0.1318672,-0.198371,10.76195,205.5257,22.06915,7.0,NB
2025-06-04 16:21:47.543,1274,0.1726981,0.9591504,-0.120937,-0.1886277,9.604273,204.1642,22.4743,7.0,NB
2025-06-04 16:21:47.587,1275,0.1788997,0.9607794,-0.1114309,-0.1802259,8.605844,202.9907,22.84898,7.0,NB
2025-06-04 16:21:47.620,1276,0.188903,0.9629403,-0.09516252,-0.1673504,6.894734,201.153,23.48679,7.0,NB
2025-06-04 16:21:47.665,1277,0.1977338,0.9644052,-0.07946743,-0.1565539,5.242176,199.5598,24.07795,7.0,NB
2025-06-04 16:21:47.698,1278,0.205836,0.9654938,-0.06373467,-0.1462582,3.604014,198.0154,24.6412,7.0,NB
2025-06-04 16:21:47.743,1279,0.2119063,0.9660718,-0.05151083,-0.1383753,2.342968,196.8241,25.09014,7.0,NB
2025-06-04 16:21:47.776,1280,0.2203718,0.9666381,-0.03240684,-0.1264794,0.3957093,194.9994,25.73742,7.0,NB
2025-06-04 16:21:47.821,1281,0.2275707,0.9666504,-0.01609685,-0.1163606,358.7485,193.435,26.34752,7.0,NB
2025-06-04 16:21:47.853,1282,0.233447,0.9663919,-0.001815258,-0.1076386,357.3206,192.0707,26.8777,7.0,NB
2025-06-04 16:21:47.899,1283,0.2379165,0.9659518,0.01129497,-0.1010213,355.9923,190.9676,27.28847,7.0,NB
2025-06-04 16:21:47.931,1284,0.2339084,0.9682853,0.02740837,-0.08342223,354.7153,188.5902,26.76431,7.0,NB
2025-06-04 16:21:47.978,1285,0.2321639,0.9690894,0.02956903,-0.07804722,354.6321,187.9406,26.57195,7.0,NB
2025-06-04 16:21:48.009,1286,0.2262497,0.9712365,0.04209736,-0.06114643,353.7169,185.7581,25.9101,7.0,NB
2025-06-04 16:21:48.055,1287,0.2231128,0.9722351,0.04740611,-0.05227417,353.3672,184.648,25.57992,7.0,NB
2025-06-04 16:21:48.087,1288,0.2187848,0.9734299,0.05386135,-0.04082499,352.9507,183.2296,25.13524,7.0,NB
2025-06-04 16:21:48.131,1289,0.2139284,0.9745621,0.06012819,-0.02912156,352.5502,181.7936,24.64475,7.0,NB
2025-06-04 16:21:48.164,1290,0.2084567,0.9755094,0.06818046,-0.01669953,351.9531,180.2405,24.10734,7.0,NB
2025-06-04 16:21:48.209,1291,0.2050603,0.9760316,0.07248592,-0.007664594,351.6835,179.1449,23.79225,7.0,NB
2025-06-04 16:21:48.242,1292,0.1998077,0.9763275,0.08244078,0.008074711,350.9236,177.1725,23.35649,7.0,NB
2025-06-04 16:21:48.287,1293,0.1954908,0.9763101,0.09022374,0.02149124,350.3418,175.5062,23.02553,7.0,NB
2025-06-04 16:21:48.320,1294,0.1884832,0.9761958,0.09995583,0.03904921,349.605,173.3491,22.46197,7.0,NB
2025-06-04 16:21:48.365,1295,0.184194,0.9760954,0.1043574,0.04919531,349.3037,172.1338,22.11021,7.0,NB
2025-06-04 16:21:48.397,1296,0.1785499,0.975447,0.1115874,0.06458692,348.7768,170.2655,21.70442,7.0,NB
2025-06-04 16:21:48.442,1297,0.1727113,0.9746801,0.1173394,0.08000754,348.3987,168.4284,21.27629,7.0,NB
2025-06-04 16:21:48.476,1298,0.167206,0.9735066,0.1229902,0.09592082,348.0308,166.529,20.91032,7.0,NB
2025-06-04 16:21:48.519,1299,0.1638229,0.9725401,0.1265404,0.1063743,347.8027,165.2796,20.70467,7.0,NB
2025-06-04 16:21:48.553,1300,0.1584956,0.9706843,0.1320888,0.1233039,347.4467,163.2535,20.40209,7.0,NB
2025-06-04 16:21:48.598,1301,0.1559032,0.9695039,0.135078,0.1323266,347.2524,162.1667,20.27884,7.0,NB
2025-06-04 16:21:48.630,1302,0.1496464,0.966421,0.141461,0.1537052,346.8549,159.6008,19.97942,7.0,NB
2025-06-04 16:21:48.675,1303,0.146527,0.9644766,0.1446853,0.1654725,346.6677,158.1854,19.85746,7.0,NB
2025-06-04 16:21:48.708,1304,0.1398135,0.9598095,0.1505847,0.19116,346.3723,155.1078,19.59702,7.0,NB
2025-06-04 16:21:48.742,1305,0.1378537,0.95837,0.152289,0.1983215,346.2775,154.2452,19.52223,7.0,NB
2025-06-04 16:21:48.786,1306,0.1348304,0.9556023,0.1543809,0.2116876,346.2333,152.6512,19.42692,7.0,NB
2025-06-04 16:21:48.819,1307,0.1304683,0.9510754,0.15785,0.2313378,346.12,150.2839,19.32128,7.0,NB
2025-06-04 16:21:48.864,1308,0.1281838,0.9477594,0.1600627,0.2443381,346.0685,148.7038,19.32512,7.0,NB
2025-06-04 16:21:48.909,1309,0.1260373,0.9434023,0.1625849,0.2601404,346.0432,146.7704,19.40266,7.0,NB
2025-06-04 16:21:48.942,1310,0.1219229,0.9371185,0.1657357,0.2819142,346.0022,144.1125,19.37879,7.0,NB
2025-06-04 16:21:48.975,1311,0.1205288,0.9325261,0.1656881,0.2973477,346.2704,142.2661,19.44104,7.0,NB
2025-06-04 16:21:49.022,1312,0.1195797,0.9292793,0.1663963,0.3073324,346.3638,141.0448,19.50789,7.0,NB
2025-06-04 16:21:49.052,1313,0.1170028,0.9181961,0.1690706,0.3385878,346.6294,137.1744,19.7873,7.0,NB
2025-06-04 16:21:49.097,1314,0.1156252,0.914843,0.1695783,0.3477592,346.7114,136.0453,19.78964,7.0,NB
2025-06-04 16:21:49.130,1315,0.1141995,0.9066486,0.1703504,0.3686838,347.0154,133.4475,19.96331,7.0,NB
2025-06-04 16:21:49.163,1316,0.1139692,0.9014951,0.1701258,0.3812808,347.3011,131.8896,20.0977,7.0,NB
2025-06-04 16:21:49.208,1317,0.1139144,0.8951591,0.1704939,0.395785,347.5805,130.0633,20.30524,7.0,NB
2025-06-04 16:21:49.241,1318,0.1145779,0.8859793,0.1706254,0.4156919,348.0486,127.545,20.64178,7.0,NB
2025-06-04 16:21:49.286,1319,0.1158938,0.8771446,0.1704282,0.4337513,348.5541,125.2472,20.99482,7.0,NB
2025-06-04 16:21:49.319,1320,0.1177459,0.8664258,0.1699682,0.4544814,349.1929,122.5931,21.40786,7.0,NB
2025-06-04 16:21:49.364,1321,0.1193842,0.8582442,0.1696938,0.4694344,349.6773,120.6588,21.73006,7.0,NB
2025-06-04 16:21:49.397,1322,0.1214142,0.8488892,0.1693908,0.4857497,350.2335,118.5307,22.09534,7.0,NB
2025-06-04 16:21:49.442,1323,0.1245565,0.8366764,0.1696114,0.5056584,350.9177,115.8844,22.63021,7.0,NB
2025-06-04 16:21:49.474,1324,0.1272537,0.8264083,0.1691922,0.5217566,351.5554,113.7442,23.02431,7.0,NB
2025-06-04 16:21:49.519,1325,0.1291659,0.8191712,0.1686814,0.532749,352.0255,112.279,23.27651,7.0,NB
2025-06-04 16:21:49.552,1326,0.1331031,0.8066247,0.1684933,0.5506818,352.8062,109.8398,23.79572,7.0,NB
2025-06-04 16:21:49.598,1327,0.1357946,0.7995296,0.1677896,0.5604991,353.3341,108.5131,24.07885,7.0,NB
2025-06-04 16:21:49.631,1328,0.1416321,0.782223,0.1680648,0.5829424,354.3874,105.375,24.80499,7.0,NB
2025-06-04 16:21:49.676,1329,0.1433195,0.7773894,0.1681204,0.588949,354.6883,104.5264,25.00351,7.0,NB
2025-06-04 16:21:49.709,1330,0.1503476,0.756052,0.168431,0.6143388,355.9885,100.8886,25.8079,7.0,NB
2025-06-04 16:21:49.744,1331,0.151767,0.7507308,0.1681132,0.6205708,356.3276,99.99814,25.93956,7.0,NB
2025-06-04 16:21:49.788,1332,0.1577373,0.7364582,0.1673269,0.6361998,357.3776,97.73805,26.46859,7.0,NB
2025-06-04 16:21:49.833,1333,0.1604473,0.728871,0.1679262,0.6440532,357.8154,96.55031,26.77737,7.0,NB
2025-06-04 16:21:49.866,1334,0.1634142,0.7164861,0.1662548,0.6574976,358.662,94.5963,26.9309,7.0,NB
2025-06-04 16:21:49.912,1335,0.1609278,0.7066987,0.1604723,0.6700209,359.3605,92.90297,26.26491,7.0,NB
2025-06-04 16:21:49.945,1336,0.1575731,0.6951448,0.1529855,0.6845,0.1732284,90.92313,25.37311,7.0,NB
2025-06-04 16:21:49.990,1337,0.1556892,0.6862142,0.1477596,0.6950096,0.78048,89.44175,24.77776,7.0,NB
2025-06-04 16:21:50.034,1338,0.153347,0.6758511,0.1414509,0.7068959,1.467004,87.74007,24.0413,7.0,NB
2025-06-04 16:21:50.069,1339,0.150674,0.6610909,0.1333511,0.7228237,2.378867,85.37797,23.09987,7.0,NB
2025-06-04 16:21:50.083,1340,0.1487834,0.6512195,0.1282482,0.7330275,2.92847,83.81759,22.47619,7.0,NB
2025-06-04 16:21:50.149,1341,0.14688,0.6412221,0.1229441,0.7430649,3.475044,82.25475,21.82419,7.0,NB
2025-06-04 16:21:50.194,1342,0.1424704,0.6163816,0.1113193,0.76641,4.654737,78.45062,20.32901,7.0,NB
2025-06-04 16:21:50.238,1343,0.139246,0.5941662,0.1019475,0.7856106,5.603216,75.14468,19.09989,7.0,NB
2025-06-04 16:21:50.271,1344,0.1360462,0.5724448,0.09236947,0.8032848,6.477602,71.96648,17.82495,7.0,NB
2025-06-04 16:21:50.316,1345,0.1343803,0.5608767,0.08829273,0.8121355,6.847509,70.29829,17.23347,7.0,NB
2025-06-04 16:21:50.371,1346,0.1287058,0.5167684,0.07091866,0.8434193,8.26831,64.06722,14.79161,7.0,NB
2025-06-04 16:21:50.388,1347,0.1257954,0.4935955,0.06250179,0.8582732,8.872281,60.86269,13.54886,7.0,NB
2025-06-04 16:21:50.408,1348,0.1246793,0.484298,0.05966938,0.8639157,9.069318,59.59236,13.10266,7.0,NB
2025-06-04 16:21:50.474,1349,0.1227099,0.4733308,0.05684458,0.8704419,9.195926,58.08947,12.58721,7.0,NB
2025-06-04 16:21:50.518,1350,0.1147882,0.4255309,0.040742,0.8967093,9.85697,51.63591,9.980776,7.0,NB
2025-06-04 16:21:50.562,1351,0.1097635,0.3814078,0.02698506,0.9174705,10.41781,45.85785,7.786294,7.0,NB
2025-06-04 16:21:50.595,1352,0.1059752,0.358766,0.02141131,0.9271451,10.43649,42.92665,6.758829,7.0,NB
2025-06-04 16:21:50.641,1353,0.1031555,0.344855,0.01973222,0.9327621,10.30158,41.14851,6.29958,7.0,NB
2025-06-04 16:21:50.685,1354,0.09637155,0.3038005,0.009366371,0.9478028,10.19457,35.94142,4.446861,7.0,NB
2025-06-04 16:21:50.718,1355,0.09227961,0.283855,0.00429142,0.954407,10.0035,33.4353,3.526763,7.0,NB
2025-06-04 16:21:50.762,1356,0.08508105,0.252675,-0.001109019,0.9638026,9.471856,29.57737,2.374024,7.0,NB
2025-06-04 16:21:50.796,1357,0.08063736,0.2321304,-0.004845904,0.9693245,9.124325,27.06461,1.627512,7.0,NB
2025-06-04 16:21:50.841,1358,0.07516257,0.2072304,-0.008886589,0.9753602,8.644559,24.05054,0.8007606,7.0,NB
2025-06-04 16:21:50.886,1359,0.07078858,0.1883557,-0.01144747,0.9794796,8.220572,21.78805,0.2455574,7.0,NB
2025-06-04 16:21:50.918,1360,0.06461076,0.1659105,-0.01459812,0.9839137,7.584417,19.11478,359.5788,7.0,NB
2025-06-04 16:21:50.964,1361,0.0591621,0.1492189,-0.01647008,0.9868953,6.989583,17.14367,359.1426,7.0,NB
2025-06-04 16:21:50.996,1362,0.05254381,0.1285236,-0.01841693,0.9901423,6.245321,14.71942,358.6763,7.0,NB
2025-06-04 16:21:51.044,1363,0.04801301,0.116621,-0.01984146,0.9918169,5.731574,13.33126,358.3783,7.0,NB
2025-06-04 16:21:51.086,1364,0.04332554,0.1029279,-0.02046011,0.9935343,5.181017,11.7466,358.1739,7.0,NB
2025-06-04 16:21:51.118,1365,0.03669412,0.08492526,-0.02187575,0.9954712,4.403015,9.669904,357.8549,7.0,NB
2025-06-04 16:21:51.162,1366,0.03082589,0.07215404,-0.02293181,0.9966534,3.712768,8.204741,357.6302,7.0,NB
2025-06-04 16:21:51.207,1367,0.02507997,0.06060035,-0.02420209,0.9975536,3.036408,6.883934,357.403,7.0,NB
2025-06-04 16:21:51.242,1368,0.01872889,0.04893833,-0.02572407,0.9982949,2.28738,5.556273,357.1589,7.0,NB
2025-06-04 16:21:51.285,1369,0.01391292,0.03942066,-0.02609742,0.9987851,1.710509,4.476725,357.0734,7.0,NB
2025-06-04 16:21:51.318,1370,0.009988949,0.03175565,-0.0263088,0.9990996,1.239451,3.608766,357.0222,7.0,NB
2025-06-04 16:21:51.363,1371,0.002200887,0.02140085,-0.0252937,0.9994486,0.3140947,2.445405,357.1073,7.0,NB
2025-06-04 16:21:51.396,1372,-0.003438398,0.01292858,-0.02440909,0.9996126,359.6423,1.490747,357.1978,7.0,NB
2025-06-04 16:21:51.440,1373,-0.009665739,0.002613833,-0.02467924,0.9996453,358.9001,0.326814,357.1684,7.0,NB
2025-06-04 16:21:51.472,1374,-0.01729737,-0.008422121,-0.02426427,0.9995205,357.995,359.0829,357.2348,7.0,NB
2025-06-04 16:21:51.518,1375,-0.01976577,-0.01104945,-0.02380093,0.9994603,357.7055,358.7874,357.2959,7.0,NB
2025-06-04 16:21:51.562,1376,-0.02800607,-0.02129541,-0.02312135,0.9991134,356.7354,357.6316,357.4161,7.0,NB
2025-06-04 16:21:51.596,1377,-0.03177262,-0.02544104,-0.02350637,0.9988949,356.292,357.1664,357.3956,7.0,NB
2025-06-04 16:21:51.640,1378,-0.03351493,-0.027411,-0.02367244,0.9987818,356.0868,356.9451,357.3889,7.0,NB
2025-06-04 16:21:51.672,1379,-0.03362013,-0.02723822,-0.02398587,0.9987755,356.0742,356.9664,357.3526,7.0,NB
2025-06-04 16:21:51.717,1380,-0.03360067,-0.02658989,-0.02495067,0.99877,356.0753,357.0446,357.2392,7.0,NB
2025-06-04 16:21:51.750,1381,-0.03346709,-0.02586311,-0.02550222,0.9987797,356.091,357.1299,357.1727,7.0,NB
2025-06-04 16:21:51.795,1382,-0.03430847,-0.02460583,-0.02639066,0.9987598,355.9958,357.28,357.0679,7.0,NB
2025-06-04 16:21:51.828,1383,-0.03424925,-0.02421537,-0.02687585,0.9987584,356.0024,357.3266,357.0105,7.0,NB
2025-06-04 16:21:51.873,1384,-0.03451465,-0.02394286,-0.02823931,0.9987183,355.9692,357.3641,356.8535,7.0,NB
2025-06-04 16:21:51.907,1385,-0.03546091,-0.0236258,-0.02852736,0.9986845,355.861,357.4045,356.8214,7.0,NB
2025-06-04 16:21:51.951,1386,-0.03640169,-0.02304515,-0.02869384,0.9986595,355.7546,357.4747,356.802,7.0,NB
2025-06-04 16:21:51.995,1387,-0.03813858,-0.02255741,-0.02967482,0.9985771,355.5547,357.5403,356.6912,7.0,NB
2025-06-04 16:21:52.029,1388,-0.03821397,-0.02180766,-0.03007252,0.998579,355.5476,357.6284,356.6423,7.0,NB
2025-06-04 16:21:52.065,1389,-0.03762482,-0.02071015,-0.03031041,0.9986175,355.6183,357.7536,356.6089,7.0,NB
2025-06-04 16:21:52.106,1390,-0.03946575,-0.01890614,-0.0294158,0.998609,355.4152,357.9626,356.707,7.0,NB
2025-06-04 16:21:52.139,1391,-0.04125214,-0.01802843,-0.02872739,0.9985731,355.2147,358.0657,356.7851,7.0,NB
2025-06-04 16:21:52.184,1392,-0.04243827,-0.01768498,-0.02965264,0.9985025,355.0781,358.1134,356.679,7.0,NB
2025-06-04 16:21:52.217,1393,-0.04301454,-0.01745552,-0.0303355,0.9984613,355.0115,358.145,356.6003,7.0,NB
2025-06-04 16:21:52.262,1394,-0.04478881,-0.01669071,-0.03010521,0.9984033,354.8111,358.2375,356.6256,7.0,NB
2025-06-04 16:21:52.295,1395,-0.04560988,-0.0158038,-0.03040382,0.9983715,354.7195,358.3436,356.5878,7.0,NB
2025-06-04 16:21:52.328,1396,-0.04634421,-0.0149966,-0.03042341,0.9983496,354.638,358.4389,356.5822,7.0,NB
2025-06-04 16:21:52.372,1397,-0.04816121,-0.01439701,-0.03004543,0.9982839,354.4323,358.5117,356.6245,7.0,NB
2025-06-04 16:21:52.406,1398,-0.04997631,-0.01453078,-0.02980777,0.9981998,354.224,358.5008,356.6548,7.0,NB
2025-06-04 16:21:52.439,1399,-0.05238501,-0.01451309,-0.03041272,0.9980584,353.947,358.5143,356.5878,7.0,NB
2025-06-04 16:21:52.484,1400,-0.05490814,-0.01491579,-0.02987043,0.9979331,353.657,358.4727,356.6557,7.0,NB
2025-06-04 16:21:52.528,1401,-0.05707955,-0.0152009,-0.02965475,0.9978134,353.4073,358.4454,356.6849,7.0,NB
2025-06-04 16:21:52.561,1402,-0.05885174,-0.01555499,-0.0292511,0.997717,353.2034,358.4075,356.7359,7.0,NB
2025-06-04 16:21:52.594,1403,-0.06092173,-0.0151933,-0.02923448,0.9975988,352.9671,358.4554,356.7378,7.0,NB
2025-06-04 16:21:52.639,1404,-0.06436417,-0.01414962,-0.028342,0.9974236,352.5767,358.5797,356.8369,7.0,NB
2025-06-04 16:21:52.672,1405,-0.06690089,-0.01317868,-0.02835914,0.9972695,352.2886,358.6995,356.8299,7.0,NB
2025-06-04 16:21:52.707,1406,-0.06922211,-0.01262709,-0.02822801,0.9971219,352.024,358.7691,356.8427,7.0,NB
2025-06-04 16:21:52.750,1407,-0.07138078,-0.01217162,-0.02963655,0.9969345,351.7759,358.8399,356.6779,7.0,NB
2025-06-04 16:21:52.784,1408,-0.07069187,-0.01149752,-0.02976389,0.9969878,351.8571,358.9166,356.6571,7.0,NB
2025-06-04 16:21:52.829,1409,-0.07050663,-0.01116005,-0.0285492,0.9970403,351.8808,358.945,356.7946,7.0,NB
2025-06-04 16:21:52.861,1410,-0.07057668,-0.01115033,-0.02830093,0.9970425,351.873,358.9443,356.8232,7.0,NB
2025-06-04 16:21:52.907,1411,-0.07001837,-0.01185783,-0.0283249,0.9970731,351.9349,358.8611,356.8258,7.0,NB
2025-06-04 16:21:52.940,1412,-0.07126045,-0.01306295,-0.02807999,0.9969769,351.7887,358.7237,356.865,7.0,NB
2025-06-04 16:21:52.974,1413,-0.07131487,-0.01388131,-0.02788896,0.9969673,351.7802,358.6278,356.8939,7.0,NB
2025-06-04 16:21:53.018,1414,-0.06976675,-0.01467581,-0.02697226,0.9970908,351.9568,358.5241,357.0047,7.0,NB
2025-06-04 16:21:53.050,1415,-0.06852374,-0.01594032,-0.02592517,0.9971853,352.0975,358.3664,357.1343,7.0,NB
2025-06-04 16:21:53.096,1416,-0.06795385,-0.01674289,-0.02569276,0.9972171,352.161,358.2704,357.1668,7.0,NB
2025-06-04 16:21:53.129,1417,-0.06830927,-0.01674611,-0.02458216,0.9972208,352.1221,358.2621,357.2955,7.0,NB
2025-06-04 16:21:53.173,1418,-0.06708626,-0.01673373,-0.0245903,0.9973038,352.2625,358.2606,357.2928,7.0,NB
2025-06-04 16:21:53.206,1419,-0.06516109,-0.01671241,-0.02432303,0.9974384,352.4841,358.2562,357.3207,7.0,NB
2025-06-04 16:21:53.239,1420,-0.06391437,-0.01650654,-0.02439283,0.9975207,352.6277,358.2773,357.3094,7.0,NB
2025-06-04 16:21:53.283,1421,-0.06119767,-0.01641282,-0.0242575,0.9976959,352.9399,358.2804,357.3205,7.0,NB
2025-06-04 16:21:53.317,1422,-0.05822861,-0.01660722,-0.02522038,0.9978466,353.2785,358.2571,357.2067,7.0,NB
2025-06-04 16:21:53.349,1423,-0.05527923,-0.01652473,-0.02622212,0.9979899,353.6154,358.2653,357.0866,7.0,NB
2025-06-04 16:21:53.394,1424,-0.05257179,-0.01578968,-0.02738822,0.9981167,353.9261,358.3495,356.944,7.0,NB
2025-06-04 16:21:53.429,1425,-0.05256123,-0.01544318,-0.02808058,0.9981034,353.9273,358.3936,356.8622,7.0,NB
2025-06-04 16:21:53.473,1426,-0.0513836,-0.01446119,-0.02928678,0.9981449,354.0637,358.5102,356.716,7.0,NB
2025-06-04 16:21:53.506,1427,-0.04953432,-0.01344695,-0.02948562,0.9982466,354.2788,358.6222,356.6851,7.0,NB
2025-06-04 16:21:53.550,1428,-0.0474603,-0.01183154,-0.02899216,0.9983823,354.5226,358.7985,356.7308,7.0,NB
2025-06-04 16:21:53.583,1429,-0.04636721,-0.0114901,-0.02815817,0.9984614,354.65,358.8298,356.8239,7.0,NB
2025-06-04 16:21:53.617,1430,-0.04577566,-0.01183001,-0.02799759,0.9984893,354.717,358.7881,356.8436,7.0,NB
2025-06-04 16:21:53.650,1431,-0.04457287,-0.01284172,-0.02784158,0.9985356,354.8519,358.6673,356.8657,7.0,NB
2025-06-04 16:21:53.695,1432,-0.04374779,-0.01394799,-0.02780482,0.9985583,354.9431,358.5375,356.8746,7.0,NB
2025-06-04 16:21:53.739,1433,-0.04323234,-0.01490216,-0.02759951,0.9985726,354.9995,358.4253,356.9024,7.0,NB
2025-06-04 16:21:53.783,1434,-0.04222849,-0.01542556,-0.02791214,0.998599,355.1125,358.3637,356.8677,7.0,NB
2025-06-04 16:21:53.816,1435,-0.04136597,-0.01509026,-0.02854695,0.9986222,355.2114,358.4027,356.7919,7.0,NB
2025-06-04 16:21:53.862,1436,-0.04078839,-0.01420629,-0.02822232,0.9986682,355.2809,358.5009,356.8243,7.0,NB
2025-06-04 16:21:53.895,1437,-0.03958853,-0.01378285,-0.02824873,0.9987217,355.4198,358.546,356.8178,7.0,NB
2025-06-04 16:21:53.939,1438,-0.03769676,-0.0129054,-0.0287076,0.9987935,355.6388,358.6429,356.759,7.0,NB
2025-06-04 16:21:53.972,1439,-0.03811824,-0.0120962,-0.02881235,0.9987847,355.593,358.7376,356.7438,7.0,NB
2025-06-04 16:21:54.017,1440,-0.03786975,-0.01220513,-0.02856364,0.9987999,355.6215,358.7232,356.7726,7.0,NB
2025-06-04 16:21:54.050,1441,-0.03831939,-0.01283979,-0.02884496,0.9987667,355.5675,358.653,356.7436,7.0,NB
2025-06-04 16:21:54.095,1442,-0.03898111,-0.01365452,-0.02936801,0.998715,355.4882,358.5639,356.6879,7.0,NB
2025-06-04 16:21:54.129,1443,-0.03906512,-0.01379746,-0.02950194,0.9987059,355.4779,358.5484,356.6732,7.0,NB
2025-06-04 16:21:54.172,1444,-0.04023632,-0.0135185,-0.03025802,0.9986405,355.3435,358.5877,356.5865,7.0,NB
2025-06-04 16:21:54.205,1445,-0.03977384,-0.01254578,-0.03123269,0.9986417,355.3986,358.7024,356.4694,7.0,NB
2025-06-04 16:21:54.250,1446,-0.03776269,-0.01123567,-0.0312418,0.9987351,355.6337,358.8459,356.4606,7.0,NB
2025-06-04 16:21:54.283,1447,-0.03812217,-0.01045688,-0.03112069,0.9987337,355.5954,358.936,356.4714,7.0,NB
2025-06-04 16:21:54.317,1448,-0.03905386,-0.009936361,-0.0308668,0.9987109,355.4907,358.9978,356.4989,7.0,NB
2025-06-04 16:21:54.362,1449,-0.03972602,-0.009463198,-0.03068505,0.9986945,355.4155,359.0536,356.5182,7.0,NB
2025-06-04 16:21:54.406,1450,-0.03875933,-0.009134976,-0.03111108,0.9987225,355.5271,359.0899,356.4671,7.0,NB
2025-06-04 16:21:54.438,1451,-0.03899668,-0.008980375,-0.03155679,0.9987007,355.5,359.1105,356.4153,7.0,NB
2025-06-04 16:21:54.472,1452,-0.03867481,-0.009215633,-0.03083211,0.9987336,355.5367,359.0791,356.4994,7.0,NB
2025-06-04 16:21:54.506,1453,-0.0378309,-0.009177078,-0.03061346,0.998773,355.6338,359.0797,356.5238,7.0,NB
2025-06-04 16:21:54.550,1454,-0.03752418,-0.009016748,-0.02972593,0.9988129,355.6703,359.0932,356.6249,7.0,NB
2025-06-04 16:21:54.595,1455,-0.03767138,-0.009344266,-0.02899558,0.9988258,355.653,359.0529,356.7103,7.0,NB
2025-06-04 16:21:54.629,1456,-0.03837892,-0.009557976,-0.02837459,0.9988146,355.5718,359.0279,356.7831,7.0,NB
2025-06-04 16:21:54.673,1457,-0.04014443,-0.01015781,-0.02830785,0.9987412,355.3676,358.9642,356.7948,7.0,NB
2025-06-04 16:21:54.706,1458,-0.0404815,-0.01096189,-0.02799755,0.9987279,355.3267,358.8715,356.8345,7.0,NB
2025-06-04 16:21:54.750,1459,-0.04091212,-0.01161753,-0.02769631,0.9987113,355.2756,358.7961,356.8726,7.0,NB
2025-06-04 16:21:54.784,1460,-0.0417881,-0.01118676,-0.02749677,0.9986855,355.1768,358.8473,356.8943,7.0,NB
2025-06-04 16:21:54.828,1461,-0.04110051,-0.01065728,-0.02700045,0.9987334,355.2578,358.9037,356.9482,7.0,NB
2025-06-04 16:21:54.862,1462,-0.0410326,-0.01037429,-0.02688113,0.9987423,355.2666,358.9354,356.9605,7.0,NB
2025-06-04 16:21:54.895,1463,-0.04080739,-0.01067213,-0.02724255,0.9987386,355.2911,358.9022,356.9202,7.0,NB
2025-06-04 16:21:54.939,1464,-0.03859736,-0.01050894,-0.02767332,0.9988164,355.5445,358.9163,356.8681,7.0,NB
2025-06-04 16:21:54.972,1465,-0.03779216,-0.01021488,-0.02697361,0.9988694,355.6385,358.9445,356.9465,7.0,NB
2025-06-04 16:21:55.017,1466,-0.0372569,-0.009742396,-0.02490654,0.9989479,355.7033,358.9882,357.1815,7.0,NB
2025-06-04 16:21:55.050,1467,-0.03662705,-0.01044706,-0.0252261,0.998956,355.7732,358.907,357.1472,7.0,NB
2025-06-04 16:21:55.083,1468,-0.03523198,-0.01129204,-0.02567231,0.9989856,355.9302,358.8079,357.0982,7.0,NB
2025-06-04 16:21:55.129,1469,-0.03338042,-0.01160808,-0.02484448,0.9990665,356.1425,358.7632,357.1926,7.0,NB
2025-06-04 16:21:55.174,1470,-0.03363784,-0.01093551,-0.023534,0.9990972,356.1164,358.836,357.3407,7.0,NB
2025-06-04 16:21:55.206,1471,-0.03422456,-0.01008677,-0.02256463,0.9991086,356.0525,358.9311,357.4492,7.0,NB
2025-06-04 16:21:55.239,1472,-0.03388872,-0.009483598,-0.02263493,0.9991244,356.0924,358.9997,357.4385,7.0,NB
2025-06-04 16:21:55.283,1473,-0.03296813,-0.009451663,-0.02194914,0.9991707,356.1987,358.9985,357.5164,7.0,NB
2025-06-04 16:21:55.317,1474,-0.03215019,-0.008992343,-0.02231785,0.9991935,356.2932,359.0506,357.4716,7.0,NB
2025-06-04 16:21:55.362,1475,-0.0317397,-0.008087963,-0.02164152,0.9992292,356.3432,359.1508,357.5457,7.0,NB
2025-06-04 16:21:55.406,1476,-0.03248047,-0.008066418,-0.02032286,0.9992332,356.2594,359.1502,357.6974,7.0,NB
2025-06-04 16:21:55.438,1477,-0.03235701,-0.008554299,-0.01926915,0.9992542,356.2734,359.09,357.8202,7.0,NB
2025-06-04 16:21:55.472,1478,-0.03228118,-0.009004936,-0.01886048,0.9992604,356.2815,359.0366,357.8687,7.0,NB
2025-06-04 16:21:55.517,1479,-0.03318896,-0.00902255,-0.01814707,0.9992437,356.1781,359.0337,357.9514,7.0,NB
2025-06-04 16:21:55.549,1480,-0.03286167,-0.009751954,-0.01657036,0.999275,356.2158,358.9434,358.1349,7.0,NB
2025-06-04 16:21:55.594,1481,-0.033419,-0.01109372,-0.01591302,0.9992533,356.1502,358.7878,358.216,7.0,NB
2025-06-04 16:21:55.628,1482,-0.03422157,-0.01152987,-0.01757666,0.9991933,356.0553,358.7457,358.0276,7.0,NB
2025-06-04 16:21:55.671,1483,-0.03318464,-0.01163405,-0.01767733,0.9992253,356.1739,358.7321,358.0153,7.0,NB
2025-06-04 16:21:55.706,1484,-0.03364118,-0.01176309,-0.01840362,0.9991954,356.1203,358.721,357.933,7.0,NB
2025-06-04 16:21:55.750,1485,-0.03506681,-0.01176156,-0.01873725,0.9991401,355.9565,358.7254,357.8963,7.0,NB
2025-06-04 16:21:55.783,1486,-0.03548094,-0.01224755,-0.01884077,0.9991178,355.9078,358.6709,357.8868,7.0,NB
2025-06-04 16:21:55.817,1487,-0.03541074,-0.01192434,-0.01825825,0.999135,355.9173,358.7054,357.9523,7.0,NB
2025-06-04 16:21:55.862,1488,-0.0365185,-0.01129218,-0.01670618,0.9991296,355.7935,358.7737,358.1292,7.0,NB
2025-06-04 16:21:55.905,1489,-0.03694982,-0.01049805,-0.01640839,0.9991273,355.7459,358.8643,358.1604,7.0,NB
2025-06-04 16:21:55.939,1490,-0.03549437,-0.0103025,-0.01654659,0.9991799,355.913,358.8848,358.1423,7.0,NB
2025-06-04 16:21:55.983,1491,-0.03498078,-0.01081808,-0.01656027,0.9991923,355.9709,358.8247,358.1423,7.0,NB
2025-06-04 16:21:56.017,1492,-0.03504309,-0.01101277,-0.0170316,0.9991801,355.9628,358.8044,358.0891,7.0,NB
2025-06-04 16:21:56.061,1493,-0.03580061,-0.01082346,-0.01745546,0.999148,355.8758,358.8293,358.0404,7.0,NB
2025-06-04 16:21:56.094,1494,-0.03719788,-0.01093462,-0.01768676,0.9990916,355.7151,358.8201,358.0157,7.0,NB
2025-06-04 16:21:56.138,1495,-0.03941326,-0.01045961,-0.01754489,0.9990143,355.4622,358.8783,358.0322,7.0,NB
2025-06-04 16:21:56.173,1496,-0.03847368,-0.009815331,-0.01808728,0.9990478,355.5707,358.9529,357.9661,7.0,NB
2025-06-04 16:21:56.218,1497,-0.03867665,-0.00992997,-0.01819445,0.9990368,355.5471,358.9406,357.9545,7.0,NB
2025-06-04 16:21:56.249,1498,-0.04135436,-0.009824367,-0.01765093,0.9989404,355.2408,358.9554,358.0188,7.0,NB
2025-06-04 16:21:56.294,1499,-0.04501124,-0.01041242,-0.0151964,0.9988167,354.823,358.882,358.3073,7.0,NB
2025-06-04 16:21:56.328,1500,-0.04662791,-0.01129301,-0.01542099,0.9987295,354.6358,358.7845,358.2877,7.0,NB
2025-06-04 16:21:56.361,1501,-0.0460348,-0.01234663,-0.0166889,0.9987242,354.7004,358.6692,358.1469,7.0,NB
2025-06-04 16:21:56.406,1502,-0.04217656,-0.01295771,-0.01584955,0.9989004,355.1429,358.5882,358.2418,7.0,NB
2025-06-04 16:21:56.438,1503,-0.04033293,-0.0128094,-0.01609606,0.9989745,355.3542,358.6033,358.2104,7.0,NB
2025-06-04 16:21:56.483,1504,-0.03962342,-0.0124906,-0.01761991,0.9989813,355.4341,358.6457,358.0331,7.0,NB
2025-06-04 16:21:56.517,1505,-0.03927686,-0.01190751,-0.01887194,0.9989793,355.4733,358.7177,357.8862,7.0,NB
2025-06-04 16:21:56.560,1506,-0.03849215,-0.01146143,-0.01978621,0.9989973,355.5631,358.7714,357.7783,7.0,NB
2025-06-04 16:21:56.594,1507,-0.03933168,-0.01117858,-0.02116672,0.9989396,355.4659,358.812,357.6193,7.0,NB
2025-06-04 16:21:56.639,1508,-0.04002792,-0.01012934,-0.02297849,0.9988831,355.3866,358.9425,357.407,7.0,NB
2025-06-04 16:21:56.671,1509,-0.03957572,-0.01017969,-0.02289389,0.9989025,355.4384,358.9352,357.4165,7.0,NB
2025-06-04 16:21:56.717,1510,-0.0382677,-0.01152836,-0.02217987,0.9989549,355.5858,358.7739,357.5034,7.0,NB
2025-06-04 16:21:56.749,1511,-0.03891506,-0.01243824,-0.02279417,0.9989052,355.5085,358.6737,357.4376,7.0,NB
2025-06-04 16:21:56.795,1512,-0.03885694,-0.01306336,-0.02321647,0.9988897,355.5129,358.6037,357.3918,7.0,NB
2025-06-04 16:21:56.828,1513,-0.03885741,-0.01363002,-0.02260691,0.9988961,355.5123,358.5359,357.4644,7.0,NB
2025-06-04 16:21:56.872,1514,-0.03903991,-0.01390077,-0.02266772,0.9988839,355.4906,358.5055,357.4589,7.0,NB
2025-06-04 16:21:56.906,1515,-0.03902285,-0.01440379,-0.02266553,0.9988775,355.4913,358.4477,357.4614,7.0,NB
2025-06-04 16:21:56.949,1516,-0.03841726,-0.01462499,-0.02316158,0.9988863,355.5594,358.423,357.4045,7.0,NB
2025-06-04 16:21:56.984,1517,-0.03882181,-0.01499468,-0.02396635,0.9988462,355.5107,358.3852,357.3143,7.0,NB
2025-06-04 16:21:57.027,1518,-0.04070213,-0.01593282,-0.02504287,0.9987305,355.2908,358.2873,357.1977,7.0,NB
2025-06-04 16:21:57.061,1519,-0.0419618,-0.01685097,-0.02640782,0.9986281,355.1413,358.1919,357.0471,7.0,NB
2025-06-04 16:21:57.106,1520,-0.0416134,-0.01689772,-0.02805191,0.998597,355.1781,358.1935,356.8579,7.0,NB
2025-06-04 16:21:57.138,1521,-0.04278861,-0.0156909,-0.02860619,0.9985514,355.0463,358.3384,356.79,7.0,NB
2025-06-04 16:21:57.174,1522,-0.04492806,-0.01356883,-0.02910643,0.998474,354.8071,358.5914,356.7244,7.0,NB
2025-06-04 16:21:57.218,1523,-0.0439539,-0.011475,-0.02918099,0.9985414,354.9256,358.8293,356.704,7.0,NB
2025-06-04 16:21:57.261,1524,-0.04191934,-0.01135288,-0.03063247,0.9985869,355.1576,358.8438,356.5348,7.0,NB
2025-06-04 16:21:57.294,1525,-0.04028694,-0.01226842,-0.03212701,0.9985963,355.3396,358.7402,356.3659,7.0,NB
2025-06-04 16:21:57.339,1526,-0.03768203,-0.01484927,-0.03291566,0.9986372,355.6276,358.4381,356.284,7.0,NB
2025-06-04 16:21:57.372,1527,0.03607286,0.01729345,0.03359447,-0.9986347,355.8017,358.1546,356.2142,7.0,NB
2025-06-04 16:21:57.405,1528,0.03477979,0.01996063,0.03355065,-0.9986323,355.9398,357.8436,356.228,7.0,NB
2025-06-04 16:21:57.449,1529,0.03202349,0.0247174,0.03285522,-0.9986412,356.2396,357.2852,356.3204,7.0,NB
2025-06-04 16:21:57.494,1530,0.03124551,0.02733616,0.03197747,-0.9986261,356.3217,356.9787,356.4289,7.0,NB
2025-06-04 16:21:57.528,1531,0.0313811,0.02747017,0.03070111,-0.9986582,356.3096,356.959,356.5763,7.0,NB
2025-06-04 16:21:57.571,1532,0.03356481,0.0263214,0.0303874,-0.9986278,356.0643,357.0967,356.6139,7.0,NB
2025-06-04 16:21:57.605,1533,0.0349597,0.02507873,0.0312466,-0.9985853,355.9063,357.2473,356.5139,7.0,NB
2025-06-04 16:21:57.650,1534,0.03614523,0.02286365,0.03199928,-0.9985725,355.7763,357.5088,356.4211,7.0,NB
2025-06-04 16:21:57.683,1535,0.03824519,0.02124169,0.03209254,-0.9985271,355.5413,357.7025,356.4077,7.0,NB
2025-06-04 16:21:57.727,1536,0.04063521,0.01925846,0.0329654,-0.9984445,355.2727,357.9426,356.3029,7.0,NB
2025-06-04 16:21:57.761,1537,0.04268675,0.01824957,0.03378512,-0.9983504,355.0397,358.0699,356.2072,7.0,NB
2025-06-04 16:21:57.804,1538,0.04187339,0.01663411,0.03474915,-0.99838,355.1374,358.2572,356.0872,7.0,NB
2025-06-04 16:21:57.838,1539,0.04009759,0.01560617,0.03520827,-0.9984534,355.3442,358.3706,356.0271,7.0,NB
2025-06-04 16:21:57.884,1540,0.03708967,0.0155028,0.03406015,-0.9986111,355.6912,358.3659,356.1546,7.0,NB
2025-06-04 16:21:57.916,1541,0.0353319,0.0155467,0.03373574,-0.9986852,355.893,358.353,356.1896,7.0,NB
2025-06-04 16:21:57.960,1542,0.03376804,0.01571579,0.03420808,-0.9987205,356.0707,358.3296,356.1339,7.0,NB
2025-06-04 16:21:58.005,1543,0.03280907,0.01604945,0.03437727,-0.9987414,356.179,358.2884,356.1143,7.0,NB
2025-06-04 16:21:58.051,1544,0.0325818,0.01458414,0.03459497,-0.9987638,356.2104,358.4565,356.0835,7.0,NB
2025-06-04 16:21:58.082,1545,0.03186224,0.0131005,0.03438387,-0.9988148,356.299,358.6231,356.1013,7.0,NB
2025-06-04 16:21:58.128,1546,0.02978322,0.01190146,0.03403899,-0.9989058,356.5423,358.7515,356.1343,7.0,NB
2025-06-04 16:21:58.161,1547,0.02884981,0.01156455,0.03407874,-0.9989358,356.6505,358.7867,356.1277,7.0,NB
2025-06-04 16:21:58.206,1548,0.0278183,0.01117626,0.03425991,-0.9989633,356.77,358.8279,356.1046,7.0,NB
2025-06-04 16:21:58.238,1549,0.02743069,0.01067169,0.03422656,-0.9989807,356.8164,358.8842,356.1065,7.0,NB
2025-06-04 16:21:58.283,1550,0.02776499,0.01046933,0.03426789,-0.9989722,356.7788,358.9088,356.1014,7.0,NB
2025-06-04 16:21:58.317,1551,0.02717043,0.01013253,0.03411764,-0.9989971,356.8484,358.9446,356.117,7.0,NB
2025-06-04 16:21:58.361,1552,0.02599761,0.009238699,0.03361344,-0.9990541,356.9867,359.0411,356.1712,7.0,NB
2025-06-04 16:21:58.394,1553,0.02527071,0.008907392,0.03310628,-0.9990926,357.0717,359.0748,356.2279,7.0,NB
2025-06-04 16:21:58.439,1554,0.02592127,0.009008956,0.03262186,-0.9990911,356.9973,359.0641,356.2843,7.0,NB
2025-06-04 16:21:58.482,1555,0.02633407,0.009289123,0.03367305,-0.9990427,356.9479,359.0368,356.1648,7.0,NB
2025-06-04 16:21:58.516,1556,0.02532283,0.009404061,0.03447904,-0.9990404,357.0626,359.0221,356.0718,7.0,NB
2025-06-04 16:21:58.561,1557,0.02485797,0.009673885,0.03421723,-0.9990585,357.115,358.9886,356.1023,7.0,NB
2025-06-04 16:21:58.594,1558,0.02690985,0.009567849,0.03327783,-0.9990381,356.8813,359.0058,356.2115,7.0,NB
2025-06-04 16:21:58.640,1559,0.02649416,0.008891294,0.03277818,-0.999072,356.9319,359.0802,356.2664,7.0,NB
2025-06-04 16:21:58.682,1560,0.0258783,0.008376593,0.03304223,-0.9990839,357.0042,359.1378,356.2341,7.0,NB
2025-06-04 16:21:58.716,1561,0.02791086,0.008251579,0.03299232,-0.9990318,356.7719,359.1595,356.2408,7.0,NB
2025-06-04 16:21:58.761,1562,0.02986488,0.008079064,0.03329095,-0.9989669,356.5484,359.1876,356.2071,7.0,NB
2025-06-04 16:21:58.804,1563,0.02923975,0.008559886,0.03380786,-0.998964,356.6177,359.1319,356.149,7.0,NB
2025-06-04 16:21:58.838,1564,0.02874342,0.008180602,0.03382804,-0.9989808,356.676,359.1735,356.1451,7.0,NB
2025-06-04 16:21:58.884,1565,0.02735112,0.007023359,0.03435347,-0.9990109,356.8396,359.3026,356.0803,7.0,NB
2025-06-04 16:21:58.916,1566,0.02776351,0.006751145,0.03420289,-0.9990065,356.7936,359.3349,356.0969,7.0,NB
2025-06-04 16:21:58.961,1567,0.02865788,0.006740586,0.03441483,-0.998974,356.691,359.3403,356.0729,7.0,NB
2025-06-04 16:21:58.994,1568,0.02760484,0.007027099,0.03408842,-0.9990129,356.8107,359.3023,356.1108,7.0,NB
2025-06-04 16:21:59.038,1569,0.02798838,0.007243155,0.03408427,-0.9990008,356.766,359.279,356.1122,7.0,NB
2025-06-04 16:21:59.082,1570,0.02944313,0.00758659,0.0343564,-0.9989471,356.5977,359.2461,356.0828,7.0,NB
2025-06-04 16:21:59.116,1571,0.02918164,0.008223952,0.03417433,-0.998956,356.6254,359.1714,356.1057,7.0,NB
2025-06-04 16:21:59.160,1572,0.0302583,0.00833443,0.03429281,-0.998919,356.5015,359.1633,356.0932,7.0,NB
2025-06-04 16:21:59.194,1573,0.03022563,0.007842633,0.03445516,-0.9989184,356.507,359.2202,356.0728,7.0,NB
2025-06-04 16:21:59.240,1574,0.03040567,0.007812842,0.03448814,-0.998912,356.4865,359.2244,356.069,7.0,NB
2025-06-04 16:21:59.271,1575,0.0303963,0.007320046,0.03419695,-0.998926,356.4897,359.2798,356.1007,7.0,NB
2025-06-04 16:21:59.315,1576,0.03107067,0.007509774,0.03317583,-0.9989383,356.4124,359.257,356.219,7.0,NB
2025-06-04 16:21:59.361,1577,0.03145754,0.008276986,0.03279813,-0.9989326,356.3655,359.1691,356.2653,7.0,NB
2025-06-04 16:21:59.394,1578,0.03241598,0.008818992,0.03366694,-0.9988685,356.2529,359.1137,356.1682,7.0,NB
2025-06-04 16:21:59.437,1579,0.03309827,0.008951711,0.03343811,-0.9988526,356.1744,359.1002,356.1953,7.0,NB
2025-06-04 16:21:59.471,1580,0.03390508,0.008846812,0.03317819,-0.9988351,356.0826,359.1142,356.2253,7.0,NB
2025-06-04 16:21:59.517,1581,0.03561558,0.008769562,0.03258842,-0.9987957,355.8874,359.127,356.2938,7.0,NB
2025-06-04 16:21:59.549,1582,0.03704209,0.00873415,0.03226534,-0.9987545,355.7243,359.1349,356.3316,7.0,NB
2025-06-04 16:21:59.593,1583,0.03961173,0.008882711,0.03227089,-0.9986545,355.4292,359.1272,356.3332,7.0,NB
2025-06-04 16:21:59.627,1584,0.04082895,0.008606787,0.03263887,-0.9985959,355.2904,359.165,356.2903,7.0,NB
2025-06-04 16:21:59.671,1585,0.04256015,0.00860226,0.03229472,-0.9985349,355.0923,359.1701,356.3307,7.0,NB
2025-06-04 16:21:59.716,1586,0.04473763,0.008803118,0.03197232,-0.9984483,354.8422,359.1533,356.3699,7.0,NB
2025-06-04 16:21:59.749,1587,0.04574093,0.008850833,0.03192577,-0.9984039,354.727,359.1511,356.3761,7.0,NB
2025-06-04 16:21:59.794,1588,0.04622457,0.009114991,0.03142359,-0.9983952,354.6711,359.1198,356.4355,7.0,NB
2025-06-04 16:21:59.838,1589,0.04908495,0.009317288,0.03107324,-0.9982678,354.3427,359.1046,356.4785,7.0,NB
2025-06-04 16:21:59.871,1590,0.05092161,0.009218715,0.03167333,-0.9981578,354.1319,359.1258,356.4098,7.0,NB
2025-06-04 16:21:59.916,1591,0.0506135,0.009118518,0.03202476,-0.9981632,354.1672,359.1383,356.3687,7.0,NB
2025-06-04 16:21:59.949,1592,0.05113468,0.008745164,0.0317472,-0.9981488,354.1091,359.1814,356.3987,7.0,NB
2025-06-04 16:21:59.994,1593,0.05249718,0.008528613,0.03119539,-0.9980974,353.954,359.2078,356.4615,7.0,NB
2025-06-04 16:22:00.028,1594,0.05300333,0.008522235,0.03093025,-0.9980789,353.8962,359.2086,356.4922,7.0,NB
2025-06-04 16:22:00.072,1595,0.05233581,0.008671073,0.03107667,-0.9981083,353.9721,359.1901,356.4759,7.0,NB
2025-06-04 16:22:00.106,1596,0.05289113,0.009035596,0.03126389,-0.9980699,353.907,359.1512,356.4568,7.0,NB
2025-06-04 16:22:00.149,1597,0.05312495,0.009981058,0.03095837,-0.998058,353.8771,359.0414,356.4979,7.0,NB
2025-06-04 16:22:00.183,1598,0.05254591,0.0102396,0.03108295,-0.9980822,353.9425,359.0105,356.4848,7.0,NB
2025-06-04 16:22:00.228,1599,0.05169622,0.01060016,0.03010407,-0.9981528,354.0397,358.9602,356.5991,7.0,NB
2025-06-04 16:22:00.273,1600,0.05003518,0.01032862,0.03001624,-0.9982429,354.2312,358.9854,356.6065,7.0,NB
2025-06-04 16:22:00.305,1601,0.050148,0.01035443,0.03021211,-0.9982311,354.218,358.9839,356.5842,7.0,NB
2025-06-04 16:22:00.349,1602,0.04900769,0.01082983,0.03063062,-0.99827,354.3467,358.9279,356.5379,7.0,NB
2025-06-04 16:22:00.383,1603,0.04816245,0.01072109,0.03099994,-0.9983009,354.4436,358.9396,356.4942,7.0,NB
2025-06-04 16:22:00.427,1604,0.04827077,0.01048422,0.03070002,-0.9983075,354.4323,358.9655,356.5275,7.0,NB
2025-06-04 16:22:00.472,1605,0.04849811,0.0103091,0.03050218,-0.9983042,354.407,358.9853,356.5494,7.0,NB
2025-06-04 16:22:00.505,1606,0.04956046,0.01037132,0.03064454,-0.9982471,354.2849,358.9825,356.5341,7.0,NB
2025-06-04 16:22:00.538,1607,0.04913224,0.01031204,0.03173659,-0.9982348,354.3331,358.9941,356.4078,7.0,NB
2025-06-04 16:22:00.585,1608,0.04831478,0.01026651,0.03178791,-0.9982735,354.4269,358.9968,356.4011,7.0,NB
2025-06-04 16:22:00.627,1609,0.04902093,0.009861787,0.03095288,-0.9982694,354.3482,359.041,356.4954,7.0,NB
2025-06-04 16:22:00.661,1610,0.04927977,0.009722533,0.03096309,-0.9982577,354.319,359.058,356.4936,7.0,NB
2025-06-04 16:22:00.704,1611,0.05023845,0.009699453,0.03195049,-0.998179,354.2082,359.0697,356.3804,7.0,NB
2025-06-04 16:22:00.738,1612,0.05018503,0.0097901,0.03207501,-0.9981768,354.2139,359.0598,356.3665,7.0,NB
2025-06-04 16:22:00.783,1613,0.05121189,0.009485884,0.03223231,-0.9981225,354.0971,359.0994,356.3472,7.0,NB
2025-06-04 16:22:00.817,1614,0.05155733,0.009280222,0.03221302,-0.9981073,354.0583,359.1241,356.3484,7.0,NB
2025-06-04 16:22:00.860,1615,0.05233409,0.009202057,0.03231035,-0.9980645,353.9694,359.1365,356.3371,7.0,NB
2025-06-04 16:22:00.895,1616,0.05335104,0.009122071,0.03201829,-0.9980208,353.8533,359.1476,356.3707,7.0,NB
2025-06-04 16:22:00.939,1617,0.05394988,0.009049873,0.03208737,-0.997987,353.7848,359.1584,356.3626,7.0,NB
2025-06-04 16:22:00.983,1618,0.05477735,0.009206653,0.03232769,-0.9979327,353.6891,359.1449,356.3363,7.0,NB
2025-06-04 16:22:01.016,1619,0.05471981,0.009318777,0.03220661,-0.9979388,353.6954,359.131,356.3509,7.0,NB
2025-06-04 16:22:01.061,1620,0.05512892,0.009077517,0.03188669,-0.9979287,353.6496,359.1582,356.3864,7.0,NB
2025-06-04 16:22:01.094,1621,0.05476634,0.009008736,0.03177575,-0.9979529,353.6916,359.1641,356.3986,7.0,NB
2025-06-04 16:22:01.138,1622,0.05435097,0.00879417,0.03183056,-0.9979758,353.7399,359.1877,356.3907,7.0,NB
2025-06-04 16:22:01.171,1623,0.05457338,0.00898047,0.03162567,-0.9979685,353.7139,359.1657,356.4156,7.0,NB
2025-06-04 16:22:01.216,1624,0.05448426,0.008867635,0.03286464,-0.9979343,353.7235,359.1862,356.2722,7.0,NB
2025-06-04 16:22:01.249,1625,0.05338092,0.008982267,0.03322262,-0.9979811,353.8493,359.1712,356.2312,7.0,NB
2025-06-04 16:22:01.295,1626,0.05290735,0.008373884,0.0327271,-0.998028,353.9063,359.2364,356.2843,7.0,NB
2025-06-04 16:22:01.327,1627,0.05257325,0.007976709,0.03266409,-0.9980509,353.9462,359.2805,356.2891,7.0,NB
2025-06-04 16:22:01.371,1628,0.05170259,0.007887308,0.03306002,-0.9980841,354.0461,359.2899,356.2426,7.0,NB
2025-06-04 16:22:01.416,1629,0.05039455,0.008102138,0.03396452,-0.9981189,354.1946,359.2657,356.1393,7.0,NB
2025-06-04 16:22:01.449,1630,0.05006018,0.008046319,0.03440043,-0.9981212,354.2328,359.2733,356.0887,7.0,NB
2025-06-04 16:22:01.495,1631,0.04927097,0.00802334,0.0341743,-0.9981685,354.3236,359.2716,356.1144,7.0,NB
2025-06-04 16:22:01.527,1632,0.04935952,0.007813234,0.03468326,-0.9981482,354.3139,359.299,356.0546,7.0,NB
2025-06-04 16:22:01.571,1633,0.05031966,0.007465244,0.03478931,-0.9980992,354.2051,359.3434,356.0407,7.0,NB
2025-06-04 16:22:01.616,1634,0.04994949,0.00781318,0.03449092,-0.9981255,354.2464,359.3002,356.0769,7.0,NB
2025-06-04 16:22:01.649,1635,0.05017398,0.008106311,0.03440738,-0.9981148,354.2196,359.2669,356.0883,7.0,NB
2025-06-04 16:22:01.694,1636,0.05051733,0.008284271,0.03439713,-0.9980963,354.1795,359.2477,356.0907,7.0,NB
2025-06-04 16:22:01.727,1637,0.05061642,0.008809614,0.03452047,-0.9980826,354.166,359.1884,356.0796,7.0,NB
2025-06-04 16:22:01.760,1638,0.05113307,0.009139044,0.03443039,-0.9980565,354.1055,359.152,356.0921,7.0,NB
2025-06-04 16:22:01.805,1639,0.05118184,0.009657617,0.03456801,-0.9980443,354.0978,359.0934,356.0793,7.0,NB
2025-06-04 16:22:01.849,1640,0.05393957,0.009663566,0.03384763,-0.9979237,353.7821,359.0988,356.1637,7.0,NB
2025-06-04 16:22:01.883,1641,0.05367808,0.009683539,0.03502132,-0.9978971,353.811,359.1028,356.0285,7.0,NB
2025-06-04 16:22:01.927,1642,0.05322462,0.009380803,0.03577974,-0.9978974,353.8636,359.1406,355.9391,7.0,NB
2025-06-04 16:22:01.970,1643,0.0550933,0.009170914,0.03628988,-0.9977794,353.6497,359.1754,355.8798,7.0,NB
2025-06-04 16:22:02.005,1644,0.05533835,0.008847587,0.03555234,-0.9977954,353.6235,359.2089,355.9628,7.0,NB
2025-06-04 16:22:02.049,1645,0.05587091,0.00823356,0.03609452,-0.9977514,353.5645,359.2852,355.8965,7.0,NB
2025-06-04 16:22:02.083,1646,0.054593,0.007970708,0.03585397,-0.997833,353.7123,359.3087,355.9222,7.0,NB
2025-06-04 16:22:02.127,1647,0.0574031,0.008030388,0.0354253,-0.9976901,353.39,359.3103,355.9727,7.0,NB
2025-06-04 16:22:02.160,1648,0.05719041,0.00715508,0.03611102,-0.9976844,353.4176,359.4148,355.8878,7.0,NB
2025-06-04 16:22:02.205,1649,0.05388391,0.00780615,0.03531325,-0.9978921,353.7947,359.3214,355.9833,7.0,NB
2025-06-04 16:22:02.238,1650,0.05301932,0.008463508,0.03511223,-0.9979402,353.8913,359.2411,356.0103,7.0,NB
2025-06-04 16:22:02.283,1651,0.05339672,0.009399492,0.03475092,-0.9979243,353.8446,359.1327,356.0578,7.0,NB
2025-06-04 16:22:02.327,1652,0.05293426,0.01027691,0.03580858,-0.9979029,353.8932,359.0365,355.9412,7.0,NB
2025-06-04 16:22:02.359,1653,0.05347132,0.01034766,0.03696184,-0.9978316,353.8302,359.0377,355.8091,7.0,NB
2025-06-04 16:22:02.405,1654,0.05330779,0.01033153,0.03743454,-0.9978228,353.8485,359.0418,355.7545,7.0,NB
2025-06-04 16:22:02.438,1655,0.05209582,0.009904413,0.03733704,-0.9978948,353.9894,359.0853,355.7625,7.0,NB
2025-06-04 16:22:02.483,1656,0.05324863,0.0090029,0.03704584,-0.9978533,353.8613,359.192,355.791,7.0,NB
2025-06-04 16:22:02.516,1657,0.0527918,0.008550527,0.03664079,-0.9978966,353.9159,359.2396,355.8347,7.0,NB
2025-06-04 16:22:02.559,1658,0.05345313,0.009236428,0.03717931,-0.9978353,353.8368,359.1667,355.7772,7.0,NB
2025-06-04 16:22:02.605,1659,0.05290218,0.01038847,0.03809315,-0.9978189,353.8942,359.0376,355.6788,7.0,NB
2025-06-04 16:22:02.638,1660,0.05171154,0.01067446,0.03829236,-0.9978707,354.0293,359.0009,355.6569,7.0,NB
2025-06-04 16:22:02.671,1661,0.05187997,0.01129711,0.03740437,-0.9978887,354.0082,358.9246,355.763,7.0,NB
2025-06-04 16:22:02.716,1662,0.05236295,0.01276308,0.03707072,-0.9978583,353.947,358.756,355.8106,7.0,NB
2025-06-04 16:22:02.759,1663,0.05207042,0.01576757,0.0372497,-0.997824,353.9677,358.4104,355.808,7.0,NB
2025-06-04 16:22:02.793,1664,0.05291019,0.01809652,0.03790159,-0.9977158,353.8604,358.1499,355.7482,7.0,NB
2025-06-04 16:22:02.837,1665,0.05440385,0.02112272,0.03870725,-0.9975449,353.6746,357.8129,355.6767,7.0,NB
2025-06-04 16:22:02.872,1666,0.05568449,0.02303285,0.03853307,-0.9974388,353.5199,357.5972,355.7113,7.0,NB
2025-06-04 16:22:02.916,1667,0.05708254,0.0257814,0.03794893,-0.9973149,353.3493,357.2825,355.7997,7.0,NB
2025-06-04 16:22:02.949,1668,0.05767223,0.02762626,0.03858919,-0.997207,353.2721,357.0768,355.7397,7.0,NB
2025-06-04 16:22:02.994,1669,0.05920178,0.0297246,0.03840625,-0.9970641,353.0883,356.8398,355.7791,7.0,NB
2025-06-04 16:22:03.038,1670,0.05939202,0.03185523,0.03906207,-0.9969615,353.0553,356.5997,355.7188,7.0,NB
2025-06-04 16:22:03.071,1671,0.05684842,0.03371436,0.03914931,-0.9970452,353.3387,356.3762,355.7138,7.0,NB
2025-06-04 16:22:03.116,1672,0.05260728,0.03626608,0.03944018,-0.997177,353.8127,356.0677,355.6827,7.0,NB
2025-06-04 16:22:03.149,1673,0.05183296,0.03784262,0.03885045,-0.9971821,353.8971,355.8796,355.7575,7.0,NB
2025-06-04 16:22:03.193,1674,0.05277332,0.03948413,0.03862349,-0.9970779,353.7834,355.6929,355.7973,7.0,NB
2025-06-04 16:22:03.237,1675,0.06134147,0.04023528,0.03930753,-0.9965307,352.795,355.6431,355.7568,7.0,NB
2025-06-04 16:22:03.270,1676,0.06594084,0.04062463,0.03978966,-0.996202,352.2637,355.619,355.7219,7.0,NB
2025-06-04 16:22:03.316,1677,0.07130335,0.04086369,0.03925608,-0.9958439,351.6498,355.6068,355.806,7.0,NB
2025-06-04 16:22:03.348,1678,0.07397685,0.04092323,0.03829142,-0.995684,351.347,355.601,355.9283,7.0,NB
2025-06-04 16:22:03.393,1679,0.07329551,0.04140972,0.03778561,-0.9957337,351.4255,355.5381,355.9883,7.0,NB
2025-06-04 16:22:03.426,1680,0.0706853,0.04124466,0.03806222,-0.9959186,351.7245,355.5505,355.9447,7.0,NB
2025-06-04 16:22:03.470,1681,0.06682096,0.03964497,0.03924719,-0.9962043,352.1693,355.7311,355.7801,7.0,NB
2025-06-04 16:22:03.503,1682,0.06272393,0.03845777,0.03953061,-0.996506,352.6431,355.8549,355.7232,7.0,NB
2025-06-04 16:22:03.549,1683,0.05607104,0.03694208,0.04029529,-0.9969292,353.4094,356.0091,355.6007,7.0,NB
2025-06-04 16:22:03.581,1684,0.05455925,0.03627534,0.03987962,-0.9970542,353.5872,356.0771,355.6389,7.0,NB
2025-06-04 16:22:03.626,1685,0.05499143,0.03646652,0.03877145,-0.9970673,353.5412,356.0497,355.7693,7.0,NB
2025-06-04 16:22:03.670,1686,0.05758204,0.03643389,0.03808528,-0.9969487,353.2471,356.0586,355.8571,7.0,NB
2025-06-04 16:22:03.704,1687,0.05965791,0.03590205,0.03795187,-0.996851,353.0118,356.1266,355.876,7.0,NB
2025-06-04 16:22:03.748,1688,0.06190132,0.03450377,0.03738173,-0.9967851,352.7624,356.2919,355.9391,7.0,NB
2025-06-04 16:22:03.789,1689,0.06357135,0.03338743,0.03697697,-0.9967331,352.5768,356.4237,355.9829,7.0,NB
2025-06-04 16:22:03.827,1690,0.06467707,0.03195804,0.03664866,-0.9967209,352.4569,356.59,356.0133,7.0,NB
2025-06-04 16:22:03.860,1691,0.06462504,0.03118466,0.0367127,-0.9967464,352.4657,356.6795,355.9999,7.0,NB
2025-06-04 16:22:03.905,1692,0.0649373,0.0303297,0.03717238,-0.9967355,352.4319,356.7827,355.9412,7.0,NB
2025-06-04 16:22:03.949,1693,0.06266996,0.02911177,0.03815144,-0.9968799,352.6939,356.922,355.8132,7.0,NB
2025-06-04 16:22:03.982,1694,0.06052898,0.02792513,0.0381312,-0.9970469,352.9445,357.0503,355.8016,7.0,NB
2025-06-04 16:22:04.027,1695,0.06045181,0.02639627,0.03752337,-0.9971163,352.9615,357.2219,355.8606,7.0,NB
2025-06-04 16:22:04.060,1696,0.06054388,0.02522449,0.03715773,-0.9971548,352.9568,357.3546,355.8947,7.0,NB
2025-06-04 16:22:04.105,1697,0.05972362,0.023922,0.03748193,-0.9972242,353.0555,357.5038,355.8464,7.0,NB
2025-06-04 16:22:04.138,1698,0.05963088,0.02304638,0.03779244,-0.9972387,353.069,357.6064,355.8044,7.0,NB
2025-06-04 16:22:04.182,1699,0.05906176,0.02171037,0.03792766,-0.9972973,353.1396,357.759,355.7785,7.0,NB
2025-06-04 16:22:04.227,1700,0.05776938,0.01998844,0.03780597,-0.9974137,353.2953,357.9512,355.7786,7.0,NB
2025-06-04 16:22:04.261,1701,0.05621587,0.01895751,0.03776542,-0.9975241,353.478,358.0634,355.7741,7.0,NB
2025-06-04 16:22:04.304,1702,0.05534763,0.01796959,0.03782028,-0.9975889,353.5816,358.1739,355.7601,7.0,NB
2025-06-04 16:22:04.339,1703,0.05516554,0.01713571,0.0382357,-0.9975978,353.6053,358.2718,355.7067,7.0,NB
2025-06-04 16:22:04.382,1704,0.05401605,0.01589363,0.03853479,-0.9976698,353.742,358.4118,355.6629,7.0,NB
2025-06-04 16:22:04.416,1705,0.05379859,0.0154762,0.03803296,-0.9977073,353.7696,358.4558,355.7179,7.0,NB
2025-06-04 16:22:04.460,1706,0.05408936,0.015016,0.03782585,-0.9977065,353.7385,358.5086,355.7392,7.0,NB
2025-06-04 16:22:04.494,1707,0.05397545,0.01480119,0.03770247,-0.9977205,353.7527,358.5321,355.7519,7.0,NB
2025-06-04 16:22:04.538,1708,0.05377482,0.01486676,0.03688621,-0.9977609,353.7766,358.5186,355.8461,7.0,NB
2025-06-04 16:22:04.570,1709,0.05454742,0.01491882,0.03645926,-0.9977338,353.6884,358.513,355.8964,7.0,NB
2025-06-04 16:22:04.615,1710,0.05539168,0.01542469,0.03724466,-0.9976506,353.5883,358.4632,355.8101,7.0,NB
2025-06-04 16:22:04.661,1711,0.05434451,0.01615312,0.03747083,-0.9976882,353.705,358.3766,355.7875,7.0,NB
2025-06-04 16:22:04.694,1712,0.05430887,0.01615259,0.03706105,-0.9977055,353.7097,358.3739,355.8347,7.0,NB
2025-06-04 16:22:04.738,1713,0.05492975,0.0161358,0.03562724,-0.997724,353.6409,358.3692,356.0005,7.0,NB
2025-06-04 16:22:04.771,1714,0.05485666,0.01659649,0.03554415,-0.9977235,353.6476,358.3154,356.0128,7.0,NB
2025-06-04 16:22:04.817,1715,0.05390304,0.01749442,0.03626619,-0.9977341,353.7521,358.213,355.9341,7.0,NB
2025-06-04 16:22:04.849,1716,0.05476819,0.01771167,0.03688782,-0.9976603,353.6508,358.1953,355.8651,7.0,NB
2025-06-04 16:22:04.894,1717,0.05527638,0.01732032,0.03707564,-0.9976322,353.5939,358.2435,355.8416,7.0,NB
2025-06-04 16:22:04.938,1718,0.05471747,0.0161956,0.03711741,-0.9976804,353.6626,358.371,355.8289,7.0,NB
2025-06-04 16:22:04.970,1719,0.05488338,0.01517519,0.03695042,-0.9976935,353.6481,358.488,355.8419,7.0,NB
2025-06-04 16:22:05.013,1720,0.05553789,0.01409082,0.03763602,-0.9976476,353.5766,358.6198,355.7566,7.0,NB
2025-06-04 16:22:05.046,1721,0.05541432,0.01378296,0.03796259,-0.9976464,353.5916,358.6569,355.7169,7.0,NB
2025-06-04 16:22:05.091,1722,0.05565424,0.01317752,0.03885161,-0.997607,353.5656,358.7333,355.6107,7.0,NB
2025-06-04 16:22:05.134,1723,0.05515593,0.01237897,0.03931934,-0.9976266,353.6257,358.826,355.5513,7.0,NB
2025-06-04 16:22:05.168,1724,0.05452874,0.01123088,0.03928494,-0.997676,353.7028,358.9551,355.5476,7.0,NB
2025-06-04 16:22:05.214,1725,0.05467892,0.01007449,0.03747496,-0.9977497,353.6924,359.0773,355.7489,7.0,NB
2025-06-04 16:22:05.247,1726,0.05734776,0.01169021,0.03911929,-0.9975191,353.3776,358.9135,355.5713,7.0,NB
2025-06-04 16:22:05.291,1727,0.0561599,0.01147772,0.04391278,-0.9973897,353.5097,358.9641,355.0168,7.0,NB
2025-06-04 16:22:05.336,1728,0.04962676,0.009322392,0.04375493,-0.9977655,354.2696,359.1788,355.0191,7.0,NB
2025-06-04 16:22:05.369,1729,0.04742033,0.0109031,0.04097006,-0.9979749,354.5175,358.971,355.3476,7.0,NB
2025-06-04 16:22:05.402,1730,0.04810635,0.01254266,0.04135894,-0.9979068,354.4308,358.7879,355.3123,7.0,NB
2025-06-04 16:22:05.446,1731,0.04680023,0.01448887,0.04141311,-0.9979403,354.5713,358.5586,355.3157,7.0,NB
2025-06-04 16:22:05.490,1732,0.0466083,0.01903027,0.03718394,-0.9980396,354.5804,358.0129,355.8267,7.0,NB
2025-06-04 16:22:05.524,1733,0.03927641,0.02290661,0.03511005,-0.9983487,355.4096,357.5287,356.0707,7.0,NB
2025-06-04 16:22:05.568,1734,0.03366827,0.02404543,0.03392877,-0.9985676,356.0508,357.3723,356.1986,7.0,NB
2025-06-04 16:22:05.602,1735,0.03467426,0.02272215,0.03545834,-0.9985111,355.9368,357.534,356.0199,7.0,NB
2025-06-04 16:22:05.646,1736,0.03533461,0.01942813,0.03585127,-0.9985434,355.8735,357.9163,355.9626,7.0,NB
2025-06-04 16:22:05.680,1737,0.0424748,0.01673661,0.03586813,-0.9983133,355.0661,358.2532,355.9599,7.0,NB
2025-06-04 16:22:05.724,1738,0.0481321,0.012729,0.03639549,-0.9980966,354.4331,358.7388,355.8846,7.0,NB
2025-06-04 16:22:05.769,1739,0.04770503,0.01120646,0.03645202,-0.9981333,354.4883,358.9124,355.8693,7.0,NB
2025-06-04 16:22:05.802,1740,0.05156264,0.01062526,0.03580013,-0.9979714,354.0491,358.9909,355.9435,7.0,NB
2025-06-04 16:22:05.846,1741,0.05345386,0.01001958,0.03470358,-0.9979169,353.8357,359.0613,356.0671,7.0,NB
2025-06-04 16:22:05.881,1742,0.06092242,0.00898369,0.03491442,-0.9974913,352.9828,359.2109,356.0391,7.0,NB
2025-06-04 16:22:05.924,1743,0.06833597,0.008981625,0.03618716,-0.9969655,352.1311,359.2502,355.894,7.0,NB
2025-06-04 16:22:05.968,1744,0.07141817,0.008661221,0.03884192,-0.9966524,351.7767,359.3217,355.5851,7.0,NB
2025-06-04 16:22:06.002,1745,0.06974339,0.00935894,0.03940896,-0.9967424,351.9655,359.2385,355.5251,7.0,NB
2025-06-04 16:22:06.034,1746,0.06843051,0.009583519,0.04006134,-0.9968053,352.1146,359.212,355.4514,7.0,NB
2025-06-04 16:22:06.081,1747,0.06787247,0.009191148,0.04141747,-0.9967917,352.1795,359.2654,355.2916,7.0,NB
2025-06-04 16:22:06.124,1748,0.06476239,0.01060525,0.04181525,-0.9969679,352.5293,359.091,355.2559,7.0,NB
2025-06-04 16:22:06.158,1749,0.05878739,0.01215274,0.04141815,-0.997337,353.2078,358.8822,355.3102,7.0,NB
2025-06-04 16:22:06.201,1750,0.05463992,0.01407935,0.03939143,-0.9976295,353.6772,358.6286,355.5534,7.0,NB
2025-06-04 16:22:06.234,1751,0.05226004,0.01670991,0.03695014,-0.9978099,353.9425,358.3009,355.8484,7.0,NB
2025-06-04 16:22:06.280,1752,0.04735471,0.02115827,0.03381365,-0.9980815,354.4935,357.7526,356.2274,7.0,NB
2025-06-04 16:22:06.324,1753,0.04629012,0.02326968,0.03259825,-0.9981249,354.6106,357.4996,356.3765,7.0,NB
2025-06-04 16:22:06.358,1754,0.04560246,0.02418646,0.03124726,-0.9981779,354.6897,357.3846,356.5353,7.0,NB
2025-06-04 16:22:06.404,1755,0.04527017,0.02385337,0.03142232,-0.9981956,354.7285,357.4228,356.5126,7.0,NB
2025-06-04 16:22:06.435,1756,0.0462014,0.02385107,0.0313415,-0.9981555,354.6219,357.4257,356.524,7.0,NB
2025-06-04 16:22:06.480,1757,0.04895212,0.02348803,0.03096491,-0.9980447,354.3088,357.4742,356.5714,7.0,NB
2025-06-04 16:22:06.513,1758,0.0496499,0.02248107,0.03188824,-0.9980044,354.23,357.5976,356.4609,7.0,NB
2025-06-04 16:22:06.558,1759,0.05051537,0.0193126,0.03479163,-0.9979303,354.1361,357.9819,356.1099,7.0,NB
2025-06-04 16:22:06.601,1760,0.0526179,0.01596107,0.03694622,-0.9978035,353.9046,358.3885,355.8447,7.0,NB
2025-06-04 16:22:06.635,1761,0.05481573,0.01432465,0.03973131,-0.9976029,353.6555,358.6033,355.516,7.0,NB
2025-06-04 16:22:06.680,1762,0.05341588,0.01314749,0.04237317,-0.9975864,353.8179,358.749,355.2031,7.0,NB
2025-06-04 16:22:06.713,1763,0.05200612,0.0124186,0.04403413,-0.9975982,353.9811,358.8363,355.0064,7.0,NB
2025-06-04 16:22:06.757,1764,0.04996395,0.0113858,0.04379752,-0.9977254,354.2206,358.9436,355.0263,7.0,NB
2025-06-04 16:22:06.791,1765,0.05138943,0.01128251,0.04381676,-0.9976533,354.0577,358.9626,355.0242,7.0,NB
2025-06-04 16:22:06.836,1766,0.05314275,0.01368986,0.04187535,-0.9976147,353.8473,358.6823,355.2636,7.0,NB
2025-06-04 16:22:06.881,1767,0.05694553,0.01826362,0.04025613,-0.9973982,353.3926,358.1628,355.4835,7.0,NB
2025-06-04 16:22:06.913,1768,0.05672523,0.02128017,0.03922734,-0.9973919,353.4065,357.8078,355.6217,7.0,NB
2025-06-04 16:22:06.958,1769,0.05504473,0.02274709,0.03827965,-0.9974906,353.5951,357.6259,355.7375,7.0,NB
2025-06-04 16:22:06.991,1770,0.05417637,0.02374524,0.03550783,-0.9976174,353.6973,357.49,356.0613,7.0,NB
2025-06-04 16:22:07.035,1771,0.05024042,0.02479337,0.03248274,-0.997901,354.1525,357.337,356.4073,7.0,NB
2025-06-04 16:22:07.068,1772,0.04960128,0.02597884,0.03285343,-0.9978906,354.2205,357.2007,356.37,7.0,NB
2025-06-04 16:22:07.114,1773,0.04753031,0.02767875,0.03459531,-0.9978868,354.4465,357.008,356.174,7.0,NB
2025-06-04 16:22:07.158,1774,0.04154114,0.02402245,0.03921642,-0.9980779,355.1351,357.4291,355.609,7.0,NB
2025-06-04 16:22:07.191,1775,0.04092979,0.01852755,0.03935633,-0.9982148,355.2291,358.0582,355.5653,7.0,NB
2025-06-04 16:22:07.235,1776,0.04572358,0.01407255,0.03284325,-0.998315,354.7088,358.5559,356.2982,7.0,NB
2025-06-04 16:22:07.268,1777,0.0471135,0.01489211,0.03208978,-0.9982629,354.5476,358.4626,356.3909,7.0,NB
2025-06-04 16:22:07.314,1778,0.0471733,0.01787773,0.03595905,-0.9980793,354.5227,358.1409,355.9622,7.0,NB
2025-06-04 16:22:07.346,1779,0.04837519,0.01756233,0.03793992,-0.997954,354.3826,358.193,355.7343,7.0,NB
2025-06-04 16:22:07.390,1780,0.0529801,0.01283414,0.03248313,-0.9979846,353.8818,358.7221,356.3398,7.0,NB
2025-06-04 16:22:07.426,1781,0.05704326,0.00809687,0.0305237,-0.9978722,353.4345,359.2689,356.5378,7.0,NB
2025-06-04 16:22:07.469,1782,0.05955738,0.004730871,0.03350503,-0.9976513,353.1568,359.6856,356.1718,7.0,NB
2025-06-04 16:22:07.514,1783,0.05888594,0.005453123,0.03663211,-0.9975775,353.2299,359.6212,355.8164,7.0,NB
2025-06-04 16:22:07.547,1784,0.05747309,0.006898526,0.03718045,-0.9976307,353.3856,359.4526,355.7629,7.0,NB
2025-06-04 16:22:07.591,1785,0.05636418,0.008613507,0.0351489,-0.9977543,353.5071,359.2373,356.0081,7.0,NB
2025-06-04 16:22:07.624,1786,0.0557797,0.009945516,0.03371152,-0.9978243,353.5701,359.0724,356.1821,7.0,NB
2025-06-04 16:22:07.668,1787,0.05509152,0.01068146,0.03358715,-0.9978592,353.6464,358.9844,356.2008,7.0,NB
2025-06-04 16:22:07.702,1788,0.05647626,0.01156863,0.03256822,-0.9978056,353.4853,358.8807,356.3248,7.0,NB
2025-06-04 16:22:07.748,1789,0.0579211,0.01266962,0.03141338,-0.9977465,353.3169,358.7513,356.4662,7.0,NB
2025-06-04 16:22:07.792,1790,0.05792971,0.01317486,0.03174401,-0.9977289,353.3137,358.6954,356.4315,7.0,NB
2025-06-04 16:22:07.825,1791,0.05878367,0.01328745,0.03190151,-0.9976724,353.2151,358.6865,356.4149,7.0,NB
2025-06-04 16:22:07.868,1792,0.05900806,0.01339671,0.03281056,-0.9976283,353.1878,358.6809,356.3111,7.0,NB
2025-06-04 16:22:07.902,1793,0.05971076,0.01403426,0.03197283,-0.9976049,353.106,358.6042,356.4127,7.0,NB
2025-06-04 16:22:07.948,1794,0.06050911,0.01387865,0.03287346,-0.9975297,353.0137,358.6312,356.3086,7.0,NB
2025-06-04 16:22:07.990,1795,0.05792499,0.01331513,0.03374458,-0.9976617,353.3111,358.6927,356.202,7.0,NB
2025-06-04 16:22:08.024,1796,0.05715551,0.01340776,0.03374752,-0.9977048,353.399,358.6793,356.2016,7.0,NB
2025-06-04 16:22:08.068,1797,0.05693245,0.01351454,0.03281814,-0.997747,353.4255,358.66,356.3091,7.0,NB
2025-06-04 16:22:08.102,1798,0.0558277,0.01393116,0.03340061,-0.9977844,353.5499,358.6119,356.2437,7.0,NB
2025-06-04 16:22:08.147,1799,0.05326844,0.0140346,0.03436919,-0.99789,353.8416,358.5967,356.1303,7.0,NB
2025-06-04 16:22:08.180,1800,0.05279397,0.0140537,0.03436889,-0.997915,353.896,358.5927,356.13,7.0,NB
2025-06-04 16:22:08.225,1801,0.05215115,0.01403493,0.03442246,-0.9979472,353.9697,358.5928,356.123,7.0,NB
2025-06-04 16:22:08.258,1802,0.05042372,0.01382865,0.03475444,-0.9980274,354.1681,358.612,356.0819,7.0,NB
2025-06-04 16:22:08.303,1803,0.05005702,0.01415304,0.03420804,-0.9980601,354.2097,358.5701,356.1463,7.0,NB
2025-06-04 16:22:08.347,1804,0.0520188,0.01357695,0.03447288,-0.9979587,353.9866,358.6453,356.1143,7.0,NB
2025-06-04 16:22:08.380,1805,0.05267579,0.01324284,0.03479599,-0.9979175,353.9121,358.6882,356.0757,7.0,NB
2025-06-04 16:22:08.424,1806,0.05223018,0.01343231,0.03549916,-0.9979135,353.9615,358.6689,355.9955,7.0,NB
2025-06-04 16:22:08.460,1807,0.0521249,0.01347403,0.03597662,-0.9979014,353.9728,358.6666,355.9407,7.0,NB
2025-06-04 16:22:08.502,1808,0.05271851,0.01322103,0.0355006,-0.9978907,353.9064,358.6952,355.9945,7.0,NB
2025-06-04 16:22:08.537,1809,0.05306424,0.01314593,0.034885,-0.9978951,353.8678,358.7014,356.0652,7.0,NB
2025-06-04 16:22:08.580,1810,0.05322763,0.01351881,0.03439696,-0.9978984,353.8483,358.6561,356.1239,7.0,NB
2025-06-04 16:22:08.613,1811,0.05316247,0.01345046,0.03516814,-0.9978758,353.855,358.6684,356.0346,7.0,NB
2025-06-04 16:22:08.658,1812,0.05231227,0.01361232,0.03584059,-0.9978946,353.9509,358.6506,355.9574,7.0,NB
2025-06-04 16:22:08.702,1813,0.05146118,0.01340233,0.03490309,-0.997975,354.0506,358.6658,356.0633,7.0,NB
2025-06-04 16:22:08.736,1814,0.05171798,0.01346721,0.03430349,-0.9979816,354.0217,358.6558,356.1329,7.0,NB
2025-06-04 16:22:08.780,1815,0.05161619,0.01339188,0.03536291,-0.9979509,354.0323,358.6704,356.0104,7.0,NB
2025-06-04 16:22:08.824,1816,0.05137984,0.01369145,0.03521852,-0.9979642,354.0584,358.6342,356.0286,7.0,NB
2025-06-04 16:22:08.859,1817,0.05050894,0.01371591,0.03482419,-0.9980221,354.1587,358.6257,356.0733,7.0,NB
2025-06-04 16:22:08.902,1818,0.05021004,0.01342728,0.03501341,-0.9980345,354.1938,358.6588,356.0495,7.0,NB
2025-06-04 16:22:08.934,1819,0.05033117,0.01367017,0.03503697,-0.9980243,354.179,358.6315,356.0483,7.0,NB
2025-06-04 16:22:08.980,1820,0.04941367,0.01411861,0.03439752,-0.9980862,354.2833,358.5728,356.1236,7.0,NB
2025-06-04 16:22:09.025,1821,0.04979206,0.01438164,0.03386069,-0.9980819,354.2397,358.5408,356.1873,7.0,NB
2025-06-04 16:22:09.058,1822,0.05088168,0.01484874,0.03371863,-0.9980249,354.1132,358.4903,356.2076,7.0,NB
2025-06-04 16:22:09.102,1823,0.0503242,0.01573419,0.03303582,-0.9980625,354.1749,358.3824,356.2907,7.0,NB
2025-06-04 16:22:09.135,1824,0.05009874,0.01623862,0.03241391,-0.9980862,354.1999,358.32,356.3649,7.0,NB
2025-06-04 16:22:09.180,1825,0.05034197,0.01662171,0.0317183,-0.99809,354.1718,358.2727,356.4475,7.0,NB
2025-06-04 16:22:09.224,1826,0.05106805,0.01714862,0.03114302,-0.9980623,354.0877,358.2112,356.5179,7.0,NB
2025-06-04 16:22:09.258,1827,0.05040539,0.01754377,0.03134246,-0.9980829,354.1619,358.1647,356.4963,7.0,NB
2025-06-04 16:22:09.302,1828,0.0501129,0.01784722,0.03219652,-0.998065,354.1928,358.1338,356.3994,7.0,NB
2025-06-04 16:22:09.334,1829,0.05057831,0.01790354,0.03182532,-0.9980524,354.1399,358.1267,356.4431,7.0,NB
2025-06-04 16:22:09.380,1830,0.0512851,0.01744921,0.0311835,-0.9980447,354.0617,358.1776,356.5153,7.0,NB
2025-06-04 16:22:09.413,1831,0.05229526,0.01717825,0.03118869,-0.9979968,353.9468,358.2121,356.5146,7.0,NB
2025-06-04 16:22:09.458,1832,0.05315079,0.0174174,0.03156345,-0.9979357,353.8471,358.1898,356.4741,7.0,NB
2025-06-04 16:22:09.502,1833,0.0641804,0.0179674,0.03208178,-0.9972607,352.5788,358.167,356.4337,7.0,NB
2025-06-04 16:22:09.535,1834,0.07032919,0.01795913,0.03223743,-0.9968412,351.8727,358.1898,356.424,7.0,NB
2025-06-04 16:22:09.580,1835,0.0731291,0.01731081,0.03237478,-0.9966466,351.5533,358.2753,356.4063,7.0,NB
2025-06-04 16:22:09.612,1836,0.0820823,0.0171334,0.03194727,-0.9959661,350.5262,358.322,356.4646,7.0,NB
2025-06-04 16:22:09.658,1837,0.08678494,0.01696246,0.03246285,-0.9955536,349.9854,358.3625,356.4082,7.0,NB
2025-06-04 16:22:09.691,1838,0.09560236,0.01712388,0.03234361,-0.9947468,348.9709,358.3721,356.4326,7.0,NB
2025-06-04 16:22:09.734,1839,0.09856611,0.01768471,0.03178548,-0.9944656,348.6288,358.3103,356.5069,7.0,NB
2025-06-04 16:22:09.769,1840,0.1033435,0.01802955,0.03197706,-0.9939682,348.0772,358.2879,356.4935,7.0,NB
2025-06-04 16:22:09.814,1841,0.1095414,0.01825958,0.0313558,-0.9933199,347.3635,358.2731,356.5752,7.0,NB
2025-06-04 16:22:09.846,1842,0.1144781,0.01829194,0.03070375,-0.9927827,346.7955,358.276,356.6567,7.0,NB
2025-06-04 16:22:09.891,1843,0.1213997,0.01851535,0.03097576,-0.9919477,345.9959,358.2748,356.6347,7.0,NB
2025-06-04 16:22:09.934,1844,0.1253248,0.01907362,0.03133461,-0.9914374,345.5403,358.2266,356.6045,7.0,NB
2025-06-04 16:22:09.968,1845,0.1316905,0.01931181,0.03158651,-0.9905994,344.8038,358.222,356.5845,7.0,NB
2025-06-04 16:22:10.012,1846,0.1374123,0.01877917,0.03064675,-0.9898618,344.1459,358.287,356.6918,7.0,NB
2025-06-04 16:22:10.045,1847,0.1443991,0.01889628,0.03003639,-0.9888831,343.3381,358.2834,356.7719,7.0,NB
2025-06-04 16:22:10.090,1848,0.1489474,0.01946171,0.03044256,-0.9881849,342.8089,358.2368,356.7375,7.0,NB
2025-06-04 16:22:10.123,1849,0.1538596,0.02026908,0.03083253,-0.9874036,342.2362,358.1623,356.7101,7.0,NB
2025-06-04 16:22:10.167,1850,0.1612181,0.02038781,0.03072157,-0.98623,341.3825,358.1673,356.732,7.0,NB
2025-06-04 16:22:10.200,1851,0.1658552,0.01994146,0.03019376,-0.9854861,340.8465,358.2233,356.79,7.0,NB
2025-06-04 16:22:10.213,1852,0.1726084,0.02013777,0.02991723,-0.9843302,340.0614,358.2129,356.8324,7.0,NB
2025-06-04 16:22:10.290,1853,0.1721861,0.02028006,0.03009627,-0.9843958,340.1098,358.1984,356.8136,7.0,NB
2025-06-04 16:22:10.322,1854,0.1843458,0.02051738,0.03048836,-0.9821743,338.6927,358.2124,356.7803,7.0,NB
2025-06-04 16:22:10.338,1855,0.1899147,0.02063468,0.03038797,-0.9811133,338.0431,358.2114,356.7989,7.0,NB
2025-06-04 16:22:10.400,1856,0.1920542,0.02055984,0.03030159,-0.980701,337.7938,358.2244,356.809,7.0,NB
2025-06-04 16:22:10.414,1857,0.2026105,0.02085549,0.03013896,-0.9785734,336.5596,358.2134,356.8425,7.0,NB
2025-06-04 16:22:10.479,1858,0.2023632,0.02082104,0.03002198,-0.9786289,336.5888,358.214,356.8558,7.0,NB
2025-06-04 16:22:10.523,1859,0.2154418,0.02117893,0.02918565,-0.9758508,335.0571,358.1824,356.9759,7.0,NB
2025-06-04 16:22:10.536,1860,0.2219987,0.02116773,0.02964694,-0.9743664,334.2865,358.2136,356.9222,7.0,NB
2025-06-04 16:22:10.599,1861,0.2232575,0.02118834,0.03083023,-0.9740416,334.1364,358.248,356.7765,7.0,NB
2025-06-04 16:22:10.632,1862,0.2331052,0.02114609,0.02979768,-0.971765,332.9796,358.2499,356.9078,7.0,NB
2025-06-04 16:22:10.666,1863,0.2357666,0.02104013,0.02903076,-0.9711482,332.6677,358.2469,357.0018,7.0,NB
2025-06-04 16:22:10.710,1864,0.242555,0.02150216,0.0291718,-0.9694607,331.8651,358.2104,357.0014,7.0,NB
2025-06-04 16:22:10.754,1865,0.2486419,0.02228911,0.02850789,-0.9679194,331.1446,358.1044,357.1137,7.0,NB
2025-06-04 16:22:10.789,1866,0.2557408,0.02264163,0.02837533,-0.9660637,330.3033,358.0715,357.1465,7.0,NB
2025-06-04 16:22:10.821,1867,0.2628407,0.0231128,0.02813104,-0.9641522,329.4602,358.0185,357.1985,7.0,NB
2025-06-04 16:22:10.865,1868,0.2710832,0.02342428,0.0274455,-0.9618796,328.4808,357.9709,357.3039,7.0,NB
2025-06-04 16:22:10.898,1869,0.2763044,0.02345012,0.02676806,-0.9604113,327.8602,357.9526,357.3969,7.0,NB
2025-06-04 16:22:10.943,1870,0.2857113,0.02368899,0.02626275,-0.9576629,326.7376,357.9189,357.4799,7.0,NB
2025-06-04 16:22:10.976,1871,0.2913288,0.02413576,0.02599628,-0.9559652,326.0648,357.8588,357.538,7.0,NB
2025-06-04 16:22:11.019,1872,0.2991158,0.02418976,0.02576049,-0.9535624,325.1313,357.8541,357.579,7.0,NB
2025-06-04 16:22:11.053,1873,0.3089081,0.02441036,0.02452373,-0.9504624,323.9559,357.785,357.7647,7.0,NB
2025-06-04 16:22:11.087,1874,0.3105153,0.02444651,0.02433496,-0.9499425,323.7625,357.7737,357.7937,7.0,NB
2025-06-04 16:22:11.131,1875,0.3182093,0.02471828,0.02387658,-0.9473975,322.8344,357.7245,357.8778,7.0,NB
2025-06-04 16:22:11.164,1876,0.3302557,0.02534089,0.02301211,-0.9432707,321.376,357.608,358.0433,7.0,NB
2025-06-04 16:22:11.197,1877,0.3361519,0.02629903,0.02241527,-0.9411739,320.6591,357.4482,358.1837,7.0,NB
2025-06-04 16:22:11.242,1878,0.3468099,0.02744443,0.02242745,-0.9372656,319.3575,357.289,358.2626,7.0,NB
2025-06-04 16:22:11.274,1879,0.3579106,0.02758511,0.02221343,-0.933084,317.9987,357.2559,358.326,7.0,NB
2025-06-04 16:22:11.308,1880,0.363197,0.02682365,0.02152009,-0.9310777,317.3527,357.3258,358.396,7.0,NB
2025-06-04 16:22:11.341,1881,0.3709444,0.02656063,0.02106906,-0.9280362,316.4001,357.3353,358.4648,7.0,NB
2025-06-04 16:22:11.386,1882,0.3808601,0.02730927,0.02101022,-0.9239906,315.1729,357.2148,358.5437,7.0,NB
2025-06-04 16:22:11.417,1883,0.3945994,0.02780491,0.02074401,-0.9181984,313.465,357.1095,358.6547,7.0,NB
2025-06-04 16:22:11.449,1884,0.4066644,0.02806769,0.02064053,-0.9129132,311.9561,357.0455,358.7266,7.0,NB
2025-06-04 16:22:11.482,1885,0.4124426,0.02775686,0.02032916,-0.9103338,311.2318,357.0634,358.7728,7.0,NB
2025-06-04 16:22:11.515,1886,0.416604,0.02781411,0.02001245,-0.9084423,310.7088,357.0241,358.8416,7.0,NB
2025-06-04 16:22:11.560,1887,0.4172069,0.02810612,0.01961064,-0.9081653,310.6338,356.9467,358.9294,7.0,NB
2025-06-04 16:22:11.582,1888,0.4173521,0.02810882,0.01960516,-0.9080986,310.6155,356.9456,358.9311,7.0,NB
2025-06-04 16:22:11.626,1889,0.4177998,0.02816967,0.01969884,-0.9078888,310.5586,356.9418,358.9223,7.0,NB
2025-06-04 16:22:11.659,1890,0.4186986,0.02820505,0.02007749,-0.9074652,310.4439,356.9622,358.8676,7.0,NB
2025-06-04 16:22:11.693,1891,0.4189014,0.02811419,0.02030278,-0.9073694,310.4177,356.9931,358.8255,7.0,NB
2025-06-04 16:22:11.726,1892,0.4184527,0.02802911,0.02009225,-0.9075837,310.4751,356.992,358.8513,7.0,NB
2025-06-04 16:22:11.759,1893,0.418446,0.02793592,0.02024172,-0.9075864,310.4756,357.018,358.8204,7.0,NB
2025-06-04 16:22:11.792,1894,0.4186544,0.02764495,0.02018494,-0.9075004,310.4499,357.0602,358.8087,7.0,NB
2025-06-04 16:22:11.826,1895,0.4181121,0.02749028,0.02025333,-0.9077535,310.5182,357.0909,358.7845,7.0,NB
2025-06-04 16:22:11.860,1896,0.4180897,0.02783464,0.02015531,-0.9077556,310.5209,357.0286,358.8255,7.0,NB
2025-06-04 16:22:11.893,1897,0.418139,0.02847701,0.02111622,-0.9076911,310.5107,356.9964,358.7192,7.0,NB
2025-06-04 16:22:11.937,1898,0.4171873,0.02845006,0.02122216,-0.9081272,310.6304,357.0101,358.6971,7.0,NB
2025-06-04 16:22:11.971,1899,0.4174086,0.02785881,0.02078468,-0.9080541,310.6048,357.0722,358.7243,7.0,NB
2025-06-04 16:22:12.004,1900,0.4177669,0.02708381,0.02068126,-0.9079151,310.561,357.1881,358.6849,7.0,NB
2025-06-04 16:22:12.038,1901,0.4184487,0.02712496,0.02076627,-0.9075978,310.4747,357.1868,358.6764,7.0,NB
2025-06-04 16:22:12.071,1902,0.4186096,0.02753414,0.02134411,-0.9074979,310.452,357.1637,358.6145,7.0,NB
2025-06-04 16:22:12.103,1903,0.4177784,0.02763962,0.02102847,-0.9078851,310.5577,357.1247,358.6703,7.0,NB
2025-06-04 16:22:12.138,1904,0.4176714,0.02748842,0.02070698,-0.9079463,310.5724,357.1254,358.7103,7.0,NB
2025-06-04 16:22:12.170,1905,0.417412,0.02741835,0.02109435,-0.9080588,310.604,357.1654,358.6423,7.0,NB
2025-06-04 16:22:12.204,1906,0.4170117,0.02739917,0.0211458,-0.908242,310.6544,357.1728,358.6315,7.0,NB
2025-06-04 16:22:12.238,1907,0.4162485,0.02720493,0.02065508,-0.9086092,310.7523,357.1689,358.6933,7.0,NB
2025-06-04 16:22:12.271,1908,0.415882,0.02695368,0.02036818,-0.9087909,310.7998,357.1886,358.7195,7.0,NB
2025-06-04 16:22:12.304,1909,0.4158195,0.02700138,0.02040371,-0.9088173,310.8075,357.1837,358.7171,7.0,NB
2025-06-04 16:22:12.338,1910,0.4160277,0.02698785,0.02084331,-0.9087124,310.7799,357.2177,358.6467,7.0,NB
2025-06-04 16:22:12.371,1911,0.4157546,0.02695769,0.02063003,-0.9088432,310.815,357.2072,358.6777,7.0,NB
2025-06-04 16:22:12.415,1912,0.4155613,0.02700517,0.02047933,-0.9089337,310.8398,357.189,358.7046,7.0,NB
2025-06-04 16:22:12.448,1913,0.4156564,0.02677479,0.0207043,-0.9088919,310.8275,357.2419,358.6522,7.0,NB
2025-06-04 16:22:12.482,1914,0.4154678,0.02627247,0.0205823,-0.9089955,310.8523,357.3134,358.6345,7.0,NB
2025-06-04 16:22:12.515,1915,0.4155422,0.02605923,0.02041752,-0.9089713,310.8438,357.3353,358.6454,7.0,NB
2025-06-04 16:22:12.556,1916,0.4163847,0.02630418,0.02166007,-0.9085499,310.7336,357.3861,358.4673,7.0,NB
2025-06-04 16:22:12.582,1917,0.4160128,0.02615044,0.02218759,-0.908712,310.7792,357.4494,358.3711,7.0,NB
2025-06-04 16:22:12.615,1918,0.4160899,0.02598335,0.02229939,-0.9086787,310.7695,357.4842,358.3412,7.0,NB
2025-06-04 16:22:12.648,1919,0.4164827,0.02517855,0.02204049,-0.9085277,310.7222,357.5936,358.3244,7.0,NB
2025-06-04 16:22:12.682,1920,0.4166391,0.0245395,0.02161673,-0.9084836,310.7047,357.6646,358.3456,7.0,NB
2025-06-04 16:22:12.726,1921,0.416583,0.02450993,0.02139321,-0.9085155,310.7124,357.653,358.379,7.0,NB
2025-06-04 16:22:12.759,1922,0.4164664,0.02490867,0.02195865,-0.9085446,310.7249,357.6307,358.3177,7.0,NB
2025-06-04 16:22:12.793,1923,0.4165828,0.02498662,0.02232872,-0.90848,310.7092,357.6454,358.2645,7.0,NB
2025-06-04 16:22:12.826,1924,0.4168245,0.02483948,0.02191662,-0.9083833,310.6801,357.6386,358.32,7.0,NB
2025-06-04 16:22:12.860,1925,0.4165599,0.02460919,0.02178146,-0.9085142,310.7142,357.6656,358.3242,7.0,NB
2025-06-04 16:22:12.893,1926,0.4162694,0.02462884,0.0217462,-0.9086477,310.7509,357.6599,358.3308,7.0,NB
2025-06-04 16:22:12.927,1927,0.416126,0.02490945,0.02167818,-0.9087073,310.7686,357.6102,358.3619,7.0,NB
2025-06-04 16:22:12.960,1928,0.4162547,0.02476518,0.02177415,-0.90865,310.7523,357.6402,358.3363,7.0,NB
2025-06-04 16:22:12.993,1929,0.4164704,0.02471376,0.02206957,-0.9085454,310.7245,357.67,358.2857,7.0,NB
2025-06-04 16:22:13.026,1930,0.4165795,0.0248442,0.02223626,-0.9084877,310.7101,357.6613,358.2689,7.0,NB
2025-06-04 16:22:13.059,1931,0.4156137,0.0249424,0.02196218,-0.9089339,310.8323,357.6258,358.318,7.0,NB
2025-06-04 16:22:13.105,1932,0.4152977,0.02516799,0.02209752,-0.9090689,310.8714,357.5997,358.3123,7.0,NB
2025-06-04 16:22:13.137,1933,0.4158047,0.02504481,0.02178248,-0.908848,310.8085,357.5963,358.3545,7.0,NB
2025-06-04 16:22:13.170,1934,0.4157805,0.02508386,0.0214308,-0.9088664,310.8124,357.5644,358.4134,7.0,NB
2025-06-04 16:22:13.204,1935,0.4164084,0.02509287,0.02106202,-0.9085874,310.7343,357.5357,358.4742,7.0,NB
2025-06-04 16:22:13.238,1936,0.4171496,0.02566359,0.02164869,-0.9082175,310.6383,357.4871,358.424,7.0,NB
2025-06-04 16:22:13.271,1937,0.4165907,0.0259815,0.02151633,-0.9084681,310.7086,357.427,358.4672,7.0,NB
2025-06-04 16:22:13.304,1938,0.416349,0.02596099,0.02134264,-0.9085836,310.7396,357.4177,358.4928,7.0,NB
2025-06-04 16:22:13.337,1939,0.4167541,0.02529409,0.02099577,-0.9084247,310.6906,357.4985,358.5003,7.0,NB
2025-06-04 16:22:13.371,1940,0.4173719,0.02502567,0.02044087,-0.9081612,310.6147,357.5003,358.5707,7.0,NB
2025-06-04 16:22:13.404,1941,0.4172401,0.02537623,0.02052451,-0.9082101,310.6305,357.4504,358.5828,7.0,NB
2025-06-04 16:22:13.448,1942,0.4169435,0.02641217,0.02105639,-0.9083046,310.6647,357.3241,358.5731,7.0,NB
2025-06-04 16:22:13.482,1943,0.4175478,0.02651378,0.02134154,-0.9080173,310.5875,357.3282,358.5366,7.0,NB
2025-06-04 16:22:13.515,1944,0.4174099,0.02624029,0.02118954,-0.9080922,310.6058,357.3609,358.5404,7.0,NB
2025-06-04 16:22:13.549,1945,0.416902,0.02591044,0.02099085,-0.9083396,310.6709,357.3996,358.5467,7.0,NB
2025-06-04 16:22:13.582,1946,0.4173231,0.0260274,0.02102844,-0.908142,310.6176,357.3832,358.5503,7.0,NB
2025-06-04 16:22:13.615,1947,0.4177767,0.0259807,0.02106024,-0.9079341,310.5603,357.3926,358.5429,7.0,NB
2025-06-04 16:22:13.648,1948,0.4180813,0.02590356,0.02094445,-0.9077988,310.5224,357.3962,358.5565,7.0,NB
2025-06-04 16:22:13.681,1949,0.4179362,0.02579528,0.0210388,-0.9078665,310.5406,357.4206,358.5331,7.0,NB
2025-06-04 16:22:13.715,1950,0.4176134,0.02595438,0.02107516,-0.9080096,310.5809,357.3981,358.5382,7.0,NB
2025-06-04 16:22:13.748,1951,0.4172652,0.02631941,0.02097865,-0.9081613,310.6245,357.3329,358.5796,7.0,NB
2025-06-04 16:22:13.781,1952,0.4167984,0.0265038,0.02105008,-0.9083686,310.6829,357.3092,358.5804,7.0,NB
2025-06-04 16:22:13.816,1953,0.4164958,0.02617613,0.02109258,-0.9085159,310.7214,357.3649,358.5489,7.0,NB
2025-06-04 16:22:13.848,1954,0.4161066,0.02589535,0.02113593,-0.9087014,310.7708,357.4133,358.5204,7.0,NB
2025-06-04 16:22:13.882,1955,0.4161547,0.02587394,0.02090717,-0.9086852,310.7654,357.3999,358.5555,7.0,NB
2025-06-04 16:22:13.915,1956,0.4169033,0.02641472,0.02190873,-0.9083029,310.6673,357.3863,358.437,7.0,NB
2025-06-04 16:22:13.960,1957,0.4161295,0.02652535,0.02202357,-0.9086516,310.7643,357.3776,358.4249,7.0,NB
2025-06-04 16:22:13.993,1958,0.4163735,0.02602505,0.02170531,-0.9085619,310.7354,357.434,358.4397,7.0,NB
2025-06-04 16:22:14.026,1959,0.4169717,0.02536646,0.0213865,-0.9083138,310.6619,357.5155,358.4437,7.0,NB
2025-06-04 16:22:14.059,1960,0.4174941,0.0252873,0.02097273,-0.9080856,310.5974,357.4974,358.5052,7.0,NB
2025-06-04 16:22:14.092,1961,0.4176316,0.02588345,0.02109375,-0.9080029,310.5787,357.4108,358.5301,7.0,NB
2025-06-04 16:22:14.126,1962,0.4167118,0.02636033,0.02113412,-0.9084105,310.6938,357.3383,358.5563,7.0,NB
2025-06-04 16:22:14.159,1963,0.4165721,0.02671106,0.02114659,-0.9084642,310.7108,357.2834,358.5796,7.0,NB
2025-06-04 16:22:14.193,1964,0.4163665,0.02660842,0.02120804,-0.90856,310.7367,357.3045,358.5617,7.0,NB
2025-06-04 16:22:14.226,1965,0.4160241,0.02607286,0.0209627,-0.908738,310.7814,357.3723,358.5608,7.0,NB
2025-06-04 16:22:14.259,1966,0.4158971,0.02585898,0.02077387,-0.9088066,310.7983,357.3928,358.575,7.0,NB
2025-06-04 16:22:14.292,1967,0.4161279,0.02567694,0.02072289,-0.9087073,310.7697,357.4179,358.5704,7.0,NB
2025-06-04 16:22:14.338,1968,0.4159904,0.02592187,0.0203375,-0.9087721,310.7877,357.3508,358.6494,7.0,NB
2025-06-04 16:22:14.371,1969,0.4155174,0.02629703,0.01993244,-0.9089865,310.848,357.2621,358.7399,7.0,NB
2025-06-04 16:22:14.404,1970,0.4157597,0.02653281,0.0197527,-0.9088728,310.8177,357.211,358.7865,7.0,NB
2025-06-04 16:22:14.438,1971,0.4154086,0.02656614,0.01911413,-0.9090461,310.8638,357.1598,358.8895,7.0,NB
2025-06-04 16:22:14.470,1972,0.4147934,0.02663497,0.01861974,-0.9093352,310.9428,357.114,358.9711,7.0,NB
2025-06-04 16:22:14.504,1973,0.4141806,0.02662028,0.01820916,-0.9096233,311.0213,357.0879,359.0331,7.0,NB
2025-06-04 16:22:14.538,1974,0.4140489,0.0265943,0.01841923,-0.9096797,311.0372,357.1074,358.9974,7.0,NB
2025-06-04 16:22:14.570,1975,0.4140992,0.02654301,0.01793983,-0.9096679,311.0325,357.0808,359.07,7.0,NB
2025-06-04 16:22:14.605,1976,0.4140742,0.02699927,0.01880679,-0.9096483,311.0323,357.071,358.9652,7.0,NB
2025-06-04 16:22:14.648,1977,0.4122049,0.02702246,0.01931282,-0.9104856,311.2659,357.1072,358.8801,7.0,NB
2025-06-04 16:22:14.682,1978,0.4117961,0.02676667,0.01882771,-0.9106883,311.3192,357.1138,358.9371,7.0,NB
2025-06-04 16:22:14.715,1979,0.4116021,0.02628977,0.01818121,-0.910803,311.3461,357.1433,359.0045,7.0,NB
2025-06-04 16:22:14.748,1980,0.4109926,0.02651651,0.01782142,-0.9110787,311.4236,357.0831,359.0753,7.0,NB
2025-06-04 16:22:14.782,1981,0.4101872,0.0269978,0.01785963,-0.9114267,311.5242,357.0116,359.1005,7.0,NB
2025-06-04 16:22:14.814,1982,0.4095528,0.02764354,0.01773522,-0.9116951,311.6037,356.9025,359.1634,7.0,NB
2025-06-04 16:22:14.848,1983,0.4091955,0.02758455,0.01776139,-0.9118567,311.6486,356.9145,359.1536,7.0,NB
2025-06-04 16:22:14.882,1984,0.4092029,0.02742876,0.01752816,-0.9118627,311.6486,356.9225,359.1793,7.0,NB
2025-06-04 16:22:14.915,1985,0.4087321,0.02732737,0.01792455,-0.9120691,311.7064,356.9675,359.108,7.0,NB
2025-06-04 16:22:14.948,1986,0.4080483,0.02716608,0.01802881,-0.912378,311.7921,357.0017,359.0776,7.0,NB
2025-06-04 16:22:14.981,1987,0.4079832,0.02703569,0.01822224,-0.9124072,311.7997,357.0359,359.0379,7.0,NB
2025-06-04 16:22:15.015,1988,0.4076337,0.02688419,0.01806017,-0.9125711,311.8443,357.049,359.0514,7.0,NB
2025-06-04 16:22:15.048,1989,0.4074004,0.0270264,0.01833737,-0.9126655,311.8725,357.0466,359.017,7.0,NB
2025-06-04 16:22:15.081,1990,0.4076068,0.02718138,0.01896429,-0.9125561,311.8445,357.0658,358.9304,7.0,NB
2025-06-04 16:22:15.115,1991,0.4075327,0.02716735,0.01892856,-0.9125903,311.8539,357.0656,358.9347,7.0,NB
2025-06-04 16:22:15.159,1992,0.4065358,0.02705621,0.01863782,-0.913044,311.98,357.0646,358.969,7.0,NB
2025-06-04 16:22:15.192,1993,0.4064706,0.02683821,0.01817513,-0.9130888,311.9899,357.0666,359.0259,7.0,NB
2025-06-04 16:22:15.226,1994,0.405868,0.02685855,0.01842022,-0.9133513,312.0646,357.0816,358.9868,7.0,NB
2025-06-04 16:22:15.260,1995,0.4057623,0.02696598,0.01816523,-0.9134002,312.0786,357.0473,359.0338,7.0,NB
2025-06-04 16:22:15.292,1996,0.4059697,0.02744886,0.01849767,-0.913287,312.051,356.9945,359.0162,7.0,NB
2025-06-04 16:22:15.326,1997,0.4051619,0.02751957,0.01872789,-0.9136388,312.1514,357.001,358.9821,7.0,NB
2025-06-04 16:22:15.360,1998,0.4042657,0.02759206,0.01908246,-0.9140262,312.2625,357.0159,358.9286,7.0,NB
2025-06-04 16:22:15.393,1999,0.404326,0.02698237,0.01865289,-0.9140267,312.257,357.0812,358.9537,7.0,NB
2025-06-04 16:22:15.426,2000,0.4046575,0.02683151,0.0182386,-0.9138927,312.2169,357.0756,359.009,7.0,NB
2025-06-04 16:22:15.459,2001,0.4047681,0.02684963,0.01817863,-0.9138443,312.2033,357.0684,359.02,7.0,NB
2025-06-04 16:22:15.493,2002,0.4044229,0.02741956,0.01862521,-0.9139714,312.2444,357.011,358.9885,7.0,NB
2025-06-04 16:22:15.538,2003,0.4035677,0.02766273,0.01830595,-0.9143484,312.3524,356.9529,359.0518,7.0,NB
2025-06-04 16:22:15.571,2004,0.403408,0.02779689,0.01821978,-0.9144164,312.3725,356.9264,359.0738,7.0,NB
2025-06-04 16:22:15.604,2005,0.4031811,0.02761607,0.01786426,-0.914529,312.4023,356.9307,359.1158,7.0,NB
2025-06-04 16:22:15.638,2006,0.4022672,0.02745051,0.01776958,-0.9149383,312.5172,356.952,359.1156,7.0,NB
2025-06-04 16:22:15.671,2007,0.4015391,0.0276483,0.01806819,-0.9152462,312.6071,356.9432,359.08,7.0,NB
2025-06-04 16:22:15.704,2008,0.4014317,0.0275877,0.01844715,-0.9152876,312.6193,356.9786,359.0167,7.0,NB
2025-06-04 16:22:15.737,2009,0.4013255,0.02724967,0.01837354,-0.9153458,312.6332,357.0262,359.0048,7.0,NB
2025-06-04 16:22:15.772,2010,0.4007452,0.02720077,0.01861601,-0.9155965,312.7051,357.0513,358.9618,7.0,NB
2025-06-04 16:22:15.805,2011,0.4011773,0.02728164,0.01860839,-0.915405,312.651,357.0374,358.97,7.0,NB
2025-06-04 16:22:15.838,2012,0.401094,0.02756683,0.01836327,-0.9154379,312.6619,356.9768,359.027,7.0,NB
2025-06-04 16:22:15.871,2013,0.4006358,0.02759095,0.01854832,-0.915634,312.7185,356.9865,358.9984,7.0,NB
2025-06-04 16:22:15.904,2014,0.4004745,0.02741888,0.01839104,-0.915713,312.7394,357.0028,359.0104,7.0,NB
2025-06-04 16:22:15.939,2015,0.4007415,0.02738987,0.0183279,-0.9155983,312.7063,357.0025,359.0192,7.0,NB
2025-06-04 16:22:15.970,2016,0.400889,0.02743038,0.01781769,-0.9155426,312.6895,356.9614,359.1015,7.0,NB
2025-06-04 16:22:16.005,2017,0.4010626,0.02827283,0.01832525,-0.9154309,312.6652,356.8649,359.0807,7.0,NB
2025-06-04 16:22:16.038,2018,0.3996087,0.02860593,0.01817249,-0.9160592,312.8472,356.8064,359.1211,7.0,NB
2025-06-04 16:22:16.082,2019,0.3992325,0.02849227,0.01794178,-0.9162313,312.8951,356.8093,359.1475,7.0,NB
2025-06-04 16:22:16.115,2020,0.3990241,0.02777582,0.01751835,-0.9163522,312.9233,356.8919,359.1637,7.0,NB
2025-06-04 16:22:16.148,2021,0.3986512,0.02750525,0.01718757,-0.916529,312.9712,356.9124,359.1951,7.0,NB
2025-06-04 16:22:16.182,2022,0.3978364,0.027706,0.01725992,-0.9168755,313.0726,356.8882,359.1941,7.0,NB
2025-06-04 16:22:16.215,2023,0.3971476,0.02828106,0.01730157,-0.9171557,313.1579,356.8041,359.2232,7.0,NB
2025-06-04 16:22:16.248,2024,0.3963599,0.02864056,0.01725208,-0.9174863,313.2561,356.7476,359.2514,7.0,NB
2025-06-04 16:22:16.282,2025,0.3950925,0.02876634,0.01717729,-0.9180302,313.4144,356.7266,359.2657,7.0,NB
2025-06-04 16:22:16.314,2026,0.3940571,0.02861833,0.01724784,-0.9184785,313.5434,356.7565,359.2407,7.0,NB
2025-06-04 16:22:16.348,2027,0.3936437,0.0282271,0.01712462,-0.9186702,313.5957,356.8093,359.2321,7.0,NB
2025-06-04 16:22:16.382,2028,0.3929546,0.02795488,0.01656536,-0.9189837,313.6837,356.8161,359.2968,7.0,NB
2025-06-04 16:22:16.415,2029,0.3926517,0.02797708,0.01670935,-0.9191098,313.7209,356.8228,359.275,7.0,NB
2025-06-04 16:22:16.448,2030,0.392783,0.02824452,0.01668219,-0.919046,313.7044,356.7799,359.2971,7.0,NB
2025-06-04 16:22:16.481,2031,0.392487,0.02839271,0.01658257,-0.9191697,313.7416,356.7516,359.3207,7.0,NB
2025-06-04 16:22:16.515,2032,0.3920446,0.02862514,0.01647164,-0.9193533,313.7969,356.7101,359.3508,7.0,NB
2025-06-04 16:22:16.549,2033,0.3915629,0.0286139,0.0163448,-0.9195611,313.8573,356.705,359.3672,7.0,NB
2025-06-04 16:22:16.582,2034,0.3912485,0.02856423,0.01603369,-0.9197021,313.8976,356.6932,359.4099,7.0,NB
2025-06-04 16:22:16.614,2035,0.390846,0.02846703,0.01624978,-0.9198723,313.947,356.7231,359.369,7.0,NB
2025-06-04 16:22:16.660,2036,0.3905849,0.02839816,0.01619289,-0.9199864,313.9798,356.7306,359.372,7.0,NB
2025-06-04 16:22:16.693,2037,0.3908161,0.02867186,0.01599098,-0.9198832,313.9515,356.6754,359.4214,7.0,NB
2025-06-04 16:22:16.726,2038,0.3910947,0.02898282,0.01708016,-0.9197355,313.9127,356.6976,359.2773,7.0,NB
2025-06-04 16:22:16.760,2039,0.3900018,0.02922117,0.01747744,-0.9201845,314.0471,356.6898,359.2276,7.0,NB
2025-06-04 16:22:16.793,2040,0.3902413,0.02897013,0.01776017,-0.9200854,314.0165,356.7455,359.1696,7.0,NB
2025-06-04 16:22:16.825,2041,0.3907534,0.02829763,0.01716576,-0.9199002,313.9554,356.8082,359.2185,7.0,NB
2025-06-04 16:22:16.860,2042,0.3916179,0.02795414,0.01686165,-0.9195487,313.8492,356.8387,359.2461,7.0,NB
2025-06-04 16:22:16.892,2043,0.3919665,0.02811397,0.01700861,-0.9193926,313.8051,356.8231,359.2355,7.0,NB
2025-06-04 16:22:16.926,2044,0.3917233,0.02840258,0.01727989,-0.9194823,313.8342,356.7973,359.212,7.0,NB
2025-06-04 16:22:16.959,2045,0.3916503,0.02894425,0.01728986,-0.9194963,313.8428,356.7156,359.2453,7.0,NB
2025-06-04 16:22:17.004,2046,0.3923933,0.0287965,0.01716422,-0.9191865,313.7509,356.7281,359.258,7.0,NB
2025-06-04 16:22:17.038,2047,0.392358,0.02856779,0.01704168,-0.919211,313.7559,356.7551,359.2616,7.0,NB
2025-06-04 16:22:17.071,2048,0.3922143,0.02849299,0.01718377,-0.9192721,313.7733,356.7761,359.2345,7.0,NB
2025-06-04 16:22:17.105,2049,0.3922771,0.02856291,0.01772251,-0.9192328,313.7636,356.8003,359.1573,7.0,NB
2025-06-04 16:22:17.137,2050,0.3926188,0.0286006,0.01773949,-0.9190854,313.7209,356.7948,359.1585,7.0,NB
2025-06-04 16:22:17.170,2051,0.3927086,0.0284015,0.01793837,-0.9190493,313.7092,356.838,359.1156,7.0,NB
2025-06-04 16:22:17.204,2052,0.3928134,0.02840259,0.01796493,-0.919004,313.6961,356.8393,359.1121,7.0,NB
2025-06-04 16:22:17.237,2053,0.3932359,0.02853216,0.01800166,-0.9188185,313.6432,356.821,359.1166,7.0,NB
2025-06-04 16:22:17.272,2054,0.3927962,0.02877668,0.01794141,-0.9190003,313.6979,356.7807,359.14,7.0,NB
2025-06-04 16:22:17.304,2055,0.3921237,0.02878986,0.01806582,-0.9192845,313.7813,356.7883,359.1191,7.0,NB
2025-06-04 16:22:17.337,2056,0.3922317,0.02844544,0.01775056,-0.9192553,313.7692,356.8201,359.1452,7.0,NB
2025-06-04 16:22:17.370,2057,0.3926281,0.02833745,0.01787091,-0.9190869,313.7195,356.8435,359.1214,7.0,NB
2025-06-04 16:22:17.405,2058,0.3923298,0.02839263,0.01724022,-0.9192247,313.7588,356.7948,359.2199,7.0,NB
2025-06-04 16:22:17.438,2059,0.3923973,0.02906703,0.01820186,-0.9191564,313.7464,356.7543,359.1176,7.0,NB
2025-06-04 16:22:17.470,2060,0.3913073,0.02946301,0.01836088,-0.9196051,313.8812,356.7068,359.1146,7.0,NB
2025-06-04 16:22:17.504,2061,0.3909583,0.02928212,0.01846221,-0.9197573,313.9245,356.7417,359.086,7.0,NB
2025-06-04 16:22:17.537,2062,0.3911372,0.02845086,0.01785696,-0.9197193,313.9052,356.8286,359.125,7.0,NB
2025-06-04 16:22:17.570,2063,0.3915891,0.02791923,0.01720404,-0.9195557,313.8516,356.8663,359.1916,7.0,NB
2025-06-04 16:22:17.604,2064,0.3923586,0.02826813,0.01740691,-0.9192131,313.7548,356.8245,359.1865,7.0,NB
2025-06-04 16:22:17.637,2065,0.39232,0.02895634,0.01798685,-0.9191971,313.7569,356.7574,359.1428,7.0,NB
2025-06-04 16:22:17.682,2066,0.392568,0.02937777,0.01808601,-0.9190758,313.7253,356.699,359.1562,7.0,NB
2025-06-04 16:22:17.715,2067,0.3930179,0.02899494,0.0176281,-0.9189045,313.6712,356.7264,359.2029,7.0,NB
2025-06-04 16:22:17.748,2068,0.3931648,0.02857806,0.01764088,-0.9188545,313.6532,356.7906,359.1743,7.0,NB
2025-06-04 16:22:17.781,2069,0.3930415,0.0284815,0.01767918,-0.9189095,313.6685,356.8081,359.1617,7.0,NB
2025-06-04 16:22:17.815,2070,0.3929138,0.02852487,0.01791557,-0.9189583,313.6836,356.8172,359.128,7.0,NB
2025-06-04 16:22:17.848,2071,0.393132,0.02850735,0.01800487,-0.9188638,313.6561,356.8252,359.1141,7.0,NB
2025-06-04 16:22:17.881,2072,0.3935491,0.02854628,0.01792174,-0.9186856,313.6044,356.8129,359.131,7.0,NB
2025-06-04 16:22:17.914,2073,0.3934984,0.02877294,0.01784742,-0.9187018,313.6108,356.7735,359.157,7.0,NB
2025-06-04 16:22:17.948,2074,0.393452,0.02894607,0.0178168,-0.9187167,313.6165,356.7452,359.1728,7.0,NB
2025-06-04 16:22:17.981,2075,0.3935103,0.02892042,0.01738081,-0.9187009,313.6108,356.7205,359.2379,7.0,NB
2025-06-04 16:22:18.014,2076,0.3928405,0.02884109,0.01751848,-0.9189873,313.6938,356.7432,359.2088,7.0,NB
2025-06-04 16:22:18.048,2077,0.3925129,0.02842697,0.01739038,-0.9191427,313.7354,356.7989,359.2,7.0,NB
2025-06-04 16:22:18.081,2078,0.3923746,0.02838869,0.01720458,-0.9192063,313.7534,356.7929,359.2252,7.0,NB
2025-06-04 16:22:18.115,2079,0.3920918,0.02844306,0.01670249,-0.9193347,313.7903,356.7527,359.304,7.0,NB
2025-06-04 16:22:18.148,2080,0.3930666,0.02917425,0.01723074,-0.9188856,313.6664,356.673,359.2755,7.0,NB
2025-06-04 16:22:18.181,2081,0.3925612,0.02971992,0.0173793,-0.9190814,313.7284,356.6008,359.2861,7.0,NB
2025-06-04 16:22:18.215,2082,0.3919696,0.0297476,0.01764091,-0.919328,313.8011,356.6152,359.2454,7.0,NB
2025-06-04 16:22:18.248,2083,0.392213,0.02897729,0.01699339,-0.9192609,313.7738,356.6899,359.295,7.0,NB
2025-06-04 16:22:18.293,2084,0.3927212,0.02827198,0.01629866,-0.9190786,313.7135,356.7509,359.3571,7.0,NB
2025-06-04 16:22:18.325,2085,0.3927951,0.02848245,0.01661419,-0.9190347,313.703,356.7392,359.3231,7.0,NB
2025-06-04 16:22:18.359,2086,0.3921626,0.02925734,0.01683762,-0.9192765,313.7804,356.6372,359.3367,7.0,NB
2025-06-04 16:22:18.392,2087,0.3919535,0.02966286,0.01698102,-0.91935,313.8056,356.5853,359.3403,7.0,NB
2025-06-04 16:22:18.426,2088,0.3917093,0.02959437,0.01690826,-0.9194576,313.8364,356.5917,359.3458,7.0,NB
2025-06-04 16:22:18.459,2089,0.3912376,0.02920576,0.01675234,-0.9196737,313.8959,356.6421,359.3422,7.0,NB
2025-06-04 16:22:18.492,2090,0.3906594,0.02893539,0.01630987,-0.919936,313.9697,356.6563,359.3893,7.0,NB
2025-06-04 16:22:18.526,2091,0.3907735,0.02901449,0.01642139,-0.919883,313.955,356.6511,359.378,7.0,NB
2025-06-04 16:22:18.559,2092,0.3907357,0.0291749,0.01649173,-0.9198927,313.9594,356.6314,359.3775,7.0,NB
2025-06-04 16:22:18.592,2093,0.3907955,0.02923579,0.01663696,-0.9198629,313.9514,356.6313,359.3596,7.0,NB
2025-06-04 16:22:18.626,2094,0.3910697,0.02936245,0.01626431,-0.9197488,313.9185,356.5872,359.4257,7.0,NB
2025-06-04 16:22:18.659,2095,0.3912044,0.02950886,0.0164356,-0.9196838,313.901,356.5756,359.4098,7.0,NB
2025-06-04 16:22:18.694,2096,0.3912753,0.02953373,0.01631024,-0.9196551,313.8926,356.5635,359.4308,7.0,NB
2025-06-04 16:22:18.726,2097,0.3906768,0.02953616,0.01640633,-0.9199077,313.9668,356.5711,359.4135,7.0,NB
2025-06-04 16:22:18.759,2098,0.3907069,0.02920848,0.01661119,-0.9199018,313.9625,356.6341,359.3614,7.0,NB
2025-06-04 16:22:18.792,2099,0.391634,0.02886843,0.01639421,-0.9195222,313.8481,356.6692,359.3765,7.0,NB
2025-06-04 16:22:18.838,2100,0.3919111,0.02907467,0.01610706,-0.9194027,313.8145,356.6184,359.4349,7.0,NB
2025-06-04 16:22:18.871,2101,0.3933922,0.03004218,0.01667793,-0.9187285,313.6273,356.5035,359.418,7.0,NB
2025-06-04 16:22:18.904,2102,0.3927668,0.03044558,0.01659362,-0.9189842,313.7053,356.4384,359.4541,7.0,NB
2025-06-04 16:22:18.937,2103,0.3922097,0.0302821,0.01686177,-0.9192227,313.7737,356.4825,359.3999,7.0,NB
2025-06-04 16:22:18.970,2104,0.3927229,0.02923702,0.01637635,-0.9190462,313.7123,356.6088,359.4082,7.0,NB
2025-06-04 16:22:19.004,2105,0.39317,0.02848048,0.01595293,-0.9188862,313.6586,356.6953,359.4255,7.0,NB
2025-06-04 16:22:19.037,2106,0.3926614,0.02832225,0.01584055,-0.9191106,313.7225,356.7136,359.43,7.0,NB
2025-06-04 16:22:19.070,2107,0.3918143,0.02948868,0.01649937,-0.9194238,313.8249,356.5811,359.4016,7.0,NB
2025-06-04 16:22:19.104,2108,0.3918086,0.03016777,0.01661358,-0.919402,313.8247,356.485,359.4283,7.0,NB
2025-06-04 16:22:19.138,2109,0.3906241,0.03017889,0.01639183,-0.9199095,313.973,356.4727,359.4569,7.0,NB
2025-06-04 16:22:19.170,2110,0.3895345,0.0297062,0.01633573,-0.9203879,314.1091,356.5442,359.4297,7.0,NB
2025-06-04 16:22:19.203,2111,0.3886733,0.02913232,0.01652474,-0.9207668,314.2159,356.6457,359.3604,7.0,NB
2025-06-04 16:22:19.237,2112,0.3876405,0.02876996,0.01675007,-0.9212093,314.3437,356.7176,359.2986,7.0,NB
2025-06-04 16:22:19.270,2113,0.3864762,0.02868583,0.01715074,-0.9216937,314.487,356.7586,359.2279,7.0,NB
2025-06-04 16:22:19.304,2114,0.3859586,0.02868185,0.01720178,-0.9219098,314.5511,356.7636,359.2178,7.0,NB
2025-06-04 16:22:19.337,2115,0.3840878,0.02888787,0.01718626,-0.9226847,314.7833,356.7361,359.2253,7.0,NB
2025-06-04 16:22:19.370,2116,0.3814462,0.02897499,0.01705179,-0.9237795,315.1112,356.7209,359.2398,7.0,NB
2025-06-04 16:22:19.405,2117,0.3809103,0.02909769,0.01654575,-0.924006,315.1794,356.6728,359.3207,7.0,NB
2025-06-04 16:22:19.438,2118,0.3775334,0.02908311,0.01673439,-0.9253879,315.5968,356.6948,359.2773,7.0,NB
2025-06-04 16:22:19.471,2119,0.3748091,0.02874553,0.01688679,-0.9265024,315.9334,356.7603,359.2231,7.0,NB
2025-06-04 16:22:19.504,2120,0.3734555,0.02844921,0.01688815,-0.9270582,316.1009,356.8071,359.1998,7.0,NB
2025-06-04 16:22:19.538,2121,0.3708628,0.02832997,0.0166284,-0.9281067,316.4219,356.8148,359.2207,7.0,NB
2025-06-04 16:22:19.571,2122,0.3675728,0.02879324,0.0175687,-0.929383,316.8239,356.8082,359.0973,7.0,NB
2025-06-04 16:22:19.604,2123,0.3652588,0.02917728,0.01796188,-0.9302754,317.1071,356.779,359.0533,7.0,NB
2025-06-04 16:22:19.649,2124,0.3605716,0.02856897,0.01804351,-0.9321194,317.6837,356.8799,358.9899,7.0,NB
2025-06-04 16:22:19.671,2125,0.3579536,0.02776706,0.01769294,-0.9331589,318.0072,356.9801,358.9868,7.0,NB
2025-06-04 16:22:19.717,2126,0.3561304,0.02700371,0.01738605,-0.9338843,318.2326,357.0755,358.9829,7.0,NB
2025-06-04 16:22:19.749,2127,0.3491342,0.0275367,0.01785488,-0.936498,319.0872,357.0336,358.9223,7.0,NB
2025-06-04 16:22:19.782,2128,0.3460711,0.02819436,0.01783642,-0.9376151,319.4608,356.9432,358.9495,7.0,NB
2025-06-04 16:22:19.816,2129,0.3418821,0.02835388,0.01820714,-0.9391387,319.9705,356.9451,358.8917,7.0,NB
2025-06-04 16:22:19.849,2130,0.3377022,0.02813522,0.01806229,-0.9406591,320.4804,356.9733,358.8874,7.0,NB
2025-06-04 16:22:19.883,2131,0.3337646,0.02776472,0.01817642,-0.9420723,320.9595,357.0347,358.8408,7.0,NB
2025-06-04 16:22:19.917,2132,0.3285096,0.02746864,0.01779525,-0.9439336,321.5991,357.0622,358.8632,7.0,NB
2025-06-04 16:22:19.950,2133,0.3223255,0.02730188,0.0178171,-0.9460675,322.3486,357.0916,358.8339,7.0,NB
2025-06-04 16:22:19.983,2134,0.3191987,0.02746,0.01806937,-0.9471177,322.7258,357.084,358.7977,7.0,NB
2025-06-04 16:22:20.018,2135,0.3136122,0.02760092,0.01783006,-0.9489827,323.4011,357.0582,358.8203,7.0,NB
2025-06-04 16:22:20.051,2136,0.3063481,0.02756831,0.01807851,-0.9513486,324.2758,357.0785,358.7643,7.0,NB
2025-06-04 16:22:20.084,2137,0.3031878,0.02756054,0.01797689,-0.9523627,324.6563,357.0771,358.7686,7.0,NB
2025-06-04 16:22:20.129,2138,0.2974069,0.02728697,0.01745562,-0.9542013,325.3526,357.0951,358.8102,7.0,NB
2025-06-04 16:22:20.162,2139,0.2900491,0.02708416,0.01735869,-0.956471,326.235,357.122,358.7942,7.0,NB
2025-06-04 16:22:20.195,2140,0.282085,0.02695219,0.01764252,-0.9588486,327.1866,357.1537,358.73,7.0,NB
2025-06-04 16:22:20.228,2141,0.2749324,0.02698623,0.01723347,-0.9609304,328.041,357.1363,358.7653,7.0,NB
2025-06-04 16:22:20.262,2142,0.2696653,0.02740827,0.01815411,-0.9623929,328.6649,357.1168,358.6475,7.0,NB
2025-06-04 16:22:20.296,2143,0.2619393,0.02750762,0.01831449,-0.9645185,329.5825,357.1107,358.61,7.0,NB
2025-06-04 16:22:20.341,2144,0.2528602,0.02699894,0.01882661,-0.9669428,330.6581,357.1928,358.5042,7.0,NB
2025-06-04 16:22:20.374,2145,0.2437251,0.02621622,0.0186134,-0.9693112,331.7404,357.2832,358.4839,7.0,NB
2025-06-04 16:22:20.408,2146,0.2386632,0.02590109,0.01873124,-0.9705763,332.3382,357.325,358.4474,7.0,NB
2025-06-04 16:22:20.441,2147,0.2313168,0.02596697,0.01948702,-0.9723367,333.2019,357.3363,358.3384,7.0,NB
2025-06-04 16:22:20.485,2148,0.2192289,0.026095,0.01979477,-0.9751236,334.6223,357.3221,358.2772,7.0,NB
2025-06-04 16:22:20.518,2149,0.2110316,0.02575014,0.02024597,-0.9769303,335.5833,357.3709,358.1945,7.0,NB
2025-06-04 16:22:20.552,2150,0.2005935,0.02523647,0.02065022,-0.9791319,336.8053,357.435,358.11,7.0,NB
2025-06-04 16:22:20.586,2151,0.1932154,0.02480805,0.02104938,-0.980617,337.6672,357.4893,358.0363,7.0,NB
2025-06-04 16:22:20.629,2152,0.1827344,0.02468188,0.02071193,-0.9826343,338.8909,357.485,358.0537,7.0,NB
2025-06-04 16:22:20.663,2153,0.1735126,0.02443545,0.02104767,-0.9843035,339.9642,357.511,357.9898,7.0,NB
2025-06-04 16:22:20.697,2154,0.1610729,0.02422205,0.02166367,-0.9864074,341.4086,357.5325,357.8877,7.0,NB
2025-06-04 16:22:20.744,2155,0.1507846,0.02396798,0.02246056,-0.9880209,342.6005,357.5622,357.7685,7.0,NB
2025-06-04 16:22:20.775,2156,0.1406068,0.02349121,0.02285109,-0.9895232,343.7791,357.6086,357.695,7.0,NB
2025-06-04 16:22:20.808,2157,0.1331449,0.02303666,0.02261631,-0.9905708,344.6437,357.6454,357.7016,7.0,NB
2025-06-04 16:22:20.852,2158,0.1218967,0.02303539,0.02224167,-0.9920262,345.9438,357.6201,357.7247,7.0,NB
2025-06-04 16:22:20.887,2159,0.1086229,0.02338841,0.02271935,-0.9935483,347.4726,357.5612,357.6478,7.0,NB
2025-06-04 16:22:20.930,2160,0.09701189,0.02326015,0.02390252,-0.9947244,348.8071,357.5674,357.4854,7.0,NB
2025-06-04 16:22:20.963,2161,0.0831142,0.02252981,0.02418573,-0.9959918,350.4068,357.6251,357.4172,7.0,NB
2025-06-04 16:22:20.997,2162,0.07501198,0.02203327,0.02362038,-0.9966594,351.3404,357.6593,357.462,7.0,NB
2025-06-04 16:22:21.042,2163,0.06112736,0.02162184,0.02422044,-0.9976019,352.9342,357.6797,357.3617,7.0,NB
2025-06-04 16:22:21.075,2164,0.04920816,0.02168488,0.02495041,-0.9982415,354.2997,357.6479,357.2536,7.0,NB
2025-06-04 16:22:21.121,2165,0.04236121,0.02131304,0.024944,-0.9985636,355.0858,357.6731,357.238,7.0,NB
2025-06-04 16:22:21.152,2166,0.02699204,0.02078629,0.02518807,-0.9991021,356.8481,357.694,357.1751,7.0,NB
2025-06-04 16:22:21.197,2167,0.02080211,0.02041167,0.02537829,-0.9992531,357.5579,357.7206,357.1389,7.0,NB
2025-06-04 16:22:21.229,2168,0.002077662,0.02026086,0.02583032,-0.999459,359.7021,357.685,357.0451,7.0,NB
2025-06-04 16:22:21.276,2169,-0.002139302,0.020187,0.02624669,-0.9994495,0.1842958,357.6809,356.9876,7.0,NB
2025-06-04 16:22:21.308,2170,-0.02003963,0.01954438,0.0266022,-0.9992542,2.235648,357.6986,356.9052,7.0,NB
2025-06-04 16:22:21.353,2171,-0.02666427,0.01918516,0.02680232,-0.9991009,2.995193,357.7179,356.867,7.0,NB
2025-06-04 16:22:21.386,2172,-0.04157518,0.01876007,0.02688405,-0.9985976,4.704975,357.7169,356.8219,7.0,NB
2025-06-04 16:22:21.431,2173,-0.05166934,0.01878816,0.02685524,-0.9981264,5.86218,357.6793,356.7987,7.0,NB
2025-06-04 16:22:21.463,2174,-0.0605835,0.01875319,0.02715683,-0.9976174,6.884009,357.65,356.74,7.0,NB
2025-06-04 16:22:21.509,2175,-0.07596528,0.01830679,0.02752311,-0.9965625,8.650141,357.6423,356.6577,7.0,NB
2025-06-04 16:22:21.553,2176,-0.08771414,0.0176835,0.02776447,-0.9956018,10.00154,357.6674,356.6011,7.0,NB
2025-06-04 16:22:21.597,2177,-0.09969646,0.01715274,0.02769365,-0.9944847,11.38163,357.6827,356.5788,7.0,NB
2025-06-04 16:22:21.631,2178,-0.1163459,0.01696329,0.02754472,-0.9926818,13.30027,357.6392,356.5459,7.0,NB
2025-06-04 16:22:21.664,2179,-0.1225222,0.01695634,0.02871437,-0.9919055,14.00975,357.5974,356.3884,7.0,NB
2025-06-04 16:22:21.709,2180,-0.1417705,0.0168789,0.0290849,-0.9893283,16.23235,357.5141,356.2776,7.0,NB
2025-06-04 16:22:21.753,2181,-0.1554463,0.01622305,0.02961248,-0.9872672,17.81673,357.5174,356.1747,7.0,NB
2025-06-04 16:22:21.788,2182,-0.1711485,0.01536366,0.0290224,-0.9846979,19.64354,357.5542,356.2001,7.0,NB
2025-06-04 16:22:21.830,2183,-0.1827571,0.01487562,0.02860597,-0.9826294,20.99668,357.5634,356.2134,7.0,NB
2025-06-04 16:22:21.876,2184,-0.1994619,0.01464709,0.02945022,-0.9793535,22.94358,357.4832,356.0443,7.0,NB
2025-06-04 16:22:21.919,2185,-0.2250535,0.01432842,0.03041189,-0.9737664,25.93986,357.3489,355.8116,7.0,NB
2025-06-04 16:22:21.963,2186,-0.2366424,0.01381681,0.03028065,-0.9710266,27.30553,357.3448,355.7827,7.0,NB
2025-06-04 16:22:21.997,2187,-0.2586443,0.0128977,0.0305153,-0.9654045,29.90778,357.3096,355.6604,7.0,NB
2025-06-04 16:22:22.042,2188,-0.2740841,0.01180974,0.03090103,-0.9611368,31.74466,357.3282,355.5573,7.0,NB
2025-06-04 16:22:22.086,2189,-0.291778,0.01107215,0.03130653,-0.9559096,33.85779,357.278,355.4197,7.0,NB
2025-06-04 16:22:22.119,2190,-0.3054267,0.01058344,0.03152141,-0.9516351,35.49572,357.2263,355.3178,7.0,NB
2025-06-04 16:22:22.163,2191,-0.3202063,0.01001521,0.03192712,-0.9467568,37.27746,357.1611,355.1794,7.0,NB
2025-06-04 16:22:22.196,2192,-0.3420671,0.009802787,0.03199397,-0.9390798,39.92835,356.9876,355.0029,7.0,NB
2025-06-04 16:22:22.241,2193,-0.3567577,0.009215076,0.03221912,-0.9335959,41.72385,356.9128,354.8702,7.0,NB
2025-06-04 16:22:22.285,2194,-0.3754793,0.008501481,0.03197307,-0.9262402,44.02916,356.83,354.764,7.0,NB
2025-06-04 16:22:22.330,2195,-0.391617,0.008313155,0.03184069,-0.9195397,46.02851,356.6785,354.6224,7.0,NB
2025-06-04 16:22:22.362,2196,-0.4067601,0.007528855,0.03302316,-0.912907,47.91668,356.526,354.3126,7.0,NB
2025-06-04 16:22:22.407,2197,-0.4272436,0.007130628,0.03378792,-0.9034771,50.49125,356.2368,353.9415,7.0,NB
2025-06-04 16:22:22.451,2198,-0.4450966,0.006100181,0.03340022,-0.8948388,52.76609,356.1478,353.8134,7.0,NB
2025-06-04 16:22:22.496,2199,-0.4612299,0.005069154,0.03243635,-0.8866732,54.84442,356.1252,353.7989,7.0,NB
2025-06-04 16:22:22.526,2200,-0.4957781,0.003876773,0.03271224,-0.8678243,59.34388,355.5947,353.1719,7.0,NB
2025-06-04 16:22:22.572,2201,-0.5041508,0.003681513,0.03381042,-0.8629459,60.44244,355.2971,352.7721,7.0,NB
2025-06-04 16:22:22.616,2202,-0.5253205,0.003231364,0.03407359,-0.8502159,63.25923,354.7344,352.1654,7.0,NB
2025-06-04 16:22:22.648,2203,-0.5534356,0.00215785,0.03398231,-0.8321958,67.07075,353.9287,351.2973,7.0,NB
2025-06-04 16:22:22.694,2204,-0.5615489,0.001660943,0.03369349,-0.8267558,68.18916,353.7285,351.085,7.0,NB
2025-06-04 16:22:22.726,2205,-0.5867774,0.0004140362,0.03347226,-0.8090562,71.70338,352.6887,349.9753,7.0,NB
2025-06-04 16:22:22.770,2206,-0.601712,-0.0005923402,0.03374837,-0.7979997,73.81605,351.8178,349.0069,7.0,NB
2025-06-04 16:22:22.804,2207,-0.627528,-0.001806114,0.03379642,-0.7778582,77.52162,349.4378,346.5355,7.0,NB
2025-06-04 16:22:22.837,2208,-0.6486784,-0.00273623,0.03384224,-0.760305,80.59991,345.916,342.9418,7.0,NB
2025-06-04 16:22:22.881,2209,-0.6690819,-0.003473108,0.03397798,-0.7424035,83.56182,338.9305,335.8907,7.0,NB
2025-06-04 16:22:22.926,2210,-0.6990663,-0.004908923,0.03392403,-0.7142349,87.34694,299.1737,296.0259,7.0,NB
2025-06-04 16:22:22.960,2211,-0.6997486,-0.005251959,0.03347434,-0.7135852,87.45309,297.6868,294.5478,7.0,NB
2025-06-04 16:22:22.992,2212,-0.6997033,-0.005253626,0.03334937,-0.7136355,87.45886,297.9406,294.8115,7.0,NB
2025-06-04 16:22:23.038,2213,-0.6992794,-0.00448693,0.03350431,-0.7140489,87.36166,298.5152,295.4356,7.0,NB
2025-06-04 16:22:23.070,2214,-0.6986436,-0.005111325,0.0344937,-0.7146198,87.28986,300.1396,296.9291,7.0,NB
2025-06-04 16:22:23.116,2215,-0.6980293,-0.005393026,0.03491203,-0.7151974,87.23282,301.8156,298.5483,7.0,NB
2025-06-04 16:22:23.148,2216,-0.6818375,-0.004439604,0.03434631,-0.7306836,85.35793,330.0952,326.9495,7.0,NB
2025-06-04 16:22:23.193,2217,-0.6803014,-0.004488496,0.03308909,-0.7321715,85.19914,332.6521,329.6042,7.0,NB
2025-06-04 16:22:23.226,2218,-0.6774091,-0.004199905,0.03300127,-0.734854,84.79128,334.881,331.8632,7.0,NB
2025-06-04 16:22:23.271,2219,-0.6759747,-0.004407313,0.03425834,-0.7361151,84.55763,335.1707,332.0338,7.0,NB
2025-06-04 16:22:23.304,2220,-0.6734051,-0.003946557,0.03467228,-0.7384499,84.16864,336.2818,333.1482,7.0,NB
2025-06-04 16:22:23.337,2221,-0.6704651,-0.003637118,0.03439749,-0.7411345,83.75176,338.0213,334.9344,7.0,NB
2025-06-04 16:22:23.382,2222,-0.6687638,-0.003990302,0.03394154,-0.7426893,83.53365,339.4839,336.405,7.0,NB
2025-06-04 16:22:23.415,2223,-0.6661012,-0.003987761,0.03379901,-0.7450846,83.15542,340.8555,337.7878,7.0,NB
2025-06-04 16:22:23.460,2224,-0.6649362,-0.004159076,0.03378976,-0.746124,82.99271,341.4902,338.4091,7.0,NB
2025-06-04 16:22:23.493,2225,-0.6609811,-0.004020236,0.0339312,-0.7496245,82.41403,342.8952,339.8129,7.0,NB
2025-06-04 16:22:23.538,2226,-0.6588182,-0.003826969,0.03403405,-0.7515224,82.09332,343.4899,340.4144,7.0,NB
2025-06-04 16:22:23.571,2227,-0.6547962,-0.003632516,0.03418766,-0.7550234,81.50197,344.5823,341.509,7.0,NB
2025-06-04 16:22:23.615,2228,-0.6522234,-0.003259672,0.03410762,-0.7572522,81.12132,345.1506,342.1133,7.0,NB
2025-06-04 16:22:23.649,2229,-0.6498119,-0.002933186,0.03413445,-0.7593227,80.76337,345.6038,342.5901,7.0,NB
2025-06-04 16:22:23.693,2230,-0.646575,-0.002999521,0.03405415,-0.7620842,80.29651,346.4586,343.4451,7.0,NB
2025-06-04 16:22:23.726,2231,-0.6413189,-0.002766943,0.03383267,-0.7665233,79.5327,347.5544,344.576,7.0,NB
2025-06-04 16:22:23.759,2232,-0.6386952,-0.002409522,0.03367329,-0.768719,79.14792,347.9487,345.0115,7.0,NB
2025-06-04 16:22:23.806,2233,-0.6317055,-0.00252778,0.03495324,-0.7744161,78.12041,348.726,345.6722,7.0,NB
2025-06-04 16:22:23.838,2234,-0.6278892,-0.002257171,0.03532574,-0.7774976,77.56046,349.0679,346.0042,7.0,NB
2025-06-04 16:22:23.882,2235,-0.6239741,-0.002052566,0.03440293,-0.7806848,77.00642,349.8228,346.8494,7.0,NB
2025-06-04 16:22:23.915,2236,-0.6171294,-0.001877118,0.03340754,-0.7861501,76.03372,350.8734,347.9927,7.0,NB
2025-06-04 16:22:23.959,2237,-0.6146448,-0.0017783,0.03322733,-0.788102,75.67865,351.153,348.294,7.0,NB
2025-06-04 16:22:23.993,2238,-0.6035279,-0.001493745,0.03458523,-0.7965901,74.07712,351.7499,348.7977,7.0,NB
2025-06-04 16:22:24.038,2239,-0.6003935,-0.0008044638,0.03501267,-0.7989374,73.61955,351.6904,348.758,7.0,NB
2025-06-04 16:22:24.070,2240,-0.5888125,-3.581361e-05,0.03485722,-0.8075178,71.98128,352.385,349.522,7.0,NB
2025-06-04 16:22:24.104,2241,-0.5851102,-0.0004264693,0.03444391,-0.810222,71.47182,352.8384,349.9753,7.0,NB
2025-06-04 16:22:24.148,2242,-0.5765682,-0.0007308784,0.03426656,-0.8163298,70.28628,353.4769,350.5984,7.0,NB
2025-06-04 16:22:24.181,2243,-0.5696101,-0.000696167,0.03415997,-0.8212048,69.32211,353.8594,350.9881,7.0,NB
2025-06-04 16:22:24.227,2244,-0.5566174,-0.0001816543,0.03432219,-0.8300598,67.52759,354.3086,351.4578,7.0,NB
2025-06-04 16:22:24.260,2245,-0.5469512,0.0005319468,0.03440187,-0.8364574,66.20088,354.5221,351.7171,7.0,NB
2025-06-04 16:22:24.304,2246,-0.5237751,0.001604337,0.03461537,-0.8511517,63.06397,355.062,352.3113,7.0,NB
2025-06-04 16:22:24.338,2247,-0.4947827,0.002810857,0.03459518,-0.8683235,59.21211,355.6173,352.9458,7.0,NB
2025-06-04 16:22:24.371,2248,-0.473394,0.003805532,0.03434406,-0.880173,56.41599,355.9347,353.3498,7.0,NB
2025-06-04 16:22:24.416,2249,-0.451141,0.005097438,0.03397787,-0.8917912,53.54277,356.1645,353.7005,7.0,NB
2025-06-04 16:22:24.450,2250,-0.4052576,0.007077927,0.03386692,-0.9135478,47.7284,356.5582,354.2308,7.0,NB
2025-06-04 16:22:24.496,2251,-0.3901337,0.006813866,0.03406407,-0.9201028,45.84533,356.7808,354.3979,7.0,NB
2025-06-04 16:22:24.529,2252,-0.3313275,0.008727229,0.03313176,-0.9428937,38.62605,357.1817,354.9872,7.0,NB
2025-06-04 16:22:24.574,2253,-0.3172685,0.009188814,0.03255038,-0.9477326,36.92529,357.2703,355.1543,7.0,NB
2025-06-04 16:22:24.619,2254,-0.2730522,0.01067788,0.03351297,-0.961356,31.62013,357.3863,355.2667,7.0,NB
2025-06-04 16:22:24.663,2255,-0.2266166,0.01246258,0.03336054,-0.9733329,26.12399,357.4861,355.4906,7.0,NB
2025-06-04 16:22:24.697,2256,-0.1931422,0.01326075,0.03180434,-0.9805656,22.20575,357.6296,355.8193,7.0,NB
2025-06-04 16:22:24.743,2257,-0.1681242,0.01415606,0.03058139,-0.9851897,19.29322,357.6819,356.05,7.0,NB
2025-06-04 16:22:24.786,2258,-0.1385089,0.01530865,0.03095262,-0.9897591,15.85675,357.6837,356.0949,7.0,NB
2025-06-04 16:22:24.822,2259,-0.1220646,0.01587249,0.03137261,-0.9918993,13.95476,357.6882,356.0938,7.0,NB
2025-06-04 16:22:24.864,2260,-0.09387899,0.01690615,0.03049102,-0.9949731,10.70679,357.7039,356.2742,7.0,NB
2025-06-04 16:22:24.898,2261,-0.07861947,0.01703862,0.0300866,-0.996305,8.953491,357.7558,356.3649,7.0,NB
2025-06-04 16:22:24.942,2262,-0.05599728,0.01723031,0.02985953,-0.9978358,6.357005,357.8243,356.4511,7.0,NB
2025-06-04 16:22:24.986,2263,-0.04360133,0.0173139,0.02942702,-0.9984655,4.936397,357.8636,356.5316,7.0,NB
2025-06-04 16:22:25.031,2264,-0.02592731,0.01799509,0.02955776,-0.9990648,2.90857,357.8488,356.5561,7.0,NB
2025-06-04 16:22:25.064,2265,-0.0128192,0.01850696,0.02941618,-0.9993137,1.405721,357.8363,356.6013,7.0,NB
2025-06-04 16:22:25.109,2266,0.002380758,0.01907093,0.02910672,-0.9993917,359.6637,357.8233,356.6699,7.0,NB
2025-06-04 16:22:25.143,2267,0.0209709,0.02041035,0.02866198,-0.9991608,357.5311,357.7293,356.7627,7.0,NB
2025-06-04 16:22:25.188,2268,0.04863719,0.02402354,0.02756205,-0.9981473,354.3519,357.3923,356.9652,7.0,NB
2025-06-04 16:22:25.221,2269,0.09771482,0.03005761,0.02645146,-0.9944088,348.7011,356.8076,357.2684,7.0,NB
2025-06-04 16:22:25.265,2270,0.1397269,0.03471202,0.02560326,-0.9892503,343.8456,356.3276,357.5562,7.0,NB
2025-06-04 16:22:25.299,2271,0.1833467,0.03922967,0.02376937,-0.9819777,338.78,355.7965,358.0146,7.0,NB
2025-06-04 16:22:25.343,2272,0.2126792,0.04196364,0.02208602,-0.9759707,335.3552,355.4239,358.4074,7.0,NB
2025-06-04 16:22:25.387,2273,0.2519501,0.04515112,0.01984824,-0.9664826,330.7381,354.9182,358.9745,7.0,NB
2025-06-04 16:22:25.421,2274,0.2859133,0.04777747,0.01768327,-0.9569005,326.7104,354.4169,359.553,7.0,NB
2025-06-04 16:22:25.465,2275,0.3352839,0.05142035,0.01315062,-0.9406211,320.7946,353.4854,0.7203021,7.0,NB
2025-06-04 16:22:25.498,2276,0.3673633,0.05335578,0.01150102,-0.9284747,316.8899,352.8688,1.400674,7.0,NB
2025-06-04 16:22:25.543,2277,0.4030994,0.05495495,0.008784871,-0.9134625,312.4898,352.0591,2.397456,7.0,NB
2025-06-04 16:22:25.570,2278,0.4394372,0.05554509,0.005662494,-0.8965366,307.9478,351.1489,3.604791,7.0,NB
2025-06-04 16:22:25.603,2279,0.4592343,0.05473456,0.003433129,-0.8866208,305.4414,350.6805,4.369987,7.0,NB
2025-06-04 16:22:25.637,2280,0.4898074,0.0543084,0.0006615203,-0.8701375,301.5185,349.6565,5.714124,7.0,NB
2025-06-04 16:22:25.681,2281,0.5131687,0.05543832,-0.000730237,-0.8564953,298.4814,348.4213,7.003999,7.0,NB
2025-06-04 16:22:25.714,2282,0.5480877,0.05573353,-0.002623075,-0.8345581,293.861,346.2861,9.31435,7.0,NB
2025-06-04 16:22:25.748,2283,0.5690646,0.05538667,-0.004211907,-0.8204148,291.0494,344.5515,11.23,7.0,NB
2025-06-04 16:22:25.782,2284,0.5973964,0.05441976,-0.006009767,-0.8000752,287.2017,341.4138,14.61817,7.0,NB
2025-06-04 16:22:25.815,2285,0.6304965,0.05304302,-0.00685613,-0.7743474,282.6518,335.5103,20.7237,7.0,NB
2025-06-04 16:22:25.848,2286,0.6428742,0.05250882,-0.006931465,-0.7641386,280.9595,332.0319,24.25743,7.0,NB
2025-06-04 16:22:25.882,2287,0.662057,0.05193049,-0.007687395,-0.7476127,278.4572,323.3323,33.07233,7.0,NB
2025-06-04 16:22:25.914,2288,0.6915824,0.04801791,-0.006588346,-0.7206696,275.0148,296.3627,60.27665,7.0,NB
2025-06-04 16:22:25.948,2289,0.7066079,0.03785137,0.005281267,-0.7065727,272.6392,268.1899,88.31367,7.0,NB
2025-06-04 16:22:25.982,2290,0.7268651,0.05070348,-0.009647457,-0.6848382,275.9617,233.4817,123.1866,7.0,NB
2025-06-04 16:22:26.014,2291,0.7549261,0.0497063,-0.01026397,-0.653843,279.5346,209.0759,147.7166,7.0,NB
2025-06-04 16:22:26.048,2292,0.7650896,0.04974758,-0.01110119,-0.6419036,281.1505,204.7141,152.1392,7.0,NB
2025-06-04 16:22:26.081,2293,0.7850113,0.04845702,-0.01150876,-0.6174763,284.4568,198.1847,158.7971,7.0,NB
2025-06-04 16:22:26.114,2294,0.8033027,0.04826323,-0.01304491,-0.5934691,287.7847,194.8427,162.2686,7.0,NB
2025-06-04 16:22:26.159,2295,0.8140483,0.04763139,-0.01354025,-0.5786825,289.8033,193.1667,164.0289,7.0,NB
2025-06-04 16:22:26.192,2296,0.8401061,0.04702621,-0.01531257,-0.5401629,295.0217,190.4247,166.9428,7.0,NB
2025-06-04 16:22:26.226,2297,0.8490971,0.04654013,-0.01600501,-0.5259395,296.9178,189.6817,167.774,7.0,NB
2025-06-04 16:22:26.259,2298,0.8636525,0.04585028,-0.01725824,-0.5017017,300.1163,188.6908,168.9099,7.0,NB
2025-06-04 16:22:26.292,2299,0.8761588,0.0450416,-0.01811516,-0.4795719,302.9937,187.9106,169.8138,7.0,NB
2025-06-04 16:22:26.325,2300,0.8849364,0.0447059,-0.01881087,-0.4631795,305.1063,187.464,170.3352,7.0,NB
2025-06-04 16:22:26.359,2301,0.8969399,0.04359266,-0.02013174,-0.4395377,308.1197,186.9256,171.063,7.0,NB
2025-06-04 16:22:26.394,2302,0.9114741,0.04333153,-0.02202254,-0.4084757,312.0363,186.478,171.6722,7.0,NB
2025-06-04 16:22:26.427,2303,0.9140917,0.04346313,-0.02258625,-0.4025385,312.7813,186.4486,171.7345,7.0,NB
2025-06-04 16:22:26.461,2304,0.9269177,0.04244877,-0.02433053,-0.3720616,316.5536,186.0637,172.3381,7.0,NB
2025-06-04 16:22:26.496,2305,0.937808,0.04063973,-0.02573323,-0.3438061,320.0023,185.7093,172.9579,7.0,NB
2025-06-04 16:22:26.529,2306,0.9456515,0.0395083,-0.02673602,-0.3216639,322.6811,185.4826,173.3626,7.0,NB
2025-06-04 16:22:26.574,2307,0.9489346,0.03964239,-0.0273738,-0.3117732,323.876,185.4467,173.4382,7.0,NB
2025-06-04 16:22:26.608,2308,0.956066,0.03956483,-0.02913708,-0.2890046,326.6118,185.4004,173.6399,7.0,NB
2025-06-04 16:22:26.641,2309,0.9649531,0.03821593,-0.03141312,-0.2577179,330.3322,185.304,174.0584,7.0,NB
2025-06-04 16:22:26.685,2310,0.9698906,0.03733125,-0.03216207,-0.2385045,332.5971,185.1826,174.3272,7.0,NB
2025-06-04 16:22:26.718,2311,0.977249,0.03610799,-0.03385111,-0.2062402,336.3811,185.0754,174.7061,7.0,NB
2025-06-04 16:22:26.763,2312,0.9817523,0.03526641,-0.03516231,-0.1835279,339.0301,185.0371,174.9526,7.0,NB
2025-06-04 16:22:26.796,2313,0.984887,0.03472158,-0.03641287,-0.1657294,341.0998,185.0472,175.1212,7.0,NB
2025-06-04 16:22:26.841,2314,0.9891341,0.03400201,-0.0382063,-0.1378339,344.3313,185.062,175.3655,7.0,NB
2025-06-04 16:22:26.877,2315,0.9925015,0.03322427,-0.03998809,-0.1106257,347.4709,185.097,175.6056,7.0,NB
2025-06-04 16:22:26.918,2316,0.9941829,0.0327106,-0.04106744,-0.09404306,349.3794,185.1256,175.7543,7.0,NB
2025-06-04 16:22:26.963,2317,0.9964522,0.03155742,-0.0428308,-0.06521408,352.6886,185.1755,176.0412,7.0,NB
2025-06-04 16:22:26.996,2318,0.9974033,0.03108043,-0.04373105,-0.04804764,354.6565,185.199,176.1875,7.0,NB
2025-06-04 16:22:27.041,2319,0.998297,0.03033808,-0.04545139,-0.0204216,357.8213,185.2818,176.4182,7.0,NB
2025-06-04 16:22:27.074,2320,0.9984633,0.02986361,-0.04666965,-0.001114731,0.03216657,185.3513,176.5751,7.0,NB
2025-06-04 16:22:27.119,2321,0.998408,0.02948439,-0.04724335,0.008975343,1.186565,185.3838,176.6727,7.0,NB
2025-06-04 16:22:27.164,2322,0.9974385,0.02905198,-0.04764479,0.04475171,5.281121,185.327,176.9091,7.0,NB
2025-06-04 16:22:27.196,2323,0.9961276,0.02808789,-0.04749658,0.06844898,7.992065,185.2597,177.1374,7.0,NB
2025-06-04 16:22:27.241,2324,0.9940422,0.02706448,-0.04768883,0.0942009,10.94465,185.2426,177.3834,7.0,NB
2025-06-04 16:22:27.288,2325,0.9923055,0.02685555,-0.04804603,0.1109078,12.86705,185.2613,177.4931,7.0,NB
2025-06-04 16:22:27.330,2326,0.989006,0.0262385,-0.04874581,0.137123,15.88986,185.3229,177.704,9.0,NB
2025-06-04 16:22:27.363,2327,0.9857209,0.02529217,-0.04855439,0.1592397,18.44461,185.3025,177.9219,9.0,NB
2025-06-04 16:22:27.408,2328,0.9815481,0.02355502,-0.04767679,0.1836722,21.273,185.2299,178.2334,9.0,NB
2025-06-04 16:22:27.452,2329,0.9782212,0.02281483,-0.04787721,0.2006756,23.25319,185.2778,178.4146,9.0,NB
2025-06-04 16:22:27.497,2330,0.9731182,0.02207793,-0.04833327,0.2240924,25.99362,185.3734,178.6417,9.0,NB
2025-06-04 16:22:27.541,2331,0.9669713,0.02045987,-0.04864665,0.2493621,28.96286,185.5011,178.9976,9.0,NB
2025-06-04 16:22:27.574,2332,0.9609058,0.01928418,-0.04838139,0.2719333,31.6326,185.5599,179.2767,9.0,NB
2025-06-04 16:22:27.630,2333,0.9565088,0.01852123,-0.04818992,0.2870988,33.43634,185.6083,179.4671,9.0,NB
2025-06-04 16:22:27.663,2334,0.9468816,0.01661145,-0.04795955,0.3175521,37.08231,185.775,179.9283,9.0,NB
2025-06-04 16:22:27.708,2335,0.9402736,0.01554723,-0.0478764,0.3366778,39.39232,185.9093,180.2225,9.0,NB
2025-06-04 16:22:27.752,2336,0.9329882,0.01471458,-0.0478128,0.3564138,41.79494,186.0618,180.5092,9.0,NB
2025-06-04 16:22:27.785,2337,0.9242213,0.01323378,-0.04788797,0.3786118,44.51608,186.3203,180.9482,9.0,NB
2025-06-04 16:22:27.829,2338,0.9167092,0.01215568,-0.04771639,0.3965094,46.72967,186.521,181.3002,9.0,NB
2025-06-04 16:22:27.874,2339,0.9079587,0.01098885,-0.047304,0.4162365,49.19084,186.7444,181.7032,9.0,NB
2025-06-04 16:22:27.917,2340,0.8970348,0.00949605,-0.04694762,0.4393572,52.10416,187.0966,182.2596,9.0,NB
2025-06-04 16:22:27.948,2341,0.882791,0.008030109,-0.04703895,0.4673362,55.67736,187.6997,183.0283,9.0,NB
2025-06-04 16:22:27.993,2342,0.8763056,0.007410761,-0.04706257,0.4793942,57.23412,188.0059,183.404,9.0,NB
2025-06-04 16:22:28.026,2343,0.8669063,0.006464195,-0.04672668,0.4962342,59.42694,188.4338,183.9646,9.0,NB
2025-06-04 16:22:28.071,2344,0.8520139,0.005201751,-0.04643323,0.5214301,62.74967,189.2624,184.9564,9.0,NB
2025-06-04 16:22:28.104,2345,0.8402286,0.004055853,-0.04617715,0.5402474,65.26285,190.0768,185.9089,9.0,NB
2025-06-04 16:22:28.148,2346,0.8280727,0.002868697,-0.04604934,0.558719,67.75658,191.1279,187.0875,9.0,NB
2025-06-04 16:22:28.182,2347,0.8119974,0.001928363,-0.04665774,0.5817902,70.90964,192.9921,188.9991,9.0,NB
2025-06-04 16:22:28.226,2348,0.7934834,0.0004529031,-0.04716823,0.6067613,74.35533,195.9941,192.0985,9.0,NB
2025-06-04 16:22:28.259,2349,0.7801635,-0.0002041431,-0.04677657,0.6238247,76.74297,198.6257,194.8259,9.0,NB
2025-06-04 16:22:28.292,2350,0.7629759,-0.001587238,-0.04613166,0.6447771,79.65742,203.7971,200.1724,9.0,NB
2025-06-04 16:22:28.339,2351,0.751475,-0.002577147,-0.04588802,0.6581588,81.47191,209.2057,205.6859,9.0,NB
2025-06-04 16:22:28.370,2352,0.7269861,-0.003505805,-0.04629947,0.6850807,84.72411,231.6592,228.1874,9.0,NB
2025-06-04 16:22:28.416,2353,0.720201,-0.00375296,-0.04730851,0.6921406,85.27773,242.9759,239.443,9.0,NB
2025-06-04 16:22:28.448,2354,0.6802965,-0.005876678,-0.0467499,0.7314211,84.05222,315.829,312.5121,9.0,NB
2025-06-04 16:22:28.493,2355,0.6718588,-0.01022192,-0.05022391,0.7389039,82.68062,319.5873,316.339,9.0,NB
2025-06-04 16:22:28.526,2356,0.6521491,-0.01030187,-0.04925393,0.7564188,80.25842,331.8503,328.6822,9.0,NB
2025-06-04 16:22:28.559,2357,0.6353313,-0.01174552,-0.04989991,0.7705364,77.93732,337.0444,333.9352,9.0,NB
2025-06-04 16:22:28.605,2358,0.607008,-0.01495453,-0.05114495,0.7929072,73.9607,341.9072,338.9455,9.0,NB
2025-06-04 16:22:28.637,2359,0.58488,-0.01725834,-0.05209149,0.8092614,70.88158,344.2564,341.3939,9.0,NB
2025-06-04 16:22:28.682,2360,0.562978,-0.01917919,-0.05204513,0.8246086,67.89206,346.1281,343.4144,9.0,NB
2025-06-04 16:22:28.715,2361,0.533712,-0.02156938,-0.05189927,0.8437968,63.95505,347.932,345.4093,9.0,NB
2025-06-04 16:22:28.749,2362,0.5239686,-0.02238903,-0.05167775,0.8498735,62.66042,348.4174,345.9749,9.0,NB
2025-06-04 16:22:28.793,2363,0.4891409,-0.02567272,-0.05098464,0.8703349,58.08298,349.6963,347.5629,9.0,NB
2025-06-04 16:22:28.827,2364,0.4619243,-0.0277173,-0.05011652,0.8850685,54.57659,350.5301,348.6248,9.0,NB
2025-06-04 16:22:28.872,2365,0.4405135,-0.02895112,-0.04900808,0.8959399,51.86048,351.1461,349.4265,9.0,NB
2025-06-04 16:22:28.907,2366,0.4029468,-0.03090414,-0.0467202,0.9135076,47.16396,352.0434,350.6668,9.0,NB
2025-06-04 16:22:28.952,2367,0.372006,-0.03212563,-0.04494807,0.9265847,43.35386,352.6536,351.5222,9.0,NB
2025-06-04 16:22:28.996,2368,0.3377242,-0.03274092,-0.04275931,0.9397033,39.192,353.3006,352.4019,9.0,NB
2025-06-04 16:22:29.029,2369,0.2998697,-0.03285881,-0.04043253,0.9525565,34.65463,353.9395,353.2465,9.0,NB
2025-06-04 16:22:29.075,2370,0.2771797,-0.03285344,-0.03905544,0.9594619,31.95955,354.2709,353.6962,9.0,NB
2025-06-04 16:22:29.120,2371,0.2457007,-0.03238846,-0.03815436,0.968053,28.24423,354.6945,354.1502,9.0,NB
2025-06-04 16:22:29.164,2372,0.1987646,-0.03109083,-0.03579862,0.9788997,22.76269,355.3284,354.8704,9.0,NB
2025-06-04 16:22:29.198,2373,0.1553699,-0.02906807,-0.03307399,0.9868748,17.74243,355.9269,355.525,9.0,NB
2025-06-04 16:22:29.243,2374,0.1198371,-0.02714361,-0.03188702,0.9919101,13.65082,356.372,355.8831,9.0,NB
2025-06-04 16:22:29.287,2375,0.08609191,-0.02555596,-0.03170663,0.9954547,9.775062,356.7227,356.071,9.0,NB
2025-06-04 16:22:29.320,2376,0.04828044,-0.02324746,-0.03106629,0.99808,5.447351,357.1553,356.299,9.0,NB
2025-06-04 16:22:29.365,2377,0.01326301,-0.0204886,-0.02988086,0.9992556,1.448696,357.6071,356.5441,9.0,NB
2025-06-04 16:22:29.410,2378,-0.02508104,-0.0196778,-0.02412111,0.9992006,357.0726,357.8128,357.2901,9.0,NB
2025-06-04 16:22:29.443,2379,-0.04495232,-0.0210875,-0.01830728,0.998599,354.8047,357.671,358.0051,9.0,NB
2025-06-04 16:22:29.488,2380,-0.07771654,-0.02521242,-0.005607302,0.9966409,351.072,357.1346,359.579,9.0,NB
2025-06-04 16:22:29.521,2381,-0.09729058,-0.02794238,0.001920274,0.994862,348.8444,356.7296,0.5406606,9.0,NB
2025-06-04 16:22:29.533,2382,-0.1271316,-0.03345516,0.01557244,0.9911994,345.4643,355.8364,2.331394,9.0,NB
2025-06-04 16:22:29.611,2383,-0.1274461,-0.03391021,0.01567424,0.9911419,345.4295,355.7803,2.351732,9.0,NB
2025-06-04 16:22:29.644,2384,-0.167142,-0.04288045,0.03692167,0.9843078,340.9816,354.1258,5.281155,9.0,NB
2025-06-04 16:22:29.688,2385,-0.192813,-0.05046774,0.05354775,0.9784727,338.166,352.609,7.692341,9.0,NB
2025-06-04 16:22:29.700,2386,-0.2075288,-0.05541676,0.06385914,0.9745681,336.5827,351.5704,9.247993,9.0,NB
2025-06-04 16:22:29.766,2387,-0.2210798,-0.06148212,0.07418042,0.970485,335.1662,350.3496,10.87153,9.0,NB
2025-06-04 16:22:29.798,2388,-0.2448904,-0.07159462,0.09399621,0.9623243,332.7503,348.0663,14.05991,9.0,NB
2025-06-04 16:22:29.843,2389,-0.2674801,-0.08212786,0.1147073,0.9531798,330.5889,345.5124,17.54537,9.0,NB
2025-06-04 16:22:29.888,2390,-0.2834127,-0.08972664,0.1297413,0.9459354,329.143,343.5363,20.19231,9.0,NB
2025-06-04 16:22:29.921,2391,-0.3043566,-0.1009807,0.1505629,0.9351476,327.3961,340.5498,24.03157,9.0,NB
2025-06-04 16:22:29.965,2392,-0.3211317,-0.1109546,0.1681019,0.9253678,326.1496,337.8359,27.41404,9.0,NB
2025-06-04 16:22:29.998,2393,-0.3412521,-0.1247565,0.1890222,0.9122792,324.8674,334.1461,31.72359,9.0,NB
2025-06-04 16:22:30.042,2394,-0.3590486,-0.1379606,0.2091706,0.8990543,323.9923,330.5055,35.97363,9.0,NB
2025-06-04 16:22:30.075,2395,-0.3721875,-0.1474559,0.2242413,0.8885095,323.4693,327.7355,39.23531,9.0,NB
2025-06-04 16:22:30.120,2396,-0.3854578,-0.1570148,0.2395595,0.8771431,323.0603,324.8522,42.62879,9.0,NB
2025-06-04 16:22:30.153,2397,-0.4127542,-0.1791398,0.2690398,0.8515638,322.6573,318.4619,49.67245,9.0,NB
2025-06-04 16:22:30.198,2398,-0.4188535,-0.1856262,0.2758155,0.8450034,322.7375,316.8048,51.35868,9.0,NB
2025-06-04 16:22:30.231,2399,-0.4461642,-0.2124013,0.304755,0.8142161,323.3384,309.6297,58.75198,9.0,NB
2025-06-04 16:22:30.265,2400,-0.4530168,-0.2183279,0.3117912,0.8061607,323.5399,307.915,60.57509,9.0,NB
2025-06-04 16:22:30.309,2401,-0.4708782,-0.2266769,0.3279573,0.7869787,323.6681,304.2834,64.92349,9.0,NB
2025-06-04 16:22:30.342,2402,-0.4843273,-0.2292318,0.3414469,0.7722007,323.7397,301.8715,68.33508,9.0,NB
2025-06-04 16:22:30.376,2403,-0.4943327,-0.2305733,0.3533506,0.7600096,323.953,300.0553,71.12556,9.0,NB
2025-06-04 16:22:30.420,2404,-0.5103174,-0.2309342,0.3755234,0.7383956,324.5361,297.2153,75.99449,9.0,NB
2025-06-04 16:22:30.452,2405,-0.519601,-0.2300843,0.3898945,0.7246093,324.9985,295.6167,79.02168,9.0,NB
2025-06-04 16:22:30.497,2406,-0.5256652,-0.228695,0.4007329,0.7146944,325.3829,294.6126,81.18052,9.0,NB
2025-06-04 16:22:30.530,2407,-0.5478718,-0.219626,0.4402845,0.6765727,326.7732,291.2514,89.17994,9.0,NB
2025-06-04 16:22:30.564,2408,-0.5513535,-0.2172223,0.4477393,0.6695921,327.0542,290.7742,90.60917,9.0,NB
2025-06-04 16:22:30.610,2409,-0.5666865,-0.2052381,0.4804612,0.6371034,328.3413,288.7416,97.01487,9.0,NB
2025-06-04 16:22:30.643,2410,-0.5780763,-0.193907,0.5059615,0.6101075,329.3922,287.3358,102.0949,9.0,NB
2025-06-04 16:22:30.687,2411,-0.5891086,-0.1817991,0.5297267,0.582486,330.4168,286.0065,107.0731,9.0,NB
2025-06-04 16:22:30.731,2412,-0.6033382,-0.162425,0.5632485,0.5406963,331.9998,284.3747,114.2421,9.0,NB
2025-06-04 16:22:30.764,2413,-0.61154,-0.1488454,0.5842215,0.5123956,333.0776,283.4725,118.877,9.0,NB
2025-06-04 16:22:30.809,2414,-0.6238865,-0.1258671,0.6157236,0.4645512,334.8711,282.1044,126.3564,9.0,NB
2025-06-04 16:22:30.841,2415,-0.6326317,-0.1082043,0.6379282,0.425578,336.3959,281.0824,132.1013,9.0,NB
2025-06-04 16:22:30.888,2416,-0.6419902,-0.08723319,0.6613493,0.3779636,338.2897,279.9466,138.8023,9.0,NB
2025-06-04 16:22:30.920,2417,-0.6477535,-0.07572889,0.6735797,0.347809,339.6001,279.1695,142.8015,9.0,NB
2025-06-04 16:22:30.965,2418,-0.6554492,-0.05545169,0.6917058,0.2980852,341.6967,278.1519,149.2753,9.0,NB
2025-06-04 16:22:31.009,2419,-0.6618689,-0.04414767,0.7008294,0.2623338,343.4184,277.1904,153.6002,9.0,NB
2025-06-04 16:22:31.042,2420,-0.6660824,-0.03700033,0.7068467,0.2352306,344.8671,276.539,156.6997,9.0,NB
2025-06-04 16:22:31.086,2421,-0.6711179,-0.029597,0.7140803,0.1970139,347.1635,275.7361,160.7722,9.0,NB
2025-06-04 16:22:31.119,2422,-0.6745572,-0.0257912,0.7179446,0.169891,348.9206,275.1807,163.4989,9.0,NB
2025-06-04 16:22:31.164,2423,-0.6798004,-0.02122989,0.7211725,0.1316477,351.4677,274.3402,167.2208,9.0,NB
2025-06-04 16:22:31.208,2424,-0.683423,-0.01956448,0.7223024,0.1040657,353.4553,273.7571,169.7329,9.0,NB
2025-06-04 16:22:31.252,2425,-0.6869602,-0.01962857,0.7225879,0.07461338,355.7478,273.1846,172.2316,9.0,NB
2025-06-04 16:22:31.286,2426,-0.689741,-0.02186397,0.7218873,0.05155942,357.7329,272.7281,173.9911,9.0,NB
2025-06-04 16:22:31.330,2427,-0.692462,-0.02468759,0.720592,0.02518851,0.03983068,272.2795,175.9578,9.0,NB
2025-06-04 16:22:31.363,2428,-0.6919408,-0.02818863,0.7214025,-0.001384905,2.440807,272.3431,177.877,9.0,NB
2025-06-04 16:22:31.408,2429,-0.6892447,-0.02996439,0.7236419,-0.01965676,4.040616,272.7632,179.2615,9.0,NB
2025-06-04 16:22:31.453,2430,-0.6840004,-0.03208087,0.7267815,-0.05387895,6.911612,273.5939,181.9875,9.0,NB
2025-06-04 16:22:31.486,2431,-0.680357,-0.03250705,0.7278356,-0.07945638,8.942139,274.1865,184.1466,9.0,NB
2025-06-04 16:22:31.531,2432,-0.6775466,-0.03163884,0.7279773,-0.09989375,10.45306,274.658,185.9867,9.0,NB
2025-06-04 16:22:31.576,2433,-0.6722172,-0.02881992,0.7270702,-0.1366105,13.03652,275.5716,189.447,9.0,NB
2025-06-04 16:22:31.608,2434,-0.6651476,-0.02093484,0.7232515,-0.1845203,16.00664,276.8281,194.4007,9.0,NB
2025-06-04 16:22:31.653,2435,-0.6622491,-0.01979704,0.7220299,-0.1992673,17.00872,277.3339,195.8724,9.0,NB
2025-06-04 16:22:31.698,2436,-0.658435,-0.01434401,0.7185786,-0.2233885,18.34803,278.0255,198.5625,9.0,NB
2025-06-04 16:22:31.743,2437,-0.6512551,0.003726106,0.7055559,-0.2793633,21.0152,279.3529,205.3091,9.0,NB
2025-06-04 16:22:31.787,2438,-0.6483335,0.01180504,0.6981305,-0.303543,22.15486,279.8883,208.3033,9.0,NB
2025-06-04 16:22:31.821,2439,-0.6430244,0.02731719,0.6857514,-0.3398802,23.55548,280.7859,213.1508,9.0,NB
2025-06-04 16:22:31.865,2440,-0.6353607,0.04652411,0.6673289,-0.385778,25.34847,282.0266,219.4313,9.0,NB
2025-06-04 16:22:31.911,2441,-0.6267946,0.0665985,0.6478264,-0.4278019,26.74363,283.2964,225.5748,9.0,NB
2025-06-04 16:22:31.954,2442,-0.6180786,0.08860887,0.6255396,-0.4677902,27.86602,284.4269,231.8048,9.0,NB
2025-06-04 16:22:31.999,2443,-0.6066996,0.1108204,0.6018107,-0.5074038,28.83556,285.851,238.2843,9.0,NB
2025-06-04 16:22:32.043,2444,-0.5902593,0.1396515,0.560158,-0.564194,30.63636,287.881,247.8529,9.0,NB
2025-06-04 16:22:32.076,2445,-0.5848453,0.1506538,0.542217,-0.584175,31.32754,288.4628,251.4263,9.0,NB
2025-06-04 16:22:32.120,2446,-0.572065,0.1674459,0.5156015,-0.6155151,32.11082,289.979,257.3006,9.0,NB
2025-06-04 16:22:32.164,2447,-0.5602427,0.1764249,0.4969031,-0.6388193,32.71465,291.6201,261.6923,9.0,NB
2025-06-04 16:22:32.209,2448,-0.5474668,0.1834836,0.4767158,-0.6628395,33.42371,293.5317,266.2934,9.0,NB
2025-06-04 16:22:32.254,2449,-0.537472,0.1869753,0.4613267,-0.6806923,33.99998,295.1497,269.7653,9.0,NB
2025-06-04 16:22:32.298,2450,-0.5244632,0.188353,0.4441813,-0.7015445,34.64867,297.4265,273.8532,9.0,NB
2025-06-04 16:22:32.342,2451,-0.5072494,0.191296,0.4159769,-0.7301146,35.55969,300.4445,279.8612,9.0,NB
2025-06-04 16:22:32.387,2452,-0.4951209,0.192706,0.3983054,-0.7477115,35.93758,302.5345,283.748,9.0,NB
2025-06-04 16:22:32.431,2453,-0.4829851,0.1941821,0.3848286,-0.7621849,35.92984,304.4483,287.0385,9.0,NB
2025-06-04 16:22:32.476,2454,-0.4679165,0.1934148,0.3733099,-0.7773575,35.66673,306.8555,290.4151,9.0,NB
2025-06-04 16:22:32.509,2455,-0.4458072,0.1821109,0.3560316,-0.800833,35.75777,311.356,295.4716,9.0,NB
2025-06-04 16:22:32.564,2456,-0.441989,0.1765333,0.3508991,-0.8064439,36.08522,312.5953,296.6935,9.0,NB
2025-06-04 16:22:32.609,2457,-0.4168556,0.1517041,0.3257025,-0.8349463,36.67557,319.1237,303.2971,9.0,NB
2025-06-04 16:22:32.654,2458,-0.4025033,0.138513,0.3108892,-0.8497961,36.72442,322.7026,307.0278,9.0,NB
2025-06-04 16:22:32.699,2459,-0.3809136,0.1219164,0.2898565,-0.8694966,36.27985,327.5256,312.2266,9.0,NB
2025-06-04 16:22:32.743,2460,-0.3592429,0.1081573,0.2692419,-0.8869925,35.38378,331.7961,317.066,9.0,NB
2025-06-04 16:22:32.798,2461,-0.3345421,0.09595378,0.2468136,-0.9044101,33.9011,335.9161,322.0313,9.0,NB
2025-06-04 16:22:32.842,2462,-0.3101836,0.08361096,0.2242414,-0.9200605,32.22716,339.7376,326.6951,9.0,NB
2025-06-04 16:22:32.887,2463,-0.2897976,0.07515822,0.2054051,-0.9317605,30.60843,342.4789,330.3067,9.0,NB
2025-06-04 16:22:32.931,2464,-0.2766447,0.0680958,0.1924789,-0.9390329,29.56054,344.3679,332.6841,9.0,NB
2025-06-04 16:22:32.976,2465,-0.2572913,0.06001026,0.1748954,-0.9484787,27.84488,346.6719,335.7866,9.0,NB
2025-06-04 16:22:33.031,2466,-0.2276465,0.04888267,0.1509899,-0.9607236,25.00195,349.66,339.8381,9.0,NB
2025-06-04 16:22:33.075,2467,-0.20645,0.04244756,0.1362904,-0.9679885,22.83707,351.3599,342.2229,9.0,NB
2025-06-04 16:22:33.120,2468,-0.1874104,0.03719398,0.1238405,-0.9737339,20.84024,352.6938,344.1586,9.0,NB
2025-06-04 16:22:33.164,2469,-0.1539929,0.02919719,0.1026529,-0.9822914,17.24975,354.6542,347.2567,9.0,NB
2025-06-04 16:22:33.212,2470,-0.1371372,0.02593355,0.09215309,-0.9859153,15.40449,355.454,348.7051,9.0,NB
2025-06-04 16:22:33.263,2471,-0.1136452,0.02254991,0.08011071,-0.9900296,12.79194,356.3042,350.3333,9.0,NB
2025-06-04 16:22:33.308,2472,-0.07706974,0.01857709,0.06393449,-0.9948004,8.682712,357.2856,352.4394,9.0,NB
2025-06-04 16:22:33.353,2473,-0.05923205,0.01758605,0.05653946,-0.9964868,6.664726,357.5911,353.3649,9.0,NB
2025-06-04 16:22:33.399,2474,-0.02885133,0.01600923,0.04605002,-0.9983941,3.218022,358.0126,354.6625,9.0,NB
2025-06-04 16:22:33.453,2475,0.008142687,0.01514795,0.03463498,-0.9992522,359.0074,358.2973,356.0445,9.0,NB
2025-06-04 16:22:33.497,2476,0.04121959,0.01562738,0.03223712,-0.9985077,355.2204,358.3582,356.3702,9.0,NB
2025-06-04 16:22:33.542,2477,0.09580552,0.01729424,0.03153328,-0.9947503,348.9482,358.3439,356.5289,9.0,NB
2025-06-04 16:22:33.586,2478,0.1209518,0.0187738,0.03150033,-0.9919809,346.0458,358.2506,356.5765,9.0,NB
2025-06-04 16:22:33.630,2479,0.144026,0.01998972,0.03033849,-0.9889069,343.3772,358.1582,356.7547,9.0,NB
2025-06-04 16:22:33.674,2480,0.1763813,0.02114404,0.02918386,-0.983662,339.6207,358.0864,356.9452,9.0,NB
2025-06-04 16:22:33.719,2481,0.1919357,0.02153546,0.02887004,-0.9807466,337.8072,358.0715,357.006,9.0,NB
2025-06-04 16:22:33.763,2482,0.227465,0.02273067,0.02743853,-0.9731343,333.6435,357.9689,357.2455,9.0,NB
2025-06-04 16:22:33.808,2483,0.2491716,0.02302916,0.02719282,-0.9678037,331.0824,357.9688,357.3049,9.0,NB
2025-06-04 16:22:33.852,2484,0.270802,0.02378305,0.02675863,-0.9619693,328.5147,357.899,357.4056,9.0,NB
2025-06-04 16:22:33.909,2485,0.2888725,0.02388386,0.02697487,-0.9566895,326.3574,357.927,357.3966,9.0,NB
2025-06-04 16:22:33.941,2486,0.3237462,0.02480438,0.02587832,-0.9454648,322.1595,357.8122,357.6143,9.0,NB
2025-06-04 16:22:33.996,2487,0.3358336,0.02515746,0.02533458,-0.9412445,320.6928,357.7526,357.7191,9.0,NB
2025-06-04 16:22:34.041,2488,0.3657763,0.02582134,0.02450832,-0.9300218,317.0292,357.6424,357.909,9.0,NB
2025-06-04 16:22:34.085,2489,0.3835583,0.02622707,0.02376051,-0.9228384,314.8325,357.5467,358.0708,9.0,NB
2025-06-04 16:22:34.131,2490,0.4105079,0.02751568,0.02359129,-0.9111366,311.4654,357.3364,358.2346,9.0,NB
2025-06-04 16:22:34.173,2491,0.4261726,0.02794848,0.0235753,-0.9039028,309.4883,357.2571,358.3061,9.0,NB
2025-06-04 16:22:34.204,2492,0.4472978,0.02819447,0.02327099,-0.8936377,306.7976,357.17,358.4341,9.0,NB
2025-06-04 16:22:34.248,2493,0.4727969,0.02791381,0.02173659,-0.880461,303.5118,357.0307,358.7669,9.0,NB
2025-06-04 16:22:34.293,2494,0.4914887,0.02859492,0.02058627,-0.8701711,301.0702,356.7199,359.143,9.0,NB
2025-06-04 16:22:34.326,2495,0.5155354,0.02977382,0.02002831,-0.8561168,297.8824,356.2816,359.5596,9.0,NB
2025-06-04 16:22:34.348,2496,0.5390062,0.03056952,0.01964055,-0.8415178,294.7193,355.848,359.9861,9.0,NB
2025-06-04 16:22:34.392,2497,0.5569896,0.03040402,0.01914673,-0.829742,292.2593,355.5901,0.3169991,9.0,NB
2025-06-04 16:22:34.426,2498,0.5870224,0.03070576,0.01761979,-0.8087963,288.0761,354.6403,1.393992,9.0,NB
2025-06-04 16:22:34.459,2499,0.6067345,0.028257,0.01959262,-0.7941607,285.248,355.3969,0.6905344,9.0,NB
2025-06-04 16:22:34.492,2500,0.6184782,0.01739714,0.0269945,-0.7851457,283.5588,1.484214,354.8929,9.0,NB
2025-06-04 16:22:34.525,2501,0.6211749,0.01290271,0.03073621,-0.7829629,283.2181,4.510072,351.9297,9.0,NB
2025-06-04 16:22:34.558,2502,0.6285997,-0.004773069,0.04285892,-0.7765325,282.6183,16.29511,340.5997,9.0,NB
2025-06-04 16:22:34.604,2503,0.6343169,-0.0192726,0.05260232,-0.7710407,282.5411,26.37207,330.9108,9.0,NB
2025-06-04 16:22:34.637,2504,0.6415006,-0.04075243,0.06582005,-0.7632063,283.1368,40.18489,317.7704,9.0,NB
2025-06-04 16:22:34.670,2505,0.6455035,-0.05377833,0.07327351,-0.7583301,283.8015,47.59815,310.8106,9.0,NB
2025-06-04 16:22:34.704,2506,0.6474609,-0.06734049,0.08074046,-0.7548118,284.8617,53.51241,305.3926,9.0,NB
2025-06-04 16:22:34.738,2507,0.6519725,-0.08818753,0.09263822,-0.7473776,286.6245,62.0013,297.6342,9.0,NB
2025-06-04 16:22:34.771,2508,0.6547893,-0.1011612,0.09945924,-0.7423783,287.8093,66.48415,293.6554,9.0,NB
2025-06-04 16:22:34.804,2509,0.6557173,-0.1088672,0.1034657,-0.7399173,288.5898,68.59109,291.8524,9.0,NB
2025-06-04 16:22:34.848,2510,0.6579797,-0.1341614,0.1161673,-0.7318258,291.2698,74.30589,287.1777,9.0,NB
2025-06-04 16:22:34.893,2511,0.6579245,-0.1523025,0.1263535,-0.7266185,293.4177,77.22533,284.9221,9.0,NB
2025-06-04 16:22:34.926,2512,0.6574859,-0.1715535,0.1364655,-0.7208739,295.6961,79.82953,283.0869,9.0,NB
2025-06-04 16:22:34.961,2513,0.6554363,-0.2004605,0.1506096,-0.7124154,299.1317,82.86842,281.306,9.0,NB
2025-06-04 16:22:34.994,2514,0.6518531,-0.22846,0.164299,-0.7042013,302.5417,85.11708,280.3007,9.0,NB
2025-06-04 16:22:35.029,2515,0.6503743,-0.2384186,0.1694085,-0.7010498,303.7872,85.84014,280.0064,9.0,NB
2025-06-04 16:22:35.062,2516,0.6453187,-0.2589169,0.1810305,-0.6955243,306.4933,86.81417,279.8347,9.0,NB
2025-06-04 16:22:35.096,2517,0.6389248,-0.2812359,0.1934671,-0.6893855,309.4561,87.71263,279.8481,9.0,NB
2025-06-04 16:22:35.132,2518,0.6273171,-0.3154207,0.2120482,-0.6797197,314.0255,88.8485,280.1956,9.0,NB
2025-06-04 16:22:35.169,2519,0.6231486,-0.3256019,0.217722,-0.676954,315.42,89.08785,280.399,9.0,NB
2025-06-04 16:22:35.219,2520,0.6100835,-0.353642,0.2347968,-0.6690337,319.4384,89.58738,281.0291,9.0,NB
2025-06-04 16:22:35.251,2521,0.5838559,-0.4016818,0.2662246,-0.6533672,326.6968,90.30656,282.1897,9.0,NB
2025-06-04 16:22:35.284,2522,0.5738729,-0.4178243,0.2772804,-0.6474631,329.2419,90.52103,282.6077,9.0,NB
2025-06-04 16:22:35.329,2523,0.5588478,-0.4391703,0.2933464,-0.6393486,332.8102,90.66751,283.2104,9.0,NB
2025-06-04 16:22:35.374,2524,0.5360478,-0.4685208,0.3167616,-0.6267405,337.9691,90.84789,284.0237,9.0,NB
2025-06-04 16:22:35.407,2525,0.5205002,-0.4863467,0.3320536,-0.6182937,341.2973,90.90175,284.5301,9.0,NB
2025-06-04 16:22:35.451,2526,0.4918451,-0.5143287,0.3601236,-0.6032127,347.1188,90.75769,285.2736,9.0,NB
2025-06-04 16:22:35.495,2527,0.4651271,-0.5375203,0.3859732,-0.5880083,352.4113,90.60938,285.768,9.0,NB
2025-06-04 16:22:35.540,2528,0.4292766,-0.5649943,0.420986,-0.5650434,359.4608,90.40073,286.0811,9.0,NB
2025-06-04 16:22:35.585,2529,0.4071424,-0.5804299,0.4446851,-0.5473495,4.043778,90.30601,285.8823,9.0,NB
2025-06-04 16:22:35.618,2530,0.3908489,-0.5910415,0.4627415,-0.5327079,7.503236,90.24189,285.5759,9.0,NB
2025-06-04 16:22:35.674,2531,0.3667289,-0.6058452,0.4884289,-0.5098029,12.58605,90.18062,285.0787,9.0,NB
2025-06-04 16:22:35.719,2532,0.3474568,-0.6182215,0.5073941,-0.4895175,16.68988,90.34981,284.736,9.0,NB
2025-06-04 16:22:35.763,2533,0.3236482,-0.6327122,0.5311137,-0.4613519,21.92872,90.62665,284.1223,9.0,NB
2025-06-04 16:22:35.806,2534,0.3035317,-0.6439235,0.5513015,-0.4350837,26.47893,90.86659,283.4285,9.0,NB
2025-06-04 16:22:35.851,2535,0.2878328,-0.6521845,0.5660568,-0.4139897,30.0018,91.08408,282.9086,9.0,NB
2025-06-04 16:22:35.897,2536,0.2732309,-0.6604078,0.5785781,-0.3930063,33.32805,91.48047,282.524,9.0,NB
2025-06-04 16:22:35.940,2537,0.2528366,-0.6716418,0.5953519,-0.3612855,38.09986,92.18901,281.9737,9.0,NB
2025-06-04 16:22:35.996,2538,0.2365649,-0.6802827,0.6075061,-0.3349465,41.91893,92.88836,281.6257,9.0,NB
2025-06-04 16:22:36.039,2539,0.2181054,-0.6909739,0.6193452,-0.3023192,46.38803,94.15936,281.514,9.0,NB
2025-06-04 16:22:36.083,2540,0.2085358,-0.6963,0.6247372,-0.2852764,48.67954,94.9212,281.5705,9.0,NB
2025-06-04 16:22:36.127,2541,0.2000976,-0.7008715,0.6291993,-0.2699045,50.71096,95.6661,281.6748,9.0,NB
2025-06-04 16:22:36.166,2542,0.1880863,-0.7077565,0.6344741,-0.2472797,53.61859,97.02951,282.0798,9.0,NB
2025-06-04 16:22:36.221,2543,0.1773005,-0.7134053,0.6386657,-0.2274284,56.1613,98.33943,282.5859,9.0,NB
2025-06-04 16:22:36.251,2544,0.1651416,-0.7206171,0.6413366,-0.205248,58.92876,100.3949,283.7684,9.0,NB
2025-06-04 16:22:36.296,2545,0.1599576,-0.7239441,0.6417646,-0.1961045,60.05059,101.4802,284.5125,9.0,NB
2025-06-04 16:22:36.340,2546,0.1485838,-0.7325212,0.6416088,-0.1722612,62.72204,104.8331,286.8074,9.0,NB
2025-06-04 16:22:36.373,2547,0.1415098,-0.7367467,0.6418561,-0.1587458,64.26902,106.8219,288.2545,9.0,NB
2025-06-04 16:22:36.418,2548,0.1365525,-0.7388937,0.6425706,-0.1499759,65.3158,108.0245,289.138,9.0,NB
2025-06-04 16:22:36.451,2549,0.1231235,-0.7473801,0.6403052,-0.1275669,67.77256,112.9448,293.3118,9.0,NB
2025-06-04 16:22:36.496,2550,0.1200902,-0.7499062,0.6389458,-0.1223423,68.2662,114.5005,294.6863,9.0,NB
2025-06-04 16:22:36.529,2551,0.1078639,-0.7580867,0.635391,-0.09974271,70.3638,120.917,300.2492,9.0,NB
2025-06-04 16:22:36.574,2552,0.1042048,-0.7607872,0.633917,-0.0921603,70.96945,123.361,302.3715,9.0,NB
2025-06-04 16:22:36.608,2553,0.09464761,-0.766858,0.6300843,-0.07723206,72.1291,129.2254,307.7968,9.0,NB
2025-06-04 16:22:36.651,2554,0.08754444,-0.7711685,0.6271035,-0.06615482,72.8667,134.0232,312.2704,9.0,NB
2025-06-04 16:22:36.685,2555,0.07839498,-0.7766591,0.6228426,-0.05217471,73.59559,140.7465,318.5999,9.0,NB
2025-06-04 16:22:36.729,2556,0.06903745,-0.7824162,0.6177486,-0.03802148,74.03358,148.239,325.701,9.0,NB
2025-06-04 16:22:36.762,2557,0.06281216,-0.7862698,0.6140096,-0.02875396,74.14203,153.4001,330.6135,9.0,NB
2025-06-04 16:22:36.807,2558,0.05414698,-0.7916944,0.6082736,-0.01707468,74.0047,160.2959,337.2621,9.0,NB
2025-06-04 16:22:36.840,2559,0.04587091,-0.7961755,0.6032984,-0.005636435,73.76958,166.695,343.4014,9.0,NB
2025-06-04 16:22:36.873,2560,0.03736983,-0.800922,0.5975798,0.005101958,73.25785,172.7226,349.2436,9.0,NB
2025-06-04 16:22:36.918,2561,0.03564385,-0.8099229,0.5854102,0.007026736,71.58171,174.4877,350.9845,9.0,NB
2025-06-04 16:22:36.951,2562,0.03454313,-0.8283286,0.5591441,0.006036867,67.93027,175.6303,352.2797,9.0,NB
2025-06-04 16:22:36.995,2563,0.03457051,-0.8362585,0.5472223,0.004972546,66.28852,175.7904,352.516,9.0,NB
2025-06-04 16:22:37.028,2564,0.03430111,-0.8573384,0.5135995,0.003181488,61.74811,176.3931,353.2608,9.0,NB
2025-06-04 16:22:37.074,2565,0.03408225,-0.8622795,0.5052798,0.002247775,60.63785,176.426,353.3825,9.0,NB
2025-06-04 16:22:37.107,2566,0.03454843,-0.8764275,0.4802926,0.0006581713,57.34434,176.5966,353.6236,9.0,NB
2025-06-04 16:22:37.151,2567,0.03496538,-0.8870305,0.460385,-0.0004585665,54.75768,176.7207,353.7867,9.0,NB
2025-06-04 16:22:37.184,2568,0.03469462,-0.8935075,0.4477051,-0.0009908369,53.12885,176.8629,353.9839,9.0,NB
2025-06-04 16:22:37.229,2569,0.03318527,-0.9052656,0.4235435,-0.002053808,50.05866,177.1582,354.4741,9.0,NB
2025-06-04 16:22:37.265,2570,0.03299533,-0.9152294,0.4015681,-0.003105151,47.29445,177.2802,354.6795,9.0,NB
2025-06-04 16:22:37.310,2571,0.03351735,-0.9214716,0.3869796,-0.003719843,45.47396,177.3193,354.7101,9.0,NB
2025-06-04 16:22:37.355,2572,0.03315114,-0.9279503,0.3711953,-0.004848851,43.51781,177.3435,354.8475,9.0,NB
2025-06-04 16:22:37.389,2573,0.03309738,-0.9360402,0.3502869,-0.005718818,40.94897,177.428,354.9894,9.0,NB
2025-06-04 16:22:37.433,2574,0.03312758,-0.9415277,0.3352456,-0.006216265,39.11466,177.4946,355.0796,9.0,NB
2025-06-04 16:22:37.478,2575,0.03299669,-0.9483878,0.3153245,-0.006525032,36.70314,177.6277,355.2277,9.0,NB
2025-06-04 16:22:37.511,2576,0.03287625,-0.9561743,0.2908621,-0.007019845,33.76363,177.7561,355.3805,9.0,NB
2025-06-04 16:22:37.555,2577,0.03309456,-0.9583169,0.2836977,-0.007026591,32.90716,177.7989,355.3941,9.0,NB
2025-06-04 16:22:37.600,2578,0.03306017,-0.9644545,0.2620638,-0.007575322,30.3311,177.8793,355.4986,9.0,NB
2025-06-04 16:22:37.645,2579,0.03279113,-0.9710246,0.2365703,-0.008405099,27.31485,177.9465,355.6327,9.0,NB
2025-06-04 16:22:37.679,2580,0.03296022,-0.9760322,0.2149249,-0.009067549,24.76828,177.9887,355.6901,9.0,NB
2025-06-04 16:22:37.722,2581,0.03285711,-0.9796534,0.1977529,-0.009683891,22.7569,178.0133,355.7582,9.0,NB
2025-06-04 16:22:37.766,2582,0.03250712,-0.9841236,0.1741767,-0.01032437,20.00801,178.0701,355.8758,9.0,NB
2025-06-04 16:22:37.812,2583,0.03204035,-0.9868476,0.158097,-0.01052091,18.14127,178.1369,355.9833,9.0,NB
2025-06-04 16:22:37.844,2584,0.03155405,-0.9914203,0.1263006,-0.01176606,14.45926,178.1476,356.1191,9.0,NB
2025-06-04 16:22:37.891,2585,0.03217321,-0.9941226,0.1025386,-0.01308732,11.71418,178.091,356.0969,9.0,NB
2025-06-04 16:22:37.933,2586,0.03195112,-0.9965572,0.07513393,-0.01441196,8.559105,178.0571,356.1819,9.0,NB
2025-06-04 16:22:37.978,2587,0.03093713,-0.9981334,0.05059224,-0.01460592,5.744459,178.1404,356.3561,9.0,NB
2025-06-04 16:22:38.010,2588,0.02983231,-0.9994245,0.004680322,-0.01546204,0.4831649,178.2128,356.573,9.0,NB
2025-06-04 16:22:38.055,2589,0.02946292,-0.9992733,-0.01792814,-0.0162372,357.8918,178.1997,356.6555,9.0,NB
2025-06-04 16:22:38.089,2590,0.02979048,-0.9988863,-0.0322538,-0.01727575,356.2464,178.1283,356.6448,9.0,NB
2025-06-04 16:22:38.134,2591,0.02954704,-0.9982757,-0.04732552,-0.01825364,354.5161,178.0629,356.7021,9.0,NB
2025-06-04 16:22:38.178,2592,0.02926137,-0.9975907,-0.06019963,-0.01824242,353.04,178.1021,356.7552,9.0,NB
2025-06-04 16:22:38.211,2593,0.0289743,-0.9958772,-0.08395132,-0.01847913,350.3121,178.1431,356.8244,9.0,NB
2025-06-04 16:22:38.245,2594,0.02873585,-0.9953371,-0.09020045,-0.01850787,349.5939,178.1554,356.8606,9.0,NB
2025-06-04 16:22:38.289,2595,0.02846499,-0.9944572,-0.09944135,-0.01887575,348.53,178.1358,356.9081,9.0,NB
2025-06-04 16:22:38.333,2596,0.02832973,-0.9924303,-0.1178516,-0.01976899,346.4061,178.0802,356.9586,9.0,NB
2025-06-04 16:22:38.367,2597,0.02807128,-0.9907802,-0.1310038,-0.02012099,344.8871,178.0699,357.0103,9.0,NB
2025-06-04 16:22:38.412,2598,0.02763312,-0.9886411,-0.1463301,-0.02032164,343.1146,178.0779,357.0833,9.0,NB
2025-06-04 16:22:38.445,2599,0.02748753,-0.9870657,-0.1565823,-0.0206832,341.9256,178.0575,357.1187,9.0,NB
2025-06-04 16:22:38.489,2600,0.02720976,-0.9841094,-0.1741796,-0.0212121,339.8806,178.0304,357.1819,9.0,NB
2025-06-04 16:22:38.522,2601,0.02696853,-0.9819247,-0.1861061,-0.02148298,338.4913,178.0196,357.2297,9.0,NB
2025-06-04 16:22:38.566,2602,0.02694708,-0.9800096,-0.195962,-0.02131084,337.3415,178.062,357.2382,9.0,NB
2025-06-04 16:22:38.599,2603,0.02595524,-0.9764834,-0.2129145,-0.02177733,335.3581,178.0154,357.3884,9.0,NB
2025-06-04 16:22:38.644,2604,0.02545453,-0.9738313,-0.2247178,-0.02251316,333.9713,177.9331,357.4832,9.0,NB
2025-06-04 16:22:38.678,2605,0.02595104,-0.9699218,-0.2408728,-0.02363895,332.0642,177.8364,357.473,9.0,NB
2025-06-04 16:22:38.722,2606,0.02560266,-0.9656801,-0.2573403,-0.02413845,330.1155,177.7895,357.5526,9.0,NB
2025-06-04 16:22:38.756,2607,0.02462926,-0.9626782,-0.2684702,-0.02383779,328.7968,177.8109,357.6803,9.0,NB
2025-06-04 16:22:38.798,2608,0.02368831,-0.9591623,-0.280885,-0.02345968,327.3204,177.8419,357.8033,9.0,NB
2025-06-04 16:22:38.832,2609,0.02326097,-0.9537076,-0.2988561,-0.02420713,325.1682,177.7469,357.9125,9.0,NB
2025-06-04 16:22:38.878,2610,0.02360485,-0.951206,-0.3066027,-0.02539642,324.2335,177.6098,357.9283,9.0,NB
2025-06-04 16:22:38.910,2611,0.02272924,-0.9447217,-0.3260374,-0.02615607,321.8867,177.4796,358.1143,9.0,NB
2025-06-04 16:22:38.955,2612,0.0223691,-0.9412765,-0.3358701,-0.02626165,320.6935,177.451,358.1877,9.0,NB
2025-06-04 16:22:38.988,2613,0.02222501,-0.9360536,-0.3501692,-0.02629515,318.9496,177.4416,358.2377,9.0,NB
2025-06-04 16:22:39.032,2614,0.02191186,-0.9304106,-0.3649061,-0.02645712,317.142,177.401,358.322,9.0,NB
2025-06-04 16:22:39.065,2615,0.02129213,-0.9263121,-0.3752214,-0.02649268,315.8713,177.3567,358.438,9.0,NB
2025-06-04 16:22:39.097,2616,0.02082206,-0.9201537,-0.3900834,-0.02680548,314.0289,177.2715,358.5649,9.0,NB
2025-06-04 16:22:39.131,2617,0.02122268,-0.9210133,-0.3880131,-0.02702141,314.2849,177.266,358.5126,9.0,NB
2025-06-04 16:22:39.176,2618,0.02130863,-0.9216898,-0.3863906,-0.02713858,314.4861,177.2549,358.5029,9.0,NB
2025-06-04 16:22:39.208,2619,0.02142978,-0.9244918,-0.3796481,-0.026891,315.3225,177.3038,358.4523,9.0,NB
2025-06-04 16:22:39.243,2620,0.02148066,-0.925141,-0.3780794,-0.02662101,315.517,177.3478,358.4245,9.0,NB
2025-06-04 16:22:39.277,2621,0.02126202,-0.9274485,-0.3723972,-0.02660753,316.2201,177.3391,358.4427,9.0,NB
2025-06-04 16:22:39.309,2622,0.02177501,-0.9291567,-0.3680681,-0.02682482,316.7523,177.3388,358.3701,9.0,NB
2025-06-04 16:22:39.343,2623,0.02194203,-0.9297394,-0.3665961,-0.0266605,316.9334,177.3728,358.3329,9.0,NB
2025-06-04 16:22:39.388,2624,0.02232691,-0.9320431,-0.3607172,-0.02608487,317.6566,177.4785,358.2322,9.0,NB
2025-06-04 16:22:39.421,2625,0.02217536,-0.9337008,-0.3564288,-0.0258785,318.1838,177.4993,358.2344,9.0,NB
2025-06-04 16:22:39.454,2626,0.02324172,-0.9357997,-0.3507969,-0.02609084,318.8705,177.5251,358.0832,9.0,NB
2025-06-04 16:22:39.488,2627,0.02345552,-0.9372953,-0.3467362,-0.02648909,319.3655,177.4782,358.0668,9.0,NB
2025-06-04 16:22:39.522,2628,0.02347737,-0.939403,-0.3410048,-0.02620754,320.0654,177.5164,358.0392,9.0,NB
2025-06-04 16:22:39.566,2629,0.02335287,-0.9410549,-0.3365165,-0.02503861,320.6148,177.671,357.9906,9.0,NB
2025-06-04 16:22:39.599,2630,0.02305761,-0.9429505,-0.3312249,-0.02455887,321.2598,177.7192,358.0004,9.0,NB
2025-06-04 16:22:39.632,2631,0.02358699,-0.9448572,-0.3256853,-0.02485491,321.9299,177.6992,357.9339,9.0,NB
2025-06-04 16:22:39.678,2632,0.0238713,-0.9462658,-0.3214935,-0.02556228,322.4353,177.6119,357.9221,9.0,NB
2025-06-04 16:22:39.710,2633,0.02364557,-0.9501022,-0.3100033,-0.025395,323.8238,177.6147,357.9279,9.0,NB
2025-06-04 16:22:39.743,2634,0.02359179,-0.9515842,-0.3054544,-0.02507793,324.3724,177.651,357.9145,9.0,NB
2025-06-04 16:22:39.789,2635,0.02415394,-0.9540122,-0.2977924,-0.02443619,325.2933,177.7525,357.8018,9.0,NB
2025-06-04 16:22:39.822,2636,0.02397849,-0.9569231,-0.2883477,-0.02406025,326.4265,177.7838,357.7978,9.0,NB
2025-06-04 16:22:39.866,2637,0.02393097,-0.9595414,-0.2794974,-0.02426703,327.4837,177.744,357.8007,9.0,NB
2025-06-04 16:22:39.899,2638,0.02395453,-0.962472,-0.2692082,-0.02451586,328.709,177.7,357.7928,9.0,NB
2025-06-04 16:22:39.944,2639,0.02384008,-0.9646926,-0.2611038,-0.0250004,329.6712,177.6238,357.8128,9.0,NB
2025-06-04 16:22:39.977,2640,0.02393464,-0.967466,-0.2506262,-0.02496649,330.9128,177.6186,357.7835,9.0,NB
2025-06-04 16:22:40.022,2641,0.02379667,-0.969962,-0.2408388,-0.02458506,332.0709,177.6498,357.7737,9.0,NB
2025-06-04 16:22:40.055,2642,0.02372168,-0.9732662,-0.22717,-0.02417246,333.6828,177.6806,357.7499,9.0,NB
2025-06-04 16:22:40.100,2643,0.02380858,-0.9746905,-0.220994,-0.02394928,334.4091,177.702,357.7234,9.0,NB
2025-06-04 16:22:40.132,2644,0.02438307,-0.9783012,-0.2044039,-0.02348628,336.3541,177.7486,357.6158,9.0,NB
2025-06-04 16:22:40.177,2645,0.02449916,-0.9796496,-0.1978126,-0.02359416,337.1245,177.7274,357.5947,9.0,NB
2025-06-04 16:22:40.211,2646,0.02540518,-0.9828215,-0.1813091,-0.0233184,339.0487,177.7525,357.4542,9.0,NB
2025-06-04 16:22:40.254,2647,0.02543465,-0.9843283,-0.1729833,-0.02297745,340.0187,177.7782,357.4311,9.0,NB
2025-06-04 16:22:40.288,2648,0.02559224,-0.9874104,-0.1545152,-0.02215685,342.1652,177.8419,357.3693,9.0,NB
2025-06-04 16:22:40.333,2649,0.02556906,-0.9900033,-0.1370466,-0.02140368,344.19,177.8932,357.3336,9.0,NB
2025-06-04 16:22:40.366,2650,0.02606827,-0.9919235,-0.1222892,-0.02130168,345.8942,177.8796,357.2515,9.0,NB
2025-06-04 16:22:40.411,2651,0.02700264,-0.9938256,-0.1054835,-0.02132976,347.8298,177.8484,357.1167,9.0,NB
2025-06-04 16:22:40.443,2652,0.02751126,-0.996204,-0.07994957,-0.02071501,350.768,177.8591,357.0091,9.0,NB
2025-06-04 16:22:40.488,2653,0.02806204,-0.9972727,-0.06534655,-0.01974403,352.4469,177.9354,356.9127,9.0,NB
2025-06-04 16:22:40.532,2654,0.02871981,-0.9987569,-0.03648349,-0.01814609,355.7609,178.0375,356.7784,9.0,NB
2025-06-04 16:22:40.567,2655,0.02920719,-0.999345,-0.01247954,-0.01735013,358.5127,178.0539,356.6771,9.0,NB
2025-06-04 16:22:40.610,2656,0.03326013,-0.9992409,0.004508109,-0.01977888,0.4408195,177.7174,356.1784,9.0,NB
2025-06-04 16:22:40.643,2657,0.04093966,-0.9988043,0.01432135,-0.02256056,1.533487,177.3488,355.2702,9.0,NB
2025-06-04 16:22:40.688,2658,0.04692929,-0.9983374,0.02226375,-0.02498925,2.413325,177.0175,354.5545,9.0,NB
2025-06-04 16:22:40.732,2659,0.05464968,-0.9975433,0.03404819,-0.02759746,3.721841,176.623,353.6187,9.0,NB
2025-06-04 16:22:40.777,2660,0.06282114,-0.9963772,0.04883035,-0.0300274,5.366959,176.2006,352.6065,9.0,NB
2025-06-04 16:22:40.811,2661,0.07655186,-0.993522,0.07738134,-0.03265346,8.555115,175.5497,350.855,9.0,NB
2025-06-04 16:22:40.855,2662,0.08153024,-0.9921206,0.08909781,-0.03333749,9.866639,175.3028,350.1986,9.0,NB
2025-06-04 16:22:40.889,2663,0.09009162,-0.9894546,0.1083618,-0.0334809,12.02892,174.9683,349.0645,9.0,NB
2025-06-04 16:22:40.933,2664,0.09934387,-0.9859585,0.1302666,-0.03236575,14.5038,174.6835,347.8157,9.0,NB
2025-06-04 16:22:40.978,2665,0.1090182,-0.9821903,0.1500817,-0.0298848,16.7563,174.5209,346.5252,9.0,NB
2025-06-04 16:22:41.021,2666,0.1268156,-0.9726146,0.1936164,-0.02124579,21.7921,174.4108,344.0659,9.0,NB
2025-06-04 16:22:41.054,2667,0.1336521,-0.96837,0.2101038,-0.01591531,23.74472,174.547,343.1364,9.0,NB
2025-06-04 16:22:41.099,2668,0.1367751,-0.9665941,0.2163727,-0.01309455,24.50086,174.6715,342.7342,9.0,NB
2025-06-04 16:22:41.144,2669,0.1524613,-0.957694,0.2440845,-0.0009007156,27.8554,175.0589,340.6832,9.0,NB
2025-06-04 16:22:41.188,2670,0.1612419,-0.9527292,0.25741,0.006950403,29.51988,175.4014,339.5761,9.0,NB
2025-06-04 16:22:41.233,2671,0.1705659,-0.9471896,0.2710257,0.01686041,31.27707,175.9397,338.4466,9.0,NB
2025-06-04 16:22:41.277,2672,0.1789565,-0.9428416,0.279849,0.02662599,32.49569,176.6046,337.5158,9.0,NB
2025-06-04 16:22:41.310,2673,0.1866467,-0.9386718,0.287764,0.03536199,33.6028,177.1761,336.655,9.0,NB
2025-06-04 16:22:41.355,2674,0.1898969,-0.9372512,0.2897597,0.03923028,33.92136,177.4781,336.3234,9.0,NB
2025-06-04 16:22:41.399,2675,0.1971116,-0.9342278,0.2933594,0.0480205,34.54544,178.1964,335.6111,9.0,NB
2025-06-04 16:22:41.443,2676,0.2049653,-0.9305524,0.2980089,0.05702926,35.31025,178.8747,334.7984,9.0,NB
2025-06-04 16:22:41.477,2677,0.2091145,-0.9289606,0.2991207,0.06189032,35.56505,179.2876,334.3992,9.0,NB
2025-06-04 16:22:41.522,2678,0.2132332,-0.9275398,0.2994893,0.06714045,35.74718,179.7761,334.0341,9.0,NB
2025-06-04 16:22:41.566,2679,0.2176996,-0.9261445,0.2992701,0.0728071,35.87612,180.3223,333.6487,9.0,NB
2025-06-04 16:22:41.610,2680,0.2222939,-0.9251326,0.2978468,0.07747684,35.8412,180.7728,333.2278,9.0,NB
2025-06-04 16:22:41.655,2681,0.2256285,-0.9240192,0.2979848,0.08053318,35.94641,181.0164,332.8856,9.0,NB
2025-06-04 16:22:41.699,2682,0.2293472,-0.923237,0.2961504,0.08560734,35.88084,181.5721,332.6074,9.0,NB
2025-06-04 16:22:41.744,2683,0.2320022,-0.9227508,0.2944708,0.08940403,35.79807,182.0038,332.4211,9.0,NB
2025-06-04 16:22:41.778,2684,0.234965,-0.922138,0.2931058,0.09242344,35.73241,182.3097,332.1545,9.0,NB
2025-06-04 16:22:41.822,2685,0.2394419,-0.9209867,0.2920886,0.09558042,35.71764,182.5541,331.6763,9.0,NB
2025-06-04 16:22:41.866,2686,0.2415586,-0.9207541,0.2904237,0.0975485,35.58745,182.7719,331.4894,9.0,NB
2025-06-04 16:22:41.911,2687,0.2444817,-0.920176,0.2886966,0.1007935,35.49188,183.1213,331.2408,9.0,NB
2025-06-04 16:22:41.955,2688,0.2463149,-0.9199823,0.287122,0.1025802,35.36817,183.3252,331.083,9.0,NB
2025-06-04 16:22:41.988,2689,0.2488339,-0.919727,0.2848187,0.1051771,35.18752,183.6286,330.8729,9.0,NB
2025-06-04 16:22:42.032,2690,0.2513593,-0.9196613,0.281553,0.1084881,34.91815,184.0564,330.7031,9.0,NB
2025-06-04 16:22:42.079,2691,0.2484513,-0.9217001,0.2747286,0.1151757,34.30968,185.2654,331.4545,9.0,NB
2025-06-04 16:22:42.122,2692,0.2434317,-0.9245004,0.2644567,0.1268969,33.41932,187.2877,332.6868,9.0,NB
2025-06-04 16:22:42.165,2693,0.2405746,-0.9260982,0.2578402,0.134107,32.82644,188.5087,333.3866,9.0,NB
2025-06-04 16:22:42.211,2694,0.2363704,-0.9279387,0.2491256,0.1448984,32.06261,190.2734,334.3775,9.0,NB
2025-06-04 16:22:42.245,2695,0.2327136,-0.9292296,0.2414435,0.1551839,31.39531,191.901,335.2362,9.0,NB
2025-06-04 16:22:42.289,2696,0.2302675,-0.9299991,0.2361706,0.1621801,30.92839,192.9948,335.7959,9.0,NB
2025-06-04 16:22:42.333,2697,0.2272347,-0.930948,0.2278697,0.1725564,30.17822,194.5875,336.5187,9.0,NB
2025-06-04 16:22:42.378,2698,0.2232478,-0.9317417,0.2184754,0.1851667,29.32752,196.4926,337.3952,9.0,NB
2025-06-04 16:22:42.411,2699,0.2194719,-0.9319611,0.207736,0.2003163,28.3679,198.7053,338.2645,9.0,NB
2025-06-04 16:22:42.467,2700,0.2174698,-0.9321315,0.2026895,0.2067725,27.89159,199.6576,338.662,9.0,NB
2025-06-04 16:22:42.500,2701,0.213085,-0.9319769,0.1904634,0.2230199,26.74749,202.0004,339.5348,9.0,NB
2025-06-04 16:22:42.545,2702,0.2125064,-0.9308488,0.1799939,0.2365668,25.8259,203.847,339.8237,9.0,NB
2025-06-04 16:22:42.578,2703,0.2114387,-0.9290012,0.1709276,0.2510661,25.07182,205.7984,340.1863,9.0,NB
2025-06-04 16:22:42.622,2704,0.2097522,-0.927343,0.1627655,0.2637168,24.36256,207.5141,340.5605,9.0,NB
2025-06-04 16:22:42.666,2705,0.207961,-0.925311,0.1529425,0.2777784,23.48898,209.4161,340.9142,9.0,NB
2025-06-04 16:22:42.711,2706,0.2080396,-0.922205,0.1404913,0.2941424,22.42725,211.5789,340.9923,9.0,NB
2025-06-04 16:22:42.755,2707,0.2091448,-0.9195831,0.1316365,0.305446,21.70737,213.0506,340.8854,9.0,NB
2025-06-04 16:22:42.789,2708,0.2111091,-0.9127743,0.1121326,0.3312134,20.1542,216.4166,340.6461,9.0,NB
2025-06-04 16:22:42.833,2709,0.2114635,-0.9103214,0.1062785,0.3395633,19.70062,217.5112,340.5933,9.0,NB
2025-06-04 16:22:42.866,2710,0.2129613,-0.9062101,0.09746762,0.3520384,19.06213,219.134,340.3811,9.0,NB
2025-06-04 16:22:42.922,2711,0.2162562,-0.8988549,0.08117267,0.3724304,17.87887,221.8056,339.8205,9.0,NB
2025-06-04 16:22:42.956,2712,0.2207676,-0.8890662,0.06044885,0.3964454,16.4113,224.9953,338.9452,9.0,NB
2025-06-04 16:22:43.000,2713,0.225493,-0.8802369,0.04294733,0.4153213,15.2429,227.5399,338.0081,9.0,NB
2025-06-04 16:22:43.045,2714,0.2298158,-0.871589,0.0267,0.4322089,14.19364,229.861,337.0817,9.0,NB
2025-06-04 16:22:43.079,2715,0.2346698,-0.8602575,0.006139509,0.4526033,12.88457,232.7373,335.8906,9.0,NB
2025-06-04 16:22:43.123,2716,0.2384499,-0.8503633,-0.01074923,0.4689443,11.85045,235.1,334.8702,9.0,NB
2025-06-04 16:22:43.167,2717,0.2418526,-0.8421453,-0.02482093,0.4813345,11.01222,236.9449,333.9386,9.0,NB
2025-06-04 16:22:43.200,2718,0.2467886,-0.8274302,-0.04949314,0.5020013,9.547901,240.133,332.3204,9.0,NB
2025-06-04 16:22:43.245,2719,0.2493908,-0.8182486,-0.06421819,0.5139551,8.699859,242.0405,331.337,9.0,NB
2025-06-04 16:22:43.289,2720,0.2525373,-0.8050168,-0.08554477,0.5299578,7.466025,244.7052,329.8997,9.0,NB
2025-06-04 16:22:43.323,2721,0.256894,-0.7862679,-0.1137169,0.5503244,5.965297,248.2579,327.8581,9.0,NB
2025-06-04 16:22:43.367,2722,0.2591727,-0.7727281,-0.1335074,0.5638233,4.929241,250.7447,326.4177,9.0,NB
2025-06-04 16:22:43.400,2723,0.2594256,-0.7620719,-0.1485612,0.5743471,4.104282,252.7302,325.4233,9.0,NB
2025-06-04 16:22:43.446,2724,0.2596526,-0.7464265,-0.1704272,0.588543,2.935438,255.5538,323.9137,9.0,NB
2025-06-04 16:22:43.490,2725,0.2599318,-0.7289076,-0.1949858,0.602586,1.662343,258.5902,322.1075,9.0,NB
2025-06-04 16:22:43.534,2726,0.259495,-0.7189012,-0.2087423,0.6101397,0.9469225,260.3089,321.1038,9.0,NB
2025-06-04 16:22:43.568,2727,0.2573543,-0.7014949,-0.2317095,0.6228841,359.7432,263.301,319.4789,9.0,NB
2025-06-04 16:22:43.612,2728,0.2561027,-0.6900087,-0.2457843,0.630785,359.0778,265.2153,318.4261,9.0,NB
2025-06-04 16:22:43.646,2729,0.2533407,-0.6728382,-0.2666881,0.6418606,358.0712,268.0628,316.8701,9.0,NB
2025-06-04 16:22:43.690,2730,0.2500398,-0.6613025,-0.2797276,0.6495474,357.4126,270.0182,315.9883,9.0,NB
2025-06-04 16:22:43.734,2731,0.2419987,-0.6515635,-0.2778546,0.6630977,357.6421,271.9388,316.8097,9.0,NB
2025-06-04 16:22:43.768,2732,0.2316487,-0.6398668,-0.275407,0.6790143,357.8301,274.2364,317.8603,9.0,NB
2025-06-04 16:22:43.813,2733,0.2238008,-0.6305901,-0.2736379,0.6909356,357.9459,276.0045,318.6383,9.0,NB
2025-06-04 16:22:43.857,2734,0.2126838,-0.6168397,-0.2703278,0.707953,358.1457,278.5474,319.7983,9.0,NB
2025-06-04 16:22:43.890,2735,0.1969563,-0.5965428,-0.2658923,0.7311953,358.3264,282.1681,321.3846,9.0,NB
2025-06-04 16:22:43.934,2736,0.1922195,-0.5897486,-0.2638658,0.7386631,358.438,283.3314,321.9196,9.0,NB
2025-06-04 16:22:43.979,2737,0.1847862,-0.5785916,-0.2620795,0.7499335,358.5033,285.2043,322.6182,9.0,NB
2025-06-04 16:22:44.012,2738,0.1684417,-0.5554029,-0.2579763,0.772401,358.4899,289.0518,324.1382,9.0,NB
2025-06-04 16:22:44.057,2739,0.1644877,-0.5501999,-0.2574666,0.7771326,358.4151,289.9121,324.4512,9.0,NB
2025-06-04 16:22:44.089,2740,0.1458187,-0.5215124,-0.2545462,0.8012292,358.176,294.4396,325.9251,9.0,NB
2025-06-04 16:22:44.133,2741,0.1424018,-0.5145224,-0.2536042,0.8066434,358.2101,295.4794,326.2242,9.0,NB
2025-06-04 16:22:44.166,2742,0.1309439,-0.4959254,-0.252125,0.8205759,357.9844,298.3018,327.0444,9.0,NB
2025-06-04 16:22:44.211,2743,0.1212913,-0.4792422,-0.2504116,0.8324118,357.8172,300.7706,327.7555,9.0,NB
2025-06-04 16:22:44.255,2744,0.1098886,-0.4614963,-0.2512413,0.8436965,357.3366,303.4004,328.2686,9.0,NB
2025-06-04 16:22:44.300,2745,0.09880778,-0.4420545,-0.2522926,0.8550869,356.9002,306.1935,328.6958,9.0,NB
2025-06-04 16:22:44.333,2746,0.08514961,-0.4179514,-0.2538978,0.8681027,356.3078,309.6024,329.1321,9.0,NB
2025-06-04 16:22:44.377,2747,0.07831983,-0.4047587,-0.2550208,0.8746434,356.0182,311.4274,329.287,9.0,NB
2025-06-04 16:22:44.411,2748,0.06254457,-0.3754023,-0.2586451,0.8878425,355.2314,315.4624,329.47,9.0,NB
2025-06-04 16:22:44.456,2749,0.05454622,-0.3602481,-0.2614501,0.8938065,354.7866,317.5226,329.4176,9.0,NB
2025-06-04 16:22:44.488,2750,0.04066642,-0.3356027,-0.2663635,0.9026449,353.9515,320.8733,329.2693,9.0,NB
2025-06-04 16:22:44.533,2751,0.03233643,-0.3221578,-0.269771,0.9068586,353.3867,322.715,329.1001,9.0,NB
2025-06-04 16:22:44.579,2752,0.0188146,-0.2994579,-0.2759676,0.9131336,352.4772,325.798,328.6857,9.0,NB
2025-06-04 16:22:44.611,2753,0.005296339,-0.2768028,-0.2827297,0.918377,351.5589,328.8678,328.1325,9.0,NB
2025-06-04 16:22:44.656,2754,-0.001325033,-0.2663542,-0.2860123,0.9204623,351.0948,330.2937,327.8433,9.0,NB
2025-06-04 16:22:44.688,2755,-0.01711335,-0.2412999,-0.2944627,0.9245396,349.994,333.7148,327.0089,9.0,NB
2025-06-04 16:22:44.732,2756,-0.02495431,-0.2289692,-0.2992772,0.9259502,349.4401,335.4089,326.485,9.0,NB
2025-06-04 16:22:44.777,2757,-0.040182,-0.206836,-0.3076484,0.9278775,348.3558,338.4903,325.532,9.0,NB
2025-06-04 16:22:44.811,2758,-0.05611724,-0.1850569,-0.3162213,0.9287674,347.2159,341.5731,324.4773,9.0,NB
2025-06-04 16:22:44.855,2759,-0.06367648,-0.1767575,-0.3210464,0.9282412,346.6023,342.8246,323.8749,9.0,NB
2025-06-04 16:22:44.889,2760,-0.07703166,-0.159319,-0.3287437,0.9276915,345.6601,345.3551,322.8269,9.0,NB
2025-06-04 16:22:44.933,2761,-0.09300911,-0.1394675,-0.3367509,0.9265512,344.5565,348.2793,321.6478,9.0,NB
2025-06-04 16:22:44.966,2762,-0.1029726,-0.1276286,-0.3412482,0.9255579,343.8758,350.0509,320.9354,9.0,NB
2025-06-04 16:22:45.011,2763,-0.1187072,-0.1107049,-0.3486672,0.9230841,342.7614,352.6852,319.7252,9.0,NB
2025-06-04 16:22:45.045,2764,-0.1303832,-0.0992147,-0.3546973,0.9205143,341.9154,354.5573,318.7209,9.0,NB
2025-06-04 16:22:45.078,2765,-0.1404422,-0.0894478,-0.3598345,0.9180384,341.2018,356.1744,317.8271,9.0,NB
2025-06-04 16:22:45.123,2766,-0.1557129,-0.0743059,-0.3666488,0.9142216,340.1718,358.6794,316.5243,9.0,NB
2025-06-04 16:22:45.156,2767,-0.1644095,-0.0628145,-0.3676901,0.9131419,339.7296,0.3778603,316.0667,9.0,NB
2025-06-04 16:22:45.200,2768,-0.1836561,-0.02909559,-0.3601695,0.9141673,339.0997,4.857006,316.0961,9.0,NB
2025-06-04 16:22:45.233,2769,-0.1969175,-0.004790236,-0.3540185,0.9142601,338.6872,8.062778,316.1458,9.0,NB
2025-06-04 16:22:45.278,2770,-0.2020321,0.00485841,-0.3514992,0.914116,338.5342,9.332202,316.1615,9.0,NB
2025-06-04 16:22:45.315,2771,-0.2234963,0.05061508,-0.3362935,0.913452,338.0212,15.17795,316.6129,9.0,NB
2025-06-04 16:22:45.358,2772,-0.2390479,0.08868396,-0.3212608,0.9120214,337.725,19.92488,317.2292,9.0,NB
2025-06-04 16:22:45.373,2773,-0.2498113,0.1187875,-0.3084692,0.9101268,337.5774,23.61763,317.8079,9.0,NB
2025-06-04 16:22:45.440,2774,-0.2493733,0.1184705,-0.3084014,0.9103112,337.608,23.5555,317.8421,9.0,NB
2025-06-04 16:22:45.471,2775,-0.2662868,0.1812711,-0.2785955,0.9047745,337.6133,31.01227,319.4861,9.0,NB
2025-06-04 16:22:45.517,2776,-0.270445,0.2002793,-0.2687001,0.9025233,337.6331,33.23573,320.0876,9.0,NB
2025-06-04 16:22:45.550,2777,-0.2769237,0.2427845,-0.2459387,0.8965954,337.8423,38.10817,321.5838,9.0,NB
2025-06-04 16:22:45.584,2778,-0.277658,0.2532278,-0.2398616,0.8951248,337.9387,39.26273,322.0432,9.0,NB
2025-06-04 16:22:45.631,2779,-0.2802364,0.2873503,-0.2208983,0.8888766,338.2079,43.11694,323.3894,9.0,NB
2025-06-04 16:22:45.663,2780,-0.2793138,0.3060668,-0.2098066,0.8856004,338.5129,45.11737,324.3302,9.0,NB
2025-06-04 16:22:45.706,2781,-0.2778516,0.3327659,-0.1934616,0.8801354,338.879,48.00401,325.7153,9.0,NB
2025-06-04 16:22:45.752,2782,-0.2760415,0.3605725,-0.1762763,0.8733358,339.2045,51.05875,327.1603,9.0,NB
2025-06-04 16:22:45.785,2783,-0.2730353,0.3805737,-0.164041,0.8681626,339.5605,53.20603,328.2813,9.0,NB
2025-06-04 16:22:45.830,2784,-0.2694527,0.3986959,-0.1533199,0.8630933,339.9482,55.14389,329.3055,9.0,NB
2025-06-04 16:22:45.864,2785,-0.265218,0.4182781,-0.1415779,0.8571223,340.3538,57.25557,330.4433,9.0,NB
2025-06-04 16:22:45.907,2786,-0.2599964,0.4394572,-0.1289977,0.8500818,340.8126,59.55529,331.6945,9.0,NB
2025-06-04 16:22:45.941,2787,-0.2558957,0.4517884,-0.1222963,0.8458419,341.1924,60.86945,332.4308,9.0,NB
2025-06-04 16:22:45.986,2788,-0.2500666,0.4702255,-0.1121195,0.8389185,341.6918,62.88482,333.5215,9.0,NB
2025-06-04 16:22:46.018,2789,-0.2469078,0.4813428,-0.1057209,0.8343675,341.9258,64.13729,334.1759,9.0,NB
2025-06-04 16:22:46.063,2790,-0.2416953,0.4961714,-0.09781161,0.8281488,342.3467,65.78843,335.0575,9.0,NB
2025-06-04 16:22:46.107,2791,-0.2373585,0.5076668,-0.09162752,0.8231282,342.6793,67.07442,335.7667,9.0,NB
2025-06-04 16:22:46.139,2792,-0.2326662,0.5202523,-0.08516856,0.8172824,343.0409,68.50999,336.5069,9.0,NB
2025-06-04 16:22:46.184,2793,-0.2289882,0.5292296,-0.08030112,0.8130391,343.3002,69.53038,337.0845,9.0,NB
2025-06-04 16:22:46.217,2794,-0.2253088,0.5368791,-0.07661345,0.8093994,343.5926,70.38716,337.5744,9.0,NB
2025-06-04 16:22:46.261,2795,-0.2209682,0.5481936,-0.07219061,0.8033963,343.9843,71.73084,338.116,9.0,NB
2025-06-04 16:22:46.296,2796,-0.2178332,0.5562532,-0.06912617,0.7989697,344.2654,72.69811,338.4979,9.0,NB
2025-06-04 16:22:46.340,2797,-0.2147822,0.5646414,-0.06544192,0.7942079,344.4987,73.72229,338.9257,9.0,NB
2025-06-04 16:22:46.373,2798,-0.212788,0.5707381,-0.06453597,0.7904521,344.7678,74.4933,339.0547,9.0,NB
2025-06-04 16:22:46.418,2799,-0.2102145,0.5756396,-0.06297413,0.7877075,345.0086,75.0683,339.3138,9.0,NB
2025-06-04 16:22:46.450,2800,-0.2055874,0.5874197,-0.05889289,0.7805151,345.4196,76.53552,339.8449,9.0,NB
2025-06-04 16:22:46.495,2801,-0.2050602,0.5912696,-0.05646172,0.7779222,345.3879,77.05918,340.0391,9.0,NB
2025-06-04 16:22:46.540,2802,-0.2033862,0.5965028,-0.05444383,0.7745028,345.5169,77.73775,340.2628,9.0,NB
2025-06-04 16:22:46.573,2803,-0.2003996,0.6049469,-0.05262679,0.7688366,345.8491,78.83504,340.5183,9.0,NB
2025-06-04 16:22:46.605,2804,-0.1994943,0.6071351,-0.05172192,0.7674074,345.9137,79.11391,340.6344,9.0,NB
2025-06-04 16:22:46.650,2805,-0.1973478,0.6142601,-0.04968351,0.7624108,346.1204,80.06599,340.8662,9.0,NB
2025-06-04 16:22:46.685,2806,-0.1957082,0.6190736,-0.04882876,0.7589875,346.3127,80.7073,340.9929,9.0,NB
2025-06-04 16:22:46.728,2807,-0.1939108,0.6228576,-0.04850483,0.7563692,346.5314,81.1931,341.1047,9.0,NB
2025-06-04 16:22:46.773,2808,-0.1923482,0.6286969,-0.04778313,0.7519702,346.7501,81.99902,341.1979,9.0,NB
2025-06-04 16:22:46.807,2809,-0.1913557,0.6324392,-0.04686221,0.749138,346.8543,82.5177,341.2973,9.0,NB
2025-06-04 16:22:46.850,2810,-0.1894701,0.637627,-0.04609751,0.7452572,347.0782,83.22009,341.4341,9.0,NB
2025-06-04 16:22:46.884,2811,-0.1882734,0.6409944,-0.04561009,0.7426971,347.2211,83.67977,341.5206,9.0,NB
2025-06-04 16:22:46.929,2812,-0.1863734,0.6456187,-0.04514917,0.7391909,347.4534,84.30383,341.644,9.0,NB
2025-06-04 16:22:46.973,2813,-0.1848548,0.6488533,-0.04565016,0.7367051,347.6944,84.73604,341.6771,9.0,NB
2025-06-04 16:22:47.006,2814,-0.1828054,0.6536618,-0.04504966,0.7329933,347.9306,85.38878,341.8249,9.0,NB
2025-06-04 16:22:47.050,2815,-0.1817656,0.6567594,-0.04461109,0.7305055,348.0555,85.82324,341.9012,9.0,NB
2025-06-04 16:22:47.085,2816,-0.1812421,0.6601254,-0.0441348,0.7276248,348.1422,86.32252,341.9329,9.0,NB
2025-06-04 16:22:47.128,2817,-0.1799323,0.663313,-0.04438728,0.7250313,348.3445,86.76424,341.974,9.0,NB
2025-06-04 16:22:47.162,2818,-0.1788548,0.6656403,-0.04481798,0.7231358,348.5211,87.08321,341.9945,9.0,NB
2025-06-04 16:22:47.206,2819,-0.1772836,0.6698731,-0.04515838,0.7195843,348.7763,87.68147,342.037,9.0,NB
2025-06-04 16:22:47.239,2820,-0.1763022,0.6731774,-0.04558616,0.7167091,348.969,88.1609,342.0367,9.0,NB
2025-06-04 16:22:47.283,2821,-0.1763873,0.674049,-0.0489383,0.7156472,349.2521,88.30318,341.7401,9.0,NB
2025-06-04 16:22:47.328,2822,-0.1776156,0.6738398,-0.05232136,0.715301,349.4214,88.32195,341.3581,9.0,NB
2025-06-04 16:22:47.364,2823,-0.1797827,0.6741481,-0.05584563,0.7142016,349.5425,88.46136,340.8761,9.0,NB
2025-06-04 16:22:47.405,2824,-0.181032,0.6747096,-0.05891185,0.7131087,349.7063,88.60291,340.5077,9.0,NB
2025-06-04 16:22:47.448,2825,-0.1826013,0.6751124,-0.06137174,0.7121192,349.7932,88.73308,340.1639,9.0,NB
2025-06-04 16:22:47.481,2826,-0.1849457,0.675487,-0.06337424,0.7109827,349.7834,88.8923,339.7907,9.0,NB
2025-06-04 16:22:47.526,2827,-0.1882078,0.6761706,-0.06750584,0.7090941,349.8851,89.14194,339.1583,9.0,NB
2025-06-04 16:22:47.559,2828,-0.1902855,0.6773117,-0.07053403,0.707153,350.0043,89.41351,338.7135,9.0,NB
2025-06-04 16:22:47.603,2829,-0.1931236,0.6784546,-0.07389393,0.7049417,350.095,89.72048,338.1749,9.0,NB
2025-06-04 16:22:47.636,2830,-0.1944204,0.6792502,-0.07706209,0.7034782,350.2789,89.90466,337.792,9.0,NB
2025-06-04 16:22:47.682,2831,-0.195668,0.6802391,-0.08155897,0.7016674,350.5824,90.11745,337.303,9.0,NB
2025-06-04 16:22:47.726,2832,-0.1977591,0.6810758,-0.08540875,0.699809,350.7671,90.34512,336.795,9.0,NB
2025-06-04 16:22:47.759,2833,-0.2002393,0.6820284,-0.08849642,0.6977895,350.8665,90.61031,336.3133,9.0,NB
2025-06-04 16:22:47.823,2834,-0.2025203,0.6823946,-0.0897454,0.6966126,350.8121,90.77506,336.0054,9.0,NB
2025-06-04 16:22:47.877,2835,-0.2065188,0.683905,-0.09482605,0.6932763,350.9878,91.20396,335.2201,9.0,NB
2025-06-04 16:22:47.894,2836,-0.2099753,0.6852232,-0.09922112,0.6903151,351.1458,91.5798,334.5407,9.0,NB
2025-06-04 16:22:47.910,2837,-0.210156,0.6852866,-0.0986848,0.690274,351.0904,91.59894,334.567,9.0,NB
2025-06-04 16:22:47.959,2838,-0.2113774,0.6866082,-0.09974803,0.6884325,351.1376,91.86884,334.3563,9.0,NB
2025-06-04 16:22:48.004,2839,-0.2156449,0.6883889,-0.1047885,0.6845711,351.3164,92.36334,333.5465,9.0,NB
2025-06-04 16:22:48.039,2840,-0.2189601,0.6889459,-0.1072942,0.6825674,351.311,92.61958,333.0394,9.0,NB
2025-06-04 16:22:48.081,2841,-0.2213154,0.6898056,-0.1104397,0.6804344,351.4416,92.8765,332.5642,9.0,NB
2025-06-04 16:22:48.125,2842,-0.2221057,0.6917787,-0.1158455,0.6772675,351.9191,93.22956,332.0392,9.0,NB
2025-06-04 16:22:48.159,2843,-0.2237507,0.6935652,-0.120128,0.6741455,352.2386,93.59878,331.5295,9.0,NB
2025-06-04 16:22:48.203,2844,-0.2277353,0.6956422,-0.1243103,0.6698999,352.4051,94.14011,330.8122,9.0,NB
2025-06-04 16:22:48.239,2845,-0.2317372,0.6968035,-0.1266956,0.6668667,352.3852,94.54099,330.2441,9.0,NB
2025-06-04 16:22:48.281,2846,-0.2351102,0.6982338,-0.1301746,0.6635115,352.5182,94.95364,329.644,9.0,NB
2025-06-04 16:22:48.327,2847,-0.2375751,0.7006004,-0.133668,0.6594315,352.7596,95.47009,329.1179,9.0,NB
2025-06-04 16:22:48.372,2848,-0.2409291,0.7029544,-0.1383761,0.6547217,353.0537,96.0361,328.4149,9.0,NB
2025-06-04 16:22:48.403,2849,-0.2443849,0.7042831,-0.1416333,0.6513075,353.1749,96.44636,327.8255,9.0,NB
2025-06-04 16:22:48.435,2850,-0.2464105,0.7055694,-0.1446192,0.64849,353.3669,96.76985,327.3916,9.0,NB
2025-06-04 16:22:48.480,2851,-0.2504112,0.7080074,-0.1492269,0.6432351,353.6363,97.39757,326.6364,9.0,NB
2025-06-04 16:22:48.525,2852,-0.2534917,0.7099731,-0.1527282,0.6390263,353.8513,97.89915,326.0582,9.0,NB
2025-06-04 16:22:48.558,2853,-0.2585025,0.7113079,-0.1550757,0.6349561,353.8194,98.41927,325.3903,9.0,NB
2025-06-04 16:22:48.602,2854,-0.2614461,0.7121921,-0.1580766,0.6320131,353.9548,98.74215,324.8715,9.0,NB
2025-06-04 16:22:48.647,2855,-0.2642578,0.7149938,-0.1632896,0.6263292,354.4035,99.3737,324.1814,9.0,NB
2025-06-04 16:22:48.691,2856,-0.2668652,0.7181005,-0.165555,0.6210526,354.6233,100.0518,323.7357,9.0,NB
2025-06-04 16:22:48.724,2857,-0.2701757,0.7199951,-0.1686629,0.6165754,354.8195,100.5751,323.1669,9.0,NB
2025-06-04 16:22:48.769,2858,-0.2746077,0.7216541,-0.1726467,0.6115547,355.0266,101.1346,322.4246,9.0,NB
2025-06-04 16:22:48.802,2859,-0.2779528,0.7233608,-0.1765195,0.606904,355.2961,101.6362,321.7959,9.0,NB
2025-06-04 16:22:48.847,2860,-0.282229,0.7255813,-0.1800449,0.6012176,355.5213,102.2919,321.0995,9.0,NB
2025-06-04 16:22:48.892,2861,-0.2846146,0.7275158,-0.1830025,0.5968463,355.7868,102.7776,320.6329,9.0,NB
2025-06-04 16:22:48.924,2862,-0.2888736,0.730469,-0.1869016,0.5899448,356.1131,103.5684,319.907,9.0,NB
2025-06-04 16:22:48.968,2863,-0.2934091,0.7329688,-0.1911836,0.5831954,356.4473,104.3083,319.128,9.0,NB
2025-06-04 16:22:49.013,2864,-0.2956569,0.734446,-0.1938212,0.5793184,356.6832,104.7187,318.7031,9.0,NB
2025-06-04 16:22:49.046,2865,-0.2996791,0.7370725,-0.1975388,0.5726212,357.019,105.4577,318.0174,9.0,NB
2025-06-04 16:22:49.091,2866,-0.3040012,0.7397728,-0.2008333,0.5656728,357.3182,106.2403,317.3329,9.0,NB
2025-06-04 16:22:49.135,2867,-0.3067371,0.7412179,-0.2035619,0.561312,357.5594,106.693,316.8539,9.0,NB
2025-06-04 16:22:49.180,2868,-0.3123342,0.7453703,-0.2083138,0.5508867,358.0757,107.8443,315.9317,9.0,NB
2025-06-04 16:22:49.214,2869,-0.3150589,0.7470108,-0.2121239,0.5456337,358.4588,108.342,315.3767,9.0,NB
2025-06-04 16:22:49.257,2870,-0.3162416,0.7477153,-0.2125113,0.5438308,358.5005,108.5591,315.2271,9.0,NB
2025-06-04 16:22:49.301,2871,-0.3216501,0.7511275,-0.2187054,0.5334012,359.1643,109.5931,314.2262,9.0,NB
2025-06-04 16:22:49.334,2872,-0.3237014,0.7528833,-0.2212737,0.5286041,359.4824,110.0747,313.8314,9.0,NB
2025-06-04 16:22:49.379,2873,-0.3255095,0.7548646,-0.2220336,0.5243325,359.6482,110.5828,313.5907,9.0,NB
2025-06-04 16:22:49.423,2874,-0.3308736,0.7586324,-0.2266221,0.5134608,0.2328777,111.7159,312.7137,9.0,NB
2025-06-04 16:22:49.466,2875,-0.3345954,0.7606775,-0.2301604,0.5064011,0.6461172,112.4076,312.0815,9.0,NB
2025-06-04 16:22:49.499,2876,-0.336625,0.7624493,-0.2321392,0.5014641,0.9384314,112.9136,311.7345,9.0,NB
2025-06-04 16:22:49.544,2877,-0.3404996,0.7650851,-0.2336473,0.4940788,1.206331,113.7458,311.23,9.0,NB
2025-06-04 16:22:49.588,2878,-0.3432521,0.7672212,-0.2363981,0.4875097,1.608036,114.3974,310.7564,9.0,NB
2025-06-04 16:22:49.621,2879,-0.3462799,0.7695321,-0.2390827,0.4803649,2.02194,115.1154,310.2603,9.0,NB
2025-06-04 16:22:49.664,2880,-0.3506363,0.7725245,-0.2416614,0.4710202,2.468214,116.0967,309.6354,9.0,NB
2025-06-04 16:22:49.708,2881,-0.3531909,0.7742911,-0.2430058,0.4654867,2.722749,116.6826,309.2809,9.0,NB
2025-06-04 16:22:49.742,2882,-0.3572044,0.7775126,-0.2447576,0.4560407,3.141651,117.7063,308.7511,9.0,NB
2025-06-04 16:22:49.787,2883,-0.3600996,0.7796543,-0.2456739,0.4495689,3.399758,118.4181,308.392,9.0,NB
2025-06-04 16:22:49.830,2884,-0.3636578,0.782094,-0.2480692,0.4410713,3.854834,119.2711,307.8661,9.0,NB
2025-06-04 16:22:49.864,2885,-0.3660514,0.7840468,-0.249962,0.4345067,4.235737,119.9212,307.4965,9.0,NB
2025-06-04 16:22:49.909,2886,-0.3690511,0.7870515,-0.2514615,0.4255802,4.686551,120.8647,307.0961,9.0,NB
2025-06-04 16:22:49.953,2887,-0.3735044,0.7896367,-0.2527835,0.4160159,5.074246,121.8794,306.55,9.0,NB
2025-06-04 16:22:49.986,2888,-0.37584,0.7914009,-0.2544451,0.4094958,5.44708,122.5183,306.2047,9.0,NB
2025-06-04 16:22:50.031,2889,-0.3788095,0.7948258,-0.2557637,0.3991747,5.97836,123.6074,305.8284,9.0,NB
2025-06-04 16:22:50.075,2890,-0.3808854,0.7972515,-0.2548018,0.3929279,6.140171,124.375,305.6866,9.0,NB
2025-06-04 16:22:50.108,2891,-0.3859687,0.8011406,-0.2559808,0.379046,6.750919,125.8494,305.099,9.0,NB
2025-06-04 16:22:50.153,2892,-0.3875656,0.8016819,-0.2565408,0.3758806,6.89045,126.1615,304.8962,9.0,NB
2025-06-04 16:22:50.197,2893,-0.3898949,0.8047291,-0.2563828,0.3669619,7.266475,127.1616,304.6854,9.0,NB
2025-06-04 16:22:50.241,2894,-0.3829874,0.8131107,-0.2582341,0.3542414,8.54614,128.504,305.43,9.0,NB
2025-06-04 16:22:50.274,2895,-0.3788798,0.8166051,-0.2591664,0.3499132,9.097975,128.954,305.8692,9.0,NB
2025-06-04 16:22:50.320,2896,-0.3745597,0.8200487,-0.2603845,0.3455797,9.681748,129.3894,306.3165,9.0,NB
2025-06-04 16:22:50.364,2897,-0.3629667,0.8293695,-0.263762,0.332913,11.29378,130.6789,307.5292,9.0,NB
2025-06-04 16:22:50.397,2898,-0.3574722,0.8337671,-0.2652793,0.3266084,12.05529,131.336,308.1188,9.0,NB
2025-06-04 16:22:50.441,2899,-0.3500098,0.8398432,-0.2669066,0.3176751,13.05819,132.3062,308.9592,9.0,NB
2025-06-04 16:22:50.486,2900,-0.3411373,0.8467054,-0.268843,0.3073093,14.21683,133.4427,309.9689,9.0,NB
2025-06-04 16:22:50.530,2901,-0.3355806,0.8505151,-0.2701134,0.3017427,14.88935,134.0533,310.5941,9.0,NB
2025-06-04 16:22:50.563,2902,-0.3259915,0.8574479,-0.2716828,0.2910349,16.03102,135.2844,311.7379,9.0,NB
2025-06-04 16:22:50.608,2903,-0.3198508,0.8624387,-0.2722257,0.2824684,16.78974,136.3053,312.5314,9.0,NB
2025-06-04 16:22:50.652,2904,-0.312286,0.868624,-0.2720585,0.2719454,17.62486,137.6239,313.573,9.0,NB
2025-06-04 16:22:50.685,2905,-0.3059227,0.8729768,-0.273174,0.2640052,18.3861,138.5575,314.3685,9.0,NB
2025-06-04 16:22:50.729,2906,-0.2975243,0.8791637,-0.2741314,0.2517988,19.40116,140.0334,315.4925,9.0,NB
2025-06-04 16:22:50.762,2907,-0.2910849,0.8838636,-0.2739139,0.2429529,20.04543,141.177,316.4159,9.0,NB
2025-06-04 16:22:50.807,2908,-0.2815384,0.8907356,-0.2734172,0.22928,20.97635,142.9632,317.8227,9.0,NB
2025-06-04 16:22:50.852,2909,-0.2759256,0.8948969,-0.2731087,0.220083,21.5526,144.1574,318.6829,9.0,NB
2025-06-04 16:22:50.885,2910,-0.2688327,0.8997896,-0.2725751,0.2093103,22.2087,145.5872,319.7742,9.0,NB
2025-06-04 16:22:50.929,2911,-0.2614508,0.9053106,-0.2702688,0.1975128,22.71047,147.2564,321.0301,9.0,NB
2025-06-04 16:22:50.974,2912,-0.2559547,0.9094789,-0.2684855,0.1877528,23.09466,148.6219,321.9947,9.0,NB
2025-06-04 16:22:51.018,2913,-0.2472972,0.915303,-0.2664316,0.1734329,23.70028,150.6171,323.4639,9.0,NB
2025-06-04 16:22:51.061,2914,-0.2372973,0.9224041,-0.2623062,0.155101,24.22334,153.2393,325.3016,9.0,NB
2025-06-04 16:22:51.095,2915,-0.231848,0.9267864,-0.2582105,0.1436698,24.33007,154.9341,326.4228,9.0,NB
2025-06-04 16:22:51.141,2916,-0.2265282,0.9308049,-0.2540894,0.1331393,24.37429,156.5163,327.5033,9.0,NB
2025-06-04 16:22:51.173,2917,-0.2192714,0.935974,-0.2485226,0.1187837,24.40158,158.6634,328.9651,9.0,NB
2025-06-04 16:22:51.219,2918,-0.2176266,0.9371848,-0.2468823,0.115641,24.35666,159.1523,329.3066,9.0,NB
2025-06-04 16:22:51.262,2919,-0.2075034,0.9440914,-0.2379627,0.09490936,24.20037,162.2572,331.3749,9.0,NB
2025-06-04 16:22:51.296,2920,-0.2024644,0.9475679,-0.2322516,0.08475091,23.94316,163.8211,332.4258,9.0,NB
2025-06-04 16:22:51.340,2921,-0.1970292,0.9516155,-0.2243302,0.07268913,23.47246,165.6882,333.6166,9.0,NB
2025-06-04 16:22:51.385,2922,-0.1933684,0.9552565,-0.2152853,0.06120534,22.80742,167.457,334.5733,9.0,NB
2025-06-04 16:22:51.418,2923,-0.1882714,0.9585666,-0.20794,0.04964834,22.33084,169.1904,335.6364,9.0,NB
2025-06-04 16:22:51.463,2924,-0.1835274,0.9616939,-0.1999116,0.03870439,21.73417,170.8433,336.63,9.0,NB
2025-06-04 16:22:51.508,2925,-0.1766912,0.966014,-0.1872089,0.02345312,20.69572,173.1565,338.0185,9.0,NB
2025-06-04 16:22:51.541,2926,-0.1728553,0.9684561,-0.1789061,0.01437378,19.97172,174.524,338.7953,9.0,NB
2025-06-04 16:22:51.585,2927,-0.1692759,0.9709448,-0.1690983,0.004201761,19.08362,176.0313,339.5534,9.0,NB
2025-06-04 16:22:51.618,2928,-0.1648355,0.9735515,-0.1580715,-0.006369511,18.05207,177.6063,340.4001,9.0,NB
2025-06-04 16:22:51.663,2929,-0.1614967,0.9754835,-0.1487594,-0.01489285,17.15964,178.861,341.0274,9.0,NB
2025-06-04 16:22:51.708,2930,-0.1574266,0.9775694,-0.1378958,-0.02366375,16.08457,180.1699,341.7274,9.0,NB
2025-06-04 16:22:51.740,2931,-0.1530809,0.9796722,-0.1252525,-0.03347576,14.8128,181.6148,342.4478,9.0,NB
2025-06-04 16:22:51.785,2932,-0.149917,0.9811887,-0.1145897,-0.04078066,13.71518,182.6944,342.9499,9.0,NB
2025-06-04 16:22:51.830,2933,-0.1459013,0.9830403,-0.09877865,-0.05086672,12.06668,184.1744,343.5572,9.0,NB
2025-06-04 16:22:51.862,2934,-0.1420178,0.9844904,-0.08404262,-0.05955356,10.50921,185.4503,344.0845,9.0,NB
2025-06-04 16:22:51.907,2935,-0.1401115,0.9851298,-0.07567844,-0.0645056,9.624021,186.1653,344.3301,9.0,NB
2025-06-04 16:22:51.941,2936,-0.1360234,0.9862371,-0.05963833,-0.07264685,7.897329,187.3706,344.8039,9.0,NB
2025-06-04 16:22:51.985,2937,-0.1327512,0.986909,-0.04715098,-0.07851604,6.540969,188.2441,345.1499,9.0,NB
2025-06-04 16:22:52.030,2938,-0.1298042,0.9873487,-0.0353549,-0.08392559,5.255835,189.045,345.4369,9.0,NB
2025-06-04 16:22:52.063,2939,-0.126165,0.9877403,-0.0217156,-0.08933162,3.752105,189.8669,345.7659,9.0,NB
2025-06-04 16:22:52.108,2940,-0.1222398,0.9879609,-0.005001971,-0.09468801,1.892983,190.718,346.071,9.0,NB
2025-06-04 16:22:52.140,2941,-0.1206215,0.9878494,0.0054439,-0.09785011,0.7362795,191.2244,346.149,9.0,NB
2025-06-04 16:22:52.185,2942,-0.1172379,0.9875492,0.02169388,-0.1026228,358.9236,191.9942,346.3464,9.0,NB
2025-06-04 16:22:52.230,2943,-0.1136024,0.9871161,0.0350059,-0.1071029,357.4337,192.6867,346.5846,9.0,NB
2025-06-04 16:22:52.262,2944,-0.1102421,0.9866015,0.04762372,-0.110437,356.0078,193.2365,346.7851,9.0,NB
2025-06-04 16:22:52.308,2945,-0.1085203,0.9858854,0.05950664,-0.1127489,354.6717,193.6654,346.7981,9.0,NB
2025-06-04 16:22:52.341,2946,-0.1052045,0.9846215,0.07548916,-0.1172791,352.8781,194.4038,346.9014,9.0,NB
2025-06-04 16:22:52.385,2947,-0.1006867,0.9827447,0.09208035,-0.1248858,351.0348,195.5018,347.0777,9.0,NB
2025-06-04 16:22:52.419,2948,-0.09501194,0.9801242,0.1099556,-0.135053,349.0544,196.9133,347.294,9.0,NB
2025-06-04 16:22:52.452,2949,-0.09044474,0.9775879,0.1241862,-0.1439435,347.4807,198.1376,347.4222,9.0,NB
2025-06-04 16:22:52.497,2950,-0.08645124,0.9754729,0.1349983,-0.1508457,346.2732,199.0851,347.5525,9.0,NB
2025-06-04 16:22:52.529,2951,-0.0772799,0.9702263,0.1589932,-0.1655599,343.5648,201.1351,347.8053,9.0,NB
2025-06-04 16:22:52.574,2952,-0.07548621,0.9688711,0.1638741,-0.1695176,343.0251,201.6732,347.8175,9.0,NB
2025-06-04 16:22:52.607,2953,-0.0672341,0.9636282,0.1831355,-0.1826522,340.829,203.5005,347.994,9.0,NB
2025-06-04 16:22:52.652,2954,-0.06177839,0.9601285,0.1944387,-0.1911295,339.5276,204.6709,348.114,9.0,NB
2025-06-04 16:22:52.685,2955,-0.05448392,0.9550928,0.2091213,-0.2027256,337.8291,206.2806,348.2325,9.0,NB
2025-06-04 16:22:52.718,2956,-0.04373534,0.9486405,0.225534,-0.2174928,335.8657,208.2803,348.555,9.0,NB
2025-06-04 16:22:52.762,2957,-0.0344424,0.9426466,0.2387227,-0.230744,334.2677,210.077,348.7916,9.0,NB
2025-06-04 16:22:52.796,2958,-0.02831373,0.9386347,0.2467124,-0.239367,333.2826,211.2455,348.9461,9.0,NB
2025-06-04 16:22:52.841,2959,-0.01924166,0.932739,0.2570269,-0.2521215,331.9803,212.955,349.1946,9.0,NB
2025-06-04 16:22:52.874,2960,-0.008947433,0.9257425,0.2680008,-0.2666394,330.5655,214.9146,349.4483,9.0,NB
2025-06-04 16:22:52.918,2961,-0.006702413,0.9238088,0.2698723,-0.2714798,330.3315,215.5513,349.4619,9.0,NB
2025-06-04 16:22:52.952,2962,0.00640969,0.9146998,0.2805302,-0.2908373,328.8734,218.1222,349.8094,9.0,NB
2025-06-04 16:22:52.985,2963,0.01078225,0.9117112,0.2832413,-0.2973902,328.4742,218.9761,349.9463,9.0,NB
2025-06-04 16:22:53.029,2964,0.01689436,0.9071299,0.2871134,-0.3072395,327.9081,220.2781,350.092,9.0,NB
2025-06-04 16:22:53.062,2965,0.02537665,0.9012178,0.2908398,-0.3202732,327.284,221.957,350.3831,9.0,NB
2025-06-04 16:22:53.108,2966,0.03159185,0.8970844,0.2916364,-0.330439,327.0352,223.2092,350.6676,9.0,NB
2025-06-04 16:22:53.141,2967,0.03874779,0.8922589,0.2925453,-0.3417455,326.7334,224.6087,350.9995,9.0,NB
2025-06-04 16:22:53.174,2968,0.04409424,0.8886961,0.2926761,-0.3501653,326.5588,225.637,351.2738,9.0,NB
2025-06-04 16:22:53.219,2969,0.04737884,0.8863901,0.2910068,-0.3569078,326.6528,226.4202,351.482,9.0,NB
2025-06-04 16:22:53.251,2970,0.05298245,0.8822416,0.2892629,-0.3676544,326.677,227.7043,351.7978,9.0,NB
2025-06-04 16:22:53.285,2971,0.05495366,0.880755,0.2878452,-0.3720161,326.7749,228.2067,351.9348,9.0,NB
2025-06-04 16:22:53.318,2972,0.05944739,0.8773323,0.2846617,-0.3817355,326.9841,229.3275,352.2538,9.0,NB
2025-06-04 16:22:53.363,2973,0.06352534,0.8741633,0.2803745,-0.3913993,327.3222,230.4123,352.5997,9.0,NB
2025-06-04 16:22:53.396,2974,0.06579799,0.8720968,0.2769804,-0.3979948,327.6234,231.1505,352.8096,9.0,NB
2025-06-04 16:22:53.430,2975,0.06822892,0.8699847,0.2711076,-0.4061676,328.1873,232.01,353.1391,9.0,NB
2025-06-04 16:22:53.474,2976,0.06910126,0.8694925,0.2675658,-0.4094097,328.5419,232.3052,353.3406,9.0,NB
2025-06-04 16:22:53.507,2977,0.07002829,0.8683699,0.2635149,-0.4142343,328.9576,232.806,353.5201,9.0,NB
2025-06-04 16:22:53.541,2978,0.07118734,0.867114,0.2576945,-0.420285,329.5532,233.408,353.7967,9.0,NB
2025-06-04 16:22:53.585,2979,0.07104056,0.8665317,0.2517772,-0.4250701,330.2154,233.8604,353.9862,9.0,NB
2025-06-04 16:22:53.618,2980,0.07063361,0.8659955,0.242739,-0.4314404,331.2251,234.4295,354.2959,9.0,NB
2025-06-04 16:22:53.651,2981,0.06935494,0.865831,0.2378948,-0.434664,331.8199,234.7331,354.3547,9.0,NB
2025-06-04 16:22:53.696,2982,0.06760769,0.8660219,0.2341647,-0.4365804,332.3146,234.9036,354.338,9.0,NB
2025-06-04 16:22:53.729,2983,0.06462304,0.8661163,0.2215167,-0.4433926,333.8307,235.4752,354.5978,9.0,NB
2025-06-04 16:22:53.763,2984,0.0640966,0.8660704,0.2173096,-0.445635,334.3077,235.657,354.7371,9.0,NB
2025-06-04 16:22:53.808,2985,0.06101036,0.8667912,0.2070508,-0.4495338,335.5567,235.9221,354.9342,9.0,NB
2025-06-04 16:22:53.841,2986,0.05768187,0.868139,0.1981239,-0.451392,336.6671,235.9606,355.0825,9.0,NB
2025-06-04 16:22:53.886,2987,0.05336446,0.8697796,0.186801,-0.4535871,338.0769,236.002,355.2617,9.0,NB
2025-06-04 16:22:53.918,2988,0.05026804,0.8706852,0.1789304,-0.4553731,339.0615,236.076,355.3679,9.0,NB
2025-06-04 16:22:53.963,2989,0.04643323,0.8720748,0.1688139,-0.4569809,340.3134,236.0856,355.5348,9.0,NB
2025-06-04 16:22:54.008,2990,0.04069233,0.8741102,0.1554408,-0.4583819,341.998,236.0269,355.6967,9.0,NB
2025-06-04 16:22:54.041,2991,0.03574413,0.8757193,0.1437639,-0.4595326,343.4624,235.981,355.841,9.0,NB
2025-06-04 16:22:54.085,2992,0.03175053,0.8772301,0.1334463,-0.4600559,344.7316,235.8834,356.0127,9.0,NB
2025-06-04 16:22:54.118,2993,0.02668896,0.8787552,0.1225306,-0.4605037,346.1176,235.7871,356.1049,9.0,NB
2025-06-04 16:22:54.163,2994,0.02223743,0.8802697,0.1119514,-0.4605408,347.4332,235.6494,356.2423,9.0,NB
2025-06-04 16:22:54.196,2995,0.01772255,0.8816177,0.1018891,-0.4604943,348.6982,235.521,356.3405,9.0,NB
2025-06-04 16:22:54.229,2996,0.01128172,0.8835976,0.08729108,-0.4599006,350.5238,235.2836,356.492,9.0,NB
2025-06-04 16:22:54.275,2997,0.008732151,0.8847962,0.08027808,-0.4589281,351.3688,235.0848,356.6234,9.0,NB
2025-06-04 16:22:54.319,2998,0.004693288,0.8863264,0.07021765,-0.4576825,352.6016,234.8311,356.7654,9.0,NB
2025-06-04 16:22:54.351,2999,-0.003583305,0.8887372,0.05128369,-0.4555257,354.9577,234.4097,356.9448,9.0,NB
2025-06-04 16:22:54.385,3000,-0.006888465,0.8897848,0.04297901,-0.4543,355.9731,234.1989,357.0516,9.0,NB
2025-06-04 16:22:54.429,3001,-0.01075239,0.8909245,0.03586425,-0.4526056,356.8947,233.9431,357.0365,9.0,NB
2025-06-04 16:22:54.463,3002,-0.01682324,0.8922308,0.02120525,-0.4507681,358.7008,233.6391,357.1828,9.0,NB
2025-06-04 16:22:54.508,3003,-0.02074591,0.8917279,0.005787212,-0.4520595,0.483326,233.755,357.5795,9.0,NB
2025-06-04 16:22:54.552,3004,-0.02151749,0.8913017,-0.002879152,-0.4528909,1.41091,233.8471,357.9507,9.0,NB
2025-06-04 16:22:54.585,3005,-0.02491753,0.891057,-0.01481569,-0.4529648,2.807285,233.849,358.2223,9.0,NB
2025-06-04 16:22:54.629,3006,-0.0299384,0.8908074,-0.0293562,-0.4524428,4.553633,233.791,358.4609,9.0,NB
2025-06-04 16:22:54.674,3007,-0.03264432,0.8907286,-0.04211614,-0.4514017,5.99833,233.689,358.8401,9.0,NB
2025-06-04 16:22:54.708,3008,-0.0352034,0.8905486,-0.05184441,-0.4505511,7.126577,233.6145,359.077,9.0,NB
2025-06-04 16:22:54.741,3009,-0.03789274,0.8900769,-0.06245619,-0.4499184,8.353429,233.584,359.3482,9.0,NB
2025-06-04 16:22:54.785,3010,-0.04033069,0.8894739,-0.07455206,-0.4490568,9.720714,233.5508,359.7216,9.0,NB
2025-06-04 16:22:54.830,3011,-0.04164824,0.8890834,-0.08210169,-0.4483921,10.56437,233.5241,359.9749,9.0,NB
2025-06-04 16:22:54.862,3012,-0.04381678,0.8886523,-0.09392733,-0.4467158,11.89301,233.4132,0.3537698,9.0,NB
2025-06-04 16:22:54.908,3013,-0.04516011,0.8885698,-0.1021448,-0.444939,12.80964,233.2678,0.6252351,9.0,NB
2025-06-04 16:22:54.941,3014,-0.04585128,0.888653,-0.1102458,-0.4427637,13.6826,233.0829,0.95145,9.0,NB
2025-06-04 16:22:54.985,3015,-0.04611356,0.888752,-0.1195588,-0.4401128,14.66141,232.8669,1.378377,9.0,NB
2025-06-04 16:22:55.030,3016,-0.04630441,0.8887614,-0.1282089,-0.4376321,15.57044,232.6752,1.779261,9.0,NB
2025-06-04 16:22:55.063,3017,-0.04607006,0.8887264,-0.1351227,-0.4356432,16.27897,232.5332,2.139935,9.0,NB
2025-06-04 16:22:55.108,3018,-0.04493397,0.8891079,-0.1429182,-0.4324844,17.03799,232.2715,2.620722,9.0,NB
2025-06-04 16:22:55.152,3019,-0.04386186,0.889902,-0.1489118,-0.4289244,17.61747,231.9304,2.987777,9.0,NB
2025-06-04 16:22:55.185,3020,-0.04297969,0.8907263,-0.1552585,-0.4250347,18.24744,231.5562,3.345016,9.0,NB
2025-06-04 16:22:55.228,3021,-0.04170667,0.891353,-0.1616555,-0.4214475,18.86495,231.2346,3.751091,9.0,NB
2025-06-04 16:22:55.274,3022,-0.03880151,0.8917769,-0.1660883,-0.419098,19.19297,231.0622,4.251258,9.0,NB
2025-06-04 16:22:55.307,3023,-0.03491598,0.8926984,-0.1715841,-0.4152464,19.5934,230.7351,4.881046,9.0,NB
2025-06-04 16:22:55.351,3024,-0.03118889,0.8942933,-0.175243,-0.4105566,19.81882,230.2578,5.374068,9.0,NB
2025-06-04 16:22:55.385,3025,-0.0282825,0.8959137,-0.1808327,-0.4047698,20.29884,229.6759,5.857324,9.0,NB
2025-06-04 16:22:55.428,3026,-0.02555184,0.897403,-0.1844803,-0.3999779,20.58194,229.1793,6.237534,9.0,NB
2025-06-04 16:22:55.474,3027,-0.02060813,0.8991842,-0.1895137,-0.3938628,20.91906,228.5843,6.900347,9.0,NB
2025-06-04 16:22:55.506,3028,-0.01632286,0.9004566,-0.1945197,-0.3886822,21.28466,228.1084,7.512017,9.0,NB
2025-06-04 16:22:55.551,3029,-0.01136298,0.9019935,-0.1996889,-0.3826268,21.64975,227.5409,8.184216,9.0,NB
2025-06-04 16:22:55.596,3030,-0.008512964,0.9031482,-0.2021568,-0.3786606,21.81445,227.1403,8.530924,9.0,NB
2025-06-04 16:22:55.628,3031,-0.001263455,0.9058357,-0.2076794,-0.3692282,22.1591,226.195,9.388115,9.0,NB
2025-06-04 16:22:55.674,3032,0.002482835,0.9070836,-0.2096288,-0.3650329,22.24012,225.7729,9.80001,9.0,NB
2025-06-04 16:22:55.706,3033,0.006359414,0.9082737,-0.2109883,-0.3612239,22.25168,225.3879,10.20522,9.0,NB
2025-06-04 16:22:55.750,3034,0.01312751,0.9105889,-0.213533,-0.3536371,22.30872,224.6038,10.89949,9.0,NB
2025-06-04 16:22:55.784,3035,0.01884601,0.9126478,-0.2160031,-0.346499,22.40861,223.8624,11.48582,9.0,NB
2025-06-04 16:22:55.828,3036,0.02723331,0.9156677,-0.2171219,-0.3371491,22.28782,222.8488,12.24697,9.0,NB
2025-06-04 16:22:55.874,3037,0.03177581,0.9171771,-0.2166546,-0.3329225,22.10242,222.3763,12.6275,9.0,NB
2025-06-04 16:22:55.907,3038,0.04034393,0.9199791,-0.2173358,-0.3236918,21.94835,221.3782,13.3987,9.0,NB
2025-06-04 16:22:55.951,3039,0.04747397,0.9223888,-0.2179109,-0.3153732,21.84228,220.4723,14.02994,9.0,NB
2025-06-04 16:22:55.996,3040,0.05375283,0.9243482,-0.2179076,-0.3085569,21.69548,219.7269,14.57663,9.0,NB
2025-06-04 16:22:56.028,3041,0.06482914,0.9274176,-0.2167104,-0.2978767,21.30545,218.5503,15.52418,9.0,NB
2025-06-04 16:22:56.073,3042,0.07107623,0.929195,-0.2146626,-0.2923439,20.93874,217.9065,16.01039,9.0,NB
2025-06-04 16:22:56.118,3043,0.07688138,0.9315614,-0.211861,-0.2853029,20.53956,217.0439,16.38313,9.0,NB
2025-06-04 16:22:56.151,3044,0.08956619,0.9355888,-0.2072941,-0.2714424,19.83179,215.4093,17.32505,9.0,NB
2025-06-04 16:22:56.196,3045,0.09417113,0.9372851,-0.2035736,-0.2668082,19.35144,214.8016,17.59193,9.0,NB
2025-06-04 16:22:56.228,3046,0.1096835,0.9416662,-0.1960134,-0.2506258,18.31127,212.8526,18.7283,9.0,NB
2025-06-04 16:22:56.274,3047,0.1129457,0.9425187,-0.19366,-0.247786,18.00401,212.4886,18.95238,9.0,NB
2025-06-04 16:22:56.318,3048,0.1218994,0.9451777,-0.1874467,-0.2379993,17.23652,211.2589,19.5536,9.0,NB
2025-06-04 16:22:56.351,3049,0.1359828,0.9492998,-0.1762318,-0.2219938,15.91546,209.2169,20.47701,9.0,NB
2025-06-04 16:22:56.396,3050,0.1388005,0.9503428,-0.1728692,-0.2184021,15.5418,208.7297,20.6222,9.0,NB
2025-06-04 16:22:56.441,3051,0.1529882,0.954268,-0.158438,-0.2021501,13.91791,206.5786,21.51896,9.0,NB
2025-06-04 16:22:56.484,3052,0.165219,0.9574105,-0.1435876,-0.1882835,12.28229,204.6789,22.27872,9.0,NB
2025-06-04 16:22:56.529,3053,0.1737024,0.9594648,-0.1318573,-0.1785178,11.01155,203.3069,22.80124,9.0,NB
2025-06-04 16:22:56.574,3054,0.1800517,0.9610721,-0.1214025,-0.1708313,9.894593,202.1912,23.16721,9.0,NB
2025-06-04 16:22:56.608,3055,0.1910768,0.9632477,-0.1039116,-0.1576265,8.044817,200.2911,23.8818,9.0,NB
2025-06-04 16:22:56.652,3056,0.2001965,0.9648849,-0.08674292,-0.1462681,6.247826,198.5957,24.46696,9.0,NB
2025-06-04 16:22:56.685,3057,0.2081958,0.9662721,-0.06926326,-0.1348171,4.457386,196.8734,24.97991,9.0,NB
2025-06-04 16:22:56.729,3058,0.2137198,0.9668095,-0.05811255,-0.1273822,3.32039,195.7598,25.39,9.0,NB
2025-06-04 16:22:56.762,3059,0.2242695,0.9670091,-0.03679524,-0.1150791,1.119928,193.8343,26.25036,9.0,NB
2025-06-04 16:22:56.807,3060,0.2314701,0.9668491,-0.01986311,-0.1059721,359.3898,192.3642,26.86107,9.0,NB
2025-06-04 16:22:56.841,3061,0.2372082,0.9665871,-0.004252147,-0.09707687,357.8317,190.9423,27.369,9.0,NB
2025-06-04 16:22:56.886,3062,0.2423518,0.9664524,0.01656721,-0.08343326,355.8445,188.8381,27.83364,9.0,NB
2025-06-04 16:22:56.917,3063,0.2391245,0.9679576,0.02691441,-0.07178708,355.0414,187.2718,27.43778,9.0,NB
2025-06-04 16:22:56.962,3064,0.2357234,0.9692351,0.03567233,-0.06119975,354.3759,185.8721,27.04985,9.0,NB
2025-06-04 16:22:57.008,3065,0.2317484,0.9704542,0.04281851,-0.05174956,353.8523,184.6496,26.61203,9.0,NB
2025-06-04 16:22:57.040,3066,0.2268767,0.9716915,0.0541074,-0.03761477,352.9798,182.8037,26.11265,9.0,NB
2025-06-04 16:22:57.073,3067,0.2220642,0.9726156,0.06434804,-0.02378429,352.1989,181.0229,25.65249,9.0,NB
2025-06-04 16:22:57.118,3068,0.2204925,0.9728857,0.06717357,-0.01908424,352.0031,180.4346,25.50894,9.0,NB
2025-06-04 16:22:57.150,3069,0.2137502,0.9736616,0.07933118,-0.0008288659,351.0926,178.1264,24.90965,9.0,NB
2025-06-04 16:22:57.195,3070,0.2123607,0.9737653,0.08168335,0.003517492,350.9331,177.5889,24.79631,9.0,NB
2025-06-04 16:22:57.228,3071,0.2066506,0.9740078,0.09075856,0.01916847,350.2775,175.6447,24.32769,9.0,NB
2025-06-04 16:22:57.274,3072,0.2025405,0.9740462,0.09643032,0.03021086,349.8854,174.2918,23.99864,9.0,NB
2025-06-04 16:22:57.317,3073,0.1965558,0.973679,0.1056371,0.04643302,349.1954,172.2801,23.5569,9.0,NB
2025-06-04 16:22:57.350,3074,0.1905064,0.9730646,0.1134433,0.0631149,348.6543,170.2492,23.1254,9.0,NB
2025-06-04 16:22:57.395,3075,0.1873975,0.9724946,0.1172993,0.07333246,348.4244,169.0199,22.93049,9.0,NB
2025-06-04 16:22:57.428,3076,0.1806027,0.9713763,0.1251541,0.09026337,347.846,166.9605,22.45904,9.0,NB
2025-06-04 16:22:57.474,3077,0.1747023,0.9701539,0.1304335,0.1061507,347.5263,165.0711,22.05718,9.0,NB
2025-06-04 16:22:57.506,3078,0.1710338,0.9689446,0.1349689,0.1169508,347.1999,163.7542,21.85537,9.0,NB
2025-06-04 16:22:57.550,3079,0.1664152,0.9670357,0.1406091,0.1318232,346.8163,161.9454,21.63213,9.0,NB
2025-06-04 16:22:57.583,3080,0.1610017,0.9647218,0.1456831,0.1488855,346.5177,159.9008,21.34953,9.0,NB
2025-06-04 16:22:57.628,3081,0.156294,0.9630096,0.1483345,0.1618072,346.4016,158.3869,21.04462,9.0,NB
2025-06-04 16:22:57.661,3082,0.1510969,0.9598378,0.1523713,0.1807325,346.2381,156.1334,20.81395,9.0,NB
2025-06-04 16:22:57.708,3083,0.1465055,0.9563646,0.1569721,0.1981484,345.9844,154.0212,20.66723,9.0,NB
2025-06-04 16:22:57.739,3084,0.1427058,0.9532719,0.1597137,0.2130718,345.8957,152.2342,20.53065,9.0,NB
2025-06-04 16:22:57.772,3085,0.1395928,0.9504852,0.1618597,0.2255964,345.8355,150.7314,20.42629,9.0,NB
2025-06-04 16:22:57.817,3086,0.1371832,0.9475234,0.1641442,0.2375649,345.7661,149.2751,20.40551,9.0,NB
2025-06-04 16:22:57.850,3087,0.1331515,0.9422544,0.1677265,0.2574791,345.6695,146.8451,20.37295,9.0,NB
2025-06-04 16:22:57.895,3088,0.1316351,0.9398514,0.1689337,0.2661074,345.6711,145.7943,20.37574,9.0,NB
2025-06-04 16:22:57.927,3089,0.1284972,0.9338898,0.1710645,0.286488,345.7659,143.3161,20.40944,9.0,NB
2025-06-04 16:22:57.973,3090,0.1262026,0.9291195,0.1717188,0.3021964,345.9471,141.4236,20.4101,9.0,NB
2025-06-04 16:22:58.006,3091,0.1244705,0.9223042,0.1726565,0.3225709,346.2207,138.9359,20.55409,9.0,NB
2025-06-04 16:22:58.049,3092,0.1223523,0.9149141,0.1730174,0.343551,346.5543,136.3789,20.63564,9.0,NB
2025-06-04 16:22:58.083,3093,0.1214409,0.908953,0.1738879,0.3589147,346.7654,134.4664,20.7946,9.0,NB
2025-06-04 16:22:58.127,3094,0.12069,0.9039567,0.1746323,0.3712141,346.9315,132.9255,20.92206,9.0,NB
2025-06-04 16:22:58.161,3095,0.1210133,0.8945435,0.175652,0.3928029,347.3387,130.1956,21.30496,9.0,NB
2025-06-04 16:22:58.194,3096,0.1198726,0.887437,0.1762578,0.4086802,347.5929,128.1897,21.42958,9.0,NB
2025-06-04 16:22:58.240,3097,0.1198696,0.8830341,0.1752525,0.4185319,347.9263,126.9804,21.50008,9.0,NB
2025-06-04 16:22:58.273,3098,0.1219403,0.8706088,0.1757444,0.4430408,348.5823,123.8261,22.05392,9.0,NB
