Timestamp,GSR_Filtered,PPG_Filtered,FMSQ
2025-03-10 13:17:08.371,0.0050754828921389,-54.2605992901406,3.0
2025-03-10 13:17:08.390,0.0047181232022328,-54.4277744735688,3.0
2025-03-10 13:17:08.410,0.004334990410578,-53.9520012713878,3.0
2025-03-10 13:17:08.429,0.0039381739376523,-52.38067226141273,3.0
2025-03-10 13:17:08.449,0.0035396914065743,-49.16406881669221,3.0
2025-03-10 13:17:08.468,0.00315021592939,-43.73816256825791,3.0
2025-03-10 13:17:08.488,0.0027783602459239,-35.632155739924066,3.0
2025-03-10 13:17:08.507,0.0024304303072163,-24.579115026678256,3.0
2025-03-10 13:17:08.527,0.0021104195122914,-10.605990292363826,3.0
2025-03-10 13:17:08.546,0.0018200892858459,5.916564988239692,3.0
2025-03-10 13:17:08.566,0.0015591331060151,24.275349551604613,3.0
2025-03-10 13:17:08.586,0.0013254829050289,43.46706766548953,3.0
2025-03-10 13:17:08.605,0.0011157527028881,62.293357544156486,3.0
2025-03-10 13:17:08.625,0.0009257292230599,79.48379065264523,3.0
2025-03-10 13:17:08.644,0.0007508234292025,93.82967533080088,3.0
2025-03-10 13:17:08.664,0.0005864860239297,104.31153201824182,3.0
2025-03-10 13:17:08.683,0.0004286560825964,110.20492579333953,3.0
2025-03-10 13:17:08.703,0.0002742587870869,111.15239317030613,3.0
2025-03-10 13:17:08.722,0.0001216227921915,107.19325689058628,3.0
2025-03-10 13:17:08.742,-2.939940189812668e-05,98.7482047628626,3.0
2025-03-10 13:17:08.761,-0.0001777257284102,86.56153856293446,3.0
2025-03-10 13:17:08.781,-0.0003216425105795,71.61026890310136,3.0
2025-03-10 13:17:08.800,-0.0004594425115821,54.99420355785087,3.0
2025-03-10 13:17:08.820,-0.0005898903332186,37.823111237463394,3.0
2025-03-10 13:17:08.839,-0.0007124680754209,21.115221561854806,3.0
2025-03-10 13:17:08.859,-0.0008274517346588,5.71679778869949,3.0
2025-03-10 13:17:08.878,-0.0009358297720556,-7.752455418451928,3.0
2025-03-10 13:17:08.898,-0.0010389989316091,-18.92687488143103,3.0
2025-03-10 13:17:08.918,-0.0011381986232583,-27.69552847731555,3.0
2025-03-10 13:17:08.937,-0.0012338011412431,-34.17722386647998,3.0
2025-03-10 13:17:08.957,-0.0013247420417589,-38.67246446119089,3.0
2025-03-10 13:17:08.976,-0.0014083923273153,-41.59786874853825,3.0
2025-03-10 13:17:08.996,-0.0014809864318127,-43.4121334287222,3.0
2025-03-10 13:17:09.015,-0.0015384449204241,-44.545298318569664,3.0
2025-03-10 13:17:09.035,-0.0015772685341189,-45.34335439113975,3.0
2025-03-10 13:17:09.054,-0.0015952327460603,-46.037431275685584,3.0
2025-03-10 13:17:09.074,-0.0015917904237042,-46.74133681329769,3.0
2025-03-10 13:17:09.093,-0.00156821088278,-47.47449933300449,3.0
2025-03-10 13:17:09.113,-0.0015274592571535,-48.20125052583796,3.0
2025-03-10 13:17:09.132,-0.0014737493698009,-48.87358260593852,3.0
2025-03-10 13:17:09.152,-0.001411755882168,-49.46403640198632,3.0
2025-03-10 13:17:09.171,-0.0013456758587324,-49.97833802044364,3.0
2025-03-10 13:17:09.191,-0.0012785045688357,-50.44307546546251,3.0
2025-03-10 13:17:09.211,-0.0012118303102392,-50.87078573201116,3.0
2025-03-10 13:17:09.230,-0.0011461705056382,-51.211710269102014,3.0
2025-03-10 13:17:09.250,-0.0010815944965589,-51.30655027621273,3.0
2025-03-10 13:17:09.269,-0.0010183078553538,-50.856428255195226,3.0
2025-03-10 13:17:09.289,-0.0009569920524688,-49.42408475923575,3.0
2025-03-10 13:17:09.308,-0.0008988334562962,-46.47409659128811,3.0
2025-03-10 13:17:09.328,-0.0008452258632665,-41.450665267476985,3.0
2025-03-10 13:17:09.347,-0.0007971481929318,-33.881447949284706,3.0
2025-03-10 13:17:09.367,-0.0007543300911813,-23.48779782976219,3.0
2025-03-10 13:17:09.386,-0.0007145283675768,-10.278230289256877,3.0
2025-03-10 13:17:09.406,-0.000673374339763,5.395754459524933,3.0
2025-03-10 13:17:09.425,-0.0006251222013976,22.834819898079594,3.0
2025-03-10 13:17:09.445,-0.0005642233205104,41.04086976658973,3.0
2025-03-10 13:17:09.464,-0.0004872001561218,58.81287696278364,3.0
2025-03-10 13:17:09.484,-0.0003940974699178,74.87478053448262,3.0
2025-03-10 13:17:09.504,-0.0002889737592374,88.0168557810564,3.0
2025-03-10 13:17:09.523,-0.000179310604015,97.23138493525776,3.0
2025-03-10 13:17:09.543,-7.45744953728878e-05,101.82533957179685,3.0
2025-03-10 13:17:09.562,1.569746802937222e-05,101.49625734733016,3.0
2025-03-10 13:17:09.582,8.391182549895546e-05,96.36207488917718,3.0
2025-03-10 13:17:09.601,0.0001261134342543,86.94129938684057,3.0
2025-03-10 13:17:09.621,0.0001428731249044,74.08646333262064,3.0
2025-03-10 13:17:09.640,0.0001389840896104,58.88057825155209,3.0
2025-03-10 13:17:09.660,0.0001219632282034,42.51178901025924,3.0
2025-03-10 13:17:09.679,9.985319949122148e-05,26.144042246591116,3.0
2025-03-10 13:17:09.699,7.912879016153743e-05,10.800697864280414,3.0
2025-03-10 13:17:09.718,6.341999303407375e-05,-2.725558878150664,3.0
2025-03-10 13:17:09.738,5.334182697159768e-05,-13.92783938384906,3.0
2025-03-10 13:17:09.757,4.725055662312774e-05,-22.601232835200623,3.0
2025-03-10 13:17:09.777,4.248570036264612e-05,-28.8206254295798,3.0
2025-03-10 13:17:09.796,3.66587263524528e-05,-32.885462534323544,3.0
2025-03-10 13:17:09.816,2.8681787087372145e-05,-35.24148043808279,3.0
2025-03-10 13:17:09.836,1.9337219271766395e-05,-36.39316870259984,3.0
2025-03-10 13:17:09.855,1.1237987888735504e-05,-36.82217519917815,3.0
2025-03-10 13:17:09.875,8.122361751215291e-06,-36.92519058078889,3.0
2025-03-10 13:17:09.894,1.3643560284870777e-05,-36.98012750500031,3.0
2025-03-10 13:17:09.914,3.0070551897415787e-05,-37.142672860626085,3.0
2025-03-10 13:17:09.933,5.741273625955209e-05,-37.46820435246659,3.0
2025-03-10 13:17:09.953,9.330930571765384e-05,-37.94842588431053,3.0
2025-03-10 13:17:09.972,0.0001336755957526,-38.549311359634494,3.0
2025-03-10 13:17:09.992,0.0001737914215106,-39.237736816004045,3.0
2025-03-10 13:17:10.011,0.000209419282822,-39.988330381254535,3.0
2025-03-10 13:17:10.031,0.0002376522467344,-40.76856617598813,3.0
2025-03-10 13:17:10.050,0.0002573620568834,-41.50735983125343,3.0
2025-03-10 13:17:10.070,0.0002692062110081,-42.05850796114864,3.0
2025-03-10 13:17:10.089,0.0002751762404925,-42.17351144114024,3.0
2025-03-10 13:17:10.109,0.0002777530285659,-41.49747479038402,3.0
2025-03-10 13:17:10.129,0.0002789076067067,-39.59668612473752,3.0
2025-03-10 13:17:10.148,0.00027931664327,-36.01813075078398,3.0
2025-03-10 13:17:10.168,0.0002781123706102,-30.371666659740825,3.0
2025-03-10 13:17:10.187,0.0002732530414655,-22.417691220613985,3.0
2025-03-10 13:17:10.207,0.0002623152772036,-12.13957813120401,3.0
2025-03-10 13:17:10.226,0.0002433562468991,0.2174252480700374,3.0
2025-03-10 13:17:10.246,0.0002155628256973,14.151132918609148,3.0
2025-03-10 13:17:10.265,0.0001796011425886,28.950306759150443,3.0
2025-03-10 13:17:10.285,0.0001377100339937,43.77398450520532,3.0
2025-03-10 13:17:10.304,9.355369207528328e-05,57.74413946910124,3.0
2025-03-10 13:17:10.324,5.175646507789544e-05,70.0328844851773,3.0
2025-03-10 13:17:10.343,1.7064605429153715e-05,79.93032223896168,3.0
2025-03-10 13:17:10.363,-6.718851655700102e-06,86.88729467236591,3.0
2025-03-10 13:17:10.382,-1.7653688032774446e-05,90.53545402942709,3.0
2025-03-10 13:17:10.402,-1.6046648012239238e-05,90.69235177623096,3.0
2025-03-10 13:17:10.421,-4.155035345786537e-06,87.36007272596153,3.0
2025-03-10 13:17:10.441,1.4612756896775983e-05,80.7226587407185,3.0
2025-03-10 13:17:10.461,3.66539229555956e-05,71.14216563251622,3.0
2025-03-10 13:17:10.480,5.89952296957066e-05,59.14844603704374,3.0
2025-03-10 13:17:10.500,7.984940775093634e-05,45.41592505795879,3.0
2025-03-10 13:17:10.519,9.886142132538108e-05,30.722486884482542,3.0
2025-03-10 13:17:10.539,0.0001170070827228,15.890166982275687,3.0
2025-03-10 13:17:10.558,0.0001361231095998,1.712760599144472,3.0
2025-03-10 13:17:10.578,0.0001581506121527,-11.120053681843098,3.0
2025-03-10 13:17:10.597,0.0001843233782417,-22.090074205500454,3.0
2025-03-10 13:17:10.617,0.0002146079331274,-30.897733097590432,3.0
2025-03-10 13:17:10.636,0.0002476096491261,-37.48052383828111,3.0
2025-03-10 13:17:10.656,0.0002809288472198,-41.9995835015112,3.0
2025-03-10 13:17:10.675,0.0003117394521742,-44.79759446979028,3.0
2025-03-10 13:17:10.695,0.0003373231034908,-46.33657630421368,3.0
2025-03-10 13:17:10.714,0.0003554269471428,-47.12719135251445,3.0
2025-03-10 13:17:10.734,0.0003644786122403,-47.66118856740496,3.0
2025-03-10 13:17:10.754,0.0003637440619055,-48.35583674348296,3.0
2025-03-10 13:17:10.773,0.0003534493966716,-49.51476169082546,3.0
2025-03-10 13:17:10.793,0.0003348272196618,-51.305049874544885,3.0
2025-03-10 13:17:10.812,0.0003100801027236,-53.74730749316655,3.0
2025-03-10 13:17:10.832,0.0002823118660563,-56.71454295885805,3.0
2025-03-10 13:17:10.851,0.0002554306149759,-59.93737255070972,3.0
2025-03-10 13:17:10.871,0.0002338816204713,-63.0162386130165,3.0
2025-03-10 13:17:10.890,0.0002220031773378,-65.44442596697971,3.0
2025-03-10 13:17:10.910,0.0002229704422972,-66.64685094581971,3.0
2025-03-10 13:17:10.929,0.000237627948397,-66.03765205702383,3.0
2025-03-10 13:17:10.949,0.0002637425193311,-63.09450809081376,3.0
2025-03-10 13:17:10.968,0.0002961193675332,-57.44074900828728,3.0
2025-03-10 13:17:10.988,0.0003276532522002,-48.92021774218048,3.0
2025-03-10 13:17:11.007,0.0003509815361779,-37.64725780664048,3.0
2025-03-10 13:17:11.027,0.0003602051994829,-24.01698457285425,3.0
2025-03-10 13:17:11.047,0.0003521987067909,-8.669032146163214,3.0
2025-03-10 13:17:11.066,0.0003272176166575,7.591018401742724,3.0
2025-03-10 13:17:11.086,0.0002886948970674,23.89780938869201,3.0
2025-03-10 13:17:11.105,0.0002422633551469,39.43835832363296,3.0
2025-03-10 13:17:11.125,0.0001942099594873,53.54695185857388,3.0
2025-03-10 13:17:11.144,0.0001497731778593,65.76335841830858,3.0
2025-03-10 13:17:11.164,0.0001118259412996,75.84336586216762,3.0
2025-03-10 13:17:11.183,8.039208410129125e-05,83.72209734115533,3.0
2025-03-10 13:17:11.203,5.310767007983936e-05,89.44255140108122,3.0
2025-03-10 13:17:11.222,2.634175554512477e-05,93.07122664702838,3.0
2025-03-10 13:17:11.242,-3.52609734281268e-06,94.62658249106772,3.0
2025-03-10 13:17:11.261,-3.9102534463348205e-05,94.04277608678188,3.0
2025-03-10 13:17:11.281,-8.142112822622298e-05,91.18098748809888,3.0
2025-03-10 13:17:11.300,-0.0001297713652234,85.88632421324043,3.0
2025-03-10 13:17:11.320,-0.0001818263996743,78.07403311063942,3.0
2025-03-10 13:17:11.339,-0.0002340783219891,67.81907820988468,3.0
2025-03-10 13:17:11.359,-0.000282611845186,55.42122246993879,3.0
2025-03-10 13:17:11.379,-0.0003240801001868,41.42409048234185,3.0
2025-03-10 13:17:11.398,-0.0003565312992531,26.579010739979825,3.0
2025-03-10 13:17:11.418,-0.000379730425507,11.758762705000802,3.0
2025-03-10 13:17:11.437,-0.0003948941877591,-2.1613571532144693,3.0
2025-03-10 13:17:11.457,-0.0004040880758179,-14.430368450827263,3.0
2025-03-10 13:17:11.476,-0.0004096397092919,-24.530384717023843,3.0
2025-03-10 13:17:11.496,-0.0004137444864936,-32.246094576196874,3.0
2025-03-10 13:17:11.515,-0.0004181812218908,-37.68265626420077,3.0
2025-03-10 13:17:11.535,-0.00042397328964,-41.230434347789945,3.0
2025-03-10 13:17:11.554,-0.000430989329144,-43.48492645355535,3.0
2025-03-10 13:17:11.574,-0.0004376938625238,-45.13735329970566,3.0
2025-03-10 13:17:11.593,-0.000441294283305,-46.85471368947271,3.0
2025-03-10 13:17:11.613,-0.0004383379214954,-49.16773104317255,3.0
2025-03-10 13:17:11.632,-0.0004255668063549,-52.382011858860345,3.0
2025-03-10 13:17:11.652,-0.0004007447677845,-56.52325737372988,3.0
2025-03-10 13:17:11.672,-0.0003632716443441,-61.32268587024126,3.0
2025-03-10 13:17:11.691,-0.0003145533261876,-66.24450193152158,3.0
2025-03-10 13:17:11.711,-0.0002581371076801,-70.55318137569915,3.0
2025-03-10 13:17:11.730,-0.0001995246781623,-73.41403582390595,3.0
2025-03-10 13:17:11.750,-0.0001454969482202,-74.01566231692324,3.0
2025-03-10 13:17:11.769,-0.0001029026487937,-71.69788923676626,3.0
2025-03-10 13:17:11.789,-7.715324750216079e-05,-66.06507480783027,3.0
2025-03-10 13:17:11.808,-7.089989774163842e-05,-57.06404837157308,3.0
2025-03-10 13:17:11.828,-8.334185697325802e-05,-45.010170676883206,3.0
2025-03-10 13:17:11.847,-0.0001103571172205,-30.55400034922513,3.0
2025-03-10 13:17:11.867,-0.0001453595170249,-14.592959743325604,3.0
2025-03-10 13:17:11.886,-0.0001806350376938,1.856099995491968,3.0
2025-03-10 13:17:11.906,-0.0002088785244896,17.799554759673065,3.0
2025-03-10 13:17:11.925,-0.000224631604755,32.398199509755514,3.0
2025-03-10 13:17:11.945,-0.0002252848789434,45.06270443339548,3.0
2025-03-10 13:17:11.965,-0.0002113474116192,55.49592961622473,3.0
2025-03-10 13:17:11.984,-0.0001858878773782,63.67505664300329,3.0
2025-03-10 13:17:12.004,-0.0001533576499195,69.77901882396371,3.0
2025-03-10 13:17:12.023,-0.0001182479447465,74.07918423728577,3.0
2025-03-10 13:17:12.043,-8.405894353279607e-05,76.82065538877704,3.0
2025-03-10 13:17:12.062,-5.284628033224391e-05,78.1249383186305,3.0
2025-03-10 13:17:12.082,-2.5305744223722507e-05,77.94036140338352,3.0
2025-03-10 13:17:12.101,-1.1713246846338694e-06,76.05483021145115,3.0
2025-03-10 13:17:12.121,2.028764878131982e-05,72.16893152284383,3.0
2025-03-10 13:17:12.140,3.9785823240049406e-05,66.01046032554365,3.0
2025-03-10 13:17:12.160,5.762459685744951e-05,57.45910419537075,3.0
2025-03-10 13:17:12.179,7.347342804066352e-05,46.64617333861716,3.0
2025-03-10 13:17:12.199,8.644907075347946e-05,34.000273648558284,3.0
2025-03-10 13:17:12.218,9.553414283152091e-05,20.22391634942317,3.0
2025-03-10 13:17:12.238,0.0001001870890257,6.203971014587051,3.0
2025-03-10 13:17:12.257,0.0001008270000644,-7.124594716809981,3.0
2025-03-10 13:17:12.277,9.89016858726686e-05,-18.93142066986102,3.0
2025-03-10 13:17:12.297,9.648741065929667e-05,-28.6267666237535,3.0
2025-03-10 13:17:12.316,9.564041705531116e-05,-35.95261886513126,3.0
2025-03-10 13:17:12.336,9.78164442352234e-05,-41.01135034591139,3.0
2025-03-10 13:17:12.355,0.0001035635652442,-44.227791220644576,3.0
2025-03-10 13:17:12.375,0.0001125117370576,-46.25359021660407,3.0
2025-03-10 13:17:12.394,0.0001235763129151,-47.83288576579248,3.0
2025-03-10 13:17:12.414,0.0001352966412907,-49.65403246060799,3.0
2025-03-10 13:17:12.433,0.0001462612238814,-52.21305044040695,3.0
2025-03-10 13:17:12.453,0.0001555370357273,-55.71120667402161,3.0
2025-03-10 13:17:12.472,0.0001629418408257,-60.002951327259545,3.0
2025-03-10 13:17:12.492,0.0001689892927324,-64.6026586894742,3.0
2025-03-10 13:17:12.511,0.0001744749202973,-68.75024312662606,3.0
2025-03-10 13:17:12.531,0.0001798917326232,-71.52728253519925,3.0
2025-03-10 13:17:12.550,0.0001849940630906,-72.00722230359729,3.0
2025-03-10 13:17:12.570,0.0001887432360293,-69.41637288529193,3.0
2025-03-10 13:17:12.590,0.0001896266790507,-63.27821888239725,3.0
2025-03-10 13:17:12.609,0.0001861461101971,-53.51384543327556,3.0
2025-03-10 13:17:12.629,0.0001772737875967,-40.47736905948697,3.0
2025-03-10 13:17:12.648,0.0001628243627599,-24.916908157107223,3.0
2025-03-10 13:17:12.668,0.0001437801861114,-7.866582653786345,3.0
2025-03-10 13:17:12.687,0.0001225149695355,9.51042345045354,3.0
2025-03-10 13:17:12.707,0.000102691354129,26.09728377088924,3.0
2025-03-10 13:17:12.726,8.860024086905243e-05,40.983043082336565,3.0
2025-03-10 13:17:12.746,8.397340704932379e-05,53.574985305716936,3.0
2025-03-10 13:17:12.765,9.067195698596328e-05,63.64217566518889,3.0
2025-03-10 13:17:12.785,0.000107824767579,71.28283712197263,3.0
2025-03-10 13:17:12.804,0.0001318035837808,76.82478029388918,3.0
2025-03-10 13:17:12.824,0.0001570156139148,80.68343221497574,3.0
2025-03-10 13:17:12.843,0.0001771692282531,83.21236064644658,3.0
2025-03-10 13:17:12.863,0.0001866072542243,84.5835614109293,3.0
2025-03-10 13:17:12.882,0.0001814466343525,84.72792520875335,3.0
2025-03-10 13:17:12.902,0.0001604132744528,83.35139124872079,3.0
2025-03-10 13:17:12.922,0.0001252791189286,80.02288036622237,3.0
2025-03-10 13:17:12.941,8.074648431104106e-05,74.31132884973258,3.0
2025-03-10 13:17:12.961,3.365790177242938e-05,65.93628761525663,3.0
2025-03-10 13:17:12.980,-8.377488448684854e-06,54.89324720333475,3.0
2025-03-10 13:17:13.000,-3.858969339122498e-05,41.52175668256744,3.0
2025-03-10 13:17:13.019,-5.243958913815127e-05,26.49900786692303,3.0
2025-03-10 13:17:13.039,-4.8483708048299e-05,10.759347741128073,3.0
2025-03-10 13:17:13.058,-2.86246364236698e-05,-4.643438361582096,3.0
2025-03-10 13:17:13.078,2.202850510572817e-06,-18.702543722794065,3.0
2025-03-10 13:17:13.097,3.685534793621893e-05,-30.619424085879007,3.0
2025-03-10 13:17:13.117,6.726651920851425e-05,-39.92766547414771,3.0
2025-03-10 13:17:13.136,8.603939571280476e-05,-46.55500402654057,3.0
2025-03-10 13:17:13.156,8.801215096849684e-05,-50.811554388033066,3.0
2025-03-10 13:17:13.175,7.138910076138736e-05,-53.30681213740316,3.0
2025-03-10 13:17:13.195,3.8153144807012266e-05,-54.81157332800317,3.0
2025-03-10 13:17:13.215,-6.279126797474617e-06,-56.09103552890351,3.0
2025-03-10 13:17:13.234,-5.400452178851188e-05,-57.74041298342744,3.0
2025-03-10 13:17:13.254,-9.598506711190316e-05,-60.05386276466509,3.0
2025-03-10 13:17:13.273,-0.0001236546523551,-62.95172566375558,3.0
2025-03-10 13:17:13.293,-0.0001306200855653,-65.98104335459075,3.0
2025-03-10 13:17:13.312,-0.0001141627929774,-68.3914910079318,3.0
2025-03-10 13:17:13.332,-7.610211426703545e-05,-69.27507088730879,3.0
2025-03-10 13:17:13.351,-2.2626908848706736e-05,-67.74525098329038,3.0
2025-03-10 13:17:13.371,3.697716397202098e-05,-63.12204344831658,3.0
2025-03-10 13:17:13.390,9.234618844206516e-05,-55.08611711525555,3.0
2025-03-10 13:17:13.410,0.0001341892603391,-43.7691017277928,3.0
2025-03-10 13:17:13.429,0.0001560260253423,-29.75894911967617,3.0
2025-03-10 13:17:13.449,0.0001552331631141,-14.016643755897883,3.0
2025-03-10 13:17:13.468,0.0001333551498987,2.280167903977124,3.0
2025-03-10 13:17:13.488,9.571279724979532e-05,17.934695961885595,3.0
2025-03-10 13:17:13.508,5.034611930093533e-05,31.928438855671036,3.0
2025-03-10 13:17:13.527,6.395621129199259e-06,43.57731842528035,3.0
2025-03-10 13:17:13.547,-2.780418128975345e-05,52.614510376189365,3.0
2025-03-10 13:17:13.566,-4.647250252688794e-05,59.184061865647934,3.0
2025-03-10 13:17:13.586,-4.750093000345763e-05,63.74874784717265,3.0
2025-03-10 13:17:13.605,-3.266665505894413e-05,66.9341108327633,3.0
2025-03-10 13:17:13.625,-6.975259295723438e-06,69.34439987597665,3.0
2025-03-10 13:17:13.644,2.259773787337909e-05,71.39224110407272,3.0
2025-03-10 13:17:13.664,4.863817971334813e-05,73.18087376581651,3.0
2025-03-10 13:17:13.683,6.481100043999045e-05,74.46606314092078,3.0
2025-03-10 13:17:13.703,6.710161910582067e-05,74.70668596316852,3.0
2025-03-10 13:17:13.722,5.451477722650651e-05,73.19245114194608,3.0
2025-03-10 13:17:13.742,2.903821402388535e-05,69.21914347859844,3.0
2025-03-10 13:17:13.761,-5.105500989992607e-06,62.2707502746182,3.0
2025-03-10 13:17:13.781,-4.263438960305534e-05,52.16675097077282,3.0
2025-03-10 13:17:13.800,-7.840080423836928e-05,39.14182191997527,3.0
2025-03-10 13:17:13.820,-0.0001082859548242,23.841377886403308,3.0
2025-03-10 13:17:13.840,-0.0001296905976119,7.235053243821062,3.0
2025-03-10 13:17:13.859,-0.0001416877231836,-9.533167318164905,3.0
2025-03-10 13:17:13.879,-0.0001449419546755,-25.32789340499549,3.0
2025-03-10 13:17:13.898,-0.0001414467863614,-39.20270154051056,3.0
2025-03-10 13:17:13.918,-0.000134087064313,-50.54323908145402,3.0
2025-03-10 13:17:13.937,-0.0001260616142824,-59.1453746351509,3.0
2025-03-10 13:17:13.957,-0.0001202704395054,-65.21297373719372,3.0
2025-03-10 13:17:13.976,-0.0001188009056964,-69.2755431611422,3.0
2025-03-10 13:17:13.996,-0.0001225965104527,-72.04212958925527,3.0
2025-03-10 13:17:14.015,-0.0001313099595666,-74.22112365068502,3.0
2025-03-10 13:17:14.035,-0.0001433175432226,-76.34312879369267,3.0
2025-03-10 13:17:14.054,-0.0001559339032963,-78.624110222105,3.0
2025-03-10 13:17:14.074,-0.0001659364842547,-80.89845696494923,3.0
2025-03-10 13:17:14.093,-0.0001704505086499,-82.63768346657012,3.0
2025-03-10 13:17:14.113,-0.0001680168223713,-83.05284651223114,3.0
2025-03-10 13:17:14.133,-0.0001594274830566,-81.26083351050438,3.0
2025-03-10 13:17:14.152,-0.0001478992767071,-76.48032991952468,3.0
2025-03-10 13:17:14.172,-0.0001384130325457,-68.21596020057456,3.0
2025-03-10 13:17:14.191,-0.0001363970450095,-56.39096064918765,3.0
2025-03-10 13:17:14.211,-0.0001461619949433,-41.39971365181675,3.0
2025-03-10 13:17:14.230,-0.0001695273592302,-24.068935924934248,3.0
2025-03-10 13:17:14.250,-0.0002049800385501,-5.535804167824624,3.0
2025-03-10 13:17:14.269,-0.0002475760121006,12.931870232235465,3.0
2025-03-10 13:17:14.289,-0.0002896792347941,30.137436442282816,3.0
2025-03-10 13:17:14.308,-0.0003224909813406,45.13962918226221,3.0
2025-03-10 13:17:14.328,-0.000338103810998,57.38341607233938,3.0
2025-03-10 13:17:14.347,-0.000331562590078,66.7519732627706,3.0
2025-03-10 13:17:14.367,-0.0003022962678373,73.52977005493035,3.0
2025-03-10 13:17:14.386,-0.0002544360501475,78.28487287994743,3.0
2025-03-10 13:17:14.406,-0.000195912891725,81.69582559103246,3.0
2025-03-10 13:17:14.426,-0.0001366307460438,84.3609991582619,3.0
2025-03-10 13:17:14.445,-8.624998033848573e-05,86.63303856114453,3.0
2025-03-10 13:17:14.465,-5.212829585434721e-05,88.51644965508021,3.0
2025-03-10 13:17:14.484,-3.78406446593938e-05,89.65297331801654,3.0
2025-03-10 13:17:14.504,-4.255956916232802e-05,89.39977961369412,3.0
2025-03-10 13:17:14.523,-6.143863910196227e-05,86.98397589071647,3.0
2025-03-10 13:17:14.543,-8.692098305083515e-05,81.69860497593662,3.0
2025-03-10 13:17:14.562,-0.0001105967426528,73.09494649402879,3.0
2025-03-10 13:17:14.582,-0.0001250281030362,61.126431486709365,3.0
2025-03-10 13:17:14.601,-0.0001250178745467,46.21081578607284,3.0
2025-03-10 13:17:14.621,-0.0001081044817848,29.19629124261437,3.0
2025-03-10 13:17:14.640,-7.443043975369496e-05,11.23876270252874,3.0
2025-03-10 13:17:14.660,-2.6321636139271607e-05,-6.383704083765829,3.0
2025-03-10 13:17:14.679,3.216739185048561e-05,-22.4809804197846,3.0
2025-03-10 13:17:14.699,9.572051615699472e-05,-36.14315632091403,3.0
2025-03-10 13:17:14.718,0.0001583716899347,-46.87689142375812,3.0
2025-03-10 13:17:14.738,0.0002143405050246,-54.659263735306894,3.0
2025-03-10 13:17:14.758,0.0002589844911795,-59.899209782705775,3.0
2025-03-10 13:17:14.777,0.0002896252438793,-63.315219261816566,3.0
2025-03-10 13:17:14.797,0.0003060323964226,-65.75471771472537,3.0
2025-03-10 13:17:14.816,0.0003104734351834,-67.99217912236381,3.0
2025-03-10 13:17:14.836,0.0003073154021066,-70.5471643878851,3.0
2025-03-10 13:17:14.855,0.000302167698202,-73.55940204648277,3.0
2025-03-10 13:17:14.875,0.0003005932988517,-76.74655015858545,3.0
2025-03-10 13:17:14.894,0.0003065763668564,-79.45363755129317,3.0
2025-03-10 13:17:14.914,0.0003211578956753,-80.78457408543424,3.0
2025-03-10 13:17:14.933,0.0003417656499009,-79.78917425162082,3.0
2025-03-10 13:17:14.953,0.0003626239678093,-75.66736326223251,3.0
2025-03-10 13:17:14.972,0.0003762480745378,-67.94837528314316,3.0
2025-03-10 13:17:14.992,0.0003756023484797,-56.60804067828232,3.0
2025-03-10 13:17:15.011,0.0003562645555248,-42.10073054543156,3.0
2025-03-10 13:17:15.031,0.0003179756392394,-25.30091259842211,3.0
2025-03-10 13:17:15.051,0.0002651726423212,-7.367913678533509,3.0
2025-03-10 13:17:15.070,0.0002063518525355,10.4379298838477,3.0
2025-03-10 13:17:15.090,0.0001523328772104,26.95150413083341,3.0
2025-03-10 13:17:15.109,0.0001137383374083,41.27424679178446,3.0
2025-03-10 13:17:15.129,9.82881193967229e-05,52.88858170499108,3.0
2025-03-10 13:17:15.148,0.0001087075043976,61.6942159398445,3.0
2025-03-10 13:17:15.168,0.0001419634577529,67.96008581607607,3.0
2025-03-10 13:17:15.187,0.0001901066465376,72.20294434588942,3.0
2025-03-10 13:17:15.207,0.0002423964499482,75.01967557242699,3.0
2025-03-10 13:17:15.226,0.0002879500611013,76.91154080911008,3.0
2025-03-10 13:17:15.246,0.0003181071729887,78.14148833865384,3.0
2025-03-10 13:17:15.265,0.0003279880663774,78.65895289653967,3.0
2025-03-10 13:17:15.285,0.0003170857903934,78.11119602203028,3.0
2025-03-10 13:17:15.304,0.0002889546118954,75.93951565200705,3.0
2025-03-10 13:17:15.324,0.0002501376162309,71.53759080735178,3.0
2025-03-10 13:17:15.344,0.0002085538653629,64.43330640971557,3.0
2025-03-10 13:17:15.363,0.0001716983365255,54.449046268359936,3.0
2025-03-10 13:17:15.383,0.0001450986062167,41.80056870108755,3.0
2025-03-10 13:17:15.402,0.0001314018634743,27.10982875040663,3.0
2025-03-10 13:17:15.422,0.000130236032062,11.328183875612543,3.0
2025-03-10 13:17:15.441,0.0001387151545247,-4.412493944505143,3.0
2025-03-10 13:17:15.461,0.0001522858266214,-18.98756837761968,3.0
2025-03-10 13:17:15.480,0.0001656288257107,-31.46605470254985,3.0
2025-03-10 13:17:15.500,0.0001734960465792,-41.2579476087334,3.0
2025-03-10 13:17:15.519,0.0001715077599686,-48.19486063192269,3.0
2025-03-10 13:17:15.539,0.0001569191911513,-52.53113995805704,3.0
2025-03-10 13:17:15.558,0.0001292305239548,-54.868499243629465,3.0
2025-03-10 13:17:15.578,9.04328246047361e-05,-56.02110851518955,3.0
2025-03-10 13:17:15.597,4.475987090061643e-05,-56.84767678124133,3.0
2025-03-10 13:17:15.617,-2.0179503316557987e-06,-58.08120647781408,3.0
2025-03-10 13:17:15.636,-4.361698977763794e-05,-60.18573412852871,3.0
2025-03-10 13:17:15.656,-7.444145354037243e-05,-63.26344520274646,3.0
2025-03-10 13:17:15.676,-9.08227823825161e-05,-67.02657409277151,3.0
2025-03-10 13:17:15.695,-9.20600726838032e-05,-70.83807236310503,3.0
2025-03-10 13:17:15.715,-8.090085126607028e-05,-73.81448165586713,3.0
2025-03-10 13:17:15.734,-6.313695488747305e-05,-74.97478928739947,3.0
2025-03-10 13:17:15.754,-4.627808403767296e-05,-73.41120426676345,3.0
2025-03-10 13:17:15.773,-3.7680462649156485e-05,-68.45294110187348,3.0
2025-03-10 13:17:15.793,-4.277934851256564e-05,-59.79368021466784,3.0
2025-03-10 13:17:15.812,-6.400458784166771e-05,-47.55858026463443,3.0
2025-03-10 13:17:15.832,-0.0001006011507177,-32.29756558447635,3.0
2025-03-10 13:17:15.851,-0.0001491903556916,-14.906216140418952,3.0
2025-03-10 13:17:15.871,-0.0002047245169328,3.50960563870548,3.0
2025-03-10 13:17:15.890,-0.0002615373790076,21.798099985508465,3.0
2025-03-10 13:17:15.910,-0.0003143296665513,38.92256255153744,3.0
2025-03-10 13:17:15.929,-0.0003589939730214,54.088517854601584,3.0
2025-03-10 13:17:15.949,-0.000393152463832,66.81390177723345,3.0
2025-03-10 13:17:15.969,-0.000416277615158,76.93122021967783,3.0
2025-03-10 13:17:15.988,-0.0004293995353836,84.525209366964,3.0
2025-03-10 13:17:16.008,-0.0004346066690475,89.82410795738619,3.0
2025-03-10 13:17:16.027,-0.0004346223965997,93.07381442588454,3.0
2025-03-10 13:17:16.047,-0.0004325800055966,94.42862273911688,3.0
2025-03-10 13:17:16.066,-0.0004318519047016,93.88797799289178,3.0
2025-03-10 13:17:16.086,-0.0004356772176894,91.29624421604728,3.0
2025-03-10 13:17:16.105,-0.0004465058094057,86.40495939079214,3.0
2025-03-10 13:17:16.125,-0.0004652891555658,78.97949494189113,3.0
2025-03-10 13:17:16.144,-0.0004911038407333,68.91974774339151,3.0
2025-03-10 13:17:16.164,-0.0005213372844773,56.36109119674273,3.0
2025-03-10 13:17:16.183,-0.0005523365981154,41.72780578306977,3.0
2025-03-10 13:17:16.203,-0.0005802069897601,25.723973970607823,3.0
2025-03-10 13:17:16.222,-0.0006014962473561,9.26208409962709,3.0
2025-03-10 13:17:16.242,-0.000613702692145,-6.656606534023408,3.0
2025-03-10 13:17:16.261,-0.0006156626575224,-21.086076284915425,3.0
2025-03-10 13:17:16.281,-0.0006078117706029,-33.275460238097544,3.0
2025-03-10 13:17:16.301,-0.0005921937698968,-42.777595936451846,3.0
2025-03-10 13:17:16.320,-0.0005720895182102,-49.50550140970185,3.0
2025-03-10 13:17:16.340,-0.0005512904145875,-53.72671872878672,3.0
2025-03-10 13:17:16.359,-0.0005332168496615,-55.99766606635309,3.0
2025-03-10 13:17:16.379,-0.0005201437583047,-57.05116718474886,3.0
2025-03-10 13:17:16.398,-0.0005127190351192,-57.657956828571706,3.0
2025-03-10 13:17:16.418,-0.0005098365782399,-58.48610692183976,3.0
2025-03-10 13:17:16.437,-0.0005088503055483,-59.981098747054205,3.0
2025-03-10 13:17:16.457,-0.0005060963909788,-62.28467868890441,3.0
2025-03-10 13:17:16.476,-0.0004976601820383,-65.20404428482213,3.0
2025-03-10 13:17:16.496,-0.0004802407529586,-68.23555119140589,3.0
2025-03-10 13:17:16.515,-0.000451881271497,-70.63982230163649,3.0
2025-03-10 13:17:16.535,-0.0004123426261149,-71.55825794807575,3.0
2025-03-10 13:17:16.554,-0.0003630409287407,-70.15471803520438,3.0
2025-03-10 13:17:16.574,-0.0003066729000853,-65.76106893367087,3.0
2025-03-10 13:17:16.594,-0.0002467598417323,-58.002426827543786,3.0
2025-03-10 13:17:16.613,-0.000187246028771,-46.87879875622373,3.0
2025-03-10 13:17:16.633,-0.0001320791554802,-32.78568809562157,3.0
2025-03-10 13:17:16.652,-8.460818410249039e-05,-16.467099824294117,3.0
2025-03-10 13:17:16.672,-4.6779972796698935e-05,1.0916660522498205,3.0
2025-03-10 13:17:16.691,-1.836765898349151e-05,18.81054614826339,3.0
2025-03-10 13:17:16.711,3.4175617473229253e-06,35.670502331206805,3.0
2025-03-10 13:17:16.730,2.3689048042124647e-05,50.84630795861568,3.0
2025-03-10 13:17:16.750,4.901524585303604e-05,63.78954962447611,3.0
2025-03-10 13:17:16.769,8.611456717853878e-05,74.24696104483222,3.0
2025-03-10 13:17:16.789,0.0001403986671016,82.21478336272303,3.0
2025-03-10 13:17:16.808,0.0002146449128084,87.84537613004187,3.0
2025-03-10 13:17:16.828,0.0003080590750808,91.33382738637664,3.0
2025-03-10 13:17:16.847,0.0004159811913312,92.81665494391628,3.0
2025-03-10 13:17:16.867,0.0005304294559321,92.3104424588965,3.0
2025-03-10 13:17:16.887,0.0006414917078528,89.70636869589585,3.0
2025-03-10 13:17:16.906,0.0007392881950649,84.82035152915198,3.0
2025-03-10 13:17:16.926,0.0008159946614059,77.48271279313019,3.0
2025-03-10 13:17:16.945,0.0008673865331353,67.64060244303317,3.0
2025-03-10 13:17:16.965,0.0008935563445623,55.443852130605016,3.0
2025-03-10 13:17:16.984,0.0008987333418092,41.290520296200114,3.0
2025-03-10 13:17:17.004,0.0008903441619936,25.819529920867826,3.0
2025-03-10 13:17:17.023,0.0008775425360856,9.850710919621736,3.0
2025-03-10 13:17:17.043,0.0008694629242919,-5.715956476056857,3.0
2025-03-10 13:17:17.062,0.0008735067321544,-20.02192933861498,3.0
2025-03-10 13:17:17.082,0.000894045290336,-32.368652489009584,3.0
2025-03-10 13:17:17.101,0.0009318951440176,-42.31012457595536,3.0
2025-03-10 13:17:17.121,0.0009846876258403,-49.70227253045319,3.0
2025-03-10 13:17:17.140,0.0010479015316731,-54.70138099678222,3.0
2025-03-10 13:17:17.160,0.001116091654395,-57.71465349228194,3.0
2025-03-10 13:17:17.179,0.0011838986860663,-59.31530063832889,3.0
2025-03-10 13:17:17.199,0.001246696382475,-60.14001299163745,3.0
2025-03-10 13:17:17.219,0.0013009696367629,-60.78731528940516,3.0
2025-03-10 13:17:17.238,0.0013445478292689,-61.73174605227217,3.0
2025-03-10 13:17:17.258,0.001376697987011,-63.26290433811859,3.0
2025-03-10 13:17:17.277,0.0013979950336178,-65.45242364744765,3.0
2025-03-10 13:17:17.297,0.0014099390419471,-68.14768442263917,3.0
2025-03-10 13:17:17.316,0.0014144258226741,-70.98927767938454,3.0
2025-03-10 13:17:17.336,0.0014132527549794,-73.44936136588954,3.0
2025-03-10 13:17:17.355,0.001407776825648,-74.88873252468716,3.0
2025-03-10 13:17:17.375,0.0013987108180571,-74.63014943395753,3.0
2025-03-10 13:17:17.394,0.0013859989623598,-72.04325494776562,3.0
2025-03-10 13:17:17.414,0.0013688034275767,-66.63260218231032,3.0
2025-03-10 13:17:17.433,0.0013457247317723,-58.11628215286797,3.0
2025-03-10 13:17:17.453,0.0013153120398169,-46.480808420668446,3.0
2025-03-10 13:17:17.472,0.0012767082176323,-32.00018661152668,3.0
2025-03-10 13:17:17.492,0.0012301026179829,-15.213794456303608,3.0
2025-03-10 13:17:17.512,0.0011766987982049,3.133093701745252,3.0
2025-03-10 13:17:17.531,0.0011181465728113,22.173896220142534,3.0
2025-03-10 13:17:17.551,0.0010556785401351,41.01346034690175,3.0
2025-03-10 13:17:17.570,0.0009893430690185,58.811951823119216,3.0
2025-03-10 13:17:17.590,0.0009176681186926,74.84674820831358,3.0
2025-03-10 13:17:17.609,0.0008378944791182,88.54532896306446,3.0
2025-03-10 13:17:17.629,0.000746699778767,99.4891996650548,3.0
2025-03-10 13:17:17.648,0.0006411707784329,107.39564956597616,3.0
2025-03-10 13:17:17.668,0.0005197056988168,112.08924628584742,3.0
2025-03-10 13:17:17.687,0.0003825591339235,113.4768503206372,3.0
2025-03-10 13:17:17.707,0.0002318656413919,111.5375040291342,3.0
2025-03-10 13:17:17.726,7.114212643726341e-05,106.33209511047856,3.0
2025-03-10 13:17:17.746,-9.55804751751198e-05,98.02919753371776,3.0
2025-03-10 13:17:17.765,-0.0002647405394914,86.93605420439317,3.0
2025-03-10 13:17:17.785,-0.0004340545050541,73.52014071190032,3.0
2025-03-10 13:17:17.805,-0.0006029303688776,58.40833636070101,3.0
2025-03-10 13:17:17.824,-0.0007724262214322,42.35647146937701,3.0
2025-03-10 13:17:17.844,-0.000944844355412,26.18963933252061,3.0
2025-03-10 13:17:17.863,-0.0011230836589403,10.720974218541512,3.0
2025-03-10 13:17:17.883,-0.0013098269891944,-3.337752818591929,3.0
2025-03-10 13:17:17.902,-0.0015066572110521,-15.45724293548598,3.0
2025-03-10 13:17:17.922,-0.0017133076504364,-25.34725726192143,3.0
2025-03-10 13:17:17.941,-0.0019273293440325,-32.976657518095,3.0
2025-03-10 13:17:17.961,-0.0021443635699391,-38.55253764250401,3.0
2025-03-10 13:17:17.980,-0.0023589511738253,-42.46332968333471,3.0
2025-03-10 13:17:18.000,-0.002565556445086,-45.19887056431956,3.0
2025-03-10 13:17:18.019,-0.002759430207208,-47.26489862537985,3.0
2025-03-10 13:17:18.039,-0.0029371161814399,-49.10902281182133,3.0
2025-03-10 13:17:18.058,-0.0030966412222598,-51.07019910148148,3.0
2025-03-10 13:17:18.078,-0.0032375309485794,-53.35593836930372,3.0
2025-03-10 13:17:18.097,-0.003360725364529,-56.04347168959918,3.0
2025-03-10 13:17:18.117,-0.0034683474036013,-59.095475634702034,3.0
2025-03-10 13:17:18.137,-0.0035632419814753,-62.379350661469616,3.0
2025-03-10 13:17:18.156,-0.0036483108544641,-65.68163285581207,3.0
2025-03-10 13:17:18.176,-0.0037258266439272,-68.71463659341181,3.0
2025-03-10 13:17:18.195,-0.003796947627963,-71.11866220117886,3.0
2025-03-10 13:17:18.215,-0.0038615163395495,-72.46767699055356,3.0
2025-03-10 13:17:18.234,-0.0039180457249047,-72.2875158576958,3.0
2025-03-10 13:17:18.254,-0.00396375355112,-70.09276186024242,3.0
2025-03-10 13:17:18.273,-0.0039946225618041,-65.4424131833153,3.0
2025-03-10 13:17:18.293,-0.0040056021475614,-58.00735416972223,3.0
2025-03-10 13:17:18.312,-0.0039910823914174,-47.637264098812494,3.0
2025-03-10 13:17:18.332,-0.0039456471246358,-34.413133389476776,3.0
2025-03-10 13:17:18.351,-0.0038649584224258,-18.674539960027477,3.0
2025-03-10 13:17:18.371,-0.0037465634996954,-1.0166960733614885,3.0
2025-03-10 13:17:18.390,-0.0035904668837953,17.741761915870722,3.0
2025-03-10 13:17:18.410,-0.0033993821200518,36.61540658167154,3.0
2025-03-10 13:17:18.430,-0.003178577542323,54.52687431639782,3.0
2025-03-10 13:17:18.449,-0.0029352021527108,70.39371952326695,3.0
2025-03-10 13:17:18.469,-0.0026770652803408,83.22097594838291,3.0
2025-03-10 13:17:18.488,-0.0024111061161699,92.19241038391267,3.0
2025-03-10 13:17:18.508,-0.0021420655181681,96.75231564565932,3.0
2025-03-10 13:17:18.527,-0.0018718919614098,96.66871217977577,3.0
2025-03-10 13:17:18.547,-0.0016000756432824,92.0686186029138,3.0
2025-03-10 13:17:18.566,-0.001324626960336,83.43728079292417,3.0
2025-03-10 13:17:18.586,-0.0010431530439739,71.57656876322116,3.0
2025-03-10 13:17:18.605,-0.0007536044897911,57.523334824916965,3.0
2025-03-10 13:17:18.625,-0.0004546076614652,42.43557110528256,3.0
2025-03-10 13:17:18.644,-0.0001455539772072,27.460959232439368,3.0
2025-03-10 13:17:18.664,0.0001733910721818,13.60689734732204,3.0
2025-03-10 13:17:18.683,0.0005013603116309,1.632009034329882,3.0
2025-03-10 13:17:18.703,0.0008370095020004,-8.023805675324084,3.0
2025-03-10 13:17:18.722,0.001178849064582,-15.260003878840202,3.0
2025-03-10 13:17:18.742,0.0015254969540438,-20.284494969655185,3.0
2025-03-10 13:17:18.762,0.0018757023961951,-23.538236935168293,3.0
2025-03-10 13:17:18.781,0.0022281979686508,-25.59049133964688,3.0
2025-03-10 13:17:18.801,0.0025816048612112,-27.02510215737149,3.0
2025-03-10 13:17:18.820,0.0029345595353131,-28.339250216165684,3.0
2025-03-10 13:17:18.840,0.0032860031570798,-29.87277711944192,3.0
2025-03-10 13:17:18.859,0.0036354069813762,-31.779035978237083,3.0
2025-03-10 13:17:18.879,0.0039827521655012,-34.0388364232822,3.0
2025-03-10 13:17:18.898,0.0043282787533134,-36.50948690892201,3.0
2025-03-10 13:17:18.918,0.0046721776415878,-38.99339365984223,3.0
2025-03-10 13:17:18.937,0.0050143964169903,-41.306935178192255,3.0
2025-03-10 13:17:18.957,0.0053545916097455,-43.33126656230137,3.0
2025-03-10 13:17:18.976,0.005692110002544,-45.03202647350079,3.0
2025-03-10 13:17:18.996,0.006025844027911,-46.44327624277175,3.0
2025-03-10 13:17:19.015,0.0063539247546608,-47.62040366973532,3.0
2025-03-10 13:17:19.035,0.0066734056230211,-48.57503733332141,3.0
2025-03-10 13:17:19.055,0.0069801869876797,-49.21038668666357,3.0
2025-03-10 13:17:19.074,0.007269343788797,-49.27657274466405,3.0
2025-03-10 13:17:19.094,0.0075358175987023,-48.361958874306254,3.0
2025-03-10 13:17:19.113,0.0077752704162293,-45.928719773796544,3.0
2025-03-10 13:17:19.133,0.0079848550232997,-41.39046193801205,3.0
2025-03-10 13:17:19.152,0.0081637088668869,-34.21912914067571,3.0
2025-03-10 13:17:19.172,0.0083130482313789,-24.060586307793677,3.0
2025-03-10 13:17:19.191,0.0084357859101592,-10.835515337168024,3.0
2025-03-10 13:17:19.211,0.0085356593865063,5.194683656252182,3.0
2025-03-10 13:17:19.230,0.0086159994006024,23.40977021025816,3.0
2025-03-10 13:17:19.250,0.0086784543349017,42.86393592858285,3.0
2025-03-10 13:17:19.269,0.0087220753756346,62.36596081608017,3.0
2025-03-10 13:17:19.289,0.0087430605557896,80.5958654962546,3.0
2025-03-10 13:17:19.308,0.008735200345907,96.24374344081518,3.0
2025-03-10 13:17:19.328,0.008690824225078,108.15380495093956,3.0
2025-03-10 13:17:19.348,0.0086019592574994,115.45525156870846,3.0
2025-03-10 13:17:19.367,0.0084614787614509,117.66208070373278,3.0
2025-03-10 13:17:19.387,0.0082641024256266,114.72704246825772,3.0
2025-03-10 13:17:19.406,0.0080070923918765,107.04100706249972,3.0
2025-03-10 13:17:19.426,0.0076904293445389,95.3774161793242,3.0
2025-03-10 13:17:19.445,0.007316318804102,80.79075302368373,3.0
2025-03-10 13:17:19.465,0.0068881422504292,64.48571534921615,3.0
2025-03-10 13:17:19.484,0.0064092757307793,47.67771758900737,3.0
2025-03-10 13:17:19.504,0.0058822849565831,31.464544031405108,3.0
2025-03-10 13:17:19.523,0.0053087623705191,16.724481275429934,3.0
2025-03-10 13:17:19.543,0.0046896818241188,4.050351187123304,3.0
2025-03-10 13:17:19.562,0.0040259174664596,-6.276539820646717,3.0
2025-03-10 13:17:19.582,0.0033186384049771,-14.27288366777217,3.0
2025-03-10 13:17:19.601,0.0025695069600944,-20.20451772680159,3.0
2025-03-10 13:17:19.621,0.0017807449288473,-24.51046118622956,3.0
2025-03-10 13:17:19.640,0.0009551118853878,-27.71195389577282,3.0
2025-03-10 13:17:19.660,9.577144626038248e-05,-30.32135271897653,3.0
2025-03-10 13:17:19.680,-0.0007939615451231,-32.766067883584526,3.0
2025-03-10 13:17:19.699,-0.0017108954683133,-35.33987058653695,3.0
2025-03-10 13:17:19.719,-0.0026520980202573,-38.18809010789671,3.0
2025-03-10 13:17:19.738,-0.0036148225937181,-41.32568089090166,3.0
2025-03-10 13:17:19.758,-0.0045963260222014,-44.67974395283874,3.0
2025-03-10 13:17:19.777,-0.0055937443959031,-48.142723213207645,3.0
2025-03-10 13:17:19.797,-0.0066040814834403,-51.62053856493601,3.0
2025-03-10 13:17:19.816,-0.0076242247638581,-55.06189637265565,3.0
2025-03-10 13:17:19.836,-0.0086509071650432,-58.46052914963129,3.0
2025-03-10 13:17:19.855,-0.0096806562813015,-61.82989405115977,3.0
2025-03-10 13:17:19.875,-0.0107098581774207,-65.15801128583189,3.0
2025-03-10 13:17:19.894,-0.0117350033733247,-68.35651455435035,3.0
2025-03-10 13:17:19.914,-0.0127530125430725,-71.2207535506065,3.0
2025-03-10 13:17:19.933,-0.0137613905547083,-73.41587868944451,3.0
2025-03-10 13:17:19.953,-0.0147579601653344,-74.49740875409655,3.0
2025-03-10 13:17:19.973,-0.0157401194510229,-73.96533571910201,3.0
2025-03-10 13:17:19.992,-0.0167038528385681,-71.34098655070747,3.0
2025-03-10 13:17:20.012,-0.017642910588438,-66.24878698525217,3.0
2025-03-10 13:17:20.031,-0.0185485096531459,-58.48342176290378,3.0
2025-03-10 13:17:20.051,-0.0194096566795084,-48.04764373028826,3.0
2025-03-10 13:17:20.070,-0.020213980446744,-35.15561133105254,3.0
2025-03-10 13:17:20.090,-0.0209489496621157,-20.2073043624784,3.0
2025-03-10 13:17:20.109,-0.0216034547949246,-3.7468263235442327,3.0
2025-03-10 13:17:20.129,-0.0221697094871293,13.581489156329551,3.0
2025-03-10 13:17:20.148,-0.0226451721754737,31.069914294909054,3.0
2025-03-10 13:17:20.168,-0.0230338703757105,47.9753586163762,3.0
2025-03-10 13:17:20.187,-0.0233464021517766,63.54351673965101,3.0
2025-03-10 13:17:20.207,-0.023598107355234,77.03711232759008,3.0
2025-03-10 13:17:20.226,-0.0238053423521805,87.77469310637485,3.0
2025-03-10 13:17:20.246,-0.0239802810004063,95.1812863479439,3.0
2025-03-10 13:17:20.266,-0.0241251032879568,98.84582981061207,3.0
2025-03-10 13:17:20.285,-0.0242268121172005,98.57530997041816,3.0
2025-03-10 13:17:20.305,-0.0242542059439271,94.43365287906596,3.0
2025-03-10 13:17:20.324,-0.0241585789101577,86.75472585816149,3.0
2025-03-10 13:17:20.344,-0.023879314452339,76.12240063786192,3.0
2025-03-10 13:17:20.363,-0.0233545939434498,63.3157272453366,3.0
2025-03-10 13:17:20.383,-0.0225360861460156,49.2236615477313,3.0
2025-03-10 13:17:20.402,-0.0214050290034264,34.74095584637829,3.0
2025-03-10 13:17:20.422,-0.0199859539490505,20.662967680109595,3.0
2025-03-10 13:17:20.441,-0.0183537828445503,7.599606435528894,3.0
2025-03-10 13:17:20.461,-0.0166303999701909,-4.074473034185722,3.0
2025-03-10 13:17:20.480,-0.0149682465442545,-14.224705989332536,3.0
2025-03-10 13:17:20.500,-0.0135210898058264,-22.91883886737137,3.0
2025-03-10 13:17:20.519,-0.0124057115349984,-30.359003761094225,3.0
2025-03-10 13:17:20.539,-0.0116622088176605,-36.802104478998615,3.0
2025-03-10 13:17:20.558,-0.0112237613274421,-42.48732396343871,3.0
2025-03-10 13:17:20.578,-0.0109076864104379,-47.584725012427,3.0
2025-03-10 13:17:20.598,-0.0104371881523157,-52.170940477707184,3.0
2025-03-10 13:17:20.617,-0.0094969488050433,-56.22967098996224,3.0
2025-03-10 13:17:20.637,-0.0078162150136237,-59.66875494214828,3.0
2025-03-10 13:17:20.656,-0.0052621633461925,-62.34351710016494,3.0
2025-03-10 13:17:20.676,-0.0019172023021648,-64.07801704510058,3.0
2025-03-10 13:17:20.695,0.0018898343639903,-64.68037617267794,3.0
2025-03-10 13:17:20.715,0.0056241020335416,-63.953369849760136,3.0
2025-03-10 13:17:20.734,0.0086687763426596,-61.70472647141112,3.0
2025-03-10 13:17:20.754,0.0105239149110556,-57.761742278404725,3.0
2025-03-10 13:17:20.773,0.0110466753307255,-51.99199625665941,3.0
2025-03-10 13:17:20.793,0.0106756575445211,-44.327664956272095,3.0
2025-03-10 13:17:20.812,0.0105659302202092,-34.78753211347853,3.0
2025-03-10 13:17:20.832,0.0125611294473559,-23.490262595617715,3.0
2025-03-10 13:17:20.851,0.018952584939031,-10.655309723926006,3.0
2025-03-10 13:17:20.871,0.0320242148364577,3.4075965343388543,3.0
2025-03-10 13:17:20.891,0.0534472833604616,18.315670433482627,3.0
2025-03-10 13:17:20.910,0.0836534505082364,33.63123615211768,3.0
2025-03-10 13:17:20.930,0.1213560858221998,48.87681038143323,3.0
2025-03-10 13:17:20.949,0.1633877751997864,63.54618981545471,3.0
2025-03-10 13:17:20.969,0.2049632550603733,77.11338184379898,3.0
2025-03-10 13:17:20.988,0.2403677731204191,89.04252862080756,3.0
2025-03-10 13:17:21.008,0.263945251905692,98.8018343135633,3.0
2025-03-10 13:17:21.027,0.2711686277905696,105.88366917722364,3.0
2025-03-10 13:17:21.047,0.2595496463333491,109.83221481401254,3.0
2025-03-10 13:17:21.066,0.2291845198923592,110.27917160343684,3.0
2025-03-10 13:17:21.086,0.1828111079279142,106.9863952505432,3.0
2025-03-10 13:17:21.105,0.1253517383159425,99.8913363305031,3.0
2025-03-10 13:17:21.125,0.0630219852738518,89.14748482666289,3.0
2025-03-10 13:17:21.144,0.0021876003146818,75.14944667414582,3.0
2025-03-10 13:17:21.164,-0.0517735554330086,58.53256554913442,3.0
2025-03-10 13:17:21.183,-0.0953322356603504,40.14064163670546,3.0
2025-03-10 13:17:21.203,-0.127185314221078,20.961186473770766,3.0
2025-03-10 13:17:21.223,-0.1480826335102825,2.033967309491042,3.0
2025-03-10 13:17:21.242,-0.1601978043326012,-15.65604417183382,3.0
2025-03-10 13:17:21.262,-0.1662610847274909,-31.286429276582066,3.0
2025-03-10 13:17:21.281,-0.168716779150733,-44.28916594033825,3.0
2025-03-10 13:17:21.301,-0.1691285148372625,-54.410936133315325,3.0
2025-03-10 13:17:21.320,-0.1679560104568146,-61.73048938663361,3.0
2025-03-10 13:17:21.340,-0.1647020662618837,-66.62865422634927,3.0
2025-03-10 13:17:21.359,-0.1583188877332768,-69.71485784150704,3.0
2025-03-10 13:17:21.379,-0.1477043541879231,-71.72152894081978,3.0
2025-03-10 13:17:21.398,-0.1321271468141915,-73.38280354395928,3.0
2025-03-10 13:17:21.418,-0.1114808444663268,-75.31568571788702,3.0
2025-03-10 13:17:21.437,-0.0863464257005066,-77.92040573515901,3.0
2025-03-10 13:17:21.457,-0.0579052499476601,-81.3130921338728,3.0
2025-03-10 13:17:21.476,-0.0277725201258969,-85.29919925532309,3.0
2025-03-10 13:17:21.496,0.0021835219391418,-89.39129526488186,3.0
2025-03-10 13:17:21.516,0.0299957008654558,-92.87013594986988,3.0
2025-03-10 13:17:21.535,0.053714167669476,-94.88324218605884,3.0
2025-03-10 13:17:21.555,0.0714982249028759,-94.57016505890653,3.0
2025-03-10 13:17:21.574,0.0817101505275956,-91.1984058738082,3.0
2025-03-10 13:17:21.594,0.0830382321051856,-84.28958098603755,3.0
2025-03-10 13:17:21.613,0.0746663638605292,-73.7137259811594,3.0
2025-03-10 13:17:21.633,0.056486523852341,-59.73249982917572,3.0
2025-03-10 13:17:21.652,0.0293185277946649,-42.98013681771229,3.0
2025-03-10 13:17:21.672,-0.0049326147195745,-24.382852301049912,3.0
2025-03-10 13:17:21.691,-0.043269756842596,-5.029855883827438,3.0
2025-03-10 13:17:21.711,-0.0818196825074267,13.98116403387148,3.0
2025-03-10 13:17:21.730,-0.1162892924792669,31.696215175453755,3.0
2025-03-10 13:17:21.750,-0.1425976194649859,47.427076602838525,3.0
2025-03-10 13:17:21.769,-0.1575465232572266,60.82044352600847,3.0
2025-03-10 13:17:21.789,-0.1593665180655276,71.8606619431397,3.0
2025-03-10 13:17:21.809,-0.1480085146281709,80.80550641357193,3.0
2025-03-10 13:17:21.828,-0.1251260933099986,88.06894535169708,3.0
2025-03-10 13:17:21.848,-0.0937682458904309,94.07757066263268,3.0
2025-03-10 13:17:21.867,-0.0578544744598934,99.13462818569498,3.0
2025-03-10 13:17:21.887,-0.0215322369914995,103.32466034522837,3.0
2025-03-10 13:17:21.906,0.0114684721796309,106.48210706196348,3.0
2025-03-10 13:17:21.926,0.0383651194256095,108.23085209744892,3.0
2025-03-10 13:17:21.945,0.0576375840272479,108.08291915873316,3.0
2025-03-10 13:17:21.965,0.0690772995926312,105.56869564636536,3.0
2025-03-10 13:17:21.984,0.0735874749195404,100.36306285349988,3.0
2025-03-10 13:17:22.004,0.0728111260425364,92.37426769089922,3.0
2025-03-10 13:17:22.023,0.0686937491220669,81.77444756303099,3.0
2025-03-10 13:17:22.043,0.0630832882643154,68.96816016081037,3.0
2025-03-10 13:17:22.062,0.0574410767360207,54.51209270807723,3.0
2025-03-10 13:17:22.082,0.0526974909491811,39.01028669276671,3.0
2025-03-10 13:17:22.101,0.0492472549895437,23.01252955338879,3.0
2025-03-10 13:17:22.121,0.0470502452166891,6.939747398756965,3.0
2025-03-10 13:17:22.141,0.045788921839164,-8.948375616999716,3.0
2025-03-10 13:17:22.160,0.0450336062473088,-24.53903186118261,3.0
2025-03-10 13:17:22.180,0.0443783196941522,-39.81110888295129,3.0
2025-03-10 13:17:22.199,0.0435270398660801,-54.75352857547098,3.0
2025-03-10 13:17:22.219,0.0423271526850197,-69.27660377267435,3.0
2025-03-10 13:17:22.238,0.0407594522234432,-83.13717526463968,3.0
2025-03-10 13:17:22.258,0.0389005765919159,-95.89558001082816,3.0
2025-03-10 13:17:22.277,0.0368746917867369,-106.91636077554892,3.0
2025-03-10 13:17:22.297,0.0348082607799816,-115.4162901084162,3.0
2025-03-10 13:17:22.316,0.0327968889485345,-120.5544783526118,3.0
2025-03-10 13:17:22.336,0.0308881769350107,-121.55173141120804,3.0
2025-03-10 13:17:22.355,0.0290802616795768,-117.8208953759748,3.0
2025-03-10 13:17:22.375,0.0273326900000577,-109.08694050239755,3.0
2025-03-10 13:17:22.394,0.0255844595161989,-95.47521527116628,3.0
2025-03-10 13:17:22.414,0.0237734552248657,-77.54927700799371,3.0
2025-03-10 13:17:22.434,0.0218521923668612,-56.28655731902359,3.0
2025-03-10 13:17:22.453,0.0197966954523554,-32.99035597571975,3.0
2025-03-10 13:17:22.473,0.0176079864073019,-9.148290316677958,3.0
2025-03-10 13:17:22.492,0.0153080652041969,13.742347551988924,3.0
2025-03-10 13:17:22.512,0.0129334873008019,34.355005207756335,3.0
2025-03-10 13:17:22.531,0.0105292924476083,51.69037333462868,3.0
2025-03-10 13:17:22.551,0.008144548660859,65.18183077277583,3.0
2025-03-10 13:17:22.570,0.0058291052780068,74.73026598434205,3.0
2025-03-10 13:17:22.590,0.003630277936892,80.66086504126925,3.0
2025-03-10 13:17:22.609,0.0015885979810779,83.6094116744406,3.0
2025-03-10 13:17:22.629,-0.0002669450761288,84.36030096581007,3.0
2025-03-10 13:17:22.648,-0.0019226510533038,83.66920523138828,3.0
2025-03-10 13:17:22.668,-0.0033813297084984,82.1071315586609,3.0
2025-03-10 13:17:22.687,-0.0046604651572279,79.95802398356828,3.0
2025-03-10 13:17:22.707,-0.0057879661118255,77.18978722967307,3.0
2025-03-10 13:17:22.727,-0.0067968229289057,73.5015284673058,3.0
2025-03-10 13:17:22.746,-0.0077200131745171,68.43236068711026,3.0
2025-03-10 13:17:22.766,-0.0085865561373011,61.50398969145376,3.0
2025-03-10 13:17:22.785,-0.0094190362911445,52.363887711159286,3.0
2025-03-10 13:17:22.805,-0.0102324756135838,40.89886210564228,3.0
2025-03-10 13:17:22.824,-0.0110342464920718,27.29811688936661,3.0
2025-03-10 13:17:22.844,-0.0118247133748733,12.056759626085976,3.0
2025-03-10 13:17:22.863,-0.012598346600932,-4.078149838253364,3.0
2025-03-10 13:17:22.883,-0.0133451064505004,-20.20805154850862,3.0
2025-03-10 13:17:22.902,-0.0140519691580317,-35.41238960144481,3.0
2025-03-10 13:17:22.922,-0.0147045763198155,-48.88525899194322,3.0
2025-03-10 13:17:22.941,-0.0152890767700233,-60.0550049594594,3.0
2025-03-10 13:17:22.961,-0.0157941925923985,-68.66340325614891,3.0
2025-03-10 13:17:22.980,-0.0162133421452932,-74.78623422456903,3.0
2025-03-10 13:17:23.000,-0.0165463879212763,-78.7871947924583,3.0
2025-03-10 13:17:23.019,-0.016800413663729,-81.21099925910303,3.0
2025-03-10 13:17:23.039,-0.0169889971989132,-82.63608193769325,3.0
2025-03-10 13:17:23.059,-0.017129732307208,-83.51847828013673,3.0
2025-03-10 13:17:23.078,-0.0172401446959972,-84.0628023444925,3.0
2025-03-10 13:17:23.098,-0.0173325087037509,-84.15213487243187,3.0
2025-03-10 13:17:23.117,-0.0174083707828897,-83.35664094789205,3.0
2025-03-10 13:17:23.137,-0.0174538741871713,-81.02330761571818,3.0
2025-03-10 13:17:23.156,-0.0174372374232173,-76.43010223494956,3.0
2025-03-10 13:17:23.176,-0.0173097869146676,-68.97149142218832,3.0
2025-03-10 13:17:23.195,-0.0170115392441537,-58.33283099010861,3.0
2025-03-10 13:17:23.215,-0.0164813574497381,-44.611635970524205,3.0
2025-03-10 13:17:23.234,-0.0156703139674614,-28.354830553650007,3.0
2025-03-10 13:17:23.254,-0.0145554836500053,-10.500389098711036,3.0
2025-03-10 13:17:23.273,-0.0131505035465869,7.765685841472491,3.0
2025-03-10 13:17:23.293,-0.0115093448333856,25.206302673945046,3.0
2025-03-10 13:17:23.312,-0.009721086320953,40.74117808988651,3.0
2025-03-10 13:17:23.332,-0.0078959381686699,53.62059412550138,3.0
2025-03-10 13:17:23.352,-0.0061456578567206,63.527870340542414,3.0
2025-03-10 13:17:23.371,-0.0045635864759786,70.58942704644484,3.0
2025-03-10 13:17:23.391,-0.0032096853238163,75.2918091774801,3.0
2025-03-10 13:17:23.410,-0.0021040735789109,78.32552067919801,3.0
2025-03-10 13:17:23.430,-0.0012296645940506,80.39155020258536,3.0
2025-03-10 13:17:23.449,-0.000541864762248,82.01459983076417,3.0
2025-03-10 13:17:23.469,1.8208545633123684e-05,83.4054652905209,3.0
2025-03-10 13:17:23.488,0.0005106554734019,84.4039656044384,3.0
2025-03-10 13:17:23.508,0.0009865296208789,84.51551658088991,3.0
2025-03-10 13:17:23.527,0.0014815604345807,83.03284799098422,3.0
2025-03-10 13:17:23.547,0.0020138017416064,79.21449836661569,3.0
2025-03-10 13:17:23.566,0.0025845172458918,72.47856167369766,3.0
2025-03-10 13:17:23.586,0.0031814710864596,62.56720005471003,3.0
2025-03-10 13:17:23.605,0.0037837996317955,49.64533825261905,3.0
2025-03-10 13:17:23.625,0.004367607766649,34.31307929134386,3.0
2025-03-10 13:17:23.644,0.0049113904130352,17.530820583593446,3.0
2025-03-10 13:17:23.664,0.0054004374341883,0.4737968768741586,3.0
2025-03-10 13:17:23.684,0.005829588285911,-15.654435464863363,3.0
2025-03-10 13:17:23.703,0.0062040117369048,-29.81346430372712,3.0
2025-03-10 13:17:23.723,0.0065379813130651,-41.2860711743947,3.0
2025-03-10 13:17:23.742,0.0068518343893759,-49.77642875159015,3.0
2025-03-10 13:17:23.762,0.0071675176154661,-55.427561153401086,3.0
2025-03-10 13:17:23.781,0.0075034439902287,-58.75473002860585,3.0
2025-03-10 13:17:23.801,0.0078697503332193,-60.5080911208704,3.0
2025-03-10 13:17:23.820,0.0082651950796493,-61.492298417524914,3.0
2025-03-10 13:17:23.840,0.0086766699469692,-62.37963608188372,3.0
2025-03-10 13:17:23.859,0.0090816485630476,-63.554869562043706,3.0
2025-03-10 13:17:23.879,0.0094531042593487,-65.02401312933836,3.0
2025-03-10 13:17:23.898,0.0097657744347199,-66.40675620983367,3.0
2025-03-10 13:17:23.918,0.0100022964081135,-67.0156562529136,3.0
2025-03-10 13:17:23.937,0.0101577513681676,-66.00742053268884,3.0
2025-03-10 13:17:23.957,0.0102415308200946,-62.57603671568901,3.0
2025-03-10 13:17:23.977,0.0102760920986767,-56.14743520582796,3.0
2025-03-10 13:17:23.996,0.0102929072058829,-46.53336456756597,3.0
2025-03-10 13:17:24.016,0.0103265251883943,-34.0094550976776,3.0
2025-03-10 13:17:24.035,0.0104079912591062,-19.29818649662203,3.0
2025-03-10 13:17:24.055,0.0105588104482493,-3.458449355684768,3.0
2025-03-10 13:17:24.074,0.0107863026172779,12.295400342615055,3.0
2025-03-10 13:17:24.094,0.0110808263947701,26.8059539339451,3.0
2025-03-10 13:17:24.113,0.011415172194599,39.17044044463774,3.0
2025-03-10 13:17:24.133,0.0117464354391099,48.88084829873121,3.0
2025-03-10 13:17:24.152,0.0120206709461168,55.87649549167168,3.0
2025-03-10 13:17:24.172,0.0121803481160265,60.49856532725462,3.0
2025-03-10 13:17:24.191,0.0121739709650181,63.35813012965782,3.0
2025-03-10 13:17:24.211,0.0119663669877065,65.1489543735508,3.0
2025-03-10 13:17:24.230,0.0115474700427954,66.44936749368874,3.0
2025-03-10 13:17:24.250,0.0109372745831734,67.56044882425897,3.0
2025-03-10 13:17:24.270,0.0101851287885775,68.41960540853076,3.0
2025-03-10 13:17:24.289,0.0093625542995867,68.61092481469683,3.0
2025-03-10 13:17:24.309,0.0085501383390247,67.47043059616908,3.0
2025-03-10 13:17:24.328,0.00782050587246,64.2611254476968,3.0
2025-03-10 13:17:24.348,0.0072206293383025,58.37537762339621,3.0
2025-03-10 13:17:24.367,0.0067573818852367,49.51545971476435,3.0
2025-03-10 13:17:24.387,0.006389962936354,37.80876484603652,3.0
2025-03-10 13:17:24.406,0.0060315816096465,23.83061770733642,3.0
2025-03-10 13:17:24.426,0.0055609167452382,8.52976235513293,3.0
2025-03-10 13:17:24.445,0.004841939311933,-6.926499005815009,3.0
2025-03-10 13:17:24.465,0.0037491301717157,-21.353853275599928,3.0
2025-03-10 13:17:24.484,0.0021940945114815,-33.75679566003791,3.0
2025-03-10 13:17:24.504,0.0001490011775104,-43.496339031049374,3.0
2025-03-10 13:17:24.523,-0.0023378314506944,-50.38560811589216,3.0
2025-03-10 13:17:24.543,-0.0051383202741088,-54.694363907287496,3.0
2025-03-10 13:17:24.562,-0.0080556512555609,-57.06221929974804,3.0
2025-03-10 13:17:24.582,-0.0108503147131078,-58.33880283269406,3.0
2025-03-10 13:17:24.602,-0.0132784764849254,-59.38364109722397,3.0
2025-03-10 13:17:24.621,-0.0151367900436866,-60.86633305957395,3.0
2025-03-10 13:17:24.641,-0.0163052651994216,-63.1074243218144,3.0
2025-03-10 13:17:24.660,-0.0167791215040786,-65.99248901734171,3.0
2025-03-10 13:17:24.680,-0.0166820580119639,-68.97780846215852,3.0
2025-03-10 13:17:24.699,-0.0162566640296975,-71.18820129637963,3.0
2025-03-10 13:17:24.719,-0.015832180289978,-71.58916237292145,3.0
2025-03-10 13:17:24.738,-0.0157748314229703,-69.19994850911772,3.0
2025-03-10 13:17:24.758,-0.016430253313359,-63.304893896706375,3.0
2025-03-10 13:17:24.777,-0.0180693634210813,-53.61952554147756,3.0
2025-03-10 13:17:24.797,-0.0208471433932534,-40.3767927198696,3.0
2025-03-10 13:17:24.816,-0.0247787681326015,-24.31536247134168,3.0
2025-03-10 13:17:24.836,-0.029731795097801,-6.572589924504725,3.0
2025-03-10 13:17:24.855,-0.0354296897969943,11.495588730595484,3.0
2025-03-10 13:17:24.875,-0.0414622207768253,28.531411425905425,3.0
2025-03-10 13:17:24.895,-0.0473014120219136,43.386097127673686,3.0
2025-03-10 13:17:24.914,-0.0523260108643164,55.28446612582943,3.0
2025-03-10 13:17:24.934,-0.0558610353848184,63.91303511722816,3.0
2025-03-10 13:17:24.953,-0.057239726859374,69.4166832550029,3.0
2025-03-10 13:17:24.973,-0.0558907989097468,72.30715092214751,3.0
2025-03-10 13:17:24.992,-0.0514438321690308,73.30422900130822,3.0
2025-03-10 13:17:25.012,-0.0438332100513602,73.14421389789419,3.0
2025-03-10 13:17:25.031,-0.033371863243175,72.39725692845882,3.0
2025-03-10 13:17:25.051,-0.0207656266950429,71.33386373047884,3.0
2025-03-10 13:17:25.070,-0.007049666081377,69.87071446823892,3.0
2025-03-10 13:17:25.090,0.006551324855781,67.60868652171176,3.0
2025-03-10 13:17:25.109,0.0188133955073527,63.954799463194895,3.0
2025-03-10 13:17:25.129,0.02870975182735,58.29950917118949,3.0
2025-03-10 13:17:25.148,0.0355650772823571,50.20654082900599,3.0
2025-03-10 13:17:25.168,0.0391330916504155,39.568453496083805,3.0
2025-03-10 13:17:25.188,0.0395872172685846,26.68900805130605,3.0
2025-03-10 13:17:25.207,0.0374383797059057,12.271314922829765,3.0
2025-03-10 13:17:25.227,0.0334091093414168,-2.686287961556023,3.0
2025-03-10 13:17:25.246,0.0282969039869901,-17.062904080949586,3.0
2025-03-10 13:17:25.266,0.0228546615409385,-29.817329789926017,3.0
2025-03-10 13:17:25.285,0.0177058984759366,-40.17520057816044,3.0
2025-03-10 13:17:25.305,0.0133011021306476,-47.760637085146215,3.0
2025-03-10 13:17:25.324,0.0099116641995096,-52.644762640404,3.0
2025-03-10 13:17:25.344,0.0076510947833486,-55.30162466095626,3.0
2025-03-10 13:17:25.363,0.0065102376831827,-56.48163803229132,3.0
2025-03-10 13:17:25.383,0.0063938362013369,-57.02968327964416,3.0
2025-03-10 13:17:25.402,0.0071494091779038,-57.68620056278756,3.0
2025-03-10 13:17:25.422,0.0085848904623547,-58.91303344208047,3.0
2025-03-10 13:17:25.441,0.0104773278785593,-60.78085439958154,3.0
2025-03-10 13:17:25.461,0.0125795504401248,-62.94267305574229,3.0
2025-03-10 13:17:25.480,0.0146337965341675,-64.70043916928664,3.0
2025-03-10 13:17:25.500,0.0163998327704053,-65.15237735338978,3.0
2025-03-10 13:17:25.520,0.0176994667446616,-63.39125571262574,3.0
2025-03-10 13:17:25.539,0.0184701748500819,-58.71206267337321,3.0
2025-03-10 13:17:25.559,0.0188109153810656,-50.78447956544768,3.0
2025-03-10 13:17:25.578,0.0189985258075946,-39.752334592148266,3.0
2025-03-10 13:17:25.598,0.0194579616000312,-26.237791452884576,3.0
2025-03-10 13:17:25.617,0.0206834198365487,-11.248848283867057,3.0
2025-03-10 13:17:25.637,0.0231241653039067,3.990257332686333,3.0
2025-03-10 13:17:25.656,0.0270617207735972,18.24998970023069,3.0
2025-03-10 13:17:25.676,0.0325098318803641,30.50430573459223,3.0
2025-03-10 13:17:25.695,0.0391644370820536,40.0955901692914,3.0
2025-03-10 13:17:25.715,0.0464197066014868,46.82418212072592,3.0
2025-03-10 13:17:25.734,0.0534517229664731,50.94671159049887,3.0
2025-03-10 13:17:25.754,0.0593567349873289,53.08550157187313,3.0
2025-03-10 13:17:25.773,0.0633176614831726,54.06833972842842,3.0
2025-03-10 13:17:25.793,0.0647623161272355,54.73119780828297,3.0
2025-03-10 13:17:25.813,0.0634733462703252,55.72381685184836,3.0
2025-03-10 13:17:25.832,0.0596175419220758,57.358090050989205,3.0
2025-03-10 13:17:25.852,0.053682582232536,59.53147038912662,3.0
2025-03-10 13:17:25.871,0.0463380556385255,61.74309109605437,3.0
2025-03-10 13:17:25.891,0.0382639224683885,63.20124531979858,3.0
2025-03-10 13:17:25.910,0.0300008823483031,63.00096987360397,3.0
2025-03-10 13:17:25.930,0.0218670032607229,60.3340969706493,3.0
2025-03-10 13:17:25.949,0.0139580876400826,54.68543423231896,3.0
2025-03-10 13:17:25.969,0.0062180564550238,45.97047321582344,3.0
2025-03-10 13:17:25.988,-0.0014570112771442,34.582505297865296,3.0
2025-03-10 13:17:26.008,-0.0091238681112968,21.337548695579105,3.0
2025-03-10 13:17:26.027,-0.0167381996748503,7.328938018565516,3.0
2025-03-10 13:17:26.047,-0.0241529837636979,-6.276132332700303,3.0
2025-03-10 13:17:26.066,-0.0311598277104771,-18.453204229170947,3.0
2025-03-10 13:17:26.086,-0.0375526829728157,-28.50307036419066,3.0
2025-03-10 13:17:26.105,-0.0431923166606078,-36.1609520849507,3.0
2025-03-10 13:17:26.125,-0.0480547488028058,-41.60931592418165,3.0
2025-03-10 13:17:26.145,-0.0522530717549859,-45.39236755307439,3.0
2025-03-10 13:17:26.164,-0.0560277491194023,-48.25181500218684,3.0
2025-03-10 13:17:26.184,-0.0597052662286338,-50.92095899069944,3.0
2025-03-10 13:17:26.203,-0.0636292152954599,-53.92368109133807,3.0
2025-03-10 13:17:26.223,-0.0680726089508328,-57.424236703545965,3.0
2025-03-10 13:17:26.242,-0.0731460988649367,-61.162881640380526,3.0
2025-03-10 13:17:26.262,-0.0787224648741344,-64.4934378967848,3.0
2025-03-10 13:17:26.281,-0.084399963889842,-66.51591112266594,3.0
2025-03-10 13:17:26.301,-0.0895228309493368,-66.27528941703643,3.0
2025-03-10 13:17:26.320,-0.0932657363907341,-62.98189115005689,3.0
2025-03-10 13:17:26.340,-0.0947726852522531,-56.2031942172069,3.0
2025-03-10 13:17:26.359,-0.0933240981906883,-45.98366678098865,3.0
2025-03-10 13:17:26.379,-0.0884936559127924,-32.86615688165199,3.0
2025-03-10 13:17:26.398,-0.0802538246403524,-17.81127119552295,3.0
2025-03-10 13:17:26.418,-0.0689996157552281,-2.033782683308489,3.0
2025-03-10 13:17:26.438,-0.0554835419933037,13.207916106474071,3.0
2025-03-10 13:17:26.457,-0.0406823644799485,26.82502394087028,3.0
2025-03-10 13:17:26.477,-0.0256343859592634,38.07098400416125,3.0
2025-03-10 13:17:26.496,-0.0112867833871033,46.639748487252746,3.0
2025-03-10 13:17:26.516,0.001619584789088,52.67149060925357,3.0
2025-03-10 13:17:26.535,0.0126146431844555,56.6666306642997,3.0
2025-03-10 13:17:26.555,0.021510004481807,59.32785633254509,3.0
2025-03-10 13:17:26.574,0.0283612258967509,61.36472994821189,3.0
2025-03-10 13:17:26.594,0.0333939553364268,63.303446162779686,3.0
2025-03-10 13:17:26.613,0.0369135914987852,65.34354980333954,3.0
2025-03-10 13:17:26.633,0.0392216071813481,67.2937984227751,3.0
2025-03-10 13:17:26.652,0.0405589453615172,68.60249223240646,3.0
2025-03-10 13:17:26.672,0.0410875396053106,68.47678996304691,3.0
2025-03-10 13:17:26.691,0.0409076903330553,66.06526534484705,3.0
2025-03-10 13:17:26.711,0.0400970574752942,60.66304180044258,3.0
2025-03-10 13:17:26.731,0.0387517535668406,51.8931951546157,3.0
2025-03-10 13:17:26.750,0.0370129518476744,39.82348952022538,3.0
2025-03-10 13:17:26.770,0.0350704757919874,24.992663138402985,3.0
2025-03-10 13:17:26.789,0.0331435466324482,8.341351784907891,3.0
2025-03-10 13:17:26.809,0.0314454484609311,-8.93617290784872,3.0
2025-03-10 13:17:26.828,0.0301425429455303,-25.586968981414472,3.0
2025-03-10 13:17:26.848,0.0293190027497587,-40.500185094715086,3.0
2025-03-10 13:17:26.867,0.0289571188103183,-52.87307660516643,3.0
2025-03-10 13:17:26.887,0.0289391366137316,-62.310144183219606,3.0
2025-03-10 13:17:26.906,0.0290706641504901,-68.8377557753908,3.0
2025-03-10 13:17:26.926,0.0291194050749527,-72.83431873397991,3.0
2025-03-10 13:17:26.945,0.0288588772776276,-74.89356526016529,3.0
2025-03-10 13:17:26.965,0.0281065640386764,-75.65237665790056,3.0
2025-03-10 13:17:26.984,0.0267492110052719,-75.6219471245957,3.0
2025-03-10 13:17:27.004,0.0247528655146891,-75.06022211571728,3.0
2025-03-10 13:17:27.023,0.0221597417976445,-73.91425266657889,3.0
2025-03-10 13:17:27.043,0.0190766911260401,-71.84505310338743,3.0
2025-03-10 13:17:27.063,0.0156604182329834,-68.32817942475234,3.0
2025-03-10 13:17:27.082,0.0121029463513379,-62.80519629093449,3.0
2025-03-10 13:17:27.102,0.0086181971931701,-54.84918992479763,3.0
2025-03-10 13:17:27.121,0.0054281739010919,-44.30483754876852,3.0
2025-03-10 13:17:27.141,0.0027461673622961,-31.370842568867385,3.0
2025-03-10 13:17:27.160,0.0007551767646482,-16.60719565523444,3.0
2025-03-10 13:17:27.180,-0.0004178181736092,-0.8670564384832347,3.0
2025-03-10 13:17:27.199,-0.0007278151966277,14.831494600304074,3.0
2025-03-10 13:17:27.219,-0.0002312371369176,29.46772355168887,3.0
2025-03-10 13:17:27.238,0.000908866358813,42.182878754609376,3.0
2025-03-10 13:17:27.258,0.0024376832582348,52.41515074425322,3.0
2025-03-10 13:17:27.277,0.0040442816615355,59.97760292524539,3.0
2025-03-10 13:17:27.297,0.0054118000788676,65.06156603428198,3.0
2025-03-10 13:17:27.316,0.0062703902961352,68.1623439561079,3.0
2025-03-10 13:17:27.336,0.0064401155402241,69.94071826554726,3.0
2025-03-10 13:17:27.356,0.0058549051702981,71.04895525109806,3.0
2025-03-10 13:17:27.375,0.0045647030320798,71.95974676428676,3.0
2025-03-10 13:17:27.395,0.0027180826255521,72.83776615078739,3.0
2025-03-10 13:17:27.414,0.0005307317322668,73.48536508903058,3.0
2025-03-10 13:17:27.434,-0.0017533343071825,73.37779786526426,3.0
2025-03-10 13:17:27.453,-0.0039007241947238,71.7827036499024,3.0
2025-03-10 13:17:27.473,-0.0057214501935028,67.93819086880295,3.0
2025-03-10 13:17:27.492,-0.0070908774571384,61.248825809989214,3.0
2025-03-10 13:17:27.512,-0.0079585450628858,51.453261478460064,3.0
2025-03-10 13:17:27.531,-0.0083441551365329,38.72309750211978,3.0
2025-03-10 13:17:27.551,-0.0083232867970902,23.668738060321125,3.0
2025-03-10 13:17:27.570,-0.0080068385653996,7.250396432704839,3.0
2025-03-10 13:17:27.590,-0.007518587686285,-9.384996802286372,3.0
2025-03-10 13:17:27.609,-0.0069746107572013,-25.103312446639716,3.0
2025-03-10 13:17:27.629,-0.0064669642806644,-38.97429972779232,3.0
2025-03-10 13:17:27.649,-0.0060525223091214,-50.41297325372594,3.0
2025-03-10 13:17:27.668,-0.0057467572189039,-59.24279649616041,3.0
2025-03-10 13:17:27.688,-0.0055218309185742,-65.6704087856472,3.0
2025-03-10 13:17:27.707,-0.0053086208728182,-70.18113839997231,3.0
2025-03-10 13:17:27.727,-0.0050029723629024,-73.38125002076258,3.0
2025-03-10 13:17:27.746,-0.0044771119771974,-75.82360871227975,3.0
2025-03-10 13:17:27.766,-0.0035973017404705,-77.85619000514188,3.0
2025-03-10 13:17:27.785,-0.0022481256763396,-79.52704574120851,3.0
2025-03-10 13:17:27.805,-0.0003621989684647,-80.56604628004894,3.0
2025-03-10 13:17:27.824,0.0020482583090275,-80.4458111523968,3.0
2025-03-10 13:17:27.844,0.0048641911273196,-78.50597002381848,3.0
2025-03-10 13:17:27.863,0.0078451617687824,-74.11097138328665,3.0
2025-03-10 13:17:27.883,0.0106362650876039,-66.80571920243166,3.0
2025-03-10 13:17:27.902,0.0128029125723448,-56.43642026218757,3.0
2025-03-10 13:17:27.922,0.0138942395406206,-43.2140927147724,3.0
2025-03-10 13:17:27.941,0.0135276630623869,-27.7111939444932,3.0
2025-03-10 13:17:27.961,0.0114783285913909,-10.79408965800387,3.0
2025-03-10 13:17:27.981,0.0077509309704618,6.496112509779148,3.0
2025-03-10 13:17:28.000,0.002611079480342,23.09447212569893,3.0
2025-03-10 13:17:28.020,-0.003438860891032,38.0696521791955,3.0
2025-03-10 13:17:28.039,-0.0097396374994874,50.75982216699438,3.0
2025-03-10 13:17:28.059,-0.0155936407611247,60.86004772221918,3.0
2025-03-10 13:17:28.078,-0.0203923490046047,68.4408235441744,3.0
2025-03-10 13:17:28.098,-0.023720219349216,73.8899869556671,3.0
2025-03-10 13:17:28.117,-0.0254108232716228,77.78684108875984,3.0
2025-03-10 13:17:28.137,-0.0255463939791172,80.73388689687934,3.0
2025-03-10 13:17:28.156,-0.024407995583922,83.1834231103644,3.0
2025-03-10 13:17:28.176,-0.0223947437623574,85.29978115958902,3.0
2025-03-10 13:17:28.195,-0.019934557962822,86.89163905315691,3.0
2025-03-10 13:17:28.215,-0.0174065026770773,87.43372690337195,3.0
2025-03-10 13:17:28.234,-0.0150881795613606,86.17656875338088,3.0
2025-03-10 13:17:28.254,-0.0131334758763683,82.32154604780472,3.0
2025-03-10 13:17:28.274,-0.0115784873436514,75.22189633296739,3.0
2025-03-10 13:17:28.293,-0.0103681139449008,64.56283641258682,3.0
2025-03-10 13:17:28.313,-0.0093933159228398,50.47813404997974,3.0
2025-03-10 13:17:28.332,-0.0085291887170532,33.57522913630941,3.0
2025-03-10 13:17:28.352,-0.0076661945556677,14.8623778466221,3.0
2025-03-10 13:17:28.371,-0.0067301158565658,-4.406499419880146,3.0
2025-03-10 13:17:28.391,-0.005689624316519,-22.93591767079468,3.0
2025-03-10 13:17:28.410,-0.0045530793096805,-39.5988278646126,3.0
2025-03-10 13:17:28.430,-0.0033578869608093,-53.60897510623976,3.0
2025-03-10 13:17:28.449,-0.0021563844141646,-64.6203746415916,3.0
2025-03-10 13:17:28.469,-0.0010019290241474,-72.73412673243169,3.0
2025-03-10 13:17:28.488,6.203613043144066e-05,-78.41251933775342,3.0
2025-03-10 13:17:28.508,0.0010083907320442,-82.32039522794658,3.0
2025-03-10 13:17:28.527,0.0018279275467235,-85.12976912679432,3.0
2025-03-10 13:17:28.547,0.0025268949386437,-87.33202447248703,3.0
2025-03-10 13:17:28.567,0.0031219560654411,-89.10061322925185,3.0
2025-03-10 13:17:28.586,0.0036342641245982,-90.23602765404377,3.0
2025-03-10 13:17:28.606,0.0040841575060629,-90.20610923172308,3.0
2025-03-10 13:17:28.625,0.0044874899739472,-88.27259723237995,3.0
2025-03-10 13:17:28.645,0.0048540035320465,-83.67444475396816,3.0
2025-03-10 13:17:28.664,0.005187583732998,-75.82506154509394,3.0
2025-03-10 13:17:28.684,0.0054878298425549,-64.47792637416156,3.0
2025-03-10 13:17:28.703,0.0057521871934699,-49.823588420962125,3.0
2025-03-10 13:17:28.723,0.0059779288269984,-32.49809888052629,3.0
2025-03-10 13:17:28.742,0.0061634973054793,-13.503150895821696,3.0
2025-03-10 13:17:28.762,0.0063090365223123,5.943654145981161,3.0
2025-03-10 13:17:28.781,0.0064162355019287,24.59736102694888,3.0
2025-03-10 13:17:28.801,0.0064877798701799,41.37597976523856,3.0
2025-03-10 13:17:28.820,0.0065267440271756,55.51600162405193,3.0
2025-03-10 13:17:28.840,0.0065361855646521,66.66316478329696,3.0
2025-03-10 13:17:28.859,0.0065190508023329,74.88075948385068,3.0
2025-03-10 13:17:28.879,0.0064783073678836,80.57419766446088,3.0
2025-03-10 13:17:28.899,0.0064170721615943,84.34832623284456,3.0
2025-03-10 13:17:28.918,0.0063384946466959,86.8290856411985,3.0
2025-03-10 13:17:28.938,0.0062453070930791,88.4897524505513,3.0
2025-03-10 13:17:28.957,0.0061391776869318,89.52163740029131,3.0
2025-03-10 13:17:28.977,0.0060201552600204,89.77935674573192,3.0
2025-03-10 13:17:28.996,0.0058864813891675,88.81362721863185,3.0
2025-03-10 13:17:29.016,0.0057348874066642,85.98392901837099,3.0
2025-03-10 13:17:29.035,0.0055612950339369,80.62444287726416,3.0
2025-03-10 13:17:29.055,0.0053617123946749,72.22433911851641,3.0
2025-03-10 13:17:29.074,0.0051331137930215,60.581041276169145,3.0
2025-03-10 13:17:29.094,0.0048741667262985,45.89282121929595,3.0
2025-03-10 13:17:29.113,0.0045857294761449,28.77212279176345,3.0
2025-03-10 13:17:29.133,0.0042710470408071,10.178543309990696,3.0
2025-03-10 13:17:29.152,0.0039355649072324,-8.714065549694045,3.0
2025-03-10 13:17:29.172,0.0035863220644199,-26.69087745489386,3.0
2025-03-10 13:17:29.192,0.0032309941220121,-42.67820928224193,3.0
2025-03-10 13:17:29.211,0.0028767841455777,-55.90162200286,3.0
2025-03-10 13:17:29.231,0.0025294172290632,-65.99058804466112,3.0
2025-03-10 13:17:29.250,0.0021924442870666,-73.0088015598937,3.0
2025-03-10 13:17:29.270,0.0018669523014532,-77.40242592345152,3.0
2025-03-10 13:17:29.289,0.0015517025792671,-79.87466822261472,3.0
2025-03-10 13:17:29.309,0.0012437114350794,-81.21072531296458,3.0
2025-03-10 13:17:29.328,0.0009392926686633,-82.08859047708762,3.0
2025-03-10 13:17:29.348,0.000635502606245,-82.91548165809508,3.0
2025-03-10 13:17:29.367,0.0003317438043208,-83.72543697693041,3.0
2025-03-10 13:17:29.387,3.109974408583395e-05,-84.16152075459436,3.0
2025-03-10 13:17:29.406,-0.0002590678580811,-83.54842804121749,3.0
2025-03-10 13:17:29.426,-0.0005275886106494,-81.04166176800814,3.0
2025-03-10 13:17:29.445,-0.0007611029734597,-75.82209617714892,3.0
2025-03-10 13:17:29.465,-0.0009466341199383,-67.29371195662213,3.0
2025-03-10 13:17:29.484,-0.0010746325401921,-55.24064087052325,3.0
2025-03-10 13:17:29.504,-0.0011417812354214,-39.90840989160239,3.0
2025-03-10 13:17:29.524,-0.0011527689503121,-21.991678987128815,3.0
2025-03-10 13:17:29.543,-0.0011204051264434,-2.5324335788529924,3.0
2025-03-10 13:17:29.563,-0.001063859164863,17.24719433168822,3.0
2025-03-10 13:17:29.582,-0.0010053369189528,36.13958724878104,3.0
2025-03-10 13:17:29.602,-0.0009659709549931,53.13151264594018,3.0
2025-03-10 13:17:29.621,-0.0009619185350547,67.53217345023876,3.0
2025-03-10 13:17:29.641,-0.0010015637211066,79.02556111485303,3.0
2025-03-10 13:17:29.660,-0.001084399940682,87.64116555219945,3.0
2025-03-10 13:17:29.680,-0.0012017778465138,93.65578943249912,3.0
2025-03-10 13:17:29.699,-0.0013393117892251,97.45446640518934,3.0
2025-03-10 13:17:29.719,-0.0014803610830994,99.38680313795416,3.0
2025-03-10 13:17:29.738,-0.0016097181873637,99.65449703180268,3.0
2025-03-10 13:17:29.758,-0.001716581250966,98.25644992668828,3.0
2025-03-10 13:17:29.777,-0.0017961174081575,95.0021711719589,3.0
2025-03-10 13:17:29.797,-0.0018493544686962,89.58627512166257,3.0
2025-03-10 13:17:29.817,-0.0018816305409002,81.70186662396155,3.0
2025-03-10 13:17:29.836,-0.0019002305228114,71.1626530378937,3.0
2025-03-10 13:17:29.856,-0.001912004192448,58.00434062346815,3.0
2025-03-10 13:17:29.875,-0.0019216416005631,42.54361403767341,3.0
2025-03-10 13:17:29.895,-0.0019309562267727,25.38393273043364,3.0
2025-03-10 13:17:29.914,-0.0019391393244917,7.367856447753063,3.0
2025-03-10 13:17:29.934,-0.0019436398531118,-10.516083644196408,3.0
2025-03-10 13:17:29.953,-0.0019411959789925,-27.257700636304147,3.0
2025-03-10 13:17:29.973,-0.0019286238623986,-41.961568846683285,3.0
2025-03-10 13:17:29.992,-0.0019031838856077,-53.97315315428439,3.0
2025-03-10 13:17:30.012,-0.0018625629830703,-62.97158493639871,3.0
2025-03-10 13:17:30.031,-0.0018046449042762,-69.00949728827358,3.0
2025-03-10 13:17:30.051,-0.0017272854301504,-72.48868332863638,3.0
2025-03-10 13:17:30.070,-0.001628290166451,-74.07247719365353,3.0
2025-03-10 13:17:30.090,-0.0015057036702595,-74.54888455274516,3.0
2025-03-10 13:17:30.110,-0.0013583729468661,-74.66925221706077,3.0
2025-03-10 13:17:30.129,-0.0011866189260903,-74.99304263940726,3.0
2025-03-10 13:17:30.149,-0.0009928075852968,-75.76888621492859,3.0
2025-03-10 13:17:30.168,-0.0007816533089428,-76.87579673273909,3.0
2025-03-10 13:17:30.188,-0.0005601560542898,-77.83759657688131,3.0
2025-03-10 13:17:30.207,-0.0003371347996657,-77.91014324948762,3.0
2025-03-10 13:17:30.227,-0.0001223737322486,-76.22705638457336,3.0
2025-03-10 13:17:30.246,7.454098316843851e-05,-71.97758702269685,3.0
2025-03-10 13:17:30.266,0.0002455412225813,-64.58235097786934,3.0
2025-03-10 13:17:30.285,0.0003853230239988,-53.83098568281857,3.0
2025-03-10 13:17:30.305,0.00049223326751,-39.95175551023781,3.0
2025-03-10 13:17:30.324,0.0005685171519738,-23.596506337439827,3.0
2025-03-10 13:17:30.344,0.0006197485969584,-5.742741096959557,3.0
2025-03-10 13:17:30.363,0.0006534707896847,12.46641735084138,3.0
2025-03-10 13:17:30.383,0.000677330352019,29.90906563688686,3.0
2025-03-10 13:17:30.402,0.0006971885727124,45.65679310126056,3.0
2025-03-10 13:17:30.422,0.0007157327461107,59.095076012428,3.0
2025-03-10 13:17:30.442,0.0007319610688733,69.96747150861017,3.0
2025-03-10 13:17:30.461,0.0007416478021406,78.33780931841399,3.0
2025-03-10 13:17:30.481,0.0007386356555622,84.4840848080886,3.0
2025-03-10 13:17:30.500,0.0007166322627789,88.75369477231443,3.0
2025-03-10 13:17:30.520,0.0006711072159135,91.41836842665168,3.0
2025-03-10 13:17:30.539,0.0006008673851186,92.56654644541211,3.0
2025-03-10 13:17:30.559,0.0005089276907024,92.06101966298117,3.0
2025-03-10 13:17:30.578,0.0004024007432585,89.57258190329757,3.0
2025-03-10 13:17:30.598,0.0002913063582013,84.68051777666285,3.0
2025-03-10 13:17:30.617,0.0001864467665948,77.01329748168344,3.0
2025-03-10 13:17:30.637,9.676553295322818e-05,66.39279801433572,3.0
2025-03-10 13:17:30.656,2.682386553707129e-05,52.94535392272448,3.0
2025-03-10 13:17:30.676,-2.4901133784071428e-05,37.15221254984954,3.0
2025-03-10 13:17:30.695,-6.63194261428528e-05,19.826890867260385,3.0
2025-03-10 13:17:30.715,-0.0001103808065504,2.022960301768635,3.0
2025-03-10 13:17:30.735,-0.0001722748874228,-15.110499407576718,3.0
2025-03-10 13:17:30.754,-0.0002658066545726,-30.49882436803858,3.0
2025-03-10 13:17:30.774,-0.0003998407227922,-43.30513444115876,3.0
2025-03-10 13:17:30.793,-0.0005757249253465,-53.05559931404427,3.0
2025-03-10 13:17:30.813,-0.0007863917722201,-59.70130637956362,3.0
2025-03-10 13:17:30.832,-0.0010174747316756,-63.603066159212304,3.0
2025-03-10 13:17:30.852,-0.0012503401806755,-65.44048182763117,3.0
2025-03-10 13:17:30.871,-0.0014664847625251,-66.06175559104072,3.0
2025-03-10 13:17:30.891,-0.0016523746952853,-66.30267551436327,3.0
2025-03-10 13:17:30.910,-0.001803618420312,-66.80955237738758,3.0
2025-03-10 13:17:30.930,-0.0019274073356343,-67.90044178627659,3.0
2025-03-10 13:17:30.949,-0.0020423953031182,-69.49204997825512,3.0
2025-03-10 13:17:30.969,-0.0021755804612052,-71.10764922591032,3.0
2025-03-10 13:17:30.988,-0.0023562849854341,-71.96623305472431,3.0
2025-03-10 13:17:31.008,-0.0026079578242917,-71.13755302139471,3.0
2025-03-10 13:17:31.028,-0.0029391665400323,-67.73429317973083,3.0
2025-03-10 13:17:31.047,-0.0033356675636543,-61.104074594664006,3.0
2025-03-10 13:17:31.067,-0.0037556964211151,-50.98241182392197,3.0
2025-03-10 13:17:31.086,-0.0041304718162512,-37.57428756214677,3.0
2025-03-10 13:17:31.106,-0.004371257233724,-21.54604406426581,3.0
2025-03-10 13:17:31.125,-0.0043830912375562,-3.928089952945645,3.0
2025-03-10 13:17:31.145,-0.004083554284014,14.051856099154424,3.0
2025-03-10 13:17:31.164,-0.0034230591070292,31.17029904604522,3.0
2025-03-10 13:17:31.184,-0.0024017499964211,46.40241382287029,3.0
2025-03-10 13:17:31.203,-0.001077829293834,59.06958780956564,3.0
2025-03-10 13:17:31.223,0.0004364854926201,68.91077877685187,3.0
2025-03-10 13:17:31.242,0.0019920325560428,76.06497065996085,3.0
2025-03-10 13:17:31.262,0.0034293421700406,80.97107911662069,3.0
2025-03-10 13:17:31.281,0.0046079883075064,84.20935066251346,3.0
2025-03-10 13:17:31.301,0.0054308891535965,86.32101197539058,3.0
2025-03-10 13:17:31.320,0.0058577787218647,87.64791529920058,3.0
2025-03-10 13:17:31.340,0.0059057974132065,88.2298301917975,3.0
2025-03-10 13:17:31.360,0.0056388565226989,87.78429635589622,3.0
2025-03-10 13:17:31.379,0.005149893503847,85.77498467447971,3.0
2025-03-10 13:17:31.399,0.0045409802455858,81.55342485404122,3.0
2025-03-10 13:17:31.418,0.0039057055060913,74.540824127706,3.0
2025-03-10 13:17:31.438,0.0033168196046539,64.40634708040987,3.0
2025-03-10 13:17:31.457,0.0028203515525182,51.19871166513543,3.0
2025-03-10 13:17:31.477,0.0024357700538356,35.39930302812346,3.0
2025-03-10 13:17:31.496,0.0021605999840976,17.88394277188896,3.0
2025-03-10 13:17:31.516,0.0019773745976804,-0.1984143021809524,3.0
2025-03-10 13:17:31.535,0.0018608767149304,-17.60388494364971,3.0
2025-03-10 13:17:31.555,0.001784157777733,-33.19167190128825,3.0
2025-03-10 13:17:31.574,0.0017226057496834,-46.10235177297671,3.0
2025-03-10 13:17:31.594,0.0016561037276383,-55.88252072820741,3.0
2025-03-10 13:17:31.613,0.0015698417273699,-62.53373688821341,3.0
2025-03-10 13:17:31.633,0.0014544696102004,-66.4789803887673,3.0
2025-03-10 13:17:31.653,0.0013060332128545,-68.45538308948773,3.0
2025-03-10 13:17:31.672,0.0011257421547864,-69.35489955830822,3.0
2025-03-10 13:17:31.692,0.0009193743524822,-70.0428699815932,3.0
2025-03-10 13:17:31.711,0.0006961672368981,-71.18708049957418,3.0
2025-03-10 13:17:31.731,0.0004672767558212,-73.12700155638316,3.0
2025-03-10 13:17:31.750,0.0002440961007383,-75.80527915270086,3.0
2025-03-10 13:17:31.770,3.677661782510984e-05,-78.77273996924056,3.0
2025-03-10 13:17:31.789,-0.0001468095624983,-81.26586641070554,3.0
2025-03-10 13:17:31.809,-0.0003015728452755,-82.34359811730214,3.0
2025-03-10 13:17:31.828,-0.0004251943767203,-81.06001911771837,3.0
2025-03-10 13:17:31.848,-0.0005176994006225,-76.6425773843506,3.0
2025-03-10 13:17:31.867,-0.0005807892762717,-68.64351564838276,3.0
2025-03-10 13:17:31.887,-0.0006171535090503,-57.03629931180896,3.0
2025-03-10 13:17:31.906,-0.0006299703896054,-42.238942171913024,3.0
2025-03-10 13:17:31.926,-0.0006227079553262,-25.06038685636183,3.0
2025-03-10 13:17:31.945,-0.0005991755375522,-6.581092657028966,3.0
2025-03-10 13:17:31.965,-0.000563641605285,12.008908270197944,3.0
2025-03-10 13:17:31.985,-0.0005208301182305,29.584319824548583,3.0
2025-03-10 13:17:32.004,-0.0004757311402924,45.2398520979232,3.0
2025-03-10 13:17:32.024,-0.0004332919411815,58.39884636929608,3.0
2025-03-10 13:17:32.043,-0.0003980908244389,68.85577235166404,3.0
2025-03-10 13:17:32.063,-0.0003740487820583,76.74496251825362,3.0
2025-03-10 13:17:32.082,-0.0003641796049452,82.4423404755899,3.0
2025-03-10 13:17:32.102,-0.00037036776144,86.4214509434616,3.0
2025-03-10 13:17:32.121,-0.0003931929143471,89.09642891596918,3.0
2025-03-10 13:17:32.141,-0.0004318565976156,90.68929381077436,3.0
2025-03-10 13:17:32.160,-0.0004842708453918,91.1549803839276,3.0
2025-03-10 13:17:32.180,-0.0005473226626764,90.18479880805572,3.0
2025-03-10 13:17:32.199,-0.000617261651683,87.29000453121839,3.0
2025-03-10 13:17:32.219,-0.0006901293479763,81.94645688274232,3.0
2025-03-10 13:17:32.238,-0.0007621757400586,73.76461280810848,3.0
2025-03-10 13:17:32.258,-0.0008302409276091,62.641348248530136,3.0
2025-03-10 13:17:32.278,-0.0008920708913892,48.85389614074168,3.0
2025-03-10 13:17:32.297,-0.0009465032601983,33.07059026975901,3.0
2025-03-10 13:17:32.317,-0.0009934458924353,16.273887634996786,3.0
2025-03-10 13:17:32.336,-0.0010335991033251,-0.3876474906525237,3.0
2025-03-10 13:17:32.356,-0.0010679444555953,-15.785663598866623,3.0
2025-03-10 13:17:32.375,-0.0010971214213397,-28.99654264898507,3.0
2025-03-10 13:17:32.395,-0.0011208870884379,-39.44613167071002,3.0
2025-03-10 13:17:32.414,-0.0011378568321777,-46.98673466129203,3.0
2025-03-10 13:17:32.434,-0.001145650498115,-51.89336539702467,3.0
2025-03-10 13:17:32.453,-0.0011414406094145,-54.78260098389732,3.0
2025-03-10 13:17:32.473,-0.0011227531962434,-56.47182745194527,3.0
2025-03-10 13:17:32.492,-0.0010882687945972,-57.80675346127202,3.0
2025-03-10 13:17:32.512,-0.0010383708388817,-59.48943207984316,3.0
2025-03-10 13:17:32.531,-0.0009752960927315,-61.93750948067749,3.0
2025-03-10 13:17:32.551,-0.0009028858501405,-65.19884609437855,3.0
2025-03-10 13:17:32.571,-0.0008260257287428,-68.93550435384248,3.0
2025-03-10 13:17:32.590,-0.0007498706726049,-72.47910766622168,3.0
2025-03-10 13:17:32.610,-0.0006789345633134,-74.94748412535148,3.0
2025-03-10 13:17:32.629,-0.0006161460990938,-75.40195331697105,3.0
2025-03-10 13:17:32.649,-0.0005620467047705,-73.01717830870001,3.0
2025-03-10 13:17:32.668,-0.0005143737404455,-67.23271929553813,3.0
2025-03-10 13:17:32.688,-0.0004682427912704,-57.8584738715004,3.0
2025-03-10 13:17:32.707,-0.0004169809324468,-45.11522126922694,3.0
2025-03-10 13:17:32.727,-0.0003534394220785,-29.60490054026736,3.0
2025-03-10 13:17:32.746,-0.0002714540398861,-12.219679591267038,3.0
2025-03-10 13:17:32.766,-0.0001671048886889,5.9896100679445725,3.0
2025-03-10 13:17:32.785,-3.954075815122291e-05,23.95912848333189,3.0
2025-03-10 13:17:32.805,0.0001087090813266,40.74514674180199,3.0
2025-03-10 13:17:32.824,0.0002718966698153,55.62245671706139,3.0
2025-03-10 13:17:32.844,0.0004416076674603,68.13326283713408,3.0
2025-03-10 13:17:32.863,0.0006076226794349,78.08104240640533,3.0
2025-03-10 13:17:32.883,0.0007590071125996,85.47448560794945,3.0
2025-03-10 13:17:32.903,0.0008853242914787,90.43740952221536,3.0
2025-03-10 13:17:32.922,0.0009778325378061,93.10911877098172,3.0
2025-03-10 13:17:32.942,0.0010305186655013,93.56303923462896,3.0
2025-03-10 13:17:32.961,0.0010408453973998,91.7673909272082,3.0
2025-03-10 13:17:32.981,0.0010101262281615,87.60025973857319,3.0
2025-03-10 13:17:33.000,0.0009434747841852,80.91548591359464,3.0
2025-03-10 13:17:33.020,0.0008493121727498,71.6401209423348,3.0
2025-03-10 13:17:33.039,0.0007384560401231,59.87392434536094,3.0
2025-03-10 13:17:33.059,0.0006228575493108,45.95990738666342,3.0
2025-03-10 13:17:33.078,0.0005141099435143,30.50266638664832,3.0
2025-03-10 13:17:33.098,0.0004219238387855,14.325461922877668,3.0
2025-03-10 13:17:33.117,0.0003528062374763,-1.6268816760191998,3.0
2025-03-10 13:17:33.137,0.0003091528859983,-16.418764991411322,3.0
2025-03-10 13:17:33.156,0.0002888881935433,-29.26029857771349,3.0
2025-03-10 13:17:33.176,0.0002857155837619,-39.6211460614767,3.0
2025-03-10 13:17:33.196,0.0002899915676057,-47.29951566633389,3.0
2025-03-10 13:17:33.215,0.000290180984051,-52.4345526282108,3.0
2025-03-10 13:17:33.235,0.0002747511341346,-55.462291980718064,3.0
2025-03-10 13:17:33.254,0.0002342155385347,-57.0258678878194,3.0
2025-03-10 13:17:33.274,0.0001629041238464,-57.85778259514489,3.0
2025-03-10 13:17:33.293,6.001653759057556e-05,-58.65480432430385,3.0
2025-03-10 13:17:33.313,-7.033309450364697e-05,-59.96477625438429,3.0
2025-03-10 13:17:33.332,-0.000220091457628,-62.10046867582142,3.0
2025-03-10 13:17:33.352,-0.0003789778235918,-65.09014921461505,3.0
2025-03-10 13:17:33.371,-0.0005364542745969,-68.66913009083389,3.0
2025-03-10 13:17:33.391,-0.0006834472630864,-72.31191947967194,3.0
2025-03-10 13:17:33.410,-0.0008134376751483,-75.30078870994616,3.0
2025-03-10 13:17:33.430,-0.0009227458137621,-76.82311155826578,3.0
2025-03-10 13:17:33.449,-0.0010100610915608,-76.08628132258806,3.0
2025-03-10 13:17:33.469,-0.0010754532155444,-72.43547628980154,3.0
2025-03-10 13:17:33.489,-0.0011192103893638,-65.45700659528225,3.0
2025-03-10 13:17:33.508,-0.0011408587369215,-55.05002908354596,3.0
2025-03-10 13:17:33.528,-0.001138646386446,-41.45339568097588,3.0
2025-03-10 13:17:33.547,-0.0011096591426801,-25.222291968955545,3.0
2025-03-10 13:17:33.567,-0.0010505756864715,-7.159249007543037,3.0
2025-03-10 13:17:33.586,-0.0009588715621733,11.786963391604308,3.0
2025-03-10 13:17:33.606,-0.0008341044164536,30.635693828769845,3.0
2025-03-10 13:17:33.625,-0.0006788571415657,48.48218150503613,3.0
2025-03-10 13:17:33.645,-0.0004990327027457,64.58155153407849,3.0
2025-03-10 13:17:33.664,-0.0003034373071277,78.39685799280468,3.0
2025-03-10 13:17:33.684,-0.0001028255841143,89.60564555755035,3.0
2025-03-10 13:17:33.703,9.132150812882624e-05,98.0674639640356,3.0
2025-03-10 13:17:33.723,0.0002680791657384,103.76329311807687,3.0
2025-03-10 13:17:33.742,0.0004183226822885,106.72501809100048,3.0
2025-03-10 13:17:33.762,0.0005358560190476,106.97626649730988,3.0
2025-03-10 13:17:33.781,0.0006182747026802,104.5030503999152,3.0
2025-03-10 13:17:33.801,0.0006673470341521,99.26376213113112,3.0
2025-03-10 13:17:33.821,0.0006887377317477,91.23569503791182,3.0
2025-03-10 13:17:33.840,0.0006910517539472,80.48357154374492,3.0
2025-03-10 13:17:33.860,0.000684374670044,67.22854618071884,3.0
2025-03-10 13:17:33.879,0.0006786348521079,51.895797166514505,3.0
2025-03-10 13:17:33.899,0.0006821329854779,35.12443564142392,3.0
2025-03-10 13:17:33.918,0.0007004669366708,17.732557307694968,3.0
2025-03-10 13:17:33.938,0.0007359106031367,0.640199969610743,3.0
2025-03-10 13:17:33.957,0.0007872013245477,-15.238030005888746,3.0
2025-03-10 13:17:33.977,0.0008497022019745,-29.11198974527547,3.0
2025-03-10 13:17:33.996,0.0009159766287363,-40.42435625299655,3.0
2025-03-10 13:17:34.016,0.0009768302542504,-48.92671482318948,3.0
2025-03-10 13:17:34.035,0.0010227785776308,-54.707334163984825,3.0
2025-03-10 13:17:34.055,0.0010457330552461,-58.1639097009857,3.0
2025-03-10 13:17:34.074,0.0010405643105121,-59.92536111376268,3.0
2025-03-10 13:17:34.094,0.0010061613616661,-60.73636847877293,3.0
2025-03-10 13:17:34.114,0.000945678752979,-61.32463691026326,3.0
2025-03-10 13:17:34.133,0.0008658493478195,-62.27295673655126,3.0
2025-03-10 13:17:34.153,0.0007754998081027,-63.91622853209771,3.0
2025-03-10 13:17:34.172,0.0006836433311263,-66.27884162027611,3.0
2025-03-10 13:17:34.192,0.0005976464752703,-69.06149573629992,3.0
2025-03-10 13:17:34.211,0.0005219343871736,-71.67982129419535,3.0
2025-03-10 13:17:34.231,0.0004575249817451,-73.35050150411847,3.0
2025-03-10 13:17:34.250,0.0004024283238041,-73.21412934039034,3.0
2025-03-10 13:17:34.270,0.000352705352463,-70.47792147599685,3.0
2025-03-10 13:17:34.289,0.0003038302188086,-64.55642822023071,3.0
2025-03-10 13:17:34.309,0.0002519773363703,-55.1860186939084,3.0
2025-03-10 13:17:34.328,0.0001949421547811,-42.49092905972319,3.0
2025-03-10 13:17:34.348,0.0001325475760263,-26.98603838921764,3.0
2025-03-10 13:17:34.367,6.65244221148408e-05,-9.51353143954945,3.0
2025-03-10 13:17:34.387,-4.3035879188658246e-08,8.875527495086459,3.0
2025-03-10 13:17:34.406,-6.35465040205238e-05,27.071736354059123,3.0
2025-03-10 13:17:34.426,-0.0001207587607987,44.06018553664305,3.0
2025-03-10 13:17:34.446,-0.0001695998195193,59.045468014169856,3.0
2025-03-10 13:17:34.465,-0.0002095658201385,71.52490862588962,3.0
2025-03-10 13:17:34.485,-0.0002417039968075,81.297445043435,3.0
2025-03-10 13:17:34.504,-0.0002681734664135,88.41017251190824,3.0
2025-03-10 13:17:34.524,-0.0002915949032175,93.05927246089496,3.0
2025-03-10 13:17:34.543,-0.0003144597028719,95.47316798720068,3.0
2025-03-10 13:17:34.563,-0.0003387957186562,95.80996175493372,3.0
2025-03-10 13:17:34.582,-0.0003661259418214,94.0968409124326,3.0
2025-03-10 13:17:34.602,-0.0003976158004704,90.22703045538904,3.0
2025-03-10 13:17:34.621,-0.0004342492511278,84.01346306153448,3.0
2025-03-10 13:17:34.641,-0.0004768862215891,75.28261169029544,3.0
2025-03-10 13:17:34.660,-0.000526098789978,63.98164683151665,3.0
2025-03-10 13:17:34.680,-0.000581763433114,50.26980264727165,3.0
2025-03-10 13:17:34.699,-0.0006424969808695,34.57005735357766,3.0
2025-03-10 13:17:34.719,-0.000705107922039,17.567166254858666,3.0
2025-03-10 13:17:34.739,-0.0007642435145755,0.1495814830174276,3.0
2025-03-10 13:17:34.758,-0.0008123726862295,-16.696225898808866,3.0
2025-03-10 13:17:34.778,-0.0008402121221925,-32.02111358498757,3.0
2025-03-10 13:17:34.797,-0.0008376779908522,-45.05349164665819,3.0
2025-03-10 13:17:34.817,-0.0007953715236831,-55.31676375993393,3.0
2025-03-10 13:17:34.836,-0.0007064533388464,-62.69894833813486,3.0
2025-03-10 13:17:34.856,-0.0005685704466078,-67.45795300129176,3.0
2025-03-10 13:17:34.875,-0.0003853525154605,-70.15889397810989,3.0
2025-03-10 13:17:34.895,-0.0001669769150148,-71.55405944619989,3.0
2025-03-10 13:17:34.914,7.052589535876985e-05,-72.42804256220897,3.0
2025-03-10 13:17:34.934,0.0003072249856912,-73.43748097894516,3.0
2025-03-10 13:17:34.953,0.0005221429342208,-74.97556101883794,3.0
2025-03-10 13:17:34.973,0.0006964226350343,-77.08638299990969,3.0
2025-03-10 13:17:34.992,0.0008161785573607,-79.44494011338433,3.0
2025-03-10 13:17:35.012,0.0008745247576341,-81.40678079194872,3.0
2025-03-10 13:17:35.032,0.0008724643415593,-82.11930342859242,3.0
2025-03-10 13:17:35.051,0.0008185152393205,-80.6757595055748,3.0
2025-03-10 13:17:35.071,0.0007271226624381,-76.2849726782801,3.0
2025-03-10 13:17:35.090,0.0006160946513087,-68.42603399560338,3.0
2025-03-10 13:17:35.110,0.0005034919356685,-56.95908429051988,3.0
2025-03-10 13:17:35.129,0.0004045510966248,-42.17115228050597,3.0
2025-03-10 13:17:35.149,0.0003292489868729,-24.748676174665324,3.0
2025-03-10 13:17:35.168,0.000280990745771,-5.682848532695243,3.0
2025-03-10 13:17:35.188,0.0002566453733935,13.873396182629511,3.0
2025-03-10 13:17:35.207,0.000247839004349,32.769842292242586,3.0
2025-03-10 13:17:35.227,0.0002431472827117,50.01534402693201,3.0
2025-03-10 13:17:35.246,0.0002306682906249,64.8987176056977,3.0
2025-03-10 13:17:35.266,0.000200414707551,77.05306496329135,3.0
2025-03-10 13:17:35.285,0.0001460354779418,86.45221480844201,3.0
2025-03-10 13:17:35.305,6.556330905859161e-05,93.34069261417102,3.0
2025-03-10 13:17:35.324,-3.885722364446893e-05,98.11260676430008,3.0
2025-03-10 13:17:35.344,-0.0001620632946981,101.16703743126018,3.0
2025-03-10 13:17:35.364,-0.0002974304617573,102.77434696880523,3.0
2025-03-10 13:17:35.383,-0.0004384652356303,102.98655011202452,3.0
2025-03-10 13:17:35.403,-0.0005800280566748,101.61485638179327,3.0
2025-03-10 13:17:35.422,-0.0007189017538398,98.28079071818632,3.0
2025-03-10 13:17:35.442,-0.0008536245876452,92.52833443004228,3.0
2025-03-10 13:17:35.461,-0.0009837278128402,83.96880060456421,3.0
2025-03-10 13:17:35.481,-0.0011086764831753,72.42229903387684,3.0
2025-03-10 13:17:35.500,-0.0012268696242514,58.02159606156356,3.0
2025-03-10 13:17:35.520,-0.0013350110988096,41.25444120475103,3.0
2025-03-10 13:17:35.539,-0.0014280344471589,22.935048708403095,3.0
2025-03-10 13:17:35.559,-0.0014996026356722,4.110103119742683,3.0
2025-03-10 13:17:35.578,-0.0015430720577836,-14.08338912711852,3.0
2025-03-10 13:17:35.598,-0.0015527324693694,-30.582884195898306,3.0
2025-03-10 13:17:35.617,-0.0015250826546898,-44.55801456112473,3.0
2025-03-10 13:17:35.637,-0.0014598614024592,-55.5317985312631,3.0
2025-03-10 13:17:35.657,-0.0013605571383499,-63.441337928679424,3.0
2025-03-10 13:17:35.676,-0.001234201316249,-68.62459873439383,3.0
2025-03-10 13:17:35.696,-0.0010904095740285,-71.73408841908955,3.0
2025-03-10 13:17:35.715,-0.0009398403335146,-73.59298088289877,3.0
2025-03-10 13:17:35.735,-0.0007924324300097,-75.02094637928342,3.0
2025-03-10 13:17:35.754,-0.00065587975671,-76.66293241907273,3.0
2025-03-10 13:17:35.774,-0.0005347478783977,-78.85334673862218,3.0
2025-03-10 13:17:35.793,-0.0004304383917084,-81.5410930336232,3.0
2025-03-10 13:17:35.813,-0.0003419120143447,-84.28944738518781,3.0
2025-03-10 13:17:35.832,-0.0002667997662401,-86.35110345110213,3.0
2025-03-10 13:17:35.852,-0.0002024132698237,-86.80513562394833,3.0
2025-03-10 13:17:35.871,-0.0001462854596772,-84.73121114712166,3.0
2025-03-10 13:17:35.891,-9.615285278811969e-05,-79.38901578751891,3.0
2025-03-10 13:17:35.910,-4.957127564201793e-05,-70.36917943399351,3.0
2025-03-10 13:17:35.930,-3.509456260597294e-06,-57.68696151501083,3.0
2025-03-10 13:17:35.950,4.576181758633776e-05,-41.80115794960236,3.0
2025-03-10 13:17:35.969,0.0001023282378175,-23.555817614436,3.0
2025-03-10 13:17:35.989,0.0001698738196552,-4.057645702695722,3.0
2025-03-10 13:17:36.008,0.000250695421522,15.486321343837409,3.0
2025-03-10 13:17:36.028,0.0003447867355172,33.94019810275842,3.0
2025-03-10 13:17:36.047,0.0004493442324181,50.389154982938095,3.0
2025-03-10 13:17:36.067,0.0005590066363764,64.24166064064585,3.0
2025-03-10 13:17:36.086,0.0006669572256233,75.26648248091092,3.0
2025-03-10 13:17:36.106,0.0007667175226304,83.55859263174685,3.0
2025-03-10 13:17:36.125,0.0008541477610786,89.44206078526791,3.0
2025-03-10 13:17:36.145,0.000928985476696,93.33194877382356,3.0
2025-03-10 13:17:36.164,0.0009953044581219,95.5877711989397,3.0
2025-03-10 13:17:36.184,0.0010605759017624,96.394742328495,3.0
2025-03-10 13:17:36.203,0.0011334736031236,95.7036491155846,3.0
2025-03-10 13:17:36.223,0.0012210253744973,93.24615072105227,3.0
2025-03-10 13:17:36.242,0.0013259918987739,88.62280397641713,3.0
2025-03-10 13:17:36.262,0.0014453244787619,81.44145112420107,3.0
2025-03-10 13:17:36.282,0.0015702159510728,71.46959332555421,3.0
2025-03-10 13:17:36.301,0.0016877469455305,58.76033217274662,3.0
2025-03-10 13:17:36.321,0.0017836359057814,43.71854017202268,3.0
2025-03-10 13:17:36.340,0.0018453023557469,27.089603306268177,3.0
2025-03-10 13:17:36.360,0.0018644431717715,9.87234289170766,3.0
2025-03-10 13:17:36.379,0.0018385621971226,-6.8247576596417785,3.0
2025-03-10 13:17:36.399,0.0017712374915425,-21.95297906091464,3.0
2025-03-10 13:17:36.418,0.0016712125750411,-34.68301768155412,3.0
2025-03-10 13:17:36.438,0.0015505990800738,-44.52291999103452,3.0
2025-03-10 13:17:36.457,0.0014225952013785,-51.372635830277744,3.0
2025-03-10 13:17:36.477,0.0012991868837458,-55.5080613829751,3.0
2025-03-10 13:17:36.496,0.0011892966609924,-57.50260504475152,3.0
2025-03-10 13:17:36.516,0.0010977363896664,-58.106347758724354,3.0
2025-03-10 13:17:36.535,0.0010251007924242,-58.10905379782167,3.0
2025-03-10 13:17:36.555,0.0009684861893123,-58.212711487257074,3.0
2025-03-10 13:17:36.575,0.000922739358321,-58.93304409120508,3.0
2025-03-10 13:17:36.594,0.0008818820916332,-60.54013701402268,3.0
2025-03-10 13:17:36.614,0.0008403833213146,-63.03909173980395,3.0
2025-03-10 13:17:36.633,0.0007940140432457,-66.18494157645469,3.0
2025-03-10 13:17:36.653,0.0007401306849078,-69.52307496756087,3.0
2025-03-10 13:17:36.672,0.0006774229428218,-72.44670846674569,3.0
2025-03-10 13:17:36.692,0.0006053804008663,-74.2650269370749,3.0
2025-03-10 13:17:36.711,0.0005238406526599,-74.27760239356256,3.0
2025-03-10 13:17:36.731,0.0004328927041098,-71.85121349577688,3.0
2025-03-10 13:17:36.750,0.0003331758629621,-66.49389448415823,3.0
2025-03-10 13:17:36.770,0.0002263723060123,-57.918890880337365,3.0
2025-03-10 13:17:36.789,0.0001155588857928,-46.0899666212601,3.0
2025-03-10 13:17:36.809,5.115756948892305e-06,-31.24079769472775,3.0
2025-03-10 13:17:36.828,-9.992755165601536e-05,-13.86531024251894,3.0
2025-03-10 13:17:36.848,-0.0001949806399591,5.318663658245873,3.0
2025-03-10 13:17:36.867,-0.0002771028240558,25.425535682132512,3.0
2025-03-10 13:17:36.887,-0.0003459832455812,45.469293867786,3.0
2025-03-10 13:17:36.907,-0.0004044236991026,64.43437897624864,3.0
2025-03-10 13:17:36.926,-0.0004581936679204,81.34471763006545,3.0
2025-03-10 13:17:36.946,-0.0005152576071567,95.32747666545863,3.0
2025-03-10 13:17:36.965,-0.0005844836322714,105.66909144842091,3.0
2025-03-10 13:17:36.985,-0.0006740331659287,111.86138557259034,3.0
2025-03-10 13:17:37.004,-0.0007897033339714,113.63559792747584,3.0
2025-03-10 13:17:37.024,-0.0009335389544664,110.98205278128802,3.0
2025-03-10 13:17:37.043,-0.0011030299634979,104.15312851483912,3.0
2025-03-10 13:17:37.063,-0.0012911391665674,93.6474600089502,3.0
2025-03-10 13:17:37.082,-0.0014872472391078,80.17449812687094,3.0
2025-03-10 13:17:37.102,-0.0016788711733468,64.60078018523723,3.0
2025-03-10 13:17:37.121,-0.001853779451874,47.88184984369765,3.0
2025-03-10 13:17:37.141,-0.0020019981801596,30.985648341401497,3.0
2025-03-10 13:17:37.160,-0.0021172408049725,14.813952598300604,3.0
2025-03-10 13:17:37.180,-0.0021974714177053,0.1286579041815611,3.0
2025-03-10 13:17:37.200,-0.0022445495443935,-12.509758333850916,3.0
2025-03-10 13:17:37.219,-0.0022631344663312,-22.783467378367718,3.0
2025-03-10 13:17:37.239,-0.0022591931721634,-30.63032819024496,3.0
2025-03-10 13:17:37.258,-0.0022385091096379,-36.22365925720129,3.0
2025-03-10 13:17:37.278,-0.0022055244161293,-39.91949636035537,3.0
2025-03-10 13:17:37.297,-0.0021627161735268,-42.17960230872799,3.0
2025-03-10 13:17:37.317,-0.0021105600152917,-43.485090784662205,3.0
2025-03-10 13:17:37.336,-0.0020479947306564,-44.25859146811004,3.0
2025-03-10 13:17:37.356,-0.0019731858387559,-44.81097493505049,3.0
2025-03-10 13:17:37.375,-0.0018843252434664,-45.322079770219,3.0
2025-03-10 13:17:37.395,-0.0017802291612284,-45.85554758217641,3.0
2025-03-10 13:17:37.414,-0.0016606094082534,-46.39857230913124,3.0
2025-03-10 13:17:37.434,-0.0015260442261572,-46.91084846489349,3.0
2025-03-10 13:17:37.453,-0.0013777841098691,-47.36510272041792,3.0
2025-03-10 13:17:37.473,-0.0012175483468847,-47.764788993136975,3.0
2025-03-10 13:17:37.493,-0.0010474125106677,-48.13189390478241,3.0
2025-03-10 13:17:37.512,-0.0008697972850266,-48.46734464565893,3.0
2025-03-10 13:17:37.532,-0.0006874901241209,-48.695720005302086,3.0
2025-03-10 13:17:37.551,-0.0005036055080879,-48.61240869331996,3.0
2025-03-10 13:17:37.571,-0.0003214269988281,-47.85323095982503,3.0
2025-03-10 13:17:37.590,-0.000144142094781,-45.903030637895775,3.0
2025-03-10 13:17:37.610,2.546214273349925e-05,-42.15126206487962,3.0
2025-03-10 13:17:37.629,0.0001852502920652,-35.99085916896436,3.0
2025-03-10 13:17:37.649,0.00033385894132,-26.944566467297182,3.0
2025-03-10 13:17:37.668,0.0004706610248913,-14.793852598308314,3.0
2025-03-10 13:17:37.688,0.0005956207763498,0.3176658523060871,3.0
2025-03-10 13:17:37.707,0.0007091362134204,17.830650291515738,3.0
2025-03-10 13:17:37.727,0.0008119581644489,36.78127407463657,3.0
2025-03-10 13:17:37.746,0.0009052113098541,55.8799455104844,3.0
2025-03-10 13:17:37.766,0.0009904555727781,73.64806504221414,3.0
2025-03-10 13:17:37.785,0.0010696530426353,88.5934686101935,3.0
2025-03-10 13:17:37.805,0.0011448954401574,99.39860955063791,3.0
2025-03-10 13:17:37.825,0.0012178436161076,105.09276500123298,3.0
2025-03-10 13:17:37.844,0.0012890109968808,105.1810659619101,3.0
2025-03-10 13:17:37.864,0.0013571818966371,99.70922375863118,3.0
2025-03-10 13:17:37.883,0.0014192775023144,89.25313960674409,3.0
2025-03-10 13:17:37.903,0.00147083091609,74.83567667162761,3.0
2025-03-10 13:17:37.922,0.0015069834355216,57.78593361976223,3.0
2025-03-10 13:17:37.942,0.0015237049422396,39.56590764145218,3.0
2025-03-10 13:17:37.961,0.0015188699924492,21.59291395601325,3.0
2025-03-10 13:17:37.981,0.0014928865391156,5.08333923187568,3.0
2025-03-10 13:17:38.000,0.0014487162530666,-9.063589364334238,3.0
2025-03-10 13:17:38.020,0.0013912963871504,-20.331368204886967,3.0
2025-03-10 13:17:38.039,0.0013265438647203,-28.597654970400463,3.0
2025-03-10 13:17:38.059,0.0012602437618508,-34.094178052176005,3.0
2025-03-10 13:17:38.078,0.0011971330973786,-37.32329385155587,3.0
2025-03-10 13:17:38.098,0.0011403750449106,-38.94479908381797,3.0
2025-03-10 13:17:38.118,0.0010914474098236,-39.65118682501295,3.0
2025-03-10 13:17:38.137,0.0010503305951198,-40.05182749208353,3.0
2025-03-10 13:17:38.157,0.0010158227876666,-40.585256953938256,3.0
2025-03-10 13:17:38.176,0.0009858464228582,-41.47348463213513,3.0
2025-03-10 13:17:38.196,0.0009577144371717,-42.72384098925477,3.0
2025-03-10 13:17:38.215,0.0009284187045126,-44.17420683552739,3.0
2025-03-10 13:17:38.235,0.0008950069424333,-45.56875712768843,3.0
2025-03-10 13:17:38.254,0.0008550336531776,-46.645598143126655,3.0
2025-03-10 13:17:38.274,0.000806992164297,-47.2160697908544,3.0
2025-03-10 13:17:38.293,0.0007506268938088,-47.21815894553912,3.0
2025-03-10 13:17:38.313,0.0006870692620782,-46.73258663798033,3.0
2025-03-10 13:17:38.332,0.0006187750725246,-45.95824182020384,3.0
2025-03-10 13:17:38.352,0.000549245122707,-45.15211828611366,3.0
2025-03-10 13:17:38.371,0.0004825274171938,-44.54630293634082,3.0
2025-03-10 13:17:38.391,0.0004225700616157,-44.25968920712208,3.0
2025-03-10 13:17:38.411,0.000372584981288,-44.22410362453044,3.0
2025-03-10 13:17:38.430,0.0003346100373965,-44.14296138555498,3.0
2025-03-10 13:17:38.450,0.000309382567369,-43.4954046185692,3.0
2025-03-10 13:17:38.469,0.0002965021766033,-41.590721408035215,3.0
2025-03-10 13:17:38.489,0.0002947418724512,-37.66798738138807,3.0
2025-03-10 13:17:38.508,0.0003023346421067,-31.02626209276005,3.0
2025-03-10 13:17:38.528,0.0003171397128987,-21.1635783518109,3.0
2025-03-10 13:17:38.547,0.0003367140428134,-7.90026059498848,3.0
2025-03-10 13:17:38.567,0.0003583712547395,8.535571309625714,3.0
2025-03-10 13:17:38.586,0.0003792637147812,27.476130814364527,3.0
2025-03-10 13:17:38.606,0.0003964450693818,47.8433219261488,3.0
2025-03-10 13:17:38.625,0.0004068558746717,68.23870312079922,3.0
2025-03-10 13:17:38.645,0.0004072472153829,87.08589315659711,3.0
2025-03-10 13:17:38.664,0.0003941565781199,102.8100362268502,3.0
2025-03-10 13:17:38.684,0.00036408892218,114.03194378694224,3.0
2025-03-10 13:17:38.703,0.0003139851498212,119.74897401994768,3.0
2025-03-10 13:17:38.723,0.0002419122693755,119.47301433777628,3.0
2025-03-10 13:17:38.743,0.0001477773308239,113.30034908067154,3.0
2025-03-10 13:17:38.762,3.382844056973954e-05,101.89919360920592,3.0
2025-03-10 13:17:38.782,-9.523556446109766e-05,86.41612296841193,3.0
2025-03-10 13:17:38.801,-0.0002326227747083,68.31828193870729,3.0
2025-03-10 13:17:38.821,-0.0003702443505031,49.19952972367774,3.0
2025-03-10 13:17:38.840,-0.0004998191181535,30.5827309285669,3.0
2025-03-10 13:17:38.860,-0.0006140721543729,13.747415041641872,3.0
2025-03-10 13:17:38.879,-0.0007077862726259,-0.3955311473392646,3.0
2025-03-10 13:17:38.899,-0.0007785198492157,-11.369664438372595,3.0
2025-03-10 13:17:38.918,-0.0008269017516466,-19.135766132758672,3.0
2025-03-10 13:17:38.938,-0.0008564834270367,-24.036251254525816,3.0
2025-03-10 13:17:38.957,-0.0008731483561188,-26.69312441177751,3.0
2025-03-10 13:17:38.977,-0.0008841065617998,-27.87731556331713,3.0
2025-03-10 13:17:38.996,-0.0008965912428081,-28.37082703204759,3.0
2025-03-10 13:17:39.016,-0.0009164995223148,-28.84344389126018,3.0
2025-03-10 13:17:39.036,-0.0009472990546896,-29.762416279879663,3.0
2025-03-10 13:17:39.055,-0.0009894957042434,-31.34698479558148,3.0
2025-03-10 13:17:39.075,-0.0010408132287511,-33.57116737587723,3.0
2025-03-10 13:17:39.094,-0.0010970115121052,-36.20962181574954,3.0
2025-03-10 13:17:39.114,-0.0011530543518176,-38.91439559771459,3.0
2025-03-10 13:17:39.133,-0.0012042410132904,-41.30622119837342,3.0
2025-03-10 13:17:39.153,-0.001246988225191,-43.06314765688594,3.0
2025-03-10 13:17:39.172,-0.0012791353176596,-43.99133989465712,3.0
2025-03-10 13:17:39.192,-0.0012998351966578,-44.06690824410239,3.0
2025-03-10 13:17:39.211,-0.0013092084033758,-43.44261660291957,3.0
2025-03-10 13:17:39.231,-0.0013079557828614,-42.41847092485085,3.0
2025-03-10 13:17:39.250,-0.0012970666301052,-41.38011438208537,3.0
2025-03-10 13:17:39.270,-0.0012776624074917,-40.71353838270015,3.0
2025-03-10 13:17:39.289,-0.0012509270227501,-40.70875737532733,3.0
2025-03-10 13:17:39.309,-0.0012180330012647,-41.46842200592618,3.0
2025-03-10 13:17:39.329,-0.0011799928309831,-42.83911814532321,3.0
2025-03-10 13:17:39.348,-0.0011374235719334,-44.38235315976547,3.0
2025-03-10 13:17:39.368,-0.0010902753853508,-45.39812715533155,3.0
2025-03-10 13:17:39.387,-0.0010376258641199,-45.00623962724734,3.0
2025-03-10 13:17:39.407,-0.0009776700820834,-42.27974653202601,3.0
2025-03-10 13:17:39.426,-0.000908009885386,-36.41307228188832,3.0
2025-03-10 13:17:39.446,-0.0008262557417313,-26.896992906518214,3.0
2025-03-10 13:17:39.465,-0.0007308417503401,-13.66709920972805,3.0
2025-03-10 13:17:39.485,-0.0006218593964057,2.806397077950733,3.0
2025-03-10 13:17:39.504,-0.0005016536941456,21.51124493815982,3.0
2025-03-10 13:17:39.524,-0.0003749349566332,40.97806734653887,3.0
2025-03-10 13:17:39.543,-0.0002482870589358,59.45129680311552,3.0
2025-03-10 13:17:39.563,-0.0001291644075042,75.12389043184777,3.0
2025-03-10 13:17:39.582,-2.464441067636298e-05,86.4001736090514,3.0
2025-03-10 13:17:39.602,5.975524336923355e-05,92.1424659851794,3.0
2025-03-10 13:17:39.621,0.0001209577844869,91.85576391245432,3.0
2025-03-10 13:17:39.641,0.0001587737287022,85.7728776263104,3.0
2025-03-10 13:17:39.661,0.0001758693904368,74.82005418672814,3.0
2025-03-10 13:17:39.680,0.0001773058053865,60.46690927654391,3.0
2025-03-10 13:17:39.700,0.0001697856679644,44.48845768345712,3.0
2025-03-10 13:17:39.719,0.000160786007871,28.68486637655668,3.0
2025-03-10 13:17:39.739,0.000157715270111,14.611950398670812,3.0
2025-03-10 13:17:39.758,0.0001671476095899,3.371141619150897,3.0
2025-03-10 13:17:39.778,0.0001941232322985,-4.506691757880958,3.0
2025-03-10 13:17:39.797,0.0002415140471786,-9.06984706279683,3.0
2025-03-10 13:17:39.817,0.000309530204565,-10.855098569470206,3.0
2025-03-10 13:17:39.836,0.0003955131895807,-10.724488361683406,3.0
2025-03-10 13:17:39.856,0.0004941577021659,-9.667625227854144,3.0
2025-03-10 13:17:39.875,0.0005982221014337,-8.609848568318613,3.0
2025-03-10 13:17:39.895,0.0006996537744507,-8.260479088039501,3.0
2025-03-10 13:17:39.914,0.0007909066002723,-9.023089708726028,3.0
2025-03-10 13:17:39.934,0.0008661330771573,-10.974719397152093,3.0
2025-03-10 13:17:39.954,0.0009219707024186,-13.906834368059242,3.0
2025-03-10 13:17:39.973,0.0009577952497014,-17.410514318392888,3.0
2025-03-10 13:17:39.993,0.0009754714069573,-20.98336763334575,3.0
2025-03-10 13:17:40.012,0.0009787145994011,-24.13608639735653,3.0
2025-03-10 13:17:40.032,0.0009722110262342,-26.481076151150024,3.0
2025-03-10 13:17:40.051,0.0009606758978398,-27.79225322653833,3.0
2025-03-10 13:17:40.071,0.0009480495759737,-28.03187481986479,3.0
2025-03-10 13:17:40.090,0.0009369869045436,-27.34566190044591,3.0
2025-03-10 13:17:40.110,0.0009286806829513,-26.030822736276924,3.0
2025-03-10 13:17:40.129,0.000922947972851,-24.48304240285701,3.0
2025-03-10 13:17:40.149,0.0009184856491785,-23.128831714542454,3.0
2025-03-10 13:17:40.168,0.0009132635457178,-22.34981562611188,3.0
2025-03-10 13:17:40.188,0.0009050600699861,-22.406360115057463,3.0
2025-03-10 13:17:40.207,0.0008920869337498,-23.36957247014254,3.0
2025-03-10 13:17:40.227,0.0008735603872901,-25.07260599709328,3.0
2025-03-10 13:17:40.246,0.0008500475965931,-27.09320820195372,3.0
2025-03-10 13:17:40.266,0.000823458513665,-28.778222489369096,3.0
2025-03-10 13:17:40.286,0.0007966388876645,-29.31623520795921,3.0
2025-03-10 13:17:40.305,0.0007726370241121,-27.856491923173152,3.0
2025-03-10 13:17:40.325,0.0007538376038116,-23.66151150510726,3.0
2025-03-10 13:17:40.344,0.0007412281744536,-16.26975143033785,3.0
2025-03-10 13:17:40.364,0.0007340457075456,-5.636498277225467,3.0
2025-03-10 13:17:40.383,0.0007299323773146,7.780697152644531,3.0
2025-03-10 13:17:40.403,0.0007255492472032,23.019010328393325,3.0
2025-03-10 13:17:40.422,0.0007174309019133,38.701698728899416,3.0
2025-03-10 13:17:40.442,0.0007027858122149,53.21561808060402,3.0
2025-03-10 13:17:40.461,0.0006799896262639,64.94674302097371,3.0
2025-03-10 13:17:40.481,0.0006486646041241,72.53127024615223,3.0
2025-03-10 13:17:40.500,0.0006094159022352,75.07505909404551,3.0
2025-03-10 13:17:40.520,0.0005634078338159,72.29980242288855,3.0
2025-03-10 13:17:40.539,0.0005119667549936,64.58871901968693,3.0
2025-03-10 13:17:40.559,0.000456332669316,52.92403197578548,3.0
2025-03-10 13:17:40.579,0.000397604690687,38.7286127386021,3.0
2025-03-10 13:17:40.598,0.0003368462640953,23.64107429671524,3.0
2025-03-10 13:17:40.618,0.0002752421921263,9.264704190530136,3.0
2025-03-10 13:17:40.637,0.00021418039719,-3.065541417175021,3.0
2025-03-10 13:17:40.657,0.0001552001340744,-12.457911317303088,3.0
2025-03-10 13:17:40.676,9.985587641088067e-05,-18.552352949654267,3.0
2025-03-10 13:17:40.696,4.9599111603217326e-05,-21.51193372350704,3.0
2025-03-10 13:17:40.715,5.734316950394615e-06,-21.926060233849203,3.0
2025-03-10 13:17:40.735,-3.059219564017273e-05,-20.65131352196379,3.0
2025-03-10 13:17:40.754,-5.846599914567619e-05,-18.62604737803924,3.0
2025-03-10 13:17:40.774,-7.73976340265797e-05,-16.696512005829685,3.0
2025-03-10 13:17:40.793,-8.759833226177808e-05,-15.48550483531004,3.0
2025-03-10 13:17:40.813,-9.022219666853782e-05,-15.32189241662356,3.0
2025-03-10 13:17:40.832,-8.743603952028798e-05,-16.23451405416756,3.0
2025-03-10 13:17:40.852,-8.223042824452866e-05,-18.000758770574564,3.0
2025-03-10 13:17:40.872,-7.799839305456795e-05,-20.231302815950407,3.0
2025-03-10 13:17:40.891,-7.801388246908592e-05,-22.469304337092694,3.0
2025-03-10 13:17:40.911,-8.496559806878647e-05,-24.28432703179708,3.0
2025-03-10 13:17:40.930,-0.0001006434207932,-25.34673953685433,3.0
2025-03-10 13:17:40.950,-0.0001258054840965,-25.475112455172997,3.0
2025-03-10 13:17:40.969,-0.0001602223616762,-24.655185413019044,3.0
2025-03-10 13:17:40.989,-0.0002028775460477,-23.033004379596285,3.0
2025-03-10 13:17:41.008,-0.0002522686245435,-20.886537740570315,3.0
2025-03-10 13:17:41.028,-0.0003067205702875,-18.58010225939911,3.0
2025-03-10 13:17:41.047,-0.0003646256043893,-16.505448893191964,3.0
2025-03-10 13:17:41.067,-0.0004245667709582,-15.013556656889078,3.0
2025-03-10 13:17:41.086,-0.0004853484740355,-14.342743045097338,3.0
2025-03-10 13:17:41.106,-0.0005460140991048,-14.551511611657912,3.0
2025-03-10 13:17:41.125,-0.0006059250102434,-15.467698947460736,3.0
2025-03-10 13:17:41.145,-0.0006648859005428,-16.667455639114092,3.0
2025-03-10 13:17:41.164,-0.0007231927747733,-17.496761118284486,3.0
2025-03-10 13:17:41.184,-0.0007814558465822,-17.143328095990444,3.0
2025-03-10 13:17:41.204,-0.0008401582689237,-14.75772561453859,3.0
2025-03-10 13:17:41.223,-0.0008990966088291,-9.610621593461527,3.0
2025-03-10 13:17:41.243,-0.0009569831383551,-1.2609762961973616,3.0
2025-03-10 13:17:41.262,-0.0010114691754501,10.298509784054112,3.0
2025-03-10 13:17:41.282,-0.00105967594666,24.553907437233875,3.0
2025-03-10 13:17:41.301,-0.0010990943879486,40.46836552612041,3.0
2025-03-10 13:17:41.321,-0.0011285448247493,56.578447405117664,3.0
2025-03-10 13:17:41.340,-0.0011488316999597,71.18017758624434,3.0
2025-03-10 13:17:41.360,-0.0011628121376634,82.57593186071492,3.0
2025-03-10 13:17:41.379,-0.0011748038620652,89.33799234358159,3.0
2025-03-10 13:17:41.399,-0.0011895062210825,90.53862555273224,3.0
2025-03-10 13:17:41.418,-0.0012107837567407,85.90184841773288,3.0
2025-03-10 13:17:41.438,-0.0012406890475691,75.84769359478165,3.0
2025-03-10 13:17:41.457,-0.0012789811279652,61.421956094773314,3.0
2025-03-10 13:17:41.477,-0.0013232037847402,44.12735672191583,3.0
2025-03-10 13:17:41.497,-0.0013692328707904,25.690083167151325,3.0
2025-03-10 13:17:41.516,-0.0014121396900424,7.805154138125208,3.0
2025-03-10 13:17:41.536,-0.0014472085651352,-8.09564970355813,3.0
2025-03-10 13:17:41.555,-0.0014709214857531,-21.016855952916025,3.0
2025-03-10 13:17:41.575,-0.0014816823186649,-30.48947677141598,3.0
2025-03-10 13:17:41.594,-0.0014800702508904,-36.56982271985133,3.0
2025-03-10 13:17:41.614,-0.0014685335234071,-39.75450868518813,3.0
2025-03-10 13:17:41.633,-0.0014506143451032,-40.8333226646109,3.0
2025-03-10 13:17:41.653,-0.0014299386262486,-40.711307638927856,3.0
2025-03-10 13:17:41.672,-0.0014092456872654,-40.23476274642591,3.0
2025-03-10 13:17:41.692,-0.0013896762769732,-40.052331696095386,3.0
2025-03-10 13:17:41.711,-0.0013704379864219,-40.53291405042174,3.0
2025-03-10 13:17:41.731,-0.0013488855005345,-41.74912356045745,3.0
2025-03-10 13:17:41.750,-0.0013209998614189,-43.521414397773285,3.0
2025-03-10 13:17:41.770,-0.001282191313553,-45.50666090852301,3.0
2025-03-10 13:17:41.790,-0.0012282662387836,-47.30796045827387,3.0
2025-03-10 13:17:41.809,-0.0011563271923569,-48.58062085215696,3.0
2025-03-10 13:17:41.829,-0.0010653720294229,-49.11243599440968,3.0
2025-03-10 13:17:41.848,-0.0009564367378458,-48.863315320897215,3.0
2025-03-10 13:17:41.868,-0.000832250856862,-47.95848619620773,3.0
2025-03-10 13:17:41.887,-0.0006965036462867,-46.63906799330056,3.0
2025-03-10 13:17:41.907,-0.0005529328506701,-45.18220054113856,3.0
2025-03-10 13:17:41.926,-0.0004045230315438,-43.80880329753231,3.0
2025-03-10 13:17:41.946,-0.000253085203288,-42.59956283561719,3.0
2025-03-10 13:17:41.965,-9.933826333757304e-05,-41.43846027898416,3.0
2025-03-10 13:17:41.985,5.66247956326245e-05,-39.9981186599448,3.0
2025-03-10 13:17:42.004,0.0002147760087584,-37.77311831917714,3.0
2025-03-10 13:17:42.024,0.0003747834317049,-34.15750983899158,3.0
2025-03-10 13:17:42.043,0.0005359697395719,-28.553010783301318,3.0
2025-03-10 13:17:42.063,0.0006975466011367,-20.487153179550543,3.0
2025-03-10 13:17:42.082,0.0008589434368847,-9.71806978246692,3.0
2025-03-10 13:17:42.102,0.0010200261939218,3.694326071899776,3.0
2025-03-10 13:17:42.122,0.0011810786855969,19.363110071146306,3.0
2025-03-10 13:17:42.141,0.001342541608398,36.597230869245735,3.0
2025-03-10 13:17:42.161,0.0015046128194285,54.465455289783925,3.0
2025-03-10 13:17:42.180,0.0016668727047587,71.88845970615947,3.0
2025-03-10 13:17:42.200,0.0018280993214406,87.74430280411971,3.0
2025-03-10 13:17:42.219,0.0019863814290401,100.973850866332,3.0
2025-03-10 13:17:42.239,0.002139535624242,110.67580563679492,3.0
2025-03-10 13:17:42.258,0.0022857103963846,116.18439485886728,3.0
2025-03-10 13:17:42.278,0.0024239588363553,117.12543837355716,3.0
2025-03-10 13:17:42.297,0.0025545446989854,113.44789874364332,3.0
2025-03-10 13:17:42.317,0.00267884692119,105.4284953107006,3.0
2025-03-10 13:17:42.336,0.0027988949692963,93.64753602271566,3.0
2025-03-10 13:17:42.356,0.0029166985339501,78.9358946210157,3.0
2025-03-10 13:17:42.375,0.0030335729725062,62.29637308722572,3.0
2025-03-10 13:17:42.395,0.0031496275433905,44.80676920272809,3.0
2025-03-10 13:17:42.415,0.0032635221232956,27.515417253921427,3.0
2025-03-10 13:17:42.434,0.0033725354195688,11.341730503518736,3.0
2025-03-10 13:17:42.454,0.0034729311115904,-3.005852725749878,3.0
2025-03-10 13:17:42.473,0.0035605591102803,-15.08387392786154,3.0
2025-03-10 13:17:42.493,0.0036315876829298,-24.73247038912346,3.0
2025-03-10 13:17:42.512,0.0036832308336538,-32.056192908303984,3.0
2025-03-10 13:17:42.532,0.0037143196521829,-37.37080338263102,3.0
2025-03-10 13:17:42.551,0.0037255749713281,-41.12609331592554,3.0
2025-03-10 13:17:42.571,0.0037194810023526,-43.81941120313443,3.0
2025-03-10 13:17:42.590,0.0036997419600776,-45.91611078469785,3.0
2025-03-10 13:17:42.610,0.0036704220022252,-47.79082722049309,3.0
2025-03-10 13:17:42.629,0.0036349917279512,-49.69775714266341,3.0
2025-03-10 13:17:42.649,0.0035955598208187,-51.7704237389239,3.0
2025-03-10 13:17:42.668,0.0035524848228506,-54.04387386726914,3.0
2025-03-10 13:17:42.688,0.0035043656231447,-56.48703079160328,3.0
2025-03-10 13:17:42.707,0.0034482447108558,-59.031531410357815,3.0
2025-03-10 13:17:42.727,0.0033798560990373,-61.58623087847287,3.0
2025-03-10 13:17:42.747,0.0032938887941543,-64.0328345325841,3.0
2025-03-10 13:17:42.766,0.0031843708202266,-66.20595286763722,3.0
2025-03-10 13:17:42.786,0.0030452867601554,-67.86787707072013,3.0
2025-03-10 13:17:42.805,0.0028714308663497,-68.6922820885804,3.0
2025-03-10 13:17:42.825,0.0026593645548348,-68.27039271128174,3.0
2025-03-10 13:17:42.844,0.0024082648791505,-66.14764563697291,3.0
2025-03-10 13:17:42.864,0.002120429114626,-61.88975455308128,3.0
2025-03-10 13:17:42.883,0.0018012313508803,-55.16688452968931,3.0
2025-03-10 13:17:42.903,0.0014584167949706,-45.83669166972804,3.0
2025-03-10 13:17:42.922,0.0011007764716849,-34.004338255665346,3.0
2025-03-10 13:17:42.942,0.0007364458562387,-20.04175703876013,3.0
2025-03-10 13:17:42.961,0.0003712374467823,-4.558472791367494,3.0
2025-03-10 13:17:42.981,7.445296690046312e-06,11.671018652872055,3.0
2025-03-10 13:17:43.000,-0.0003565874235084,27.8071024263427,3.0
2025-03-10 13:17:43.020,-0.0007260809204487,43.04949566782368,3.0
2025-03-10 13:17:43.040,-0.0011087404360451,56.72349388908083,3.0
2025-03-10 13:17:43.059,-0.0015131979719495,68.3309558732581,3.0
2025-03-10 13:17:43.079,-0.0019472128702025,77.55900361330472,3.0
2025-03-10 13:17:43.098,-0.0024159181207027,84.25112944617686,3.0
2025-03-10 13:17:43.118,-0.0029204655082559,88.35559865479014,3.0
2025-03-10 13:17:43.137,-0.0034574105893235,89.8716833826839,3.0
2025-03-10 13:17:43.157,-0.0040190066810671,88.81350134844273,3.0
2025-03-10 13:17:43.176,-0.0045943030717755,85.20411684181768,3.0
2025-03-10 13:17:43.196,-0.0051707266455398,79.10124034857554,3.0
2025-03-10 13:17:43.215,-0.0057357720791636,70.6440369046724,3.0
2025-03-10 13:17:43.235,-0.0062785018949903,60.10225967529174,3.0
2025-03-10 13:17:43.254,-0.0067906648527042,47.90702430787881,3.0
2025-03-10 13:17:43.274,-0.007267313118079,34.64758104243731,3.0
2025-03-10 13:17:43.293,-0.0077068326533948,21.0285187550392,3.0
2025-03-10 13:17:43.313,-0.0081103360253978,7.793482933544187,3.0
2025-03-10 13:17:43.333,-0.0084804520270386,-4.368917659450087,3.0
2025-03-10 13:17:43.352,-0.0088197061594994,-14.916403395243352,3.0
2025-03-10 13:17:43.372,-0.0091288731073407,-23.52161222165393,3.0
2025-03-10 13:17:43.391,-0.0094057781077247,-30.103811425823334,3.0
2025-03-10 13:17:43.411,-0.0096449337531968,-34.81844165908683,3.0
2025-03-10 13:17:43.430,-0.0098381560923053,-38.00872027971081,3.0
2025-03-10 13:17:43.450,-0.0099760334223489,-40.1312223451609,3.0
2025-03-10 13:17:43.469,-0.0100499073898329,-41.67144827853805,3.0
2025-03-10 13:17:43.489,-0.0100538851494659,-43.06522131730866,3.0
2025-03-10 13:17:43.508,-0.0099863541408142,-44.63791239253643,3.0
2025-03-10 13:17:43.528,-0.0098505529509305,-46.56753597805949,3.0
2025-03-10 13:17:43.547,-0.0096539594971126,-48.871719378347365,3.0
2025-03-10 13:17:43.567,-0.0094065477750655,-51.414217726498,3.0
2025-03-10 13:17:43.586,-0.0091182843517717,-53.92503132836662,3.0
2025-03-10 13:17:43.606,-0.0087965144590806,-56.02920836566253,3.0
2025-03-10 13:17:43.625,-0.0084440212830872,-57.282012531793015,3.0
2025-03-10 13:17:43.645,-0.0080584392323665,-57.21063763828127,3.0
2025-03-10 13:17:43.665,-0.0076333500910216,-55.36343971021151,3.0
2025-03-10 13:17:43.684,-0.0071608759968072,-51.36586135302935,3.0
2025-03-10 13:17:43.704,-0.0066350532127044,-44.97824980040527,3.0
2025-03-10 13:17:43.723,-0.0060548937431022,-36.14634168588972,3.0
2025-03-10 13:17:43.743,-0.005425971877686,-25.03270458093597,3.0
2025-03-10 13:17:43.762,-0.004759679407493,-12.018826858174569,3.0
2025-03-10 13:17:43.782,-0.0040699027008185,2.3267679551170897,3.0
2025-03-10 13:17:43.801,-0.0033676263230684,17.310573438053293,3.0
2025-03-10 13:17:43.821,-0.0026547090716039,32.19422637516926,3.0
2025-03-10 13:17:43.840,-0.0019186565992381,46.2754848917529,3.0
2025-03-10 13:17:43.860,-0.0011304425771069,58.95273034270965,3.0
2025-03-10 13:17:43.879,-0.0002471459879625,69.76067670147954,3.0
2025-03-10 13:17:43.899,0.0007796800552708,78.37353594252956,3.0
2025-03-10 13:17:43.918,0.0019903510631136,84.58137906656532,3.0
2025-03-10 13:17:43.938,0.0034002307722541,88.25297062184487,3.0
2025-03-10 13:17:43.958,0.004983539562607,89.30162411911319,3.0
2025-03-10 13:17:43.977,0.0066627438247391,87.66854533216409,3.0
2025-03-10 13:17:43.997,0.008308595711135,83.33124923150342,3.0
2025-03-10 13:17:44.016,0.0097545638189822,76.33511455013482,3.0
2025-03-10 13:17:44.036,0.0108265209995452,66.83716580564821,3.0
2025-03-10 13:17:44.055,0.0113844651261367,55.14583863476659,3.0
2025-03-10 13:17:44.075,0.0113685616596307,41.7405291729927,3.0
2025-03-10 13:17:44.094,0.0108381448305041,27.25983587560866,3.0
2025-03-10 13:17:44.114,0.0099908868654797,12.455551489741836,3.0
2025-03-10 13:17:44.133,0.0091513442538024,-1.881927568007668,3.0
2025-03-10 13:17:44.153,0.0087241286691114,-15.014145108564652,3.0
2025-03-10 13:17:44.172,0.0091164718034146,-26.34447455002164,3.0
2025-03-10 13:17:44.192,0.0106455901055027,-35.49044731727749,3.0
2025-03-10 13:17:44.211,0.013453926865425,-42.3250103641588,3.0
2025-03-10 13:17:44.231,0.0174560134662339,-46.97944307596038,3.0
2025-03-10 13:17:44.251,0.0223331321098103,-49.80813772711529,3.0
2025-03-10 13:17:44.270,0.0275791278480557,-51.32228954052626,3.0
2025-03-10 13:17:44.290,0.0325877233834799,-52.1042350999362,3.0
2025-03-10 13:17:44.309,0.0367621963283067,-52.71598802689296,3.0
2025-03-10 13:17:44.329,0.039623318025455,-53.61463863936108,3.0
2025-03-10 13:17:44.348,0.0408913887724383,-55.08463512116315,3.0
2025-03-10 13:17:44.368,0.0405238400161355,-57.19376524981524,3.0
2025-03-10 13:17:44.387,0.0387007208050181,-59.77689012541822,3.0
2025-03-10 13:17:44.407,0.0357633619174339,-62.44947341777685,3.0
2025-03-10 13:17:44.426,0.0321226937470219,-64.65127607804185,3.0
2025-03-10 13:17:44.446,0.0281606330509331,-65.7183648282198,3.0
2025-03-10 13:17:44.465,0.0241494532844266,-64.97805028299923,3.0
2025-03-10 13:17:44.485,0.0202090384626074,-61.85647321254224,3.0
2025-03-10 13:17:44.504,0.0163105570488383,-55.983288124868,3.0
2025-03-10 13:17:44.524,0.0123207766549863,-47.274188520101895,3.0
2025-03-10 13:17:44.543,0.008069625171401,-35.97212977915758,3.0
2025-03-10 13:17:44.563,0.0034190104941726,-22.633573737618143,3.0
2025-03-10 13:17:44.583,-0.0016859487576721,-8.056723706598587,3.0
2025-03-10 13:17:44.602,-0.0071936000210328,6.837755301426268,3.0
2025-03-10 13:17:44.622,-0.0129506032464996,21.150445931391573,3.0
2025-03-10 13:17:44.641,-0.0187276072809736,34.14054081065652,3.0
2025-03-10 13:17:44.661,-0.0242555997191981,45.325938697636666,3.0
2025-03-10 13:17:44.680,-0.0292641017334531,54.523017247369474,3.0
2025-03-10 13:17:44.700,-0.0335152232922752,61.81709922523328,3.0
2025-03-10 13:17:44.719,-0.0368298959403102,67.47148559229079,3.0
2025-03-10 13:17:44.739,-0.0391041315021896,71.79842328436932,3.0
2025-03-10 13:17:44.758,-0.0403145092569588,75.0255837004184,3.0
2025-03-10 13:17:44.778,-0.0405133975541966,77.19369341257118,3.0
2025-03-10 13:17:44.797,-0.0398154883821819,78.11384077488023,3.0
2025-03-10 13:17:44.817,-0.0383781965502528,77.3979804821895,3.0
2025-03-10 13:17:44.836,-0.0363794102961355,74.55692322804369,3.0
2025-03-10 13:17:44.856,-0.0339964359169533,69.14185419294077,3.0
2025-03-10 13:17:44.876,-0.0313891637583256,60.89342780800813,3.0
2025-03-10 13:17:44.895,-0.0286887921734577,49.86020158872175,3.0
2025-03-10 13:17:44.915,-0.0259919981347762,36.455985468243405,3.0
2025-03-10 13:17:44.934,-0.0233600017775874,21.44085373236213,3.0
2025-03-10 13:17:44.954,-0.0208221252980201,5.828503887463063,3.0
2025-03-10 13:17:44.973,-0.0183832770386636,-9.261232356269856,3.0
2025-03-10 13:17:44.993,-0.0160340330885276,-22.774884801191646,3.0
2025-03-10 13:17:45.012,-0.0137611674798884,-33.88872251140349,3.0
2025-03-10 13:17:45.032,-0.0115562316668133,-42.13163471781777,3.0
2025-03-10 13:17:45.051,-0.0094203343467299,-47.44491931184074,3.0
2025-03-10 13:17:45.071,-0.007364431395889,-50.169084671953925,3.0
2025-03-10 13:17:45.090,-0.0054057996431301,-50.96161762585732,3.0
2025-03-10 13:17:45.110,-0.0035625055226272,-50.66194041112088,3.0
2025-03-10 13:17:45.129,-0.0018482215331782,-50.12838436026405,3.0
2025-03-10 13:17:45.149,-0.0002694554731092,-50.07580492682648,3.0
2025-03-10 13:17:45.168,0.0011738538739647,-50.94131910254644,3.0
2025-03-10 13:17:45.188,0.0024849908025187,-52.800283161664936,3.0
2025-03-10 13:17:45.208,0.0036663061325031,-55.34627253746443,3.0
2025-03-10 13:17:45.227,0.0047165524926509,-57.93881555950552,3.0
2025-03-10 13:17:45.247,0.0056311927946996,-59.71218606331951,3.0
2025-03-10 13:17:45.266,0.006405619610424,-59.72877599503104,3.0
2025-03-10 13:17:45.286,0.0070397870389089,-57.15256548034338,3.0
2025-03-10 13:17:45.305,0.0075421178993675,-51.41322065916802,3.0
2025-03-10 13:17:45.325,0.007930933091572,-42.33068552325894,3.0
2025-03-10 13:17:45.344,0.0082327797383687,-30.17488634844719,3.0
2025-03-10 13:17:45.364,0.0084783075590255,-15.645648135676629,3.0
2025-03-10 13:17:45.383,0.008697140114274,0.2270155064155528,3.0
2025-03-10 13:17:45.403,0.0089132141987469,16.245336590171004,3.0
2025-03-10 13:17:45.422,0.0091415089761046,31.237731539947287,3.0
2025-03-10 13:17:45.442,0.0093864525727676,44.24510340686995,3.0
2025-03-10 13:17:45.461,0.0096419626765589,54.661231617922176,3.0
2025-03-10 13:17:45.481,0.0098930318509298,62.29861690549848,3.0
2025-03-10 13:17:45.501,0.0101187028085976,67.36728208414682,3.0
2025-03-10 13:17:45.520,0.0102960053982288,70.37290722600866,3.0
2025-03-10 13:17:45.540,0.010404093862738,71.9581356852503,3.0
2025-03-10 13:17:45.559,0.0104277125566409,72.7232135208125,3.0
2025-03-10 13:17:45.579,0.0103593424749582,73.06667921233094,3.0
2025-03-10 13:17:45.598,0.0101998163541266,73.08246679427106,3.0
2025-03-10 13:17:45.618,0.0099576019199494,72.53717299753494,3.0
2025-03-10 13:17:45.637,0.0096471480879053,70.93286806185975,3.0
2025-03-10 13:17:45.657,0.0092866458739776,67.64075490630471,3.0
2025-03-10 13:17:45.676,0.0088954423093627,62.07402464006224,3.0
2025-03-10 13:17:45.696,0.0084913545615084,53.85878357231818,3.0
2025-03-10 13:17:45.715,0.0080882715479171,42.96250948901988,3.0
2025-03-10 13:17:45.735,0.0076945188747101,29.74997900989457,3.0
2025-03-10 13:17:45.754,0.0073123384010824,14.954058165655626,3.0
2025-03-10 13:17:45.774,0.0069385289093341,-0.431592693339989,3.0
2025-03-10 13:17:45.794,0.006565980131913,-15.31395379272212,3.0
2025-03-10 13:17:45.813,0.006185647120352,-28.681815421043247,3.0
2025-03-10 13:17:45.833,0.0057884914849057,-39.76983790899203,3.0
2025-03-10 13:17:45.852,0.0053670373567753,-48.173806288164975,3.0
2025-03-10 13:17:45.872,0.0049163963399081,-53.89625379383458,3.0
2025-03-10 13:17:45.891,0.0044348117121709,-57.31562856733851,3.0
2025-03-10 13:17:45.911,0.0039238734371222,-59.08657907943292,3.0
2025-03-10 13:17:45.930,0.0033885566823849,-59.99127570625404,3.0
2025-03-10 13:17:45.950,0.0028371843785139,-60.77005822773215,3.0
2025-03-10 13:17:45.969,0.0022813254870692,-61.96294897018415,3.0
2025-03-10 13:17:45.989,0.0017355046901589,-63.79140943606877,3.0
2025-03-10 13:17:46.008,0.0012164643758276,-66.10267294385262,3.0
2025-03-10 13:17:46.028,0.000741706734061,-68.3882165135814,3.0
2025-03-10 13:17:46.047,0.0003272335305812,-69.874994307233,3.0
2025-03-10 13:17:46.067,-1.5266269705541784e-05,-69.67472908348093,3.0
2025-03-10 13:17:46.086,-0.0002812091783976,-66.96484906760654,3.0
2025-03-10 13:17:46.106,-0.0004751273224848,-61.1667748812748,3.0
2025-03-10 13:17:46.126,-0.0006111276758295,-52.08536862184483,3.0
2025-03-10 13:17:46.145,-0.0007112582656938,-39.97892661073343,3.0
2025-03-10 13:17:46.165,-0.0008017228520168,-25.54205439944005,3.0
2025-03-10 13:17:46.184,-0.0009075476634548,-9.80191926199968,3.0
2025-03-10 13:17:46.204,-0.0010469307891594,6.0523526311035605,3.0
2025-03-10 13:17:46.223,-0.0012268197398872,20.871849731578944,3.0
2025-03-10 13:17:46.243,-0.0014410729961171,33.73866566798898,3.0
2025-03-10 13:17:46.262,-0.0016718936507966,44.1045603920734,3.0
2025-03-10 13:17:46.282,-0.0018943098610227,51.84829452330243,3.0
2025-03-10 13:17:46.301,-0.0020826178764439,57.2405790789409,3.0
2025-03-10 13:17:46.321,-0.0022171581619206,60.82620122439331,3.0
2025-03-10 13:17:46.340,-0.0022897192743143,63.25147146705347,3.0
2025-03-10 13:17:46.360,-0.002306249706574,65.07761488374395,3.0
2025-03-10 13:17:46.379,-0.002286254268739,66.62419030196934,3.0
2025-03-10 13:17:46.399,-0.0022590705758223,67.8799718188582,3.0
2025-03-10 13:17:46.419,-0.0022579746382401,68.50310621614145,3.0
2025-03-10 13:17:46.438,-0.0023135403226015,67.91109787779098,3.0
2025-03-10 13:17:46.458,-0.0024477237985653,65.43918364124883,3.0
2025-03-10 13:17:46.477,-0.0026698074247105,60.52837053101575,3.0
2025-03-10 13:17:46.497,-0.0029748258989621,52.89641559571059,3.0
2025-03-10 13:17:46.516,-0.0033445952923455,42.6487419859979,3.0
2025-03-10 13:17:46.536,-0.0037510345133752,30.30100025538731,3.0
2025-03-10 13:17:46.555,-0.0041610980387082,16.706850268425693,3.0
2025-03-10 13:17:46.575,-0.0045423305899986,2.9076939816785874,3.0
2025-03-10 13:17:46.594,-0.0048678788201072,-10.060468343248113,3.0
2025-03-10 13:17:46.614,-0.0051198779222834,-21.35849959002892,3.0
2025-03-10 13:17:46.633,-0.0052905391671571,-30.49069261038406,3.0
2025-03-10 13:17:46.653,-0.0053808981179372,-37.37428726722356,3.0
2025-03-10 13:17:46.672,-0.0053978225331481,-42.31750247333815,3.0
2025-03-10 13:17:46.692,-0.0053503134666428,-45.91191233730277,3.0
2025-03-10 13:17:46.712,-0.0052462442183359,-48.8635284731321,3.0
2025-03-10 13:17:46.731,-0.0050904599624236,-51.80006648850329,3.0
2025-03-10 13:17:46.751,-0.0048846808442847,-55.09705036731638,3.0
2025-03-10 13:17:46.770,-0.0046290407465806,-58.76166756432667,3.0
2025-03-10 13:17:46.790,-0.0043245285443341,-62.40135637914157,3.0
2025-03-10 13:17:46.809,-0.0039752851891896,-65.28629899600841,3.0
2025-03-10 13:17:46.829,-0.0035897994193614,-66.49482261175078,3.0
2025-03-10 13:17:46.848,-0.003180516932586,-65.11230376665394,3.0
2025-03-10 13:17:46.868,-0.0027620175195124,-60.44155353255062,3.0
2025-03-10 13:17:46.887,-0.0023484323827038,-52.17893753916114,3.0
2025-03-10 13:17:46.907,-0.0019509726197466,-40.51696198646504,3.0
2025-03-10 13:17:46.926,-0.0015763012941621,-26.14960079253509,3.0
2025-03-10 13:17:46.946,-0.001226130719971,-10.17769616557839,3.0
2025-03-10 13:17:46.965,-0.0008980268632173,6.066720407798066,3.0
2025-03-10 13:17:46.985,-0.0005870734510399,21.241384786182724,3.0
2025-03-10 13:17:47.004,-0.0002878575579709,34.2153769048883,3.0
2025-03-10 13:17:47.024,3.773164689979281e-06,44.247287915646304,3.0
2025-03-10 13:17:47.044,0.00028957080977,51.08540572127488,3.0
2025-03-10 13:17:47.063,0.0005685124917191,54.97140744789365,3.0
2025-03-10 13:17:47.083,0.0008371369019312,56.54842652427238,3.0
2025-03-10 13:17:47.102,0.001090420810218,56.69330848423228,3.0
2025-03-10 13:17:47.122,0.001322949948767,56.30781876984594,3.0
2025-03-10 13:17:47.141,0.001530086865234,56.11172282666102,3.0
2025-03-10 13:17:47.161,0.0017088470642169,56.48042803440473,3.0
2025-03-10 13:17:47.180,0.0018582967797668,57.36113507808108,3.0
2025-03-10 13:17:47.200,0.0019794477622853,58.28564258853846,3.0
2025-03-10 13:17:47.219,0.0020747691729728,58.477971267327895,3.0
2025-03-10 13:17:47.239,0.0021475147672992,57.034724448980576,3.0
2025-03-10 13:17:47.258,0.0022010799184608,53.13981540529841,3.0
2025-03-10 13:17:47.278,0.0022385726353794,46.26661806960555,3.0
2025-03-10 13:17:47.297,0.0022627023931495,36.3221705544382,3.0
2025-03-10 13:17:47.317,0.0022759642724344,23.70012831213723,3.0
2025-03-10 13:17:47.337,0.0022809572432975,9.22949185315158,3.0
2025-03-10 13:17:47.356,0.002280585045739,-5.969925843150772,3.0
2025-03-10 13:17:47.376,0.0022779162912649,-20.69273007891055,3.0
2025-03-10 13:17:47.395,0.0022756529084834,-33.867544507445515,3.0
2025-03-10 13:17:47.415,0.0022753888679708,-44.74204754917759,3.0
2025-03-10 13:17:47.434,0.0022769742091957,-52.99336557899294,3.0
2025-03-10 13:17:47.454,0.0022782426442133,-58.74148309605594,3.0
2025-03-10 13:17:47.473,0.0022751839526824,-62.46549943173993,3.0
2025-03-10 13:17:47.493,0.0022624903318554,-64.84410013739117,3.0
2025-03-10 13:17:47.512,0.0022343561068731,-66.55797562684592,3.0
2025-03-10 13:17:47.532,0.0021854308032781,-68.09984188968293,3.0
2025-03-10 13:17:47.551,0.0021118366164459,-69.63564972119094,3.0
2025-03-10 13:17:47.571,0.0020121141633559,-70.94891442974165,3.0
2025-03-10 13:17:47.590,0.0018878834073048,-71.48123668127799,3.0
2025-03-10 13:17:47.610,0.0017439844216128,-70.46007334758161,3.0
2025-03-10 13:17:47.629,0.0015879591494025,-67.08466972747394,3.0
2025-03-10 13:17:47.649,0.0014289307667984,-60.727640180089104,3.0
2025-03-10 13:17:47.669,0.0012761354262965,-51.10637483451024,3.0
2025-03-10 13:17:47.688,0.0011374577485419,-38.38604884350412,3.0
2025-03-10 13:17:47.708,0.001018277930737,-23.192270514194124,3.0
2025-03-10 13:17:47.727,0.0009208069897618,-6.531719733138493,3.0
2025-03-10 13:17:47.747,0.0008439621633646,10.361735926082652,3.0
2025-03-10 13:17:47.766,0.000783762825395,26.22398011265878,3.0
2025-03-10 13:17:47.786,0.0007341723344999,39.962220899868,3.0
2025-03-10 13:17:47.805,0.0006882304774535,50.82307923747753,3.0
2025-03-10 13:17:47.825,0.0006392426275176,58.496032583210926,3.0
2025-03-10 13:17:47.844,0.0005817848144188,63.13346724239116,3.0
2025-03-10 13:17:47.864,0.0005123743236767,65.2844273441821,3.0
2025-03-10 13:17:47.883,0.0004297869870478,65.75556979690364,3.0
2025-03-10 13:17:47.903,0.0003350819506198,65.42674284633435,3.0
2025-03-10 13:17:47.922,0.0002313834984643,65.05735390320815,3.0
2025-03-10 13:17:47.942,0.0001234187305959,65.12163440975984,3.0
2025-03-10 13:17:47.962,1.679561189561225e-05,65.70565707271464,3.0
2025-03-10 13:17:47.981,-8.294454935367325e-05,66.4873825797826,3.0
2025-03-10 13:17:48.001,-0.0001713778339892,66.8050576730188,3.0
2025-03-10 13:17:48.020,-0.0002461460690853,65.801703733406,3.0
2025-03-10 13:17:48.040,-0.0003075515911463,62.617445869837866,3.0
2025-03-10 13:17:48.059,-0.0003585567939707,56.59033034761125,3.0
2025-03-10 13:17:48.079,-0.0004040401807155,47.42286461408825,3.0
2025-03-10 13:17:48.098,-0.0004493728651378,35.27732811023756,3.0
2025-03-10 13:17:48.118,-0.0004986829034131,20.77744223546569,3.0
2025-03-10 13:17:48.137,-0.0005534199107696,4.914372938373602,3.0
2025-03-10 13:17:48.157,-0.000611814988645,-11.12349333849622,3.0
2025-03-10 13:17:48.176,-0.0006694844050203,-26.16033026400992,3.0
2025-03-10 13:17:48.196,-0.0007209360526392,-39.23679520408331,3.0
2025-03-10 13:17:48.215,-0.000761403413337,-49.764379793943824,3.0
2025-03-10 13:17:48.235,-0.0007883996179987,-57.59791036395769,3.0
2025-03-10 13:17:48.255,-0.0008025711376457,-63.01221236370528,3.0
2025-03-10 13:17:48.274,-0.0008076820345509,-66.5899349100596,3.0
2025-03-10 13:17:48.294,-0.0008097967024686,-69.04673034990816,3.0
2025-03-10 13:17:48.313,-0.0008159213105778,-71.03342395032695,3.0
2025-03-10 13:17:48.333,-0.0008324621356359,-72.95968251189922,3.0
2025-03-10 13:17:48.352,-0.0008638315966716,-74.87889764504297,3.0
2025-03-10 13:17:48.372,-0.0009114261074874,-76.46044593593993,3.0
2025-03-10 13:17:48.391,-0.0009731000563126,-77.05599009616522,3.0
2025-03-10 13:17:48.411,-0.0010432143911124,-75.84525402503864,3.0
2025-03-10 13:17:48.430,-0.0011133223677565,-72.0285345372536,3.0
2025-03-10 13:17:48.450,-0.0011734984439278,-65.0224717952248,3.0
2025-03-10 13:17:48.469,-0.00121417151246,-54.615095343994334,3.0
2025-03-10 13:17:48.489,-0.0012281333719759,-41.04610888020345,3.0
2025-03-10 13:17:48.508,-0.0012122641337163,-24.99602779765307,3.0
2025-03-10 13:17:48.528,-0.0011685201786048,-7.488247438973637,3.0
2025-03-10 13:17:48.547,-0.0011038667572434,10.273779000400978,3.0
2025-03-10 13:17:48.567,-0.0010290746078868,27.09996521257989,3.0
2025-03-10 13:17:48.587,-0.0009565943457225,41.99866907386689,3.0
2025-03-10 13:17:48.606,-0.0008979927401389,54.31716748969071,3.0
2025-03-10 13:17:48.626,-0.000861573343405,63.81052629914181,3.0
2025-03-10 13:17:48.645,-0.0008507500812772,70.62630765400768,3.0
2025-03-10 13:17:48.665,-0.0008635328217278,75.20991073322989,3.0
2025-03-10 13:17:48.684,-0.0008932060368438,78.15231705657224,3.0
2025-03-10 13:17:48.704,-0.0009300023423091,80.01488919475291,3.0
2025-03-10 13:17:48.723,-0.0009633335695297,81.17146817588068,3.0
2025-03-10 13:17:48.743,-0.0009840006162319,81.70461094162538,3.0
2025-03-10 13:17:48.762,-0.0009858297384089,81.38074128079417,3.0
2025-03-10 13:17:48.782,-0.0009663911072202,79.71074043252987,3.0
2025-03-10 13:17:48.801,-0.0009267614417901,76.08223563117555,3.0
2025-03-10 13:17:48.821,-0.0008705683926221,69.93244535396862,3.0
2025-03-10 13:17:48.840,-0.0008027109284138,60.920332396366646,3.0
2025-03-10 13:17:48.860,-0.0007281625656834,49.05674216229468,3.0
2025-03-10 13:17:48.880,-0.0006511516542818,34.76128580711263,3.0
2025-03-10 13:17:48.899,-0.0005748180006699,18.832236731173897,3.0
2025-03-10 13:17:48.919,-0.0005012359130047,2.3358702891967367,3.0
2025-03-10 13:17:48.938,-0.0004315669421613,-13.560688448894451,3.0
2025-03-10 13:17:48.958,-0.0003661397606403,-27.77786737138854,3.0
2025-03-10 13:17:48.977,-0.0003044169634084,-39.49517468499613,3.0
2025-03-10 13:17:48.997,-0.0002449525707522,-48.27290738193156,3.0
2025-03-10 13:17:49.016,-0.0001854629733259,-54.10251136727094,3.0
2025-03-10 13:17:49.036,-0.000123071803134,-57.378834344173285,3.0
2025-03-10 13:17:49.055,-5.4743990858190135e-05,-58.80241408516835,3.0
2025-03-10 13:17:49.075,2.2092439259268605e-05,-59.23212864746682,3.0
2025-03-10 13:17:49.094,0.0001087887384976,-59.51606317227919,3.0
2025-03-10 13:17:49.114,0.0002047459513274,-60.33052015499834,3.0
2025-03-10 13:17:49.133,0.0003069894901702,-62.054013622743376,3.0
2025-03-10 13:17:49.153,0.0004103281711083,-64.6959906158607,3.0
2025-03-10 13:17:49.173,0.0005082232552372,-67.89052211120394,3.0
2025-03-10 13:17:49.192,0.0005942390962487,-70.95492104505288,3.0
2025-03-10 13:17:49.212,0.0006637187075657,-73.0034780038356,3.0
2025-03-10 13:17:49.231,0.0007152272103352,-73.09816997117036,3.0
2025-03-10 13:17:49.251,0.0007513665604791,-70.4120458597747,3.0
2025-03-10 13:17:49.270,0.0007787431716514,-64.37792101979771,3.0
2025-03-10 13:17:49.290,0.0008070791610867,-54.796118097186834,3.0
2025-03-10 13:17:49.309,0.0008476308086453,-41.88113716830705,3.0
2025-03-10 13:17:49.329,0.0009111936734761,-26.23814815953011,3.0
2025-03-10 13:17:49.348,0.001006029883266,-8.774206770166824,3.0
2025-03-10 13:17:49.368,0.0011360563312385,9.437281854861778,3.0
2025-03-10 13:17:49.387,0.0012996087759567,27.31077871507351,3.0
2025-03-10 13:17:49.407,0.0014890575780206,43.89040675258924,3.0
2025-03-10 13:17:49.426,0.0016914663772783,58.452179934980805,3.0
2025-03-10 13:17:49.446,0.0018903179895304,70.54926861464457,3.0
2025-03-10 13:17:49.465,0.0020680802527782,79.99630790837172,3.0
2025-03-10 13:17:49.485,0.002209110325185,86.80301591950982,3.0
2025-03-10 13:17:49.505,0.0023022268283116,91.0792601491797,3.0
2025-03-10 13:17:49.524,0.0023423319802479,92.94010608662794,3.0
2025-03-10 13:17:49.544,0.0023307414631869,92.43831810175485,3.0
2025-03-10 13:17:49.563,0.0022742568840489,89.54320381091475,3.0
2025-03-10 13:17:49.583,0.0021833386953349,84.17076825758055,3.0
2025-03-10 13:17:49.602,0.0020699032447307,76.25482967296104,3.0
2025-03-10 13:17:49.622,0.0019452583966895,65.83661664485751,3.0
2025-03-10 13:17:49.641,0.0018185552452135,53.14501285167575,3.0
2025-03-10 13:17:49.661,0.0016959397623529,38.6423039600591,3.0
2025-03-10 13:17:49.680,0.0015804014939863,23.0195820613302,3.0
2025-03-10 13:17:49.700,0.0014721789052604,7.138669135947706,3.0
2025-03-10 13:17:49.719,0.0013695093952132,-8.069899043482582,3.0
2025-03-10 13:17:49.739,0.0012694998230522,-21.733255700558374,3.0
2025-03-10 13:17:49.758,0.0011689207434043,-33.16174076221993,3.0
2025-03-10 13:17:49.778,0.0010647811091779,-41.94819195865462,3.0
2025-03-10 13:17:49.798,0.0009546242443781,-48.02095827909088,3.0
2025-03-10 13:17:49.817,0.0008365913258935,-51.64029268011534,3.0
2025-03-10 13:17:49.837,0.0007093709611314,-53.3393396462561,3.0
2025-03-10 13:17:49.856,0.0005721457732894,-53.82151435480011,3.0
2025-03-10 13:17:49.876,0.0004245932893725,-53.83337440531202,3.0
2025-03-10 13:17:49.895,0.0002669661327392,-54.03497982026131,3.0
2025-03-10 13:17:49.915,0.0001002664496247,-54.88836812719367,3.0
2025-03-10 13:17:49.934,-7.350748116334196e-05,-56.580240723357726,3.0
2025-03-10 13:17:49.954,-0.0002511382493906,-58.98877100234468,3.0
2025-03-10 13:17:49.973,-0.0004281478367824,-61.69795770008113,3.0
2025-03-10 13:17:49.993,-0.0005990870955242,-64.05697682145563,3.0
2025-03-10 13:17:50.012,-0.0007581994830003,-65.27673788631023,3.0
2025-03-10 13:17:50.032,-0.000900334105377,-64.55118313286074,3.0
2025-03-10 13:17:50.051,-0.0010218485799712,-61.18678152524493,3.0
2025-03-10 13:17:50.071,-0.0011212255951982,-54.72075004507192,3.0
2025-03-10 13:17:50.091,-0.0011992303292283,-45.008027520349245,3.0
2025-03-10 13:17:50.110,-0.0012585944538951,-32.26032148711819,3.0
2025-03-10 13:17:50.130,-0.0013033540519849,-17.028239591086084,3.0
2025-03-10 13:17:50.149,-0.0013380475630105,-0.1285814607464044,3.0
2025-03-10 13:17:50.169,-0.0013669817868038,17.469374396976868,3.0
2025-03-10 13:17:50.188,-0.0013937131608531,34.7756776440933,3.0
2025-03-10 13:17:50.208,-0.0014208076960706,50.90295944016376,3.0
2025-03-10 13:17:50.227,-0.0014498752769079,65.15708980104068,3.0
2025-03-10 13:17:50.247,-0.0014818171865803,77.07943839092295,3.0
2025-03-10 13:17:50.266,-0.0015171556229369,86.43682858599368,3.0
2025-03-10 13:17:50.286,-0.0015562682075362,93.16799749672248,3.0
2025-03-10 13:17:50.305,-0.0015994049296927,97.305800470111,3.0
2025-03-10 13:17:50.325,-0.0016465113547004,98.89979323323064,3.0
2025-03-10 13:17:50.344,-0.0016970099257318,97.9626003676866,3.0
2025-03-10 13:17:50.364,-0.0017497156685173,94.45574761589351,3.0
2025-03-10 13:17:50.383,-0.0018030006172264,88.31840253566638,3.0
2025-03-10 13:17:50.403,-0.0018552239104603,79.52928112605636,3.0
2025-03-10 13:17:50.423,-0.0019053278533985,68.18189643860266,3.0
2025-03-10 13:17:50.442,-0.0019533857348713,54.54941129574095,3.0
2025-03-10 13:17:50.462,-0.0020008435543279,39.11840599154348,3.0
2025-03-10 13:17:50.481,-0.0020502791795254,22.57922885411501,3.0
2025-03-10 13:17:50.501,-0.002104676786728,5.771268913610122,3.0
2025-03-10 13:17:50.520,-0.0021663933763245,-10.408317860413476,3.0
2025-03-10 13:17:50.540,-0.0022361079882937,-25.116003412797763,3.0
2025-03-10 13:17:50.559,-0.0023120680603034,-37.67247741179464,3.0
2025-03-10 13:17:50.579,-0.0023898850905352,-47.65119281281444,3.0
2025-03-10 13:17:50.598,-0.0024630016310383,-54.92782349570123,3.0
2025-03-10 13:17:50.618,-0.0025237823200531,-59.68157815249112,3.0
2025-03-10 13:17:50.637,-0.0025650108448524,-62.34915882977926,3.0
2025-03-10 13:17:50.657,-0.0025814464409785,-63.54126455720446,3.0
2025-03-10 13:17:50.676,-0.0025710505432142,-63.9376543727907,3.0
2025-03-10 13:17:50.696,-0.0025355573401616,-64.17875243980305,3.0
2025-03-10 13:17:50.716,-0.0024802057749482,-64.76984645212104,3.0
2025-03-10 13:17:50.735,-0.0024126167743841,-66.00946474188305,3.0
2025-03-10 13:17:50.755,-0.0023409518926265,-67.94834491380198,3.0
2025-03-10 13:17:50.774,-0.0022716313771339,-70.38105036991655,3.0
2025-03-10 13:17:50.794,-0.0022070167524408,-72.86941749323968,3.0
2025-03-10 13:17:50.813,-0.0021435370764134,-74.79531843650983,3.0
2025-03-10 13:17:50.833,-0.0020707182067235,-75.43874042380537,3.0
2025-03-10 13:17:50.852,-0.0019714479906428,-74.07489419452487,3.0
2025-03-10 13:17:50.872,-0.0018235934005457,-70.08056556496666,3.0
2025-03-10 13:17:50.891,-0.0016028185590198,-63.03588849193589,3.0
2025-03-10 13:17:50.911,-0.0012861974946941,-52.80485712740291,3.0
2025-03-10 13:17:50.930,-0.0008560408813192,-39.57826406223464,3.0
2025-03-10 13:17:50.950,-0.0003033089085829,-23.86764968689145,3.0
2025-03-10 13:17:50.969,0.0003699232240502,-6.447888555994757,3.0
2025-03-10 13:17:50.989,0.0011492608255735,11.742979282187823,3.0
2025-03-10 13:17:51.008,0.0020080854825633,29.728303283158247,3.0
2025-03-10 13:17:51.028,0.0029088060998269,46.61762547014292,3.0
2025-03-10 13:17:51.048,0.0038051548356416,61.70726093800489,3.0
2025-03-10 13:17:51.067,0.0046456196746127,74.5373436503683,3.0
2025-03-10 13:17:51.087,0.0053782001731536,84.89566891389565,3.0
2025-03-10 13:17:51.106,0.005956368312,92.77089163772258,3.0
2025-03-10 13:17:51.126,0.0063454263454088,98.26976571366696,3.0
2025-03-10 13:17:51.145,0.0065277932755368,101.52211401882656,3.0
2025-03-10 13:17:51.165,0.0065056322865889,102.6005170173222,3.0
2025-03-10 13:17:51.184,0.0062998393957741,101.47793341073884,3.0
2025-03-10 13:17:51.204,0.00594548901459,98.03604379974408,3.0
2025-03-10 13:17:51.223,0.0054848981342443,92.122487814895,3.0
2025-03-10 13:17:51.243,0.0049601278877221,83.64045940085151,3.0
2025-03-10 13:17:51.262,0.0044068051431061,72.64394623101195,3.0
2025-03-10 13:17:51.282,0.0038506531329332,59.40963072061604,3.0
2025-03-10 13:17:51.301,0.0033072783196941,44.46278347182122,3.0
2025-03-10 13:17:51.321,0.0027848525966152,28.547043381896763,3.0
2025-03-10 13:17:51.341,0.0022885862351686,12.542640792667395,3.0
2025-03-10 13:17:51.360,0.0018254462145738,-2.6497353528330314,3.0
2025-03-10 13:17:51.380,0.0014075204065994,-16.234426234721287,3.0
2025-03-10 13:17:51.399,0.0010527953580582,-27.629029691017276,3.0
2025-03-10 13:17:51.419,0.0007828424171312,-36.53334888582416,3.0
2025-03-10 13:17:51.438,0.0006178227556093,-42.94662936471328,3.0
2025-03-10 13:17:51.458,0.0005701049606113,-47.13277022798109,3.0
2025-03-10 13:17:51.477,0.0006384144241622,-49.54474869751273,3.0
2025-03-10 13:17:51.497,0.0008045640095111,-50.72759450617701,3.0
2025-03-10 13:17:51.516,0.0010342465742703,-51.22201498637297,3.0
2025-03-10 13:17:51.536,0.0012821213541187,-51.48781060068683,3.0
2025-03-10 13:17:51.555,0.0014999210441197,-51.858684705462586,3.0
2025-03-10 13:17:51.575,0.0016452499339523,-52.53028986608023,3.0
2025-03-10 13:17:51.594,0.0016886498176132,-53.574245810477024,3.0
2025-03-10 13:17:51.614,0.0016173192156187,-54.96499961444032,3.0
2025-03-10 13:17:51.634,0.0014350791146813,-56.60532234333319,3.0
2025-03-10 13:17:51.653,0.0011592523055803,-58.3399989943357,3.0
2025-03-10 13:17:51.673,0.0008157395374889,-59.95443384971779,3.0
2025-03-10 13:17:51.692,0.0004336583841695,-61.16299446333706,3.0
2025-03-10 13:17:51.712,4.061403110553094e-05,-61.598195898351406,3.0
2025-03-10 13:17:51.731,-0.0003407426815815,-60.814052492759735,3.0
2025-03-10 13:17:51.751,-0.0006945711261344,-58.31411837501696,3.0
2025-03-10 13:17:51.770,-0.0010121000386861,-53.60758596036537,3.0
2025-03-10 13:17:51.790,-0.0012905576389571,-46.28756280311693,3.0
2025-03-10 13:17:51.809,-0.0015313106754191,-36.11742940857848,3.0
2025-03-10 13:17:51.829,-0.0017379102458739,-23.10687970403665,3.0
2025-03-10 13:17:51.848,-0.0019146572015295,-7.56033361815312,3.0
2025-03-10 13:17:51.868,-0.002065961349549,9.913706901580833,3.0
2025-03-10 13:17:51.887,-0.0021963584282984,28.435457927654944,3.0
2025-03-10 13:17:51.907,-0.0023107949190595,46.9240467367796,3.0
2025-03-10 13:17:51.926,-0.002414781313477,64.19505362791843,3.0
2025-03-10 13:17:51.946,-0.0025141719123241,79.07321139222509,3.0
2025-03-10 13:17:51.966,-0.0026145206698396,90.50820493805584,3.0
2025-03-10 13:17:51.985,-0.0027201147371357,97.6824532130101,3.0
2025-03-10 13:17:52.005,-0.0028329083517609,100.10036795476928,3.0
2025-03-10 13:17:52.024,-0.0029516787580655,97.64876931612967,3.0
2025-03-10 13:17:52.044,-0.0030717479449216,90.6188942755598,3.0
2025-03-10 13:17:52.063,-0.0031854923332772,79.683174656139,3.0
2025-03-10 13:17:52.083,-0.0032836154939639,65.82545587978856,3.0
2025-03-10 13:17:52.102,-0.0033568949795597,50.23093101628894,3.0
2025-03-10 13:17:52.122,-0.003397945225467,34.14980688171682,3.0
2025-03-10 13:17:52.141,-0.003402516428548,18.75425052880165,3.0
2025-03-10 13:17:52.161,-0.0033699734812532,5.009911434501982,3.0
2025-03-10 13:17:52.180,-0.0033028354956328,-6.418998959833949,3.0
2025-03-10 13:17:52.200,-0.0032055417548691,-15.217742396732628,3.0
2025-03-10 13:17:52.219,-0.0030828552523067,-21.416694884700927,3.0
2025-03-10 13:17:52.239,-0.002938425985338,-25.337720024038354,3.0
2025-03-10 13:17:52.259,-0.002773957821983,-27.50242891220096,3.0
2025-03-10 13:17:52.278,-0.0025891869111736,-28.5195578931136,3.0
2025-03-10 13:17:52.298,-0.0023826008072441,-28.97174947285305,3.0
2025-03-10 13:17:52.317,-0.0021526249215925,-29.321428125930712,3.0
2025-03-10 13:17:52.337,-0.0018989176217535,-29.85121149956964,3.0
2025-03-10 13:17:52.356,-0.0016234228410104,-30.647115247099045,3.0
2025-03-10 13:17:52.376,-0.0013309123991707,-31.62411596842737,3.0
2025-03-10 13:17:52.395,-0.0010289035559056,-32.5852562579363,3.0
2025-03-10 13:17:52.415,-0.0007270167945316,-33.29916514520186,3.0
2025-03-10 13:17:52.434,-0.0004359728078852,-33.577841321246275,3.0
2025-03-10 13:17:52.454,-0.0001664714172226,-33.3372102933462,3.0
2025-03-10 13:17:52.473,7.185038576340891e-05,-32.62694363115671,3.0
2025-03-10 13:17:52.493,0.0002712845080833,-31.622415125765663,3.0
2025-03-10 13:17:52.512,0.0004267442881894,-30.579330307573933,3.0
2025-03-10 13:17:52.532,0.0005363285147723,-29.759318545704428,3.0
2025-03-10 13:17:52.552,0.000601763580706,-29.34143883632354,3.0
2025-03-10 13:17:52.571,0.0006286305395281,-29.338969019122928,3.0
2025-03-10 13:17:52.591,0.0006261866896056,-29.54200601903462,3.0
2025-03-10 13:17:52.610,0.0006065820027193,-29.503605690044942,3.0
2025-03-10 13:17:52.630,0.0005833978043651,-28.58029018342305,3.0
2025-03-10 13:17:52.649,0.0005696686196946,-26.027402699184268,3.0
2025-03-10 13:17:52.669,0.0005757877780526,-21.13762751757913,3.0
2025-03-10 13:17:52.688,0.0006078223313225,-13.399552928178812,3.0
2025-03-10 13:17:52.708,0.0006667075095745,-2.645377754326223,3.0
2025-03-10 13:17:52.727,0.0007485871906918,10.844762880745712,3.0
2025-03-10 13:17:52.747,0.0008462989803996,26.308718496627385,3.0
2025-03-10 13:17:52.766,0.0009517348473336,42.553156786284646,3.0
2025-03-10 13:17:52.786,0.0010585701615382,58.08770403136671,3.0
2025-03-10 13:17:52.805,0.0011646772976505,71.32391703612545,3.0
2025-03-10 13:17:52.825,0.0012734935646591,80.80669744969042,3.0
2025-03-10 13:17:52.844,0.0013937797680353,85.43770977855112,3.0
2025-03-10 13:17:52.864,0.0015375990327796,84.65002574449765,3.0
2025-03-10 13:17:52.884,0.0017168600545228,78.50109478354376,3.0
2025-03-10 13:17:52.903,0.0019392302391576,67.6660973932697,3.0
2025-03-10 13:17:52.923,0.0022044793643227,53.3328456017316,3.0
2025-03-10 13:17:52.942,0.0025022848725089,37.01835011367412,3.0
2025-03-10 13:17:52.962,0.0028122264308223,20.3415107996621,3.0
2025-03-10 13:17:52.981,0.0031061987583818,4.793010747947531,3.0
2025-03-10 13:17:53.001,0.0033528744898555,-8.458420215863555,3.0
2025-03-10 13:17:53.020,0.0035232636609825,-18.69341651782461,3.0
2025-03-10 13:17:53.040,0.0035960209435872,-25.687109381867828,3.0
2025-03-10 13:17:53.059,0.0035611569936821,-29.67177694147873,3.0
2025-03-10 13:17:53.079,0.0034212840032059,-31.23124928050436,3.0
2025-03-10 13:17:53.098,0.0031902722358922,-31.15192374501173,3.0
2025-03-10 13:17:53.118,0.0028898809839844,-30.26050248749152,3.0
2025-03-10 13:17:53.137,0.0025453302930021,-29.278035876845006,3.0
2025-03-10 13:17:53.157,0.0021808705910033,-28.7141217594002,3.0
2025-03-10 13:17:53.177,0.0018162481833446,-28.815567638434697,3.0
2025-03-10 13:17:53.196,0.0014646302842615,-29.57245412047349,3.0
2025-03-10 13:17:53.216,0.0011321526657034,-30.773570831617292,3.0
2025-03-10 13:17:53.235,0.000818912115034,-32.09465011690549,3.0
2025-03-10 13:17:53.255,0.0005210034142457,-33.19809273762971,3.0
2025-03-10 13:17:53.274,0.0002330688168855,-33.822502684373696,3.0
2025-03-10 13:17:53.294,-4.9240329675123575e-05,-33.84401829640646,3.0
2025-03-10 13:17:53.313,-0.0003274577844884,-33.29816848963304,3.0
2025-03-10 13:17:53.333,-0.000599537888685,-32.35940232389183,3.0
2025-03-10 13:17:53.352,-0.0008602147952627,-31.283992727333818,3.0
2025-03-10 13:17:53.372,-0.0011022532599912,-30.3292581695225,3.0
2025-03-10 13:17:53.391,-0.0013181360508398,-29.66683051163435,3.0
2025-03-10 13:17:53.411,-0.0015016523016499,-29.30926089194775,3.0
2025-03-10 13:17:53.430,-0.0016489271703883,-29.06725413122405,3.0
2025-03-10 13:17:53.450,-0.0017586457806147,-28.549389593055324,3.0
2025-03-10 13:17:53.469,-0.001831497415361,-27.20804442706884,3.0
2025-03-10 13:17:53.489,-0.0018690995213864,-24.42576008332805,3.0
2025-03-10 13:17:53.509,-0.0018727954742037,-19.62741425614732,3.0
2025-03-10 13:17:53.528,-0.0018427506905359,-12.397408044760343,3.0
2025-03-10 13:17:53.548,-0.0017777117689508,-2.579380248267622,3.0
2025-03-10 13:17:53.567,-0.0016756353439179,9.660649068341623,3.0
2025-03-10 13:17:53.587,-0.0015351231983481,23.81921491784033,3.0
2025-03-10 13:17:53.606,-0.0013572661867082,39.09036851995714,3.0
2025-03-10 13:17:53.626,-0.0011472432671794,54.44378172687542,3.0
2025-03-10 13:17:53.645,-0.0009149978626836,68.73312603118953,3.0
2025-03-10 13:17:53.665,-0.0006745716571127,80.81941717228455,3.0
2025-03-10 13:17:53.684,-0.000442129030822,89.69439343633692,3.0
2025-03-10 13:17:53.704,-0.0002331857101179,94.59071379145864,3.0
2025-03-10 13:17:53.723,-5.9873406435717554e-05,95.06759283418496,3.0
2025-03-10 13:17:53.743,7.092838926639528e-05,91.0621604024972,3.0
2025-03-10 13:17:53.762,0.0001581091168356,82.899055339483,3.0
2025-03-10 13:17:53.782,0.0002055275912325,71.25458345931624,3.0
2025-03-10 13:17:53.802,0.0002203474290489,57.07764011823088,3.0
2025-03-10 13:17:53.821,0.0002111095729839,41.47673973370818,3.0
2025-03-10 13:17:53.841,0.0001860651133795,25.589034515268597,3.0
2025-03-10 13:17:53.860,0.0001520913471527,10.451040498674033,3.0
2025-03-10 13:17:53.880,0.0001142691864834,-3.109381147012062,3.0
2025-03-10 13:17:53.899,7.598305297871468e-05,-14.544395728267482,3.0
2025-03-10 13:17:53.919,3.929536464712616e-05,-23.61252280982941,3.0
2025-03-10 13:17:53.938,5.3677133417107685e-06,-30.35967449134695,3.0
2025-03-10 13:17:53.958,-2.520848115050383e-05,-35.06230938244542,3.0
2025-03-10 13:17:53.977,-5.221656046633656e-05,-38.14595225283746,3.0
2025-03-10 13:17:53.997,-7.573687293304064e-05,-40.09549775898429,3.0
2025-03-10 13:17:54.016,-9.61468956186185e-05,-41.37374957634077,3.0
2025-03-10 13:17:54.036,-0.0001141658843811,-42.36152121772887,3.0
2025-03-10 13:17:54.055,-0.0001309043385469,-43.326876571662,3.0
2025-03-10 13:17:54.075,-0.0001478392355179,-44.42389016489029,3.0
2025-03-10 13:17:54.095,-0.0001666137436938,-45.71432567249181,3.0
2025-03-10 13:17:54.114,-0.000188621465548,-47.20061102055137,3.0
2025-03-10 13:17:54.134,-0.0002144688866496,-48.85673622436212,3.0
2025-03-10 13:17:54.153,-0.0002435247996835,-50.64569645799708,3.0
2025-03-10 13:17:54.173,-0.0002737807000945,-52.51735997801678,3.0
2025-03-10 13:17:54.192,-0.000302152210237,-54.38779414246797,3.0
2025-03-10 13:17:54.212,-0.0003251975414423,-56.10818202625037,3.0
2025-03-10 13:17:54.231,-0.0003400802199508,-57.43643423909105,3.0
2025-03-10 13:17:54.251,-0.0003455078539813,-58.02580994944466,3.0
2025-03-10 13:17:54.270,-0.0003423597591674,-57.44160597398441,3.0
2025-03-10 13:17:54.290,-0.0003337852319375,-55.20977257191205,3.0
2025-03-10 13:17:54.309,-0.0003246992815244,-50.89191395603318,3.0
2025-03-10 13:17:54.329,-0.0003207713966444,-44.172181097428,3.0
2025-03-10 13:17:54.348,-0.000327137718599,-34.93595128319743,3.0
2025-03-10 13:17:54.368,-0.0003471404830377,-23.32009037528254,3.0
2025-03-10 13:17:54.387,-0.0003813990550243,-9.720546323263134,3.0
2025-03-10 13:17:54.407,-0.0004274404257381,5.246519892319872,3.0
2025-03-10 13:17:54.427,-0.0004799859573009,20.822092105509046,3.0
2025-03-10 13:17:54.446,-0.0005318522759125,36.20269805432344,3.0
2025-03-10 13:17:54.466,-0.0005753211572429,50.63785651943232,3.0
2025-03-10 13:17:54.485,-0.0006037717830667,63.50591107681573,3.0
2025-03-10 13:17:54.505,-0.00061331530356,74.35416323181768,3.0
2025-03-10 13:17:54.524,-0.0006041150582111,82.89922354353523,3.0
2025-03-10 13:17:54.544,-0.0005810677144846,88.994324039168,3.0
2025-03-10 13:17:54.563,-0.0005536121618129,92.57905263352822,3.0
2025-03-10 13:17:54.583,-0.000534600534187,93.63106516154096,3.0
2025-03-10 13:17:54.602,-0.0005383371214085,92.13746506865228,3.0
2025-03-10 13:17:54.622,-0.0005780235214316,88.09609145351169,3.0
2025-03-10 13:17:54.641,-0.0006629526860858,81.54611095830293,3.0
2025-03-10 13:17:54.661,-0.0007958860049247,72.61654654953826,3.0
2025-03-10 13:17:54.680,-0.0009711005450566,61.57432479657872,3.0
2025-03-10 13:17:54.700,-0.0011735670302753,48.85247911980437,3.0
2025-03-10 13:17:54.720,-0.0013796075698819,35.04452135361989,3.0
2025-03-10 13:17:54.739,-0.0015591984868021,20.86070233758559,3.0
2025-03-10 13:17:54.759,-0.0016798140579739,7.0526386375575525,3.0
2025-03-10 13:17:54.778,-0.001711341374308,-5.678700546708385,3.0
2025-03-10 13:17:54.798,-0.0016312055802213,-16.77257533145492,3.0
2025-03-10 13:17:54.817,-0.0014285890315325,-25.8775318111463,3.0
2025-03-10 13:17:54.837,-0.0011066788390154,-32.88702294438356,3.0
2025-03-10 13:17:54.856,-0.0006823206683613,-37.93629539326986,3.0
2025-03-10 13:17:54.876,-0.0001832073651045,-41.36320603833319,3.0
2025-03-10 13:17:54.895,0.0003565236536071,-43.64209218127086,3.0
2025-03-10 13:17:54.915,0.0009010945433048,-45.303519967657095,3.0
2025-03-10 13:17:54.934,0.0014173895834288,-46.85322889705912,3.0
2025-03-10 13:17:54.954,0.0018784108360789,-48.70129954217937,3.0
2025-03-10 13:17:54.973,0.002265831868727,-51.108646929905525,3.0
2025-03-10 13:17:54.993,0.002571450486423,-54.153887296484406,3.0
2025-03-10 13:17:55.013,0.0027971064063965,-57.72075708782226,3.0
2025-03-10 13:17:55.032,0.0029527120325444,-61.50518252733423,3.0
2025-03-10 13:17:55.052,0.0030525044621672,-65.04143734046006,3.0
2025-03-10 13:17:55.071,0.0031102309473801,-67.74742102936924,3.0
2025-03-10 13:17:55.091,0.0031344635735097,-68.9885396138913,3.0
2025-03-10 13:17:55.110,0.0031254182423448,-68.1570602884334,3.0
2025-03-10 13:17:55.130,0.003074421711551,-64.75931409722799,3.0
2025-03-10 13:17:55.149,0.002966527193255,-58.49818888764873,3.0
2025-03-10 13:17:55.169,0.0027858577682356,-49.335290574830445,3.0
2025-03-10 13:17:55.188,0.0025222994983493,-37.51809753120696,3.0
2025-03-10 13:17:55.208,0.0021774804290478,-23.56320166688847,3.0
2025-03-10 13:17:55.227,0.0017678817235429,-8.196120320660134,3.0
2025-03-10 13:17:55.247,0.0013236436502485,7.741689748900034,3.0
2025-03-10 13:17:55.266,0.0008830581277978,23.400303021737077,3.0
2025-03-10 13:17:55.286,0.0004843652212671,38.02188565155241,3.0
2025-03-10 13:17:55.305,0.0001574997526113,51.01494221957207,3.0
2025-03-10 13:17:55.325,-8.170065331188497e-05,61.98915756776777,3.0
2025-03-10 13:17:55.345,-0.0002334576050567,70.74701364814045,3.0
2025-03-10 13:17:55.364,-0.0003122238018008,77.23874773234569,3.0
2025-03-10 13:17:55.384,-0.0003421090390308,81.496331376895,3.0
2025-03-10 13:17:55.403,-0.0003510096258703,83.56742593599962,3.0
2025-03-10 13:17:55.423,-0.0003648304698048,83.4698271838654,3.0
2025-03-10 13:17:55.442,-0.0004028697977215,81.18041092757677,3.0
2025-03-10 13:17:55.462,-0.0004750277785598,76.66164262553954,3.0
2025-03-10 13:17:55.481,-0.0005811010601731,69.91656957944234,3.0
2025-03-10 13:17:55.501,-0.0007120603743045,61.05375971013172,3.0
2025-03-10 13:17:55.520,-0.0008528832430067,50.33999612542714,3.0
2025-03-10 13:17:55.540,-0.0009862707131102,38.2218070710754,3.0
2025-03-10 13:17:55.559,-0.001096481701375,25.30583408009059,3.0
2025-03-10 13:17:55.579,-0.0011725878287838,12.299534782420809,3.0
2025-03-10 13:17:55.598,-0.0012106202078373,-0.075843092861312,3.0
2025-03-10 13:17:55.618,-0.0012142678337384,-11.181536705331212,3.0
2025-03-10 13:17:55.638,-0.0011939850408119,-20.5469214847902,3.0
2025-03-10 13:17:55.657,-0.0011646171952159,-27.928042763929597,3.0
2025-03-10 13:17:55.677,-0.0011419705582592,-33.32913107964012,3.0
2025-03-10 13:17:55.696,-0.001139058636857,-36.98507233943546,3.0
2025-03-10 13:17:55.716,-0.0011629173443727,-39.31005339770879,3.0
2025-03-10 13:17:55.735,-0.0012127952776428,-40.822804377174805,3.0
2025-03-10 13:17:55.755,-0.0012802140687424,-42.06125465346317,3.0
2025-03-10 13:17:55.774,-0.0013509509922422,-43.49906232663236,3.0
2025-03-10 13:17:55.794,-0.00140849893021,-45.47416400842969,3.0
2025-03-10 13:17:55.813,-0.001438111776621,-48.13642878850038,3.0
2025-03-10 13:17:55.833,-0.0014303301557991,-51.41879071717572,3.0
2025-03-10 13:17:55.852,-0.0013830397260052,-55.03441704240868,3.0
2025-03-10 13:17:55.872,-0.0013015889276777,-58.50132194107952,3.0
2025-03-10 13:17:55.891,-0.0011970795681683,-61.194528559157305,3.0
2025-03-10 13:17:55.911,-0.001083422342011,-62.42343996164124,3.0
2025-03-10 13:17:55.930,-0.0009739887352046,-61.5279914749444,3.0
2025-03-10 13:17:55.950,-0.000878680376563,-57.98190346947029,3.0
2025-03-10 13:17:55.970,-0.0008020419156947,-51.48655113364078,3.0
2025-03-10 13:17:55.989,-0.0007427351079529,-42.03690541414253,3.0
2025-03-10 13:17:56.009,-0.0006943424433206,-29.94362158249538,3.0
2025-03-10 13:17:56.028,-0.000647177987957,-15.803131342166314,3.0
2025-03-10 13:17:56.048,-0.0005906363837737,-0.4189506102223685,3.0
2025-03-10 13:17:56.067,-0.000515604561747,15.310874631913869,3.0
2025-03-10 13:17:56.087,-0.0004165151464955,30.516795153504617,3.0
2025-03-10 13:17:56.106,-0.00029268194925,44.46520916349378,3.0
2025-03-10 13:17:56.126,-0.0001486505007296,56.62819295361863,3.0
2025-03-10 13:17:56.145,6.542222425799705e-06,66.70282276852129,3.0
2025-03-10 13:17:56.165,0.0001610895406578,74.58006365319746,3.0
2025-03-10 13:17:56.184,0.0003027818820044,80.27594012265254,3.0
2025-03-10 13:17:56.204,0.0004214884034212,83.84723388381893,3.0
2025-03-10 13:17:56.223,0.0005111402322883,85.3176276105175,3.0
2025-03-10 13:17:56.243,0.0005707120062703,84.63678466340407,3.0
2025-03-10 13:17:56.263,0.0006039858282432,81.68499698279133,3.0
2025-03-10 13:17:56.282,0.0006182250556336,76.32238139639828,3.0
2025-03-10 13:17:56.302,0.0006221671001093,68.4681309438192,3.0
2025-03-10 13:17:56.321,0.0006239060789682,58.18610422791163,3.0
2025-03-10 13:17:56.341,0.0006292307552104,45.75078134127877,3.0
2025-03-10 13:17:56.360,0.0006407819476716,31.672694438651785,3.0
2025-03-10 13:17:56.380,0.0006580716172735,16.67287377122943,3.0
2025-03-10 13:17:56.399,0.0006781338798166,1.608348776498027,3.0
2025-03-10 13:17:56.419,0.0006964814018379,-12.63790298601993,3.0
2025-03-10 13:17:56.438,0.0007081047834382,-25.28125038659956,3.0
2025-03-10 13:17:56.458,0.0007083778170113,-35.7494288685632,3.0
2025-03-10 13:17:56.477,0.0006938312452816,-43.763633498776414,3.0
2025-03-10 13:17:56.497,0.0006627957694069,-49.37042534075994,3.0
2025-03-10 13:17:56.516,0.0006158942837815,-52.91769143282289,3.0
2025-03-10 13:17:56.536,0.0005563092704096,-54.97850384637516,3.0
2025-03-10 13:17:56.556,0.0004897023280162,-56.23630733654249,3.0
2025-03-10 13:17:56.575,0.0004236593002608,-57.35163978915416,3.0
2025-03-10 13:17:56.595,0.0003666068240656,-58.83348459366394,3.0
2025-03-10 13:17:56.614,0.000326301302024,-60.93719548313571,3.0
2025-03-10 13:17:56.634,0.0003081925724075,-63.60633085687538,3.0
2025-03-10 13:17:56.653,0.0003141155703508,-66.4687295999676,3.0
2025-03-10 13:17:56.673,0.0003417435545586,-68.88885210873943,3.0
2025-03-10 13:17:56.692,0.0003850040531987,-70.06974180577419,3.0
2025-03-10 13:17:56.712,0.0004353222479188,-69.18976420146362,3.0
2025-03-10 13:17:56.731,0.0004833051603601,-65.55248592472718,3.0
2025-03-10 13:17:56.751,0.0005204264772863,-58.72389033406768,3.0
2025-03-10 13:17:56.770,0.0005403818118144,-48.63101809378838,3.0
2025-03-10 13:17:56.790,0.0005399473302022,-35.60118559935992,3.0
2025-03-10 13:17:56.809,0.0005193057716586,-20.33118402182565,3.0
2025-03-10 13:17:56.829,0.000481876197005,-3.789650928705089,3.0
2025-03-10 13:17:56.848,0.0004337106653412,12.929976631189986,3.0
2025-03-10 13:17:56.868,0.0003825332354806,28.77745948245776,3.0
2025-03-10 13:17:56.888,0.000336524271301,42.90115683898404,3.0
2025-03-10 13:17:56.907,0.0003030023048307,54.759454460276245,3.0
2025-03-10 13:17:56.927,0.0002871981377643,64.16585909717236,3.0
2025-03-10 13:17:56.946,0.0002913224539918,71.25941714878952,3.0
2025-03-10 13:17:56.966,0.0003141085143309,76.40826106413792,3.0
2025-03-10 13:17:56.985,0.00035097330941,80.06895531157147,3.0
2025-03-10 13:17:57.005,0.0003948411351207,82.63460593012901,3.0
2025-03-10 13:17:57.024,0.0004374932287321,84.30787101872824,3.0
2025-03-10 13:17:57.044,0.0004711327307194,85.02988382318551,3.0
2025-03-10 13:17:57.063,0.0004897990913208,84.48333213731395,3.0
2025-03-10 13:17:57.083,0.0004903430633419,82.17017976753854,3.0
2025-03-10 13:17:57.102,0.0004728085096157,77.54603807578195,3.0
2025-03-10 13:17:57.122,0.000440193273365,70.17886458527299,3.0
2025-03-10 13:17:57.141,0.0003976575228796,59.89345573233558,3.0
2025-03-10 13:17:57.161,0.0003513222398356,46.866776475723846,3.0
2025-03-10 13:17:57.181,0.0003068677061605,31.651234595127544,3.0
2025-03-10 13:17:57.200,0.0002682091563261,15.11986329444666,3.0
2025-03-10 13:17:57.220,0.0002365739381425,-1.6555215978086653,3.0
2025-03-10 13:17:57.239,0.0002102695574127,-17.56850961768804,3.0
2025-03-10 13:17:57.259,0.0001852537676134,-31.651987228705224,3.0
2025-03-10 13:17:57.278,0.0001563346950796,-43.22761992664083,3.0
2025-03-10 13:17:57.298,0.0001185981948934,-52.00178965435185,3.0
2025-03-10 13:17:57.317,6.861699556595915e-05,-58.08937333572277,3.0
2025-03-10 13:17:57.337,5.124518175329168e-06,-61.96087093952169,3.0
2025-03-10 13:17:57.356,-7.097248877454011e-05,-64.32333465503379,3.0
2025-03-10 13:17:57.376,-0.0001571753882071,-65.95832744689017,3.0
2025-03-10 13:17:57.395,-0.0002503261439407,-67.54828886336712,3.0
2025-03-10 13:17:57.415,-0.0003475477070559,-69.52479671198896,3.0
2025-03-10 13:17:57.434,-0.000446890238944,-71.96810106377374,3.0
2025-03-10 13:17:57.454,-0.0005475401656743,-74.5778721384124,3.0
2025-03-10 13:17:57.474,-0.0006496254462463,-76.72201702040448,3.0
2025-03-10 13:17:57.493,-0.0007537569847677,-77.55582568532071,3.0
2025-03-10 13:17:57.513,-0.0008604621817993,-76.1900144013679,3.0
2025-03-10 13:17:57.532,-0.0009696314344317,-71.87593303192311,3.0
2025-03-10 13:17:57.552,-0.0010800666550155,-64.17155165203206,3.0
2025-03-10 13:17:57.571,-0.0011892161063118,-53.05435944067789,3.0
2025-03-10 13:17:57.591,-0.0012931866033479,-38.95714157841408,3.0
2025-03-10 13:17:57.610,-0.0013871038578277,-22.718073495601125,3.0
2025-03-10 13:17:57.630,-0.0014658102145464,-5.45432245565129,3.0
2025-03-10 13:17:57.649,-0.0015247657376917,11.61578196646173,3.0
2025-03-10 13:17:57.669,-0.0015609306988395,27.366576381191837,3.0
2025-03-10 13:17:57.688,-0.0015734132449674,40.936646903717744,3.0
2025-03-10 13:17:57.708,-0.001563747871851,51.84489902783515,3.0
2025-03-10 13:17:57.727,-0.0015357577452503,60.02932324850673,3.0
2025-03-10 13:17:57.747,-0.0014949926387326,65.80229069917885,3.0
2025-03-10 13:17:57.766,-0.0014477534653672,69.73299281231397,3.0
2025-03-10 13:17:57.786,-0.0013997960887985,72.48240126064093,3.0
2025-03-10 13:17:57.806,-0.0013549543242778,74.62600503926959,3.0
2025-03-10 13:17:57.825,-0.0013140265004204,76.50249922088292,3.0
2025-03-10 13:17:57.845,-0.0012742460199835,78.12168057063259,3.0
2025-03-10 13:17:57.864,-0.0012295219820953,79.15266944123319,3.0
2025-03-10 13:17:57.884,-0.0011714501373125,78.99638970733353,3.0
2025-03-10 13:17:57.903,-0.0010909049136479,76.92746473050823,3.0
2025-03-10 13:17:57.923,-0.0009798738603189,72.27452931164252,3.0
2025-03-10 13:17:57.942,-0.0008331266500057,64.59844511845814,3.0
2025-03-10 13:17:57.962,-0.0006493539263639,53.82775321176667,3.0
2025-03-10 13:17:57.981,-0.0004315769234723,40.32027125324361,3.0
2025-03-10 13:17:58.001,-0.0001868583912266,24.836681707300336,3.0
2025-03-10 13:17:58.020,7.448644410766893e-05,8.43179578370805,3.0
2025-03-10 13:17:58.040,0.0003399639612545,-7.713131756230124,3.0
2025-03-10 13:17:58.059,0.0005961469739622,-22.48208780981649,3.0
2025-03-10 13:17:58.079,0.0008300691343693,-35.00152699712873,3.0
2025-03-10 13:17:58.099,0.0010307472535064,-44.76915930558766,3.0
2025-03-10 13:17:58.118,0.0011907428985731,-51.711174272496216,3.0
2025-03-10 13:17:58.138,0.0013076229588892,-56.15939033959048,3.0
2025-03-10 13:17:58.157,0.0013851647952129,-58.75514349394693,3.0
2025-03-10 13:17:58.177,0.0014341108605479,-60.29989606329586,3.0
2025-03-10 13:17:58.196,0.0014721622215597,-61.58138929439227,3.0
2025-03-10 13:17:58.216,0.0015227840076694,-63.20752874598204,3.0
2025-03-10 13:17:58.235,0.0016124304876826,-65.47797006551652,3.0
2025-03-10 13:17:58.255,0.001766069361203,-68.3163031818568,3.0
2025-03-10 13:17:58.274,0.0020013504275879,-71.27510883443648,3.0
2025-03-10 13:17:58.294,0.0023223042045867,-73.61357608884614,3.0
2025-03-10 13:17:58.313,0.0027139362608737,-74.43457361182372,3.0
2025-03-10 13:17:58.333,0.0031393526677326,-72.85692963636839,3.0
2025-03-10 13:17:58.352,0.0035409476189509,-68.19114995633852,3.0
2025-03-10 13:17:58.372,0.0038465994191217,-60.08473093566736,3.0
2025-03-10 13:17:58.391,0.0039807842774064,-48.60783390137631,3.0
2025-03-10 13:17:58.411,0.0038791885952079,-34.26129319617637,3.0
2025-03-10 13:17:58.431,0.0035040444368715,-17.904830320589475,3.0
2025-03-10 13:17:58.450,0.0028564246282176,-0.6203867718359015,3.0
2025-03-10 13:17:58.470,0.0019816125118614,16.46055774395062,3.0
2025-03-10 13:17:58.489,0.0009648208892878,32.32944386114262,3.0
2025-03-10 13:17:58.509,-8.298404320495027e-05,46.23751321196083,3.0
2025-03-10 13:17:58.528,-0.0010462004974505,57.77044759021285,3.0
2025-03-10 13:17:58.548,-0.0018270792980673,66.84843906837108,3.0
2025-03-10 13:17:58.567,-0.0023633702006466,73.65612842104888,3.0
2025-03-10 13:17:58.587,-0.0026366851431108,78.52244010244858,3.0
2025-03-10 13:17:58.606,-0.0026703653203129,81.78140475591465,3.0
2025-03-10 13:17:58.626,-0.0025187729719847,83.64908001696739,3.0
2025-03-10 13:17:58.645,-0.0022518805896867,84.14750018474217,3.0
2025-03-10 13:17:58.665,-0.0019395020085017,83.0948096173062,3.0
2025-03-10 13:17:58.684,-0.0016387519376324,80.1638794130822,3.0
2025-03-10 13:17:58.704,-0.0013868357008732,74.99387562418538,3.0
2025-03-10 13:17:58.724,-0.0011996058842559,67.32519680732128,3.0
2025-03-10 13:17:58.743,-0.0010749161142243,57.12192859266396,3.0
2025-03-10 13:17:58.763,-0.0009989081820253,44.64930299544765,3.0
2025-03-10 13:17:58.782,-0.0009530760082835,30.48550683751144,3.0
2025-03-10 13:17:58.802,-0.0009202324423269,15.463908279947844,3.0
2025-03-10 13:17:58.821,-0.0008882180210035,0.5585455835109855,3.0
2025-03-10 13:17:58.841,-0.0008510699409316,-13.261745252573844,3.0
2025-03-10 13:17:58.860,-0.0008081187408219,-25.17950104906863,3.0
2025-03-10 13:17:58.880,-0.0007618999036561,-34.64578473768344,3.0
2025-03-10 13:17:58.899,-0.0007158198539452,-41.4470006826276,3.0
2025-03-10 13:17:58.919,-0.0006722992751682,-45.711842371479854,3.0
2025-03-10 13:17:58.938,-0.000631782361097,-47.86140159522838,3.0
2025-03-10 13:17:58.958,-0.0005926736643774,-48.51595129373408,3.0
2025-03-10 13:17:58.977,-0.0005520184623331,-48.378312263077966,3.0
2025-03-10 13:17:58.997,-0.0005066092995325,-48.11523998108186,3.0
2025-03-10 13:17:59.017,-0.0004541713661733,-48.25541054108186,3.0
2025-03-10 13:17:59.036,-0.0003943072637927,-49.11682331938312,3.0
2025-03-10 13:17:59.056,-0.0003289325037455,-50.76971038155527,3.0
2025-03-10 13:17:59.075,-0.0002620347474997,-53.03512163125527,3.0
2025-03-10 13:17:59.095,-0.0001987879205005,-55.51531239112292,3.0
2025-03-10 13:17:59.114,-0.0001442972552545,-57.65000385488796,3.0
2025-03-10 13:17:59.134,-0.0001023952424559,-58.79178979282297,3.0
2025-03-10 13:17:59.153,-7.484559926947992e-05,-58.29334994371518,3.0
2025-03-10 13:17:59.173,-6.108688850215918e-05,-55.597910732347074,3.0
2025-03-10 13:17:59.192,-5.841630221264837e-05,-50.3225676637773,3.0
2025-03-10 13:17:59.212,-6.241735400084334e-05,-42.32259062029837,3.0
2025-03-10 13:17:59.231,-6.748531470358892e-05,-31.725192583497385,3.0
2025-03-10 13:17:59.251,-6.740201918559656e-05,-18.924734781452177,3.0
2025-03-10 13:17:59.270,-5.597261952100248e-05,-4.538104980642797,3.0
2025-03-10 13:17:59.290,-2.77538431985072e-05,10.672392719481236,3.0
2025-03-10 13:17:59.309,2.111514740772484e-05,25.8934729700601,3.0
2025-03-10 13:17:59.329,9.20385503441474e-05,40.353164417995885,3.0
2025-03-10 13:17:59.349,0.0001832205876049,53.39244365411065,3.0
2025-03-10 13:17:59.368,0.0002893184443028,64.50384635254042,3.0
2025-03-10 13:17:59.388,0.0004017394415375,73.33429196289306,3.0
2025-03-10 13:17:59.407,0.0005096781735946,79.65949626267451,3.0
2025-03-10 13:17:59.427,0.0006017599206218,83.34495019076434,3.0
2025-03-10 13:17:59.446,0.0006679542734131,84.31118217366398,3.0
2025-03-10 13:17:59.466,0.000701337052767,82.51800135907634,3.0
2025-03-10 13:17:59.485,0.0006993353734397,77.97453779487749,3.0
2025-03-10 13:17:59.505,0.0006642458980173,70.77169364074074,3.0
2025-03-10 13:17:59.524,0.0006029855489414,61.12452762809993,3.0
2025-03-10 13:17:59.544,0.0005261422640349,49.40722337452976,3.0
2025-03-10 13:17:59.563,0.0004464346515831,36.16424291354984,3.0
2025-03-10 13:17:59.583,0.0003767330693899,22.08754707644292,3.0
2025-03-10 13:17:59.602,0.0003278978396564,7.959114939443651,3.0
2025-03-10 13:17:59.622,0.0003068169628727,-5.4325752141223465,3.0
2025-03-10 13:17:59.642,0.0003150784290797,-17.386542609895862,3.0
2025-03-10 13:17:59.661,0.0003486258923524,-27.375424572544997,3.0
2025-03-10 13:17:59.681,0.0003985391480414,-35.107038874095785,3.0
2025-03-10 13:17:59.700,0.0004528256991631,-40.55008358971121,3.0
2025-03-10 13:17:59.720,0.0004988696117074,-43.9201733290627,3.0
2025-03-10 13:17:59.739,0.0005260000188262,-45.63010862774632,3.0
2025-03-10 13:17:59.759,0.0005275788598419,-46.214409167239126,3.0
2025-03-10 13:17:59.778,0.0005021319694482,-46.24155046344363,3.0
2025-03-10 13:17:59.798,0.0004533295956544,-46.22770435673547,3.0
2025-03-10 13:17:59.817,0.000388929963624,-46.5636007689609,3.0
2025-03-10 13:17:59.837,0.000319014956962,-47.462480751041866,3.0
2025-03-10 13:17:59.856,0.0002539359817331,-48.933239109075394,3.0
2025-03-10 13:17:59.876,0.0002023665954747,-50.77971471328522,3.0
2025-03-10 13:17:59.895,0.0001697679759716,-52.625028382759055,3.0
2025-03-10 13:17:59.915,0.0001574761447812,-53.95858346713274,3.0
2025-03-10 13:17:59.935,0.0001625464644145,-54.20210460485332,3.0
2025-03-10 13:17:59.954,0.0001784029785592,-52.789179908122215,3.0
2025-03-10 13:17:59.974,0.0001961955903033,-49.24996732740628,3.0
2025-03-10 13:17:59.993,0.0002065967658339,-43.28963169659726,3.0
2025-03-10 13:18:00.013,0.0002016492870906,-34.847083654289875,3.0
2025-03-10 13:18:00.032,0.0001762639778016,-24.12132361410998,3.0
2025-03-10 13:18:00.052,0.0001290709927269,-11.557164369746138,3.0
2025-03-10 13:18:00.071,6.251720801027641e-05,2.2100134842952333,3.0
2025-03-10 13:18:00.091,-1.770139818150854e-05,16.441354590758955,3.0
2025-03-10 13:18:00.110,-0.0001036722772793,30.396078787126,3.0
2025-03-10 13:18:00.130,-0.0001865705455819,43.42572414692592,3.0
2025-03-10 13:18:00.149,-0.0002581001792351,55.04049045988293,3.0
2025-03-10 13:18:00.169,-0.0003119436008193,64.93382243149286,3.0
2025-03-10 13:18:00.188,-0.0003450061111344,72.96206758531582,3.0
2025-03-10 13:18:00.208,-0.0003581356342029,79.08795544006279,3.0
2025-03-10 13:18:00.227,-0.0003560008024274,83.3065846263052,3.0
2025-03-10 13:18:00.247,-0.0003460003101804,85.57773230520769,3.0
2025-03-10 13:18:00.267,-0.0003364025839491,85.78686787437502,3.0
2025-03-10 13:18:00.286,-0.0003342193439607,83.74920913788519,3.0
2025-03-10 13:18:00.306,-0.0003434376244318,79.25842364767404,3.0
2025-03-10 13:18:00.325,-0.0003641115819051,72.16774117695495,3.0
2025-03-10 13:18:00.345,-0.0003925193369036,62.4805693877488,3.0
2025-03-10 13:18:00.364,-0.0004222582172844,50.4236586014419,3.0
2025-03-10 13:18:00.384,-0.0004458988042678,36.47975539343479,3.0
2025-03-10 13:18:00.403,-0.0004567058378057,21.367146082570063,3.0
2025-03-10 13:18:00.423,-0.0004499822805097,5.967091003857281,3.0
2025-03-10 13:18:00.442,-0.0004237805779511,-8.78714874047747,3.0
2025-03-10 13:18:00.462,-0.0003789763223445,-22.037393413004335,3.0
2025-03-10 13:18:00.481,-0.000318897198534,-33.11855843340539,3.0
2025-03-10 13:18:00.501,-0.0002487493522507,-41.64526716031949,3.0
2025-03-10 13:18:00.520,-0.0001749799804758,-47.55205498770516,3.0
2025-03-10 13:18:00.540,-0.0001045613604546,-51.08193665289404,3.0
2025-03-10 13:18:00.560,-4.412128792311131e-05,-52.72802324436078,3.0
2025-03-10 13:18:00.579,1.058191061950828e-06,-53.14081050003901,3.0
2025-03-10 13:18:00.599,2.797993302757408e-05,-53.01827421169956,3.0
2025-03-10 13:18:00.618,3.651733076639878e-05,-52.99656675515524,3.0
2025-03-10 13:18:00.638,2.9411798374079988e-05,-53.5565239146541,3.0
2025-03-10 13:18:00.657,1.1624696209415054e-05,-54.9567033688344,3.0
2025-03-10 13:18:00.677,-1.0809604031585052e-05,-57.19879508000427,3.0
2025-03-10 13:18:00.696,-3.213359746774008e-05,-60.02710131095581,3.0
2025-03-10 13:18:00.716,-4.806466470796476e-05,-62.960804093659306,3.0
2025-03-10 13:18:00.735,-5.652356368131541e-05,-65.35561658457792,3.0
2025-03-10 13:18:00.755,-5.770552555682286e-05,-66.48940039153887,3.0
2025-03-10 13:18:00.774,-5.349934434847219e-05,-65.66371611541018,3.0
2025-03-10 13:18:00.794,-4.6456036927679295e-05,-62.309924498902895,3.0
2025-03-10 13:18:00.813,-3.8649228931860165e-05,-56.08512900452638,3.0
2025-03-10 13:18:00.833,-3.081384253801956e-05,-46.941479518261104,3.0
2025-03-10 13:18:00.852,-2.2066514637040223e-05,-35.15383513377271,3.0
2025-03-10 13:18:00.872,-1.03063328321331e-05,-21.29648108853321,3.0
2025-03-10 13:18:00.892,6.846632292569868e-06,-6.169032222924513,3.0
2025-03-10 13:18:00.911,3.087878708600914e-05,9.31722720661541,3.0
2025-03-10 13:18:00.931,6.132299900494983e-05,24.27156360236002,3.0
2025-03-10 13:18:00.950,9.512561647365983e-05,37.94813447121403,3.0
2025-03-10 13:18:00.970,0.000126676550866,49.83670851879131,3.0
2025-03-10 13:18:00.989,0.00014859069306,59.70096118517666,3.0
2025-03-10 13:18:01.009,0.0001531060451544,67.55716889121264,3.0
2025-03-10 13:18:01.028,0.0001337374267323,73.59977804728388,3.0
2025-03-10 13:18:01.048,8.67138746510437e-05,78.09289080300124,3.0
2025-03-10 13:18:01.067,1.1805156859298318e-05,81.25523021980344,3.0
2025-03-10 13:18:01.087,-8.762649713343008e-05,83.16835492513492,3.0
2025-03-10 13:18:01.106,-0.0002052407052318,83.73275844337098,3.0
2025-03-10 13:18:01.126,-0.0003327032130746,82.68471172971232,3.0
2025-03-10 13:18:01.145,-0.0004607333418312,79.67089763829703,3.0
2025-03-10 13:18:01.165,-0.0005800621083012,74.36214970843018,3.0
2025-03-10 13:18:01.185,-0.0006823300097297,66.57646192574032,3.0
2025-03-10 13:18:01.204,-0.0007610065392695,56.37831153932532,3.0
2025-03-10 13:18:01.224,-0.0008123091711137,44.127274278575904,3.0
2025-03-10 13:18:01.243,-0.0008359359719124,30.462102068984173,3.0
2025-03-10 13:18:01.263,-0.0008353189860852,16.222878393313525,3.0
2025-03-10 13:18:01.282,-0.0008171302740406,2.3288414043532244,3.0
2025-03-10 13:18:01.302,-0.0007899544951369,-10.360893430193238,3.0
2025-03-10 13:18:01.321,-0.0007623291474219,-21.174111791606062,3.0
2025-03-10 13:18:01.341,-0.000740623472018,-29.714869496786747,3.0
2025-03-10 13:18:01.360,-0.0007273541271427,-35.90037808597119,3.0
2025-03-10 13:18:01.380,-0.0007204480733152,-39.94250283322626,3.0
2025-03-10 13:18:01.399,-0.0007136742021357,-42.28250336797957,3.0
2025-03-10 13:18:01.419,-0.000698091904399,-43.49602961681327,3.0
2025-03-10 13:18:01.438,-0.0006640811598387,-44.18903093914332,3.0
2025-03-10 13:18:01.458,-0.0006034404940956,-44.903805673628185,3.0
2025-03-10 13:18:01.478,-0.000511136383274,-46.04886567572221,3.0
2025-03-10 13:18:01.497,-0.0003864306154259,-47.85857832212574,3.0
2025-03-10 13:18:01.517,-0.000233213097339,-50.38108173039953,3.0
2025-03-10 13:18:01.536,-5.9450822321092935e-05,-53.48786992526331,3.0
2025-03-10 13:18:01.556,0.0001242051345535,-56.8968711786752,3.0
2025-03-10 13:18:01.575,0.0003064165537918,-60.20260788244632,3.0
2025-03-10 13:18:01.595,0.0004773150977374,-62.91071004871538,3.0
2025-03-10 13:18:01.614,0.0006302696037484,-64.4775897710148,3.0
2025-03-10 13:18:01.634,0.0007628017224693,-64.35759249381263,3.0
2025-03-10 13:18:01.653,0.000876450501283,-62.05850486560935,3.0
2025-03-10 13:18:01.673,0.0009756950856003,-57.20238440677696,3.0
2025-03-10 13:18:01.692,0.0010662810674558,-49.58401987981645,3.0
2025-03-10 13:18:01.712,0.0011534199460003,-39.21624639933807,3.0
2025-03-10 13:18:01.731,0.0012403361768001,-26.35164800540721,3.0
2025-03-10 13:18:01.751,0.0013275143240154,-11.47426822486344,3.0
2025-03-10 13:18:01.770,0.0014127737269226,4.738504016903996,3.0
2025-03-10 13:18:01.790,0.00149205039183,21.4771094664404,3.0
2025-03-10 13:18:01.810,0.0015605891778633,37.87297542472778,3.0
2025-03-10 13:18:01.829,0.0016141856818769,53.07175835596914,3.0
2025-03-10 13:18:01.849,0.0016501503834188,66.29722422996979,3.0
2025-03-10 13:18:01.868,0.0016677670233276,76.90070559288027,3.0
2025-03-10 13:18:01.888,0.0016681567814221,84.39562244207251,3.0
2025-03-10 13:18:01.907,0.0016536051808154,88.47964741152873,3.0
2025-03-10 13:18:01.927,0.0016265292645768,89.04780378352395,3.0
2025-03-10 13:18:01.946,0.0015883562830735,86.19819902117003,3.0
2025-03-10 13:18:01.966,0.0015386517108522,80.22929913786412,3.0
2025-03-10 13:18:01.985,0.0014748335394114,71.6252551109175,3.0
2025-03-10 13:18:02.005,0.0013926860341959,61.025239159087775,3.0
2025-03-10 13:18:02.024,0.0012876337951447,49.17465649685181,3.0
2025-03-10 13:18:02.044,0.0011564311126104,36.86000971993923,3.0
2025-03-10 13:18:02.063,0.0009987043668756,24.833811975343306,3.0
2025-03-10 13:18:02.083,0.000817796846408,13.739717781698332,3.0
2025-03-10 13:18:02.103,0.0006206281118234,4.049745418928068,3.0
2025-03-10 13:18:02.122,0.0004166516688763,-3.9754580914048727,3.0
2025-03-10 13:18:02.142,0.0002162751148773,-10.295787874058025,3.0
2025-03-10 13:18:02.161,2.9189131707650308e-05,-15.068055918599253,3.0
2025-03-10 13:18:02.181,-0.0001370285345721,-18.593490637611563,3.0
2025-03-10 13:18:02.200,-0.0002778014639598,-21.24608264460319,3.0
2025-03-10 13:18:02.220,-0.000391819512411,-23.39565204774585,3.0
2025-03-10 13:18:02.239,-0.0004806782122814,-25.340895443524367,3.0
2025-03-10 13:18:02.259,-0.0005480285499371,-27.265675010071558,3.0
2025-03-10 13:18:02.278,-0.000598502745615,-29.22665207000521,3.0
2025-03-10 13:18:02.298,-0.0006367361802926,-31.17314897055776,3.0
2025-03-10 13:18:02.317,-0.0006667522522293,-32.99257459919617,3.0
2025-03-10 13:18:02.337,-0.0006918351303414,-34.56870088742172,3.0
2025-03-10 13:18:02.356,-0.0007148319394148,-35.8369376538591,3.0
2025-03-10 13:18:02.376,-0.0007386549620151,-36.82120673706996,3.0
2025-03-10 13:18:02.396,-0.0007666565041964,-37.64099081902106,3.0
2025-03-10 13:18:02.415,-0.000802585903098,-38.48389183499568,3.0
2025-03-10 13:18:02.435,-0.0008500266162433,-39.54730151334879,3.0
2025-03-10 13:18:02.454,-0.0009114712722267,-40.96090577989322,3.0
2025-03-10 13:18:02.474,-0.00098738465075,-42.70793427189594,3.0
2025-03-10 13:18:02.493,-0.0010756369525186,-44.56576759730381,3.0
2025-03-10 13:18:02.513,-0.001171562358038,-46.084755417671424,3.0
2025-03-10 13:18:02.532,-0.0012686701746442,-46.617764698062295,3.0
2025-03-10 13:18:02.552,-0.0013598034676341,-45.40294267242872,3.0
2025-03-10 13:18:02.571,-0.0014384108238935,-41.69028140681661,3.0
2025-03-10 13:18:02.591,-0.0014996222074545,-34.89140794240231,3.0
2025-03-10 13:18:02.610,-0.0015409508018569,-24.724440338947737,3.0
2025-03-10 13:18:02.630,-0.0015625812589515,-11.32398459671714,3.0
2025-03-10 13:18:02.649,-0.0015672855599406,4.708852906456352,3.0
2025-03-10 13:18:02.669,-0.0015600231129757,22.33130706754189,3.0
2025-03-10 13:18:02.688,-0.0015472594990979,40.16026080692679,3.0
2025-03-10 13:18:02.708,-0.0015360169717215,56.638063545441256,3.0
2025-03-10 13:18:02.728,-0.0015326835345401,70.23912618385425,3.0
2025-03-10 13:18:02.747,-0.0015416723039451,79.68505109530885,3.0
2025-03-10 13:18:02.767,-0.0015641198503195,84.13224489454977,3.0
2025-03-10 13:18:02.786,-0.0015968843914578,83.29827633478668,3.0
2025-03-10 13:18:02.806,-0.0016321010220246,77.50240808102212,3.0
2025-03-10 13:18:02.825,-0.0016574764615158,67.61085674883986,3.0
2025-03-10 13:18:02.845,-0.001657396440228,54.89558049645295,3.0
2025-03-10 13:18:02.864,-0.0016147936705214,40.83254480703,3.0
2025-03-10 13:18:02.884,-0.0015135994573311,26.877169283142766,3.0
2025-03-10 13:18:02.903,-0.0013415003532917,14.258068376593956,3.0
2025-03-10 13:18:02.923,-0.0010926374211081,3.824669169544338,3.0
2025-03-10 13:18:02.942,-0.0007697988898934,-4.0283596936087225,3.0
2025-03-10 13:18:02.962,-0.0003855833811001,-9.353257527983285,3.0
2025-03-10 13:18:02.981,3.798207708956106e-05,-12.567421120840258,3.0
2025-03-10 13:18:03.001,0.000471696989491,-14.319978712012588,3.0
2025-03-10 13:18:03.021,0.0008832107137418,-15.33615470438667,3.0
2025-03-10 13:18:03.040,0.0012421169275088,-16.269962036333233,3.0
2025-03-10 13:18:03.060,0.0015249226728392,-17.59112887227077,3.0
2025-03-10 13:18:03.079,0.0017185852126771,-19.523240076883045,3.0
2025-03-10 13:18:03.099,0.0018217233733631,-22.03888054531134,3.0
2025-03-10 13:18:03.118,0.001843381121081,-24.906370361831943,3.0
2025-03-10 13:18:03.138,0.0017999653328832,-27.773539404548192,3.0
2025-03-10 13:18:03.157,0.0017113737302583,-30.268359928354297,3.0
2025-03-10 13:18:03.177,0.0015973100980424,-32.09476895781558,3.0
2025-03-10 13:18:03.196,0.0014744884355325,-33.10446892844458,3.0
2025-03-10 13:18:03.216,0.0013550307114907,-33.33106555094377,3.0
2025-03-10 13:18:03.235,0.0012460137250332,-32.98041161871183,3.0
2025-03-10 13:18:03.255,0.0011499133843726,-32.37921270833276,3.0
2025-03-10 13:18:03.274,0.0010656251192604,-31.891635237291325,3.0
2025-03-10 13:18:03.294,0.0009897455331704,-31.819807977336936,3.0
2025-03-10 13:18:03.314,0.0009178507222485,-32.30784787594258,3.0
2025-03-10 13:18:03.333,0.0008455955190197,-33.2696722954887,3.0
2025-03-10 13:18:03.353,0.0007695643830726,-34.35796839961442,3.0
2025-03-10 13:18:03.372,0.0006878989797973,-34.98531110314427,3.0
2025-03-10 13:18:03.392,0.0006007750103103,-34.39920992615231,3.0
2025-03-10 13:18:03.411,0.0005107605689349,-31.802216159849323,3.0
2025-03-10 13:18:03.431,0.0004229709601056,-26.49821400618154,3.0
2025-03-10 13:18:03.450,0.0003448408612669,-18.039053581227844,3.0
2025-03-10 13:18:03.470,0.0002853594923943,-6.343777999791943,3.0
2025-03-10 13:18:03.489,0.0002537407033101,8.233331996702823,3.0
2025-03-10 13:18:03.509,0.0002576452260137,24.90068723108864,3.0
2025-03-10 13:18:03.528,0.0003012015393745,42.49636458673424,3.0
2025-03-10 13:18:03.548,0.0003831981253665,59.61547224187873,3.0
2025-03-10 13:18:03.567,0.0004959298768406,74.77963644876368,3.0
2025-03-10 13:18:03.587,0.000625201821165,86.62391821994702,3.0
2025-03-10 13:18:03.606,0.0007518257940712,94.07360989081091,3.0
2025-03-10 13:18:03.626,0.0008545588086926,96.48424605402906,3.0
2025-03-10 13:18:03.646,0.0009139500444429,93.72293934212055,3.0
2025-03-10 13:18:03.665,0.0009162160298714,86.17769658314073,3.0
2025-03-10 13:18:03.685,0.0008562054104551,74.6928765577448,3.0
2025-03-10 13:18:03.704,0.00073873286431,60.44161782988328,3.0
2025-03-10 13:18:03.724,0.0005779497994614,44.75723944334175,3.0
2025-03-10 13:18:03.743,0.0003948638857786,28.952545301073723,3.0
2025-03-10 13:18:03.763,0.0002135168982789,14.15689262913153,3.0
2025-03-10 13:18:03.782,5.6599593190234927e-05,1.1958206358430112,3.0
2025-03-10 13:18:03.802,-5.861346951375742e-05,-9.471380933378825,3.0
2025-03-10 13:18:03.821,-0.0001231876536816,-17.75209584592034,3.0
2025-03-10 13:18:03.841,-0.0001377084176595,-23.865545720160508,3.0
2025-03-10 13:18:03.860,-0.0001114847354139,-28.24794513287894,3.0
2025-03-10 13:18:03.880,-6.001746120827148e-05,-31.43800937798478,3.0
2025-03-10 13:18:03.899,-1.4275582203653348e-06,-33.964495076794904,3.0
2025-03-10 13:18:03.919,4.721741292708784e-05,-36.25510253522511,3.0
2025-03-10 13:18:03.939,7.282619303051963e-05,-38.58058486227779,3.0
2025-03-10 13:18:03.958,6.796257999477855e-05,-41.04022913546606,3.0
2025-03-10 13:18:03.978,3.1220225472704807e-05,-43.586335049243125,3.0
2025-03-10 13:18:03.997,-3.34589291001742e-05,-46.077525678593055,3.0
2025-03-10 13:18:04.017,-0.0001181733262905,-48.3452582154169,3.0
2025-03-10 13:18:04.036,-0.0002128443673896,-50.25590085078582,3.0
2025-03-10 13:18:04.056,-0.0003071310336293,-51.75260725107004,3.0
2025-03-10 13:18:04.075,-0.0003922244297075,-52.86653691096688,3.0
2025-03-10 13:18:04.095,-0.0004622678012426,-53.69462966480959,3.0
2025-03-10 13:18:04.114,-0.0005151781517639,-54.34956172267142,3.0
2025-03-10 13:18:04.134,-0.0005527255717048,-54.894885177056175,3.0
2025-03-10 13:18:04.153,-0.0005798596061124,-55.2829712153026,3.0
2025-03-10 13:18:04.173,-0.0006034433643794,-55.31398158952239,3.0
2025-03-10 13:18:04.192,-0.0006307029964956,-54.630218360244186,3.0
2025-03-10 13:18:04.212,-0.0006677417944954,-52.75238811381035,3.0
2025-03-10 13:18:04.231,-0.000718379507981,-49.154127246654426,3.0
2025-03-10 13:18:04.251,-0.0007834227071441,-43.36096605763922,3.0
2025-03-10 13:18:04.271,-0.0008603567459388,-35.05255373911857,3.0
2025-03-10 13:18:04.290,-0.0009434272567881,-24.14486475013738,3.0
2025-03-10 13:18:04.310,-0.0010241115685942,-10.833380422816976,3.0
2025-03-10 13:18:04.329,-0.0010920005143734,4.412063471986205,3.0
2025-03-10 13:18:04.349,-0.001136083431179,20.897915250722814,3.0
2025-03-10 13:18:04.368,-0.0011463491792937,37.78945637980439,3.0
2025-03-10 13:18:04.388,-0.0011155040187162,54.20561374953868,3.0
2025-03-10 13:18:04.407,-0.0010405100048111,69.30635436080202,3.0
2025-03-10 13:18:04.427,-0.000923610386021,82.35830026161752,3.0
2025-03-10 13:18:04.446,-0.0007725529959601,92.7726624388587,3.0
2025-03-10 13:18:04.466,-0.0005998525089112,100.11830135559585,3.0
2025-03-10 13:18:04.485,-0.0004211257960968,104.11896805271148,3.0
2025-03-10 13:18:04.505,-0.0002527426080946,104.6458122434538,3.0
2025-03-10 13:18:04.524,-0.0001092147709391,101.71378992995092,3.0
2025-03-10 13:18:04.544,-8.69208014827564e-07,95.48495493660124,3.0
2025-03-10 13:18:04.564,6.765282523355077e-05,86.27518907004536,3.0
2025-03-10 13:18:04.583,9.77268720612092e-05,74.55632331379307,3.0
2025-03-10 13:18:04.603,9.591691166939008e-05,60.94455669166194,3.0
2025-03-10 13:18:04.622,7.232772583332961e-05,46.16876595240123,3.0
2025-03-10 13:18:04.642,3.8618960112047634e-05,31.01748912740022,3.0
2025-03-10 13:18:04.661,6.1054394035571655e-06,16.269261431195986,3.0
2025-03-10 13:18:04.681,-1.5770573913394483e-05,2.616040862086367,3.0
2025-03-10 13:18:04.700,-2.0436752105994284e-05,-9.407384464758731,3.0
2025-03-10 13:18:04.720,-4.603074356415412e-06,-19.474654777964712,3.0
2025-03-10 13:18:04.739,3.186178601105215e-05,-27.48912601508096,3.0
2025-03-10 13:18:04.759,8.643644043182085e-05,-33.570218457589675,3.0
2025-03-10 13:18:04.778,0.0001546169671933,-38.00728915315974,3.0
2025-03-10 13:18:04.798,0.0002305630688155,-41.19075620799249,3.0
2025-03-10 13:18:04.817,0.0003076552157431,-43.53525638377235,3.0
2025-03-10 13:18:04.837,0.0003790331521719,-45.41095136704602,3.0
2025-03-10 13:18:04.857,0.0004382400478436,-47.09624295095218,3.0
2025-03-10 13:18:04.876,0.0004800298496362,-48.75887542412895,3.0
2025-03-10 13:18:04.896,0.0005012330574031,-50.4644927479443,3.0
2025-03-10 13:18:04.915,0.0005014113618594,-52.20446701759752,3.0
2025-03-10 13:18:04.935,0.000482994186817,-53.93029477367186,3.0
2025-03-10 13:18:04.954,0.0004507358444467,-55.58130111925734,3.0
2025-03-10 13:18:04.974,0.0004105793163743,-57.09585535803379,3.0
2025-03-10 13:18:04.993,0.0003682233574745,-58.40269859165129,3.0
2025-03-10 13:18:05.013,0.0003277773651341,-59.396419931197954,3.0
2025-03-10 13:18:05.032,0.000290849620758,-59.9074106676891,3.0
2025-03-10 13:18:05.052,0.0002563006386035,-59.679867948045285,3.0
2025-03-10 13:18:05.071,0.0002207521929913,-58.37048719191314,3.0
2025-03-10 13:18:05.091,0.0001797743751119,-55.57539317638966,3.0
2025-03-10 13:18:05.110,0.0001294779485575,-50.88489289598439,3.0
2025-03-10 13:18:05.130,6.808798025167355e-05,-43.95710714832384,3.0
2025-03-10 13:18:05.149,-2.9413954290918567e-06,-34.59517592555331,3.0
2025-03-10 13:18:05.169,-7.858445054169773e-05,-22.81071826841471,3.0
2025-03-10 13:18:05.189,-0.0001507900409788,-8.859285013966458,3.0
2025-03-10 13:18:05.208,-0.0002098397435824,6.759467134989807,3.0
2025-03-10 13:18:05.228,-0.0002462885064944,23.33580408754205,3.0
2025-03-10 13:18:05.247,-0.0002531506190354,40.010242380786096,3.0
2025-03-10 13:18:05.267,-0.0002279142283153,55.84890920454349,3.0
2025-03-10 13:18:05.286,-0.000173911349623,69.92307020379332,3.0
2025-03-10 13:18:05.306,-0.0001005854315724,81.38491858980726,3.0
2025-03-10 13:18:05.325,-2.236642449408112e-05,89.53524071521866,3.0
2025-03-10 13:18:05.345,4.3791507483112765e-05,93.88084119216892,3.0
2025-03-10 13:18:05.364,8.173399465896797e-05,94.17974851583052,3.0
2025-03-10 13:18:05.384,7.950818874145322e-05,90.47062384042444,3.0
2025-03-10 13:18:05.403,3.2008739927581976e-05,83.08091153539056,3.0
2025-03-10 13:18:05.423,-5.774365533196145e-05,72.60790148905704,3.0
2025-03-10 13:18:05.442,-0.0001789268305538,59.86922667265054,3.0
2025-03-10 13:18:05.462,-0.0003147113182091,45.82429966384809,3.0
2025-03-10 13:18:05.482,-0.000445126400072,31.474392461328307,3.0
2025-03-10 13:18:05.501,-0.0005504427668634,17.754497595601052,3.0
2025-03-10 13:18:05.521,-0.0006144382578901,5.43313872245996,3.0
2025-03-10 13:18:05.540,-0.0006269284826272,-4.963877277493301,3.0
2025-03-10 13:18:05.560,-0.0005850916487983,-13.193193243141616,3.0
2025-03-10 13:18:05.579,-0.0004933883577944,-19.290661053972773,3.0
2025-03-10 13:18:05.599,-0.0003621897045892,-23.52639339970417,3.0
2025-03-10 13:18:05.618,-0.0002054806708541,-26.327169025974214,3.0
2025-03-10 13:18:05.638,-3.81586930375098e-05,-28.181433290788327,3.0
2025-03-10 13:18:05.657,0.000126491279374,-29.5452938850314,3.0
2025-03-10 13:18:05.677,0.0002786050815829,-30.767261065732008,3.0
2025-03-10 13:18:05.696,0.0004124724391172,-32.04506239026649,3.0
2025-03-10 13:18:05.716,0.0005261477113841,-33.4205816867973,3.0
2025-03-10 13:18:05.735,0.0006202370113385,-34.8104494302364,3.0
2025-03-10 13:18:05.755,0.0006964019931746,-36.06199735475317,3.0
2025-03-10 13:18:05.775,0.0007561446938111,-37.01896295602919,3.0
2025-03-10 13:18:05.794,0.0008002309283125,-37.579651886706166,3.0
2025-03-10 13:18:05.814,0.000828785101616,-37.732537255765294,3.0
2025-03-10 13:18:05.833,0.0008418169491859,-37.55992025742025,3.0
2025-03-10 13:18:05.853,0.0008398368283029,-37.20804037071822,3.0
2025-03-10 13:18:05.872,0.0008242842242331,-36.8302730484308,3.0
2025-03-10 13:18:05.892,0.0007976460067713,-36.51708854054877,3.0
2025-03-10 13:18:05.911,0.000763272804461,-36.23075518284373,3.0
2025-03-10 13:18:05.931,0.0007249685753836,-35.763255052147855,3.0
2025-03-10 13:18:05.950,0.0006864564952769,-34.73209432398406,3.0
2025-03-10 13:18:05.970,0.0006508496257737,-32.62107738475502,3.0
2025-03-10 13:18:05.989,0.0006202624516716,-28.86310780587765,3.0
2025-03-10 13:18:06.009,0.0005956537256202,-22.95193090751401,3.0
2025-03-10 13:18:06.028,0.0005769031331921,-14.56197939511512,3.0
2025-03-10 13:18:06.048,0.0005630451622103,-3.652185858182377,3.0
2025-03-10 13:18:06.067,0.0005525559763047,9.468341586269522,3.0
2025-03-10 13:18:06.087,0.0005436233511218,24.1281358749407,3.0
2025-03-10 13:18:06.107,0.0005343920225394,39.34038065965856,3.0
2025-03-10 13:18:06.126,0.000523203608403,53.90450736349087,3.0
2025-03-10 13:18:06.146,0.0005088080836894,66.54872061481987,3.0
2025-03-10 13:18:06.165,0.0004904561914909,76.09313081899786,3.0
2025-03-10 13:18:06.185,0.0004677778483954,81.60938247358668,3.0
2025-03-10 13:18:06.204,0.0004404514348538,82.55201444133054,3.0
2025-03-10 13:18:06.224,0.0004078137997322,78.83966200090116,3.0
2025-03-10 13:18:06.243,0.0003686427215438,70.87097304474159,3.0
2025-03-10 13:18:06.263,0.00032129243748,59.470476679207366,3.0
2025-03-10 13:18:06.282,0.0002641901124114,45.77207365490952,3.0
2025-03-10 13:18:06.302,0.0001964982235828,31.05957183594635,3.0
2025-03-10 13:18:06.321,0.0001186399382853,16.591723382396637,3.0
2025-03-10 13:18:06.341,3.244024052362478e-05,3.441455713497143,3.0
2025-03-10 13:18:06.360,-5.918699862404803e-05,-7.624896012591158,3.0
2025-03-10 13:18:06.380,-0.0001528817375292,-16.21123125981898,3.0
2025-03-10 13:18:06.400,-0.0002455618631322,-22.29232034971882,3.0
2025-03-10 13:18:06.419,-0.0003349645212211,-26.15695571510951,3.0
2025-03-10 13:18:06.439,-0.000419834532924,-28.308661453321385,3.0
2025-03-10 13:18:06.458,-0.0004997583501228,-29.34521371888575,3.0
2025-03-10 13:18:06.478,-0.0005748032987316,-29.840332173918192,3.0
2025-03-10 13:18:06.497,-0.0006451769391553,-30.248728133301483,3.0
2025-03-10 13:18:06.517,-0.0007110353180273,-30.849682918110013,3.0
2025-03-10 13:18:06.536,-0.0007724160934397,-31.735597747697785,3.0
2025-03-10 13:18:06.556,-0.0008291777731654,-32.842228698481364,3.0
2025-03-10 13:18:06.575,-0.0008808618177907,-34.00864752434734,3.0
2025-03-10 13:18:06.595,-0.0009265276987552,-35.04926375633735,3.0
2025-03-10 13:18:06.614,-0.0009647318977328,-35.81876976498415,3.0
2025-03-10 13:18:06.634,-0.0009938224169979,-36.25387450717466,3.0
2025-03-10 13:18:06.653,-0.0010125752064711,-36.382328923801744,3.0
2025-03-10 13:18:06.673,-0.0010209911665809,-36.29834474387722,3.0
2025-03-10 13:18:06.692,-0.0010209405312908,-36.11204455124307,3.0
2025-03-10 13:18:06.712,-0.001016374311435,-35.88715926493702,3.0
2025-03-10 13:18:06.732,-0.001012994838042,-35.584394989766565,3.0
2025-03-10 13:18:06.751,-0.0010174816022417,-35.02700103654262,3.0
2025-03-10 13:18:06.771,-0.0010364906574479,-33.900176362775625,3.0
2025-03-10 13:18:06.790,-0.0010756343578729,-31.78801387951049,3.0
2025-03-10 13:18:06.810,-0.0011385499625297,-28.24246521974517,3.0
2025-03-10 13:18:06.829,-0.0012260799803832,-22.87060571136858,3.0
2025-03-10 13:18:06.849,-0.0013355742662356,-15.421570662319375,3.0
2025-03-10 13:18:06.868,-0.0014603794806605,-5.8544454549075775,3.0
2025-03-10 13:18:06.888,-0.0015896660065701,5.626772862615508,3.0
2025-03-10 13:18:06.907,-0.0017087908248291,18.576795171100212,3.0
2025-03-10 13:18:06.927,-0.0018003444763935,32.34796078141,3.0
2025-03-10 13:18:06.946,-0.0018458849701421,46.15436833703676,3.0
2025-03-10 13:18:06.966,-0.0018281918470347,59.14826765245613,3.0
2025-03-10 13:18:06.985,-0.0017337321694769,70.49699756382138,3.0
2025-03-10 13:18:07.005,-0.0015549259974682,79.45263567575381,3.0
2025-03-10 13:18:07.025,-0.0012917655962143,85.41081747592865,3.0
2025-03-10 13:18:07.044,-0.0009524357170406,87.95792617178961,3.0
2025-03-10 13:18:07.064,-0.0005527858423448,86.90619028680956,3.0
2025-03-10 13:18:07.083,-0.0001147311153161,82.31465534036819,3.0
2025-03-10 13:18:07.103,0.0003361575140376,74.49204492142309,3.0
2025-03-10 13:18:07.122,0.0007734841179916,63.97696507243264,3.0
2025-03-10 13:18:07.142,0.0011728256957346,51.49284442648436,3.0
2025-03-10 13:18:07.161,0.001514075285784,37.87929952820159,3.0
2025-03-10 13:18:07.181,0.0017830476086793,24.00693775213337,3.0
2025-03-10 13:18:07.200,0.0019722527124709,10.687106094087188,3.0
2025-03-10 13:18:07.220,0.0020808840312719,-1.4097703271932394,3.0
2025-03-10 13:18:07.239,0.0021141271402554,-11.814518291705104,3.0
2025-03-10 13:18:07.259,0.0020819252725767,-20.28916741259333,3.0
2025-03-10 13:18:07.278,0.0019973807897833,-26.823044774738275,3.0
2025-03-10 13:18:07.298,0.0018750102464428,-31.597737183508,3.0
2025-03-10 13:18:07.318,0.0017290784194907,-34.929190683715774,3.0
2025-03-10 13:18:07.337,0.0015722228436991,-37.19899297339307,3.0
2025-03-10 13:18:07.357,0.0014145516665064,-38.78811609953093,3.0
2025-03-10 13:18:07.376,0.0012633238507948,-40.02479815735755,3.0
2025-03-10 13:18:07.396,0.0011231789299992,-41.1541199653061,3.0
2025-03-10 13:18:07.415,0.0009967223340397,-42.33109318830858,3.0
2025-03-10 13:18:07.435,0.0008851921493747,-43.633096783954144,3.0
2025-03-10 13:18:07.454,0.0007889849837897,-45.08283591754377,3.0
2025-03-10 13:18:07.474,0.0007079464482945,-46.67097397426324,3.0
2025-03-10 13:18:07.493,0.0006414385434702,-48.36886163645309,3.0
2025-03-10 13:18:07.513,0.0005882477655291,-50.12607639112184,3.0
2025-03-10 13:18:07.532,0.0005464305606271,-51.85358923385873,3.0
2025-03-10 13:18:07.552,0.0005132273880058,-53.39948656303461,3.0
2025-03-10 13:18:07.571,0.0004851739820543,-54.52839013856945,3.0
2025-03-10 13:18:07.591,0.0004584651331203,-54.916570966492166,3.0
2025-03-10 13:18:07.610,0.0004295143186402,-54.17165026002019,3.0
2025-03-10 13:18:07.630,0.0003955602877954,-51.87924754932987,3.0
2025-03-10 13:18:07.650,0.000355134140106,-47.67061969651025,3.0
2025-03-10 13:18:07.669,0.0003082335668255,-41.29769514121309,3.0
2025-03-10 13:18:07.689,0.0002561483330501,-32.697559685331626,3.0
2025-03-10 13:18:07.708,0.0002009998410153,-22.02925088032173,3.0
2025-03-10 13:18:07.728,0.0001451501704494,-9.671921980083765,3.0
2025-03-10 13:18:07.747,9.067419268280032e-05,3.816631225921451,3.0
2025-03-10 13:18:07.767,3.9044644542818167e-05,17.771546472292574,3.0
2025-03-10 13:18:07.786,-8.945417242751798e-06,31.505307638330315,3.0
2025-03-10 13:18:07.806,-5.312729955988863e-05,44.38524067557116,3.0
2025-03-10 13:18:07.825,-9.39071831068889e-05,55.88771935112072,3.0
2025-03-10 13:18:07.845,-0.0001322893543572,65.62066188400615,3.0
2025-03-10 13:18:07.864,-0.0001699328327002,73.31578497873575,3.0
2025-03-10 13:18:07.884,-0.0002091320165606,78.80081409301287,3.0
2025-03-10 13:18:07.903,-0.000252606698264,81.9668267244827,3.0
2025-03-10 13:18:07.923,-0.0003030431471252,82.74571742155493,3.0
2025-03-10 13:18:07.943,-0.0003624250182276,81.10758490819121,3.0
2025-03-10 13:18:07.962,-0.0004312980238188,77.07939652842528,3.0
2025-03-10 13:18:07.982,-0.0005081870158294,70.77744372299144,3.0
2025-03-10 13:18:08.001,-0.0005893913761094,62.4399330164003,3.0
2025-03-10 13:18:08.021,-0.0006693004578729,52.44471716294161,3.0
2025-03-10 13:18:08.040,-0.0007412060227284,41.30105482129437,3.0
2025-03-10 13:18:08.060,-0.0007984097729243,29.611905036572303,3.0
2025-03-10 13:18:08.079,-0.000835329491048,18.011934338291365,3.0
2025-03-10 13:18:08.099,-0.0008483476386343,7.09337608936479,3.0
2025-03-10 13:18:08.118,-0.000836276448476,-2.664763633681448,3.0
2025-03-10 13:18:08.138,-0.000800441858395,-10.949517503083593,3.0
2025-03-10 13:18:08.157,-0.000744456346098,-17.63862903701276,3.0
2025-03-10 13:18:08.177,-0.0006737552926696,-22.79362211838603,3.0
2025-03-10 13:18:08.196,-0.0005949431702798,-26.62492766994378,3.0
2025-03-10 13:18:08.216,-0.0005149728511658,-29.43851813172965,3.0
2025-03-10 13:18:08.236,-0.0004401951997779,-31.57658512257064,3.0
2025-03-10 13:18:08.255,-0.0003753791410688,-33.36450667258473,3.0
2025-03-10 13:18:08.275,-0.0003228916945111,-35.07293046628561,3.0
2025-03-10 13:18:08.294,-0.0002822805215679,-36.89838114138749,3.0
2025-03-10 13:18:08.314,-0.0002504528925356,-38.96009338741077,3.0
2025-03-10 13:18:08.333,-0.0002224850260344,-41.30653118420888,3.0
2025-03-10 13:18:08.353,-0.0001928882976843,-43.9235135293513,3.0
2025-03-10 13:18:08.372,-0.0001570016156299,-46.73737775808136,3.0
2025-03-10 13:18:08.392,-0.0001121430157656,-49.61055523600904,3.0
2025-03-10 13:18:08.411,-5.8239396065025065e-05,-52.33193180468547,3.0
2025-03-10 13:18:08.431,2.194757499693374e-06,-54.60869472429602,3.0
2025-03-10 13:18:08.450,6.470124974562125e-05,-56.06846902213251,3.0
2025-03-10 13:18:08.470,0.0001239862661658,-56.27948154414766,3.0
2025-03-10 13:18:08.489,0.0001752442822259,-54.79226653413016,3.0
2025-03-10 13:18:08.509,0.0002154049346001,-51.20009941352302,3.0
2025-03-10 13:18:08.528,0.0002440153396413,-45.208829592953855,3.0
2025-03-10 13:18:08.548,0.0002635293685224,-36.70229864480759,3.0
2025-03-10 13:18:08.568,0.0002788898743212,-25.78879717736164,3.0
2025-03-10 13:18:08.587,0.0002964529241982,-12.817506526744667,3.0
2025-03-10 13:18:08.607,0.0003224841964096,1.6394687612787926,3.0
2025-03-10 13:18:08.626,0.0003615950462915,16.83625069660858,3.0
2025-03-10 13:18:08.646,0.0004155170258139,31.9241584452542,3.0
2025-03-10 13:18:08.665,0.0004825258694282,46.03219327021481,3.0
2025-03-10 13:18:08.685,0.0005576582344108,58.34532604531836,3.0
2025-03-10 13:18:08.704,0.0006336661699005,68.17202653616943,3.0
2025-03-10 13:18:08.724,0.0007024687731103,74.99644800607888,3.0
2025-03-10 13:18:08.743,0.00075673951132,78.51383058507744,3.0
2025-03-10 13:18:08.763,0.0007912553025552,78.64913457394292,3.0
2025-03-10 13:18:08.782,0.0008037244214447,75.55881592486581,3.0
2025-03-10 13:18:08.802,0.0007949527389832,69.61498096327958,3.0
2025-03-10 13:18:08.821,0.0007683521201394,61.37112004504665,3.0
2025-03-10 13:18:08.841,0.0007289226759554,51.51001810804465,3.0
2025-03-10 13:18:08.861,0.0006819517823023,40.77722768539903,3.0
2025-03-10 13:18:08.880,0.0006317537646225,29.906801061164813,3.0
2025-03-10 13:18:08.900,0.000580776333239,19.548577446675964,3.0
2025-03-10 13:18:08.919,0.0005292757680896,10.207202659211616,3.0
2025-03-10 13:18:08.939,0.0004755551203655,2.201844268216453,3.0
2025-03-10 13:18:08.958,0.0004166052120625,-4.347483297888186,3.0
2025-03-10 13:18:08.978,0.0003489713370993,-9.50530917618779,3.0
2025-03-10 13:18:08.997,0.0002697200071441,-13.480811278682236,3.0
2025-03-10 13:18:09.017,0.0001773828113591,-16.56997510752372,3.0
2025-03-10 13:18:09.036,7.269259897342858e-05,-19.090376811337407,3.0
2025-03-10 13:18:09.056,-4.1120624874652245e-05,-21.320567874051893,3.0
2025-03-10 13:18:09.075,-0.0001586639180383,-23.45513967062032,3.0
2025-03-10 13:18:09.095,-0.000273378040542,-25.58331014229229,3.0
2025-03-10 13:18:09.114,-0.0003789916253573,-27.69383625073849,3.0
2025-03-10 13:18:09.134,-0.0004710085317957,-29.70325441680454,3.0
2025-03-10 13:18:09.153,-0.0005477287360436,-31.49920081493786,3.0
2025-03-10 13:18:09.173,-0.0006104409420555,-32.987112925190075,3.0
2025-03-10 13:18:09.193,-0.000662729961353,-34.127804517514825,3.0
2025-03-10 13:18:09.212,-0.0007091839792891,-34.95545317764122,3.0
2025-03-10 13:18:09.232,-0.0007540165381226,-35.57001968753117,3.0
2025-03-10 13:18:09.251,-0.0008001201603018,-36.10413147350327,3.0
2025-03-10 13:18:09.271,-0.0008488273456144,-36.67082974782915,3.0
2025-03-10 13:18:09.290,-0.0009002926751396,-37.304008354698645,3.0
2025-03-10 13:18:09.310,-0.0009541263919071,-37.906620468679904,3.0
2025-03-10 13:18:09.329,-0.0010098467039126,-38.22183594433988,3.0
2025-03-10 13:18:09.349,-0.0010668705115768,-37.83887462278015,3.0
2025-03-10 13:18:09.368,-0.0011240222358317,-36.23854908442125,3.0
2025-03-10 13:18:09.388,-0.0011787986470907,-32.874802491933934,3.0
2025-03-10 13:18:09.407,-0.001226801221566,-27.27964464855633,3.0
2025-03-10 13:18:09.427,-0.0012617596387231,-19.1721435306148,3.0
2025-03-10 13:18:09.446,-0.0012763825776126,-8.549469844269261,3.0
2025-03-10 13:18:09.466,-0.0012639356406693,4.259682787796682,3.0
2025-03-10 13:18:09.486,-0.0012200967659315,18.592222479426045,3.0
2025-03-10 13:18:09.505,-0.0011444481243277,33.50185886426174,3.0
2025-03-10 13:18:09.525,-0.0010410444476395,47.85820031759135,3.0
2025-03-10 13:18:09.544,-0.0009178217720049,60.47953065259264,3.0
2025-03-10 13:18:09.564,-0.0007850240220541,70.27980775083563,3.0
2025-03-10 13:18:09.583,-0.0006531452984018,76.4082746943046,3.0
2025-03-10 13:18:09.603,-0.0005309830340158,78.36085373519867,3.0
2025-03-10 13:18:09.622,-0.0004242586474222,76.04603183617306,3.0
2025-03-10 13:18:09.642,-0.0003350102703151,69.79414393586713,3.0
2025-03-10 13:18:09.661,-0.0002617483704342,60.30747494791503,3.0
2025-03-10 13:18:09.681,-0.0002002351267709,48.55841541222925,3.0
2025-03-10 13:18:09.700,-0.0001446578696208,35.652195703437606,3.0
2025-03-10 13:18:09.720,-8.890534938888161e-05,22.677276206137357,3.0
2025-03-10 13:18:09.739,-2.7669446627090023e-05,10.568488751083098,3.0
2025-03-10 13:18:09.759,4.280248115597344e-05,0.0048809364893324,3.0
2025-03-10 13:18:09.779,0.0001243425974568,-8.643278657276296,3.0
2025-03-10 13:18:09.798,0.0002168178503153,-15.313807974898625,3.0
2025-03-10 13:18:09.818,0.0003182966572945,-20.203768823299207,3.0
2025-03-10 13:18:09.837,0.0004253385415546,-23.68618752413599,3.0
2025-03-10 13:18:09.857,0.0005333788112192,-26.21099396473712,3.0
2025-03-10 13:18:09.876,0.0006372376287916,-28.209940663278577,3.0
2025-03-10 13:18:09.896,0.0007317781009617,-30.02261122184263,3.0
2025-03-10 13:18:09.915,0.0008126462183031,-31.85488533475657,3.0
2025-03-10 13:18:09.935,0.0008769100565467,-33.77357641596069,3.0
2025-03-10 13:18:09.954,0.0009233906793364,-35.73295777120641,3.0
2025-03-10 13:18:09.974,0.0009525897882948,-37.62222896869571,3.0
2025-03-10 13:18:09.993,0.0009662957288774,-39.31908167112484,3.0
2025-03-10 13:18:10.013,0.0009670679594746,-40.73421886393916,3.0
2025-03-10 13:18:10.032,0.0009577976680693,-41.83495150913722,3.0
2025-03-10 13:18:10.052,0.0009414482491923,-42.64202704022368,3.0
2025-03-10 13:18:10.071,0.0009209647468603,-43.2012176819034,3.0
2025-03-10 13:18:10.091,0.0008992573353771,-43.53819984870808,3.0
2025-03-10 13:18:10.111,0.0008791282414695,-43.610231558117405,3.0
2025-03-10 13:18:10.130,0.000863033440711,-43.26982438302249,3.0
2025-03-10 13:18:10.150,0.0008526573972073,-42.2534322041564,3.0
2025-03-10 13:18:10.169,0.0008484066581383,-40.20243194443851,3.0
2025-03-10 13:18:10.189,0.0008490334089117,-36.71556622956953,3.0
2025-03-10 13:18:10.208,0.0008516230535381,-31.423548411979144,3.0
2025-03-10 13:18:10.228,0.0008520963972031,-24.070056478211963,3.0
2025-03-10 13:18:10.247,0.0008462005546537,-14.58090692783153,3.0
2025-03-10 13:18:10.267,0.0008307475899076,-3.105750095738638,3.0
2025-03-10 13:18:10.286,0.0008047072982473,9.976497745940764,3.0
2025-03-10 13:18:10.306,0.0007697714830238,24.088251084868556,3.0
2025-03-10 13:18:10.325,0.0007301829191963,38.51141195822687,3.0
2025-03-10 13:18:10.345,0.0006918488448991,52.45971373265725,3.0
2025-03-10 13:18:10.364,0.0006609341743099,65.15147624227548,3.0
2025-03-10 13:18:10.384,0.0006422474571297,75.8725256450158,3.0
2025-03-10 13:18:10.404,0.0006378052865393,84.02456968279246,3.0
2025-03-10 13:18:10.423,0.0006459535929475,89.15948105865002,3.0
2025-03-10 13:18:10.443,0.0006613119643407,91.00283950283664,3.0
2025-03-10 13:18:10.462,0.000675621403914,89.46997770757896,3.0
2025-03-10 13:18:10.482,0.0006793697519116,84.67525751840368,3.0
2025-03-10 13:18:10.501,0.0006638814052104,76.9319793488895,3.0
2025-03-10 13:18:10.521,0.0006234187175654,66.73813376826328,3.0
2025-03-10 13:18:10.540,0.0005567830582858,54.74355335753323,3.0
2025-03-10 13:18:10.560,0.0004679564549657,41.69716604040263,3.0
2025-03-10 13:18:10.579,0.0003655127668886,28.377971494855245,3.0
2025-03-10 13:18:10.599,0.0002608389856169,15.518277033784582,3.0
2025-03-10 13:18:10.618,0.0001655679634675,3.73089567714243,3.0
2025-03-10 13:18:10.638,8.890151174216245e-05,-6.54761730180894,3.0
2025-03-10 13:18:10.657,3.556896696427317e-05,-15.08813996423583,3.0
2025-03-10 13:18:10.677,4.971639524732804e-06,-21.86977183517305,3.0
2025-03-10 13:18:10.697,-8.326680898159014e-06,-27.051273133555377,3.0
2025-03-10 13:18:10.716,-1.3029100718403868e-05,-30.91982663724646,3.0
2025-03-10 13:18:10.736,-1.9001881659328823e-05,-33.827974545845976,3.0
2025-03-10 13:18:10.755,-3.522280816311405e-05,-36.131307429389175,3.0
2025-03-10 13:18:10.775,-6.820712623465698e-05,-38.13824711765552,3.0
2025-03-10 13:18:10.794,-0.0001211085815339,-40.07930551363084,3.0
2025-03-10 13:18:10.814,-0.0001935007975697,-42.09754658541306,3.0
2025-03-10 13:18:10.833,-0.0002817287439518,-44.25622887622998,3.0
2025-03-10 13:18:10.853,-0.0003796843515194,-46.5554700048391,3.0
2025-03-10 13:18:10.872,-0.0004798806782947,-48.94852097753569,3.0
2025-03-10 13:18:10.892,-0.0005747387757151,-51.35024162681857,3.0
2025-03-10 13:18:10.911,-0.0006580292370545,-53.63494237491263,3.0
2025-03-10 13:18:10.931,-0.0007263908675776,-55.62636142917252,3.0
2025-03-10 13:18:10.950,-0.0007807466644441,-57.087284003514895,3.0
2025-03-10 13:18:10.970,-0.000827267862467,-57.71850538005067,3.0
2025-03-10 13:18:10.989,-0.000877401812497,-57.175522756044046,3.0
2025-03-10 13:18:11.009,-0.0009465189863235,-55.10657309257371,3.0
2025-03-10 13:18:11.029,-0.0010510174990414,-51.20861850581119,3.0
2025-03-10 13:18:11.048,-0.0012041823405877,-45.29075818299653,3.0
2025-03-10 13:18:11.068,-0.001411569985358,-37.3298100977273,3.0
2025-03-10 13:18:11.087,-0.0016670131894878,-27.50243368541143,3.0
2025-03-10 13:18:11.107,-0.0019504069119097,-16.18277594035239,3.0
2025-03-10 13:18:11.126,-0.0022282161453548,-3.903091658078116,3.0
2025-03-10 13:18:11.146,-0.0024571804509266,8.715429232137291,3.0
2025-03-10 13:18:11.165,-0.0025910358143794,21.046327331456567,3.0
2025-03-10 13:18:11.185,-0.0025892947306704,32.536823609639804,3.0
2025-03-10 13:18:11.204,-0.0024263603707373,42.76420586936768,3.0
2025-03-10 13:18:11.224,-0.0020987578225024,51.45800332161317,3.0
2025-03-10 13:18:11.243,-0.0016283269570258,58.485608100837645,3.0
2025-03-10 13:18:11.263,-0.0010600038797632,63.80891555610272,3.0
2025-03-10 13:18:11.282,-0.0004542565832271,67.42741914624277,3.0
2025-03-10 13:18:11.302,0.0001240752930296,69.32681223799963,3.0
2025-03-10 13:18:11.322,0.0006175765331892,69.45032682738743,3.0
2025-03-10 13:18:11.341,0.0009856182235271,67.70302550663068,3.0
2025-03-10 13:18:11.361,0.0012092391072321,63.98889269670314,3.0
2025-03-10 13:18:11.380,0.0012910703475179,58.26991656020248,3.0
2025-03-10 13:18:11.400,0.0012512158007157,50.62880038279555,3.0
2025-03-10 13:18:11.419,0.0011207821768802,41.31496176486419,3.0
2025-03-10 13:18:11.439,0.0009348792861442,30.75765310325059,3.0
2025-03-10 13:18:11.458,0.0007265517752526,19.538872125531885,3.0
2025-03-10 13:18:11.478,0.0005225168566857,8.329335569607322,3.0
2025-03-10 13:18:11.497,0.0003410011770905,-2.199959286993709,3.0
2025-03-10 13:18:11.517,0.0001915221290175,-11.472460936264907,3.0
2025-03-10 13:18:11.536,7.616781067405952e-05,-19.087956567891798,3.0
2025-03-10 13:18:11.556,-8.225658861003434e-06,-24.87577028283404,3.0
2025-03-10 13:18:11.575,-6.763983552565766e-05,-28.909676083815494,3.0
2025-03-10 13:18:11.595,-0.0001087440690776,-31.48253939698697,3.0
2025-03-10 13:18:11.614,-0.0001374297542704,-33.045950574749675,3.0
2025-03-10 13:18:11.634,-0.0001580927090562,-34.12567657983975,3.0
2025-03-10 13:18:11.654,-0.00017351275936,-35.226912142833704,3.0
2025-03-10 13:18:11.673,-0.0001850807736976,-36.74399686172716,3.0
2025-03-10 13:18:11.693,-0.0001931567243343,-38.88790262832587,3.0
2025-03-10 13:18:11.712,-0.0001974340130665,-41.64200411543674,3.0
2025-03-10 13:18:11.732,-0.0001972690722117,-44.75296123538803,3.0
2025-03-10 13:18:11.751,-0.0001919825250728,-47.7592639981989,3.0
2025-03-10 13:18:11.771,-0.0001811451638308,-50.0551987778503,3.0
2025-03-10 13:18:11.790,-0.0001648366656559,-50.982776288673286,3.0
2025-03-10 13:18:11.810,-0.0001438227386639,-49.93892726413972,3.0
2025-03-10 13:18:11.829,-0.0001195597874107,-46.480979302932646,3.0
2025-03-10 13:18:11.849,-9.393827949553764e-05,-40.41147995285419,3.0
2025-03-10 13:18:11.868,-6.874689560226198e-05,-31.825183032346462,3.0
2025-03-10 13:18:11.888,-4.495935563270048e-05,-21.107065498259782,3.0
2025-03-10 13:18:11.907,-2.2033556428676e-05,-8.879854582520508,3.0
2025-03-10 13:18:11.927,2.5870696167912555e-06,4.08942032655453,3.0
2025-03-10 13:18:11.947,3.362934054537548e-05,17.004833843326818,3.0
2025-03-10 13:18:11.966,7.769671541741194e-05,29.15468430086539,3.0
2025-03-10 13:18:11.986,0.000142440676729,39.99868893934695,3.0
2025-03-10 13:18:12.005,0.0002351787709361,49.21194746199184,3.0
2025-03-10 13:18:12.025,0.0003610928039719,56.67879377752448,3.0
2025-03-10 13:18:12.044,0.0005213366068704,62.4416158706047,3.0
2025-03-10 13:18:12.064,0.0007115207723687,66.62041033100681,3.0
2025-03-10 13:18:12.083,0.0009210359340613,69.32576812548679,3.0
2025-03-10 13:18:12.103,0.0011335228189279,70.58943146429775,3.0
2025-03-10 13:18:12.122,0.001328570346037,70.33191377859775,3.0
2025-03-10 13:18:12.142,0.00148450216417,68.37676309507638,3.0
2025-03-10 13:18:12.161,0.0015819144386895,64.50819668661357,3.0
2025-03-10 13:18:12.181,0.0016074266051022,58.5564680848524,3.0
2025-03-10 13:18:12.200,0.0015569161922431,50.48705620513027,3.0
2025-03-10 13:18:12.220,0.0014374157429216,40.46816210317868,3.0
2025-03-10 13:18:12.240,0.0012669545059846,28.8965870736114,3.0
2025-03-10 13:18:12.259,0.0010719761139842,16.373070996976367,3.0
2025-03-10 13:18:12.279,0.0008825251593457,3.6311867805700353,3.0
2025-03-10 13:18:12.298,0.0007260628278202,-8.564853278796004,3.0
2025-03-10 13:18:12.318,0.0006213639899709,-19.531478382489954,3.0
2025-03-10 13:18:12.337,0.0005742212133832,-28.763269827763697,3.0
2025-03-10 13:18:12.357,0.0005763988278929,-35.99820932089613,3.0
2025-03-10 13:18:12.376,0.0006083869335577,-41.239990400173376,3.0
2025-03-10 13:18:12.396,0.0006452593409999,-44.73576730743382,3.0
2025-03-10 13:18:12.415,0.00066383625167,-46.91594856005197,3.0
2025-03-10 13:18:12.435,0.0006488838402085,-48.30855286991712,3.0
2025-03-10 13:18:12.454,0.0005964798475786,-49.44346027721456,3.0
2025-03-10 13:18:12.474,0.0005137499186634,-50.76165313214187,3.0
2025-03-10 13:18:12.493,0.0004154125024389,-52.54200088719029,3.0
2025-03-10 13:18:12.513,0.0003184471668733,-54.854407357204025,3.0
2025-03-10 13:18:12.532,0.0002365267947551,-57.544208977792266,3.0
2025-03-10 13:18:12.552,0.0001757292798633,-60.24914604718639,3.0
2025-03-10 13:18:12.572,0.0001326227241012,-62.44706967059587,3.0
2025-03-10 13:18:12.591,9.518724168590224e-05,-63.52948911163231,3.0
2025-03-10 13:18:12.611,4.629719171289686e-05,-62.892784812109646,3.0
2025-03-10 13:18:12.630,-3.118498283280379e-05,-60.03546713963927,3.0
2025-03-10 13:18:12.650,-0.0001490758729263,-54.64694964815757,3.0
2025-03-10 13:18:12.669,-0.0003097394654834,-46.67218714570578,3.0
2025-03-10 13:18:12.689,-0.0005042888404645,-36.33850396570056,3.0
2025-03-10 13:18:12.708,-0.0007136348621423,-24.13659817768665,3.0
2025-03-10 13:18:12.728,-0.0009121316452841,-10.756376053275378,3.0
2025-03-10 13:18:12.747,-0.0010728873733078,3.0119922625227047,3.0
2025-03-10 13:18:12.767,-0.0011734139546845,16.393193899880472,3.0
2025-03-10 13:18:12.786,-0.0012002793250908,28.73512902737544,3.0
2025-03-10 13:18:12.806,-0.0011517579878729,39.58841859933139,3.0
2025-03-10 13:18:12.825,-0.00103799881679,48.74099814967225,3.0
2025-03-10 13:18:12.845,-0.0008787935803341,56.20157816245933,3.0
2025-03-10 13:18:12.865,-0.0006995430096744,62.137210889900906,3.0
2025-03-10 13:18:12.884,-0.0005264006669303,66.78070139781492,3.0
2025-03-10 13:18:12.904,-0.0003817177090664,70.33073853889633,3.0
2025-03-10 13:18:12.923,-0.0002807368327194,72.8696399776543,3.0
2025-03-10 13:18:12.943,-0.0002300537246187,74.31976499428427,3.0
2025-03-10 13:18:12.962,-0.0002278681228454,74.45050955084724,3.0
2025-03-10 13:18:12.982,-0.0002656660243147,72.93529827052721,3.0
2025-03-10 13:18:13.001,-0.0003307835349485,69.44516528475403,3.0
2025-03-10 13:18:13.021,-0.0004092731644004,63.75578383610768,3.0
2025-03-10 13:18:13.040,-0.000488552559786,55.84091872454199,3.0
2025-03-10 13:18:13.060,-0.0005594049882277,45.92837136955004,3.0
2025-03-10 13:18:13.079,-0.0006170165184239,34.50363915180521,3.0
2025-03-10 13:18:13.099,-0.0006609153455782,22.259060579212992,3.0
2025-03-10 13:18:13.118,-0.0006939306922619,9.99873363012246,3.0
2025-03-10 13:18:13.138,-0.00072053890843,-1.481089378596659,3.0
2025-03-10 13:18:13.158,-0.0007451061281708,-11.51198325581988,3.0
2025-03-10 13:18:13.177,-0.0007705098687302,-19.65051000506787,3.0
2025-03-10 13:18:13.197,-0.0007974452353737,-25.734904003997407,3.0
2025-03-10 13:18:13.216,-0.0008244755657667,-29.892196674812844,3.0
2025-03-10 13:18:13.236,-0.0008486649291265,-32.49636881669471,3.0
2025-03-10 13:18:13.255,-0.0008664884672565,-34.08697650618325,3.0
2025-03-10 13:18:13.275,-0.0008746798985973,-35.264122131733814,3.0
2025-03-10 13:18:13.294,-0.0008707497631135,-36.57862645822288,3.0
2025-03-10 13:18:13.314,-0.0008530661383898,-38.43560600102227,3.0
2025-03-10 13:18:13.333,-0.0008205690252561,-41.02598265411673,3.0
2025-03-10 13:18:13.353,-0.0007723292460101,-44.294904784391264,3.0
2025-03-10 13:18:13.372,-0.0007072217345732,-47.94993594768441,3.0
2025-03-10 13:18:13.392,-0.0006239334453202,-51.50621432862427,3.0
2025-03-10 13:18:13.411,-0.0005213768081064,-54.36116686297543,3.0
2025-03-10 13:18:13.431,-0.0003994058457285,-55.88788017850473,3.0
2025-03-10 13:18:13.450,-0.0002596177763467,-55.53379660197668,3.0
2025-03-10 13:18:13.470,-0.0001059799234705,-52.91009414696097,3.0
2025-03-10 13:18:13.490,5.497552635652422e-05,-47.85737337946716,3.0
2025-03-10 13:18:13.509,0.0002145829637206,-40.47580124826734,3.0
2025-03-10 13:18:13.529,0.0003631465051736,-31.113117220645467,3.0
2025-03-10 13:18:13.548,0.0004915587484942,-20.31156458355749,3.0
2025-03-10 13:18:13.568,0.0005930889708039,-8.723463247274838,3.0
2025-03-10 13:18:13.587,0.0006648707065308,2.9874425476034467,3.0
2025-03-10 13:18:13.607,0.0007086191639585,14.237862199772286,3.0
2025-03-10 13:18:13.626,0.0007302857184868,24.590261451355595,3.0
2025-03-10 13:18:13.646,0.0007386808683731,33.77814684859831,3.0
2025-03-10 13:18:13.665,0.0007434297334553,41.687971320901376,3.0
2025-03-10 13:18:13.685,0.0007528079676518,48.30553548698841,3.0
2025-03-10 13:18:13.704,0.0007719831854629,53.64415512765659,3.0
2025-03-10 13:18:13.724,0.0008020205872287,57.67680522952523,3.0
2025-03-10 13:18:13.743,0.0008398131696582,60.29338872795207,3.0
2025-03-10 13:18:13.763,0.0008789352581181,61.29722057340908,3.0
2025-03-10 13:18:13.783,0.0009112704547837,60.443491355884106,3.0
2025-03-10 13:18:13.802,0.0009290788741694,57.51002366363714,3.0
2025-03-10 13:18:13.822,0.0009269823789146,52.38076944106335,3.0
2025-03-10 13:18:13.841,0.0009032970230877,45.118270843919966,3.0
2025-03-10 13:18:13.861,0.0008603246686091,36.00398740752174,3.0
2025-03-10 13:18:13.880,0.0008035762252174,25.53397249367321,3.0
2025-03-10 13:18:13.900,0.000740264328409,14.369021163938912,3.0
2025-03-10 13:18:13.919,0.0006775992943504,3.2495924678665564,3.0
2025-03-10 13:18:13.939,0.0006213817426503,-7.106391511102564,3.0
2025-03-10 13:18:13.958,0.0005751763136416,-16.10189033083973,3.0
2025-03-10 13:18:13.978,0.0005401055218841,-23.336348415192443,3.0
2025-03-10 13:18:13.997,0.000515124837697,-28.64564957814558,3.0
2025-03-10 13:18:14.017,0.0004975722807634,-32.101637656982135,3.0
2025-03-10 13:18:14.036,0.0004838221587027,-33.97472672277002,3.0
2025-03-10 13:18:14.056,0.0004699670964763,-34.669814069229695,3.0
2025-03-10 13:18:14.076,0.0004525270131292,-34.649471283376094,3.0
2025-03-10 13:18:14.095,0.0004291695832697,-34.358699612912346,3.0
2025-03-10 13:18:14.115,0.0003993232817861,-34.16277801308386,3.0
2025-03-10 13:18:14.134,0.0003644506217596,-34.30505574985024,3.0
2025-03-10 13:18:14.154,0.0003277364105624,-34.88648536750339,3.0
2025-03-10 13:18:14.173,0.000293102363892,-35.864686740665896,3.0
2025-03-10 13:18:14.193,0.0002637484284168,-37.06825022018264,3.0
2025-03-10 13:18:14.212,0.0002406956290787,-38.221895418532085,3.0
2025-03-10 13:18:14.232,0.0002218918870026,-38.97931890796509,3.0
2025-03-10 13:18:14.251,0.0002022640400385,-38.96196900315999,3.0
2025-03-10 13:18:14.271,0.0001747381679556,-37.80249678092291,3.0
2025-03-10 13:18:14.290,0.0001318998533258,-35.190698702001754,3.0
2025-03-10 13:18:14.310,6.780294958961823e-05,-30.917681744728807,3.0
2025-03-10 13:18:14.329,-2.0507688526065615e-05,-24.91182498920205,3.0
2025-03-10 13:18:14.349,-0.0001320368754575,-17.25927833350248,3.0
2025-03-10 13:18:14.368,-0.0002615923686908,-8.203270462149762,3.0
2025-03-10 13:18:14.388,-0.000400313106301,1.8794912888711772,3.0
2025-03-10 13:18:14.408,-0.0005369268884674,12.521571142249904,3.0
2025-03-10 13:18:14.427,-0.0006595483002781,23.217847578005586,3.0
2025-03-10 13:18:14.447,-0.0007577060975828,33.47720295183034,3.0
2025-03-10 13:18:14.466,-0.0008242386465069,42.86193415061709,3.0
2025-03-10 13:18:14.486,-0.0008567077801136,51.008124837256446,3.0
2025-03-10 13:18:14.505,-0.0008580378766446,57.62653258291211,3.0
2025-03-10 13:18:14.525,-0.0008362021934022,62.48992616999406,3.0
2025-03-10 13:18:14.544,-0.0008029617117125,65.41709131193062,3.0
2025-03-10 13:18:14.564,-0.0007718759018385,66.26435795537192,3.0
2025-03-10 13:18:14.583,-0.000755978916464,64.93211933772103,3.0
2025-03-10 13:18:14.603,-0.0007655810808859,61.38744695926132,3.0
2025-03-10 13:18:14.622,-0.0008065831361214,55.69673909627508,3.0
2025-03-10 13:18:14.642,-0.0008795114332361,48.056960778191886,3.0
2025-03-10 13:18:14.661,-0.000979290964102,38.81245109901414,3.0
2025-03-10 13:18:14.681,-0.0010956668414738,28.44714129791141,3.0
2025-03-10 13:18:14.701,-0.0012141793897638,17.548420189034644,3.0
2025-03-10 13:18:14.720,-0.0013176222126144,6.746713958983309,3.0
2025-03-10 13:18:14.740,-0.0013878863752349,-3.358331297041824,3.0
2025-03-10 13:18:14.759,-0.0014080016980741,-12.270334057756736,3.0
2025-03-10 13:18:14.779,-0.0013640983474037,-19.65267923370985,3.0
2025-03-10 13:18:14.798,-0.0012470308254286,-25.358160602173054,3.0
2025-03-10 13:18:14.818,-0.0010535469819103,-29.427150710394013,3.0
2025-03-10 13:18:14.837,-0.0007870211437901,-32.05668912389898,3.0
2025-03-10 13:18:14.857,-0.0004577604580544,-33.54883149656057,3.0
2025-03-10 13:18:14.876,-8.274523027521817e-05,-34.25012242849405,3.0
2025-03-10 13:18:14.896,0.0003154544900773,-34.49448265011831,3.0
2025-03-10 13:18:14.915,0.0007107551438029,-34.55930188416022,3.0
2025-03-10 13:18:14.935,0.0010764883738347,-34.640013319774,3.0
2025-03-10 13:18:14.954,0.0013886957950303,-34.84327641221635,3.0
2025-03-10 13:18:14.974,0.0016291289149855,-35.1945535662558,3.0
2025-03-10 13:18:14.993,0.001787344197551,-35.653415818930924,3.0
2025-03-10 13:18:15.013,0.0018614914333333,-36.12980936510175,3.0
2025-03-10 13:18:15.033,0.001857686655107,-36.496533610029545,3.0
2025-03-10 13:18:15.052,0.0017881765841936,-36.59652123221985,3.0
2025-03-10 13:18:15.072,0.0016687591956592,-36.24700398169915,3.0
2025-03-10 13:18:15.091,0.0015160492687647,-35.245062548363705,3.0
2025-03-10 13:18:15.111,0.001345143412799,-33.37946038403102,3.0
2025-03-10 13:18:15.130,0.001168074128081,-30.451742207025664,3.0
2025-03-10 13:18:15.150,0.0009931976465752,-26.30584542272469,3.0
2025-03-10 13:18:15.169,0.0008254035475689,-20.86120729215775,3.0
2025-03-10 13:18:15.189,0.0006668596882616,-14.141255958467337,3.0
2025-03-10 13:18:15.208,0.0005179753574974,-6.288731316546307,3.0
2025-03-10 13:18:15.228,0.0003783366006959,2.4379569847359166,3.0
2025-03-10 13:18:15.247,0.0002474489083661,11.687927400293791,3.0
2025-03-10 13:18:15.267,0.0001251840334665,21.055396725349954,3.0
2025-03-10 13:18:15.286,1.190130201662049e-05,30.12227967327356,3.0
2025-03-10 13:18:15.306,-9.169270839048516e-05,38.49552690650884,3.0
2025-03-10 13:18:15.326,-0.0001848182336326,45.83152892142607,3.0
2025-03-10 13:18:15.345,-0.0002669142047481,51.84511183466232,3.0
2025-03-10 13:18:15.365,-0.0003378925243031,56.30650296542094,3.0
2025-03-10 13:18:15.384,-0.0003983331970243,59.0339697963328,3.0
2025-03-10 13:18:15.404,-0.0004495781649854,59.89096389744901,3.0
2025-03-10 13:18:15.423,-0.0004936540863273,58.793998369206655,3.0
2025-03-10 13:18:15.443,-0.0005329805801103,55.73204571297597,3.0
2025-03-10 13:18:15.462,-0.0005699123504753,50.7920407406974,3.0
2025-03-10 13:18:15.482,-0.0006062653443886,44.18059319285511,3.0
2025-03-10 13:18:15.501,-0.0006430015597546,36.23111096489887,3.0
2025-03-10 13:18:15.521,-0.0006801587040405,27.38865027224176,3.0
2025-03-10 13:18:15.540,-0.0007169728390355,18.17085405334217,3.0
2025-03-10 13:18:15.560,-0.0007520617279692,9.11023748300746,3.0
2025-03-10 13:18:15.579,-0.0007835675988714,0.6886158352992715,3.0
2025-03-10 13:18:15.599,-0.0008092569448965,-6.72296636589087,3.0
2025-03-10 13:18:15.619,-0.0008266455719398,-12.906457525869037,3.0
2025-03-10 13:18:15.638,-0.0008332052925821,-17.812958413874313,3.0
2025-03-10 13:18:15.658,-0.0008266456718713,-21.550593306148944,3.0
2025-03-10 13:18:15.677,-0.0008052124180565,-24.348047532807005,3.0
2025-03-10 13:18:15.697,-0.0007679386185937,-26.502494861293155,3.0
2025-03-10 13:18:15.716,-0.0007148264697229,-28.322861105352867,3.0
2025-03-10 13:18:15.736,-0.0006469823434525,-30.078687241473755,3.0
2025-03-10 13:18:15.755,-0.0005667105462754,-31.961795046893403,3.0
2025-03-10 13:18:15.775,-0.0004774932925282,-34.06376984282436,3.0
2025-03-10 13:18:15.794,-0.0003837462714699,-36.36847611988509,3.0
2025-03-10 13:18:15.814,-0.0002903138016318,-38.75661071524074,3.0
2025-03-10 13:18:15.833,-0.0002017960774623,-41.01907787500591,3.0
2025-03-10 13:18:15.853,-0.0001218707535717,-42.87723049235922,3.0
2025-03-10 13:18:15.872,-5.275627245710477e-05,-44.00963997755926,3.0
2025-03-10 13:18:15.892,5.075124543233787e-06,-44.085838789720086,3.0
2025-03-10 13:18:15.911,5.285648969609262e-05,-42.80666415350017,3.0
2025-03-10 13:18:15.931,9.31301672045442e-05,-39.948412569547,3.0
2025-03-10 13:18:15.951,0.0001290697362203,-35.40482105601974,3.0
2025-03-10 13:18:15.970,0.0001637042291033,-29.21836657920037,3.0
2025-03-10 13:18:15.990,0.0001992716418146,-21.59203222572432,3.0
2025-03-10 13:18:16.009,0.0002368667995153,-12.875399213227048,3.0
2025-03-10 13:18:16.029,0.000276427346756,-3.5243990581619173,3.0
2025-03-10 13:18:16.048,0.0003169905994781,5.959173615985489,3.0
2025-03-10 13:18:16.068,0.0003570916461763,15.096374411422662,3.0
2025-03-10 13:18:16.087,0.0003951718716877,23.492982114893465,3.0
2025-03-10 13:18:16.107,0.0004299131103475,30.880412207958656,3.0
2025-03-10 13:18:16.126,0.0004604592154105,37.126423538683866,3.0
2025-03-10 13:18:16.146,0.0004865045935056,42.21395176383914,3.0
2025-03-10 13:18:16.165,0.0005082459325267,46.19472175236487,3.0
2025-03-10 13:18:16.185,0.0005262363303522,49.13113487886298,3.0
2025-03-10 13:18:16.204,0.0005412141723811,51.04337862747,3.0
2025-03-10 13:18:16.224,0.0005539490364419,51.877631450478745,3.0
2025-03-10 13:18:16.244,0.0005650726927722,51.505659287796,3.0
2025-03-10 13:18:16.263,0.0005748319053462,49.75734218118504,3.0
2025-03-10 13:18:16.283,0.0005827654088864,46.478108478786815,3.0
2025-03-10 13:18:16.302,0.0005874259566109,41.59567791161359,3.0
2025-03-10 13:18:16.322,0.0005863430294528,35.1772353644104,3.0
2025-03-10 13:18:16.341,0.0005763865557206,27.46020985522674,3.0
2025-03-10 13:18:16.361,0.000554543633177,18.8465874121615,3.0
2025-03-10 13:18:16.380,0.0005189156515722,9.860063494126386,3.0
2025-03-10 13:18:16.400,0.0004695921795885,1.074577391710355,3.0
2025-03-10 13:18:16.419,0.0004090703240095,-6.970611197275849,3.0
2025-03-10 13:18:16.439,0.0003420689223327,-13.851598925731093,3.0
2025-03-10 13:18:16.458,0.0002748079808821,-19.3202645035798,3.0
2025-03-10 13:18:16.478,0.0002139498123714,-23.333468120954613,3.0
2025-03-10 13:18:16.497,0.0001654123630668,-26.046860679338177,3.0
2025-03-10 13:18:16.517,0.0001332425589681,-27.77604528482013,3.0
2025-03-10 13:18:16.537,0.0001187416959048,-28.93339961653244,3.0
2025-03-10 13:18:16.556,0.0001200603137767,-29.9521773858536,3.0
2025-03-10 13:18:16.576,0.0001324541425123,-31.21030622758125,3.0
2025-03-10 13:18:16.595,0.0001492378100364,-32.964973678958266,3.0
2025-03-10 13:18:16.615,0.0001632126271121,-35.30644780091602,3.0
2025-03-10 13:18:16.634,0.0001681301743541,-38.1364901580314,3.0
2025-03-10 13:18:16.654,0.0001597352331847,-41.17379542942869,3.0
2025-03-10 13:18:16.673,0.0001361267014286,-43.98628915811673,3.0
2025-03-10 13:18:16.693,9.747464485080927e-05,-46.04757911632106,3.0
2025-03-10 13:18:16.712,4.538385227716755e-05,-46.81199850174666,3.0
2025-03-10 13:18:16.732,-1.7724730110890394e-05,-45.79938334245668,3.0
2025-03-10 13:18:16.751,-8.896269956739534e-05,-42.67748545434236,3.0
2025-03-10 13:18:16.771,-0.0001650275121356,-37.32787484269736,3.0
2025-03-10 13:18:16.790,-0.000242119719679,-29.881703375783463,3.0
2025-03-10 13:18:16.810,-0.0003159309714862,-20.715670031044347,3.0
2025-03-10 13:18:16.829,-0.0003818313491339,-10.40571676024908,3.0
2025-03-10 13:18:16.849,-0.0004352655116319,0.355104742447462,3.0
2025-03-10 13:18:16.869,-0.0004722831750967,10.859849661310486,3.0
2025-03-10 13:18:16.888,-0.0004900985429425,20.491880159481106,3.0
2025-03-10 13:18:16.908,-0.0004875723588134,28.809105709507417,3.0
2025-03-10 13:18:16.927,-0.0004655146587946,35.591299223250644,3.0
2025-03-10 13:18:16.947,-0.0004267172791922,40.84138924081152,3.0
2025-03-10 13:18:16.966,-0.0003756649381937,44.74156609575307,3.0
2025-03-10 13:18:16.986,-0.0003179468869987,47.57487548167669,3.0
2025-03-10 13:18:17.005,-0.0002594690619602,49.63061578655832,3.0
2025-03-10 13:18:17.025,-0.0002056181110996,51.115624328118585,3.0
2025-03-10 13:18:17.044,-0.0001605430871836,52.09243757553711,3.0
2025-03-10 13:18:17.064,-0.0001266999377839,52.459306039146895,3.0
2025-03-10 13:18:17.083,-0.0001047502495436,51.97723255927077,3.0
2025-03-10 13:18:17.103,-9.382175051492052e-05,50.33773943138768,3.0
2025-03-10 13:18:17.122,-9.204032712842729e-05,47.25476829952574,3.0
2025-03-10 13:18:17.142,-9.717014062264996e-05,42.55774209778032,3.0
2025-03-10 13:18:17.162,-0.0001071854790481,36.26224061912823,3.0
2025-03-10 13:18:17.181,-0.0001206451262679,28.600249988101933,3.0
2025-03-10 13:18:17.201,-0.0001368213579625,20.002056351242995,3.0
2025-03-10 13:18:17.220,-0.0001556221761343,11.033747467242211,3.0
2025-03-10 13:18:17.240,-0.0001773964888068,2.3047314288706016,3.0
2025-03-10 13:18:17.259,-0.0002026887385829,-5.633940342322485,3.0
2025-03-10 13:18:17.279,-0.0002319325656678,-12.37862426765878,3.0
2025-03-10 13:18:17.298,-0.0002650338601411,-17.731725889841766,3.0
2025-03-10 13:18:17.318,-0.0003008688601988,-21.719748283715592,3.0
2025-03-10 13:18:17.337,-0.0003368761685726,-24.569583288407344,3.0
2025-03-10 13:18:17.357,-0.0003690131050152,-26.65015481472384,3.0
2025-03-10 13:18:17.376,-0.0003922689610336,-28.392368353904857,3.0
2025-03-10 13:18:17.396,-0.0004017111532453,-30.20286326351779,3.0
2025-03-10 13:18:17.415,-0.0003938053576059,-32.38635901797352,3.0
2025-03-10 13:18:17.435,-0.0003676033301067,-35.08826211900767,3.0
2025-03-10 13:18:17.454,-0.0003253921426969,-38.26486121101493,3.0
2025-03-10 13:18:17.474,-0.0002725532821093,-41.68397821491353,3.0
2025-03-10 13:18:17.494,-0.0002166266384005,-44.95499266549943,3.0
2025-03-10 13:18:17.513,-0.0001658111447298,-47.58382416078406,3.0
2025-03-10 13:18:17.533,-0.0001272833624593,-49.04557199936861,3.0
2025-03-10 13:18:17.552,-0.000105746168404,-48.864976988920986,3.0
2025-03-10 13:18:17.572,-0.0001025317433781,-46.69293758478896,3.0
2025-03-10 13:18:17.591,-0.0001154061116946,-42.36662363832422,3.0
2025-03-10 13:18:17.611,-0.0001390287891573,-35.942102247892244,3.0
2025-03-10 13:18:17.630,-0.000165900371061,-27.69235502976042,3.0
2025-03-10 13:18:17.650,-0.0001876153000411,-18.06987894152063,3.0
2025-03-10 13:18:17.669,-0.0001962642169796,-7.640485504422746,3.0
2025-03-10 13:18:17.689,-0.0001858157841094,2.9984988504539056,3.0
2025-03-10 13:18:17.708,-0.0001532488106418,13.298639622320188,3.0
2025-03-10 13:18:17.728,-9.918275794567022e-05,22.82267893095332,3.0
2025-03-10 13:18:17.747,-2.7832842523689823e-05,31.27639537601091,3.0
2025-03-10 13:18:17.767,5.372739274260384e-05,38.5052917716545,3.0
2025-03-10 13:18:17.787,0.0001368512123554,44.46017770442793,3.0
2025-03-10 13:18:17.806,0.0002128921458633,49.14356695460064,3.0
2025-03-10 13:18:17.826,0.0002747524308065,52.55365953370744,3.0
2025-03-10 13:18:17.845,0.000318095628718,54.64314458046341,3.0
2025-03-10 13:18:17.865,0.0003419682769905,55.30581093517383,3.0
2025-03-10 13:18:17.884,0.0003486853330064,54.39591289954807,3.0
2025-03-10 13:18:17.904,0.0003429976586929,51.77550763526077,3.0
2025-03-10 13:18:17.923,0.0003307551177489,47.37633943498928,3.0
2025-03-10 13:18:17.943,0.0003174414293737,41.25792260162375,3.0
2025-03-10 13:18:17.962,0.0003070010371148,33.643830943380514,3.0
2025-03-10 13:18:17.982,0.0003012700803211,24.92374211835525,3.0
2025-03-10 13:18:18.001,0.0003001148119507,15.617779377884084,3.0
2025-03-10 13:18:18.021,0.0003021540056097,6.3094245790236725,3.0
2025-03-10 13:18:18.040,0.0003057653804257,-2.438984807052192,3.0
2025-03-10 13:18:18.060,0.0003100135978008,-10.170287203833936,3.0
2025-03-10 13:18:18.080,0.0003152160806889,-16.598738951339342,3.0
2025-03-10 13:18:18.099,0.0003230194496714,-21.645524438758745,3.0
2025-03-10 13:18:18.119,0.0003359960683807,-25.437331293070933,3.0
2025-03-10 13:18:18.138,0.0003568612970217,-28.269158923487435,3.0
2025-03-10 13:18:18.158,0.0003874976421137,-30.538959000655687,3.0
2025-03-10 13:18:18.177,0.0004280642036232,-32.66609568687442,3.0
2025-03-10 13:18:18.197,0.0004765054896212,-35.00749056107813,3.0
2025-03-10 13:18:18.216,0.0005286724868327,-37.78481840760458,3.0
2025-03-10 13:18:18.236,0.0005790453225198,-41.033805160860375,3.0
2025-03-10 13:18:18.255,0.0006218275370396,-44.583252307827095,3.0
2025-03-10 13:18:18.275,0.0006520761793085,-48.06744645844713,3.0
2025-03-10 13:18:18.294,0.0006665450055966,-50.97140056429394,3.0
2025-03-10 13:18:18.314,0.0006640233689693,-52.703986225400605,3.0
2025-03-10 13:18:18.333,0.000645143345879,-52.68956033692727,3.0
2025-03-10 13:18:18.353,0.0006118429746835,-50.46461068305712,3.0
2025-03-10 13:18:18.372,0.0005667868376903,-45.76319161752127,3.0
2025-03-10 13:18:18.392,0.0005129800568946,-38.574763790777496,3.0
2025-03-10 13:18:18.412,0.000453625940622,-29.161521841652547,3.0
2025-03-10 13:18:18.431,0.0003921040610589,-18.02946609549072,3.0
2025-03-10 13:18:18.451,0.0003318874991082,-5.857054958111267,3.0
2025-03-10 13:18:18.470,0.0002762952491259,6.605154551202305,3.0
2025-03-10 13:18:18.490,0.0002281209416124,18.643608663609072,3.0
2025-03-10 13:18:18.509,0.0001892800498356,29.67716323392054,3.0
2025-03-10 13:18:18.529,0.0001606063721353,39.319506488648464,3.0
2025-03-10 13:18:18.548,0.0001418343863952,47.39695769260484,3.0
2025-03-10 13:18:18.568,0.0001317092336984,53.92025261676863,3.0
2025-03-10 13:18:18.587,0.0001281271716861,59.019389098553,3.0
2025-03-10 13:18:18.607,0.0001282329087837,62.85894529980857,3.0
2025-03-10 13:18:18.626,0.0001284630629902,65.55565267292987,3.0
2025-03-10 13:18:18.646,0.0001245947015426,67.11935155608903,3.0
2025-03-10 13:18:18.665,0.0001119037535618,67.43274121031318,3.0
2025-03-10 13:18:18.685,8.553818961748687e-05,66.2756601237001,3.0
2025-03-10 13:18:18.705,4.115769683614532e-05,63.38817822384063,3.0
2025-03-10 13:18:18.724,-2.420540414906316e-05,58.55643791392445,3.0
2025-03-10 13:18:18.744,-0.0001112243686782,51.69880761911847,3.0
2025-03-10 13:18:18.763,-0.0002175514763498,42.92942119226238,3.0
2025-03-10 13:18:18.783,-0.0003375777004687,32.58178888371828,3.0
2025-03-10 13:18:18.802,-0.0004629083600186,21.18524778996145,3.0
2025-03-10 13:18:18.822,-0.0005836121540891,9.39864530067516,3.0
2025-03-10 13:18:18.841,-0.000690045402695,-2.0843691135504923,3.0
2025-03-10 13:18:18.861,-0.0007748056302541,-12.638153797265383,3.0
2025-03-10 13:18:18.880,-0.0008342553737091,-21.794896795005524,3.0
2025-03-10 13:18:18.900,-0.000869154785817,-29.30427954804481,3.0
2025-03-10 13:18:18.919,-0.0008842179849978,-35.15298013533328,3.0
2025-03-10 13:18:18.939,-0.0008867502124389,-39.54246320562833,3.0
2025-03-10 13:18:18.958,-0.0008847961651365,-42.831332402075496,3.0
2025-03-10 13:18:18.978,-0.0008853267820735,-45.45429116937475,3.0
2025-03-10 13:18:18.998,-0.0008928892500314,-47.83270076562911,3.0
2025-03-10 13:18:19.017,-0.0009089299536598,-50.29177030890145,3.0
2025-03-10 13:18:19.037,-0.0009318044186292,-52.99707299342939,3.0
2025-03-10 13:18:19.056,-0.0009573868755917,-55.919209722757614,3.0
2025-03-10 13:18:19.076,-0.0009801578345937,-58.83093997620102,3.0
2025-03-10 13:18:19.095,-0.0009945978677696,-61.33665990925508,3.0
2025-03-10 13:18:19.115,-0.0009966105296954,-62.93007729611541,3.0
2025-03-10 13:18:19.134,-0.0009845973585721,-63.07238378491381,3.0
2025-03-10 13:18:19.154,-0.0009598204007791,-61.28018784856366,3.0
2025-03-10 13:18:19.173,-0.0009258673699199,-57.21020899765638,3.0
2025-03-10 13:18:19.193,-0.0008873320189148,-50.72685884230169,3.0
2025-03-10 13:18:19.212,-0.0008481091812153,-41.94013807565863,3.0
2025-03-10 13:18:19.232,-0.0008098506533526,-31.205288348243688,3.0
2025-03-10 13:18:19.251,-0.0007710800781255,-19.082145247896992,3.0
2025-03-10 13:18:19.271,-0.0007272603093024,-6.2599946699719045,3.0
2025-03-10 13:18:19.290,-0.0006718268437007,6.538904075093401,3.0
2025-03-10 13:18:19.310,-0.0005979184845444,18.65903427196085,3.0
2025-03-10 13:18:19.330,-0.0005003234931901,29.59534412493208,3.0
2025-03-10 13:18:19.349,-0.0003771012197197,39.044772251611526,3.0
2025-03-10 13:18:19.369,-0.0002304693910532,46.91593613971656,3.0
2025-03-10 13:18:19.388,-6.678585009035245e-05,53.29606065331933,3.0
2025-03-10 13:18:19.408,0.0001043284060248,58.38332571644381,3.0
2025-03-10 13:18:19.427,0.0002715384887758,62.40043599306412,3.0
2025-03-10 13:18:19.447,0.000423738128194,65.50966174993705,3.0
2025-03-10 13:18:19.466,0.0005520164471737,67.7496495330775,3.0
2025-03-10 13:18:19.486,0.0006512030218523,69.00959090175165,3.0
2025-03-10 13:18:19.505,0.00072055835168,69.04764634127588,3.0
2025-03-10 13:18:19.525,0.0007633674631378,67.54977075202618,3.0
2025-03-10 13:18:19.544,0.0007855493481185,64.21496243506759,3.0
2025-03-10 13:18:19.564,0.0007937564055319,58.84619787966265,3.0
2025-03-10 13:18:19.583,0.0007936100650271,51.42484460568856,3.0
2025-03-10 13:18:19.603,0.0007886170756623,42.150574511101496,3.0
2025-03-10 13:18:19.623,0.0007800101204389,31.43743896821893,3.0
2025-03-10 13:18:19.642,0.0007674167296946,19.867276493843185,3.0
2025-03-10 13:18:19.662,0.0007500092063607,8.111120992562464,3.0
2025-03-10 13:18:19.681,0.0007276670143041,-3.1645240990343626,3.0
2025-03-10 13:18:19.701,0.0007017006472009,-13.387867888975,3.0
2025-03-10 13:18:19.720,0.0006748567466575,-22.152152140758886,3.0
2025-03-10 13:18:19.740,0.0006506092207858,-29.255154027314504,3.0
2025-03-10 13:18:19.759,0.0006320173760606,-34.703677892134586,3.0
2025-03-10 13:18:19.779,0.0006205795214767,-38.68541999986573,3.0
2025-03-10 13:18:19.798,0.0006154927155111,-41.515729890119545,3.0
2025-03-10 13:18:19.818,0.0006135766803023,-43.569771576448254,3.0
2025-03-10 13:18:19.837,0.0006098925513747,-45.21131622469869,3.0
2025-03-10 13:18:19.857,0.0005988679822806,-46.728335620290366,3.0
2025-03-10 13:18:19.876,0.0005756079664302,-48.283457727382185,3.0
2025-03-10 13:18:19.896,0.0005370520285533,-49.88489055727688,3.0
2025-03-10 13:18:19.915,0.0004827055556027,-51.38102690877558,3.0
2025-03-10 13:18:19.935,0.0004147910417015,-52.479644857847134,3.0
2025-03-10 13:18:19.955,0.0003378173890708,-52.790164452643296,3.0
2025-03-10 13:18:19.974,0.0002577310585062,-51.88451944129992,3.0
2025-03-10 13:18:19.994,0.0001809343725574,-49.368875706242825,3.0
2025-03-10 13:18:20.013,0.0001134582578655,-44.95528096133909,3.0
2025-03-10 13:18:20.033,6.0440072739188415e-05,-38.52051267991638,3.0
2025-03-10 13:18:20.052,2.586070941160572e-05,-30.14015038178285,3.0
2025-03-10 13:18:20.072,1.2359358746156696e-05,-20.089901137608443,3.0
2025-03-10 13:18:20.091,2.0944866369520045e-05,-8.812994379572627,3.0
2025-03-10 13:18:20.111,5.0558940252277966e-05,3.139626916094211,3.0
2025-03-10 13:18:20.130,9.764907000331608e-05,15.1829156659546,3.0
2025-03-10 13:18:20.150,0.0001560529896406,26.76845931236421,3.0
2025-03-10 13:18:20.169,0.000217461256684,37.43695635017547,3.0
2025-03-10 13:18:20.189,0.0002725040082524,46.842565709871934,3.0
2025-03-10 13:18:20.208,0.0003122412582763,54.7474395531104,3.0
2025-03-10 13:18:20.228,0.0003296809103297,60.99323257219603,3.0
2025-03-10 13:18:20.248,0.0003209504846254,65.46276391686442,3.0
2025-03-10 13:18:20.267,0.0002858588627014,68.04743920900975,3.0
2025-03-10 13:18:20.287,0.000227749600993,68.63369868271084,3.0
2025-03-10 13:18:20.306,0.000152731273675,67.11515541842928,3.0
2025-03-10 13:18:20.326,6.851923871750304e-05,63.4280986807369,3.0
2025-03-10 13:18:20.345,-1.682914759890753e-05,57.59948687222297,3.0
2025-03-10 13:18:20.365,-9.606952655727058e-05,49.79132690666098,3.0
2025-03-10 13:18:20.384,-0.0001637017081089,40.3252768356672,3.0
2025-03-10 13:18:20.404,-0.0002166091152639,29.676451431693625,3.0
2025-03-10 13:18:20.423,-0.0002543216362458,18.43397567221327,3.0
2025-03-10 13:18:20.443,-0.0002788157519378,7.2349861870749725,3.0
2025-03-10 13:18:20.462,-0.0002938429240784,-3.31425219494468,3.0
2025-03-10 13:18:20.482,-0.0003039080613496,-12.713477162235408,3.0
2025-03-10 13:18:20.501,-0.0003131296336593,-20.62462990865024,3.0
2025-03-10 13:18:20.521,-0.0003242505394135,-26.899017526891345,3.0
2025-03-10 13:18:20.541,-0.0003380286460822,-31.572364396009768,3.0
2025-03-10 13:18:20.560,-0.0003531382661403,-34.83176775295728,3.0
2025-03-10 13:18:20.580,-0.0003665869777168,-36.96399854062763,3.0
2025-03-10 13:18:20.599,-0.0003745263024341,-38.29721473118548,3.0
2025-03-10 13:18:20.619,-0.0003732393734348,-39.14763699415823,3.0
2025-03-10 13:18:20.638,-0.0003600506456408,-39.77954898268949,3.0
2025-03-10 13:18:20.658,-0.0003339405004229,-40.38224066524111,3.0
2025-03-10 13:18:20.677,-0.0002957549925544,-41.062654041311525,3.0
2025-03-10 13:18:20.697,-0.00024802800203,-41.84890388521261,3.0
2025-03-10 13:18:20.716,-0.0001945087889381,-42.69848776490324,3.0
2025-03-10 13:18:20.736,-0.0001394917682516,-43.50611016560656,3.0
2025-03-10 13:18:20.755,-8.703303811999921e-05,-44.10905913054704,3.0
2025-03-10 13:18:20.775,-4.016498437724656e-05,-44.29176615964388,3.0
2025-03-10 13:18:20.794,-2.646720000340029e-07,-43.79403781046221,3.0
2025-03-10 13:18:20.814,3.327254737208959e-05,-42.32817696969261,3.0
2025-03-10 13:18:20.833,6.298156045504212e-05,-39.60824449719843,3.0
2025-03-10 13:18:20.853,9.293412775634876e-05,-35.39052088258346,3.0
2025-03-10 13:18:20.873,0.0001281119320453,-29.519283402955253,3.0
2025-03-10 13:18:20.892,0.0001736670681137,-21.968300496381826,3.0
2025-03-10 13:18:20.912,0.0002341683059255,-12.86764751006046,3.0
2025-03-10 13:18:20.931,0.0003129007260311,-2.5081686766362394,3.0
2025-03-10 13:18:20.951,0.0004112596274086,8.67867072368152,3.0
2025-03-10 13:18:20.970,0.0005282678996458,20.161598492408395,3.0
2025-03-10 13:18:20.990,0.0006602524202427,31.362276595587165,3.0
2025-03-10 13:18:21.009,0.0008007250112714,41.70937273668493,3.0
2025-03-10 13:18:21.029,0.0009405289594051,50.68477613640408,3.0
2025-03-10 13:18:21.048,0.0010683567272721,57.85658595447632,3.0
2025-03-10 13:18:21.068,0.0011717862576931,62.89814231403271,3.0
2025-03-10 13:18:21.087,0.0012389147753178,65.59618118401946,3.0
2025-03-10 13:18:21.107,0.0012604364934193,65.85297927703286,3.0
2025-03-10 13:18:21.126,0.0012317202558054,63.68672199046458,3.0
2025-03-10 13:18:21.146,0.0011542822200543,59.23179972068602,3.0
2025-03-10 13:18:21.166,0.0010361222035138,52.737568481060414,3.0
2025-03-10 13:18:21.185,0.0008906604980133,44.5617854393028,3.0
2025-03-10 13:18:21.205,0.0007343618777821,35.154531382253644,3.0
2025-03-10 13:18:21.224,0.0005834741520901,25.03018377902209,3.0
2025-03-10 13:18:21.244,0.0004505779956953,14.72823357162456,3.0
2025-03-10 13:18:21.263,0.0003417561513562,4.7672392011221,3.0
2025-03-10 13:18:21.283,0.0002550552816006,-4.401232489032745,3.0
2025-03-10 13:18:21.302,0.0001805493655184,-12.431016458369204,3.0
2025-03-10 13:18:21.322,0.0001018668115528,-19.10558569719532,3.0
2025-03-10 13:18:21.341,-1.303142036173247e-06,-24.344332226499677,3.0
2025-03-10 13:18:21.361,-0.0001503301057256,-28.190737471999498,3.0
2025-03-10 13:18:21.380,-0.0003648645228168,-30.7858778498227,3.0
2025-03-10 13:18:21.400,-0.0006603586545558,-32.33340246914492,3.0
2025-03-10 13:18:21.419,-0.001045833450812,-33.06323426597738,3.0
2025-03-10 13:18:21.439,-0.0015217610125148,-33.20051442910118,3.0
2025-03-10 13:18:21.459,-0.002078056152439,-32.94396982427847,3.0
2025-03-10 13:18:21.478,-0.0026924295076619,-32.454650017078535,3.0
2025-03-10 13:18:21.498,-0.0033296370483914,-31.85285541314788,3.0
2025-03-10 13:18:21.517,-0.0039423410609703,-31.219037509782307,3.0
2025-03-10 13:18:21.537,-0.0044742652738588,-30.5941337034995,3.0
2025-03-10 13:18:21.556,-0.0048660043734699,-29.97629655651493,3.0
2025-03-10 13:18:21.576,-0.0050632143330899,-29.31380486317411,3.0
2025-03-10 13:18:21.595,-0.0050260679808312,-28.49715237317433,3.0
2025-03-10 13:18:21.615,-0.0047380939088597,-27.35572737458491,3.0
2025-03-10 13:18:21.634,-0.0042122120210136,-25.66507023262563,3.0
2025-03-10 13:18:21.654,-0.003492185109404,-23.168878384784666,3.0
2025-03-10 13:18:21.673,-0.0026486873769044,-19.61595996155624,3.0
2025-03-10 13:18:21.693,-0.0017702765932878,-14.807295640094702,3.0
2025-03-10 13:18:21.712,-0.0009503888471313,-8.643923483992321,3.0
2025-03-10 13:18:21.732,-0.0002721381463055,-1.1642545428056978,3.0
2025-03-10 13:18:21.751,0.0002065869532276,7.439220998094348,3.0
2025-03-10 13:18:21.771,0.000464648288796,16.829156515630807,3.0
2025-03-10 13:18:21.791,0.0005227641275908,26.55716206838185,3.0
2025-03-10 13:18:21.810,0.0004401921521376,36.11453868943388,3.0
2025-03-10 13:18:21.830,0.0003029082628231,44.988420371933564,3.0
2025-03-10 13:18:21.849,0.0002054548117787,52.7116331244148,3.0
2025-03-10 13:18:21.869,0.0002304783025452,58.89788049920581,3.0
2025-03-10 13:18:21.888,0.0004308162737607,63.25927302791173,3.0
2025-03-10 13:18:21.908,0.0008185482617979,65.60876688491419,3.0
2025-03-10 13:18:21.927,0.0013637103866135,65.85389163476161,3.0
2025-03-10 13:18:21.947,0.0020027023505647,63.98905492750974,3.0
2025-03-10 13:18:21.966,0.0026535834854385,60.09162099433327,3.0
2025-03-10 13:18:21.986,0.0032336403538545,54.32289225768032,3.0
2025-03-10 13:18:22.005,0.003674635515226,46.930839220309934,3.0
2025-03-10 13:18:22.025,0.0039327591039031,38.24872554148725,3.0
2025-03-10 13:18:22.044,0.0039924139953056,28.683770860786147,3.0
2025-03-10 13:18:22.064,0.0038645873782393,18.692655280742564,3.0
2025-03-10 13:18:22.084,0.00358137401897,8.744900217657886,3.0
2025-03-10 13:18:22.103,0.0031883999565098,-0.7206722729584775,3.0
2025-03-10 13:18:22.123,0.0027367334917812,-9.33856119422182,3.0
2025-03-10 13:18:22.142,0.0022755413663943,-16.85011313282163,3.0
2025-03-10 13:18:22.162,0.0018463418452138,-23.12168273133011,3.0
2025-03-10 13:18:22.181,0.0014792928877054,-28.14460655541333,3.0
2025-03-10 13:18:22.201,0.0011915899465648,-32.0181709623403,3.0
2025-03-10 13:18:22.220,0.0009877628617275,-34.92028457736289,3.0
2025-03-10 13:18:22.240,0.0008614667709124,-37.07274740255424,3.0
2025-03-10 13:18:22.259,0.0007982644860384,-38.70827325114556,3.0
2025-03-10 13:18:22.279,0.0007788870714259,-40.04469553886856,3.0
2025-03-10 13:18:22.298,0.0007825018626231,-41.26859634077661,3.0
2025-03-10 13:18:22.318,0.0007895823396717,-42.52699574519364,3.0
2025-03-10 13:18:22.337,0.0007840694334939,-43.92299520108381,3.0
2025-03-10 13:18:22.357,0.0007546578406663,-45.51043595005749,3.0
2025-03-10 13:18:22.376,0.0006951994828324,-47.28413198711496,3.0
2025-03-10 13:18:22.396,0.0006043288645872,-49.165652486825365,3.0
2025-03-10 13:18:22.416,0.0004844860482482,-50.988791308032525,3.0
2025-03-10 13:18:22.435,0.0003405909746962,-52.49217533647869,3.0
2025-03-10 13:18:22.455,0.0001786975201279,-53.32740967123309,3.0
2025-03-10 13:18:22.474,4.957506132341699e-06,-53.08884850885424,3.0
2025-03-10 13:18:22.494,-0.0001748812090189,-51.36570071068998,3.0
2025-03-10 13:18:22.513,-0.00035539504106,-47.8101138897323,3.0
2025-03-10 13:18:22.533,-0.00053095299872,-42.20839471971832,3.0
2025-03-10 13:18:22.552,-0.000694988368134,-34.53901350929165,3.0
2025-03-10 13:18:22.572,-0.0008393930162634,-25.002115213425057,3.0
2025-03-10 13:18:22.591,-0.0009543644266184,-14.01103306651119,3.0
2025-03-10 13:18:22.611,-0.0010289796993159,-2.145269271861639,3.0
2025-03-10 13:18:22.630,-0.0010526162664719,9.92604499281927,3.0
2025-03-10 13:18:22.650,-0.0010170855777022,21.53388375410176,3.0
2025-03-10 13:18:22.669,-0.0009190516793071,32.09294490172153,3.0
2025-03-10 13:18:22.689,-0.000762071467226,41.1619791803475,3.0
2025-03-10 13:18:22.709,-0.000557528362632,48.47024065912839,3.0
2025-03-10 13:18:22.728,-0.0003239232909652,53.90862366428635,3.0
2025-03-10 13:18:22.748,-8.444179255588807e-05,57.493195153230005,3.0
2025-03-10 13:18:22.767,0.0001367091284435,59.31537178781143,3.0
2025-03-10 13:18:22.787,0.0003182735224171,59.495055276549095,3.0
2025-03-10 13:18:22.806,0.0004452407424015,58.150096019750535,3.0
2025-03-10 13:18:22.826,0.0005107605481962,55.38858089832251,3.0
2025-03-10 13:18:22.845,0.0005164399852944,51.322036979145615,3.0
2025-03-10 13:18:22.865,0.0004712291280892,46.09058619052066,3.0
2025-03-10 13:18:22.884,0.0003893906261224,39.88763539900399,3.0
2025-03-10 13:18:22.904,0.0002880899790733,32.972650779730785,3.0
2025-03-10 13:18:22.923,0.0001849729010865,25.665128481693745,3.0
2025-03-10 13:18:22.943,9.588436498040162e-05,18.319114044696377,3.0
2025-03-10 13:18:22.962,3.280261657855534e-05,11.283412250793184,3.0
2025-03-10 13:18:22.982,2.1377080393603565e-06,4.856421346284589,3.0
2025-03-10 13:18:23.002,3.673965776859911e-06,-0.7543017076062631,3.0
2025-03-10 13:18:23.021,3.048289881768392e-05,-5.458897602991312,3.0
2025-03-10 13:18:23.041,7.000913453811601e-05,-9.29265375761774,3.0
2025-03-10 13:18:23.060,0.0001062639605897,-12.402135659277366,3.0
2025-03-10 13:18:23.080,0.0001227760599982,-15.012055453464727,3.0
2025-03-10 13:18:23.099,0.0001057488336814,-17.37822774552741,3.0
2025-03-10 13:18:23.119,4.67755497723989e-05,-19.73412329177595,3.0
2025-03-10 13:18:23.138,-5.552059066752636e-05,-22.239423510038687,3.0
2025-03-10 13:18:23.158,-0.0001953708723546,-24.93875661129929,3.0
2025-03-10 13:18:23.177,-0.0003613480807095,-27.737722699332583,3.0
2025-03-10 13:18:23.197,-0.0005390762797049,-30.401541109134623,3.0
2025-03-10 13:18:23.216,-0.0007144332946348,-32.5791137193846,3.0
2025-03-10 13:18:23.236,-0.0008764202299115,-33.851826960978,3.0
2025-03-10 13:18:23.255,-0.0010190283021455,-33.80203061092492,3.0
2025-03-10 13:18:23.275,-0.0011417332719555,-32.0913371621718,3.0
2025-03-10 13:18:23.294,-0.0012485865116767,-28.534809493825563,3.0
2025-03-10 13:18:23.314,-0.001346187457536,-23.155296557434475,3.0
2025-03-10 13:18:23.334,-0.0014410711960497,-16.20400493885816,3.0
2025-03-10 13:18:23.353,-0.001537177151119,-8.139269868562396,3.0
2025-03-10 13:18:23.373,-0.0016340421297981,0.4356065720340462,3.0
2025-03-10 13:18:23.392,-0.001726188456661,8.86491203701103,3.0
2025-03-10 13:18:23.412,-0.0018038947895721,16.54521226369088,3.0
2025-03-10 13:18:23.431,-0.0018551969886341,23.02031259366171,3.0
2025-03-10 13:18:23.451,-0.0018686485550236,28.046147629657334,3.0
2025-03-10 13:18:23.470,-0.0018361676882522,31.61149695725483,3.0
2025-03-10 13:18:23.490,-0.0017552587747105,33.90992926992992,3.0
2025-03-10 13:18:23.509,-0.0016300092658516,35.26904300669322,3.0
2025-03-10 13:18:23.529,-0.0014705142168582,36.05262074942844,3.0
2025-03-10 13:18:23.548,-0.0012907633651201,36.55768061321217,3.0
2025-03-10 13:18:23.568,-0.0011054712017603,36.93008906574345,3.0
2025-03-10 13:18:23.587,-0.0009266878435876,37.11879727419668,3.0
2025-03-10 13:18:23.607,-0.0007611482101116,36.88041892904633,3.0
2025-03-10 13:18:23.627,-0.0006091371950045,35.834458670562945,3.0
2025-03-10 13:18:23.646,-0.0004652123259242,33.557542851144696,3.0
2025-03-10 13:18:23.666,-0.0003205659750201,29.69533491432664,3.0
2025-03-10 13:18:23.685,-0.0001663153440882,24.065935341774967,3.0
2025-03-10 13:18:23.705,3.2472238070694127e-06,16.729927260046463,3.0
2025-03-10 13:18:23.724,0.000188350697801,8.009696745018985,3.0
2025-03-10 13:18:23.744,0.0003829683441072,-1.547601305818946,3.0
2025-03-10 13:18:23.763,0.0005756955252887,-11.256069837932392,3.0
2025-03-10 13:18:23.783,0.0007519939975249,-20.407749988956333,3.0
2025-03-10 13:18:23.802,0.0008972400488361,-28.395170951348614,3.0
2025-03-10 13:18:23.822,0.0009999130543148,-34.814234784329585,3.0
2025-03-10 13:18:23.841,0.0010542961489804,-39.52657448746528,3.0
2025-03-10 13:18:23.861,0.0010621650508426,-42.669232461233605,3.0
2025-03-10 13:18:23.880,0.0010330844816696,-44.61022906035245,3.0
2025-03-10 13:18:23.900,0.0009831383860979,-45.859143060301136,3.0
2025-03-10 13:18:23.920,0.0009322108194332,-46.95026620725559,3.0
2025-03-10 13:18:23.939,0.0009002709218696,-48.32083494631381,3.0
2025-03-10 13:18:23.959,0.0009034003891747,-50.20762057317419,3.0
2025-03-10 13:18:23.978,0.0009504209285604,-52.5818426040963,3.0
2025-03-10 13:18:23.998,0.0010408717055153,-55.13563716408342,3.0
2025-03-10 13:18:24.017,0.0011647890333469,-57.32426290380042,3.0
2025-03-10 13:18:24.037,0.0013043535632141,-58.45820255496557,3.0
2025-03-10 13:18:24.056,0.0014370974460771,-57.8297998980773,3.0
2025-03-10 13:18:24.076,0.0015400720692694,-54.85165755117739,3.0
2025-03-10 13:18:24.095,0.0015941908804324,-49.18033300943827,3.0
2025-03-10 13:18:24.115,0.0015878965126702,-40.80021447002471,3.0
2025-03-10 13:18:24.134,0.0015193874718782,-30.04925253703308,3.0
2025-03-10 13:18:24.154,0.0013968980470564,-17.579507838341314,3.0
2025-03-10 13:18:24.173,0.001236930413904,-4.258887722925227,3.0
2025-03-10 13:18:24.193,0.001060804084191,8.967168831174313,3.0
2025-03-10 13:18:24.212,0.0008902799981272,21.226907415179067,3.0
2025-03-10 13:18:24.232,0.000743211960385,31.85670213209181,3.0
2025-03-10 13:18:24.252,0.0006301363886684,40.49274250886506,3.0
2025-03-10 13:18:24.271,0.0005524741916528,47.10280969476591,3.0
2025-03-10 13:18:24.291,0.000502666342527,51.952969880847625,3.0
2025-03-10 13:18:24.310,0.0004661782508407,55.51677841312029,3.0
2025-03-10 13:18:24.330,0.0004249373401765,58.345808663575006,3.0
2025-03-10 13:18:24.349,0.0003614532261567,60.92798311025198,3.0
2025-03-10 13:18:24.369,0.0002626937910468,63.562839317634754,3.0
2025-03-10 13:18:24.388,0.0001228439281423,66.27986707684596,3.0
2025-03-10 13:18:24.408,-5.56371685621299e-05,68.81775182068355,3.0
2025-03-10 13:18:24.427,-0.0002628069307552,70.67013449025144,3.0
2025-03-10 13:18:24.447,-0.00048356588055,71.18963064358483,3.0
2025-03-10 13:18:24.466,-0.0007008521934599,69.72918535660602,3.0
2025-03-10 13:18:24.486,-0.0008988804187864,65.79122531474829,3.0
2025-03-10 13:18:24.505,-0.0010656712819706,59.15265881269563,3.0
2025-03-10 13:18:24.525,-0.001194385076273,49.93837079527618,3.0
2025-03-10 13:18:24.545,-0.0012833547621933,38.62657734882256,3.0
2025-03-10 13:18:24.564,-0.0013350997006406,25.98383721524973,3.0
2025-03-10 13:18:24.584,-0.0013548492468946,12.942391638606956,3.0
2025-03-10 13:18:24.603,-0.0013491201246902,0.4445480508777382,3.0
2025-03-10 13:18:24.623,-0.0013246812090121,-10.714443720140538,3.0
2025-03-10 13:18:24.642,-0.001287929932173,-20.013376942500503,3.0
2025-03-10 13:18:24.662,-0.0012444723932128,-27.276491134775547,3.0
2025-03-10 13:18:24.681,-0.0011986570837408,-32.67510755042392,3.0
2025-03-10 13:18:24.701,-0.0011529435581967,-36.65938575712919,3.0
2025-03-10 13:18:24.720,-0.0011071910469208,-39.83424009903786,3.0
2025-03-10 13:18:24.740,-0.0010581261663056,-42.80491944229695,3.0
2025-03-10 13:18:24.759,-0.0009993279369587,-46.02424869746429,3.0
2025-03-10 13:18:24.779,-0.0009220186509949,-49.67368621194002,3.0
2025-03-10 13:18:24.798,-0.0008167652604226,-53.603986980670605,3.0
2025-03-10 13:18:24.818,-0.0006759068886633,-57.34943962905737,3.0
2025-03-10 13:18:24.838,-0.0004962047911194,-60.21451406874437,3.0
2025-03-10 13:18:24.857,-0.0002809809853208,-61.41624135531776,3.0
2025-03-10 13:18:24.877,-4.098986713341015e-05,-60.25300670329992,3.0
2025-03-10 13:18:24.896,0.000206496815526,-56.2636761808208,3.0
2025-03-10 13:18:24.916,0.0004404654897213,-49.34210871003061,3.0
2025-03-10 13:18:24.935,0.0006403348075346,-39.78139291729942,3.0
2025-03-10 13:18:24.955,0.0007905895560239,-28.23770705920946,3.0
2025-03-10 13:18:24.974,0.000884667841843,-15.62180322831536,3.0
2025-03-10 13:18:24.994,0.0009269573268643,-2.9422499490041445,3.0
2025-03-10 13:18:25.013,0.0009321835805145,8.865196273013916,3.0
2025-03-10 13:18:25.033,0.0009221610752295,19.08561262951615,3.0
2025-03-10 13:18:25.052,0.000920625506986,27.319970099196556,3.0
2025-03-10 13:18:25.072,0.0009474827516063,33.509445150786725,3.0
2025-03-10 13:18:25.091,0.0010141263439858,37.88718957767581,3.0
2025-03-10 13:18:25.111,0.0011213171760245,40.871670152254495,3.0
2025-03-10 13:18:25.130,0.0012604031861121,42.928166471818855,3.0
2025-03-10 13:18:25.150,0.0014175561178728,44.43146942762783,3.0
2025-03-10 13:18:25.170,0.0015796278459476,45.5618773405739,3.0
2025-03-10 13:18:25.189,0.0017396017929623,46.25838740259028,3.0
2025-03-10 13:18:25.209,0.0018996497905069,46.23924760116494,3.0
2025-03-10 13:18:25.228,0.002070460931689,45.08381293574138,3.0
2025-03-10 13:18:25.248,0.0022665840197761,42.35474361946853,3.0
2025-03-10 13:18:25.267,0.0024987516045062,37.72971484317564,3.0
2025-03-10 13:18:25.287,0.0027652304950812,31.109607172105992,3.0
2025-03-10 13:18:25.306,0.0030448692419816,22.676256987566845,3.0
2025-03-10 13:18:25.326,0.0032944674663768,12.885589063964506,3.0
2025-03-10 13:18:25.345,0.0034523013129484,2.397832740626166,3.0
2025-03-10 13:18:25.365,0.0034481863072926,-8.038606870234236,3.0
2025-03-10 13:18:25.384,0.0032186019561433,-17.72271473357861,3.0
2025-03-10 13:18:25.404,0.0027235926797768,-26.12521112171792,3.0
2025-03-10 13:18:25.423,0.0019609661057244,-32.97419607877107,3.0
2025-03-10 13:18:25.443,0.0009732652091785,-38.28357688260881,3.0
2025-03-10 13:18:25.463,-0.0001555708890041,-42.31835900549472,3.0
2025-03-10 13:18:25.482,-0.0013141056608481,-45.504462536682965,3.0
2025-03-10 13:18:25.502,-0.0023846690054819,-48.30261552449,3.0
2025-03-10 13:18:25.521,-0.003266200024182,-51.07377240385861,3.0
2025-03-10 13:18:25.541,-0.0038924409002633,-53.96584630694923,3.0
2025-03-10 13:18:25.560,-0.0042411010074967,-56.8477776855575,3.0
2025-03-10 13:18:25.580,-0.0043326870410631,-59.307655514234575,3.0
2025-03-10 13:18:25.599,-0.0042206366791395,-60.71837226695413,3.0
2025-03-10 13:18:25.619,-0.0039762936352271,-60.35959614914081,3.0
2025-03-10 13:18:25.638,-0.0036728366953219,-57.57172046520987,3.0
2025-03-10 13:18:25.658,-0.0033717138307605,-51.90902425213797,3.0
2025-03-10 13:18:25.677,-0.0031138848306223,-43.257994947069164,3.0
2025-03-10 13:18:25.697,-0.0029167256354603,-31.893498489293,3.0
2025-03-10 13:18:25.716,-0.0027761463724935,-18.458961627343253,3.0
2025-03-10 13:18:25.736,-0.0026725232188019,-3.873692224670367,3.0
2025-03-10 13:18:25.755,-0.0025785472394722,10.813384859876887,3.0
2025-03-10 13:18:25.775,-0.0024670677430815,24.59291242493317,3.0
2025-03-10 13:18:25.795,-0.0023173666924684,36.652388420855104,3.0
2025-03-10 13:18:25.814,-0.0021188992010967,46.49027999109794,3.0
2025-03-10 13:18:25.834,-0.0018722229165708,53.96556967781193,3.0
2025-03-10 13:18:25.853,-0.0015874674445063,59.27504254941934,3.0
2025-03-10 13:18:25.873,-0.001281127076638,62.86523110934179,3.0
2025-03-10 13:18:25.892,-0.0009721273911485,65.2987301348356,3.0
2025-03-10 13:18:25.912,-0.0006780576185978,67.10338429150492,3.0
2025-03-10 13:18:25.931,-0.000412266771982,68.63613508067853,3.0
2025-03-10 13:18:25.951,-0.0001822501372769,69.99042629016924,3.0
2025-03-10 13:18:25.970,1.056034690576188e-05,70.96734006995241,3.0
2025-03-10 13:18:25.990,0.0001697784723957,71.11747277866249,3.0
2025-03-10 13:18:26.009,0.0003022075648473,69.84536022988344,3.0
2025-03-10 13:18:26.029,0.0004156644637125,66.55414589784965,3.0
2025-03-10 13:18:26.048,0.0005170430948494,60.7984478834962,3.0
2025-03-10 13:18:26.068,0.0006110846911978,52.41066420405202,3.0
2025-03-10 13:18:26.088,0.0007000861645476,41.57135808007296,3.0
2025-03-10 13:18:26.107,0.0007844725156997,28.806874892835232,3.0
2025-03-10 13:18:26.127,0.0008638912618504,14.91396071583893,3.0
2025-03-10 13:18:26.146,0.000938333765211,0.8277349689740958,3.0
2025-03-10 13:18:26.166,0.001008796792484,-12.538115512995482,3.0
2025-03-10 13:18:26.185,0.0010771916532589,-24.44438480136125,3.0
2025-03-10 13:18:26.205,0.0011455369585575,-34.44020098702676,3.0
2025-03-10 13:18:26.224,0.0012147892743221,-42.41422344469213,3.0
2025-03-10 13:18:26.244,0.001283820919964,-48.57336796552786,3.0
2025-03-10 13:18:26.263,0.0013489798171596,-53.35464324689169,3.0
2025-03-10 13:18:26.283,0.0014044133494868,-57.28977502889521,3.0
2025-03-10 13:18:26.302,0.0014430479873751,-60.852325451886045,3.0
2025-03-10 13:18:26.322,0.0014579271722578,-64.32095795835265,3.0
2025-03-10 13:18:26.341,0.0014435622033527,-67.68943125615277,3.0
2025-03-10 13:18:26.361,0.0013970034829668,-70.64426472505748,3.0
2025-03-10 13:18:26.381,0.0013184487492971,-72.61661122714722,3.0
2025-03-10 13:18:26.400,0.0012113450956991,-72.8986213778324,3.0
2025-03-10 13:18:26.420,0.0010820707764906,-70.79999673215238,3.0
2025-03-10 13:18:26.439,0.0009393442984517,-65.81089129480775,3.0
2025-03-10 13:18:26.459,0.0007934820372266,-57.735260400503286,3.0
2025-03-10 13:18:26.478,0.000655546978279,-46.7649035237969,3.0
2025-03-10 13:18:26.498,0.0005363538527207,-33.47746577612662,3.0
2025-03-10 13:18:26.517,0.0004452743320844,-18.7584033765413,3.0
2025-03-10 13:18:26.537,0.0003888723016836,-3.663306007711879,3.0
2025-03-10 13:18:26.556,0.0003695885910863,10.750796327241089,3.0
2025-03-10 13:18:26.576,0.0003848775179318,23.590924213715496,3.0
2025-03-10 13:18:26.595,0.0004272190149339,34.25797873995021,3.0
2025-03-10 13:18:26.615,0.0004852136102214,42.51661514778422,3.0
2025-03-10 13:18:26.634,0.0005455951340311,48.493359877849365,3.0
2025-03-10 13:18:26.654,0.0005956654720169,52.60539748846616,3.0
2025-03-10 13:18:26.673,0.0006255317492376,55.43578974889069,3.0
2025-03-10 13:18:26.693,0.0006296312943724,57.58104576439524,3.0
2025-03-10 13:18:26.713,0.0006072789148927,59.50222611680448,3.0
2025-03-10 13:18:26.732,0.0005622602628027,61.4101748691935,3.0
2025-03-10 13:18:26.752,0.0005017262277954,63.20897180213129,3.0
2025-03-10 13:18:26.771,0.0004347342462599,64.51023132082847,3.0
2025-03-10 13:18:26.791,0.000370723559856,64.71639272997821,3.0
2025-03-10 13:18:26.810,0.0003180936734151,63.15639885993375,3.0
2025-03-10 13:18:26.830,0.0002829913845073,59.2452692446563,3.0
2025-03-10 13:18:26.849,0.0002684279278179,52.63290893949331,3.0
2025-03-10 13:18:26.869,0.0002738748505461,43.30891793377548,3.0
2025-03-10 13:18:26.888,0.0002954481909776,31.639332033745248,3.0
2025-03-10 13:18:26.908,0.0003266690473097,18.326236080799724,3.0
2025-03-10 13:18:26.927,0.0003596324027427,4.298435310128829,3.0
2025-03-10 13:18:26.947,0.0003863071165671,-9.443427757246884,3.0
2025-03-10 13:18:26.966,0.0003996874585016,-21.99437659843842,3.0
2025-03-10 13:18:26.986,0.0003946089517267,-32.69032372106955,3.0
2025-03-10 13:18:27.006,0.0003681707207048,-41.201665644112445,3.0
2025-03-10 13:18:27.025,0.0003198203220416,-47.55728841801342,3.0
2025-03-10 13:18:27.045,0.0002512195784201,-52.09560985974267,3.0
2025-03-10 13:18:27.064,0.0001659985142098,-55.35413081605929,3.0
2025-03-10 13:18:27.084,6.942170842095532e-05,-57.92129162281451,3.0
2025-03-10 13:18:27.103,-3.2110644781033364e-05,-60.2819774570094,3.0
2025-03-10 13:18:27.123,-0.0001318329919702,-62.68937807145738,3.0
2025-03-10 13:18:27.142,-0.0002236591952105,-65.09075039338052,3.0
2025-03-10 13:18:27.162,-0.0003033177770133,-67.12378467070474,3.0
2025-03-10 13:18:27.181,-0.0003692453729453,-68.18565696778658,3.0
2025-03-10 13:18:27.201,-0.0004229070554711,-67.56125954211217,3.0
2025-03-10 13:18:27.220,-0.0004683783531241,-64.58380805058037,3.0
2025-03-10 13:18:27.240,-0.0005112626376775,-58.79315271354088,3.0
2025-03-10 13:18:27.259,-0.0005572078604069,-50.056840323266094,3.0
2025-03-10 13:18:27.279,-0.0006103719892691,-38.626749557941054,3.0
2025-03-10 13:18:27.299,-0.0006721849526071,-25.118350231928563,3.0
2025-03-10 13:18:27.318,-0.0007407063166634,-10.41694580662056,3.0
2025-03-10 13:18:27.338,-0.0008107897172619,4.468563267425352,3.0
2025-03-10 13:18:27.357,-0.0008751048348253,18.572641179885476,3.0
2025-03-10 13:18:27.377,-0.0009258291972135,31.12521225000373,3.0
2025-03-10 13:18:27.396,-0.0009565841466785,41.65735496333596,3.0
2025-03-10 13:18:27.416,-0.0009640745601482,50.03974046741464,3.0
2025-03-10 13:18:27.435,-0.0009489717588593,56.44776245393248,3.0
2025-03-10 13:18:27.455,-0.0009158227022328,61.26313124188352,3.0
2025-03-10 13:18:27.474,-0.0008720666092528,64.93541865726806,3.0
2025-03-10 13:18:27.494,-0.0008264754692484,67.83588913768061,3.0
2025-03-10 13:18:27.513,-0.000787442207812,70.1379630334474,3.0
2025-03-10 13:18:27.533,-0.0007615125648704,71.75305635985157,3.0
2025-03-10 13:18:27.552,-0.000752421756215,72.33811838353047,3.0
2025-03-10 13:18:27.572,-0.0007607092017597,71.37441594723609,3.0
2025-03-10 13:18:27.591,-0.0007838288415219,68.29981935239593,3.0
2025-03-10 13:18:27.611,-0.0008166241900313,62.66338605761322,3.0
2025-03-10 13:18:27.631,-0.0008520837160134,54.26509348591188,3.0
2025-03-10 13:18:27.650,-0.0008823355333523,43.246908420002256,3.0
2025-03-10 13:18:27.670,-0.0008998109881055,30.113134224170963,3.0
2025-03-10 13:18:27.689,-0.0008984243019084,15.674864618555535,3.0
2025-03-10 13:18:27.709,-0.0008745375295519,0.9308075002313336,3.0
2025-03-10 13:18:27.728,-0.0008274656209328,-13.089640446241267,3.0
2025-03-10 13:18:27.748,-0.0007593777765896,-25.48826305910311,3.0
2025-03-10 13:18:27.767,-0.0006746499503475,-35.63262382619294,3.0
2025-03-10 13:18:27.787,-0.000578898513709,-43.23825802868447,3.0
2025-03-10 13:18:27.806,-0.0004779646526883,-48.384690645528906,3.0
2025-03-10 13:18:27.826,-0.0003770371641033,-51.4645925269731,3.0
2025-03-10 13:18:27.845,-0.0002800033238011,-53.07776689408525,3.0
2025-03-10 13:18:27.865,-0.0001890794386807,-53.8913727628767,3.0
2025-03-10 13:18:27.884,-0.0001047767523126,-54.49343406959621,3.0
2025-03-10 13:18:27.904,-2.62293117691587e-05,-55.26748627338491,3.0
2025-03-10 13:18:27.924,4.8189373580562687e-05,-56.31211900219338,3.0
2025-03-10 13:18:27.943,0.0001201508843305,-57.42083923551225,3.0
2025-03-10 13:18:27.963,0.0001907873873752,-58.12640082004171,3.0
2025-03-10 13:18:27.982,0.0002603898991624,-57.80134686172839,3.0
2025-03-10 13:18:28.002,0.000328400190511,-55.795177891174944,3.0
2025-03-10 13:18:28.021,0.0003936075377911,-51.58056264350159,3.0
2025-03-10 13:18:28.041,0.0004544597927984,-44.87828794213521,3.0
2025-03-10 13:18:28.060,0.0005094507479568,-35.734276322065355,3.0
2025-03-10 13:18:28.080,0.0005575619251642,-24.5317027008088,3.0
2025-03-10 13:18:28.099,0.000598676320209,-11.935160009453814,3.0
2025-03-10 13:18:28.119,0.0006337974821975,1.2211681076571563,3.0
2025-03-10 13:18:28.138,0.0006649010616397,14.076864087629891,3.0
2025-03-10 13:18:28.158,0.000694368402497,25.888735254858787,3.0
2025-03-10 13:18:28.177,0.0007241478187922,36.14316879915759,3.0
2025-03-10 13:18:28.197,0.0007549466357907,44.61346179684307,3.0
2025-03-10 13:18:28.216,0.0007857901629508,51.35081544673167,3.0
2025-03-10 13:18:28.236,0.0008141675107698,56.612786881779705,3.0
2025-03-10 13:18:28.256,0.000836754824272,60.74730883473804,3.0
2025-03-10 13:18:28.275,0.0008504620399445,64.06078907803922,3.0
2025-03-10 13:18:28.295,0.0008534151361897,66.70286163640807,3.0
2025-03-10 13:18:28.314,0.0008455297068746,68.59688547379365,3.0
2025-03-10 13:18:28.334,0.0008285115142985,69.43473206394172,3.0
2025-03-10 13:18:28.353,0.0008053317993512,68.73898612887945,3.0
2025-03-10 13:18:28.373,0.0007793857742191,65.97900853487323,3.0
2025-03-10 13:18:28.392,0.0007536161037061,60.71355638021757,3.0
2025-03-10 13:18:28.412,0.0007298653950954,52.72548278314373,3.0
2025-03-10 13:18:28.431,0.000708624749718,42.11548378294706,3.0
2025-03-10 13:18:28.451,0.0006891940149236,29.331595447186952,3.0
2025-03-10 13:18:28.470,0.0006701112923074,15.126488798484267,3.0
2025-03-10 13:18:28.490,0.0006496245913844,0.4513913003192033,3.0
2025-03-10 13:18:28.509,0.0006260369240716,-13.69059563953898,3.0
2025-03-10 13:18:28.529,0.0005979222782106,-26.401010022401547,3.0
2025-03-10 13:18:28.549,0.0005643297768658,-37.02077121725606,3.0
2025-03-10 13:18:28.568,0.0005250431868375,-45.21731241083207,3.0
2025-03-10 13:18:28.588,0.0004807968385389,-51.00875071523888,3.0
2025-03-10 13:18:28.607,0.0004332472674436,-54.722470232319935,3.0
2025-03-10 13:18:28.627,0.0003845828395414,-56.89797544824496,3.0
2025-03-10 13:18:28.646,0.0003368725024417,-58.15399930245421,3.0
2025-03-10 13:18:28.666,0.0002914397583403,-59.04608255223535,3.0
2025-03-10 13:18:28.685,0.0002485472495678,-59.94228600693423,3.0
2025-03-10 13:18:28.705,0.0002074876729928,-60.941163943549846,3.0
2025-03-10 13:18:28.724,0.0001669497215051,-61.8481715419446,3.0
2025-03-10 13:18:28.744,0.0001254233735959,-62.21558555083688,3.0
2025-03-10 13:18:28.763,8.145910044550133e-05,-61.438663881090505,3.0
2025-03-10 13:18:28.783,3.372484718832078e-05,-58.88938292854996,3.0
2025-03-10 13:18:28.802,-1.9071185216324676e-05,-54.06092548558116,3.0
2025-03-10 13:18:28.822,-7.8251333056324e-05,-46.69304353800871,3.0
2025-03-10 13:18:28.842,-0.0001450876870912,-36.85156093433257,3.0
2025-03-10 13:18:28.861,-0.000220486144528,-24.944389746317043,3.0
2025-03-10 13:18:28.881,-0.0003044623823784,-11.669771255399915,3.0
2025-03-10 13:18:28.900,-0.000395564909329,2.092965915420544,3.0
2025-03-10 13:18:28.920,-0.0004904940499599,15.427449259614532,3.0
2025-03-10 13:18:28.939,-0.000584158512868,27.529116856756183,3.0
2025-03-10 13:18:28.959,-0.0006702709675881,37.828208165219486,3.0
2025-03-10 13:18:28.978,-0.0007423703191021,46.06207427752983,3.0
2025-03-10 13:18:28.998,-0.0007949905667126,52.2829019820356,3.0
2025-03-10 13:18:29.017,-0.0008246529454296,56.800532815064834,3.0
2025-03-10 13:18:29.037,-0.0008304377665755,60.0735974665251,3.0
2025-03-10 13:18:29.056,-0.0008140476059644,62.57305143888444,3.0
2025-03-10 13:18:29.076,-0.0007794337538657,64.64822942376331,3.0
2025-03-10 13:18:29.095,-0.0007321467707208,66.42538436337577,3.0
2025-03-10 13:18:29.115,-0.0006785584382583,67.76210869356939,3.0
2025-03-10 13:18:29.134,-0.000625030628263,68.2691124610523,3.0
2025-03-10 13:18:29.154,-0.000577060456559,67.39587770601953,3.0
2025-03-10 13:18:29.174,-0.0005384653021324,64.56197074541795,3.0
2025-03-10 13:18:29.193,-0.0005107561696457,59.30479921354517,3.0
2025-03-10 13:18:29.213,-0.0004928898734569,51.410239806372495,3.0
2025-03-10 13:18:29.232,-0.0004815323951489,40.99615804537186,3.0
2025-03-10 13:18:29.252,-0.0004718326467538,28.529580096296403,3.0
2025-03-10 13:18:29.271,-0.0004585504581834,14.773356368809436,3.0
2025-03-10 13:18:29.291,-0.0004372559026814,0.673673765546186,3.0
2025-03-10 13:18:29.310,-0.0004052812780606,-12.78801475817393,3.0
2025-03-10 13:18:29.330,-0.0003621941987048,-24.7486748148244,3.0
2025-03-10 13:18:29.349,-0.0003097211318974,-34.59322022408767,3.0
2025-03-10 13:18:29.369,-0.0002511949020874,-42.036141113144296,3.0
2025-03-10 13:18:29.388,-0.0001906818571044,-47.14153852923557,3.0
2025-03-10 13:18:29.408,-0.0001319892301022,-50.27976183483384,3.0
2025-03-10 13:18:29.427,-7.779217964672385e-05,-52.03040579846184,3.0
2025-03-10 13:18:29.447,-2.912218299332992e-05,-53.05078525384906,3.0
2025-03-10 13:18:29.467,1.4632885343700816e-05,-53.93474443944034,3.0
2025-03-10 13:18:29.486,5.523395537797415e-05,-55.08795145801703,3.0
2025-03-10 13:18:29.506,9.477071567051054e-05,-56.642562554357575,3.0
2025-03-10 13:18:29.525,0.000134762755238,-58.426927716972095,3.0
2025-03-10 13:18:29.545,0.0001754395058025,-59.99607200100598,3.0
2025-03-10 13:18:29.564,0.0002154213710781,-60.717655553378215,3.0
2025-03-10 13:18:29.584,0.0002519275184642,-59.89779385727189,3.0
2025-03-10 13:18:29.603,0.0002814712951352,-56.92328246195907,3.0
2025-03-10 13:18:29.623,0.0003008360433804,-51.39297023916426,3.0
2025-03-10 13:18:29.642,0.0003080448869908,-43.212334350879374,3.0
2025-03-10 13:18:29.662,0.000303065308325,-32.63195184916228,3.0
2025-03-10 13:18:29.681,0.0002880633818167,-20.22156916735786,3.0
2025-03-10 13:18:29.701,0.0002671064534297,-6.78465022694398,3.0
2025-03-10 13:18:29.720,0.0002453292597515,6.769317348464149,3.0
2025-03-10 13:18:29.740,0.0002277407107634,19.568744895273117,3.0
2025-03-10 13:18:29.760,0.0002180006542557,30.91099109483467,3.0
2025-03-10 13:18:29.779,0.0002175395227956,40.354566284084456,3.0
2025-03-10 13:18:29.799,0.0002252804081619,47.7550474927485,3.0
2025-03-10 13:18:29.818,0.0002380072859921,53.23928271943119,3.0
2025-03-10 13:18:29.838,0.0002512138924009,57.12552227525068,3.0
2025-03-10 13:18:29.857,0.0002601479387226,59.80861690324775,3.0
2025-03-10 13:18:29.877,0.0002607617426922,61.63701026521233,3.0
2025-03-10 13:18:29.896,0.0002503706044647,62.81017625429509,3.0
2025-03-10 13:18:29.916,0.0002279457017693,63.32067298211389,3.0
2025-03-10 13:18:29.935,0.00019406919883,62.95473516784595,3.0
2025-03-10 13:18:29.955,0.0001506340081496,61.35140714188475,3.0
2025-03-10 13:18:29.974,0.0001003889151513,58.10589727012567,3.0
2025-03-10 13:18:29.994,4.642758072032103e-05,52.89178634103265,3.0
2025-03-10 13:18:30.013,-8.284075907599534e-06,45.57197103103626,3.0
2025-03-10 13:18:30.033,-6.124957626541657e-05,36.27112722880957,3.0
2025-03-10 13:18:30.052,-0.0001105868924775,25.39219737498929,3.0
2025-03-10 13:18:30.072,-0.0001549751535949,13.573141826232044,3.0
2025-03-10 13:18:30.092,-0.000193464332273,1.5941323874928384,3.0
2025-03-10 13:18:30.111,-0.0002252359047658,-9.744060909928905,3.0
2025-03-10 13:18:30.131,-0.0002494128315416,-19.744787504392157,3.0
2025-03-10 13:18:30.150,-0.0002650324450585,-27.918779498936352,3.0
2025-03-10 13:18:30.170,-0.0002712770783238,-34.04753628851493,3.0
2025-03-10 13:18:30.189,-0.0002679534098391,-38.19750530044677,3.0
2025-03-10 13:18:30.209,-0.0002560498677095,-40.685552442079526,3.0
2025-03-10 13:18:30.228,-0.0002380858865213,-42.00479530909741,3.0
2025-03-10 13:18:30.248,-0.0002179856058153,-42.72580662381325,3.0
2025-03-10 13:18:30.267,-0.0002003696134994,-43.39078596313506,3.0
2025-03-10 13:18:30.287,-0.000189399094561,-44.41762585540563,3.0
2025-03-10 13:18:30.306,-0.0001875269455471,-46.02762779491,3.0
2025-03-10 13:18:30.326,-0.0001946068590317,-48.20607229505271,3.0
2025-03-10 13:18:30.345,-0.0002077287879971,-50.69994302852304,3.0
2025-03-10 13:18:30.365,-0.000221912005702,-53.05246193280534,3.0
2025-03-10 13:18:30.385,-0.0002314805187522,-54.669855588449046,3.0
2025-03-10 13:18:30.404,-0.0002316836604148,-54.91183435508586,3.0
2025-03-10 13:18:30.424,-0.0002200227197922,-53.19362536541582,3.0
2025-03-10 13:18:30.443,-0.0001968572320396,-49.08450199423186,3.0
2025-03-10 13:18:30.463,-0.0001651312068186,-42.38655984683533,3.0
2025-03-10 13:18:30.482,-0.0001293541244471,-33.17914730878517,3.0
2025-03-10 13:18:30.502,-9.419526663529087e-05,-21.819515633510136,3.0
2025-03-10 13:18:30.521,-6.315190956306349e-05,-8.898428708226895,3.0
2025-03-10 13:18:30.541,-3.771429854314619e-05,4.841085792959631,3.0
2025-03-10 13:18:30.560,-1.728330625820473e-05,18.605478403909725,3.0
2025-03-10 13:18:30.580,1.6916692236332197e-07,31.652030559330232,3.0
2025-03-10 13:18:30.599,1.6998429865645343e-05,43.36952482580229,3.0
2025-03-10 13:18:30.619,3.482339998845644e-05,53.323613448033214,3.0
2025-03-10 13:18:30.638,5.39224465417377e-05,61.261549551419165,3.0
2025-03-10 13:18:30.658,7.324137468098222e-05,67.08136034594234,3.0
2025-03-10 13:18:30.677,9.08651573475546e-05,70.77930361317587,3.0
2025-03-10 13:18:30.697,0.0001046523057357,72.39419449164534,3.0
2025-03-10 13:18:30.717,0.0001127760909066,71.96658985461514,3.0
2025-03-10 13:18:30.736,0.0001140765328139,69.52498439659324,3.0
2025-03-10 13:18:30.756,0.0001082770914329,65.10175990967184,3.0
2025-03-10 13:18:30.775,9.617898359904888e-05,58.77149264762211,3.0
2025-03-10 13:18:30.795,7.989748263420422e-05,50.69658310877726,3.0
2025-03-10 13:18:30.814,6.308751133464569e-05,41.16248940987872,3.0
2025-03-10 13:18:30.834,5.0999464444074966e-05,30.587893582304982,3.0
2025-03-10 13:18:30.853,5.018602284529806e-05,19.502722807221897,3.0
2025-03-10 13:18:30.873,6.776152028089168e-05,8.496448678985193,3.0
2025-03-10 13:18:30.892,0.0001102487916395,-1.8525516978420569,3.0
2025-03-10 13:18:30.912,0.000182181159651,-11.050940861719864,3.0
2025-03-10 13:18:30.931,0.0002847407960747,-18.751710343323047,3.0
2025-03-10 13:18:30.951,0.0004147961852864,-24.790601873395325,3.0
2025-03-10 13:18:30.970,0.0005646981894716,-29.1918134246895,3.0
2025-03-10 13:18:30.990,0.0007230420170344,-32.14422556820235,3.0
2025-03-10 13:18:31.010,0.0008763180298671,-33.95536873068479,3.0
2025-03-10 13:18:31.029,0.0010110879992915,-34.99389619937766,3.0
2025-03-10 13:18:31.049,0.001116177643377,-35.63183653341948,3.0
2025-03-10 13:18:31.068,0.0011844040599668,-36.19564839021961,3.0
2025-03-10 13:18:31.088,0.0012134956217613,-36.93111565328425,3.0
2025-03-10 13:18:31.107,0.0012060550092217,-37.98282212873044,3.0
2025-03-10 13:18:31.127,0.0011686338991523,-39.38570356106688,3.0
2025-03-10 13:18:31.146,0.0011101823262468,-41.06490902634073,3.0
2025-03-10 13:18:31.166,0.0010402467773224,-42.84109553137118,3.0
2025-03-10 13:18:31.185,0.0009672954592288,-44.44067726714842,3.0
2025-03-10 13:18:31.205,0.0008974699771459,-45.5131518564078,3.0
2025-03-10 13:18:31.224,0.0008339407178109,-45.65894130785831,3.0
2025-03-10 13:18:31.244,0.0007769137867484,-44.47014977630651,3.0
2025-03-10 13:18:31.263,0.0007242221475295,-41.58313739883313,3.0
2025-03-10 13:18:31.283,0.000672340945839,-36.73687539929509,3.0
2025-03-10 13:18:31.303,0.0006175956707436,-29.826598382391055,3.0
2025-03-10 13:18:31.322,0.0005572798362359,-20.94038796626173,3.0
2025-03-10 13:18:31.342,0.000490382436308,-10.36834593095098,3.0
2025-03-10 13:18:31.361,0.0004176944466098,1.420173030271301,3.0
2025-03-10 13:18:31.381,0.0003412623441916,13.82789060212266,3.0
2025-03-10 13:18:31.400,0.0002634296798042,26.198766905419458,3.0
2025-03-10 13:18:31.420,0.0001858858444196,37.8900193145092,3.0
2025-03-10 13:18:31.439,0.0001090890867284,48.332302414072345,3.0
2025-03-10 13:18:31.459,3.219516659642253e-05,57.067941349459325,3.0
2025-03-10 13:18:31.478,-4.661743626839269e-05,63.76430940248164,3.0
2025-03-10 13:18:31.498,-0.0001296465524217,68.20678360408785,3.0
2025-03-10 13:18:31.517,-0.0002191872253153,70.28084815892474,3.0
2025-03-10 13:18:31.537,-0.0003171719826224,69.95433810835114,3.0
2025-03-10 13:18:31.556,-0.0004249132947361,67.26828933074485,3.0
2025-03-10 13:18:31.576,-0.000542871442972,62.339479802911065,3.0
2025-03-10 13:18:31.595,-0.0006704062619227,55.37157122442344,3.0
2025-03-10 13:18:31.615,-0.0008055531627987,46.66707123518063,3.0
2025-03-10 13:18:31.635,-0.0009449101717186,36.6307694181443,3.0
2025-03-10 13:18:31.654,-0.0010837200708216,25.757249814313003,3.0
2025-03-10 13:18:31.674,-0.0012162201142347,14.599665082921238,3.0
2025-03-10 13:18:31.693,-0.0013363104027115,3.722494253498936,3.0
2025-03-10 13:18:31.713,-0.0014385103939046,-6.354266784557886,3.0
2025-03-10 13:18:31.732,-0.0015190234422007,-15.209380226888968,3.0
2025-03-10 13:18:31.752,-0.0015766013699549,-22.56293981301156,3.0
2025-03-10 13:18:31.771,-0.0016129103447173,-28.29941594318293,3.0
2025-03-10 13:18:31.791,-0.0016322657154609,-32.467400968171695,3.0
2025-03-10 13:18:31.810,-0.0016408217046392,-35.25703689739002,3.0
2025-03-10 13:18:31.830,-0.0016454413338493,-36.96039581613709,3.0
2025-03-10 13:18:31.849,-0.001652492354825,-37.922841636770585,3.0
2025-03-10 13:18:31.869,-0.0016667699380738,-38.49396899881456,3.0
2025-03-10 13:18:31.888,-0.0016906958357767,-38.98508099108312,3.0
2025-03-10 13:18:31.908,-0.0017238926816674,-39.63703558579969,3.0
2025-03-10 13:18:31.928,-0.0017631616051615,-40.59887693732115,3.0
2025-03-10 13:18:31.947,-0.0018028145039813,-41.91526716977452,3.0
2025-03-10 13:18:31.967,-0.0018352760545233,-43.52021540125902,3.0
2025-03-10 13:18:31.986,-0.0018518964773543,-45.23603178816517,3.0
2025-03-10 13:18:32.006,-0.0018439580213771,-46.778999855630666,3.0
2025-03-10 13:18:32.025,-0.001803838451532,-47.77552692593158,3.0
2025-03-10 13:18:32.045,-0.0017261946770274,-47.79300661538541,3.0
2025-03-10 13:18:32.064,-0.0016089231624575,-46.38741628535423,3.0
2025-03-10 13:18:32.084,-0.001453630643816,-43.16497596172712,3.0
2025-03-10 13:18:32.103,-0.0012654316098972,-37.849404132510834,3.0
2025-03-10 13:18:32.123,-0.0010520476391109,-30.341617142698983,3.0
2025-03-10 13:18:32.142,-0.0008223805116599,-20.757341572699744,3.0
2025-03-10 13:18:32.162,-0.0005849142472333,-9.431307246861806,3.0
2025-03-10 13:18:32.181,-0.0003463894548976,3.1159229301425038,3.0
2025-03-10 13:18:32.201,-0.0001111162800471,16.242937024600277,3.0
2025-03-10 13:18:32.221,0.0001189456191699,29.270197246123573,3.0
2025-03-10 13:18:32.240,0.0003435077268539,41.5617512467654,3.0
2025-03-10 13:18:32.260,0.0005630390059804,52.587948238146446,3.0
2025-03-10 13:18:32.279,0.000777969574915,61.957149026064215,3.0
2025-03-10 13:18:32.299,0.0009881677927686,69.41369162844059,3.0
2025-03-10 13:18:32.318,0.0011926349114699,74.80909187763376,3.0
2025-03-10 13:18:32.338,0.0013893011108873,78.06073002523091,3.0
2025-03-10 13:18:32.357,0.0015749167396821,79.11498033198119,3.0
2025-03-10 13:18:32.377,0.0017451769828062,77.92908762332904,3.0
2025-03-10 13:18:32.396,0.0018952413634606,74.47886895870248,3.0
2025-03-10 13:18:32.416,0.0020206618504707,68.78976504397427,3.0
2025-03-10 13:18:32.435,0.0021184982879844,60.97999215640166,3.0
2025-03-10 13:18:32.455,0.0021882301334402,51.2994915192694,3.0
2025-03-10 13:18:32.474,0.0022320809190374,40.14870999909098,3.0
2025-03-10 13:18:32.494,0.0022545581261248,28.06674476836913,3.0
2025-03-10 13:18:32.513,0.0022612902596227,15.68709154260846,3.0
2025-03-10 13:18:32.533,0.0022574971834025,3.668312791105166,3.0
2025-03-10 13:18:32.553,0.0022465549507357,-7.386288482769819,3.0
2025-03-10 13:18:32.572,0.0022290698441492,-17.00315179105329,3.0
2025-03-10 13:18:32.592,0.0022027004515789,-24.89193005136742,3.0
2025-03-10 13:18:32.611,0.0021627545516699,-30.968077062526064,3.0
2025-03-10 13:18:32.631,0.0021034189749185,-35.3419984176059,3.0
2025-03-10 13:18:32.650,0.0020193678086943,-38.27958730523167,3.0
2025-03-10 13:18:32.670,0.0019074002636577,-40.14454525958956,3.0
2025-03-10 13:18:32.689,0.001767689738506,-41.335370278176185,3.0
2025-03-10 13:18:32.709,0.0016042577762541,-42.22887429534188,3.0
2025-03-10 13:18:32.728,0.0014244797883619,-43.138175089823925,3.0
2025-03-10 13:18:32.748,0.0012377394449665,-44.28772589462669,3.0
2025-03-10 13:18:32.767,0.0010536362596999,-45.80290246627855,3.0
2025-03-10 13:18:32.787,0.0008802690090976,-47.70856551348643,3.0
2025-03-10 13:18:32.806,0.0007230208089853,-49.93074431115389,3.0
2025-03-10 13:18:32.826,0.0005840419505216,-52.29801808732473,3.0
2025-03-10 13:18:32.846,0.0004623937448223,-54.54319784826457,3.0
2025-03-10 13:18:32.865,0.000354674266235,-56.30981894035999,3.0
2025-03-10 13:18:32.885,0.0002559125286936,-57.17000138099785,3.0
2025-03-10 13:18:32.904,0.0001605409559037,-56.65924129654576,3.0
2025-03-10 13:18:32.924,6.32887829862123e-05,-54.32950256769932,3.0
2025-03-10 13:18:32.943,-4.011410299075328e-05,-49.815644655159694,3.0
2025-03-10 13:18:32.963,-0.0001524617807895,-42.90386003642397,3.0
2025-03-10 13:18:32.982,-0.0002748012280869,-33.58693294230192,3.0
2025-03-10 13:18:33.002,-0.0004063243686257,-22.091739579751632,3.0
2025-03-10 13:18:33.021,-0.0005444069447342,-8.869938537215974,3.0
2025-03-10 13:18:33.041,-0.0006848164879127,5.448223446126476,3.0
2025-03-10 13:18:33.060,-0.0008221311849682,20.12756380175829,3.0
2025-03-10 13:18:33.080,-0.0009503819390795,34.412838853870106,3.0
2025-03-10 13:18:33.099,-0.0010638530405823,47.606724997876775,3.0
2025-03-10 13:18:33.119,-0.001157896551134,59.12628193530077,3.0
2025-03-10 13:18:33.138,-0.0012295825882415,68.5307329892727,3.0
2025-03-10 13:18:33.158,-0.0012780474283734,75.52221031802206,3.0
2025-03-10 13:18:33.178,-0.0013045019179084,79.92842798090133,3.0
2025-03-10 13:18:33.197,-0.0013119675884063,81.67988529434778,3.0
2025-03-10 13:18:33.217,-0.0013048422516027,80.7932577040647,3.0
2025-03-10 13:18:33.236,-0.0012883422105644,77.3676680545767,3.0
2025-03-10 13:18:33.256,-0.0012677996607475,71.59339999052071,3.0
2025-03-10 13:18:33.275,-0.0012478074267939,63.76589367925844,3.0
2025-03-10 13:18:33.295,-0.0012313112143136,54.29400163389528,3.0
2025-03-10 13:18:33.314,-0.0012188734701733,43.691904752241726,3.0
2025-03-10 13:18:33.334,-0.0012083869689213,32.548639647790964,3.0
2025-03-10 13:18:33.353,-0.0011954603784627,21.476218919217708,3.0
2025-03-10 13:18:33.373,-0.0011745267585052,11.044398896239302,3.0
2025-03-10 13:18:33.392,-0.0011404735921819,1.7149878964403298,3.0
2025-03-10 13:18:33.412,-0.0010903570988984,-6.210184244706754,3.0
2025-03-10 13:18:33.431,-0.0010246665303724,-12.616101802880417,3.0
2025-03-10 13:18:33.451,-0.0009477078330017,-17.570255564447656,3.0
2025-03-10 13:18:33.471,-0.0008669375025513,-21.288335555204824,3.0
2025-03-10 13:18:33.490,-0.0007913851593024,-24.077875525741373,3.0
2025-03-10 13:18:33.510,-0.0007295563943213,-26.27262238335188,3.0
2025-03-10 13:18:33.529,-0.0006873516451309,-28.172033001815134,3.0
2025-03-10 13:18:33.549,-0.0006665443597325,-29.998350009874603,3.0
2025-03-10 13:18:33.568,-0.0006642301682787,-31.878708718082176,3.0
2025-03-10 13:18:33.588,-0.0006734264466131,-33.852972663725765,3.0
2025-03-10 13:18:33.607,-0.0006847188998076,-35.901211475225765,3.0
2025-03-10 13:18:33.627,-0.0006885647019146,-37.97967512916257,3.0
2025-03-10 13:18:33.646,-0.0006776483611262,-40.05213899513726,3.0
2025-03-10 13:18:33.666,-0.0006486456937166,-42.1051893622672,3.0
2025-03-10 13:18:33.685,-0.0006029190326,-44.14103616433482,3.0
2025-03-10 13:18:33.705,-0.0005459776803627,-46.14853505445649,3.0
2025-03-10 13:18:33.724,-0.0004858738268334,-48.06043130038634,3.0
2025-03-10 13:18:33.744,-0.0004309661301562,-49.71040589431704,3.0
2025-03-10 13:18:33.764,-0.0003876238532767,-50.80564827021545,3.0
2025-03-10 13:18:33.783,-0.000358451078426,-50.92849971266709,3.0
2025-03-10 13:18:33.803,-0.0003414823225698,-49.57437264847458,3.0
2025-03-10 13:18:33.822,-0.0003305653912576,-46.2240164769343,3.0
2025-03-10 13:18:33.842,-0.000316866920546,-40.43866104121768,3.0
2025-03-10 13:18:33.861,-0.0002911741651803,-31.95943908802464,3.0
2025-03-10 13:18:33.881,-0.0002464637391473,-20.79003462260849,3.0
2025-03-10 13:18:33.900,-0.0001800933582539,-7.244482723680412,3.0
2025-03-10 13:18:33.920,-9.498628700083669e-05,8.050676763801743,3.0
2025-03-10 13:18:33.939,6.276659507909606e-07,24.201607576289053,3.0
2025-03-10 13:18:33.959,9.496395385837012e-05,40.13320511061499,3.0
2025-03-10 13:18:33.978,0.0001754991066401,54.70359150557808,3.0
2025-03-10 13:18:33.998,0.0002320539955472,66.83165125567804,3.0
2025-03-10 13:18:34.017,0.0002592674025326,75.6212858146189,3.0
2025-03-10 13:18:34.037,0.0002578231760537,80.46667171343226,3.0
2025-03-10 13:18:34.056,0.0002342350237594,81.12460436482004,3.0
2025-03-10 13:18:34.076,0.0001994335661343,77.74318054794624,3.0
2025-03-10 13:18:34.096,0.0001666641639299,70.84102631986505,3.0
2025-03-10 13:18:34.115,0.0001492296492955,61.23808023423104,3.0
2025-03-10 13:18:34.135,0.0001584718212793,49.94679475261627,3.0
2025-03-10 13:18:34.154,0.0002022089158422,38.03983194487831,3.0
2025-03-10 13:18:34.174,0.0002837238128749,26.514916598724685,3.0
2025-03-10 13:18:34.193,0.0004013483580318,16.178054182110216,3.0
2025-03-10 13:18:34.213,0.0005486797825714,7.562592727957792,3.0
2025-03-10 13:18:34.232,0.0007154412470191,0.8946111418661081,3.0
2025-03-10 13:18:34.252,0.0008889202859619,-3.8933803810602576,3.0
2025-03-10 13:18:34.271,0.0010557977514325,-7.106580761310632,3.0
2025-03-10 13:18:34.291,0.001204072115462,-9.202384256214067,3.0
2025-03-10 13:18:34.310,0.0013247375675596,-10.691470506675806,3.0
2025-03-10 13:18:34.330,0.001412902789317,-12.042631045736576,3.0
2025-03-10 13:18:34.349,0.0014681432999457,-13.606573062639988,3.0
2025-03-10 13:18:34.369,0.0014940527866654,-15.569727665850316,3.0
2025-03-10 13:18:34.389,0.0014971448115842,-17.943322906851975,3.0
2025-03-10 13:18:34.408,0.001485384375876,-20.586676861311098,3.0
2025-03-10 13:18:34.428,0.0014666645824304,-23.2579031422767,3.0
2025-03-10 13:18:34.447,0.0014475012342388,-25.680923121365225,3.0
2025-03-10 13:18:34.467,0.0014321327865784,-27.61543878529465,3.0
2025-03-10 13:18:34.486,0.0014221169545647,-28.916526730241277,3.0
2025-03-10 13:18:34.506,0.0014164287817529,-29.572585523458866,3.0
2025-03-10 13:18:34.525,0.00141199492681,-29.714064935554312,3.0
2025-03-10 13:18:34.545,0.0014045415219631,-29.59016566051012,3.0
2025-03-10 13:18:34.564,0.0013895822909209,-29.515951086425765,3.0
2025-03-10 13:18:34.584,0.0013633387234007,-29.797517171083204,3.0
2025-03-10 13:18:34.603,0.0013233987640175,-30.647470993675324,3.0
2025-03-10 13:18:34.623,0.0012690149394783,-32.10633095131814,3.0
2025-03-10 13:18:34.642,0.0012010947505945,-33.98681149819467,3.0
2025-03-10 13:18:34.662,0.0011220621215983,-35.85648837954196,3.0
2025-03-10 13:18:34.682,0.0010357734423607,-37.06948770218377,3.0
2025-03-10 13:18:34.701,0.0009475251939799,-36.84965906686264,3.0
2025-03-10 13:18:34.721,0.0008639825496157,-34.41719320012353,3.0
2025-03-10 13:18:34.740,0.0007927538050861,-29.13986833772448,3.0
2025-03-10 13:18:34.760,0.0007414309854439,-20.68177519628406,3.0
2025-03-10 13:18:34.779,0.0007161603159948,-9.1191032814791,3.0
2025-03-10 13:18:34.799,0.0007200637428217,5.004069695218,3.0
2025-03-10 13:18:34.818,0.0007519967635826,20.69729078681585,3.0
2025-03-10 13:18:34.838,0.0008061359216598,36.625734311777386,3.0
2025-03-10 13:18:34.857,0.0008726965047238,51.2804333053324,3.0
2025-03-10 13:18:34.877,0.0009397000395842,63.19072060767442,3.0
2025-03-10 13:18:34.896,0.0009952855758657,71.1432605652095,3.0
2025-03-10 13:18:34.916,0.0010298188722949,74.36856331654798,3.0
2025-03-10 13:18:34.935,0.0010371430801096,72.65984571507411,3.0
2025-03-10 13:18:34.955,0.0010146737418203,66.40066887962645,3.0
2025-03-10 13:18:34.974,0.0009624783020841,56.49516113508418,3.0
2025-03-10 13:18:34.994,0.0008818208240645,44.21411338428538,3.0
2025-03-10 13:18:35.014,0.0007737956646601,30.9870926235992,3.0
2025-03-10 13:18:35.033,0.0006385735927288,18.180742826919147,3.0
2025-03-10 13:18:35.053,0.0004754651258075,6.904328579793206,3.0
2025-03-10 13:18:35.072,0.0002836112903983,-2.1243840080640832,3.0
2025-03-10 13:18:35.092,6.285629849875654e-05,-8.634050148526011,3.0
2025-03-10 13:18:35.111,-0.0001856314596344,-12.773326018961104,3.0
2025-03-10 13:18:35.131,-0.0004592077691557,-15.016362404805957,3.0
2025-03-10 13:18:35.150,-0.000754047377283,-16.024705185693268,3.0
2025-03-10 13:18:35.170,-0.0010657228227219,-16.495593943371645,3.0
2025-03-10 13:18:35.189,-0.0013898697051617,-17.026077829474783,3.0
2025-03-10 13:18:35.209,-0.0017227609734891,-18.01641533754158,3.0
2025-03-10 13:18:35.228,-0.0020616572968952,-19.62641132811339,3.0
2025-03-10 13:18:35.248,-0.0024048530089714,-21.78679958617393,3.0
2025-03-10 13:18:35.267,-0.0027513878068966,-24.25686857676275,3.0
2025-03-10 13:18:35.287,-0.0031004464828829,-26.711338969629715,3.0
2025-03-10 13:18:35.307,-0.003450527161329,-28.83536980135211,3.0
2025-03-10 13:18:35.326,-0.0037985257091083,-30.40685544736361,3.0
2025-03-10 13:18:35.346,-0.0041389641311687,-31.349331887407924,3.0
2025-03-10 13:18:35.365,-0.0044636642462441,-31.745657842396877,3.0
2025-03-10 13:18:35.385,-0.0047621762614108,-31.810711750355303,3.0
2025-03-10 13:18:35.404,-0.0050231519734111,-31.82923997562175,3.0
2025-03-10 13:18:35.424,-0.0052365936295104,-32.07157252516245,3.0
2025-03-10 13:18:35.443,-0.0053965813156132,-32.704379813742804,3.0
2025-03-10 13:18:35.463,-0.005503801547433,-33.71539552592686,3.0
2025-03-10 13:18:35.482,-0.0055670750916055,-34.869636861076785,3.0
2025-03-10 13:18:35.502,-0.0056031707741759,-35.709901695114645,3.0
2025-03-10 13:18:35.521,-0.0056344821968187,-35.60650042004666,3.0
2025-03-10 13:18:35.541,-0.0056845664031371,-33.85136825966201,3.0
2025-03-10 13:18:35.560,-0.0057720109797169,-29.78182824992634,3.0
2025-03-10 13:18:35.580,-0.0059035310720279,-22.911764229651272,3.0
2025-03-10 13:18:35.600,-0.0060675438979665,-13.045026693927513,3.0
2025-03-10 13:18:35.619,-0.006229687564726,-0.3486523914569375,3.0
2025-03-10 13:18:35.639,-0.0063317788777841,14.628656574611316,3.0
2025-03-10 13:18:35.658,-0.0062954287448994,30.996603633801865,3.0
2025-03-10 13:18:35.678,-0.0060308695581778,47.61508239427541,3.0
2025-03-10 13:18:35.697,-0.0054505380939676,63.22276380488702,3.0
2025-03-10 13:18:35.717,-0.0044857747738127,76.58319287771232,3.0
2025-03-10 13:18:35.736,-0.0031038933961139,86.62820437140543,3.0
2025-03-10 13:18:35.756,-0.001322114588683,92.58013753129448,3.0
2025-03-10 13:18:35.775,0.0007852926575921,94.0376509115602,3.0
2025-03-10 13:18:35.795,0.0030896228646788,91.0144337309406,3.0
2025-03-10 13:18:35.814,0.0054214006930693,83.92576681367059,3.0
2025-03-10 13:18:35.834,0.0075938931630416,73.52472091140675,3.0
2025-03-10 13:18:35.853,0.009432398226817,60.79724360637687,3.0
2025-03-10 13:18:35.873,0.0108029612133491,46.83211477244955,3.0
2025-03-10 13:18:35.892,0.0116335761163589,32.68597499567729,3.0
2025-03-10 13:18:35.912,0.0119226571720987,19.264027998680096,3.0
2025-03-10 13:18:35.932,0.0117331726722322,7.233406228267097,3.0
2025-03-10 13:18:35.951,0.0111748688732546,-3.020428392095853,3.0
2025-03-10 13:18:35.971,0.0103798845055219,-11.3918573444537,3.0
2025-03-10 13:18:35.990,0.0094779236857658,-18.013156500440136,3.0
2025-03-10 13:18:36.010,0.0085761653918243,-23.183849479566607,3.0
2025-03-10 13:18:36.029,0.0077470154872994,-27.286509550660035,3.0
2025-03-10 13:18:36.049,0.0070245327461685,-30.705098033759484,3.0
2025-03-10 13:18:36.068,0.0064084960690686,-33.760063618293536,3.0
2025-03-10 13:18:36.088,0.0058738638951845,-36.67005750442298,3.0
2025-03-10 13:18:36.107,0.0053828151503038,-39.54393269967148,3.0
2025-03-10 13:18:36.127,0.0048966084184107,-42.39982553333368,3.0
2025-03-10 13:18:36.146,0.0043850632748017,-45.20202324119935,3.0
2025-03-10 13:18:36.166,0.0038323485801749,-47.90245880294803,3.0
2025-03-10 13:18:36.185,0.0032386859276091,-50.47307587471993,3.0
2025-03-10 13:18:36.205,0.0026183537433944,-52.918256963338855,3.0
2025-03-10 13:18:36.225,0.0019949553925966,-55.262423410675325,3.0
2025-03-10 13:18:36.244,0.001395294964717,-57.51544228312791,3.0
2025-03-10 13:18:36.264,0.0008433493032963,-59.62576051503656,3.0
2025-03-10 13:18:36.283,0.000355654892785,-61.436280986708056,3.0
2025-03-10 13:18:36.303,-6.106700872274697e-05,-62.6593129566038,3.0
2025-03-10 13:18:36.322,-0.0004098923143604,-62.8836749833902,3.0
2025-03-10 13:18:36.342,-0.0007017282852268,-61.61951567463653,3.0
2025-03-10 13:18:36.361,-0.0009521999656818,-58.3762129680982,3.0
2025-03-10 13:18:36.381,-0.001178255585327,-52.75847798824659,3.0
2025-03-10 13:18:36.400,-0.0013951975282142,-44.55868672539308,3.0
2025-03-10 13:18:36.420,-0.00161457025522,-33.822149506575805,3.0
2025-03-10 13:18:36.439,-0.0018430525768793,-20.8675504163804,3.0
2025-03-10 13:18:36.459,-0.0020822843535418,-6.255900715861635,3.0
2025-03-10 13:18:36.478,-0.0023294459718551,9.285253125179285,3.0
2025-03-10 13:18:36.498,-0.0025783850801458,24.964112479006,3.0
2025-03-10 13:18:36.517,-0.0028210818604326,40.0289541955103,3.0
2025-03-10 13:18:36.537,-0.0030492101291995,53.85076066847565,3.0
2025-03-10 13:18:36.557,-0.0032555086569848,65.96748588048733,3.0
2025-03-10 13:18:36.576,-0.0034346980807202,76.08454463380707,3.0
2025-03-10 13:18:36.596,-0.0035838008228902,84.03837143374376,3.0
2025-03-10 13:18:36.615,-0.0037018955778842,89.73979692390239,3.0
2025-03-10 13:18:36.635,-0.0037894766004281,93.1188084850306,3.0
2025-03-10 13:18:36.654,-0.0038476419964412,94.09062666811188,3.0
2025-03-10 13:18:36.674,-0.0038773140842094,92.5553558927132,3.0
2025-03-10 13:18:36.693,-0.0038786416566137,88.43198181997649,3.0
2025-03-10 13:18:36.713,-0.0038506962539631,81.71572029483559,3.0
2025-03-10 13:18:36.732,-0.0037915734870093,72.53945690476162,3.0
2025-03-10 13:18:36.752,-0.0036990056140497,61.21794062642675,3.0
2025-03-10 13:18:36.771,-0.0035714972171193,48.258027515481,3.0
2025-03-10 13:18:36.791,-0.0034097836152738,34.32777416785372,3.0
2025-03-10 13:18:36.810,-0.0032181842506127,20.188281723724767,3.0
2025-03-10 13:18:36.830,-0.0030053321761929,6.601634392800437,3.0
2025-03-10 13:18:36.850,-0.0027838721444866,-5.766142300561032,3.0
2025-03-10 13:18:36.869,-0.0025689968771813,-16.427401366356644,3.0
2025-03-10 13:18:36.889,-0.0023760490939014,-25.12464010104017,3.0
2025-03-10 13:18:36.908,-0.0022177384540694,-31.843232887256125,3.0
2025-03-10 13:18:36.928,-0.002101674719375,-36.785484374886416,3.0
2025-03-10 13:18:36.947,-0.0020288342013072,-40.31431772824752,3.0
2025-03-10 13:18:36.967,-0.0019933129766626,-42.88001303919598,3.0
2025-03-10 13:18:36.986,-0.0019833942664557,-44.94461227382232,3.0
2025-03-10 13:18:37.006,-0.0019836536781984,-46.91609609117439,3.0
2025-03-10 13:18:37.025,-0.0019776058539223,-49.09951653608909,3.0
2025-03-10 13:18:37.045,-0.0019503218371926,-51.66687895696011,3.0
2025-03-10 13:18:37.064,-0.0018905285051148,-54.64356958514418,3.0
2025-03-10 13:18:37.084,-0.0017918768574553,-57.90761081956222,3.0
2025-03-10 13:18:37.103,-0.0016532668777613,-61.198943433887926,3.0
2025-03-10 13:18:37.123,-0.0014783008493145,-64.13822635952008,3.0
2025-03-10 13:18:37.143,-0.0012740591464863,-66.25676713838774,3.0
2025-03-10 13:18:37.162,-0.0010494249259718,-67.03973671293524,3.0
2025-03-10 13:18:37.182,-0.0008131670372857,-65.98299517309178,3.0
2025-03-10 13:18:37.201,-0.0005720041977061,-62.659827166966494,3.0
2025-03-10 13:18:37.221,-0.0003289533002806,-56.78888666377741,3.0
2025-03-10 13:18:37.240,-8.236433282742351e-05,-48.290720359168056,3.0
2025-03-10 13:18:37.260,0.0001739294218529,-37.31950211563768,3.0
2025-03-10 13:18:37.279,0.0004490507190598,-24.260272448808745,3.0
2025-03-10 13:18:37.299,0.0007521483091908,-9.689552974817357,3.0
2025-03-10 13:18:37.318,0.0010886504502993,5.693510079868983,3.0
2025-03-10 13:18:37.338,0.0014567921522341,21.150454732394618,3.0
2025-03-10 13:18:37.357,0.0018457693230928,35.982597578788635,3.0
2025-03-10 13:18:37.377,0.0022365621483699,49.58916898625457,4.0
2025-03-10 13:18:37.396,0.0026055759558463,61.49465963322024,4.0
2025-03-10 13:18:37.416,0.0029301577122695,71.34521453373752,4.0
2025-03-10 13:18:37.435,0.0031942941983588,78.88323939213755,4.0
2025-03-10 13:18:37.455,0.0033927092121059,83.91545070748782,4.0
2025-03-10 13:18:37.475,0.0035321143688371,86.29051782453652,4.0
2025-03-10 13:18:37.494,0.003629234935137,85.89791128138151,4.0
2025-03-10 13:18:37.514,0.0037061081076192,82.69099999504925,4.0
2025-03-10 13:18:37.533,0.0037838424456535,76.72761040739582,4.0
2025-03-10 13:18:37.553,0.0038764293310655,68.21350530614819,4.0
2025-03-10 13:18:37.572,0.0039862114367905,57.53129850254149,4.0
2025-03-10 13:18:37.592,0.0041021807707212,45.2402645616555,4.0
2025-03-10 13:18:37.611,0.0042014946723999,32.040277685084284,4.0
2025-03-10 13:18:37.631,0.0042537323463055,18.70304891554558,4.0
2025-03-10 13:18:37.650,0.0042267737110617,5.982815987519157,4.0
2025-03-10 13:18:37.670,0.0040929402156983,-5.475761412697271,4.0
2025-03-10 13:18:37.689,0.0038341859328513,-15.2137703705861,4.0
2025-03-10 13:18:37.709,0.0034455265774504,-23.003178961914497,4.0
2025-03-10 13:18:37.728,0.0029363412579664,-28.85298094204293,4.0
2025-03-10 13:18:37.748,0.0023295137364172,-32.97715895082842,4.0
2025-03-10 13:18:37.768,0.0016585864309149,-35.73343345487412,4.0
2025-03-10 13:18:37.787,0.0009633161142642,-37.5473079367794,4.0
2025-03-10 13:18:37.807,0.0002843491578199,-38.83755562682928,4.0
2025-03-10 13:18:37.826,-0.0003419375663409,-39.9568130149196,4.0
2025-03-10 13:18:37.846,-0.0008873445960081,-41.15531226690412,4.0
2025-03-10 13:18:37.865,-0.0013338326802155,-42.56882816124093,4.0
2025-03-10 13:18:37.885,-0.001673587103409,-44.22573952969527,4.0
2025-03-10 13:18:37.904,-0.0019077413740019,-46.06443969242128,4.0
2025-03-10 13:18:37.924,-0.0020445390383863,-47.9520409274004,4.0
2025-03-10 13:18:37.943,-0.0020975333972623,-49.69818938922603,4.0
2025-03-10 13:18:37.963,-0.0020840366808659,-51.062623736813805,4.0
2025-03-10 13:18:37.982,-0.0020236660132377,-51.76002468890991,4.0
2025-03-10 13:18:38.002,-0.0019366901078367,-51.46881796879626,4.0
2025-03-10 13:18:38.021,-0.0018420277129514,-49.85061386172976,4.0
2025-03-10 13:18:38.041,-0.0017550754521222,-46.58369335452188,4.0
2025-03-10 13:18:38.061,-0.0016858144479486,-41.408442247935255,4.0
2025-03-10 13:18:38.080,-0.0016376792109343,-34.1769360340446,4.0
2025-03-10 13:18:38.100,-0.001607484504632,-24.895321833036917,4.0
2025-03-10 13:18:38.119,-0.0015864551381096,-13.747896097476051,4.0
2025-03-10 13:18:38.139,-0.0015622025474543,-1.09602682773153,4.0
2025-03-10 13:18:38.158,-0.0015213374474783,12.548186070611218,4.0
2025-03-10 13:18:38.178,-0.0014522777046682,26.56697753042813,4.0
2025-03-10 13:18:38.197,-0.0013477355085014,40.29017639318587,4.0
2025-03-10 13:18:38.217,-0.001206397759457,53.04610937051387,4.0
2025-03-10 13:18:38.236,-0.0010334636110172,64.20320262865748,4.0
2025-03-10 13:18:38.256,-0.0008399334539259,73.20073378437786,4.0
2025-03-10 13:18:38.275,-0.0006407829576619,79.57199582007952,4.0
2025-03-10 13:18:38.295,-0.0004523565710015,82.96536515429801,4.0
2025-03-10 13:18:38.314,-0.0002894687003039,83.16756712062157,4.0
2025-03-10 13:18:38.334,-0.0001627900233334,80.12938302347024,4.0
2025-03-10 13:18:38.353,-7.707098930160872e-05,73.98895858439195,4.0
2025-03-10 13:18:38.373,-3.0579654144272915e-05,65.08412438331057,4.0
2025-03-10 13:18:38.393,-1.5839711575913907e-05,53.9446490355602,4.0
2025-03-10 13:18:38.412,-2.1440307120432216e-05,41.25867893312629,4.0
2025-03-10 13:18:38.432,-3.444887253453154e-05,27.81367968662349,4.0
2025-03-10 13:18:38.451,-4.285243155439989e-05,14.418807160491546,4.0
2025-03-10 13:18:38.471,-3.750885456511992e-05,1.8206325625673407,4.0
2025-03-10 13:18:38.490,-1.3290730779677733e-05,-9.373789081825873,4.0
2025-03-10 13:18:38.510,3.063783854164315e-05,-18.753676106248182,4.0
2025-03-10 13:18:38.529,9.127605928808696e-05,-26.13216845140537,4.0
2025-03-10 13:18:38.549,0.0001627554443711,-31.541576535455683,4.0
2025-03-10 13:18:38.568,0.000237596384626,-35.199061526264046,4.0
2025-03-10 13:18:38.588,0.0003080332287695,-37.45086127689195,4.0
2025-03-10 13:18:38.607,0.0003672021187692,-38.706493369063296,4.0
2025-03-10 13:18:38.627,0.0004100204888203,-39.37499829358934,4.0
2025-03-10 13:18:38.646,0.0004336446202222,-39.81314148894406,4.0
2025-03-10 13:18:38.666,0.0004374643877758,-40.29123279039232,4.0
2025-03-10 13:18:38.686,0.0004226821660145,-40.97714570607696,4.0
2025-03-10 13:18:38.705,0.0003916128224091,-41.9347949112628,4.0
2025-03-10 13:18:38.725,0.0003468983892209,-43.1310724476773,4.0
2025-03-10 13:18:38.744,0.0002908283503315,-44.44563147063475,4.0
2025-03-10 13:18:38.764,0.0002249002264349,-45.680549016948206,4.0
2025-03-10 13:18:38.783,0.0001496715494003,-46.57055594063265,4.0
2025-03-10 13:18:38.803,6.487315874594904e-05,-46.79755511799152,4.0
2025-03-10 13:18:38.822,-3.029982934063193e-05,-46.01411885595891,4.0
2025-03-10 13:18:38.842,-0.0001368122424629,-43.87885363494498,4.0
2025-03-10 13:18:38.861,-0.0002553823175718,-40.10229142908741,4.0
2025-03-10 13:18:38.881,-0.0003860348400845,-34.4967349309748,4.0
2025-03-10 13:18:38.900,-0.0005275771428859,-27.01936685467148,4.0
2025-03-10 13:18:38.920,-0.0006770305897457,-17.796964779320362,4.0
2025-03-10 13:18:38.939,-0.0008291923556552,-7.12376255245109,4.0
2025-03-10 13:18:38.959,-0.0009765979731772,4.569254276785767,4.0
2025-03-10 13:18:38.978,-0.0011100983892367,16.76722603273475,4.0
2025-03-10 13:18:38.998,-0.001220062502952,28.933538263109103,4.0
2025-03-10 13:18:39.018,-0.0012979715773454,40.565733948838144,4.0
2025-03-10 13:18:39.037,-0.0013380049118471,51.232244773160886,4.0
2025-03-10 13:18:39.057,-0.0013381914119766,60.58359009508128,4.0
2025-03-10 13:18:39.076,-0.0013008114214587,68.34021961295643,4.0
2025-03-10 13:18:39.096,-0.0012319201854714,74.2668348572339,4.0
2025-03-10 13:18:39.115,-0.0011400636093934,78.14739065590152,4.0
2025-03-10 13:18:39.135,-0.0010344391232017,79.77461625490876,4.0
2025-03-10 13:18:39.154,-0.000922914907944,78.96274667852313,4.0
2025-03-10 13:18:39.174,-0.0008104112815911,75.58366092510873,4.0
2025-03-10 13:18:39.193,-0.0006980766934355,69.61747648169008,4.0
2025-03-10 13:18:39.213,-0.0005834389376573,61.20200776455984,4.0
2025-03-10 13:18:39.232,-0.0004614061051906,50.6638145242037,4.0
2025-03-10 13:18:39.252,-0.0003257967089188,38.517561222206325,4.0
2025-03-10 13:18:39.271,-0.0001710381066444,25.428731053722583,4.0
2025-03-10 13:18:39.291,6.296096189621324e-06,12.144557433379436,4.0
2025-03-10 13:18:39.311,0.0002064039697492,-0.5937786344264859,4.0
2025-03-10 13:18:39.330,0.000425859568673,-12.140336801438846,4.0
2025-03-10 13:18:39.350,0.0006579994888938,-22.017969608208123,4.0
2025-03-10 13:18:39.369,0.0008940047415281,-29.96347995395889,4.0
2025-03-10 13:18:39.389,0.001124431653775,-35.938254607460365,4.0
2025-03-10 13:18:39.408,0.0013408596800688,-40.10543078023978,4.0
2025-03-10 13:18:39.428,0.0015373218786205,-42.78080168979795,4.0
2025-03-10 13:18:39.447,0.0017112541755121,-44.36863514006636,4.0
2025-03-10 13:18:39.467,0.0018638161761243,-45.2947765559972,4.0
2025-03-10 13:18:39.486,0.0019995561292529,-45.94785477435909,4.0
2025-03-10 13:18:39.506,0.0021254803771668,-46.63574135960911,4.0
2025-03-10 13:18:39.525,0.0022496426075772,-47.55976995374785,4.0
2025-03-10 13:18:39.545,0.0023793988303916,-48.80496484241419,4.0
2025-03-10 13:18:39.564,0.002519468132078,-50.3418602264249,4.0
2025-03-10 13:18:39.584,0.0026699139222707,-52.035073977224926,4.0
2025-03-10 13:18:39.604,0.0028242094946593,-53.65550237526373,4.0
2025-03-10 13:18:39.623,0.0029677581874323,-54.89589596977082,4.0
2025-03-10 13:18:39.643,0.0030775260683175,-55.39221430384633,4.0
2025-03-10 13:18:39.662,0.0031235773930377,-54.75410493748781,4.0
2025-03-10 13:18:39.682,0.0030730610676013,-52.60628993296473,4.0
2025-03-10 13:18:39.701,0.0028965426627295,-48.63879360652777,4.0
2025-03-10 13:18:39.721,0.0025756686874948,-42.65913696743315,4.0
2025-03-10 13:18:39.740,0.0021102833444165,-34.63589233396818,4.0
2025-03-10 13:18:39.760,0.0015226796870184,-24.72228002636116,4.0
2025-03-10 13:18:39.779,0.0008570125104198,-13.251735453336682,4.0
2025-03-10 13:18:39.799,0.0001731233859106,-0.7039393925847821,4.0
2025-03-10 13:18:39.818,-0.000464206559913,12.352393492504495,4.0
2025-03-10 13:18:39.838,-0.0009979417468797,25.327322043291662,4.0
2025-03-10 13:18:39.857,-0.0013900181535617,37.67273267053183,4.0
2025-03-10 13:18:39.877,-0.001628139841377,48.92712198140112,4.0
2025-03-10 13:18:39.896,-0.0017265699172151,58.73433104266432,4.0
2025-03-10 13:18:39.916,-0.0017210981103764,66.83632144288168,4.0
2025-03-10 13:18:39.936,-0.0016598552209725,73.04774680549967,4.0
2025-03-10 13:18:39.955,-0.0015924696936499,77.22528130016072,4.0
2025-03-10 13:18:39.975,-0.0015601434801378,79.24579072356806,4.0
2025-03-10 13:18:39.994,-0.0015886990333883,79.00393940492764,4.0
2025-03-10 13:18:40.014,-0.0016857362449969,76.43259576149381,4.0
2025-03-10 13:18:40.033,-0.0018419830777605,71.54065931177574,4.0
2025-03-10 13:18:40.053,-0.0020359743555384,64.45564705905143,4.0
2025-03-10 13:18:40.072,-0.0022405535632772,55.45518135036849,4.0
2025-03-10 13:18:40.092,-0.0024294836236999,44.973638518868285,4.0
2025-03-10 13:18:40.111,-0.0025826837491976,33.57693027371159,4.0
2025-03-10 13:18:40.131,-0.0026891599106437,21.907360573174845,4.0
2025-03-10 13:18:40.150,-0.00274736531909,10.60877161816488,4.0
2025-03-10 13:18:40.170,-0.0027633384045984,0.2473301794875635,4.0
2025-03-10 13:18:40.189,-0.0027474129925168,-8.755846228237802,4.0
2025-03-10 13:18:40.209,-0.0027105124807238,-16.16722913623716,4.0
2025-03-10 13:18:40.229,-0.0026610017815281,-21.951615252894342,4.0
2025-03-10 13:18:40.248,-0.0026028193687729,-26.251245447457823,4.0
2025-03-10 13:18:40.268,-0.0025352236553527,-29.340060279360863,4.0
2025-03-10 13:18:40.287,-0.0024540430081294,-31.56435007799739,4.0
2025-03-10 13:18:40.307,-0.0023539157873537,-33.28253456522756,4.0
2025-03-10 13:18:40.326,-0.0022307531751046,-34.81506043963385,4.0
2025-03-10 13:18:40.346,-0.0020836283348056,-36.41111437241012,4.0
2025-03-10 13:18:40.365,-0.0019155102260152,-38.23339457435571,4.0
2025-03-10 13:18:40.385,-0.0017326665407381,-40.3572294336182,4.0
2025-03-10 13:18:40.404,-0.0015430288520211,-42.77732153721459,4.0
2025-03-10 13:18:40.424,-0.0013541699961555,-45.41514407466023,4.0
2025-03-10 13:18:40.443,-0.0011716344672195,-48.1224714871815,4.0
2025-03-10 13:18:40.463,-0.0009981460522508,-50.68074943427268,4.0
2025-03-10 13:18:40.482,-0.0008338188098568,-52.80041563156504,4.0
2025-03-10 13:18:40.502,-0.0006771286064478,-54.12711956907196,4.0
2025-03-10 13:18:40.522,-0.0005261977299078,-54.26173938462659,4.0
2025-03-10 13:18:40.541,-0.0003799024758931,-52.79781787994911,4.0
2025-03-10 13:18:40.561,-0.0002383823891425,-49.37442664502046,4.0
2025-03-10 13:18:40.580,-0.0001027014687692,-43.73644188411647,4.0
2025-03-10 13:18:40.600,2.6303872620366305e-05,-35.7900733173225,4.0
2025-03-10 13:18:40.619,0.0001496080790545,-25.64096332584934,4.0
2025-03-10 13:18:40.639,0.0002713570535461,-13.605645244828777,4.0
2025-03-10 13:18:40.658,0.0003993192741378,-0.1934149418712104,4.0
2025-03-10 13:18:40.678,0.0005440141428961,13.937531748910844,4.0
2025-03-10 13:18:40.697,0.0007165844780256,28.040820312436608,4.0
2025-03-10 13:18:40.717,0.0009259621832166,41.3487475619804,4.0
2025-03-10 13:18:40.736,0.0011761704016442,53.13586362591214,4.0
2025-03-10 13:18:40.756,0.0014646099427063,62.7732506643364,4.0
2025-03-10 13:18:40.775,0.001781908234893,69.7711596720302,4.0
2025-03-10 13:18:40.795,0.0021134813538357,73.8102074449267,4.0
2025-03-10 13:18:40.814,0.0024425117540821,74.76196985889531,4.0
2025-03-10 13:18:40.834,0.0027536775020181,72.6987405593922,4.0
2025-03-10 13:18:40.854,0.0030367484945414,67.89048200605039,4.0
2025-03-10 13:18:40.873,0.0032891324570007,60.78595807435999,4.0
2025-03-10 13:18:40.893,0.0035166332807066,51.97578222702322,4.0
2025-03-10 13:18:40.912,0.0037320720213723,42.13787438940391,4.0
2025-03-10 13:18:40.932,0.0039519323222346,31.96984172482405,4.0
2025-03-10 13:18:40.951,0.0041916610732346,22.116697502349265,4.0
2025-03-10 13:18:40.971,0.004460535058639,13.104710591602714,4.0
2025-03-10 13:18:40.990,0.0047570669731896,5.292175121737705,4.0
2025-03-10 13:18:41.010,0.0050658489789209,-1.1545932195824378,4.0
2025-03-10 13:18:41.029,0.0053566123222986,-6.256133147666231,4.0
2025-03-10 13:18:41.049,0.0055861394030286,-10.187059687381309,4.0
2025-03-10 13:18:41.068,0.0057034226630156,-13.222343871262336,4.0
2025-03-10 13:18:41.088,0.0056579881994573,-15.673375386604318,4.0
2025-03-10 13:18:41.107,0.0054105195317436,-17.82640760960355,4.0
2025-03-10 13:18:41.127,0.004943948359237,-19.895181995965466,4.0
2025-03-10 13:18:41.147,0.0042723356790063,-21.99610046335222,4.0
2025-03-10 13:18:41.166,0.0034445271893159,-24.14898539510021,4.0
2025-03-10 13:18:41.186,0.0025400911780722,-26.30048690235847,4.0
2025-03-10 13:18:41.205,0.0016567000496353,-28.3619949352632,4.0
2025-03-10 13:18:41.225,0.0008907661699772,-30.25071138192663,4.0
2025-03-10 13:18:41.244,0.0003158900452015,-31.92205994678999,4.0
2025-03-10 13:18:41.264,-3.488315652835805e-05,-33.383957688990805,4.0
2025-03-10 13:18:41.283,-0.0001777721757781,-34.68813327093339,4.0
2025-03-10 13:18:41.303,-0.0001753328267983,-35.899664474873305,4.0
2025-03-10 13:18:41.322,-0.0001225583497617,-37.05193471509298,4.0
2025-03-10 13:18:41.342,-0.0001254220965098,-38.0989029163925,4.0
2025-03-10 13:18:41.361,-0.0002769300079386,-38.87872374269158,4.0
2025-03-10 13:18:41.381,-0.0006361495317543,-39.10154654890619,4.0
2025-03-10 13:18:41.400,-0.0012148862930383,-38.36965848726606,4.0
2025-03-10 13:18:41.420,-0.0019749070113831,-36.23080983230867,4.0
2025-03-10 13:18:41.439,-0.0028362196350347,-32.25723502889445,4.0
2025-03-10 13:18:41.459,-0.003694372744558,-26.135773032668062,4.0
2025-03-10 13:18:41.479,-0.0044425769342415,-17.75070037309441,4.0
2025-03-10 13:18:41.498,-0.0049933138841062,-7.241628847586817,4.0
2025-03-10 13:18:41.518,-0.0052944362535017,4.97615049181308,4.0
2025-03-10 13:18:41.537,-0.0053364929025677,18.23379694957761,4.0
2025-03-10 13:18:41.557,-0.0051504955771948,31.670373589628845,4.0
2025-03-10 13:18:41.576,-0.0047977182220987,44.32403043099372,4.0
2025-03-10 13:18:41.596,-0.0043547355323786,55.23950677798073,4.0
2025-03-10 13:18:41.615,-0.0038975065410386,63.57727977439426,4.0
2025-03-10 13:18:41.635,-0.003487960395795,68.71028768083198,4.0
2025-03-10 13:18:41.654,-0.0031654893221213,70.2959422798702,4.0
2025-03-10 13:18:41.674,-0.0029443327721701,68.31386444445855,4.0
2025-03-10 13:18:41.693,-0.0028164094951734,63.06359984358346,4.0
2025-03-10 13:18:41.713,-0.002758035982089,55.121687608788896,4.0
2025-03-10 13:18:41.732,-0.0027383733862523,45.26355900860858,4.0
2025-03-10 13:18:41.752,-0.0027274465005465,34.36178840339708,4.0
2025-03-10 13:18:41.772,-0.0027020966762084,23.27665411739823,4.0
2025-03-10 13:18:41.791,-0.0026490489827765,12.756375432670309,4.0
2025-03-10 13:18:41.811,-0.0025651156829621,3.362175223279889,4.0
2025-03-10 13:18:41.830,-0.002455191450175,-4.571981311237548,4.0
2025-03-10 13:18:41.850,-0.0023290085416904,-10.942057177628865,4.0
2025-03-10 13:18:41.869,-0.0021976232973732,-15.842961747826962,4.0
2025-03-10 13:18:41.889,-0.0020703894992609,-19.513237136791197,4.0
2025-03-10 13:18:41.908,-0.0019528632216337,-22.26785976188777,4.0
2025-03-10 13:18:41.928,-0.001845796876812,-24.432236756132816,4.0
2025-03-10 13:18:41.947,-0.0017451922360401,-26.2887594644124,4.0
2025-03-10 13:18:41.967,-0.0016432908778176,-28.043629897391085,4.0
2025-03-10 13:18:41.986,-0.0015303146019029,-29.816776590164945,4.0
2025-03-10 13:18:42.006,-0.0013966545783495,-31.652434141367088,4.0
2025-03-10 13:18:42.025,-0.0012350489191309,-33.543428089930266,4.0
2025-03-10 13:18:42.045,-0.0010421879795188,-35.45939612296438,4.0
2025-03-10 13:18:42.065,-0.0008192887654836,-37.36882535555212,4.0
2025-03-10 13:18:42.084,-0.0005715312557584,-39.24712256837248,4.0
2025-03-10 13:18:42.104,-0.000306700314649,-41.067522345371,4.0
2025-03-10 13:18:42.123,-3.365802334886685e-05,-42.77738391181099,4.0
2025-03-10 13:18:42.143,0.0002387903253445,-44.26780753060233,4.0
2025-03-10 13:18:42.162,0.0005024171777507,-45.34794219324025,4.0
2025-03-10 13:18:42.182,0.0007496523718898,-45.735657229996086,4.0
2025-03-10 13:18:42.201,0.0009736000178211,-45.07295864975718,4.0
2025-03-10 13:18:42.221,0.0011683230103096,-42.96820095603954,4.0
2025-03-10 13:18:42.240,0.0013295230444602,-39.05936926623848,4.0
2025-03-10 13:18:42.260,0.0014555143743735,-33.085791692957216,4.0
2025-03-10 13:18:42.279,0.001548189126998,-24.95192089167116,4.0
2025-03-10 13:18:42.299,0.0016135473880606,-14.767786398449635,4.0
2025-03-10 13:18:42.318,0.0016613990609712,-2.856314131415969,4.0
2025-03-10 13:18:42.338,0.001704069720582,10.273798427650984,4.0
2025-03-10 13:18:42.357,0.0017542709311664,23.982390158464945,4.0
2025-03-10 13:18:42.377,0.0018225760332721,37.56620147669543,4.0
2025-03-10 13:18:42.397,0.0019150768166196,50.326697220639886,4.0
2025-03-10 13:18:42.416,0.0020317765286306,61.62568403158688,4.0
2025-03-10 13:18:42.436,0.0021661257606568,70.92289888395877,4.0
2025-03-10 13:18:42.455,0.0023058555914955,77.79615562466631,4.0
2025-03-10 13:18:42.475,0.002434968765234,81.94937422388064,4.0
2025-03-10 13:18:42.494,0.0025365075356662,83.21548814193201,4.0
2025-03-10 13:18:42.514,0.0025955776713376,81.55965308457398,4.0
2025-03-10 13:18:42.533,0.0026020622062668,77.08436487339999,4.0
2025-03-10 13:18:42.553,0.0025524918680877,70.03380226226926,4.0
2025-03-10 13:18:42.572,0.0024506696115434,60.79179283986653,4.0
2025-03-10 13:18:42.592,0.0023068940176678,49.86745200073724,4.0
2025-03-10 13:18:42.611,0.0021359537745977,37.864861378480256,4.0
2025-03-10 13:18:42.631,0.0019543642370053,25.43720446822291,4.0
2025-03-10 13:18:42.650,0.0017774753929743,13.230109884923715,4.0
2025-03-10 13:18:42.670,0.001617063406346,1.8222004743667328,4.0
2025-03-10 13:18:42.690,0.0014798581000247,-8.32783862559148,4.0
2025-03-10 13:18:42.709,0.0013672079422663,-16.919184193064567,4.0
2025-03-10 13:18:42.729,0.0012758071856266,-23.82595739567881,4.0
2025-03-10 13:18:42.748,0.0011991838693179,-29.091487337721414,4.0
2025-03-10 13:18:42.768,0.0011295268241928,-32.90201025295584,4.0
2025-03-10 13:18:42.787,0.0010594248701761,-35.54571008065641,4.0
2025-03-10 13:18:42.807,0.0009831824454425,-37.36514506329298,4.0
2025-03-10 13:18:42.826,0.0008975309542701,-38.71111748923881,4.0
2025-03-10 13:18:42.846,0.0008017294734257,-39.903949713057294,4.0
2025-03-10 13:18:42.865,0.0006971840565804,-41.20470404952113,4.0
2025-03-10 13:18:42.885,0.0005867713592037,-42.7954379745287,4.0
2025-03-10 13:18:42.904,0.0004740473465542,-44.76546516820189,4.0
2025-03-10 13:18:42.924,0.0003625085329804,-47.10062877737585,4.0
2025-03-10 13:18:42.943,0.0002550658640951,-49.67474911934617,4.0
2025-03-10 13:18:42.963,0.0001538491220328,-52.24574171560316,4.0
2025-03-10 13:18:42.983,6.035396898821393e-05,-54.46185196821829,4.0
2025-03-10 13:18:43.002,-2.419255775414883e-05,-55.88438602593425,4.0
2025-03-10 13:18:43.022,-9.846666124249898e-05,-56.031177513153374,4.0
2025-03-10 13:18:43.041,-0.0001608920644768,-54.43986230816101,4.0
2025-03-10 13:18:43.061,-0.0002097893706692,-50.74316521580159,4.0
2025-03-10 13:18:43.080,-0.0002437815430291,-44.74215313618718,4.0
2025-03-10 13:18:43.100,-0.0002623228323498,-36.46033635904034,4.0
2025-03-10 13:18:43.119,-0.0002662135575229,-26.163373198932486,4.0
2025-03-10 13:18:43.139,-0.0002579822725518,-14.336078304380756,4.0
2025-03-10 13:18:43.158,-0.0002420232213456,-1.6187060205521164,4.0
2025-03-10 13:18:43.178,-0.0002243980346371,11.284966107109708,4.0
2025-03-10 13:18:43.197,-0.0002122737782456,23.70763002626227,4.0
2025-03-10 13:18:43.217,-0.0002130454401982,35.104059325351834,4.0
2025-03-10 13:18:43.236,-0.000233244557415,45.10350557180953,4.0
2025-03-10 13:18:43.256,-0.0002773864743767,53.51860385332285,4.0
2025-03-10 13:18:43.275,-0.0003469849275061,60.311718970899534,4.0
2025-03-10 13:18:43.295,-0.0004400181203892,65.53062600325734,4.0
2025-03-10 13:18:43.315,-0.0005510697679803,69.23333454645298,4.0
2025-03-10 13:18:43.334,-0.0006721722466138,71.424614121616,4.0
2025-03-10 13:18:43.354,-0.0007941523799926,72.02343391451883,4.0
2025-03-10 13:18:43.373,-0.0009081420217912,70.8717410072754,4.0
2025-03-10 13:18:43.393,-0.0010068908070831,67.78302900683612,4.0
2025-03-10 13:18:43.412,-0.0010855837698897,62.61737472977455,4.0
2025-03-10 13:18:43.432,-0.0011420215030855,55.36153936350295,4.0
2025-03-10 13:18:43.451,-0.0011762418238612,46.19076107915288,4.0
2025-03-10 13:18:43.471,-0.0011898428534791,35.493489174858816,4.0
2025-03-10 13:18:43.490,-0.0011852951708052,23.84994409275198,4.0
2025-03-10 13:18:43.510,-0.0011654125413568,11.967053704273274,4.0
2025-03-10 13:18:43.529,-0.0011330004227616,0.5827503775237927,4.0
2025-03-10 13:18:43.549,-0.0010906141729011,-9.640688629985624,4.0
2025-03-10 13:18:43.568,-0.0010403532780463,-18.212783722449487,4.0
2025-03-10 13:18:43.588,-0.0009836742007368,-24.88194209668332,4.0
2025-03-10 13:18:43.608,-0.0009212886762201,-29.661452742890297,4.0
2025-03-10 13:18:43.627,-0.0008532635517861,-32.81070507995807,4.0
2025-03-10 13:18:43.647,-0.0007793888662713,-34.77635422376346,4.0
2025-03-10 13:18:43.666,-0.0006997476071117,-36.10498647281533,4.0
2025-03-10 13:18:43.686,-0.0006153004824658,-37.34294389480732,4.0
2025-03-10 13:18:43.705,-0.0005282647560601,-38.93989205255668,4.0
2025-03-10 13:18:43.725,-0.0004421119060597,-41.1707619390454,4.0
2025-03-10 13:18:43.744,-0.0003611131321182,-44.08674677042235,4.0
2025-03-10 13:18:43.764,-0.0002895184967082,-47.50119501179378,4.0
2025-03-10 13:18:43.783,-0.0002306192156593,-51.0114649596511,4.0
2025-03-10 13:18:43.803,-0.0001860182014271,-54.0536017613732,4.0
2025-03-10 13:18:43.822,-0.0001553626037465,-55.98307336826704,4.0
2025-03-10 13:18:43.842,-0.0001366143384723,-56.171520722143306,4.0
2025-03-10 13:18:43.861,-0.0001267469287027,-54.10650874438885,4.0
2025-03-10 13:18:43.881,-0.0001226326081276,-49.47913613243548,4.0
2025-03-10 13:18:43.900,-0.0001218467543375,-42.244138979592734,4.0
2025-03-10 13:18:43.920,-0.0001231606332504,-32.63993933969958,4.0
2025-03-10 13:18:43.940,-0.0001265981333715,-21.162410469865964,4.0
2025-03-10 13:18:43.959,-0.0001330713425416,-8.495160197143747,4.0
2025-03-10 13:18:43.979,-0.0001437516327757,4.591205494700668,4.0
2025-03-10 13:18:43.998,-0.0001594324847678,17.350794199713878,4.0
2025-03-10 13:18:44.018,-0.0001801408059621,29.16191660784065,4.0
2025-03-10 13:18:44.037,-0.0002051305036546,39.59359379542592,4.0
2025-03-10 13:18:44.057,-0.0002332062807522,48.425959404469495,4.0
2025-03-10 13:18:44.076,-0.0002631885794189,55.6224714273318,4.0
2025-03-10 13:18:44.096,-0.0002943040154169,61.26359226544205,4.0
2025-03-10 13:18:44.115,-0.0003263475773107,65.4611358610033,4.0
2025-03-10 13:18:44.135,-0.0003595613835345,68.27735837616659,4.0
2025-03-10 13:18:44.154,-0.0003942728850573,69.6716431103811,4.0
2025-03-10 13:18:44.174,-0.0004304121169414,69.49030703526438,4.0
2025-03-10 13:18:44.193,-0.0004670694665192,67.5032857456881,4.0
2025-03-10 13:18:44.213,-0.0005022549430867,63.47830981542013,4.0
2025-03-10 13:18:44.233,-0.0005329765267298,57.272403266830494,4.0
2025-03-10 13:18:44.252,-0.0005556758462164,48.91533133069048,4.0
2025-03-10 13:18:44.272,-0.0005669589367963,38.66153226867007,4.0
2025-03-10 13:18:44.291,-0.0005644598842868,26.99534070925766,4.0
2025-03-10 13:18:44.311,-0.0005476022821234,14.586253255111874,4.0
2025-03-10 13:18:44.330,-0.0005180049652447,2.203053195854713,4.0
2025-03-10 13:18:44.350,-0.0004793370268993,-9.395318678803047,4.0
2025-03-10 13:18:44.369,-0.000436571122166,-19.56999048494609,4.0
2025-03-10 13:18:44.389,-0.0003947883580271,-27.892127363251884,4.0
2025-03-10 13:18:44.408,-0.0003578749980692,-34.196239637148146,4.0
2025-03-10 13:18:44.428,-0.0003275170021203,-38.588010157211855,4.0
2025-03-10 13:18:44.447,-0.0003027945658486,-41.40637596708334,4.0
2025-03-10 13:18:44.467,-0.0002804615007378,-43.14760466742602,4.0
2025-03-10 13:18:44.486,-0.000255775244769,-44.36528401718504,4.0
2025-03-10 13:18:44.506,-0.0002236082907182,-45.56360624487674,4.0
2025-03-10 13:18:44.526,-0.0001795504873378,-47.10173246323566,4.0
2025-03-10 13:18:44.545,-0.0001207841373998,-49.12461983573608,4.0
2025-03-10 13:18:44.565,-4.662349997072853e-05,-51.53119040845728,4.0
2025-03-10 13:18:44.584,4.130090099360091e-05,-53.98498460789028,4.0
2025-03-10 13:18:44.604,0.0001391855254154,-55.96622832668305,4.0
2025-03-10 13:18:44.623,0.0002414816333438,-56.85809452851004,4.0
2025-03-10 13:18:44.643,0.0003415667078553,-56.0543358287827,4.0
2025-03-10 13:18:44.662,0.000432619949067,-53.07105962780354,4.0
2025-03-10 13:18:44.682,0.0005086488082372,-47.64315598589146,4.0
2025-03-10 13:18:44.701,0.0005655856673802,-39.78681496288728,4.0
2025-03-10 13:18:44.721,0.0006023289077238,-29.814367321616704,4.0
2025-03-10 13:18:44.740,0.0006215306854385,-18.296136860047923,4.0
2025-03-10 13:18:44.760,0.0006298582467184,-5.974698089110345,4.0
2025-03-10 13:18:44.779,0.0006374543676044,6.352519368445678,4.0
2025-03-10 13:18:44.799,0.0006564725953756,17.95868308148492,4.0
2025-03-10 13:18:44.818,0.0006988529830723,28.294883475005573,4.0
2025-03-10 13:18:44.838,0.0007738064600192,37.05654588653832,4.0
2025-03-10 13:18:44.858,0.0008856241854184,44.19491693019585,4.0
2025-03-10 13:18:44.877,0.0010323462255555,49.87185045764714,4.0
2025-03-10 13:18:44.897,0.0012055899016928,54.36910002394316,4.0
2025-03-10 13:18:44.916,0.0013915956024599,57.97413085584563,4.0
2025-03-10 13:18:44.936,0.0015733505977153,60.87053905140775,4.0
2025-03-10 13:18:44.955,0.0017334467734129,63.06082886140953,4.0
2025-03-10 13:18:44.975,0.0018571017556377,64.34219383194443,4.0
2025-03-10 13:18:44.994,0.0019346351529648,64.34332636302986,4.0
2025-03-10 13:18:45.014,0.0019627818667088,62.614958149484,4.0
2025-03-10 13:18:45.033,0.001944562753458,58.75267693404144,4.0
2025-03-10 13:18:45.053,0.0018878824432644,52.52150021837031,4.0
2025-03-10 13:18:45.072,0.0018033806520362,43.95045412105124,4.0
2025-03-10 13:18:45.092,0.0017021857458125,33.37252500667629,4.0
2025-03-10 13:18:45.111,0.001594101732956,21.39883535383756,4.0
2025-03-10 13:18:45.131,0.0014865101763968,8.831927014931633,4.0
2025-03-10 13:18:45.151,0.0013840218995294,-3.4626915794293973,4.0
2025-03-10 13:18:45.170,0.0012887472874361,-14.698491100743814,4.0
2025-03-10 13:18:45.190,0.0012009726058854,-24.292926421739804,4.0
2025-03-10 13:18:45.209,0.0011200078708995,-31.94963889605973,4.0
2025-03-10 13:18:45.229,0.0010449882934877,-37.68176500335379,4.0
2025-03-10 13:18:45.248,0.0009754496726822,-41.77286761742194,4.0
2025-03-10 13:18:45.268,0.0009115442392427,-44.68483887530271,4.0
2025-03-10 13:18:45.287,0.0008538182703302,-46.93274169202755,4.0
2025-03-10 13:18:45.307,0.0008025599456355,-48.9530257972064,4.0
2025-03-10 13:18:45.326,0.0007568625131452,-50.99273729326481,4.0
2025-03-10 13:18:45.346,0.0007136992376016,-53.043076529142525,4.0
2025-03-10 13:18:45.365,0.0006673920885166,-54.83174644712653,4.0
2025-03-10 13:18:45.385,0.0006098052438806,-55.87656677229178,4.0
2025-03-10 13:18:45.404,0.000531389462361,-55.58998749382788,4.0
2025-03-10 13:18:45.424,0.0004228928458097,-53.4129453356067,4.0
2025-03-10 13:18:45.444,0.0002772590611268,-48.94947915645788,4.0
2025-03-10 13:18:45.463,9.112107587121236e-05,-42.07257015730252,4.0
2025-03-10 13:18:45.483,-0.0001345268128533,-32.97744778245576,4.0
2025-03-10 13:18:45.502,-0.0003945052791467,-22.170028515721796,4.0
2025-03-10 13:18:45.522,-0.0006801392486926,-10.392541067439106,4.0
2025-03-10 13:18:45.541,-0.0009800250661604,1.497822701131031,4.0
2025-03-10 13:18:45.561,-0.0012806312754728,12.6715265907716,4.0
2025-03-10 13:18:45.580,-0.0015668022809471,22.46103751204889,4.0
2025-03-10 13:18:45.600,-0.0018224766059858,30.45999748303679,4.0
2025-03-10 13:18:45.619,-0.0020319838993958,36.56834969372591,4.0
2025-03-10 13:18:45.639,-0.0021820861600519,40.97591544702184,4.0
2025-03-10 13:18:45.658,-0.0022645054798931,44.08920546936579,4.0
2025-03-10 13:18:45.678,-0.002278231574139,46.417187890592494,4.0
2025-03-10 13:18:45.697,-0.0022307259857018,48.43949927507126,4.0
2025-03-10 13:18:45.717,-0.0021373939238475,50.48394262593111,4.0
2025-03-10 13:18:45.736,-0.0020192650478416,52.63851843334177,4.0
2025-03-10 13:18:45.756,-0.0018994270562005,54.716855549812536,4.0
2025-03-10 13:18:45.776,-0.0017991147173354,56.28565109982812,4.0
2025-03-10 13:18:45.795,-0.0017343441915646,56.75021654732083,4.0
2025-03-10 13:18:45.815,-0.001713688275263,55.48173289653612,4.0
2025-03-10 13:18:45.834,-0.001737431964329,51.96000470932783,4.0
2025-03-10 13:18:45.854,-0.001798079579006,45.9008894901806,4.0
2025-03-10 13:18:45.873,-0.0018820094940927,37.33979508867859,4.0
2025-03-10 13:18:45.893,-0.0019719471305655,26.65171436216583,4.0
2025-03-10 13:18:45.912,-0.0020498407078979,14.502331328118784,4.0
2025-03-10 13:18:45.932,-0.0020996841864028,1.7403868468499166,4.0
2025-03-10 13:18:45.951,-0.0021098397670519,-10.745187511077852,4.0
2025-03-10 13:18:45.971,-0.0020744760893527,-22.17212003562993,4.0
2025-03-10 13:18:45.990,-0.0019938790901072,-31.98394030620203,4.0
2025-03-10 13:18:46.010,-0.0018736220943023,-39.91644631624924,4.0
2025-03-10 13:18:46.029,-0.0017228577709161,-45.99870316233708,4.0
2025-03-10 13:18:46.049,-0.0015522107152148,-50.490580018474176,4.0
2025-03-10 13:18:46.069,-0.0013718061917036,-53.77303283879208,4.0
2025-03-10 13:18:46.088,-0.0011898552986143,-56.217919825150624,4.0
2025-03-10 13:18:46.108,-0.0010119922448273,-58.068788298301705,4.0
2025-03-10 13:18:46.127,-0.0008413093940492,-59.36161174661433,4.0
2025-03-10 13:18:46.147,-0.0006788491531661,-59.90515242446919,4.0
2025-03-10 13:18:46.166,-0.0005242595063002,-59.32633985333941,4.0
2025-03-10 13:18:46.186,-0.0003763969303924,-57.170039593933815,4.0
2025-03-10 13:18:46.205,-0.0002337827081213,-53.02883206596269,4.0
2025-03-10 13:18:46.225,-9.49038008031691e-05,-46.67062373642632,4.0
2025-03-10 13:18:46.244,4.1622115283810766e-05,-38.13229965905144,4.0
2025-03-10 13:18:46.264,0.0001769950746454,-27.756112526600745,4.0
2025-03-10 13:18:46.283,0.0003122572873297,-16.159638177857275,4.0
2025-03-10 13:18:46.303,0.0004483265488721,-4.145942983156751,4.0
2025-03-10 13:18:46.322,0.0005859668933865,7.426004830371319,4.0
2025-03-10 13:18:46.342,0.0007256679109236,17.78268758865633,4.0
2025-03-10 13:18:46.361,0.0008674592577096,26.359872952730083,4.0
2025-03-10 13:18:46.381,0.001010715182744,32.88457314376242,4.0
2025-03-10 13:18:46.401,0.0011540167016088,37.40022994626579,4.0
2025-03-10 13:18:46.420,0.0012951504912313,40.23193056294168,4.0
2025-03-10 13:18:46.440,0.0014313031088244,41.90002664113376,4.0
2025-03-10 13:18:46.459,0.0015594341857646,42.99988839664171,4.0
2025-03-10 13:18:46.479,0.0016767224906387,44.07120354554697,4.0
2025-03-10 13:18:46.498,0.0017809355884646,45.48151343229973,4.0
2025-03-10 13:18:46.518,0.0018706061241635,47.34562489203872,4.0
2025-03-10 13:18:46.537,0.001944995877443,49.49584762095037,4.0
2025-03-10 13:18:46.557,0.0020039376093905,51.50882996074719,4.0
2025-03-10 13:18:46.576,0.0020476830832351,52.78451274461898,4.0
2025-03-10 13:18:46.596,0.002076829516948,52.66295676524253,4.0
2025-03-10 13:18:46.615,0.0020923085489585,50.55717232028963,4.0
2025-03-10 13:18:46.635,0.0020953686762878,46.07617404016433,4.0
2025-03-10 13:18:46.654,0.0020874787420414,39.11350095680633,4.0
2025-03-10 13:18:46.674,0.0020701161019216,29.882733870773176,4.0
2025-03-10 13:18:46.694,0.0020444648543219,18.892226436702863,4.0
2025-03-10 13:18:46.713,0.002011108169487,6.864180201686522,4.0
2025-03-10 13:18:46.733,0.0019698243034441,-5.384657692273276,4.0
2025-03-10 13:18:46.752,0.001919585521409,-17.075004932147227,4.0
2025-03-10 13:18:46.772,0.0018588183453785,-27.581556756882183,4.0
2025-03-10 13:18:46.791,0.0017859006361842,-36.50972615909964,4.0
2025-03-10 13:18:46.811,0.001699758036056,-43.717776408238905,4.0
2025-03-10 13:18:46.830,0.0016003478814523,-49.282257586057085,4.0
2025-03-10 13:18:46.850,0.0014888441118097,-53.41782154566292,4.0
2025-03-10 13:18:46.869,0.0013674439182022,-56.373097218835,4.0
2025-03-10 13:18:46.889,0.0012388368008631,-58.32988708842313,4.0
2025-03-10 13:18:46.908,0.0011054611294161,-59.33202623906371,4.0
2025-03-10 13:18:46.928,0.000968716828907,-59.26276088191464,4.0
2025-03-10 13:18:46.947,0.0008283218337665,-57.87698720843734,4.0
2025-03-10 13:18:46.967,0.0006820104347584,-54.88012415843537,4.0
2025-03-10 13:18:46.987,0.000525768442764,-50.03259039543949,4.0
2025-03-10 13:18:47.006,0.0003547397890211,-43.25144271263645,4.0
2025-03-10 13:18:47.026,0.0001647667398115,-34.68097471918661,4.0
2025-03-10 13:18:47.045,-4.574714459325552e-05,-24.71200771473833,4.0
2025-03-10 13:18:47.065,-0.0002742163106296,-13.942932916773156,4.0
2025-03-10 13:18:47.084,-0.0005131323992236,-3.0904433315590096,4.0
2025-03-10 13:18:47.104,-0.0007506403613748,7.129722305110098,4.0
2025-03-10 13:18:47.123,-0.0009724457851945,16.124799015230213,4.0
2025-03-10 13:18:47.143,-0.0011646022471942,23.522378697649263,4.0
2025-03-10 13:18:47.162,-0.0013164225659912,29.22181446830457,4.0
2025-03-10 13:18:47.182,-0.0014227217114377,33.3888084680817,4.0
2025-03-10 13:18:47.201,-0.0014848135240158,36.39480231867981,4.0
2025-03-10 13:18:47.221,-0.0015100470022538,38.71453831589797,4.0
2025-03-10 13:18:47.240,-0.0015100489165912,40.80384553914979,4.0
2025-03-10 13:18:47.260,-0.0014981271192216,42.983675652570994,4.0
2025-03-10 13:18:47.279,-0.0014864325128252,45.35499925654767,4.0
2025-03-10 13:18:47.299,-0.001483482972107,47.76277630361318,4.0
2025-03-10 13:18:47.319,-0.0014925497051286,49.817157840612914,4.0
2025-03-10 13:18:47.338,-0.0015112264424393,50.96830101237256,4.0
2025-03-10 13:18:47.358,-0.0015322690629054,50.61990390936533,4.0
2025-03-10 13:18:47.377,-0.001545531016184,48.25800101580322,4.0
2025-03-10 13:18:47.397,-0.0015405666050157,43.56761965738857,4.0
2025-03-10 13:18:47.416,-0.0015092947034841,36.511826335856696,4.0
2025-03-10 13:18:47.436,-0.0014480768226635,27.355577261214474,4.0
2025-03-10 13:18:47.455,-0.0013586949482117,16.629182207480095,4.0
2025-03-10 13:18:47.475,-0.0012479963361921,5.040188981420799,4.0
2025-03-10 13:18:47.494,-0.0011263318218668,-6.645531914149094,4.0
2025-03-10 13:18:47.514,-0.001005229806028,-17.72596242945051,4.0
2025-03-10 13:18:47.533,-0.0008949157927748,-27.66098576129424,4.0
2025-03-10 13:18:47.553,-0.0008022859810906,-36.125765295642125,4.0
2025-03-10 13:18:47.572,-0.0007297960866582,-43.01051712574837,4.0
2025-03-10 13:18:47.592,-0.0006754519060472,-48.37113915337702,4.0
2025-03-10 13:18:47.612,-0.0006337557293618,-52.34710468740448,4.0
2025-03-10 13:18:47.631,-0.0005972244748822,-55.070696578020936,4.0
2025-03-10 13:18:47.651,-0.0005580631490618,-56.59321310578837,4.0
2025-03-10 13:18:47.670,-0.0005096998791856,-56.84876841338132,4.0
2025-03-10 13:18:47.690,-0.000448017346747,-55.66586570444477,4.0
2025-03-10 13:18:47.709,-0.0003721621383022,-52.823632155841416,4.0
2025-03-10 13:18:47.729,-0.0002848073329215,-48.136999919749485,4.0
2025-03-10 13:18:47.748,-0.0001917624902817,-41.54673228914075,4.0
2025-03-10 13:18:47.768,-0.0001009098744056,-33.18845484992808,4.0
2025-03-10 13:18:47.787,-2.0582557606741973e-05,-23.420219996014307,4.0
2025-03-10 13:18:47.807,4.23374918967647e-05,-12.798930831781412,4.0
2025-03-10 13:18:47.826,8.417454986213577e-05,-2.0089875321422856,4.0
2025-03-10 13:18:47.846,0.0001055930987965,8.241766639577493,4.0
2025-03-10 13:18:47.865,0.0001117651195329,17.336152057588787,4.0
2025-03-10 13:18:47.885,0.0001114914317855,24.847158118465373,4.0
2025-03-10 13:18:47.905,0.0001154781856872,30.601684144716945,4.0
2025-03-10 13:18:47.924,0.0001341710587156,34.6951251170686,4.0
2025-03-10 13:18:47.944,0.0001756375338199,37.45360154608469,4.0
2025-03-10 13:18:47.963,0.0002439521852742,39.35117086776056,4.0
2025-03-10 13:18:47.983,0.0003383976255795,40.89827823045371,4.0
2025-03-10 13:18:48.002,0.0004535926012511,42.52339521019754,4.0
2025-03-10 13:18:48.022,0.0005804555956747,44.47125131669314,4.0
2025-03-10 13:18:48.041,0.000707757200995,46.73807858342986,4.0
2025-03-10 13:18:48.061,0.0008239373746797,49.057462664184406,4.0
2025-03-10 13:18:48.080,0.0009188594901101,50.94094385165827,4.0
2025-03-10 13:18:48.100,0.000985220625762,51.76702455660176,4.0
2025-03-10 13:18:48.119,0.0010194242455282,50.90247684836374,4.0
2025-03-10 13:18:48.139,0.0010218293633543,47.83261771648265,4.0
2025-03-10 13:18:48.158,0.0009963887299228,42.27421371445183,4.0
2025-03-10 13:18:48.178,0.0009497635476392,34.247062383575404,4.0
2025-03-10 13:18:48.197,0.0008900697869837,24.08820337679263,4.0
2025-03-10 13:18:48.217,0.0008254845716231,12.404823545563124,4.0
2025-03-10 13:18:48.237,0.0007629907530234,-0.0244433107428119,4.0
2025-03-10 13:18:48.256,0.0007075046272446,-12.378344447254475,4.0
2025-03-10 13:18:48.276,0.0006614998108064,-23.923637559885314,4.0
2025-03-10 13:18:48.295,0.0006250800176067,-34.119078409569966,4.0
2025-03-10 13:18:48.315,0.0005963666675079,-42.67096747821802,4.0
2025-03-10 13:18:48.334,0.00057209272815,-49.53018186171686,4.0
2025-03-10 13:18:48.354,0.0005483696952517,-54.8345749095192,4.0
2025-03-10 13:18:48.373,0.0005216081017458,-58.81353484668448,4.0
2025-03-10 13:18:48.393,0.0004894681196961,-61.68035995038353,4.0
2025-03-10 13:18:48.412,0.0004515652036025,-63.54081006936707,4.0
2025-03-10 13:18:48.432,0.0004096031852433,-64.34194541508677,4.0
2025-03-10 13:18:48.451,0.0003667501077807,-63.87498718807687,4.0
2025-03-10 13:18:48.471,0.0003263681682213,-61.83183505971843,4.0
2025-03-10 13:18:48.490,0.0002905106730458,-57.90060734883146,4.0
2025-03-10 13:18:48.510,0.0002587528677929,-51.874982023348565,4.0
2025-03-10 13:18:48.530,0.000227843224615,-43.74821867555274,4.0
2025-03-10 13:18:48.549,0.0001923700651691,-33.76664506177513,4.0
2025-03-10 13:18:48.569,0.0001462761307753,-22.427861151888184,4.0
2025-03-10 13:18:48.588,8.478718129195318e-05,-10.422812164765126,4.0
2025-03-10 13:18:48.608,6.214008857769966e-06,1.4656830300476291,4.0
2025-03-10 13:18:48.627,-8.689455444116984e-05,12.48574735651327,4.0
2025-03-10 13:18:48.647,-0.0001876523771091,22.03452672716708,4.0
2025-03-10 13:18:48.666,-0.0002859564579602,29.74753507991066,4.0
2025-03-10 13:18:48.686,-0.0003706371449563,35.54212614488162,4.0
2025-03-10 13:18:48.705,-0.0004320781778715,39.607673506371526,4.0
2025-03-10 13:18:48.725,-0.0004645398839379,42.34549700566052,4.0
2025-03-10 13:18:48.744,-0.0004675009379602,44.27086831812839,4.0
2025-03-10 13:18:48.764,-0.000445669314229,45.89609375346849,4.0
2025-03-10 13:18:48.783,-0.0004077375160426,47.61678054957519,4.0
2025-03-10 13:18:48.803,-0.0003642991615766,49.622605627852046,4.0
2025-03-10 13:18:48.823,-0.0003255095800213,51.849465429090245,4.0
2025-03-10 13:18:48.842,-0.0002990640173093,53.98254780623759,4.0
2025-03-10 13:18:48.862,-0.0002889358809717,55.510779965925984,4.0
2025-03-10 13:18:48.881,-0.0002951021417007,55.823661826815226,4.0
2025-03-10 13:18:48.901,-0.0003142118138674,54.33319342095511,4.0
2025-03-10 13:18:48.920,-0.0003409007955038,50.59794758830432,4.0
2025-03-10 13:18:48.940,-0.0003693234772596,44.4246624339171,4.0
2025-03-10 13:18:48.959,-0.0003944965853045,35.92590589534542,4.0
2025-03-10 13:18:48.979,-0.0004131840842763,25.52038348517703,4.0
2025-03-10 13:18:48.998,-0.0004242178476577,13.874072638487185,4.0
2025-03-10 13:18:49.018,-0.0004282954044374,1.79312708399244,4.0
2025-03-10 13:18:49.037,-0.0004273985902803,-9.909668293603076,4.0
2025-03-10 13:18:49.057,-0.0004240275829291,-20.546952728149225,4.0
2025-03-10 13:18:49.076,-0.0004204473960332,-29.65950534209644,4.0
2025-03-10 13:18:49.096,-0.0004181095918251,-37.06809111501882,4.0
2025-03-10 13:18:49.115,-0.0004173548081026,-42.86399269165101,4.0
2025-03-10 13:18:49.135,-0.0004174351491796,-47.3412088868394,4.0
2025-03-10 13:18:49.155,-0.0004168304666454,-50.88621961672132,4.0
2025-03-10 13:18:49.174,-0.00041377694002,-53.85087114127568,4.0
2025-03-10 13:18:49.194,-0.0004068856682164,-56.43814063808973,4.0
2025-03-10 13:18:49.213,-0.000395707355383,-58.62814530286342,4.0
2025-03-10 13:18:49.233,-0.0003811001090327,-60.16299196604225,4.0
2025-03-10 13:18:49.252,-0.0003652835291258,-60.59561292019983,4.0
2025-03-10 13:18:49.272,-0.0003515143494723,-59.39254003224878,4.0
2025-03-10 13:18:49.291,-0.0003433937963942,-56.06724247664469,4.0
2025-03-10 13:18:49.311,-0.0003439058306487,-50.31262109945599,4.0
2025-03-10 13:18:49.330,-0.0003543732685499,-42.10079086881039,4.0
2025-03-10 13:18:49.350,-0.0003735844670111,-31.72573808337388,4.0
2025-03-10 13:18:49.369,-0.0003973632823104,-19.777986823558148,4.0
2025-03-10 13:18:49.389,-0.000418808707083,-7.056537719221856,4.0
2025-03-10 13:18:49.408,-0.0004293070273051,5.562091540999543,4.0
2025-03-10 13:18:49.428,-0.0004202241836568,17.268444011121712,4.0
2025-03-10 13:18:49.448,-0.0003849490945242,27.446727258343994,4.0
2025-03-10 13:18:49.467,-0.0003207477889095,35.75679123054123,4.0
2025-03-10 13:18:49.487,-0.0002298157616034,42.15545717336774,4.0
2025-03-10 13:18:49.506,-0.0001190876672361,46.854867352142975,4.0
2025-03-10 13:18:49.526,1.2324600629305816e-06,50.22928339710306,4.0
2025-03-10 13:18:49.545,0.0001199944757094,52.69276505526457,4.0
2025-03-10 13:18:49.565,0.0002275578784715,54.576202347672506,4.0
2025-03-10 13:18:49.584,0.0003176567272972,56.03201543489676,4.0
2025-03-10 13:18:49.604,0.0003882072618728,56.98845836665553,4.0
2025-03-10 13:18:49.623,0.000440967113203,57.16411969387466,4.0
2025-03-10 13:18:49.643,0.0004802953830689,56.13927754904492,4.0
2025-03-10 13:18:49.662,0.0005114727346001,53.46735694724765,4.0
2025-03-10 13:18:49.682,0.0005390937539034,48.80009158052151,4.0
2025-03-10 13:18:49.701,0.0005659584888137,41.99662856387405,4.0
2025-03-10 13:18:49.721,0.000592706123472,33.19069385423794,4.0
2025-03-10 13:18:49.740,0.0006182004280163,22.80003328299352,4.0
2025-03-10 13:18:49.760,0.0006404474714063,11.475916640010292,4.0
2025-03-10 13:18:49.780,0.0006576635851479,0.0039816571974705,4.0
2025-03-10 13:18:49.799,0.0006690843913006,-10.822141601312232,4.0
2025-03-10 13:18:49.819,0.0006752438074181,-20.32818871143822,4.0
2025-03-10 13:18:49.838,0.0006776935207931,-28.06242531260026,4.0
2025-03-10 13:18:49.858,0.0006783566360383,-33.85548857222522,4.0
2025-03-10 13:18:49.877,0.0006788228052141,-37.82706188589419,4.0
2025-03-10 13:18:49.897,0.0006798687112629,-40.339976547222,4.0
2025-03-10 13:18:49.916,0.000681350310455,-41.91192685894842,4.0
2025-03-10 13:18:49.936,0.0006824323497886,-43.102135137436754,4.0
2025-03-10 13:18:49.955,0.0006819781219419,-44.394006379544734,4.0
2025-03-10 13:18:49.975,0.0006788623384242,-46.09474043267046,4.0
2025-03-10 13:18:49.994,0.0006720170371318,-48.26933600349665,4.0
2025-03-10 13:18:50.014,0.0006601868559457,-50.720239314426905,4.0
2025-03-10 13:18:50.033,0.0006415882736386,-53.01614563414056,4.0
2025-03-10 13:18:50.053,0.0006137897113137,-54.565279241723054,4.0
2025-03-10 13:18:50.073,0.000574056791717,-54.72090608266771,4.0
2025-03-10 13:18:50.092,0.000520181158862,-52.90088016624229,4.0
2025-03-10 13:18:50.112,0.0004515614768529,-48.69971657285538,4.0
2025-03-10 13:18:50.131,0.0003701497929983,-41.97198515076588,4.0
2025-03-10 13:18:50.151,0.000280878941305,-32.870319852097694,4.0
2025-03-10 13:18:50.170,0.0001913480611981,-21.8298063957032,4.0
2025-03-10 13:18:50.190,0.0001107939474095,-9.501554824575232,4.0
2025-03-10 13:18:50.209,4.860001894411962e-05,3.350586906930196,4.0
2025-03-10 13:18:50.229,1.2699973898393674e-05,15.967887801276902,4.0
2025-03-10 13:18:50.248,8.199335038421095e-06,27.7037336108328,4.0
2025-03-10 13:18:50.268,3.6412071933733306e-05,38.0973928143773,4.0
2025-03-10 13:18:50.287,9.438084949599334e-05,46.90062792274223,4.0
2025-03-10 13:18:50.307,0.0001748967220625,54.05491147723964,4.0
2025-03-10 13:18:50.326,0.0002670535695194,59.62899763501253,4.0
2025-03-10 13:18:50.346,0.0003573799209585,63.73601661415957,4.0
2025-03-10 13:18:50.366,0.0004315111030029,66.45384078463655,4.0
2025-03-10 13:18:50.385,0.0004762091368542,67.77103631886304,4.0
2025-03-10 13:18:50.405,0.0004813909316596,67.57346721289132,4.0
2025-03-10 13:18:50.424,0.0004417691707865,65.67525064473813,4.0
2025-03-10 13:18:50.444,0.0003577722032923,61.88522607323407,4.0
2025-03-10 13:18:50.463,0.00023556012784,56.089929997744655,4.0
2025-03-10 13:18:50.483,8.612413503965654e-05,48.32929702145066,4.0
2025-03-10 13:18:50.502,-7.642172552586491e-05,38.84334522302469,4.0
2025-03-10 13:18:50.522,-0.0002371725849235,28.076149341739256,4.0
2025-03-10 13:18:50.541,-0.0003831148351946,16.634773119636606,4.0
2025-03-10 13:18:50.561,-0.0005057407467525,5.212043165865455,4.0
2025-03-10 13:18:50.580,-0.0006030348933599,-5.509891466759081,4.0
2025-03-10 13:18:50.600,-0.0006802468178974,-14.954997544115244,4.0
2025-03-10 13:18:50.619,-0.0007490385418832,-22.72919304040788,4.0
2025-03-10 13:18:50.639,-0.000824945273603,-28.663389295987304,4.0
2025-03-10 13:18:50.658,-0.00092351853097,-32.818034785987265,4.0
2025-03-10 13:18:50.678,-0.0010559328945449,-35.45118064425345,4.0
2025-03-10 13:18:50.698,-0.0012251333711388,-36.95846555068889,4.0
2025-03-10 13:18:50.717,-0.0014236572990273,-37.79734982793313,4.0
2025-03-10 13:18:50.737,-0.0016339623628809,-38.40896975759952,4.0
2025-03-10 13:18:50.756,-0.0018314214916981,-39.1493923229536,4.0
2025-03-10 13:18:50.776,-0.0019892994842445,-40.238687169976686,4.0
2025-03-10 13:18:50.795,-0.00208434921476,-41.73227607934735,4.0
2025-03-10 13:18:50.815,-0.0021014689811939,-43.51556608199154,4.0
2025-03-10 13:18:50.834,-0.0020362468240002,-45.32053853044601,4.0
2025-03-10 13:18:50.854,-0.0018950021446494,-46.76169415998987,4.0
2025-03-10 13:18:50.873,-0.0016927386080625,-47.38792468663837,4.0
2025-03-10 13:18:50.893,-0.0014498838554706,-46.74571777226853,4.0
2025-03-10 13:18:50.912,-0.0011887009552666,-44.44718171953348,4.0
2025-03-10 13:18:50.932,-0.0009299866922625,-40.234013296733295,4.0
2025-03-10 13:18:50.951,-0.0006903937267478,-34.026801929762975,4.0
2025-03-10 13:18:50.971,-0.0004805886643874,-25.94936936780441,4.0
2025-03-10 13:18:50.991,-0.0003044508124208,-16.32117093017359,4.0
2025-03-10 13:18:51.010,-0.0001594659609783,-5.617014181452582,4.0
2025-03-10 13:18:51.030,-3.827328630228692e-05,5.598958021759391,4.0
2025-03-10 13:18:51.049,6.895133618550433e-05,16.751262275183784,4.0
2025-03-10 13:18:51.069,0.0001718014577039,27.32571307813056,4.0
2025-03-10 13:18:51.088,0.0002772332494392,36.92046493756695,4.0
2025-03-10 13:18:51.108,0.0003879830086993,45.26493539497152,4.0
2025-03-10 13:18:51.127,0.0005021573781918,52.20490778550997,4.0
2025-03-10 13:18:51.147,0.0006140436667419,57.66156373259237,4.0
2025-03-10 13:18:51.166,0.000715864416437,61.5795942506516,4.0
2025-03-10 13:18:51.186,0.0007999712788392,63.88270075159417,4.0
2025-03-10 13:18:51.205,0.0008608896546638,64.45259979547947,4.0
2025-03-10 13:18:51.225,0.0008966841723823,63.14043290299768,4.0
2025-03-10 13:18:51.244,0.0009093076184222,59.80918370718603,4.0
2025-03-10 13:18:51.264,0.0009038931209657,54.39542496015348,4.0
2025-03-10 13:18:51.284,0.0008872711620288,46.97176830152596,4.0
2025-03-10 13:18:51.303,0.0008662234316453,37.79007407844402,4.0
2025-03-10 13:18:51.323,0.0008460235287534,27.290203403252185,4.0
2025-03-10 13:18:51.342,0.0008296428555367,16.06824746384135,4.0
2025-03-10 13:18:51.362,0.0008177145134555,4.808807395051045,4.0
2025-03-10 13:18:51.381,0.0008090926465849,-5.805118384835856,4.0
2025-03-10 13:18:51.401,0.0008017115741473,-15.18604526546886,4.0
2025-03-10 13:18:51.420,0.0007934412932184,-22.920903907704933,4.0
2025-03-10 13:18:51.440,0.0007827112837321,-28.82020603743872,4.0
2025-03-10 13:18:51.459,0.0007687971689123,-32.92961673584296,4.0
2025-03-10 13:18:51.479,0.000751797121849,-35.503808916336745,4.0
2025-03-10 13:18:51.498,0.0007324097100877,-36.94927270686981,4.0
2025-03-10 13:18:51.518,0.0007116321553379,-37.74733858211125,4.0
2025-03-10 13:18:51.537,0.0006904630910209,-38.370537437752006,4.0
2025-03-10 13:18:51.557,0.0006696604688321,-39.2048147578395,4.0
2025-03-10 13:18:51.576,0.0006495700718411,-40.48781123693752,4.0
2025-03-10 13:18:51.596,0.0006299985941827,-42.2703432107015,4.0
2025-03-10 13:18:51.616,0.0006100978469604,-44.40510191128886,4.0
2025-03-10 13:18:51.635,0.0005882826552945,-46.56377976790848,4.0
2025-03-10 13:18:51.655,0.0005622777529475,-48.281221850361504,4.0
2025-03-10 13:18:51.674,0.0005293946385347,-49.0224179698385,4.0
2025-03-10 13:18:51.694,0.0004870492048663,-48.26491530559802,4.0
2025-03-10 13:18:51.713,0.0004334097570161,-45.58574963193206,4.0
2025-03-10 13:18:51.733,0.0003680104052313,-40.73914309440741,4.0
2025-03-10 13:18:51.752,0.0002921942861192,-33.710344542263655,4.0
2025-03-10 13:18:51.772,0.0002092847225408,-24.73333200686568,4.0
2025-03-10 13:18:51.791,0.0001243776195194,-14.2660583497161,4.0
2025-03-10 13:18:51.811,4.3679888622119e-05,-2.925587310214348,4.0
2025-03-10 13:18:51.830,-2.654753855538081e-05,8.605282304436386,4.0
2025-03-10 13:18:51.850,-8.121533315564885e-05,19.681093987542525,4.0
2025-03-10 13:18:51.869,-0.0001174882163518,29.78470933512341,4.0
2025-03-10 13:18:51.889,-0.0001354398310168,38.58662263665952,4.0
2025-03-10 13:18:51.909,-0.0001380930821533,45.96013243324308,4.0
2025-03-10 13:18:51.928,-0.0001308040123501,51.95017364390384,4.0
2025-03-10 13:18:51.948,-0.00012013249679,56.70470780203252,4.0
2025-03-10 13:18:51.967,-0.0001125074544123,60.38683191430191,4.0
2025-03-10 13:18:51.987,-0.000113041904982,63.09085973155805,4.0
2025-03-10 13:18:52.006,-0.0001247565751335,64.78505559462877,4.0
2025-03-10 13:18:52.026,-0.0001483056926556,65.29726944516223,4.0
2025-03-10 13:18:52.045,-0.0001821609526931,64.34876730665609,4.0
2025-03-10 13:18:52.065,-0.0002231354657003,61.62876073254939,4.0
2025-03-10 13:18:52.084,-0.0002671054996481,56.89093813202607,4.0
2025-03-10 13:18:52.104,-0.000309789714984,50.04690178284032,4.0
2025-03-10 13:18:52.123,-0.0003474474752962,41.23175652695159,4.0
2025-03-10 13:18:52.143,-0.0003773547197898,30.82409733245781,4.0
2025-03-10 13:18:52.162,-0.0003979512213125,19.414158118642003,4.0
2025-03-10 13:18:52.182,-0.0004086721796391,7.726487889697449,4.0
2025-03-10 13:18:52.201,-0.0004096370474872,-3.4862316439925407,4.0
2025-03-10 13:18:52.221,-0.0004014394051837,-13.556056430604146,4.0
2025-03-10 13:18:52.241,-0.0003851769835112,-21.997020541985552,4.0
2025-03-10 13:18:52.260,-0.0003626475019043,-28.5689555282985,4.0
2025-03-10 13:18:52.280,-0.0003364800031265,-33.297672594400666,4.0
2025-03-10 13:18:52.299,-0.0003099868688306,-36.4499973275876,4.0
2025-03-10 13:18:52.319,-0.0002866864695649,-38.470204599961725,4.0
2025-03-10 13:18:52.338,-0.0002696366986737,-39.89043670709589,4.0
2025-03-10 13:18:52.358,-0.0002608141505456,-41.23090758668734,4.0
2025-03-10 13:18:52.377,-0.0002607426977938,-42.90598070169057,4.0
2025-03-10 13:18:52.397,-0.0002684746389639,-45.1500433441857,4.0
2025-03-10 13:18:52.416,-0.0002819170497531,-47.97332676748004,4.0
2025-03-10 13:18:52.436,-0.0002983969540716,-51.15330949588493,4.0
2025-03-10 13:18:52.455,-0.0003152896803937,-54.262724110138414,4.0
2025-03-10 13:18:52.475,-0.0003305291480829,-56.73075323295826,4.0
2025-03-10 13:18:52.494,-0.0003428847833518,-57.92977965585101,4.0
2025-03-10 13:18:52.514,-0.000351980523607,-57.276100059416606,4.0
2025-03-10 13:18:52.534,-0.0003580862528877,-54.3297243822223,4.0
2025-03-10 13:18:52.553,-0.0003617189966416,-48.87666296093516,4.0
2025-03-10 13:18:52.573,-0.0003630906565215,-40.97810106718384,4.0
2025-03-10 13:18:52.592,-0.00036147381126,-30.97536478358441,4.0
2025-03-10 13:18:52.612,-0.0003546361516116,-19.447373612895667,4.0
2025-03-10 13:18:52.631,-0.000338583893119,-7.126878478468438,4.0
2025-03-10 13:18:52.651,-0.0003078776632336,5.209165083885568,4.0
2025-03-10 13:18:52.670,-0.0002566576278535,16.853686531644207,4.0
2025-03-10 13:18:52.690,-0.0001802428880895,27.26528819892123,4.0
2025-03-10 13:18:52.709,-7.68941754944734e-05,36.12672365005811,4.0
2025-03-10 13:18:52.729,5.077763302169846e-05,43.35507828287295,4.0
2025-03-10 13:18:52.748,0.0001951643164018,49.06315135180957,4.0
2025-03-10 13:18:52.768,0.0003439587730711,53.48224070195516,4.0
2025-03-10 13:18:52.787,0.0004813849429472,56.86517540304806,4.0
2025-03-10 13:18:52.807,0.0005902272047055,59.39309772801286,4.0
2025-03-10 13:18:52.827,0.0006544491875612,61.10891785400042,4.0
2025-03-10 13:18:52.846,0.000662080520151,61.8943243100767,4.0
2025-03-10 13:18:52.866,0.0006078990225298,61.49677210107711,4.0
2025-03-10 13:18:52.885,0.0004953359199223,59.60030018511949,4.0
2025-03-10 13:18:52.905,0.0003370768626097,55.92253151638936,4.0
2025-03-10 13:18:52.924,0.0001540229215252,50.31300630692646,4.0
2025-03-10 13:18:52.944,-2.744447513149281e-05,42.827301960691855,4.0
2025-03-10 13:18:52.963,-0.0001796167283569,33.757525996873945,4.0
2025-03-10 13:18:52.983,-0.0002783914373396,23.610950314458343,4.0
2025-03-10 13:18:53.002,-0.0003080497385961,13.041507837116534,4.0
2025-03-10 13:18:53.022,-0.0002648279435465,2.749980818257798,4.0
2025-03-10 13:18:53.041,-0.0001583738752086,-6.624808152100413,4.0
2025-03-10 13:18:53.061,-1.0552708655926526e-05,-14.600857211368762,4.0
2025-03-10 13:18:53.080,0.0001483959438357,-20.915703528227688,4.0
2025-03-10 13:18:53.100,0.000285747606635,-25.54718114772521,4.0
2025-03-10 13:18:53.119,0.0003730904650341,-28.69200777577311,4.0
2025-03-10 13:18:53.139,0.0003925540747693,-30.710451632493665,4.0
2025-03-10 13:18:53.159,0.0003409586168774,-32.05082207352433,4.0
2025-03-10 13:18:53.178,0.0002307046657086,-33.16916072027495,4.0
2025-03-10 13:18:53.198,8.691938104596247e-05,-34.45750718247374,4.0
2025-03-10 13:18:53.217,-5.8667446262880666e-05,-36.18967746173717,4.0
2025-03-10 13:18:53.237,-0.0001756735530428,-38.48834007627466,4.0
2025-03-10 13:18:53.256,-0.0002427617610229,-41.31292282102888,4.0
2025-03-10 13:18:53.276,-0.0002529967064569,-44.46553485438809,4.0
2025-03-10 13:18:53.295,-0.0002154329297711,-47.61176144533296,4.0
2025-03-10 13:18:53.315,-0.0001525845169581,-50.314144489586816,4.0
2025-03-10 13:18:53.334,-9.45249148535538e-05,-52.077146697247365,4.0
2025-03-10 13:18:53.354,-7.115643082618753e-05,-52.402207235043896,4.0
2025-03-10 13:18:53.373,-0.0001045110042425,-50.84958271900366,4.0
2025-03-10 13:18:53.393,-0.0002027849567345,-47.10051605971089,4.0
2025-03-10 13:18:53.412,-0.0003572811083572,-41.01032079239744,4.0
2025-03-10 13:18:53.432,-0.0005427387925582,-32.64197476654968,4.0
2025-03-10 13:18:53.452,-0.0007208823962249,-22.271981376541948,4.0
2025-03-10 13:18:53.471,-0.0008464989206857,-10.365504661186865,4.0
2025-03-10 13:18:53.491,-0.0008749617049513,2.475329211816801,4.0
2025-03-10 13:18:53.510,-0.0007699095064502,15.579791286959198,4.0
2025-03-10 13:18:53.530,-0.0005098779548583,28.279828529497017,4.0
2025-03-10 13:18:53.549,-9.302785615556436e-05,39.97080946112925,4.0
2025-03-10 13:18:53.569,0.0004604969489955,50.15225175279589,4.0
2025-03-10 13:18:53.588,0.0011088008607614,58.44533504956934,4.0
2025-03-10 13:18:53.608,0.0017911534415313,64.59058660559118,4.0
2025-03-10 13:18:53.627,0.002433565285829,68.43397921753213,4.0
2025-03-10 13:18:53.647,0.0029567714091449,69.91138050299482,4.0
2025-03-10 13:18:53.666,0.003286021624997,69.03943748557636,4.0
2025-03-10 13:18:53.686,0.0033616462378526,65.9163170654484,4.0
2025-03-10 13:18:53.705,0.0031489479643719,60.72996234072252,4.0
2025-03-10 13:18:53.725,0.0026457100163745,53.76681672540151,4.0
2025-03-10 13:18:53.745,0.0018856610273903,45.41211689460923,4.0
2025-03-10 13:18:53.764,0.0009366910161424,36.134581655041714,4.0
2025-03-10 13:18:53.784,-0.0001065705734117,26.45296269209588,4.0
2025-03-10 13:18:53.803,-0.0011351728358173,16.8877528176709,4.0
2025-03-10 13:18:53.823,-0.0020415434419758,7.906352877610852,4.0
2025-03-10 13:18:53.842,-0.0027358218226609,-0.1273552412427622,4.0
2025-03-10 13:18:53.862,-0.0031596468317465,-6.988437895836121,4.0
2025-03-10 13:18:53.881,-0.0032944280118219,-12.60387426360121,4.0
2025-03-10 13:18:53.901,-0.0031622172546725,-17.040614771332436,4.0
2025-03-10 13:18:53.920,-0.0028190188751257,-20.47196631400446,4.0
2025-03-10 13:18:53.940,-0.002342196235556,-23.130446331018277,4.0
2025-03-10 13:18:53.959,-0.0018149826295381,-25.25809681800869,4.0
2025-03-10 13:18:53.979,-0.0013115906018897,-27.065222707629683,4.0
2025-03-10 13:18:53.998,-0.0008859545607126,-28.7055867539598,4.0
2025-03-10 13:18:54.018,-0.0005659783577397,-30.27107797979557,4.0
2025-03-10 13:18:54.037,-0.0003537213553543,-31.80321262459903,4.0
2025-03-10 13:18:54.057,-0.0002306531838251,-33.31414474439729,4.0
2025-03-10 13:18:54.077,-0.0001661931321815,-34.80748385283257,4.0
2025-03-10 13:18:54.096,-0.0001273194508261,-36.289802085191575,4.0
2025-03-10 13:18:54.116,-8.709123527057515e-05,-37.76709578707016,4.0
2025-03-10 13:18:54.135,-3.0414217394262745e-05,-39.22571323221104,4.0
2025-03-10 13:18:54.155,4.38397570474654e-05,-40.60292605778043,4.0
2025-03-10 13:18:54.174,0.0001243863515033,-41.75681281129444,4.0
2025-03-10 13:18:54.194,0.000192023235195,-42.44709066031163,4.0
2025-03-10 13:18:54.213,0.0002258034276299,-42.33722207132807,4.0
2025-03-10 13:18:54.233,0.0002093887558403,-41.02361306091127,4.0
2025-03-10 13:18:54.252,0.0001361509838291,-38.09099040623719,4.0
2025-03-10 13:18:54.272,1.1908649344009044e-05,-33.18584479077468,4.0
2025-03-10 13:18:54.291,-0.0001453185570656,-26.094236385719345,4.0
2025-03-10 13:18:54.311,-0.0003085412449798,-16.80799745819659,4.0
2025-03-10 13:18:54.330,-0.0004473208477488,-5.565105383127092,4.0
2025-03-10 13:18:54.350,-0.0005342348693905,7.144908737521769,4.0
2025-03-10 13:18:54.370,-0.0005506160270573,20.61284908583998,4.0
2025-03-10 13:18:54.389,-0.000490096105982,33.97476831355861,4.0
2025-03-10 13:18:54.409,-0.0003591674345975,46.30064521550303,4.0
2025-03-10 13:18:54.428,-0.0001748665314893,56.69475929834142,4.0
2025-03-10 13:18:54.448,3.954424165504771e-05,64.39484650137837,4.0
2025-03-10 13:18:54.467,0.0002596168764823,68.85767137470985,4.0
2025-03-10 13:18:54.487,0.0004642328029684,69.82018243779464,4.0
2025-03-10 13:18:54.506,0.0006387043231151,67.32790043502341,4.0
2025-03-10 13:18:54.526,0.0007760644940498,61.72585595476542,4.0
2025-03-10 13:18:54.545,0.0008766140359876,53.61231491919044,4.0
2025-03-10 13:18:54.565,0.0009461552101423,43.761208770302574,4.0
2025-03-10 13:18:54.584,0.0009935627580693,33.024493249655265,4.0
2025-03-10 13:18:54.604,0.0010283882250831,22.229228707877997,4.0
2025-03-10 13:18:54.623,0.0010590424671356,12.084989603525424,4.0
2025-03-10 13:18:54.643,0.0010917956493681,3.115023877939161,4.0
2025-03-10 13:18:54.662,0.0011305099842653,-4.380039833986044,4.0
2025-03-10 13:18:54.682,0.0011768234281984,-10.323094054086488,4.0
2025-03-10 13:18:54.702,0.0012304794012761,-14.829265880997696,4.0
2025-03-10 13:18:54.721,0.001289588450649,-18.15072686924988,4.0
2025-03-10 13:18:54.741,0.0013507309364973,-20.609271681828307,4.0
2025-03-10 13:18:54.760,0.0014089163938232,-22.52958983422848,4.0
2025-03-10 13:18:54.780,0.0014574792795734,-24.18507124732547,4.0
2025-03-10 13:18:54.799,0.0014880133663863,-25.76466287665559,4.0
2025-03-10 13:18:54.819,0.0014904679913872,-27.36425232716174,4.0
2025-03-10 13:18:54.838,0.0014535779174873,-29.00029358446896,4.0
2025-03-10 13:18:54.858,0.0013658379643502,-30.63823855045957,4.0
2025-03-10 13:18:54.877,0.0012171852737661,-32.22512132255768,4.0
2025-03-10 13:18:54.897,0.0010013550646393,-33.715273076269234,4.0
2025-03-10 13:18:54.916,0.000718531395915,-35.08080411407372,4.0
2025-03-10 13:18:54.936,0.0003775315270159,-36.3035319410114,4.0
2025-03-10 13:18:54.955,-3.440503258668458e-06,-37.35115278659055,4.0
2025-03-10 13:18:54.975,-0.0003982319574723,-38.14599832199341,4.0
2025-03-10 13:18:54.995,-0.0007764566547046,-38.53807912184254,4.0
2025-03-10 13:18:55.014,-0.0011086559096095,-38.29413516512376,4.0
2025-03-10 13:18:55.034,-0.001371398635072,-37.11078186836177,4.0
2025-03-10 13:18:55.053,-0.001550807789205,-34.6533293490511,4.0
2025-03-10 13:18:55.073,-0.0016436712476412,-30.614234272555144,4.0
2025-03-10 13:18:55.092,-0.0016562218644799,-24.778738664401462,4.0
2025-03-10 13:18:55.112,-0.0016013686248676,-17.082197198587718,4.0
2025-03-10 13:18:55.131,-0.0014954095503172,-7.645057233709121,4.0
2025-03-10 13:18:55.151,-0.0013551199550328,3.2229063886752094,4.0
2025-03-10 13:18:55.170,-0.0011957587445179,15.04949560115419,4.0
2025-03-10 13:18:55.190,-0.0010301253190635,27.25077801824541,4.0
2025-03-10 13:18:55.209,-0.0008684507442163,39.193162874722645,4.0
2025-03-10 13:18:55.229,-0.0007187186986641,50.25352752336623,4.0
2025-03-10 13:18:55.248,-0.0005870272141036,59.86714738110442,4.0
2025-03-10 13:18:55.268,-0.0004777647098092,67.5588761471988,4.0
2025-03-10 13:18:55.288,-0.0003935632876087,72.95912067715838,4.0
2025-03-10 13:18:55.307,-0.0003351157983964,75.81046607095568,4.0
2025-03-10 13:18:55.327,-0.0003009874847225,75.97191445671346,4.0
2025-03-10 13:18:55.346,-0.0002875572068503,73.42546349785694,4.0
2025-03-10 13:18:55.366,-0.0002892101764995,68.28534278181348,4.0
2025-03-10 13:18:55.385,-0.0002988580727177,60.805657321350765,4.0
2025-03-10 13:18:55.405,-0.0003087754302677,51.379464360657714,4.0
2025-03-10 13:18:55.424,-0.0003116412861817,40.52261794794151,4.0
2025-03-10 13:18:55.444,-0.0003015988728174,28.83899053392207,4.0
2025-03-10 13:18:55.463,-0.0002751144170416,16.96873098997182,4.0
2025-03-10 13:18:55.483,-0.0002314392965914,5.526283787865896,4.0
2025-03-10 13:18:55.502,-0.0001725638716639,-4.961666592305226,4.0
2025-03-10 13:18:55.522,-0.0001026854615071,-14.107350839293876,4.0
2025-03-10 13:18:55.541,-2.7356373902505773e-05,-21.69316409598827,4.0
2025-03-10 13:18:55.561,4.742823840968915e-05,-27.67813213092641,4.0
2025-03-10 13:18:55.580,0.0001159481723219,-32.17986152759183,4.0
2025-03-10 13:18:55.600,0.000173150482848,-35.437065958293246,4.0
2025-03-10 13:18:55.620,0.0002147872781676,-37.76106491093199,4.0
2025-03-10 13:18:55.639,0.0002375359559556,-39.4856617509317,4.0
2025-03-10 13:18:55.659,0.000239338532817,-40.9234017646267,4.0
2025-03-10 13:18:55.678,0.000220004240348,-42.33298514878366,4.0
2025-03-10 13:18:55.698,0.0001818574023667,-43.89872018545599,4.0
2025-03-10 13:18:55.717,0.0001300544557165,-45.7196784104456,4.0
2025-03-10 13:18:55.737,7.223912957221378e-05,-47.80469420802879,4.0
2025-03-10 13:18:55.756,1.7434749904698044e-05,-50.06992621465822,4.0
2025-03-10 13:18:55.776,-2.562639100345476e-05,-52.33800158491557,4.0
2025-03-10 13:18:55.795,-5.030667967107431e-05,-54.34080977123687,4.0
2025-03-10 13:18:55.815,-5.349424507063916e-05,-55.73048636532911,4.0
2025-03-10 13:18:55.834,-3.623652916261101e-05,-56.1037755284465,4.0
2025-03-10 13:18:55.854,-3.357085497693008e-06,-55.04301084054201,4.0
2025-03-10 13:18:55.873,3.787511774033312e-05,-52.17248900763628,4.0
2025-03-10 13:18:55.893,7.966182287118644e-05,-47.22312561598683,4.0
2025-03-10 13:18:55.913,0.0001156333014544,-40.09291501130892,4.0
2025-03-10 13:18:55.932,0.0001423178543401,-30.88810448695028,4.0
2025-03-10 13:18:55.952,0.0001597829385849,-19.931874904167117,4.0
2025-03-10 13:18:55.971,0.000171367793054,-7.734041987939118,4.0
2025-03-10 13:18:55.991,0.0001826540865121,5.0747848833582285,4.0
2025-03-10 13:18:56.010,0.0001999643386202,17.83126833393233,4.0
2025-03-10 13:18:56.030,0.0002287219146729,29.92987824548439,4.0
2025-03-10 13:18:56.049,0.0002719669358815,40.895224693040014,4.0
2025-03-10 13:18:56.069,0.0003292612884617,50.420284874039325,4.0
2025-03-10 13:18:56.088,0.0003961923680278,58.36360758787768,4.0
2025-03-10 13:18:56.108,0.0004646772178768,64.70931194482803,4.0
2025-03-10 13:18:56.127,0.0005241846431634,69.5033684491547,4.0
2025-03-10 13:18:56.147,0.0005637791075006,72.78574865886209,4.0
2025-03-10 13:18:56.166,0.0005746038440473,74.53889050180804,4.0
2025-03-10 13:18:56.186,0.0005521880583067,74.66816561098949,4.0
2025-03-10 13:18:56.206,0.0004978964868294,73.0207679590286,4.0
2025-03-10 13:18:56.225,0.000418997394143,69.43815406370473,4.0
2025-03-10 13:18:56.245,0.0003271990959551,63.82711241802667,4.0
2025-03-10 13:18:56.264,0.0002359941060291,56.22875632229317,4.0
2025-03-10 13:18:56.284,0.0001575643881753,46.86496139123932,4.0
2025-03-10 13:18:56.303,0.0001001534756924,36.14781393153931,4.0
2025-03-10 13:18:56.323,6.663170524894672e-05,24.64748214649717,4.0
2025-03-10 13:18:56.342,5.455444307416082e-05,13.024536648840389,4.0
2025-03-10 13:18:56.362,5.753041074379336e-05,1.9411884607522665,4.0
2025-03-10 13:18:56.381,6.737098027563166e-05,-8.02977540402232,4.0
2025-03-10 13:18:56.401,7.636529252941377e-05,-16.480000445795486,4.0
2025-03-10 13:18:56.420,7.908220272761472e-05,-23.210696304701887,4.0
2025-03-10 13:18:56.440,7.327612998200932e-05,-28.241267148542065,4.0
2025-03-10 13:18:56.459,5.974181051603871e-05,-31.78279646611834,4.0
2025-03-10 13:18:56.479,4.128463748272688e-05,-34.18460481339841,4.0
2025-03-10 13:18:56.498,2.1251990753053254e-05,-35.86631791023632,4.0
2025-03-10 13:18:56.518,2.1843972044370222e-06,-37.24868270660478,4.0
2025-03-10 13:18:56.538,-1.4961300636972888e-05,-38.69396776755844,4.0
2025-03-10 13:18:56.557,-3.082826687205683e-05,-40.462338479149935,4.0
2025-03-10 13:18:56.577,-4.7019769173368334e-05,-42.68580167954649,4.0
2025-03-10 13:18:56.596,-6.512302995031722e-05,-45.35777119311685,4.0
2025-03-10 13:18:56.616,-8.5803366065005e-05,-48.33493729269807,4.0
2025-03-10 13:18:56.635,-0.0001083218864125,-51.34887616132775,4.0
2025-03-10 13:18:56.655,-0.0001306563081797,-54.02677956496605,4.0
2025-03-10 13:18:56.674,-0.0001501644085652,-55.92242559855215,4.0
2025-03-10 13:18:56.694,-0.0001645116907769,-56.558755107511736,4.0
2025-03-10 13:18:56.713,-0.0001724770514038,-55.481516458041554,4.0
2025-03-10 13:18:56.733,-0.0001742938887195,-52.319741518753,4.0
2025-03-10 13:18:56.752,-0.0001713636748911,-46.84466317527056,4.0
2025-03-10 13:18:56.772,-0.0001654331063373,-39.01598025723317,4.0
2025-03-10 13:18:56.791,-0.0001575601962273,-29.0047724324906,4.0
2025-03-10 13:18:56.811,-0.000147317637756,-17.186421535516853,4.0
2025-03-10 13:18:56.831,-0.0001326407421164,-4.103631516617283,4.0
2025-03-10 13:18:56.850,-0.0001105210957916,9.593148069019566,4.0
2025-03-10 13:18:56.870,-7.843633242782041e-05,23.21539840659856,4.0
2025-03-10 13:18:56.889,-3.610133320549805e-05,36.10236763152327,4.0
2025-03-10 13:18:56.909,1.3063027926684343e-05,47.67174133568766,4.0
2025-03-10 13:18:56.928,6.135023787710113e-05,57.449390371032216,4.0
2025-03-10 13:18:56.948,9.747857711854966e-05,65.07897904381804,4.0
2025-03-10 13:18:56.967,0.0001086161741558,70.3176145603858,4.0
2025-03-10 13:18:56.987,8.331139415983971e-05,73.0263859324638,4.0
2025-03-10 13:18:57.006,1.4588017307327594e-05,73.1639218008231,4.0
2025-03-10 13:18:57.026,-9.764516880384305e-05,70.78741062548934,4.0
2025-03-10 13:18:57.045,-0.0002455913935968,66.06025926818947,4.0
2025-03-10 13:18:57.065,-0.0004143708263278,59.260680097964006,4.0
2025-03-10 13:18:57.084,-0.0005845808225616,50.78286754052552,4.0
2025-03-10 13:18:57.104,-0.0007360501454074,41.123107126371096,4.0
2025-03-10 13:18:57.123,-0.0008518221953267,30.846958356324944,4.0
2025-03-10 13:18:57.143,-0.0009213078010219,20.53924435567853,4.0
2025-03-10 13:18:57.163,-0.0009418408128191,10.744097403180476,4.0
2025-03-10 13:18:57.182,-0.0009183908711397,1.906035837844574,4.0
2025-03-10 13:18:57.202,-0.0008616737931594,-5.676073474534772,4.0
2025-03-10 13:18:57.221,-0.0007852153026847,-11.872497124248673,4.0
2025-03-10 13:18:57.241,-0.0007020934486055,-16.71856669674891,4.0
2025-03-10 13:18:57.260,-0.0006221282679948,-20.384064314264915,4.0
2025-03-10 13:18:57.280,-0.0005501490193493,-23.122911264489776,4.0
2025-03-10 13:18:57.299,-0.0004856458326959,-25.214254873458607,4.0
2025-03-10 13:18:57.319,-0.0004237247482033,-26.907644569100498,4.0
2025-03-10 13:18:57.338,-0.0003569783585288,-28.383553528763724,4.0
2025-03-10 13:18:57.358,-0.0002777317381218,-29.736435461919523,4.0
2025-03-10 13:18:57.377,-0.0001801286991842,-30.98186246041845,4.0
2025-03-10 13:18:57.397,-6.164239748680377e-05,-32.08346997767889,4.0
2025-03-10 13:18:57.416,7.623458474842035e-05,-32.99079954350018,4.0
2025-03-10 13:18:57.436,0.0002281746033856,-33.67668195663406,4.0
2025-03-10 13:18:57.456,0.0003859370955107,-34.16301851733837,4.0
2025-03-10 13:18:57.475,0.0005397488159256,-34.526613112636504,4.0
2025-03-10 13:18:57.495,0.000679805236249,-34.88150966580905,4.0
2025-03-10 13:18:57.514,0.0007975844321337,-35.34015294895863,4.0
2025-03-10 13:18:57.534,0.0008867669519374,-35.96145306568735,4.0
2025-03-10 13:18:57.553,0.0009437015270611,-36.69827979625858,4.0
2025-03-10 13:18:57.573,0.0009674823928764,-37.35894829549736,4.0
2025-03-10 13:18:57.592,0.0009597573130124,-37.596106746666,4.0
2025-03-10 13:18:57.612,0.0009243700907579,-36.9318797149387,4.0
2025-03-10 13:18:57.631,0.0008668951785323,-34.820723879648014,4.0
2025-03-10 13:18:57.651,0.0007940815633213,-30.74265174173481,4.0
2025-03-10 13:18:57.670,0.0007132149388741,-24.31136394109845,4.0
2025-03-10 13:18:57.690,0.0006314360869593,-15.376590124460124,4.0
2025-03-10 13:18:57.709,0.000555090638255,-4.099130643363356,4.0
2025-03-10 13:18:57.729,0.0004891929008745,9.018926849778609,4.0
2025-03-10 13:18:57.749,0.0004370552030948,23.15853009547752,4.0
2025-03-10 13:18:57.768,0.000400094735389,37.26245495588673,4.0
2025-03-10 13:18:57.788,0.0003778214112857,50.15879553241111,4.0
2025-03-10 13:18:57.807,0.0003680236227989,60.71140943349664,4.0
2025-03-10 13:18:57.827,0.0003671456463015,67.97439392211275,4.0
2025-03-10 13:18:57.846,0.0003707724333078,71.32587792588858,4.0
2025-03-10 13:18:57.866,0.0003740809505167,70.55839133403644,4.0
2025-03-10 13:18:57.885,0.0003721745066606,65.9090040480568,4.0
2025-03-10 13:18:57.905,0.0003603651983583,58.02207182313447,4.0
2025-03-10 13:18:57.924,0.0003345614778183,47.84961840378048,4.0
2025-03-10 13:18:57.944,0.0002918380343905,36.50665622552528,4.0
2025-03-10 13:18:57.963,0.0002310782341949,25.107812602838276,4.0
2025-03-10 13:18:57.983,0.0001534617420057,14.614806283526082,4.0
2025-03-10 13:18:58.002,6.260820371733362e-05,5.720835105543234,4.0
2025-03-10 13:18:58.022,-3.569485796338273e-05,-1.2109131636325374,4.0
2025-03-10 13:18:58.041,-0.0001341634202765,-6.149041116457784,4.0
2025-03-10 13:18:58.061,-0.0002250183837794,-9.34197283455361,4.0
2025-03-10 13:18:58.081,-0.0003011757526137,-11.227310670636813,4.0
2025-03-10 13:18:58.100,-0.0003573936031169,-12.322839946697709,4.0
2025-03-10 13:18:58.120,-0.0003911081687317,-13.12042531112661,4.0
2025-03-10 13:18:58.139,-0.0004027635887475,-14.00102343666774,4.0
2025-03-10 13:18:58.159,-0.0003955862250411,-15.1830931008536,4.0
2025-03-10 13:18:58.178,-0.0003748949566104,-16.709225592390663,4.0
2025-03-10 13:18:58.198,-0.0003471217113963,-18.468384543651936,4.0
2025-03-10 13:18:58.217,-0.0003187379846033,-20.24510814959165,4.0
2025-03-10 13:18:58.237,-0.0002952637583689,-21.783330469180196,4.0
2025-03-10 13:18:58.256,-0.0002804976618322,-22.851471314939108,4.0
2025-03-10 13:18:58.276,-0.0002760665224735,-23.296869521656177,4.0
2025-03-10 13:18:58.295,-0.0002813532203258,-23.080774081757443,4.0
2025-03-10 13:18:58.315,-0.0002938188108393,-22.289052507838857,4.0
2025-03-10 13:18:58.334,-0.0003096775944482,-21.117729465439428,4.0
2025-03-10 13:18:58.354,-0.0003248051257203,-19.83595443805213,4.0
2025-03-10 13:18:58.374,-0.0003356752905201,-18.73187873772736,4.0
2025-03-10 13:18:58.393,-0.0003400897575675,-18.04925906305719,4.0
2025-03-10 13:18:58.413,-0.00033753920529,-17.924443202995203,4.0
2025-03-10 13:18:58.432,-0.0003291893773761,-18.334592129358946,4.0
2025-03-10 13:18:58.452,-0.0003175900922457,-19.068147529572528,4.0
2025-03-10 13:18:58.471,-0.0003061867601872,-19.727070371694285,4.0
2025-03-10 13:18:58.491,-0.0002986481733599,-19.766711248785803,4.0
2025-03-10 13:18:58.510,-0.0002980325935725,-18.573190046534105,4.0
2025-03-10 13:18:58.530,-0.0003059128257008,-15.570453701870692,4.0
2025-03-10 13:18:58.549,-0.0003216872513194,-10.341186331631196,4.0
2025-03-10 13:18:58.569,-0.0003423317709639,-2.739537520673601,4.0
2025-03-10 13:18:58.588,-0.0003627586647403,7.02864800564601,4.0
2025-03-10 13:18:58.608,-0.0003767593973485,18.379326248313195,4.0
2025-03-10 13:18:58.627,-0.0003782976154147,30.39013149078718,4.0
2025-03-10 13:18:58.647,-0.0003627964726865,41.90667585663866,4.0
2025-03-10 13:18:58.667,-0.0003280920672316,51.70130158231623,4.0
2025-03-10 13:18:58.686,-0.0002748637640674,58.6581006625222,4.0
2025-03-10 13:18:58.706,-0.0002065120834852,61.950567354713314,4.0
2025-03-10 13:18:58.725,-0.0001285719337785,61.17766192237829,4.0
2025-03-10 13:18:58.745,-4.780950216406215e-05,56.43100298972075,4.0
2025-03-10 13:18:58.764,2.883078869993997e-05,48.27923671345256,4.0
2025-03-10 13:18:58.784,9.52673442271504e-05,37.67245764810052,4.0
2025-03-10 13:18:58.803,0.0001471608957066,25.785859299081785,4.0
2025-03-10 13:18:58.823,0.0001824985366052,13.83358573224468,4.0
2025-03-10 13:18:58.842,0.0002017743750488,2.8883301084540505,4.0
2025-03-10 13:18:58.862,0.0002077103441165,-6.261068159154932,4.0
2025-03-10 13:18:58.881,0.000204551856512,-13.191528994867063,4.0
2025-03-10 13:18:58.901,0.0001970955369026,-17.858067853248702,4.0
2025-03-10 13:18:58.920,0.000189706967534,-20.54138603078958,4.0
2025-03-10 13:18:58.940,0.0001855886818118,-21.74708860538687,4.0
2025-03-10 13:18:58.959,0.0001864386026107,-22.08015338669701,4.0
2025-03-10 13:18:58.979,0.0001924693681399,-22.12031291662158,4.0
2025-03-10 13:18:58.999,0.0002026519610783,-22.32098371290936,4.0
2025-03-10 13:18:59.018,0.0002150570694383,-22.947371180382984,4.0
2025-03-10 13:18:59.038,0.0002272481200142,-24.060165800855053,4.0
2025-03-10 13:18:59.057,0.0002367300756656,-25.541869092431103,4.0
2025-03-10 13:18:59.077,0.0002414226110697,-27.155095591297297,4.0
2025-03-10 13:18:59.096,0.0002400510199028,-28.61746563749885,4.0
2025-03-10 13:18:59.116,0.0002323285433407,-29.676437784722925,4.0
2025-03-10 13:18:59.135,0.0002188877355042,-30.169368616980822,4.0
2025-03-10 13:18:59.155,0.0002010584915579,-30.058384603539984,4.0
2025-03-10 13:18:59.174,0.0001806746844335,-29.435164897780968,4.0
2025-03-10 13:18:59.194,0.0001600341084089,-28.49635603977203,4.0
2025-03-10 13:18:59.213,0.000141959804591,-27.495235147341813,4.0
2025-03-10 13:18:59.233,0.0001297398424413,-26.678920467551663,4.0
2025-03-10 13:18:59.252,0.0001266931964625,-26.222663967338512,4.0
2025-03-10 13:18:59.272,0.0001352710237484,-26.173422001015517,4.0
2025-03-10 13:18:59.292,0.000155881347636,-26.41387966681672,4.0
2025-03-10 13:18:59.311,0.0001858628564922,-26.655345939671143,4.0
2025-03-10 13:18:59.331,0.0002190885101551,-26.46355594063448,4.0
2025-03-10 13:18:59.350,0.0002465218582511,-25.31584549823649,4.0
2025-03-10 13:18:59.370,0.0002577662310514,-22.682233757519743,4.0
2025-03-10 13:18:59.389,0.0002433552950043,-18.11783988186212,4.0
2025-03-10 13:18:59.409,0.0001972889845575,-11.351038205306216,4.0
2025-03-10 13:18:59.428,0.0001191382311642,-2.3517537852317854,4.0
2025-03-10 13:18:59.448,1.5001958543884324e-05,8.632509881436635,4.0
2025-03-10 13:18:59.467,-0.0001031683822272,21.0796830027276,4.0
2025-03-10 13:18:59.487,-0.0002198474599225,34.23529865635761,4.0
2025-03-10 13:18:59.506,-0.0003192059599844,47.18783022696282,4.0
2025-03-10 13:18:59.526,-0.0003883981659956,58.96677589961844,4.0
2025-03-10 13:18:59.545,-0.0004199137291992,68.65067001840139,4.0
2025-03-10 13:18:59.565,-0.0004124178736227,75.47154443916446,4.0
2025-03-10 13:18:59.585,-0.0003700646636379,78.9029540239784,4.0
2025-03-10 13:18:59.604,-0.0003007529357011,78.72027496268859,4.0
2025-03-10 13:18:59.624,-0.0002140059089179,75.0247319470401,4.0
2025-03-10 13:18:59.643,-0.000119080705914,68.22680085144412,4.0
2025-03-10 13:18:59.663,-2.3684297836163063e-05,58.990233504214586,4.0
2025-03-10 13:18:59.682,6.658413290462325e-05,48.14424584774107,4.0
2025-03-10 13:18:59.702,0.000148168269369,36.57703586194456,4.0
2025-03-10 13:18:59.721,0.0002191253971519,25.12721255848848,4.0
2025-03-10 13:18:59.741,0.0002786257681795,14.489882517253877,4.0
2025-03-10 13:18:59.760,0.0003265709231348,5.150988522496291,4.0
2025-03-10 13:18:59.780,0.0003633553886001,-2.642083101235469,4.0
2025-03-10 13:18:59.799,0.0003896923783297,-8.872206385041451,4.0
2025-03-10 13:18:59.819,0.0004064383582167,-13.711356214249214,4.0
2025-03-10 13:18:59.838,0.0004144182323835,-17.456326158035516,4.0
2025-03-10 13:18:59.858,0.0004142731309244,-20.454103645187345,4.0
2025-03-10 13:18:59.877,0.0004063155858055,-23.030582235567064,4.0
2025-03-10 13:18:59.897,0.0003903620587795,-25.43494392778605,4.0
2025-03-10 13:18:59.917,0.0003655716705356,-27.80854424137023,4.0
2025-03-10 13:18:59.936,0.0003304076875202,-30.181942036704434,4.0
2025-03-10 13:18:59.956,0.0002828684245407,-32.49776154396629,4.0
2025-03-10 13:18:59.975,0.0002210544781623,-34.65160470107855,4.0
2025-03-10 13:18:59.995,0.0001439724235519,-36.53948334492373,4.0
2025-03-10 13:19:00.014,5.232140851907912e-05,-38.09908874623042,4.0
2025-03-10 13:19:00.034,-5.102227061741111e-05,-39.33395388297271,4.0
2025-03-10 13:19:00.053,-0.000160994518438,-40.31383698402146,4.0
2025-03-10 13:19:00.073,-0.0002708037276858,-41.1505408823238,4.0
2025-03-10 13:19:00.092,-0.0003727322533597,-41.954596002137535,4.0
2025-03-10 13:19:00.112,-0.0004591207594226,-42.78339787847092,4.0
2025-03-10 13:19:00.131,-0.000523407643178,-43.59430396587692,4.0
2025-03-10 13:19:00.151,-0.0005611055663822,-44.21607228485264,4.0
2025-03-10 13:19:00.170,-0.0005705582155305,-44.34867086879247,4.0
2025-03-10 13:19:00.190,-0.0005532907691388,-43.595400519929136,4.0
2025-03-10 13:19:00.210,-0.000513814995277,-41.523653691093486,4.0
2025-03-10 13:19:00.229,-0.0004588720363911,-37.74325891424939,4.0
2025-03-10 13:19:00.249,-0.0003962409623728,-31.98626037217259,4.0
2025-03-10 13:19:00.268,-0.0003333695262049,-24.17083826165091,4.0
2025-03-10 13:19:00.288,-0.0002761707836521,-14.435519801865702,4.0
2025-03-10 13:19:00.307,-0.0002283275519674,-3.136998984096158,4.0
2025-03-10 13:19:00.327,-0.0001912963116759,9.186416814652098,4.0
2025-03-10 13:19:00.346,-0.000164918637896,21.876198205357497,4.0
2025-03-10 13:19:00.366,-0.0001482790008455,34.226129466769954,4.0
2025-03-10 13:19:00.385,-0.0001403775211871,45.552339564025054,4.0
2025-03-10 13:19:00.405,-0.0001403580727823,55.25076177354657,4.0
2025-03-10 13:19:00.424,-0.0001473015128112,62.83733490167261,4.0
2025-03-10 13:19:00.444,-0.0001597815981461,67.971397843782,4.0
2025-03-10 13:19:00.463,-0.0001754265309205,70.46603370549867,4.0
2025-03-10 13:19:00.483,-0.0001906788482098,70.28988885493732,4.0
2025-03-10 13:19:00.502,-0.0002008622192239,67.56350760696732,4.0
2025-03-10 13:19:00.522,-0.0002005810332067,62.55055225018933,4.0
2025-03-10 13:19:00.542,-0.0001844146625029,55.641864007198016,4.0
2025-03-10 13:19:00.561,-0.0001478236825821,47.32943367591043,4.0
2025-03-10 13:19:00.581,-8.814121595129441e-05,38.16857197159911,4.0
2025-03-10 13:19:00.600,-5.466116111798671e-06,28.72954607084817,4.0
2025-03-10 13:19:00.620,9.67692485109588e-05,19.543567090816016,4.0
2025-03-10 13:19:00.639,0.000211770350771,11.050903667892683,4.0
2025-03-10 13:19:00.659,0.000330012125653,3.5599884923944445,4.0
2025-03-10 13:19:00.678,0.0004404968398987,-2.774765665395835,4.0
2025-03-10 13:19:00.698,0.0005324352132709,-7.951906292462499,4.0
2025-03-10 13:19:00.717,0.000597027303359,-12.098614892975386,4.0
2025-03-10 13:19:00.737,0.0006289845774318,-15.427927725847368,4.0
2025-03-10 13:19:00.756,0.0006274748765359,-18.1863490750782,4.0
2025-03-10 13:19:00.776,0.0005962640145623,-20.60287690067489,4.0
2025-03-10 13:19:00.795,0.0005429727975646,-22.850070356970427,4.0
2025-03-10 13:19:00.815,0.0004775661931164,-25.024742774612463,4.0
2025-03-10 13:19:00.835,0.0004103931872498,-27.15081545947801,4.0
2025-03-10 13:19:00.854,0.000350222352662,-29.20109599111139,4.0
2025-03-10 13:19:00.874,0.0003027176556902,-31.129800122950964,4.0
2025-03-10 13:19:00.893,0.0002696684492369,-32.90487530331709,4.0
2025-03-10 13:19:00.913,0.0002490670613494,-34.52936910590112,4.0
2025-03-10 13:19:00.932,0.0002359004575866,-36.04419182475861,4.0
2025-03-10 13:19:00.952,0.00022338715681,-37.50987529442889,4.0
2025-03-10 13:19:00.971,0.0002043835977761,-38.97102460311319,4.0
2025-03-10 13:19:00.991,0.0001727432820727,-40.412575028448366,4.0
2025-03-10 13:19:01.010,0.0001244483474215,-41.720314488872646,4.0
2025-03-10 13:19:01.030,5.833479212278099e-05,-42.658469661422295,4.0
2025-03-10 13:19:01.049,-2.3732868566683416e-05,-42.87420640650658,4.0
2025-03-10 13:19:01.069,-0.0001172652265744,-41.93315107555888,4.0
2025-03-10 13:19:01.088,-0.0002159972536555,-39.38272021022088,4.0
2025-03-10 13:19:01.108,-0.0003129320963446,-34.832922509694946,4.0
2025-03-10 13:19:01.128,-0.0004013097902016,-28.039293761916,4.0
2025-03-10 13:19:01.147,-0.0004753182592582,-18.97122817444628,4.0
2025-03-10 13:19:01.167,-0.0005305160243077,-7.851633848552302,4.0
2025-03-10 13:19:01.186,-0.0005640707690168,4.840262069615487,4.0
2025-03-10 13:19:01.206,-0.0005749445703445,18.4038190789498,4.0
2025-03-10 13:19:01.225,-0.000564055729711,31.98379374069057,4.0
2025-03-10 13:19:01.245,-0.0005343090956846,44.65872173958993,4.0
2025-03-10 13:19:01.264,-0.0004903364613843,55.53860275587094,4.0
2025-03-10 13:19:01.284,-0.0004378716645363,63.85977303603224,4.0
2025-03-10 13:19:01.303,-0.0003828408955154,69.06616722848763,4.0
2025-03-10 13:19:01.323,-0.0003303796631601,70.86793026713651,4.0
2025-03-10 13:19:01.342,-0.000284030319188,69.27040376208713,4.0
2025-03-10 13:19:01.362,-0.0002453157809496,64.56924095563203,4.0
2025-03-10 13:19:01.381,-0.0002137559970859,57.31118489617359,4.0
2025-03-10 13:19:01.401,-0.0001872549589467,48.22475671713664,4.0
2025-03-10 13:19:01.420,-0.0001626974926845,38.129934127166415,4.0
2025-03-10 13:19:01.440,-0.0001365780258667,27.8396370209625,4.0
2025-03-10 13:19:01.460,-0.0001055283710568,18.067398220702945,4.0
2025-03-10 13:19:01.479,-6.669921055486947e-05,9.354504343422374,4.0
2025-03-10 13:19:01.499,-1.8040401957997896e-05,2.026413898652965,4.0
2025-03-10 13:19:01.518,4.143930852805621e-05,-3.8167757899163455,4.0
2025-03-10 13:19:01.538,0.0001113964392254,-8.276606112082638,4.0
2025-03-10 13:19:01.557,0.0001899058513414,-11.605235925376393,4.0
2025-03-10 13:19:01.577,0.0002733413585854,-14.137125886708288,4.0
2025-03-10 13:19:01.596,0.0003564830328181,-16.215844634209144,4.0
2025-03-10 13:19:01.616,0.0004329214771899,-18.12882983335058,4.0
2025-03-10 13:19:01.635,0.0004957891410279,-20.06120109056846,4.0
2025-03-10 13:19:01.655,0.0005387778066244,-22.075981385637014,4.0
2025-03-10 13:19:01.674,0.0005572808722116,-24.12287768651936,4.0
2025-03-10 13:19:01.694,0.0005493683588269,-26.072017570674056,4.0
2025-03-10 13:19:01.713,0.0005162524621175,-27.763891698439394,4.0
2025-03-10 13:19:01.733,0.0004620007858132,-29.063344820713493,4.0
2025-03-10 13:19:01.753,0.0003924873278398,-29.904597629393457,4.0
2025-03-10 13:19:01.772,0.0003138441514925,-30.316210895927124,4.0
2025-03-10 13:19:01.792,0.0002308794725895,-30.419231371196364,4.0
2025-03-10 13:19:01.811,0.0001459828432584,-30.397590141940142,4.0
2025-03-10 13:19:01.831,5.890680583934393e-05,-30.4460064042269,4.0
2025-03-10 13:19:01.850,-3.2483211707130105e-05,-30.706018774505647,4.0
2025-03-10 13:19:01.870,-0.0001307520809665,-31.204306082012582,4.0
2025-03-10 13:19:01.889,-0.0002372430582409,-31.80838696457584,4.0
2025-03-10 13:19:01.909,-0.0003507916938725,-32.21264548961052,4.0
2025-03-10 13:19:01.928,-0.000467216864129,-31.96245069342321,4.0
2025-03-10 13:19:01.948,-0.0005797206213489,-30.51661761179445,4.0
2025-03-10 13:19:01.967,-0.0006800275378774,-27.33999643466351,4.0
2025-03-10 13:19:01.987,-0.000759893734752,-22.010480496613447,4.0
2025-03-10 13:19:02.006,-0.0008125808591226,-14.320153213719164,4.0
2025-03-10 13:19:02.026,-0.0008339840681784,-4.350042352167095,4.0
2025-03-10 13:19:02.046,-0.00082323730547,7.497721018510016,4.0
2025-03-10 13:19:02.065,-0.0007827349233155,20.51868117376567,4.0
2025-03-10 13:19:02.085,-0.0007176002165004,33.774704320209395,4.0
2025-03-10 13:19:02.104,-0.0006347193963405,46.20261526809334,4.0
2025-03-10 13:19:02.124,-0.000541552160427,56.74636495181159,4.0
2025-03-10 13:19:02.143,-0.0004449927111455,64.4926919304634,4.0
2025-03-10 13:19:02.163,-0.0003505274289373,68.7897496825324,4.0
2025-03-10 13:19:02.182,-0.0002618035600713,69.33055478588946,4.0
2025-03-10 13:19:02.202,-0.0001805619428187,66.18814602412733,4.0
2025-03-10 13:19:02.221,-0.0001068024045087,59.7967066197937,4.0
2025-03-10 13:19:02.241,-3.9084868006091415e-05,50.881789571911824,4.0
2025-03-10 13:19:02.260,2.503995268006473e-05,40.351669539867885,4.0
2025-03-10 13:19:02.280,8.844236716023332e-05,29.168716331504772,4.0
2025-03-10 13:19:02.299,0.0001537125106647,18.222777465224887,4.0
2025-03-10 13:19:02.319,0.000222494585224,8.227090529776342,4.0
2025-03-10 13:19:02.338,0.0002950292312804,-0.3482539168459574,4.0
2025-03-10 13:19:02.358,0.0003700064333652,-7.298239161830221,4.0
2025-03-10 13:19:02.378,0.0004447434141388,-12.66162747334085,4.0
2025-03-10 13:19:02.397,0.0005156512480539,-16.665054477294206,4.0
2025-03-10 13:19:02.417,0.0005789271385033,-19.646034809633782,4.0
2025-03-10 13:19:02.436,0.0006313755975371,-21.97055107209435,4.0
2025-03-10 13:19:02.456,0.0006712159062907,-23.960288220039192,4.0
2025-03-10 13:19:02.475,0.0006986931126369,-25.84150279651739,4.0
2025-03-10 13:19:02.495,0.0007163020674006,-27.72253788586288,4.0
2025-03-10 13:19:02.514,0.0007284845895125,-29.600946571665503,4.0
2025-03-10 13:19:02.534,0.0007407832346198,-31.395141232288378,4.0
2025-03-10 13:19:02.553,0.0007586131814026,-32.99058931890616,4.0
2025-03-10 13:19:02.573,0.0007859754417687,-34.28781605686335,4.0
2025-03-10 13:19:02.592,0.0008244815113522,-35.23946738599621,4.0
2025-03-10 13:19:02.612,0.0008729466717092,-35.866530950362964,4.0
2025-03-10 13:19:02.631,0.0009275941074474,-36.24901557328899,4.0
2025-03-10 13:19:02.651,0.0009827062505683,-36.49289229624751,4.0
2025-03-10 13:19:02.671,0.0010314473988954,-36.681451653100325,4.0
2025-03-10 13:19:02.690,0.0010665925987859,-36.82389600719637,4.0
2025-03-10 13:19:02.710,0.0010810227826036,-36.81570679846625,4.0
2025-03-10 13:19:02.729,0.0010680414621184,-36.4234599175208,4.0
2025-03-10 13:19:02.749,0.0010217460138942,-35.30150199759524,4.0
2025-03-10 13:19:02.768,0.0009377329766017,-33.04034124254306,4.0
2025-03-10 13:19:02.788,0.000814258050232,-29.238578144078133,4.0
2025-03-10 13:19:02.807,0.0006536431429723,-23.58385405154529,4.0
2025-03-10 13:19:02.827,0.0004633848745853,-15.92550156647582,4.0
2025-03-10 13:19:02.846,0.0002562928953858,-6.323294441753472,4.0
2025-03-10 13:19:02.866,4.922007156250674e-05,4.937503593229584,4.0
2025-03-10 13:19:02.885,-0.0001395224821271,17.366489903818334,4.0
2025-03-10 13:19:02.905,-0.0002934188364032,30.31772595123583,4.0
2025-03-10 13:19:02.924,-0.0004007470285258,43.05718292784779,4.0
2025-03-10 13:19:02.944,-0.0004565131173128,54.835158528141584,4.0
2025-03-10 13:19:02.963,-0.0004629002112128,64.95287925809633,4.0
2025-03-10 13:19:02.983,-0.000428266800453,72.81672072991742,4.0
2025-03-10 13:19:03.003,-0.0003650754160655,77.97795043077906,4.0
2025-03-10 13:19:03.022,-0.0002873068148935,80.15902710524843,4.0
2025-03-10 13:19:03.042,-0.0002079430550207,79.26848887793511,4.0
2025-03-10 13:19:03.061,-0.0001370287568286,75.40554002822078,4.0
2025-03-10 13:19:03.081,-8.066260625917528e-05,68.85364289951661,4.0
2025-03-10 13:19:03.100,-4.104454402888302e-05,60.06110506670332,4.0
2025-03-10 13:19:03.120,-1.7439511915634272e-05,49.60688272698405,4.0
2025-03-10 13:19:03.139,-7.670938444906331e-06,38.15186469006361,4.0
2025-03-10 13:19:03.159,-9.609536063746626e-06,26.37912722395252,4.0
2025-03-10 13:19:03.178,-2.2159645061772676e-05,14.929864641478536,4.0
2025-03-10 13:19:03.198,-4.547639647493046e-05,4.343722584055156,4.0
2025-03-10 13:19:03.217,-8.046835591130431e-05,-4.987598730252668,4.0
2025-03-10 13:19:03.237,-0.0001278969028873,-12.846404378185062,4.0
2025-03-10 13:19:03.256,-0.0001874750424016,-19.19098639073184,4.0
2025-03-10 13:19:03.276,-0.0002573008100471,-24.13396832736696,4.0
2025-03-10 13:19:03.296,-0.0003338120116184,-27.901706982443343,4.0
2025-03-10 13:19:03.315,-0.0004122910501352,-30.782922552466243,4.0
2025-03-10 13:19:03.335,-0.0004878100805562,-33.07659549400826,4.0
2025-03-10 13:19:03.354,-0.0005564001891292,-35.04878645774346,4.0
2025-03-10 13:19:03.374,-0.0006161652049565,-36.90525883461301,4.0
2025-03-10 13:19:03.393,-0.0006680466243546,-38.78220107384624,4.0
2025-03-10 13:19:03.413,-0.0007159887959943,-40.75223842290027,4.0
2025-03-10 13:19:03.432,-0.0007663601178089,-42.83886199486038,4.0
2025-03-10 13:19:03.452,-0.0008266493389912,-45.03068379594314,4.0
2025-03-10 13:19:03.471,-0.0009036561855905,-47.28812126043551,4.0
2025-03-10 13:19:03.491,-0.0010015865199897,-49.53888635773095,4.0
2025-03-10 13:19:03.510,-0.0011205627280881,-51.66384274901225,4.0
2025-03-10 13:19:03.530,-0.0012560070102082,-53.47973679202329,4.0
2025-03-10 13:19:03.549,-0.0013991547344466,-54.72832474582808,4.0
2025-03-10 13:19:03.569,-0.0015386516615119,-55.081327510986696,4.0
2025-03-10 13:19:03.589,-0.0016628420602355,-54.16713937387515,4.0
2025-03-10 13:19:03.608,-0.0017620804744447,-51.619031972917085,4.0
2025-03-10 13:19:03.628,-0.0018303571593223,-47.13743602466475,4.0
2025-03-10 13:19:03.647,-0.0018657875821113,-40.55306656216383,4.0
2025-03-10 13:19:03.667,-0.0018699671736328,-31.87538676286702,4.0
2025-03-10 13:19:03.686,-0.0018466040119643,-21.31337035079124,4.0
2025-03-10 13:19:03.706,-0.0018000245580434,-9.26225174765604,4.0
2025-03-10 13:19:03.725,-0.0017340539276049,3.741140857665288,4.0
2025-03-10 13:19:03.745,-0.0016515016142639,17.083707331525375,4.0
2025-03-10 13:19:03.764,-0.0015542058542356,30.1464742872764,4.0
2025-03-10 13:19:03.784,-0.0014434300269314,42.36441136647681,4.0
2025-03-10 13:19:03.803,-0.0013203763705538,53.2644464497094,4.0
2025-03-10 13:19:03.823,-0.001186627977363,62.47783369752106,4.0
2025-03-10 13:19:03.842,-0.0010443969673512,69.73097022498217,4.0
2025-03-10 13:19:03.862,-0.0008965242363836,74.8248659352971,4.0
2025-03-10 13:19:03.881,-0.0007462397559128,77.61596181669096,4.0
2025-03-10 13:19:03.901,-0.0005967491786959,78.0091548678108,4.0
2025-03-10 13:19:03.921,-0.0004507571183212,75.96829098626701,4.0
2025-03-10 13:19:03.940,-0.000310061590768,71.54180122104074,4.0
2025-03-10 13:19:03.960,-0.0001753472295388,64.89412833054247,4.0
2025-03-10 13:19:03.979,-4.625659270546161e-05,56.32962970381784,4.0
2025-03-10 13:19:03.999,7.827491957623454e-05,46.29625476359592,4.0
2025-03-10 13:19:04.018,0.0001995549444376,35.361349530530646,4.0
2025-03-10 13:19:04.038,0.0003187603740734,24.15975034561701,4.0
2025-03-10 13:19:04.057,0.0004368464239304,13.322363476621431,4.0
2025-03-10 13:19:04.077,0.0005547754970914,3.399256115819969,4.0
2025-03-10 13:19:04.096,0.000673906303726,-5.206682184904155,4.0
2025-03-10 13:19:04.116,0.0007962777180089,-12.281618122625224,4.0
2025-03-10 13:19:04.135,0.0009245782502462,-17.80995160208398,4.0
2025-03-10 13:19:04.155,0.0010617711991448,-21.950120057790937,4.0
2025-03-10 13:19:04.174,0.0012105267999024,-24.98388926354148,4.0
2025-03-10 13:19:04.194,0.001372686123096,-27.25157168755641,4.0
2025-03-10 13:19:04.214,0.0015489318609767,-29.087852791875548,4.0
2025-03-10 13:19:04.233,0.0017387386894663,-30.77130021757927,4.0
2025-03-10 13:19:04.253,0.0019405909294718,-32.49574527342583,4.0
2025-03-10 13:19:04.272,0.0021524105465022,-34.365050865695174,4.0
2025-03-10 13:19:04.292,0.0023721290985319,-36.40628935042718,4.0
2025-03-10 13:19:04.311,0.0025983366215672,-38.59191269728318,4.0
2025-03-10 13:19:04.331,0.002830897612033,-40.86031008641226,4.0
2025-03-10 13:19:04.350,0.0030713186125527,-43.12642176863524,4.0
2025-03-10 13:19:04.370,0.0033225464610701,-45.27899509597747,4.0
2025-03-10 13:19:04.389,0.0035878759209187,-47.16704543578511,4.0
2025-03-10 13:19:04.409,0.003868813709517,-48.58321844415158,4.0
2025-03-10 13:19:04.428,0.0041620741099762,-49.25434680019267,4.0
2025-03-10 13:19:04.448,0.0044563027983053,-48.848572966455365,4.0
2025-03-10 13:19:04.467,0.0047295234592742,-47.00406153151403,4.0
2025-03-10 13:19:04.487,0.0049485022191437,-43.37779417896445,4.0
2025-03-10 13:19:04.507,0.0050710329499977,-37.70631859906839,4.0
2025-03-10 13:19:04.526,0.0050514758659414,-29.86586545965749,4.0
2025-03-10 13:19:04.546,0.0048488906442525,-19.91850918501145,4.0
2025-03-10 13:19:04.565,0.0044361644960031,-8.134208497170496,4.0
2025-03-10 13:19:04.585,0.0038080173270563,5.015669313843282,4.0
2025-03-10 13:19:04.604,0.0029858510993674,18.89152563165617,4.0
2025-03-10 13:19:04.624,0.0020180651855078,32.738985156914374,4.0
2025-03-10 13:19:04.643,0.0009754979343977,45.75425557527248,4.0
2025-03-10 13:19:04.663,-5.723627185694367e-05,57.15350108231984,4.0
2025-03-10 13:19:04.682,-0.0009929320028864,66.24007027160556,4.0
2025-03-10 13:19:04.702,-0.0017536316079401,72.46502344477113,4.0
2025-03-10 13:19:04.721,-0.0022814511715291,75.47703351732842,4.0
2025-03-10 13:19:04.741,-0.0025471364240507,75.15741741885523,4.0
2025-03-10 13:19:04.760,-0.0025553721396842,71.63556738179166,4.0
2025-03-10 13:19:04.780,-0.0023459179780378,65.28045089666081,4.0
2025-03-10 13:19:04.799,-0.0019897358993655,56.66590163743237,4.0
2025-03-10 13:19:04.819,-0.0015797774634504,46.51116679268485,4.0
2025-03-10 13:19:04.839,-0.001217079706735,35.60280139271654,4.0
2025-03-10 13:19:04.858,-0.0009940116485417,24.70815391526319,4.0
2025-03-10 13:19:04.878,-0.0009775548457391,14.493041392012003,4.0
2025-03-10 13:19:04.897,-0.0011960656564416,5.456008557468941,4.0
2025-03-10 13:19:04.917,-0.0016328012017374,-2.1111471770932,4.0
2025-03-10 13:19:04.936,-0.0022284414888856,-8.131420935398618,4.0
2025-03-10 13:19:04.956,-0.0028929012071139,-12.719380105344197,4.0
2025-03-10 13:19:04.975,-0.0035241979160951,-16.132009621724425,4.0
2025-03-10 13:19:04.995,-0.0040298380149765,-18.70313770916968,4.0
2025-03-10 13:19:05.014,-0.0043452041987548,-20.773503300075173,4.0
2025-03-10 13:19:05.034,-0.0044443971472456,-22.628979720880515,4.0
2025-03-10 13:19:05.053,-0.0043414508565373,-24.457662636427308,4.0
2025-03-10 13:19:05.073,-0.0040826514316337,-26.33268067788144,4.0
2025-03-10 13:19:05.092,-0.0037328350531585,-28.22233104479973,4.0
2025-03-10 13:19:05.112,-0.0033595865111156,-30.02346311423779,4.0
2025-03-10 13:19:05.132,-0.0030192166405512,-31.609083848451878,4.0
2025-03-10 13:19:05.151,-0.0027474858323036,-32.878027837306604,4.0
2025-03-10 13:19:05.171,-0.0025565792828775,-33.793995573403805,4.0
2025-03-10 13:19:05.190,-0.0024381994624768,-34.403550801572486,4.0
2025-03-10 13:19:05.210,-0.0023711897721025,-34.827368089251955,4.0
2025-03-10 13:19:05.229,-0.0023311342169378,-35.22515963064147,4.0
2025-03-10 13:19:05.249,-0.0022990744536508,-35.741000867713275,4.0
2025-03-10 13:19:05.268,-0.0022669067105904,-36.44092053984778,4.0
2025-03-10 13:19:05.288,-0.0022380681636834,-37.25755152358332,4.0
2025-03-10 13:19:05.307,-0.0022235216250423,-37.95666239275938,4.0
2025-03-10 13:19:05.327,-0.0022344138148117,-38.13727656798476,4.0
2025-03-10 13:19:05.346,-0.0022737500483746,-37.2711253553548,4.0
2025-03-10 13:19:05.366,-0.0023297724585029,-34.77924563546794,4.0
2025-03-10 13:19:05.385,-0.0023734005163748,-30.13510394649006,4.0
2025-03-10 13:19:05.405,-0.0023611509034556,-22.97662495345789,4.0
2025-03-10 13:19:05.424,-0.0022435216799853,-13.205795747403224,4.0
2025-03-10 13:19:05.444,-0.0019771573661568,-1.0552697678781136,4.0
2025-03-10 13:19:05.464,-0.0015376566883071,12.89342479675082,4.0
2025-03-10 13:19:05.483,-0.0009291886985569,27.74707222883707,4.0
2025-03-10 13:19:05.503,-0.0001875622365812,42.390647010073145,4.0
2025-03-10 13:19:05.522,0.0006248651680368,55.618069200669495,4.0
2025-03-10 13:19:05.542,0.0014314495205492,66.28493226242219,4.0
2025-03-10 13:19:05.561,0.0021571922807214,73.46006716353406,4.0
2025-03-10 13:19:05.581,0.0027435956177335,76.55194635719462,4.0
2025-03-10 13:19:05.600,0.0031583337771348,75.3888230356477,4.0
2025-03-10 13:19:05.620,0.0033977224613339,70.23826955018319,4.0
2025-03-10 13:19:05.639,0.0034824199412895,61.76184625891882,4.0
2025-03-10 13:19:05.659,0.0034486454116339,50.91234765688444,4.0
2025-03-10 13:19:05.678,0.0033379884670296,38.79186959388056,4.0
2025-03-10 13:19:05.698,0.0031885988399044,26.496112231168706,4.0
2025-03-10 13:19:05.717,0.0030295059408879,14.972042142087844,4.0
2025-03-10 13:19:05.737,0.0028785310735442,4.912006269097109,4.0
2025-03-10 13:19:05.757,0.0027432032284114,-3.30107721048663,4.0
2025-03-10 13:19:05.776,0.0026235237494976,-9.593430035332398,4.0
2025-03-10 13:19:05.796,0.0025153339243078,-14.15127427749925,4.0
2025-03-10 13:19:05.815,0.0024132746792107,-17.337061007601836,4.0
2025-03-10 13:19:05.835,0.0023127311356954,-19.58983169900641,4.0
2025-03-10 13:19:05.854,0.0022105974072882,-21.32926829600082,4.0
2025-03-10 13:19:05.874,0.002105074240683,-22.88030397905856,4.0
2025-03-10 13:19:05.893,0.0019949470443389,-24.429733459472185,4.0
2025-03-10 13:19:05.913,0.0018788465978879,-26.01917416957032,4.0
2025-03-10 13:19:05.932,0.0017548850317247,-27.571339856890194,4.0
2025-03-10 13:19:05.952,0.0016208543553082,-28.940272974366064,4.0
2025-03-10 13:19:05.971,0.0014749500463188,-29.972060787967717,4.0
2025-03-10 13:19:05.991,0.0013167736892588,-30.561281969891624,4.0
2025-03-10 13:19:06.010,0.0011482094717107,-30.690089859954625,4.0
2025-03-10 13:19:06.030,0.0009737472259996,-30.44099752291608,4.0
2025-03-10 13:19:06.050,0.0008000099435027,-29.980226561183976,4.0
2025-03-10 13:19:06.069,0.0006345647333708,-29.51480711257341,4.0
2025-03-10 13:19:06.089,0.0004843699924849,-29.23232203521604,4.0
2025-03-10 13:19:06.108,0.0003543066945351,-29.236269130441293,4.0
2025-03-10 13:19:06.128,0.0002461666064617,-29.491726919971164,4.0
2025-03-10 13:19:06.147,0.000158312487638,-29.794935330307627,4.0
2025-03-10 13:19:06.167,8.605741191970607e-05,-29.77652469748536,4.0
2025-03-10 13:19:06.186,2.2660955166361685e-05,-28.94191669591972,4.0
2025-03-10 13:19:06.206,-3.928352955269065e-05,-26.74489748107777,4.0
2025-03-10 13:19:06.225,-0.0001063773515851,-22.68302373864808,4.0
2025-03-10 13:19:06.245,-0.0001831695229381,-16.398083673603566,4.0
2025-03-10 13:19:06.264,-0.0002713482954935,-7.76277908587178,4.0
2025-03-10 13:19:06.284,-0.000369444059812,3.063175318495976,4.0
2025-03-10 13:19:06.303,-0.0004730177644295,15.6186743790092,4.0
2025-03-10 13:19:06.323,-0.0005752842937282,29.17193567540081,4.0
2025-03-10 13:19:06.342,-0.0006681201304441,42.791824179568174,4.0
2025-03-10 13:19:06.362,-0.0007433655090679,55.44910837990131,4.0
2025-03-10 13:19:06.382,-0.0007942420980921,66.13326758853836,4.0
2025-03-10 13:19:06.401,-0.0008166272241874,73.96919547104017,4.0
2025-03-10 13:19:06.421,-0.000809934152967,78.31872247413528,4.0
2025-03-10 13:19:06.440,-0.0007774460090602,78.85382166041504,4.0
2025-03-10 13:19:06.460,-0.0007260479085169,75.59158678582736,4.0
2025-03-10 13:19:06.479,-0.0006653490150732,68.88574465243438,4.0
2025-03-10 13:19:06.499,-0.0006062542607225,59.37550947369372,4.0
2025-03-10 13:19:06.518,-0.0005591956752884,47.89926640765893,4.0
2025-03-10 13:19:06.538,-0.0005323907841253,35.386491751773534,4.0
2025-03-10 13:19:06.557,-0.0005305334655517,22.74491836121264,4.0
2025-03-10 13:19:06.577,-0.0005542052494165,10.760196251985269,4.0
2025-03-10 13:19:06.596,-0.0006000781218277,0.0221409613394465,4.0
2025-03-10 13:19:06.616,-0.0006617413820929,-9.1139343300832,4.0
2025-03-10 13:19:06.635,-0.0007308175005551,-16.528848210173905,4.0
2025-03-10 13:19:06.655,-0.000798038098913,-22.308261634938106,4.0
2025-03-10 13:19:06.675,-0.0008541469606407,-26.68726981328489,4.0
2025-03-10 13:19:06.694,-0.0008907308621255,-29.982541866571136,4.0
2025-03-10 13:19:06.714,-0.000901143323847,-32.52458847422647,4.0
2025-03-10 13:19:06.733,-0.0008815262168,-34.60165183724486,4.0
2025-03-10 13:19:06.753,-0.0008316930251427,-36.42369984210759,4.0
2025-03-10 13:19:06.772,-0.0007555046081735,-38.11044424362777,4.0
2025-03-10 13:19:06.792,-0.0006604285215432,-39.70198973840152,4.0
2025-03-10 13:19:06.811,-0.0005561962549852,-41.18577168536467,4.0
2025-03-10 13:19:06.831,-0.0004527819600525,-42.52999502484009,4.0
2025-03-10 13:19:06.850,-0.000358220312981,-43.71269532927313,4.0
2025-03-10 13:19:06.870,-0.0002769269428657,-44.73714127662162,4.0
2025-03-10 13:19:06.889,-0.0002090799535972,-45.62830613267517,4.0
2025-03-10 13:19:06.909,-0.0001512823575024,-46.410683081593895,4.0
2025-03-10 13:19:06.928,-9.8283597694907e-05,-47.073510712596814,4.0
2025-03-10 13:19:06.948,-4.516760365238297e-05,-47.53405929745928,4.0
2025-03-10 13:19:06.968,1.0735894107496796e-05,-47.611688500138754,4.0
2025-03-10 13:19:06.987,6.883571010324227e-05,-47.02403789501725,4.0
2025-03-10 13:19:07.007,0.0001254508154083,-45.41182680163417,4.0
2025-03-10 13:19:07.026,0.0001750731076981,-42.39122652581664,4.0
2025-03-10 13:19:07.046,0.0002123030047066,-37.62457702805422,4.0
2025-03-10 13:19:07.065,0.0002338586134399,-30.893904993122305,4.0
2025-03-10 13:19:07.085,0.0002400534400495,-22.159553675818508,4.0
2025-03-10 13:19:07.104,0.0002352961154913,-11.589314590855198,4.0
2025-03-10 13:19:07.124,0.0002274216505147,0.4490096881508748,4.0
2025-03-10 13:19:07.143,0.0002259302769962,13.429094573285276,4.0
2025-03-10 13:19:07.163,0.0002394583037576,26.730606669479474,4.0
2025-03-10 13:19:07.182,0.000273062035616,39.71090490901513,4.0
2025-03-10 13:19:07.202,0.0003261155303658,51.76819784293495,4.0
2025-03-10 13:19:07.221,0.0003916293721706,62.38497268400105,4.0
2025-03-10 13:19:07.241,0.0004574373129981,71.1477091743146,4.0
2025-03-10 13:19:07.260,0.0005090464167557,77.74634462615629,4.0
2025-03-10 13:19:07.280,0.0005333077979535,81.96242986885117,4.0
2025-03-10 13:19:07.300,0.0005217554630506,83.6569029216731,4.0
2025-03-10 13:19:07.319,0.0004726086129061,82.76645854334325,4.0
2025-03-10 13:19:07.339,0.0003909448765163,79.31233861620456,4.0
2025-03-10 13:19:07.358,0.0002871928527996,73.41880376618072,4.0
2025-03-10 13:19:07.378,0.0001745900861258,65.33293812632544,4.0
2025-03-10 13:19:07.397,6.642510490173761e-05,55.434885679252005,4.0
2025-03-10 13:19:07.417,-2.6261622037618894e-05,44.2290870830216,4.0
2025-03-10 13:19:07.436,-9.614054568491182e-05,32.31202835922291,4.0
2025-03-10 13:19:07.456,-0.0001401298776699,20.318671012188197,4.0
2025-03-10 13:19:07.475,-0.0001591186215128,8.855940883499335,4.0
2025-03-10 13:19:07.495,-0.0001570949473466,-1.5643758412635334,4.0
2025-03-10 13:19:07.514,-0.0001399353453993,-10.58020515485744,4.0
2025-03-10 13:19:07.534,-0.0001141177750002,-18.010571503080644,4.0
2025-03-10 13:19:07.553,-8.561431574841064e-05,-23.85813840492621,4.0
2025-03-10 13:19:07.573,-5.915809713662641e-05,-28.28350593000505,4.0
2025-03-10 13:19:07.593,-3.7945301726729766e-05,-31.55787381852758,4.0
2025-03-10 13:19:07.612,-2.3691856354934092e-05,-34.00496436195567,4.0
2025-03-10 13:19:07.632,-1.6910655600043013e-05,-35.94459489048503,4.0
2025-03-10 13:19:07.651,-1.730726999276188e-05,-37.6486212189377,4.0
2025-03-10 13:19:07.671,-2.4215691148592243e-05,-39.315626166968606,4.0
2025-03-10 13:19:07.690,-3.696465436965231e-05,-41.06498079544439,4.0
2025-03-10 13:19:07.710,-5.504413159641775e-05,-42.94548610703054,4.0
2025-03-10 13:19:07.729,-7.800589115415074e-05,-44.95034337198951,4.0
2025-03-10 13:19:07.749,-0.0001051664373535,-47.02972222678204,4.0
2025-03-10 13:19:07.768,-0.0001352962026558,-49.09478673989222,4.0
2025-03-10 13:19:07.788,-0.0001664958810561,-51.0118270092431,4.0
2025-03-10 13:19:07.807,-0.0001963707129281,-52.59053567105404,4.0
2025-03-10 13:19:07.827,-0.0002224727493557,-53.574609673932045,4.0
2025-03-10 13:19:07.846,-0.0002428578990003,-53.6441794505432,4.0
2025-03-10 13:19:07.866,-0.0002565435955028,-52.43730742765644,4.0
2025-03-10 13:19:07.885,-0.0002636757090129,-49.59235423780622,4.0
2025-03-10 13:19:07.905,-0.0002653224030257,-44.80598195958186,4.0
2025-03-10 13:19:07.925,-0.0002629787048919,-37.8953377615728,4.0
2025-03-10 13:19:07.944,-0.0002580118021083,-28.849893242811515,4.0
2025-03-10 13:19:07.964,-0.0002513072211685,-17.859860663177606,4.0
2025-03-10 13:19:07.983,-0.000243255065531,-5.313762639963004,4.0
2025-03-10 13:19:08.003,-0.0002340159280897,8.234343225838847,4.0
2025-03-10 13:19:08.022,-0.0002238538043973,22.12008771979965,4.0
2025-03-10 13:19:08.042,-0.0002133070682803,35.634176569559656,4.0
2025-03-10 13:19:08.061,-0.0002030938966623,48.08543532014527,4.0
2025-03-10 13:19:08.081,-0.0001938370240691,58.85245159751732,4.0
2025-03-10 13:19:08.100,-0.0001858236688081,67.42009732536312,4.0
2025-03-10 13:19:08.120,-0.0001790053539202,73.40228111978413,4.0
2025-03-10 13:19:08.139,-0.0001732921025782,76.55532837469038,4.0
2025-03-10 13:19:08.159,-0.0001689906533093,76.78662078873992,4.0
2025-03-10 13:19:08.178,-0.0001671089038524,74.16085238873339,4.0
2025-03-10 13:19:08.198,-0.0001693001244142,68.90271334367452,4.0
2025-03-10 13:19:08.218,-0.0001774211961005,61.39172342347934,4.0
2025-03-10 13:19:08.237,-0.0001928804494592,52.14384783742059,4.0
2025-03-10 13:19:08.257,-0.0002160274248738,41.77614233482527,4.0
2025-03-10 13:19:08.276,-0.0002457858501958,30.954562364211323,4.0
2025-03-10 13:19:08.296,-0.0002796257930921,20.32990551056131,4.0
2025-03-10 13:19:08.315,-0.0003138727568297,10.471004202612557,4.0
2025-03-10 13:19:08.335,-0.0003442815779102,1.8064203424243763,4.0
2025-03-10 13:19:08.354,-0.0003667601989282,-5.4146348432513935,4.0
2025-03-10 13:19:08.374,-0.0003781067474184,-11.13453883632162,4.0
2025-03-10 13:19:08.393,-0.0003766186031937,-15.470047198063565,4.0
2025-03-10 13:19:08.413,-0.0003624439468578,-18.66887294938937,4.0
2025-03-10 13:19:08.432,-0.0003375781761247,-21.048694899215533,4.0
2025-03-10 13:19:08.452,-0.0003054646783653,-22.93092277511518,4.0
2025-03-10 13:19:08.471,-0.0002702446541193,-24.582567618971915,4.0
2025-03-10 13:19:08.491,-0.000235807657746,-26.1775596010835,4.0
2025-03-10 13:19:08.511,-0.0002048940613611,-27.784211037856338,4.0
2025-03-10 13:19:08.530,-0.0001785355783,-29.379315236755694,4.0
2025-03-10 13:19:08.550,-0.0001560385686585,-30.883105091692997,4.0
2025-03-10 13:19:08.569,-0.0001355248119199,-32.20449795476282,4.0
2025-03-10 13:19:08.589,-0.0001148252005089,-33.28384679128522,4.0
2025-03-10 13:19:08.608,-9.238030991235146e-05,-34.12123236474041,4.0
2025-03-10 13:19:08.628,-6.780819606364828e-05,-34.78188805881675,4.0
2025-03-10 13:19:08.647,-4.1943970423531424e-05,-35.37584668568738,4.0
2025-03-10 13:19:08.667,-1.6361322720779545e-05,-36.01524341606424,4.0
2025-03-10 13:19:08.686,7.432473498387936e-06,-36.75867610668377,4.0
2025-03-10 13:19:08.706,2.883644497614181e-05,-37.556369227152274,4.0
2025-03-10 13:19:08.725,4.874506544854021e-05,-38.21150110805113,4.0
2025-03-10 13:19:08.745,6.970240588426011e-05,-38.37121609169989,4.0
2025-03-10 13:19:08.764,9.558427299506684e-05,-37.55550977648678,4.0
2025-03-10 13:19:08.784,0.0001309045856607,-35.224165712026874,4.0
2025-03-10 13:19:08.803,0.0001799289736893,-30.872888855256065,4.0
2025-03-10 13:19:08.823,0.0002458085177772,-24.141913161444545,4.0
2025-03-10 13:19:08.843,0.0003299142212445,-14.915804714064375,4.0
2025-03-10 13:19:08.862,0.0004314742450579,-3.3933116976151587,4.0
2025-03-10 13:19:08.882,0.000547534117247,9.889029675373992,4.0
2025-03-10 13:19:08.901,0.0006732096956921,24.08753948451783,4.0
2025-03-10 13:19:08.921,0.0008021859756423,38.13462443290311,4.0
2025-03-10 13:19:08.940,0.0009274135385047,50.86382299613359,4.0
2025-03-10 13:19:08.960,0.0010419483183111,61.15868306874052,4.0
2025-03-10 13:19:08.979,0.0011398576439599,68.10291590190818,4.0
2025-03-10 13:19:08.999,0.0012170777348957,71.10785003779357,4.0
2025-03-10 13:19:09.018,0.001272070805182,69.9954820594624,4.0
2025-03-10 13:19:09.038,0.0013061204012454,65.0217454503859,4.0
2025-03-10 13:19:09.057,0.0013231491525478,56.83459245719176,4.0
2025-03-10 13:19:09.077,0.0013290491461266,46.37347193398183,4.0
2025-03-10 13:19:09.096,0.0013306397955493,34.72807920475032,4.0
2025-03-10 13:19:09.116,0.0013344406676396,22.98194106343448,4.0
2025-03-10 13:19:09.136,0.0013454403369491,12.068490290492818,4.0
2025-03-10 13:19:09.155,0.0013660125578609,2.66344239832206,4.0
2025-03-10 13:19:09.175,0.0013951484516244,-4.871173511262787,4.0
2025-03-10 13:19:09.194,0.0014282265995121,-10.486724704808314,4.0
2025-03-10 13:19:09.214,0.0014575402120345,-14.397368086924477,4.0
2025-03-10 13:19:09.233,0.0014736642729357,-16.993455488346555,4.0
2025-03-10 13:19:09.253,0.001467482950017,-18.738320192275,4.0
2025-03-10 13:19:09.272,0.0014324034692357,-20.06901803977988,4.0
2025-03-10 13:19:09.292,0.0013661085833247,-21.31901870961432,4.0
2025-03-10 13:19:09.311,0.0012712745118951,-22.675063597765508,4.0
2025-03-10 13:19:09.331,0.0011550015511617,-24.17257650234976,4.0
2025-03-10 13:19:09.350,0.0010271229468586,-25.72574431882876,4.0
2025-03-10 13:19:09.370,0.0008978957503736,-27.18140137648782,4.0
2025-03-10 13:19:09.389,0.0007757275778469,-28.381545312332324,4.0
2025-03-10 13:19:09.409,0.0006655299302303,-29.218432323082443,4.0
2025-03-10 13:19:09.429,0.0005680489800197,-29.6687609231836,4.0
2025-03-10 13:19:09.448,0.0004802050828552,-29.79881580564016,4.0
2025-03-10 13:19:09.468,0.0003962066444084,-29.739461968217373,4.0
2025-03-10 13:19:09.487,0.0003090885657974,-29.63710474950186,4.0
2025-03-10 13:19:09.507,0.0002123473082862,-29.59266772866142,4.0
2025-03-10 13:19:09.526,0.00010140574608,-29.60402480099256,4.0
2025-03-10 13:19:09.546,-2.533087489471292e-05,-29.527361114643696,4.0
2025-03-10 13:19:09.565,-0.0001660470894287,-29.069459355569396,4.0
2025-03-10 13:19:09.585,-0.0003158509657172,-27.81645377094385,4.0
2025-03-10 13:19:09.604,-0.0004678215942718,-25.29642847244576,4.0
2025-03-10 13:19:09.624,-0.0006145076882551,-21.065202526467736,4.0
2025-03-10 13:19:09.643,-0.0007494794687949,-14.798780900689945,4.0
2025-03-10 13:19:09.663,-0.0008685493314653,-6.373896320957369,4.0
2025-03-10 13:19:09.682,-0.0009704101568132,4.079549827722727,4.0
2025-03-10 13:19:09.702,-0.0010566139048012,16.164230552559392,4.0
2025-03-10 13:19:09.721,-0.0011309705252728,29.241428055288484,4.0
2025-03-10 13:19:09.741,-0.0011985647177482,42.49193567504267,4.0
2025-03-10 13:19:09.761,-0.001264646635816,55.00117246796857,4.0
2025-03-10 13:19:09.780,-0.0013336418258352,65.85568606678977,4.0
2025-03-10 13:19:09.800,-0.0014084670788346,74.23867509578169,4.0
2025-03-10 13:19:09.819,-0.0014902679999839,79.51408889683009,4.0
2025-03-10 13:19:09.839,-0.001578621921075,81.291114586919,4.0
2025-03-10 13:19:09.858,-0.0016721594437928,79.46287893530935,4.0
2025-03-10 13:19:09.878,-0.0017694343109246,74.21513916086793,4.0
2025-03-10 13:19:09.897,-0.0018697421311037,66.00318572616433,4.0
2025-03-10 13:19:09.917,-0.0019735384089642,55.49856216734824,4.0
2025-03-10 13:19:09.936,-0.0020822155133511,43.51136124326585,4.0
2025-03-10 13:19:09.956,-0.0021972515075144,30.89795557052696,4.0
2025-03-10 13:19:09.975,-0.002319020408592,18.46689840438057,4.0
2025-03-10 13:19:09.995,-0.002445711663983,6.896406984979576,4.0
2025-03-10 13:19:10.014,-0.0025727760307853,-3.3250475727005995,4.0
2025-03-10 13:19:10.034,-0.0026931247909903,-11.927601403266832,4.0
2025-03-10 13:19:10.054,-0.0027980524524929,-18.856234737861847,4.0
2025-03-10 13:19:10.073,-0.0028786343624892,-24.237866901379448,4.0
2025-03-10 13:19:10.093,-0.0029272410231337,-28.32752850496737,4.0
2025-03-10 13:19:10.112,-0.0029388100528637,-31.444929532114987,4.0
2025-03-10 13:19:10.132,-0.00291157397485,-33.91363226441701,4.0
2025-03-10 13:19:10.151,-0.0028470438866159,-36.01348266087532,4.0
2025-03-10 13:19:10.171,-0.0027492336424182,-37.95317926790461,4.0
2025-03-10 13:19:10.190,-0.0026233623574854,-39.86461687874923,4.0
2025-03-10 13:19:10.210,-0.0024744823123741,-41.8151310713496,4.0
2025-03-10 13:19:10.229,-0.0023065242951147,-43.82938907596859,4.0
2025-03-10 13:19:10.249,-0.0021220963047761,-45.91065084134471,4.0
2025-03-10 13:19:10.268,-0.0019230648252432,-48.05212837549803,4.0
2025-03-10 13:19:10.288,-0.0017115994020169,-50.23304759034153,4.0
2025-03-10 13:19:10.307,-0.001491121383801,-52.39977118064599,4.0
2025-03-10 13:19:10.327,-0.0012666101573967,-54.43836600793218,4.0
2025-03-10 13:19:10.347,-0.0010440172529713,-56.14947934189733,4.0
2025-03-10 13:19:10.366,-0.0008289741814723,-57.237795453944265,4.0
2025-03-10 13:19:10.386,-0.0006253106986686,-57.32589445687356,4.0
2025-03-10 13:19:10.405,-0.0004339608598664,-55.99630493385408,4.0
2025-03-10 13:19:10.425,-0.0002526367387641,-52.8573380206539,4.0
2025-03-10 13:19:10.444,-7.634114890988496e-05,-47.62021578339791,4.0
2025-03-10 13:19:10.464,0.000101465422875,-40.16967262816499,4.0
2025-03-10 13:19:10.483,0.000287357754926,-30.609671861123825,4.0
2025-03-10 13:19:10.503,0.0004864444342353,-19.270792420646945,4.0
2025-03-10 13:19:10.522,0.0007011990604106,-6.675046421872721,4.0
2025-03-10 13:19:10.542,0.0009308805456688,6.535261492966385,4.0
2025-03-10 13:19:10.561,0.0011716626523028,19.688741958683533,4.0
2025-03-10 13:19:10.581,0.0014174217335034,32.17527903198154,4.0
2025-03-10 13:19:10.600,0.001660991012528,43.51519418525094,4.0
2025-03-10 13:19:10.620,0.0018956265391906,53.39277190707413,4.0
2025-03-10 13:19:10.639,0.0021164259649866,61.64926888501908,4.0
2025-03-10 13:19:10.659,0.0023214356303434,68.24122373510586,4.0
2025-03-10 13:19:10.679,0.0025121648283189,73.17892508244705,4.0
2025-03-10 13:19:10.698,0.0026932703067088,76.46489326293005,4.0
2025-03-10 13:19:10.718,0.0028713428985354,78.05175811774546,4.0
2025-03-10 13:19:10.737,0.0030530015113444,77.83292319205269,4.0
2025-03-10 13:19:10.757,0.0032427818184616,75.66939689485703,4.0
2025-03-10 13:19:10.776,0.0034414712561804,71.4449821560004,4.0
2025-03-10 13:19:10.796,0.0036454900700268,65.13307581275092,4.0
2025-03-10 13:19:10.815,0.0038476427094371,56.85447926844871,4.0
2025-03-10 13:19:10.835,0.0040391673108831,46.90800796993287,4.0
2025-03-10 13:19:10.854,0.0042126430700117,35.76332214461223,4.0
2025-03-10 13:19:10.874,0.0043650684749613,24.01565519030047,4.0
2025-03-10 13:19:10.893,0.0045003103945847,12.311823616613554,4.0
2025-03-10 13:19:10.913,0.0046301533647192,1.2634891212829626,4.0
2025-03-10 13:19:10.932,0.0047733719182916,-8.63420278926918,4.0
2025-03-10 13:19:10.952,0.0049525800975598,-17.062723009059543,4.0
2025-03-10 13:19:10.972,0.005189020556659,-23.9086776664027,4.0
2025-03-10 13:19:10.991,0.0054959169727637,-29.257671572202707,4.0
2025-03-10 13:19:11.011,0.0058715197518203,-33.3575595202903,4.0
2025-03-10 13:19:11.030,0.0062934428621596,-36.560487977559546,4.0
2025-03-10 13:19:11.050,0.0067161269254596,-39.25564199932988,4.0
2025-03-10 13:19:11.069,0.007073035902704,-41.80404705873327,4.0
2025-03-10 13:19:11.089,0.0072843536872727,-44.483858099102456,4.0
2025-03-10 13:19:11.108,0.007269554337677,-47.45071328731396,4.0
2025-03-10 13:19:11.128,0.0069625974668871,-50.71446643770632,4.0
2025-03-10 13:19:11.147,0.0063261689375833,-54.131938165081216,4.0
2025-03-10 13:19:11.167,0.0053609103967933,-57.41529377852541,4.0
2025-03-10 13:19:11.186,0.0041064063974145,-60.15639058216811,4.0
2025-03-10 13:19:11.206,0.002632997935448,-61.867603927514125,4.0
2025-03-10 13:19:11.225,0.001026833857593,-62.03816909293543,4.0
2025-03-10 13:19:11.245,-0.0006264539937108,-60.2017940975345,4.0
2025-03-10 13:19:11.264,-0.0022534054674065,-56.00715248336939,4.0
2025-03-10 13:19:11.284,-0.0037962166683642,-49.27958128178277,4.0
2025-03-10 13:19:11.304,-0.005208981032527,-40.06164962084031,4.0
2025-03-10 13:19:11.323,-0.0064512263790902,-28.62318824018722,4.0
2025-03-10 13:19:11.343,-0.0074840355589476,-15.437479001976952,4.0
2025-03-10 13:19:11.362,-0.0082717568447211,-1.1278580105080551,4.0
2025-03-10 13:19:11.382,-0.0087886166003744,13.6044068669738,4.0
2025-03-10 13:19:11.401,-0.0090267257353196,28.056450888324157,4.0
2025-03-10 13:19:11.421,-0.0090014329920148,41.58997954426823,4.0
2025-03-10 13:19:11.440,-0.008751467136153,53.67639265651562,4.0
2025-03-10 13:19:11.460,-0.0083335587477976,63.91572517645072,4.0
2025-03-10 13:19:11.479,-0.0078131172928099,72.03085954752244,4.0
2025-03-10 13:19:11.499,-0.0072535516415193,77.84448310736666,4.0
2025-03-10 13:19:11.518,-0.0067068990493347,81.25024955160859,4.0
2025-03-10 13:19:11.538,-0.0062077473241909,82.1903354880985,4.0
2025-03-10 13:19:11.557,-0.0057713323028708,80.64855387557913,4.0
2025-03-10 13:19:11.577,-0.0053955532863396,76.66203556992963,4.0
2025-03-10 13:19:11.597,-0.0050657807904106,70.34706206463422,4.0
2025-03-10 13:19:11.616,-0.0047609059346149,61.928455383020285,4.0
2025-03-10 13:19:11.636,-0.0044591296040453,51.75926004710352,4.0
2025-03-10 13:19:11.655,-0.0041424001136347,40.31932597368276,4.0
2025-03-10 13:19:11.675,-0.0037989750377314,28.187207135203597,4.0
2025-03-10 13:19:11.694,-0.0034241175739305,15.98754720524122,4.0
2025-03-10 13:19:11.714,-0.0030193336456853,4.323298449358446,4.0
2025-03-10 13:19:11.733,-0.0025907639859415,-6.293444602899034,4.0
2025-03-10 13:19:11.753,-0.0021473491055032,-15.497664719313384,4.0
2025-03-10 13:19:11.772,-0.0016992164586773,-23.103619907129588,4.0
2025-03-10 13:19:11.792,-0.0012564826046406,-29.107874959988656,4.0
2025-03-10 13:19:11.811,-0.0008284233278964,-33.664846694660305,4.0
2025-03-10 13:19:11.831,-0.0004228305926045,-37.04237244629273,4.0
2025-03-10 13:19:11.850,-4.53956330093777e-05,-39.56815355340014,4.0
2025-03-10 13:19:11.870,0.000300882793459,-41.57806150983716,4.0
2025-03-10 13:19:11.890,0.0006160642803839,-43.37446101810653,4.0
2025-03-10 13:19:11.909,0.0009031137647644,-45.19804275281651,4.0
2025-03-10 13:19:11.929,0.0011670564437106,-47.21187992290557,4.0
2025-03-10 13:19:11.948,0.0014135487390764,-49.49322312949422,4.0
2025-03-10 13:19:11.968,0.0016472406583242,-52.02798184149342,4.0
2025-03-10 13:19:11.987,0.0018704107968576,-54.70493095026076,4.0
2025-03-10 13:19:12.007,0.0020822731021586,-57.3104379851771,4.0
2025-03-10 13:19:12.026,0.0022791401782052,-59.52830991751056,4.0
2025-03-10 13:19:12.046,0.0024553725842068,-60.95151343678793,4.0
2025-03-10 13:19:12.065,0.002604847465371,-61.11182077864903,4.0
2025-03-10 13:19:12.085,0.0027225973710073,-59.529600864380775,4.0
2025-03-10 13:19:12.104,0.0028062845365605,-55.77990241160896,4.0
2025-03-10 13:19:12.124,0.0028572352323599,-49.56459030249266,4.0
2025-03-10 13:19:12.143,0.0028808138198642,-40.775998131345794,4.0
2025-03-10 13:19:12.163,0.0028859577489051,-29.5373032215168,4.0
2025-03-10 13:19:12.182,0.0028837848799486,-16.209217257777382,4.0
2025-03-10 13:19:12.202,0.0028853967622618,-1.3604459219039404,4.0
2025-03-10 13:19:12.222,0.0028992987918409,14.29186075690704,4.0
2025-03-10 13:19:12.241,0.0029290851229905,29.95868714632717,4.0
2025-03-10 13:19:12.261,0.0029720572657724,44.85711789497721,4.0
2025-03-10 13:19:12.280,0.0030192461455293,58.275991279165694,4.0
2025-03-10 13:19:12.300,0.0030569599030052,69.62098404505801,4.0
2025-03-10 13:19:12.319,0.003069576226501,78.43769115831641,4.0
2025-03-10 13:19:12.339,0.0030429463058887,84.41716493828889,4.0
2025-03-10 13:19:12.358,0.0029675957253649,87.39164777999856,4.0
2025-03-10 13:19:12.378,0.0028409608745443,87.3281747302015,4.0
2025-03-10 13:19:12.397,0.0026681536368787,84.32476412439843,4.0
2025-03-10 13:19:12.417,0.0024611102999041,78.60942410959818,4.0
2025-03-10 13:19:12.436,0.0022363618418317,70.53802203705496,4.0
2025-03-10 13:19:12.456,0.0020119726717535,60.58484217424435,4.0
2025-03-10 13:19:12.475,0.0018043449026046,49.32023283231111,4.0
2025-03-10 13:19:12.495,0.0016255414562543,37.37286116662136,4.0
2025-03-10 13:19:12.515,0.0014816001516085,25.378591418733603,4.0
2025-03-10 13:19:12.534,0.0013720851219489,13.922346161326454,4.0
2025-03-10 13:19:12.554,0.0012909021330166,3.4821657872747505,4.0
2025-03-10 13:19:12.573,0.0012281856650504,-5.614734942547213,4.0
2025-03-10 13:19:12.593,0.0011728368144073,-13.21594348035771,4.0
2025-03-10 13:19:12.612,0.0011150975173954,-19.34367026643338,4.0
2025-03-10 13:19:12.632,0.0010484992722114,-24.171003775050348,4.0
2025-03-10 13:19:12.651,0.0009707093392655,-27.979729877665232,4.0
2025-03-10 13:19:12.671,0.0008831679177951,-31.10795237800125,4.0
2025-03-10 13:19:12.690,0.0007898019766044,-33.896638062912714,4.0
2025-03-10 13:19:12.710,0.000695346077326,-36.6427733315161,4.0
2025-03-10 13:19:12.729,0.0006038133677042,-39.56372082381964,4.0
2025-03-10 13:19:12.749,0.0005174777581734,-42.7738284895722,4.0
2025-03-10 13:19:12.768,0.0004364798806875,-46.27170730281773,4.0
2025-03-10 13:19:12.788,0.0003589740137282,-49.93576844328849,4.0
2025-03-10 13:19:12.808,0.0002816268641087,-53.52670253149161,4.0
2025-03-10 13:19:12.827,0.0002002425921022,-56.69784052805088,4.0
2025-03-10 13:19:12.847,0.0001103093079534,-59.01642488574066,4.0
2025-03-10 13:19:12.866,7.352331854479011e-06,-59.99932776449412,4.0
2025-03-10 13:19:12.886,-0.0001128681156397,-59.16477016411727,4.0
2025-03-10 13:19:12.905,-0.0002541370990812,-56.0971933433258,4.0
2025-03-10 13:19:12.925,-0.0004193420579775,-50.51683982108554,4.0
2025-03-10 13:19:12.944,-0.000609732825557,-42.34091606087519,4.0
2025-03-10 13:19:12.964,-0.0008240209159391,-31.72166163291015,4.0
2025-03-10 13:19:12.983,-0.0010576425825286,-19.049625324566424,4.0
2025-03-10 13:19:13.003,-0.001302588719598,-4.917726945748042,4.0
2025-03-10 13:19:13.022,-0.0015481216027321,9.948683461553896,4.0
2025-03-10 13:19:13.042,-0.0017824517414229,24.78159673653327,4.0
2025-03-10 13:19:13.061,-0.0019951005178683,38.86044888102476,4.0
2025-03-10 13:19:13.081,-0.0021793416239872,51.583161860498656,4.0
2025-03-10 13:19:13.100,-0.0023339388796136,62.50426954568407,4.0
2025-03-10 13:19:13.120,-0.0024635129710382,71.33560807392341,4.0
2025-03-10 13:19:13.140,-0.002577309464319,77.9154352108275,4.0
2025-03-10 13:19:13.159,-0.0026867474190851,82.16028978636646,4.0
2025-03-10 13:19:13.179,-0.0028026057183909,84.01795254977847,4.0
2025-03-10 13:19:13.198,-0.0029328045852716,83.4383001496636,4.0
2025-03-10 13:19:13.218,-0.0030814109992784,80.37212196667394,4.0
2025-03-10 13:19:13.237,-0.0032489165906718,74.79823472960202,4.0
2025-03-10 13:19:13.257,-0.0034333227604961,66.76964537412331,4.0
2025-03-10 13:19:13.276,-0.0036313729101224,56.463134755254025,4.0
2025-03-10 13:19:13.296,-0.0038394167559943,44.215267952747645,4.0
2025-03-10 13:19:13.315,-0.0040537083007462,30.53143733552447,4.0
2025-03-10 13:19:13.335,-0.0042702334999142,16.061489792581327,4.0
2025-03-10 13:19:13.354,-0.0044843134298786,1.543518614588154,4.0
2025-03-10 13:19:13.374,-0.0046901965865546,-12.275432166390674,4.0
2025-03-10 13:19:13.393,-0.0048806920483275,-24.72795544002337,4.0
2025-03-10 13:19:13.413,-0.0050467285257002,-35.308158658035715,4.0
2025-03-10 13:19:13.433,-0.0051766827389645,-43.73178963012739,4.0
2025-03-10 13:19:13.452,-0.0052554597460515,-49.96350417613925,4.0
2025-03-10 13:19:13.472,-0.0052635765784452,-54.20624571710379,4.0
2025-03-10 13:19:13.491,-0.0051767731280561,-56.85458018274963,4.0
2025-03-10 13:19:13.511,-0.0049668186543773,-58.420011000488365,4.0
2025-03-10 13:19:13.530,-0.0046041084900252,-59.44057942801888,4.0
2025-03-10 13:19:13.550,-0.004062313211424,-60.38883416102268,4.0
2025-03-10 13:19:13.569,-0.0033247610039125,-61.591642150970486,4.0
2025-03-10 13:19:13.589,-0.0023914866436502,-63.17295486665444,4.0
2025-03-10 13:19:13.608,-0.0012851714839146,-65.02733864715509,4.0
2025-03-10 13:19:13.628,-5.385263758921236e-05,-66.82839185643599,4.0
2025-03-10 13:19:13.647,0.0012313807263795,-68.07226509371472,4.0
2025-03-10 13:19:13.667,0.0024843375706094,-68.15224521960643,4.0
2025-03-10 13:19:13.686,0.0036162400567021,-66.45568940683489,4.0
2025-03-10 13:19:13.706,0.0045500737347085,-62.46988496704441,4.0
2025-03-10 13:19:13.725,0.0052332309224139,-55.87971278687982,4.0
2025-03-10 13:19:13.745,0.005645339704553,-46.63883084341708,4.0
2025-03-10 13:19:13.765,0.0057996159020654,-34.998823763314455,4.0
2025-03-10 13:19:13.784,0.0057378733337969,-21.487742506027217,4.0
2025-03-10 13:19:13.804,0.0055208422043541,-6.839549151019578,4.0
2025-03-10 13:19:13.823,0.0052163034080899,8.11323632973483,4.0
2025-03-10 13:19:13.843,0.0048876527846538,22.562789501056464,4.0
2025-03-10 13:19:13.862,0.0045849897144557,35.840139125995584,4.0
2025-03-10 13:19:13.882,0.0043399499072796,47.4967315529524,4.0
2025-03-10 13:19:13.901,0.004164574638515,57.33670633376696,4.0
2025-03-10 13:19:13.921,0.0040537384465267,65.39384539905951,4.0
2025-03-10 13:19:13.940,0.0039901210435681,71.85945288486245,4.0
2025-03-10 13:19:13.960,0.0039504081916136,76.9787621711865,4.0
2025-03-10 13:19:13.979,0.0039113436469776,80.94129394358666,4.0
2025-03-10 13:19:13.999,0.0038544515316451,83.79284863256159,4.0
2025-03-10 13:19:14.018,0.0037686942379199,85.39248611294715,4.0
2025-03-10 13:19:14.038,0.0036509246936721,85.42741615155144,4.0
2025-03-10 13:19:14.058,0.0035045581381495,83.48438031436932,4.0
2025-03-10 13:19:14.077,0.0033372536390193,79.16138893676246,4.0
2025-03-10 13:19:14.097,0.0031584572067686,72.19259037610003,4.0
2025-03-10 13:19:14.116,0.0029774303390874,62.55484572041566,4.0
2025-03-10 13:19:14.136,0.0028020119789462,50.52861322012233,4.0
2025-03-10 13:19:14.155,0.0026380357879041,36.6968908482047,4.0
2025-03-10 13:19:14.175,0.0024891743853246,21.88097027253785,4.0
2025-03-10 13:19:14.194,0.0023570041294603,7.026419335482744,4.0
2025-03-10 13:19:14.214,0.0022411889044328,-6.936663524952212,4.0
2025-03-10 13:19:14.233,0.0021397738473347,-19.23063151229537,4.0
2025-03-10 13:19:14.253,0.0020496158234187,-29.338035880673356,4.0
2025-03-10 13:19:14.272,0.001966964339783,-37.0609338167833,4.0
2025-03-10 13:19:14.292,0.0018881621302578,-42.52299173744287,4.0
2025-03-10 13:19:14.311,0.0018103652281568,-46.116866653878375,4.0
2025-03-10 13:19:14.331,0.0017321063219636,-48.40920814897936,4.0
2025-03-10 13:19:14.351,0.0016534984717875,-50.02235902992869,4.0
2025-03-10 13:19:14.370,0.0015759578560008,-51.51445420519816,4.0
2025-03-10 13:19:14.390,0.0015014946598575,-53.27807606314261,4.0
2025-03-10 13:19:14.409,0.0014317786070429,-55.47277910057613,4.0
2025-03-10 13:19:14.429,0.0013672515560442,-58.00008832345315,4.0
2025-03-10 13:19:14.448,0.0013065354363158,-60.52251835740071,4.0
2025-03-10 13:19:14.468,0.0012462985204917,-62.52186855851679,4.0
2025-03-10 13:19:14.487,0.0011816246904605,-63.387040391526,4.0
2025-03-10 13:19:14.507,0.0011068219141188,-62.51796206912479,4.0
2025-03-10 13:19:14.526,0.0010165317456181,-59.42987766020951,4.0
2025-03-10 13:19:14.546,0.0009069347561779,-53.84151774560419,4.0
2025-03-10 13:19:14.565,0.0007767701630393,-45.73210737725952,4.0
2025-03-10 13:19:14.585,0.0006278556788854,-35.35637977334889,4.0
2025-03-10 13:19:14.604,0.0004648800834533,-23.213758872799406,4.0
2025-03-10 13:19:14.624,0.0002944433523342,-9.976626022671832,4.0
2025-03-10 13:19:14.643,0.0001235502900769,3.608865057350388,4.0
2025-03-10 13:19:14.663,-4.20674992346249e-05,16.829854262833774,4.0
2025-03-10 13:19:14.683,-0.0001993670777904,29.100187803948355,4.0
2025-03-10 13:19:14.702,-0.0003487826451274,40.021458524339415,4.0
2025-03-10 13:19:14.722,-0.0004942103559183,49.40001969519912,4.0
2025-03-10 13:19:14.741,-0.0006422510567704,57.21814485852642,4.0
2025-03-10 13:19:14.761,-0.0008009661112999,63.56799807691221,4.0
2025-03-10 13:19:14.780,-0.0009784890670161,68.56592973250254,4.0
2025-03-10 13:19:14.800,-0.0011818076185065,72.26971443746388,4.0
2025-03-10 13:19:14.819,-0.0014159081884217,74.6212146962551,4.0
2025-03-10 13:19:14.839,-0.0016833065670451,75.43116444725824,4.0
2025-03-10 13:19:14.858,-0.0019838518212979,74.41229526210734,4.0
2025-03-10 13:19:14.878,-0.0023146701015565,71.2542696819547,4.0
2025-03-10 13:19:14.897,-0.002670220337031,65.72220349371517,4.0
2025-03-10 13:19:14.917,-0.0030425677227949,57.75335093617274,4.0
2025-03-10 13:19:14.936,-0.0034220165137368,47.52606921519069,4.0
2025-03-10 13:19:14.956,-0.0037981402229715,35.48172063177571,4.0
2025-03-10 13:19:14.976,-0.0041610770273651,22.291779471613733,4.0
2025-03-10 13:19:14.995,-0.0045028323158063,8.775695806280867,4.0
2025-03-10 13:19:15.015,-0.0048183108248849,-4.2135768797038535,4.0
2025-03-10 13:19:15.034,-0.0051058661443991,-15.912734549194797,4.0
2025-03-10 13:19:15.054,-0.0053672414894647,-25.755306189926134,4.0
2025-03-10 13:19:15.073,-0.0056068601363339,-33.442616182635746,4.0
2025-03-10 13:19:15.093,-0.0058305509426407,-38.966581891413306,4.0
2025-03-10 13:19:15.112,-0.0060439823675578,-42.58251871780801,4.0
2025-03-10 13:19:15.132,-0.0062512307332619,-44.739792796072194,4.0
2025-03-10 13:19:15.151,-0.0064538826463276,-45.98541284744174,4.0
2025-03-10 13:19:15.171,-0.0066508482100445,-46.85921137716281,4.0
2025-03-10 13:19:15.190,-0.00683878895395,-47.79883073281464,4.0
2025-03-10 13:19:15.210,-0.0070129080923639,-49.06899548632932,4.0
2025-03-10 13:19:15.229,-0.0071678480859689,-50.723899840254674,4.0
2025-03-10 13:19:15.249,-0.0072985197584051,-52.6055034067772,4.0
2025-03-10 13:19:15.269,-0.0074007687881676,-54.37528005283391,4.0
2025-03-10 13:19:15.288,-0.007471829562926,-55.57302230937343,4.0
2025-03-10 13:19:15.308,-0.0075105185073916,-55.69359750072359,4.0
2025-03-10 13:19:15.327,-0.0075171067460041,-54.27074914071315,4.0
2025-03-10 13:19:15.347,-0.0074928401434593,-50.95595506599536,4.0
2025-03-10 13:19:15.366,-0.0074391770698434,-45.58023749510264,4.0
2025-03-10 13:19:15.386,-0.007356945277849,-38.18830954486843,4.0
2025-03-10 13:19:15.405,-0.007245684238481,-29.03816280917038,4.0
2025-03-10 13:19:15.425,-0.007103391284534,-18.56516896996168,4.0
2025-03-10 13:19:15.444,-0.0069267623082079,-7.317017958981624,4.0
2025-03-10 13:19:15.464,-0.0067118704859806,4.127459782997263,4.0
2025-03-10 13:19:15.483,-0.0064551021566808,15.238356120109108,4.0
2025-03-10 13:19:15.503,-0.006154092774262,25.59622649518479,4.0
2025-03-10 13:19:15.522,-0.0058083947160899,34.921921011073984,4.0
2025-03-10 13:19:15.542,-0.0054196722814332,43.06930331143755,4.0
2025-03-10 13:19:15.561,-0.0049913545778602,49.98498346859488,4.0
2025-03-10 13:19:15.581,-0.0045278528665604,55.64806171984723,4.0
2025-03-10 13:19:15.601,-0.0040335917266968,60.00868377723197,4.0
2025-03-10 13:19:15.620,-0.0035121344135167,62.945139123647074,4.0
2025-03-10 13:19:15.640,-0.0029655994425917,64.25464094663087,4.0
2025-03-10 13:19:15.659,-0.0023944458173069,63.68367373218858,4.0
2025-03-10 13:19:15.679,-0.0017976065328355,60.99225107207797,4.0
2025-03-10 13:19:15.698,-0.0011728738249149,56.03592547263621,4.0
2025-03-10 13:19:15.718,-0.000517400081173,48.8431792871987,4.0
2025-03-10 13:19:15.737,0.000171785845866,39.66587362694655,4.0
2025-03-10 13:19:15.757,0.0008972605064659,28.9867084486852,4.0
2025-03-10 13:19:15.776,0.0016606509892799,17.47820930465292,4.0
2025-03-10 13:19:15.796,0.0024620470444322,5.919560153596758,4.0
2025-03-10 13:19:15.815,0.0032994736641339,-4.912430180609317,4.0
2025-03-10 13:19:15.835,0.0041685903049338,-14.356064834959811,4.0
2025-03-10 13:19:15.854,0.005062787695973,-21.95829082864204,4.0
2025-03-10 13:19:15.874,0.005973766450902,-27.530333345369627,4.0
2025-03-10 13:19:15.894,0.0068925182995346,-31.15477574466974,4.0
2025-03-10 13:19:15.913,0.007810461403979,-33.143489974701026,4.0
2025-03-10 13:19:15.933,0.0087204071665632,-33.95580065362428,4.0
2025-03-10 13:19:15.952,0.0096171081735604,-34.09411731581958,4.0
2025-03-10 13:19:15.972,0.0104973068934571,-33.99841067451092,4.0
2025-03-10 13:19:15.991,0.011359372966616,-33.960566262059594,4.0
2025-03-10 13:19:16.011,0.0122027131581284,-34.07502229572715,4.0
2025-03-10 13:19:16.030,0.0130271464369125,-34.23427182345424,4.0
2025-03-10 13:19:16.050,0.0138323754018778,-34.16846108563314,4.0
2025-03-10 13:19:16.069,0.0146175885170638,-33.51935167836334,4.0
2025-03-10 13:19:16.089,0.0153811448708215,-31.93209896640415,4.0
2025-03-10 13:19:16.108,0.0161202838137197,-29.14494647416076,4.0
2025-03-10 13:19:16.128,0.0168308886139493,-25.057688134412825,4.0
2025-03-10 13:19:16.147,0.0175074501177248,-19.76446760396643,4.0
2025-03-10 13:19:16.167,0.0181434060382661,-13.54423445658762,4.0
2025-03-10 13:19:16.186,0.0187319138346194,-6.8113535493334965,4.0
2025-03-10 13:19:16.206,0.0192668992193066,-0.0374778410577897,4.0
2025-03-10 13:19:16.226,0.0197440304430652,6.338062854471893,4.0
2025-03-10 13:19:16.245,0.0201612243228921,11.989775512025496,4.0
2025-03-10 13:19:16.265,0.0205184366257809,16.761766063100968,4.0
2025-03-10 13:19:16.284,0.0208167509824438,20.68576002955427,4.0
2025-03-10 13:19:16.304,0.0210570201751323,23.95748000926871,4.0
2025-03-10 13:19:16.323,0.0212384345642939,26.876232220771385,4.0
2025-03-10 13:19:16.343,0.0213573877575035,29.76018297654733,4.0
2025-03-10 13:19:16.362,0.0214069300900216,32.854863171257854,4.0
2025-03-10 13:19:16.382,0.0213769813494834,36.254056414099146,4.0
2025-03-10 13:19:16.401,0.0212553110845085,39.85017808471358,4.0
2025-03-10 13:19:16.421,0.0210290927377847,43.32590398936843,4.0
2025-03-10 13:19:16.440,0.020686650873893,46.19103181637306,4.0
2025-03-10 13:19:16.460,0.0202189305229301,47.85965280110608,4.0
2025-03-10 13:19:16.479,0.0196202781421951,47.7542836645616,4.0
2025-03-10 13:19:16.499,0.0188883203584733,45.417389090326296,4.0
2025-03-10 13:19:16.519,0.0180229888075428,40.60824405159184,4.0
2025-03-10 13:19:16.538,0.0170249897087753,33.365240105084744,4.0
2025-03-10 13:19:16.558,0.0158941924086974,24.02036002895113,4.0
2025-03-10 13:19:16.577,0.0146284536636309,13.162221068973574,4.0
2025-03-10 13:19:16.597,0.0132232695764286,1.5544956769924858,4.0
2025-03-10 13:19:16.616,0.0116723875723761,-9.97480960425679,4.0
2025-03-10 13:19:16.636,0.009969212093805,-20.65261795600488,4.0
2025-03-10 13:19:16.655,0.0081086035875616,-29.8671729142112,4.0
2025-03-10 13:19:16.675,0.0060885714134296,-37.24336167448581,4.0
2025-03-10 13:19:16.694,0.0039114216975332,-42.67507126692672,4.0
2025-03-10 13:19:16.714,0.0015841152879991,-46.310699253739074,4.0
2025-03-10 13:19:16.733,-0.0008821475964544,-48.49621826782529,4.0
2025-03-10 13:19:16.753,-0.0034728748308999,-49.68734435504769,4.0
2025-03-10 13:19:16.772,-0.0061714705792955,-50.34727915920031,4.0
2025-03-10 13:19:16.792,-0.008960571848161,-50.84850690290877,4.0
2025-03-10 13:19:16.812,-0.0118237524305597,-51.39603790655757,4.0
2025-03-10 13:19:16.831,-0.0147479301172445,-51.98557081580396,4.0
2025-03-10 13:19:16.851,-0.0177265320211728,-52.40394160263453,4.0
2025-03-10 13:19:16.870,-0.0207628944318884,-52.27186035620721,4.0
2025-03-10 13:19:16.890,-0.0238728134616251,-51.12140635270143,4.0
2025-03-10 13:19:16.909,-0.0270849129165166,-48.49423879660416,4.0
2025-03-10 13:19:16.929,-0.0304376820607874,-44.04214472474434,4.0
2025-03-10 13:19:16.948,-0.0339726365978671,-37.61038184222784,4.0
2025-03-10 13:19:16.968,-0.0377239769237962,-29.28687496241306,4.0
2025-03-10 13:19:16.987,-0.041706226112869,-19.406569901488105,4.0
2025-03-10 13:19:17.007,-0.0459024366300057,-8.509093668316897,4.0
2025-03-10 13:19:17.026,-0.0502563713549238,2.7425421133976307,4.0
2025-03-10 13:19:17.046,-0.0546722171502565,13.666309388677956,4.0
2025-03-10 13:19:17.065,-0.0590245530196289,23.667874610473067,4.0
2025-03-10 13:19:17.085,-0.0631793799323411,32.32843178701121,4.0
2025-03-10 13:19:17.104,-0.0670242486043146,39.456333878508,4.0
2025-03-10 13:19:17.124,-0.07050238501351,45.09260291093952,4.0
2025-03-10 13:19:17.144,-0.0736429125716349,49.46978386359039,4.0
2025-03-10 13:19:17.163,-0.0765776563307361,52.93313114092965,4.0
2025-03-10 13:19:17.183,-0.0795354207379932,55.840924364612846,4.0
2025-03-10 13:19:17.202,-0.0828075869310938,58.46521208236525,4.0
2025-03-10 13:19:17.222,-0.0866843392687111,60.91445179222989,4.0
2025-03-10 13:19:17.241,-0.0913680841616211,63.09516685144858,4.0
2025-03-10 13:19:17.261,-0.0968783080524618,64.72164439208984,4.0
2025-03-10 13:19:17.280,-0.1029683817545599,65.37245059348515,4.0
2025-03-10 13:19:17.300,-0.1090775968882953,64.58226372119398,4.0
2025-03-10 13:19:17.319,-0.1143392357218177,61.94948428973183,4.0
2025-03-10 13:19:17.339,-0.1176568252501983,57.23621648447679,4.0
2025-03-10 13:19:17.358,-0.1178464679820787,50.438618488722106,4.0
2025-03-10 13:19:17.378,-0.1138257182968716,41.81210739316673,4.0
2025-03-10 13:19:17.397,-0.1048133061972972,31.84593237302985,4.0
2025-03-10 13:19:17.417,-0.0904948853399948,21.19268465674442,4.0
2025-03-10 13:19:17.437,-0.0711129513478844,10.567669436163255,4.0
2025-03-10 13:19:17.456,-0.0474551113231235,0.6386056194970127,4.0
2025-03-10 13:19:17.476,-0.0207394309078774,-8.073116241189112,4.0
2025-03-10 13:19:17.495,0.0075785133732183,-15.262094406520069,4.0
2025-03-10 13:19:17.515,0.0360313702597128,-20.8688530480803,4.0
2025-03-10 13:19:17.534,0.0633434269154348,-25.067649742136904,4.0
2025-03-10 13:19:17.554,0.0885645031828678,-28.217477904161115,4.0
2025-03-10 13:19:17.573,0.1111131592519321,-30.78732356323016,4.0
2025-03-10 13:19:17.593,0.1307419581759575,-33.269624149596936,4.0
2025-03-10 13:19:17.612,0.1474623805121157,-36.09582916203662,4.0
2025-03-10 13:19:17.632,0.1614704655832445,-39.56559691416137,4.0
2025-03-10 13:19:17.651,0.1730975000159163,-43.79755112774507,4.0
2025-03-10 13:19:17.671,0.1827862896552224,-48.70578060302761,4.0
2025-03-10 13:19:17.690,0.1910767691436846,-54.00314295249074,4.0
2025-03-10 13:19:17.710,0.1985796665770409,-59.23011471618244,4.0
2025-03-10 13:19:17.730,0.2059202373458951,-63.80612637579907,4.0
2025-03-10 13:19:17.749,0.2136422235752934,-67.09855564688475,4.0
2025-03-10 13:19:17.769,0.2220747611239312,-68.50250537674664,4.0
2025-03-10 13:19:17.788,0.2311810025924038,-67.52227829750527,4.0
2025-03-10 13:19:17.808,0.24042266182092,-63.84373074398095,4.0
2025-03-10 13:19:17.827,0.2486836135273696,-57.386436214252,4.0
2025-03-10 13:19:17.847,0.2542925024504913,-48.32665573512119,4.0
2025-03-10 13:19:17.866,0.2551658847956435,-37.08658588490648,4.0
2025-03-10 13:19:17.886,0.2490627941702696,-24.29130339451376,4.0
2025-03-10 13:19:17.905,0.2339107572540833,-10.70059769312883,4.0
2025-03-10 13:19:17.925,0.2081484612983002,2.873147277274345,4.0
2025-03-10 13:19:17.944,0.1710394455411351,15.648592519620566,4.0
2025-03-10 13:19:17.964,0.1229331747650729,26.949510038843272,4.0
2025-03-10 13:19:17.983,0.0654582527780526,36.26125140084484,4.0
2025-03-10 13:19:18.003,0.0016086383231024,43.265262832057,4.0
2025-03-10 13:19:18.022,-0.0643566854829304,47.85060984685748,4.0
2025-03-10 13:19:18.042,-0.1272882546449592,50.10394332020613,4.0
2025-03-10 13:19:18.062,-0.181818736041781,50.28092846117559,4.0
2025-03-10 13:19:18.081,-0.2232373797372155,48.76316194502186,4.0
2025-03-10 13:19:18.101,-0.248361329426675,46.00539036190678,4.0
2025-03-10 13:19:18.120,-0.2561655004745062,42.47861642723959,4.0
2025-03-10 13:19:18.140,-0.2479889536695893,38.61534556639244,4.0
2025-03-10 13:19:18.159,-0.227252277561863,34.763451926201824,4.0
2025-03-10 13:19:18.179,-0.1987554272423995,31.154543255849703,4.0
2025-03-10 13:19:18.198,-0.1677370564728278,27.891052145413774,4.0
2025-03-10 13:19:18.218,-0.1389287814147721,24.953650454457858,4.0
2025-03-10 13:19:18.237,-0.1158163745053271,22.22735918621082,4.0
2025-03-10 13:19:18.257,-0.1002408807118939,19.54150649883794,4.0
2025-03-10 13:19:18.276,-0.0923714829898119,16.716141740401476,4.0
2025-03-10 13:19:18.296,-0.090992330666694,13.606229807956488,4.0
2025-03-10 13:19:18.315,-0.0939882698533344,10.13528244015922,4.0
2025-03-10 13:19:18.335,-0.0988964527356862,6.312052884592066,4.0
2025-03-10 13:19:18.355,-0.1034073097202585,2.2272043430423145,4.0
2025-03-10 13:19:18.374,-0.1057361545869653,-1.9691367608156072,4.0
2025-03-10 13:19:18.394,-0.1048302965408348,-6.104068471128313,4.0
2025-03-10 13:19:18.413,-0.1004143372695366,-10.02481213490002,4.0
2025-03-10 13:19:18.433,-0.0929029226782185,-13.638082235162193,4.0
2025-03-10 13:19:18.452,-0.0832246775331323,-16.936307045092985,4.0
2025-03-10 13:19:18.472,-0.0726043348642282,-20.00311019146037,4.0
2025-03-10 13:19:18.491,-0.0623441530857382,-22.994188934664564,4.0
2025-03-10 13:19:18.511,-0.053633968432987,-26.094657418784653,4.0
2025-03-10 13:19:18.530,-0.0474061247363808,-29.45930019519972,4.0
2025-03-10 13:19:18.550,-0.0442410258353394,-33.14699238372929,4.0
2025-03-10 13:19:18.569,-0.0443229034554455,-37.0636590202697,4.0
2025-03-10 13:19:18.589,-0.047442481533678,-40.92857182151098,4.0
2025-03-10 13:19:18.608,-0.0530405471577277,-44.275942878006624,4.0
2025-03-10 13:19:18.628,-0.0602814563363672,-46.497746870271484,4.0
2025-03-10 13:19:18.647,-0.0681392387660867,-46.92534803996724,4.0
2025-03-10 13:19:18.667,-0.0754766983756237,-44.93849384311093,4.0
2025-03-10 13:19:18.687,-0.0811056882119691,-40.08281416179163,4.0
2025-03-10 13:19:18.706,-0.0838340312625667,-32.17336291500582,4.0
2025-03-10 13:19:18.726,-0.0825221561262059,-21.36329715180104,4.0
2025-03-10 13:19:18.745,-0.0761782151205093,-8.163250869881113,4.0
2025-03-10 13:19:18.765,-0.0641070169403996,6.5935563884788495,4.0
2025-03-10 13:19:18.784,-0.0460977030362263,21.83563117444878,4.0
2025-03-10 13:19:18.804,-0.0225994240062153,36.374250626787806,4.0
2025-03-10 13:19:18.823,0.0051890921217092,49.04371314100124,4.0
2025-03-10 13:19:18.843,0.0353852317614584,58.84132145852087,4.0
2025-03-10 13:19:18.862,0.0656736641054033,65.04802729223526,4.0
2025-03-10 13:19:18.882,0.0937103332792415,67.31305530255166,4.0
2025-03-10 13:19:18.901,0.1175839286828455,65.69014279403368,4.0
2025-03-10 13:19:18.921,0.1362055938830439,60.61930013167499,4.0
2025-03-10 13:19:18.940,0.1495112330526818,52.85591330238071,4.0
2025-03-10 13:19:18.960,0.1584188357709678,43.35758667173653,4.0
2025-03-10 13:19:18.980,0.1645603324140117,33.1466670842368,4.0
2025-03-10 13:19:18.999,0.1698697497615094,23.17098473349432,4.0
2025-03-10 13:19:19.019,0.1761348578253744,14.185612246354264,4.0
2025-03-10 13:19:19.038,0.1846076574738782,6.674121125690241,4.0
2025-03-10 13:19:19.058,0.1957347196116594,0.8198794401073775,4.0
2025-03-10 13:19:19.077,0.2090301611140099,-3.4717517969408003,4.0
2025-03-10 13:19:19.097,0.2230866693887916,-6.508757733367786,4.0
2025-03-10 13:19:19.116,0.2357097316606067,-8.720823458456104,4.0
2025-03-10 13:19:19.136,0.2441629943971944,-10.559781390412596,4.0
2025-03-10 13:19:19.155,0.2455162802473127,-12.410959823579802,4.0
2025-03-10 13:19:19.175,0.2370795608591268,-14.53042758641029,4.0
2025-03-10 13:19:19.194,0.2168833677180403,-17.016770245841325,4.0
2025-03-10 13:19:19.214,0.1841384950199324,-19.818579839772703,4.0
2025-03-10 13:19:19.233,0.1395873888518746,-22.77186143024184,4.0
2025-03-10 13:19:19.253,0.0856518606885335,-25.656363103545747,4.0
2025-03-10 13:19:19.273,0.0262926545653646,-28.257209238857623,4.0
2025-03-10 13:19:19.292,-0.0334599643066816,-30.41835409938026,4.0
2025-03-10 13:19:19.312,-0.0882605190936163,-32.07694900900415,4.0
2025-03-10 13:19:19.331,-0.1333391144401887,-33.27204945074796,4.0
2025-03-10 13:19:19.351,-0.1653093620712607,-34.126327200586594,4.0
2025-03-10 13:19:19.370,-0.182683932338295,-34.80473069476405,4.0
2025-03-10 13:19:19.390,-0.1859801023566837,-35.45856625268036,4.0
2025-03-10 13:19:19.409,-0.1774251088164996,-36.166592027314266,4.0
2025-03-10 13:19:19.429,-0.160377090876549,-36.88591825049375,4.0
2025-03-10 13:19:19.448,-0.1386290024686165,-37.42447063014876,4.0
2025-03-10 13:19:19.468,-0.1157575591103241,-37.44343104039848,4.0
2025-03-10 13:19:19.487,-0.0946337039733528,-36.49272377178885,4.0
2025-03-10 13:19:19.507,-0.0771489362953028,-34.07606591328028,4.0
2025-03-10 13:19:19.526,-0.0641547416287303,-29.735656820110712,4.0
2025-03-10 13:19:19.546,-0.0555733605332858,-23.14183304151795,4.0
2025-03-10 13:19:19.565,-0.0506201472469697,-14.171334849336144,4.0
2025-03-10 13:19:19.585,-0.0480771304052798,-2.9597939340214485,4.0
2025-03-10 13:19:19.605,-0.046568453773669,10.080915057859386,4.0
2025-03-10 13:19:19.624,-0.0448053105975719,24.283278019338333,4.0
2025-03-10 13:19:19.644,-0.0417846786610289,38.77935754214704,4.0
2025-03-10 13:19:19.663,-0.0369371228392205,52.58286331061818,4.0
2025-03-10 13:19:19.683,-0.0302212428583664,64.68799475720188,4.0
2025-03-10 13:19:19.702,-0.0221571643402311,74.17416646478836,4.0
2025-03-10 13:19:19.722,-0.0137841987070005,80.30553380128147,4.0
2025-03-10 13:19:19.741,-0.0065262386170078,82.61415129962738,4.0
2025-03-10 13:19:19.761,-0.0019589083508654,80.95591502249566,4.0
2025-03-10 13:19:19.780,-0.0014958351270309,75.53009199044604,4.0
2025-03-10 13:19:19.800,-0.0060420176339453,66.85710380240825,4.0
2025-03-10 13:19:19.819,-0.015689920918735,55.71534440030115,4.0
2025-03-10 13:19:19.839,-0.0295468355928805,43.04501854703755,4.0
2025-03-10 13:19:19.858,-0.0457698307792422,29.83332488866186,4.0
2025-03-10 13:19:19.878,-0.0618417062904029,16.99888595326171,4.0
2025-03-10 13:19:19.898,-0.0750521133004696,5.293148684926743,4.0
2025-03-10 13:19:19.917,-0.0830728592087208,-4.767255411194133,4.0
2025-03-10 13:19:19.937,-0.0844692289368925,-12.929347320756618,4.0
2025-03-10 13:19:19.956,-0.078998397973187,-19.19301331698656,4.0
2025-03-10 13:19:19.976,-0.067612521090085,-23.7662509514026,4.0
2025-03-10 13:19:19.995,-0.0521790695774595,-26.99701761742418,4.0
2025-03-10 13:19:20.015,-0.0350149107986376,-29.295012593299216,4.0
2025-03-10 13:19:20.034,-0.0183737127135469,-31.05711111679343,4.0
2025-03-10 13:19:20.054,-0.0040194804227796,-32.60824120132829,4.0
2025-03-10 13:19:20.073,0.0070257470053357,-34.165592439531274,4.0
2025-03-10 13:19:20.093,0.0145319103399853,-35.82884953340395,4.0
2025-03-10 13:19:20.112,0.0189346124117183,-37.59366134021695,4.0
2025-03-10 13:19:20.132,0.0210944441895891,-39.3809721267408,4.0
2025-03-10 13:19:20.151,0.022017914378603,-41.07222187193511,4.0
2025-03-10 13:19:20.171,0.0226096984906314,-42.54040238516998,4.0
2025-03-10 13:19:20.191,0.0235048783727722,-43.669516128091146,4.0
2025-03-10 13:19:20.210,0.025001323724284,-44.35939947906776,4.0
2025-03-10 13:19:20.230,0.0270843548195392,-44.5178802947099,4.0
2025-03-10 13:19:20.249,0.0295155480961905,-44.04639527124258,4.0
2025-03-10 13:19:20.269,0.0319491883875859,-42.82727563962327,4.0
2025-03-10 13:19:20.288,0.0340429177325388,-40.72027170684631,4.0
2025-03-10 13:19:20.308,0.0355394431339246,-37.57266449737055,4.0
2025-03-10 13:19:20.327,0.036308859831146,-33.2424652883394,4.0
2025-03-10 13:19:20.347,0.0363525663013357,-27.6293197803282,4.0
2025-03-10 13:19:20.366,0.0357778018062385,-20.704571639680196,4.0
2025-03-10 13:19:20.386,0.0347557486400032,-12.531775668404366,4.0
2025-03-10 13:19:20.405,0.0334762079374915,-3.271979409082559,4.0
2025-03-10 13:19:20.425,0.0321091388271347,6.826778634707088,4.0
2025-03-10 13:19:20.444,0.0307792254624011,17.451082883635898,4.0
2025-03-10 13:19:20.464,0.0295553793460468,28.24696742784913,4.0
2025-03-10 13:19:20.483,0.028453590774868,38.84009583730389,4.0
2025-03-10 13:19:20.503,0.0274492744214261,48.84667237609576,4.0
2025-03-10 13:19:20.523,0.0264943229220033,57.87556678627893,4.0
2025-03-10 13:19:20.542,0.025534337841687,65.52708804582781,4.0
2025-03-10 13:19:20.562,0.0245225977414155,71.39670753287878,4.0
2025-03-10 13:19:20.581,0.0234288072707917,75.09158615018146,4.0
2025-03-10 13:19:20.601,0.0222421631783808,76.26387921388657,4.0
2025-03-10 13:19:20.620,0.0209695157136888,74.6585628850322,4.0
2025-03-10 13:19:20.640,0.0196302377402592,70.16701590510267,4.0
2025-03-10 13:19:20.659,0.018249737766452,62.87321365141523,4.0
2025-03-10 13:19:20.679,0.0168533621463747,53.078960213143965,4.0
2025-03-10 13:19:20.698,0.0154618710370243,41.29846439104812,4.0
2025-03-10 13:19:20.718,0.0140889921960857,28.219450750326263,4.0
2025-03-10 13:19:20.737,0.0127409825687536,14.635535946792892,4.0
2025-03-10 13:19:20.757,0.011417771710474,1.3605443220601356,4.0
2025-03-10 13:19:20.776,0.0101151148270585,-10.861457637493036,4.0
2025-03-10 13:19:20.796,0.0088271622711379,-21.43647754647002,4.0
2025-03-10 13:19:20.816,0.0075488845328363,-29.97958636163484,4.0
2025-03-10 13:19:20.835,0.0062778870908701,-36.34477816876411,4.0
2025-03-10 13:19:20.855,0.0050153463590042,-40.62257283992111,4.0
2025-03-10 13:19:20.874,0.0037660536970282,-43.1069470428241,4.0
2025-03-10 13:19:20.894,0.0025377507606966,-44.23731968330495,4.0
2025-03-10 13:19:20.913,0.0013400030606429,-44.52442886583207,4.0
2025-03-10 13:19:20.933,0.0001828401100606,-44.47068860081404,4.0
2025-03-10 13:19:20.952,-0.0009246069274133,-44.49584708291909,4.0
2025-03-10 13:19:20.972,-0.0019752003482595,-44.87757250247988,4.0
2025-03-10 13:19:20.991,-0.002964369189152,-45.714287201547485,4.0
2025-03-10 13:19:21.011,-0.0038900423542718,-46.91459355359943,4.0
2025-03-10 13:19:21.030,-0.0047520349100109,-48.21439087107809,4.0
2025-03-10 13:19:21.050,-0.0055511601969169,-49.21953445161453,4.0
2025-03-10 13:19:21.069,-0.0062884094957422,-49.46874496518495,4.0
2025-03-10 13:19:21.089,-0.0069644811361924,-48.50852986089773,4.0
2025-03-10 13:19:21.109,-0.0075797771050696,-45.96941806258652,4.0
2025-03-10 13:19:21.128,-0.0081347771247279,-41.63144013447177,4.0
2025-03-10 13:19:21.148,-0.0086305362989235,-35.4672835563701,4.0
2025-03-10 13:19:21.167,-0.0090690105504306,-27.654471553113662,4.0
2025-03-10 13:19:21.187,-0.0094530070416464,-18.553165316747027,4.0
2025-03-10 13:19:21.206,-0.0097857302287614,-8.65285633297675,4.0
2025-03-10 13:19:21.226,-0.0100700737905881,1.5022489723706298,4.0
2025-03-10 13:19:21.245,-0.0103079279609854,11.394621961301167,4.0
2025-03-10 13:19:21.265,-0.0104997787996624,20.60537860987233,4.0
2025-03-10 13:19:21.284,-0.0106447628502017,28.862450640844276,4.0
2025-03-10 13:19:21.304,-0.0107411629714675,36.05552599169929,4.0
2025-03-10 13:19:21.323,-0.0107871700904814,42.2153013221004,4.0
2025-03-10 13:19:21.343,-0.0107816530920504,47.46220956153931,4.0
2025-03-10 13:19:21.362,-0.0107247018935191,51.93657285783684,4.0
2025-03-10 13:19:21.382,-0.0106178167587351,55.72670939150801,4.0
2025-03-10 13:19:21.401,-0.0104637504412325,58.81276902399589,4.0
2025-03-10 13:19:21.421,-0.0102661121177004,61.04134362055863,4.0
2025-03-10 13:19:21.441,-0.0100288888722573,62.139319763278735,4.0
2025-03-10 13:19:21.460,-0.009756033557649,61.76615010135824,4.0
2025-03-10 13:19:21.480,-0.0094512212376392,59.59384302232481,4.0
2025-03-10 13:19:21.499,-0.0091178091786748,55.39619272697747,4.0
2025-03-10 13:19:21.519,-0.0087589673349698,49.125504440873534,4.0
2025-03-10 13:19:21.538,-0.0083778944934245,40.957522470919976,4.0
2025-03-10 13:19:21.558,-0.0079780114133588,31.29286864362757,4.0
2025-03-10 13:19:21.577,-0.0075630312876837,20.71380723651741,4.0
2025-03-10 13:19:21.597,-0.007136847215937,9.905496033228763,4.0
2025-03-10 13:19:21.616,-0.0067032367437714,-0.4417066776828008,4.0
2025-03-10 13:19:21.636,-0.006265449888764,-9.729397742034775,4.0
2025-03-10 13:19:21.655,-0.0058258010054471,-17.529917910426015,4.0
2025-03-10 13:19:21.675,-0.0053854075441911,-23.63402056203217,4.0
2025-03-10 13:19:21.694,-0.0049441948397742,-28.061446868848712,4.0
2025-03-10 13:19:21.714,-0.0045012103894038,-31.035243737231937,4.0
2025-03-10 13:19:21.734,-0.0040551828211886,-32.92629670576773,4.0
2025-03-10 13:19:21.753,-0.0036051699926356,-34.178408775589084,4.0
2025-03-10 13:19:21.773,-0.0031511174063952,-35.22621950242305,4.0
2025-03-10 13:19:21.792,-0.0026941939513809,-36.41846575663635,4.0
2025-03-10 13:19:21.812,-0.0022368431471942,-37.95775957889495,4.0
2025-03-10 13:19:21.831,-0.0017825521172125,-39.86545622593468,4.0
2025-03-10 13:19:21.851,-0.0013354009896344,-41.97661025236717,4.0
2025-03-10 13:19:21.870,-0.0008995119493433,-43.96581881854517,4.0
2025-03-10 13:19:21.890,-0.0004785431026886,-45.40031364082599,4.0
2025-03-10 13:19:21.909,-7.53520306940388e-05,-45.81243105169104,4.0
2025-03-10 13:19:21.929,0.0003081037273335,-44.78012785321734,4.0
2025-03-10 13:19:21.948,0.0006706477910201,-42.002211319226966,4.0
2025-03-10 13:19:21.968,0.0010116546002897,-37.35510048994801,4.0
2025-03-10 13:19:21.987,0.0013308536490023,-30.920630621569767,4.0
2025-03-10 13:19:22.007,0.0016282800586633,-22.979465489870613,4.0
2025-03-10 13:19:22.026,0.0019044004461554,-13.971202684467544,4.0
2025-03-10 13:19:22.046,0.002160337552175,-4.428831967551457,4.0
2025-03-10 13:19:22.066,0.002398013542218,5.099685074321775,4.0
2025-03-10 13:19:22.085,0.002619999249557,14.127478688823018,4.0
2025-03-10 13:19:22.105,0.0028289678156429,22.287939422920868,4.0
2025-03-10 13:19:22.124,0.0030268705890713,29.36612211933941,4.0
2025-03-10 13:19:22.144,0.0032141340327292,35.29738188945885,4.0
2025-03-10 13:19:22.163,0.0033892004032718,40.135144457975095,4.0
2025-03-10 13:19:22.183,0.0035486100233381,43.99631864395971,4.0
2025-03-10 13:19:22.202,0.0036876375116026,46.99782455452088,4.0
2025-03-10 13:19:22.222,0.0038013278885048,49.19990046500364,4.0
2025-03-10 13:19:22.241,0.0038856716531612,50.57055773238,4.0
2025-03-10 13:19:22.261,0.0039386276681188,50.98074758046199,4.0
2025-03-10 13:19:22.280,0.0039607529649674,50.23233057157748,4.0
2025-03-10 13:19:22.300,0.0039553119909636,48.11251515190631,4.0
2025-03-10 13:19:22.319,0.003927869324215,44.46130485585477,4.0
2025-03-10 13:19:22.339,0.0038854726065855,39.23476881268738,4.0
2025-03-10 13:19:22.359,0.0038355910392184,32.54780056579943,4.0
2025-03-10 13:19:22.378,0.0037849954490223,24.68519384252266,4.0
2025-03-10 13:19:22.398,0.0037387541569575,16.077720284936408,4.0
2025-03-10 13:19:22.417,0.0036994897230609,7.2481080943936975,4.0
2025-03-10 13:19:22.437,0.0036670130273652,-1.2617786978563856,4.0
2025-03-10 13:19:22.456,0.0036384077220556,-8.967997301372913,4.0
2025-03-10 13:19:22.476,0.0036085518291483,-15.511392665132156,4.0
2025-03-10 13:19:22.495,0.0035709600499251,-20.702798853223097,4.0
2025-03-10 13:19:22.515,0.0035187779880021,-24.539834636239064,4.0
2025-03-10 13:19:22.534,0.0034457816573617,-27.19391476153893,4.0
2025-03-10 13:19:22.554,0.0033472878510866,-28.971038296751907,4.0
2025-03-10 13:19:22.573,0.0032209100511062,-30.253653560268475,4.0
2025-03-10 13:19:22.593,0.0030670846940673,-31.433041125946897,4.0
2025-03-10 13:19:22.612,0.0028892621220082,-32.842197659177174,4.0
2025-03-10 13:19:22.632,0.0026936405102032,-34.69842322304306,4.0
2025-03-10 13:19:22.652,0.0024883573973172,-37.06311997959841,4.0
2025-03-10 13:19:22.671,0.0022821673677247,-39.82407484056844,4.0
2025-03-10 13:19:22.691,0.0020828136808375,-42.702940039733406,4.0
2025-03-10 13:19:22.710,0.001895474170685,-45.287786252213145,4.0
2025-03-10 13:19:22.730,0.001721721319826,-47.087470755819815,4.0
2025-03-10 13:19:22.749,0.0015593256655087,-47.6012654643097,4.0
2025-03-10 13:19:22.769,0.0014029951905816,-46.394146332315024,4.0
2025-03-10 13:19:22.788,0.0012458831569788,-43.166093499927086,4.0
2025-03-10 13:19:22.808,0.0010814954921174,-37.80357444896335,4.0
2025-03-10 13:19:22.827,0.0009055250498786,-30.40373270936695,4.0
2025-03-10 13:19:22.847,0.0007171464869406,-21.26665384359673,4.0
2025-03-10 13:19:22.866,0.0005194235144261,-10.857479641919769,4.0
2025-03-10 13:19:22.886,0.0003186991168795,0.253586981398671,4.0
2025-03-10 13:19:22.905,0.0001231196518496,11.461014125352406,4.0
2025-03-10 13:19:22.925,-5.930079710533828e-05,22.189892274864384,4.0
2025-03-10 13:19:22.944,-0.0002225474940018,31.94683533785943,4.0
2025-03-10 13:19:22.964,-0.0003639390425323,40.34937337028576,4.0
2025-03-10 13:19:22.984,-0.0004846621188319,47.13325886208364,4.0
2025-03-10 13:19:23.003,-0.0005894689520074,52.14240585413735,4.0
2025-03-10 13:19:23.023,-0.0006856799536779,55.30953102623458,4.0
2025-03-10 13:19:23.042,-0.0007817401748179,56.63620364230341,4.0
2025-03-10 13:19:23.062,-0.0008856140106261,56.17895951761743,4.0
2025-03-10 13:19:23.081,-0.0010032826849423,54.044217732453056,4.0
2025-03-10 13:19:23.101,-0.0011375604968212,50.3903605440541,4.0
2025-03-10 13:19:23.120,-0.0012874055818662,45.432019440925394,4.0
2025-03-10 13:19:23.140,-0.0014478780122569,39.44044386779839,4.0
2025-03-10 13:19:23.159,-0.0016108413289869,32.73507082868929,4.0
2025-03-10 13:19:23.179,-0.001766360748591,25.664442055956133,4.0
2025-03-10 13:19:23.198,-0.0019045544730455,18.578253022653424,4.0
2025-03-10 13:19:23.218,-0.0020174953903855,11.795324468045909,4.0
2025-03-10 13:19:23.237,-0.0021007089268925,5.573779096846383,4.0
2025-03-10 13:19:23.257,-0.0021538970560627,0.0893679040296316,4.0
2025-03-10 13:19:23.277,-0.0021807244604172,-4.574028714234872,4.0
2025-03-10 13:19:23.296,-0.0021877598394614,-8.420548415207325,4.0
2025-03-10 13:19:23.316,-0.0021828770892439,-11.52693490508702,4.0
2025-03-10 13:19:23.335,-0.0021735262380784,-14.01970769855669,4.0
2025-03-10 13:19:23.355,-0.0021652731915527,-16.05025247893916,4.0
2025-03-10 13:19:23.374,-0.0021609000189845,-17.772956524198413,4.0
2025-03-10 13:19:23.394,-0.0021601846878686,-19.329944006954,4.0
2025-03-10 13:19:23.413,-0.0021602893774178,-20.84344629127039,4.0
2025-03-10 13:19:23.433,-0.0021565563598905,-22.41409042090968,4.0
2025-03-10 13:19:23.452,-0.0021435051225813,-24.121275190554663,4.0
2025-03-10 13:19:23.472,-0.0021159102702554,-26.02108373185416,4.0
2025-03-10 13:19:23.491,-0.0020698849858896,-28.13822328466224,4.0
2025-03-10 13:19:23.511,-0.0020038220434802,-30.45111097096501,4.0
2025-03-10 13:19:23.530,-0.0019189359697745,-32.87272586568912,4.0
2025-03-10 13:19:23.550,-0.0018191457291694,-35.2331350872319,4.0
2025-03-10 13:19:23.570,-0.0017101893763654,-37.27149326143432,4.0
2025-03-10 13:19:23.589,-0.0015981248309235,-38.64488111529996,4.0
2025-03-10 13:19:23.609,-0.0014876416487566,-38.95826177527511,4.0
2025-03-10 13:19:23.628,-0.0013807473124719,-37.814615362614376,4.0
2025-03-10 13:19:23.648,-0.0012762946855991,-34.87834763089459,4.0
2025-03-10 13:19:23.667,-0.0011705153393178,-29.94025624319812,4.0
2025-03-10 13:19:23.687,-0.001058365802601,-22.970423557955524,4.0
2025-03-10 13:19:23.706,-0.0009352322338588,-14.14723185624424,4.0
2025-03-10 13:19:23.726,-0.0007984486781581,-3.855778770334768,4.0
2025-03-10 13:19:23.745,-0.0006481754851844,7.344341400440726,4.0
2025-03-10 13:19:23.765,-0.0004874237688372,18.77572780243566,4.0
2025-03-10 13:19:23.784,-0.0003213045486809,29.71414719164704,4.0
2025-03-10 13:19:23.804,-0.0001558023759566,39.46244662559772,4.0
2025-03-10 13:19:23.823,3.544741416919387e-06,47.41740783328211,4.0
2025-03-10 13:19:23.843,0.000152716375404,53.122355657487645,4.0
2025-03-10 13:19:23.862,0.0002898013451412,56.301435060659614,4.0
2025-03-10 13:19:23.882,0.0004150306429127,56.87407005135482,4.0
2025-03-10 13:19:23.902,0.0005303290722682,54.9500056387832,4.0
2025-03-10 13:19:23.921,0.000638578868295,50.80676349697679,4.0
2025-03-10 13:19:23.941,0.0007428247446409,44.8526681720975,4.0
2025-03-10 13:19:23.960,0.0008456082279714,37.57993631468359,4.0
2025-03-10 13:19:23.980,0.0009485305357161,29.513431038625928,4.0
2025-03-10 13:19:23.999,0.0010520425773115,21.161150119831717,4.0
2025-03-10 13:19:24.019,0.0011553938448989,12.97202901854194,4.0
2025-03-10 13:19:24.038,0.0012566816251983,5.305199886706824,4.0
2025-03-10 13:19:24.058,0.0013530121998944,-1.5872076540945776,4.0
2025-03-10 13:19:24.077,0.001440841696161,-7.563791491231568,4.0
2025-03-10 13:19:24.097,0.0015165574626259,-12.585973823545542,4.0
2025-03-10 13:19:24.116,0.0015773173113557,-16.70145651250941,4.0
2025-03-10 13:19:24.136,0.001622120740924,-20.022494084717408,4.0
2025-03-10 13:19:24.155,0.0016530225873563,-22.70235925175793,4.0
2025-03-10 13:19:24.175,0.0016762703667322,-24.91287276767002,4.0
2025-03-10 13:19:24.195,0.0017029657701197,-26.825045802688752,4.0
2025-03-10 13:19:24.214,0.0017487210925851,-28.593816470897444,4.0
2025-03-10 13:19:24.234,0.0018318353647323,-30.346689328773397,4.0
2025-03-10 13:19:24.253,0.0019698074920068,-32.17506402386853,4.0
2025-03-10 13:19:24.273,0.0021744640578817,-34.12651527267329,4.0
2025-03-10 13:19:24.292,0.002446479220014,-36.19657483574735,4.0
2025-03-10 13:19:24.312,0.002770498738238,-38.31976838261605,4.0
2025-03-10 13:19:24.331,0.0031123593350047,-40.36152051391119,4.0
2025-03-10 13:19:24.351,0.003419892212039,-42.11442755877672,4.0
2025-03-10 13:19:24.370,0.0036283610555351,-43.30345818805742,4.0
2025-03-10 13:19:24.390,0.0036706194824574,-43.604117893822114,4.0
2025-03-10 13:19:24.409,0.0034906834140532,-42.67519995769951,4.0
2025-03-10 13:19:24.429,0.0030579541994484,-40.203836331907766,4.0
2025-03-10 13:19:24.448,0.0023783222747995,-35.95625112669959,4.0
2025-03-10 13:19:24.468,0.0014983736481497,-29.824415140856708,4.0
2025-03-10 13:19:24.487,0.0005003062790378,-21.858094908242165,4.0
2025-03-10 13:19:24.507,-0.0005121371181592,-12.274251059983238,4.0
2025-03-10 13:19:24.527,-0.0014333155121503,-1.4408909307472424,4.0
2025-03-10 13:19:24.546,-0.0021755335312659,10.161252255966188,4.0
2025-03-10 13:19:24.566,-0.0026838791747412,21.9905352268996,4.0
2025-03-10 13:19:24.585,-0.0029428835607963,33.49842608968841,4.0
2025-03-10 13:19:24.605,-0.0029744923539756,44.17524485969382,4.0
2025-03-10 13:19:24.624,-0.0028290326696487,53.580864250231095,4.0
2025-03-10 13:19:24.644,-0.0025721297883681,61.35884770631824,4.0
2025-03-10 13:19:24.663,-0.0022708790631233,67.23746734964328,4.0
2025-03-10 13:19:24.683,-0.0019821631968417,71.0242088655292,4.0
2025-03-10 13:19:24.702,-0.0017450349687508,72.60089197368028,4.0
2025-03-10 13:19:24.722,-0.0015778704340189,71.92444464708882,4.0
2025-03-10 13:19:24.741,-0.0014798854558718,69.03451509939806,4.0
2025-03-10 13:19:24.761,-0.0014358376436483,64.06489948871045,4.0
2025-03-10 13:19:24.780,-0.0014223815481431,57.252735602535104,4.0
2025-03-10 13:19:24.800,-0.0014145640335966,48.93866310384099,4.0
2025-03-10 13:19:24.820,-0.0013912280196027,39.55292102643144,4.0
2025-03-10 13:19:24.839,-0.0013385174090056,29.58596287038846,4.0
2025-03-10 13:19:24.859,-0.0012511663260591,19.54635765638748,4.0
2025-03-10 13:19:24.878,-0.0011317476163123,9.912205264352885,4.0
2025-03-10 13:19:24.898,-0.0009884534221522,1.0841156963952918,4.0
2025-03-10 13:19:24.917,-0.0008321908972058,-6.652342273408732,4.0
2025-03-10 13:19:24.937,-0.0006737700914886,-13.14871215951728,4.0
2025-03-10 13:19:24.956,-0.000521782058666,-18.397280720031578,4.0
2025-03-10 13:19:24.976,-0.0003814913507634,-22.51673797604186,4.0
2025-03-10 13:19:24.995,-0.0002547776163092,-25.723361190836364,4.0
2025-03-10 13:19:25.015,-0.0001409193698618,-28.293213363801847,4.0
2025-03-10 13:19:25.034,-3.785899290504113e-05,-30.52146464197088,4.0
2025-03-10 13:19:25.054,5.646323429261116e-05,-32.68419679854796,4.0
2025-03-10 13:19:25.073,0.0001430730425967,-35.00631899475011,4.0
2025-03-10 13:19:25.093,0.000221471151145,-37.63717045607427,4.0
2025-03-10 13:19:25.113,0.000289771209971,-40.63375533311401,4.0
2025-03-10 13:19:25.132,0.0003453791193423,-43.950905236900304,4.0
2025-03-10 13:19:25.152,0.0003859810518844,-47.43813837488736,4.0
2025-03-10 13:19:25.171,0.00041051957321,-50.844209909816485,4.0
2025-03-10 13:19:25.191,0.0004198301734222,-53.8315353562468,4.0
2025-03-10 13:19:25.210,0.0004166975673954,-56.00289007439867,4.0
2025-03-10 13:19:25.230,0.0004052688058969,-56.94137793454535,4.0
2025-03-10 13:19:25.249,0.0003899919094733,-56.261583662143615,4.0
2025-03-10 13:19:25.269,0.0003744482598522,-53.66582784795221,4.0
2025-03-10 13:19:25.288,0.0003605068515038,-48.995919840146215,4.0
2025-03-10 13:19:25.308,0.0003481017942575,-42.26931122739821,4.0
2025-03-10 13:19:25.327,0.0003356837156511,-33.69017154440304,4.0
2025-03-10 13:19:25.347,0.0003211422630112,-23.630683251344056,4.0
2025-03-10 13:19:25.366,0.00030283695851,-12.584642564764968,4.0
2025-03-10 13:19:25.386,0.0002803481664827,-1.102293069518115,4.0
2025-03-10 13:19:25.405,0.00025466900952,10.279864670204,4.0
2025-03-10 13:19:25.425,0.0002277743602122,21.09922238336594,4.0
2025-03-10 13:19:25.445,0.0002017608943477,31.004704174997336,4.0
2025-03-10 13:19:25.464,0.0001779442144335,39.76526416661593,4.0
2025-03-10 13:19:25.484,0.0001563086947318,47.25015552745119,4.0
2025-03-10 13:19:25.503,0.0001355070685087,53.38920966337887,4.0
2025-03-10 13:19:25.523,0.0001133262812675,58.12658440176688,4.0
2025-03-10 13:19:25.542,8.735959462527022e-05,61.38312992950364,4.0
2025-03-10 13:19:25.562,5.562017596399128e-05,63.040059190192125,4.0
2025-03-10 13:19:25.581,1.6911800762550596e-05,62.95043800379412,4.0
2025-03-10 13:19:25.601,-2.914463400829803e-05,60.97668511919584,4.0
2025-03-10 13:19:25.620,-8.241752696765641e-05,57.04414981219699,4.0
2025-03-10 13:19:25.640,-0.0001427260716161,51.19538701183329,4.0
2025-03-10 13:19:25.659,-0.0002101509525203,43.628716265262966,4.0
2025-03-10 13:19:25.679,-0.0002849179941564,34.70837456945574,4.0
2025-03-10 13:19:25.698,-0.0003667688203624,24.940859912327504,4.0
2025-03-10 13:19:25.718,-0.0004539804037856,14.920654138059517,4.0
2025-03-10 13:19:25.738,-0.0005423908003241,5.255943379771841,4.0
2025-03-10 13:19:25.757,-0.0006248647414967,-3.51063681836129,4.0
2025-03-10 13:19:25.777,-0.0006915634991048,-10.97061485644686,4.0
2025-03-10 13:19:25.796,-0.0007311751215298,-16.89499580244473,4.0
2025-03-10 13:19:25.816,-0.0007329564140529,-21.24906888949947,4.0
2025-03-10 13:19:25.835,-0.0006891240399188,-24.17601429393718,4.0
2025-03-10 13:19:25.855,-0.0005969338446045,-25.954691785155543,4.0
2025-03-10 13:19:25.874,-0.0004598114477226,-26.94138700636208,4.0
2025-03-10 13:19:25.894,-0.0002871551418884,-27.50719456530488,4.0
2025-03-10 13:19:25.913,-9.282828248986422e-05,-27.98193251264972,4.0
2025-03-10 13:19:25.933,0.0001072603257589,-28.61246970048874,4.0
2025-03-10 13:19:25.952,0.0002978641141711,-29.53911011039178,4.0
2025-03-10 13:19:25.972,0.0004667525351076,-30.789475646256736,4.0
2025-03-10 13:19:25.991,0.0006062068254741,-32.28628153559658,4.0
2025-03-10 13:19:26.011,0.0007133864838365,-33.86413843690276,4.0
2025-03-10 13:19:26.031,0.0007896004072781,-35.29102253460952,4.0
2025-03-10 13:19:26.050,0.0008388319794045,-36.291720750350784,4.0
2025-03-10 13:19:26.070,0.0008660584951842,-36.57242964019683,4.0
2025-03-10 13:19:26.089,0.0008758722314884,-35.84682500808074,4.0
2025-03-10 13:19:26.109,0.0008716919951554,-33.86378186752968,4.0
2025-03-10 13:19:26.128,0.0008555955090505,-30.435617439392967,4.0
2025-03-10 13:19:26.148,0.0008286289687379,-25.4639890139376,4.0
2025-03-10 13:19:26.167,0.0007913829671095,-18.959431557631643,4.0
2025-03-10 13:19:26.187,0.0007446193543308,-11.050757186246557,4.0
2025-03-10 13:19:26.206,0.0006897550681666,-1.982271403739736,4.0
2025-03-10 13:19:26.226,0.0006290522111227,7.900658537785926,4.0
2025-03-10 13:19:26.245,0.0005654381164672,18.174792535783254,4.0
2025-03-10 13:19:26.265,0.0005019879700714,28.366894980156893,4.0
2025-03-10 13:19:26.284,0.0004412256482146,37.98260749524485,4.0
2025-03-10 13:19:26.304,0.0003844859874573,46.534209705021965,4.0
2025-03-10 13:19:26.323,0.0003315827640285,53.5670860291601,4.0
2025-03-10 13:19:26.343,0.0002809304098938,58.685994060463685,4.0
2025-03-10 13:19:26.363,0.000230109452488,61.58218249445995,4.0
2025-03-10 13:19:26.382,0.0001767112585407,62.06094834110465,4.0
2025-03-10 13:19:26.402,0.0001192144370527,60.06691408871572,4.0
2025-03-10 13:19:26.421,5.765215181716077e-05,55.70216055838741,4.0
2025-03-10 13:19:26.441,-6.110592202695894e-06,49.23144507847351,4.0
2025-03-10 13:19:26.460,-6.858670407541526e-05,41.06973850217109,4.0
2025-03-10 13:19:26.480,-0.0001253489857146,31.75018368651108,4.0
2025-03-10 13:19:26.499,-0.0001720423093907,21.87455768039468,4.0
2025-03-10 13:19:26.519,-0.0002054827939165,12.05226355774181,4.0
2025-03-10 13:19:26.538,-0.0002245569113404,2.836695522392817,4.0
2025-03-10 13:19:26.558,-0.0002306606686386,-5.3311741415668585,4.0
2025-03-10 13:19:26.577,-0.000227524764001,-12.16310848105342,4.0
2025-03-10 13:19:26.597,-0.0002204365088796,-17.541605733490286,4.0
2025-03-10 13:19:26.616,-0.0002150387868987,-21.5131698903681,4.0
2025-03-10 13:19:26.636,-0.0002160054648409,-24.25868712593036,4.0
2025-03-10 13:19:26.656,-0.0002259328578689,-26.04672280995916,4.0
2025-03-10 13:19:26.675,-0.0002447401787673,-27.17853394270672,4.0
2025-03-10 13:19:26.695,-0.0002697435740104,-27.934929606467616,4.0
2025-03-10 13:19:26.714,-0.000296385890269,-28.534429240352207,4.0
2025-03-10 13:19:26.734,-0.0003194242840358,-29.10953428332092,4.0
2025-03-10 13:19:26.753,-0.0003342594093216,-29.703903813391303,4.0
2025-03-10 13:19:26.773,-0.0003380595920836,-30.288717645183283,4.0
2025-03-10 13:19:26.792,-0.0003303912476461,-30.792524217986564,4.0
2025-03-10 13:19:26.812,-0.0003132047817422,-31.13625620743625,4.0
2025-03-10 13:19:26.831,-0.0002902105398856,-31.26436846349388,4.0
2025-03-10 13:19:26.851,-0.0002658492964947,-31.164290319582577,4.0
2025-03-10 13:19:26.870,-0.0002441601732514,-30.86924789488218,4.0
2025-03-10 13:19:26.890,-0.0002278531286363,-30.44337446169444,4.0
2025-03-10 13:19:26.909,-0.0002178100139767,-29.952152205405337,4.0
2025-03-10 13:19:26.929,-0.0002131010448699,-29.42489973946147,4.0
2025-03-10 13:19:26.948,-0.0002114690567755,-28.818583321421784,4.0
2025-03-10 13:19:26.968,-0.0002101418353128,-27.99311379589055,4.0
2025-03-10 13:19:26.988,-0.0002067677646888,-26.70707286805249,4.0
2025-03-10 13:19:27.007,-0.0002002110914297,-24.639368280712432,4.0
2025-03-10 13:19:27.027,-0.0001909357534174,-21.437016014894315,4.0
2025-03-10 13:19:27.046,-0.0001808146622095,-16.78305928593412,4.0
2025-03-10 13:19:27.066,-0.0001724043198642,-10.473013107847851,4.0
2025-03-10 13:19:27.085,-0.0001679254937083,-2.4847098154716,4.0
2025-03-10 13:19:27.105,-0.0001682998550368,6.973889876726705,4.0
2025-03-10 13:19:27.124,-0.0001725724061123,17.45121528856942,4.0
2025-03-10 13:19:27.144,-0.0001779152423422,28.27930449211026,4.0
2025-03-10 13:19:27.163,-0.0001802190185209,38.640690257369805,4.0
2025-03-10 13:19:27.183,-0.0001751053686866,47.66651865497122,4.0
2025-03-10 13:19:27.202,-0.0001590799042826,54.55135297402521,4.0
2025-03-10 13:19:27.222,-0.0001305105368782,58.66626726187837,4.0
2025-03-10 13:19:27.241,-9.017049166135624e-05,59.6509856839647,4.0
2025-03-10 13:19:27.261,-4.1213378808123466e-05,57.46846038445132,4.0
2025-03-10 13:19:27.281,1.140055554403594e-05,52.41137339851565,4.0
2025-03-10 13:19:27.300,6.188046983741863e-05,45.05871609553755,4.0
2025-03-10 13:19:27.320,0.000104755046118,36.19005909120432,4.0
2025-03-10 13:19:27.339,0.0001359357934775,26.673128135679573,4.0
2025-03-10 13:19:27.359,0.0001534483936682,17.34488429009312,4.0
2025-03-10 13:19:27.378,0.0001576513683038,8.90646854847779,4.0
2025-03-10 13:19:27.398,0.0001508747334479,1.848353966734292,4.0
2025-03-10 13:19:27.417,0.0001365681302772,-3.5848588828310386,4.0
2025-03-10 13:19:27.437,0.0001182193434813,-7.388550677597145,4.0
2025-03-10 13:19:27.456,9.841954738574756e-05,-9.756943302949145,4.0
2025-03-10 13:19:27.476,7.842402161751432e-05,-11.017877355114887,4.0
2025-03-10 13:19:27.495,5.836171910687862e-05,-11.557338250490556,4.0
2025-03-10 13:19:27.515,3.796684552502355e-05,-11.747485306013091,4.0
2025-03-10 13:19:27.534,1.747659745077414e-05,-11.889506037775856,4.0
2025-03-10 13:19:27.554,-1.7368607464435045e-06,-12.1785516965767,4.0
2025-03-10 13:19:27.574,-1.712370385200953e-05,-12.6932146716185,4.0
2025-03-10 13:19:27.593,-2.5572610666283703e-05,-13.40741554841015,4.0
2025-03-10 13:19:27.613,-2.446387066167596e-05,-14.218991658998007,4.0
2025-03-10 13:19:27.632,-1.274861832494732e-05,-14.987284815425935,4.0
2025-03-10 13:19:27.652,8.359206111280977e-06,-15.571803719925446,4.0
2025-03-10 13:19:27.671,3.533576029717849e-05,-15.865330905875531,4.0
2025-03-10 13:19:27.691,6.298293124857551e-05,-15.81702889765421,4.0
2025-03-10 13:19:27.710,8.558272433588075e-05,-15.443422782761113,4.0
2025-03-10 13:19:27.730,9.826482655067168e-05,-14.827017302052308,4.0
2025-03-10 13:19:27.749,9.821914936735911e-05,-14.103527848364047,4.0
2025-03-10 13:19:27.769,8.54109583222647e-05,-13.439403424060536,4.0
2025-03-10 13:19:27.788,6.257278215844891e-05,-13.001842687239977,4.0
2025-03-10 13:19:27.808,3.4444992014559654e-05,-12.924221796218369,4.0
2025-03-10 13:19:27.827,6.47755223308206e-06,-13.270970502999091,4.0
2025-03-10 13:19:27.847,-1.659525445515362e-05,-14.007329965198585,4.0
2025-03-10 13:19:27.866,-3.184123029284119e-05,-14.980596452486154,4.0
2025-03-10 13:19:27.886,-3.854640533634312e-05,-15.919632385958687,4.0
2025-03-10 13:19:27.906,-3.788799982305257e-05,-16.457871289386944,4.0
2025-03-10 13:19:27.925,-3.2052367087694976e-05,-16.181400761821017,4.0
2025-03-10 13:19:27.945,-2.3155409904305e-05,-14.698290984087787,4.0
2025-03-10 13:19:27.964,-1.2362399196987096e-05,-11.719219317559904,4.0
2025-03-10 13:19:27.984,4.840610747370732e-07,-7.13428041843185,4.0
2025-03-10 13:19:28.003,1.66060902579326e-05,-1.0684715238902334,4.0
2025-03-10 13:19:28.023,3.750797570043653e-05,6.099930982015459,4.0
2025-03-10 13:19:28.042,6.395799800179492e-05,13.767690365277794,4.0
2025-03-10 13:19:28.062,9.509961235196852e-05,21.18155812762273,4.0
2025-03-10 13:19:28.081,0.0001280252928999,27.54894551031628,4.0
2025-03-10 13:19:28.101,0.0001580304429844,32.164287663253134,4.0
2025-03-10 13:19:28.120,0.0001795573731808,34.52629099951757,4.0
2025-03-10 13:19:28.140,0.0001875669879391,34.42228123426656,4.0
2025-03-10 13:19:28.159,0.0001788711309572,31.96251617353573,4.0
2025-03-10 13:19:28.179,0.0001529656876687,27.557862606574155,4.0
2025-03-10 13:19:28.199,0.0001121292666311,21.845996946062023,4.0
2025-03-10 13:19:28.218,6.08539507870317e-05,15.58150415646487,4.0
2025-03-10 13:19:28.238,4.88563446127284e-06,9.511757171598502,4.0
2025-03-10 13:19:28.257,-4.98047608974546e-05,4.26212005633796,4.0
2025-03-10 13:19:28.277,-9.788479908698388e-05,0.2508213537919881,4.0
2025-03-10 13:19:28.296,-0.0001352633017331,-2.353216251620871,4.0
2025-03-10 13:19:28.316,-0.0001594597841093,-3.6255154864772496,4.0
2025-03-10 13:19:28.335,-0.0001698122095291,-3.839412943820431,4.0
2025-03-10 13:19:28.355,-0.0001675377048943,-3.3904594377448167,4.0
2025-03-10 13:19:28.374,-0.0001555729300957,-2.708985779041178,4.0
2025-03-10 13:19:28.394,-0.000138105241785,-2.178422925426581,4.0
2025-03-10 13:19:28.413,-0.0001197867951974,-2.0737734004215485,4.0
2025-03-10 13:19:28.433,-0.0001047437120301,-2.528851398305456,4.0
2025-03-10 13:19:28.452,-9.558910425172704e-05,-3.534143680492727,4.0
2025-03-10 13:19:28.472,-9.269142079136068e-05,-4.961058555224315,4.0
2025-03-10 13:19:28.492,-9.392761553910682e-05,-6.604167715383484,4.0
2025-03-10 13:19:28.511,-9.506187423430464e-05,-8.231325607760214,4.0
2025-03-10 13:19:28.531,-9.074152156160752e-05,-9.63206928529596,4.0
2025-03-10 13:19:28.550,-7.591306858032975e-05,-10.656767016258788,4.0
2025-03-10 13:19:28.570,-4.728320997822297e-05,-11.241740521905983,4.0
2025-03-10 13:19:28.589,-4.371945202067784e-06,-11.418286416010885,4.0
2025-03-10 13:19:28.609,5.018725953464365e-05,-11.305697170165717,4.0
2025-03-10 13:19:28.628,0.0001111728655202,-11.08990109319912,4.0
2025-03-10 13:19:28.648,0.0001719120050492,-10.99037352690866,4.0
2025-03-10 13:19:28.667,0.0002256653697223,-11.218841198384592,4.0
2025-03-10 13:19:28.687,0.0002669118199631,-11.934287110346578,4.0
2025-03-10 13:19:28.706,0.0002922874808668,-13.199932455480669,4.0
2025-03-10 13:19:28.726,0.0003010496529984,-14.949005912435265,4.0
2025-03-10 13:19:28.745,0.0002950316910712,-16.966716584261594,4.0
2025-03-10 13:19:28.765,0.0002781302959301,-18.89526269794761,4.0
2025-03-10 13:19:28.784,0.0002554335641676,-20.26633285067924,4.0
2025-03-10 13:19:28.804,0.0002321682603756,-20.56118979477255,4.0
2025-03-10 13:19:28.824,0.0002127077713076,-19.29257113793479,4.0
2025-03-10 13:19:28.843,0.0001998875635456,-16.096557632752265,4.0
2025-03-10 13:19:28.863,0.0001947694465537,-10.817971684773884,4.0
2025-03-10 13:19:28.882,0.0001968140770271,-3.571402810058022,4.0
2025-03-10 13:19:28.902,0.0002042909261175,5.237460199974023,4.0
2025-03-10 13:19:28.921,0.0002147551605646,14.939040252038218,4.0
2025-03-10 13:19:28.941,0.0002254916086823,24.675368620242228,4.0
2025-03-10 13:19:28.960,0.000233877002051,33.513829950326155,4.0
2025-03-10 13:19:28.980,0.0002376339022375,40.58079966379192,4.0
2025-03-10 13:19:28.999,0.0002349702182862,45.19179539965547,4.0
2025-03-10 13:19:29.019,0.0002246235842533,46.954263353428566,4.0
2025-03-10 13:19:29.038,0.0002058607254597,45.82352824791909,4.0
2025-03-10 13:19:29.058,0.000178503579,42.10111378791752,4.0
2025-03-10 13:19:29.077,0.0001430276053935,36.37589425012365,4.0
2025-03-10 13:19:29.097,0.0001006962799787,29.419890698120525,4.0
2025-03-10 13:19:29.117,5.361293192499236e-05,22.05931880626365,4.0
2025-03-10 13:19:29.136,4.553037030453691e-06,15.045660675955146,4.0
2025-03-10 13:19:29.156,-4.348363935975841e-05,8.950237743759395,4.0
2025-03-10 13:19:29.175,-8.791432814739561e-05,4.099623191857949,4.0
2025-03-10 13:19:29.195,-0.000127184314241,0.5599998186804478,4.0
2025-03-10 13:19:29.214,-0.0001611013277786,-1.831506659161315,4.0
2025-03-10 13:19:29.234,-0.0001907694935957,-3.399267411349053,4.0
2025-03-10 13:19:29.253,-0.0002181737738789,-4.541973663411602,4.0
2025-03-10 13:19:29.273,-0.0002455660255693,-5.644526209613846,4.0
2025-03-10 13:19:29.292,-0.0002748040468146,-7.005909614656823,4.0
2025-03-10 13:19:29.312,-0.0003067653704116,-8.795074529859848,4.0
2025-03-10 13:19:29.331,-0.0003409480230819,-11.040083406381523,4.0
2025-03-10 13:19:29.351,-0.000375362647404,-13.648635695309272,4.0
2025-03-10 13:19:29.370,-0.0004067772618051,-16.45199303208536,4.0
2025-03-10 13:19:29.390,-0.0004312885088101,-19.260328525942683,4.0
2025-03-10 13:19:29.409,-0.0004450909140446,-21.916170559227904,4.0
2025-03-10 13:19:29.429,-0.0004452570078648,-24.33390782023533,4.0
2025-03-10 13:19:29.449,-0.0004303668308827,-26.51682624748058,4.0
2025-03-10 13:19:29.468,-0.0004009028518143,-28.54810969537004,4.0
2025-03-10 13:19:29.488,-0.0003593794973437,-30.55773440474072,4.0
2025-03-10 13:19:29.507,-0.0003101792686155,-32.6722654447012,4.0
2025-03-10 13:19:29.527,-0.0002590666425678,-34.95836681074403,4.0
2025-03-10 13:19:29.546,-0.000212393939978,-37.372725643635775,4.0
2025-03-10 13:19:29.566,-0.0001760918905529,-39.7306804232113,4.0
2025-03-10 13:19:29.585,-0.0001546117816158,-41.70301193204002,4.0
2025-03-10 13:19:29.605,-0.0001500295538389,-42.84530820207071,4.0
2025-03-10 13:19:29.624,-0.0001615211709412,-42.6577125265126,4.0
2025-03-10 13:19:29.644,-0.0001853581832557,-40.6659161283585,4.0
2025-03-10 13:19:29.663,-0.0002154590757006,-36.50859955121006,4.0
2025-03-10 13:19:29.683,-0.0002444045689319,-30.013819151565254,4.0
2025-03-10 13:19:29.702,-0.0002647234596756,-21.248179262295597,4.0
2025-03-10 13:19:29.722,-0.0002701979133625,-10.528049647052637,4.0
2025-03-10 13:19:29.742,-0.0002569285240814,1.60966249414074,4.0
2025-03-10 13:19:29.761,-0.0002239449144045,14.470812788299886,4.0
2025-03-10 13:19:29.781,-0.0001732509499008,27.288016445357066,4.0
2025-03-10 13:19:29.800,-0.0001093399922979,39.3086986171647,4.0
2025-03-10 13:19:29.820,-3.835073398371495e-05,49.8716511341801,4.0
2025-03-10 13:19:29.839,3.291517656832104e-05,58.46123835677754,4.0
2025-03-10 13:19:29.859,9.794589649077254e-05,64.73490743053036,4.0
2025-03-10 13:19:29.878,0.0001513615258482,68.52593510553415,4.0
2025-03-10 13:19:29.898,0.0001895953356802,69.82773813123322,4.0
2025-03-10 13:19:29.917,0.000211331895907,68.76777977167625,4.0
2025-03-10 13:19:29.937,0.0002176024583973,65.57824885177041,4.0
2025-03-10 13:19:29.956,0.0002114952809075,60.568149690668655,4.0
2025-03-10 13:19:29.976,0.0001975445793795,54.09846348974306,4.0
2025-03-10 13:19:29.995,0.0001809423387462,46.55975325857176,4.0
2025-03-10 13:19:30.015,0.0001667271108601,38.35062664151116,4.0
2025-03-10 13:19:30.035,0.0001590587589255,29.855871068765428,4.0
2025-03-10 13:19:30.054,0.0001606443062588,21.424370356005333,4.0
2025-03-10 13:19:30.074,0.0001723764895644,13.348409439233322,4.0
2025-03-10 13:19:30.093,0.0001932571661038,5.847017608505945,4.0
2025-03-10 13:19:30.113,0.0002206494082482,-0.943846574266181,4.0
2025-03-10 13:19:30.132,0.0002508281820743,-6.97232387742894,4.0
2025-03-10 13:19:30.152,0.0002797184655591,-12.262599243809618,4.0
2025-03-10 13:19:30.171,0.0003036608698569,-16.899390935639957,4.0
2025-03-10 13:19:30.191,0.0003200458522241,-21.00816062456725,4.0
2025-03-10 13:19:30.210,0.0003276940176031,-24.73480967138901,4.0
2025-03-10 13:19:30.230,0.0003269033451297,-28.22797019883534,4.0
2025-03-10 13:19:30.249,0.0003191366907896,-31.625272705499597,4.0
2025-03-10 13:19:30.269,0.0003064120604998,-35.042814273424625,4.0
2025-03-10 13:19:30.288,0.0002905769627981,-38.56536191700998,4.0
2025-03-10 13:19:30.308,0.000272731084095,-42.23441629965597,4.0
2025-03-10 13:19:30.327,0.0002530272687416,-46.032518399179295,4.0
2025-03-10 13:19:30.347,0.0002309082457989,-49.86486994817444,4.0
2025-03-10 13:19:30.367,0.0002056180890271,-53.54261111698302,4.0
2025-03-10 13:19:30.386,0.0001767142040516,-56.774718436855125,4.0
2025-03-10 13:19:30.406,0.0001443647599908,-59.176195293971,4.0
2025-03-10 13:19:30.425,0.0001093757169991,-60.29818667911377,4.0
2025-03-10 13:19:30.445,7.303128768831811e-05,-59.680837934081225,4.0
2025-03-10 13:19:30.464,3.6877312356261095e-05,-56.92315484904045,4.0
2025-03-10 13:19:30.484,2.5252620499901227e-06,-51.75774520804884,4.0
2025-03-10 13:19:30.503,-2.8524953416472043e-05,-44.1144144264488,4.0
2025-03-10 13:19:30.523,-5.50655353048842e-05,-34.15691806657853,4.0
2025-03-10 13:19:30.542,-7.634165201441634e-05,-22.282189928707865,4.0
2025-03-10 13:19:30.562,-9.213148005428592e-05,-9.079872096500765,4.0
2025-03-10 13:19:30.581,-0.0001027018692019,4.740491763115942,4.0
2025-03-10 13:19:30.601,-0.0001086486118024,18.439503359062268,4.0
2025-03-10 13:19:30.620,-0.0001106766140313,31.336354593776317,4.0
2025-03-10 13:19:30.640,-0.0001093953793835,42.87796975285166,4.0
2025-03-10 13:19:30.660,-0.0001051981822917,52.67665998791404,4.0
2025-03-10 13:19:30.679,-9.826548957973044e-05,60.51238129823152,4.0
2025-03-10 13:19:30.699,-8.869381946503993e-05,66.30453005304878,4.0
2025-03-10 13:19:30.718,-7.671076438545504e-05,70.06536875533456,4.0
2025-03-10 13:19:30.738,-6.290542798610899e-05,71.85082018390437,4.0
2025-03-10 13:19:30.757,-4.838928627807326e-05,71.72353698758022,4.0
2025-03-10 13:19:30.777,-3.481055245245744e-05,69.73809419034656,4.0
2025-03-10 13:19:30.796,-2.4176257599086204e-05,65.95039171401525,4.0
2025-03-10 13:19:30.816,-1.8486102025152228e-05,60.44532444776674,4.0
2025-03-10 13:19:30.835,-1.9241064500689265e-05,53.37101116805709,4.0
2025-03-10 13:19:30.855,-2.6943667896760507e-05,44.96607599230018,4.0
2025-03-10 13:19:30.874,-4.073902405844968e-05,35.568928404572866,4.0
2025-03-10 13:19:30.894,-5.834023080899922e-05,25.603573030730853,4.0
2025-03-10 13:19:30.913,-7.632689368101366e-05,15.543245875197083,4.0
2025-03-10 13:19:30.933,-9.080167499681915e-05,5.859093244339337,4.0
2025-03-10 13:19:30.953,-9.826257808069986e-05,-3.0352993986952232,4.0
2025-03-10 13:19:30.972,-9.645531221158852e-05,-10.83209898636805,4.0
2025-03-10 13:19:30.992,-8.496672766420623e-05,-17.360858906724854,4.0
2025-03-10 13:19:31.011,-6.540904197616573e-05,-22.598415865239613,4.0
2025-03-10 13:19:31.031,-4.116406951803877e-05,-26.65673805048213,4.0
2025-03-10 13:19:31.050,-1.673838393014589e-05,-29.7528175650714,4.0
2025-03-10 13:19:31.070,3.178165980509104e-06,-32.167612188831384,4.0
2025-03-10 13:19:31.089,1.4794125703408683e-05,-34.20187334351526,4.0
2025-03-10 13:19:31.109,1.6177449188109215e-05,-36.1354790612239,4.0
2025-03-10 13:19:31.128,7.788422266174708e-06,-38.19428605070501,4.0
2025-03-10 13:19:31.148,-7.611285707835284e-06,-40.52559789612259,4.0
2025-03-10 13:19:31.167,-2.564648454562553e-05,-43.18122077109732,4.0
2025-03-10 13:19:31.187,-4.1401321378633645e-05,-46.1064918907396,4.0
2025-03-10 13:19:31.206,-5.059491820983105e-05,-49.1347334335136,4.0
2025-03-10 13:19:31.226,-5.058114046466884e-05,-51.98869270735093,4.0
2025-03-10 13:19:31.245,-4.092904635903695e-05,-54.29250725430779,4.0
2025-03-10 13:19:31.265,-2.342756073660023e-05,-55.598283166406894,4.0
2025-03-10 13:19:31.285,-1.5117446212876124e-06,-55.429620819066784,4.0
2025-03-10 13:19:31.304,2.071334928867952e-05,-53.34037497604556,4.0
2025-03-10 13:19:31.324,3.954426194426873e-05,-48.98166944682369,4.0
2025-03-10 13:19:31.343,5.252212255480629e-05,-42.16559136255604,4.0
2025-03-10 13:19:31.363,5.884057421153055e-05,-32.912104381549426,4.0
2025-03-10 13:19:31.382,5.929941539395546e-05,-21.46783141444903,4.0
2025-03-10 13:19:31.402,5.5929431071189153e-05,-8.291277433621532,4.0
2025-03-10 13:19:31.421,5.145652153851417e-05,5.992981516332265,4.0
2025-03-10 13:19:31.441,4.873909389651172e-05,20.661301000968447,4.0
2025-03-10 13:19:31.460,5.025549159949141e-05,34.96507474445972,4.0
2025-03-10 13:19:31.480,5.767272680830936e-05,48.19788412076484,4.0
2025-03-10 13:19:31.499,7.150692047745388e-05,59.745549776623854,4.0
2025-03-10 13:19:31.519,9.088955504191442e-05,69.1151260214402,4.0
2025-03-10 13:19:31.538,0.0001134725064911,75.94515955904586,4.0
2025-03-10 13:19:31.558,0.0001355234764281,80.00396592772867,4.0
2025-03-10 13:19:31.578,0.0001522654835101,81.18406254903182,4.0
2025-03-10 13:19:31.597,0.0001584875368614,79.49907375056632,4.0
2025-03-10 13:19:31.617,0.0001493958005395,75.08528462152388,4.0
2025-03-10 13:19:31.636,0.0001215949645008,68.20524280216054,4.0
2025-03-10 13:19:31.656,7.400993381092326e-05,59.2472756765214,4.0
2025-03-10 13:19:31.675,8.509041040498995e-06,48.71389571574854,4.0
2025-03-10 13:19:31.695,-6.999523812059507e-05,37.19417726604514,4.0
2025-03-10 13:19:31.714,-0.0001540902523478,25.31955064783652,4.0
2025-03-10 13:19:31.734,-0.0002349944214368,13.707550447114352,4.0
2025-03-10 13:19:31.753,-0.0003040260428887,2.902188964280933,4.0
2025-03-10 13:19:31.773,-0.0003540532534702,-6.6784551155379,4.0
2025-03-10 13:19:31.792,-0.0003806010530686,-14.777629435178198,4.0
2025-03-10 13:19:31.812,-0.0003824228103085,-21.31168403576456,4.0
2025-03-10 13:19:31.831,-0.000361489305037,-26.356411141647733,4.0
2025-03-10 13:19:31.851,-0.0003224551914064,-30.111347547313184,4.0
2025-03-10 13:19:31.870,-0.0002717305625231,-32.84990227327259,4.0
2025-03-10 13:19:31.890,-0.0002163379806028,-34.865825345450936,4.0
2025-03-10 13:19:31.910,-0.0001627816375348,-36.42668181036235,4.0
2025-03-10 13:19:31.929,-0.0001161625340713,-37.74252380064716,4.0
2025-03-10 13:19:31.949,-7.969734199834035e-05,-38.95344872853511,4.0
2025-03-10 13:19:31.968,-5.465941332297322e-05,-40.134407819959314,4.0
2025-03-10 13:19:31.988,-4.06460776415281e-05,-41.31102375955783,4.0
2025-03-10 13:19:32.007,-3.603889600611362e-05,-42.47767356016185,4.0
2025-03-10 13:19:32.027,-3.8531979450448265e-05,-43.609446230653376,4.0
2025-03-10 13:19:32.046,-4.561875263394275e-05,-44.66264890368412,4.0
2025-03-10 13:19:32.066,-5.495580695606717e-05,-45.563328691569104,4.0
2025-03-10 13:19:32.085,-6.457891722673948e-05,-46.188325907345785,4.0
2025-03-10 13:19:32.105,-7.301012999108546e-05,-46.34715598243932,4.0
2025-03-10 13:19:32.124,-7.931378113554244e-05,-45.774356296270646,4.0
2025-03-10 13:19:32.144,-8.310557487713064e-05,-44.14028045371424,4.0
2025-03-10 13:19:32.163,-8.444527068347738e-05,-41.08393289466193,4.0
2025-03-10 13:19:32.183,-8.354599900048611e-05,-36.26541660672776,4.0
2025-03-10 13:19:32.203,-8.033907521854448e-05,-29.429664446752746,4.0
2025-03-10 13:19:32.222,-7.406308528640698e-05,-20.469209804814792,4.0
2025-03-10 13:19:32.242,-6.309754593538557e-05,-9.473105414775375,4.0
2025-03-10 13:19:32.261,-4.519538028398865e-05,3.24815789715635,4.0
2025-03-10 13:19:32.281,-1.8114951439258453e-05,17.166854670674315,4.0
2025-03-10 13:19:32.300,1.951661786757829e-05,31.570964556841627,4.0
2025-03-10 13:19:32.320,6.73811914998056e-05,45.621108105331565,4.0
2025-03-10 13:19:32.339,0.0001229656667048,58.42431312549197,4.0
2025-03-10 13:19:32.359,0.000181583224102,69.11669271364158,4.0
2025-03-10 13:19:32.378,0.0002370030281341,76.94713334205659,4.0
2025-03-10 13:19:32.398,0.0002825960075868,81.35403355778637,4.0
2025-03-10 13:19:32.417,0.0003127180520275,82.02680925151031,4.0
2025-03-10 13:19:32.437,0.0003239488935892,78.94388970600171,4.0
2025-03-10 13:19:32.456,0.0003158474103884,72.38025101800436,4.0
2025-03-10 13:19:32.476,0.0002910398962651,62.88083978485104,4.0
2025-03-10 13:19:32.496,0.0002546421420161,51.20134091150108,4.0
2025-03-10 13:19:32.515,0.0002131674801641,38.2235175832852,4.0
2025-03-10 13:19:32.535,0.0001731746721348,24.85718954454353,4.0
2025-03-10 13:19:32.554,0.0001399648527338,11.943416262629697,4.0
2025-03-10 13:19:32.574,0.0001166375891899,0.1729720685565732,4.0
2025-03-10 13:19:32.593,0.0001037337946681,-9.968990389439902,4.0
2025-03-10 13:19:32.613,9.951881334372376e-05,-18.226158859550665,4.0
2025-03-10 13:19:32.632,0.0001007558416253,-24.561815397850225,4.0
2025-03-10 13:19:32.652,0.0001036920427163,-29.121961524033978,4.0
2025-03-10 13:19:32.671,0.0001049758813562,-32.17968733654203,4.0
2025-03-10 13:19:32.691,0.0001023087801693,-34.07199891487281,4.0
2025-03-10 13:19:32.710,9.474542601161424e-05,-35.140569597608724,4.0
2025-03-10 13:19:32.730,8.265463422539244e-05,-35.685924238536906,4.0
2025-03-10 13:19:32.749,6.741953244951152e-05,-35.94076112249933,4.0
2025-03-10 13:19:32.769,5.09879937702715e-05,-36.063339487575504,4.0
2025-03-10 13:19:32.788,3.5386089148220107e-05,-36.147263189340826,4.0
2025-03-10 13:19:32.808,2.2288163842383712e-05,-36.24062566744657,4.0
2025-03-10 13:19:32.828,1.2707642490759997e-05,-36.366039351611455,4.0
2025-03-10 13:19:32.847,6.84186462483443e-06,-36.533813560658906,4.0
2025-03-10 13:19:32.867,4.077763794526697e-06,-36.74330303473205,4.0
2025-03-10 13:19:32.886,3.1448619869098435e-06,-36.971623607786974,4.0
2025-03-10 13:19:32.906,2.38677795444842e-06,-37.15351390726181,4.0
2025-03-10 13:19:32.925,1.0992580598626521e-07,-37.15986563882414,4.0
2025-03-10 13:19:32.945,-5.043369530053095e-06,-36.78418804962096,4.0
2025-03-10 13:19:32.964,-1.3760050931521875e-05,-35.74530558610192,4.0
2025-03-10 13:19:32.984,-2.5827784953141168e-05,-33.71092411896168,4.0
2025-03-10 13:19:33.003,-4.007595987704779e-05,-30.341165110833376,4.0
2025-03-10 13:19:33.023,-5.452892453940906e-05,-25.345281374616075,4.0
2025-03-10 13:19:33.042,-6.677375290159379e-05,-18.54038427890821,4.0
2025-03-10 13:19:33.062,-7.448495992410705e-05,-9.8996799519334,4.0
2025-03-10 13:19:33.081,-7.597880641246782e-05,0.4200085829950853,4.0
2025-03-10 13:19:33.101,-7.061973565797195e-05,12.0765427263689,4.0
2025-03-10 13:19:33.121,-5.892098966279693e-05,24.565600645334143,4.0
2025-03-10 13:19:33.140,-4.229598304989242e-05,37.26268126283968,4.0
2025-03-10 13:19:33.160,-2.2572832854619187e-05,49.475676567273055,4.0
2025-03-10 13:19:33.179,-1.4805177340083458e-06,60.5002609806624,4.0
2025-03-10 13:19:33.199,1.9698768209785844e-05,69.67286336415147,4.0
2025-03-10 13:19:33.218,4.020831992943842e-05,76.41888065942867,4.0
2025-03-10 13:19:33.238,5.963471368050923e-05,80.29558639598376,4.0
2025-03-10 13:19:33.257,7.756264014372422e-05,81.02914773515181,4.0
2025-03-10 13:19:33.277,9.321472667476118e-05,78.54355906053989,4.0
2025-03-10 13:19:33.296,0.0001052272249792,72.97723581642363,4.0
2025-03-10 13:19:33.316,0.0001116706832068,64.68192584674925,4.0
2025-03-10 13:19:33.335,0.000110349538917,54.199581297226615,4.0
2025-03-10 13:19:33.355,9.932457607747752e-05,42.21609557208272,4.0
2025-03-10 13:19:33.374,7.752092580687019e-05,29.495511349008947,4.0
2025-03-10 13:19:33.394,4.523681837510527e-05,16.802925722386075,4.0
2025-03-10 13:19:33.414,4.376840288726456e-06,4.827325567219155,4.0
2025-03-10 13:19:33.433,-4.169037410921523e-05,-5.883926746722522,4.0
2025-03-10 13:19:33.453,-8.862343594573944e-05,-14.96928911970974,4.0
2025-03-10 13:19:33.472,-0.0001318064587884,-22.27015753835325,4.0
2025-03-10 13:19:33.492,-0.0001670786224859,-27.819940254599643,4.0
2025-03-10 13:19:33.511,-0.0001913671761066,-31.808861333418363,4.0
2025-03-10 13:19:33.531,-0.0002031503230981,-34.53215097512035,4.0
2025-03-10 13:19:33.550,-0.0002026917585019,-36.33165838561103,4.0
2025-03-10 13:19:33.570,-0.0001919972458228,-37.54134257750077,4.0
2025-03-10 13:19:33.589,-0.0001744820060064,-38.4454270864415,4.0
2025-03-10 13:19:33.609,-0.0001543936278258,-39.25455277427699,4.0
2025-03-10 13:19:33.628,-0.0001360809945723,-40.10078109763993,4.0
2025-03-10 13:19:33.648,-0.0001232261653663,-41.04784625271881,4.0
2025-03-10 13:19:33.667,-0.0001181665530816,-42.10973137756152,4.0
2025-03-10 13:19:33.687,-0.0001214313592828,-43.269304441576935,4.0
2025-03-10 13:19:33.706,-0.0001315965756764,-44.48975818925961,4.0
2025-03-10 13:19:33.726,-0.0001455212504634,-45.71471456344301,4.0
2025-03-10 13:19:33.746,-0.0001589587780698,-46.85726535527107,4.0
2025-03-10 13:19:33.765,-0.0001674429243494,-47.78271980951325,4.0
2025-03-10 13:19:33.785,-0.0001672534107686,-48.29308875793536,4.0
2025-03-10 13:19:33.804,-0.000156220090874,-48.12224306244035,4.0
2025-03-10 13:19:33.824,-0.0001341641154825,-46.94870463259917,4.0
2025-03-10 13:19:33.843,-0.0001028773911823,-44.42847237170362,4.0
2025-03-10 13:19:33.863,-6.56601859755163e-05,-40.24436325399177,4.0
2025-03-10 13:19:33.882,-2.654892923838681e-05,-34.16289567728569,4.0
2025-03-10 13:19:33.902,1.0548462649644896e-05,-26.08663471956816,4.0
2025-03-10 13:19:33.921,4.2577818532223225e-05,-16.090339619368823,4.0
2025-03-10 13:19:33.941,6.776417330220016e-05,-4.4331222808656765,4.0
2025-03-10 13:19:33.960,8.569174050167077e-05,8.455248716091877,4.0
2025-03-10 13:19:33.980,9.709374311483856e-05,22.009887617303047,4.0
2025-03-10 13:19:33.999,0.0001034661470016,35.58022197204613,4.0
2025-03-10 13:19:34.019,0.0001066325669546,48.48427608058014,4.0
2025-03-10 13:19:34.039,0.0001083647192101,60.060302198469095,4.0
2025-03-10 13:19:34.058,0.0001101187353309,69.71132526753496,4.0
2025-03-10 13:19:34.078,0.0001128987421791,76.94139195453947,4.0
2025-03-10 13:19:34.097,0.000117219397988,81.38449923207992,4.0
2025-03-10 13:19:34.117,0.000123117865487,82.82765475820365,4.0
2025-03-10 13:19:34.136,0.0001301664431041,81.22833006692409,4.0
2025-03-10 13:19:34.156,0.0001374574943616,76.72445334580921,4.0
2025-03-10 13:19:34.175,0.0001435656346575,69.6332523226967,4.0
2025-03-10 13:19:34.195,0.0001465289955631,60.434853559660326,4.0
2025-03-10 13:19:34.214,0.0001439221411252,49.73812717556201,4.0
2025-03-10 13:19:34.234,0.0001331074207933,38.22951269565307,4.0
2025-03-10 13:19:34.253,0.0001117294847301,26.609446927221725,4.0
2025-03-10 13:19:34.273,7.843003262448577e-05,15.524312997826296,4.0
2025-03-10 13:19:34.292,3.3609218088374626e-05,5.503616314226677,4.0
2025-03-10 13:19:34.312,-2.0070514419902904e-05,-3.0880224345790714,4.0
2025-03-10 13:19:34.332,-7.773259955232175e-05,-10.076409191824924,4.0
2025-03-10 13:19:34.351,-0.000132993050872,-15.476627707473629,4.0
2025-03-10 13:19:34.371,-0.0001791646641057,-19.4653769881714,4.0
2025-03-10 13:19:34.390,-0.0002106064712984,-22.331678448587923,4.0
2025-03-10 13:19:34.410,-0.0002238399196464,-24.414960496843086,4.0
2025-03-10 13:19:34.429,-0.0002181637179221,-26.042095335304715,4.0
2025-03-10 13:19:34.449,-0.0001956592706614,-27.47519837289528,4.0
2025-03-10 13:19:34.468,-0.0001606236711836,-28.87965004348773,4.0
2025-03-10 13:19:34.488,-0.0001185795078371,-30.317290314090684,4.0
2025-03-10 13:19:34.507,-7.50946765324964e-05,-31.764082837269417,4.0
2025-03-10 13:19:34.527,-3.469569795173371e-05,-33.14605140557198,4.0
2025-03-10 13:19:34.546,-1.4531797696021068e-07,-34.383200999343195,4.0
2025-03-10 13:19:34.566,2.774725119457644e-05,-35.42936709387297,4.0
2025-03-10 13:19:34.585,4.9785615628624175e-05,-36.296906912188206,4.0
2025-03-10 13:19:34.605,6.768797615189099e-05,-37.0586895740165,4.0
2025-03-10 13:19:34.624,8.330863091593713e-05,-37.82524744443173,4.0
2025-03-10 13:19:34.644,9.805290687778446e-05,-38.70111598409365,4.0
2025-03-10 13:19:34.664,0.0001126354660473,-39.73003592751145,4.0
2025-03-10 13:19:34.683,0.000127136848227,-40.84257904847452,4.0
2025-03-10 13:19:34.703,0.0001411692724753,-41.82088399532985,4.0
2025-03-10 13:19:34.722,0.0001539766100512,-42.29300066730919,4.0
2025-03-10 13:19:34.742,0.0001644439742253,-41.763954822394815,4.0
2025-03-10 13:19:34.761,0.0001711448647618,-39.68295931978297,4.0
2025-03-10 13:19:34.781,0.0001725823971406,-35.53782358934436,4.0
2025-03-10 13:19:34.800,0.0001676639145601,-28.960536428470487,4.0
2025-03-10 13:19:34.820,0.0001562669511729,-19.824035089586378,4.0
2025-03-10 13:19:34.839,0.0001396325416197,-8.310378781693903,4.0
2025-03-10 13:19:34.859,0.0001203476287768,5.065131070455575,4.0
2025-03-10 13:19:34.878,0.0001018435450148,19.48194134921041,4.0
2025-03-10 13:19:34.898,8.754044242770946e-05,33.89351082209213,4.0
2025-03-10 13:19:34.917,7.989683495259548e-05,47.148221715080446,4.0
2025-03-10 13:19:34.937,7.964116846603511e-05,58.13494347403112,4.0
2025-03-10 13:19:34.957,8.540143625739293e-05,65.93127705970699,4.0
2025-03-10 13:19:34.976,9.38545817311586e-05,69.93071611899246,4.0
2025-03-10 13:19:34.996,0.0001004109287278,69.92701919051565,4.0
2025-03-10 13:19:35.015,0.0001003260289243,66.14029874196208,4.0
2025-03-10 13:19:35.035,8.998620240472115e-05,59.179159475706,4.0
2025-03-10 13:19:35.054,6.798601918462132e-05,49.94495861497047,4.0
2025-03-10 13:19:35.074,3.5612096633355605e-05,39.495284823226,4.0
2025-03-10 13:19:35.093,-3.4598101678848314e-06,28.89129770049979,4.0
2025-03-10 13:19:35.113,-4.413622842099672e-05,19.055728214707173,4.0
2025-03-10 13:19:35.132,-8.118278494365993e-05,10.66475304655496,4.0
2025-03-10 13:19:35.152,-0.0001103901373756,4.088878971095229,4.0
2025-03-10 13:19:35.171,-0.0001293303417478,-0.6122998714307036,4.0
2025-03-10 13:19:35.191,-0.0001375895575633,-3.646620987089884,4.0
2025-03-10 13:19:35.210,-0.0001365263799815,-5.410123560442528,4.0
2025-03-10 13:19:35.230,-0.0001287082506425,-6.389582612356011,4.0
2025-03-10 13:19:35.249,-0.0001172161084332,-7.065263787043539,4.0
2025-03-10 13:19:35.269,-0.0001049910493992,-7.830024433099479,4.0
2025-03-10 13:19:35.289,-9.434558169756322e-05,-8.936065845286919,4.0
2025-03-10 13:19:35.308,-8.66973397479052e-05,-10.474443580108058,4.0
2025-03-10 13:19:35.328,-8.252311937721846e-05,-12.386144608805662,4.0
2025-03-10 13:19:35.347,-8.148796651203337e-05,-14.498332745270584,4.0
2025-03-10 13:19:35.367,-8.268277422955641e-05,-16.576074615842884,4.0
2025-03-10 13:19:35.386,-8.490294038051338e-05,-18.378779780392207,4.0
2025-03-10 13:19:35.406,-8.691414357894249e-05,-19.711483210305666,4.0
2025-03-10 13:19:35.425,-8.76712816790148e-05,-20.463355627939656,4.0
2025-03-10 13:19:35.445,-8.647564210011582e-05,-20.628708455436367,4.0
2025-03-10 13:19:35.464,-8.306833493847824e-05,-20.30864097349627,4.0
2025-03-10 13:19:35.484,-7.766311200376017e-05,-19.69398370967452,4.0
2025-03-10 13:19:35.503,-7.092038750791194e-05,-19.03220054348094,4.0
2025-03-10 13:19:35.523,-6.386043057409854e-05,-18.58247713235456,4.0
2025-03-10 13:19:35.542,-5.7712094669182106e-05,-18.56448829491301,4.0
2025-03-10 13:19:35.562,-5.369808462187826e-05,-19.107429224012662,4.0
2025-03-10 13:19:35.582,-5.27703477848391e-05,-20.206810450357253,4.0
2025-03-10 13:19:35.601,-5.532817977481543e-05,-21.69703123405619,4.0
2025-03-10 13:19:35.621,-6.097217600790746e-05,-23.24740708536404,4.0
2025-03-10 13:19:35.640,-6.83618810645616e-05,-24.387549306540556,4.0
2025-03-10 13:19:35.660,-7.524584589631464e-05,-24.564291214629115,4.0
2025-03-10 13:19:35.679,-7.871349154461801e-05,-23.226673807946632,4.0
2025-03-10 13:19:35.699,-7.567668783981089e-05,-19.928545241813605,4.0
2025-03-10 13:19:35.718,-6.352962663197458e-05,-14.431669575799765,4.0
2025-03-10 13:19:35.738,-4.08699494027553e-05,-6.788064451563979,4.0
2025-03-10 13:19:35.757,-8.110024641991484e-06,2.619315625495213,4.0
2025-03-10 13:19:35.777,3.2214055907662e-05,13.092402871002342,4.0
2025-03-10 13:19:35.796,7.559710990940474e-05,23.69422218530068,4.0
2025-03-10 13:19:35.816,0.0001162488534795,33.37593370840742,4.0
2025-03-10 13:19:35.835,0.0001482169905164,41.13291054065065,4.0
2025-03-10 13:19:35.855,0.0001666807769184,46.160472133654096,4.0
2025-03-10 13:19:35.875,0.0001690303570222,47.97918376008786,4.0
2025-03-10 13:19:35.894,0.0001553840185759,46.50591752617672,4.0
2025-03-10 13:19:35.914,0.0001283925688131,42.05827472922932,4.0
2025-03-10 13:19:35.933,9.243777136913856e-05,35.29342343277918,4.0
2025-03-10 13:19:35.953,5.2528266474422046e-05,27.09475984844448,4.0
2025-03-10 13:19:35.972,1.3261466707176686e-05,18.42868978739515,4.0
2025-03-10 13:19:35.992,-2.1857471418974584e-05,10.197974976470483,4.0
2025-03-10 13:19:36.011,-5.062396495240283e-05,3.11720222786454,4.0
2025-03-10 13:19:36.031,-7.194358769699116e-05,-2.369533889383265,4.0
2025-03-10 13:19:36.050,-8.544452479181498e-05,-6.117591213560189,4.0
2025-03-10 13:19:36.070,-9.112494236414416e-05,-8.256952874687169,4.0
2025-03-10 13:19:36.089,-8.920246258544759e-05,-9.123508448965,4.0
2025-03-10 13:19:36.109,-8.020095345724076e-05,-9.16409751361458,4.0
2025-03-10 13:19:36.128,-6.51668334304111e-05,-8.83651786588909,4.0
2025-03-10 13:19:36.148,-4.583081685041981e-05,-8.52441777828757,4.0
2025-03-10 13:19:36.167,-2.457080647302096e-05,-8.481486353920145,4.0
2025-03-10 13:19:36.187,-4.149963768463598e-06,-8.811282709423063,4.0
2025-03-10 13:19:36.207,1.2693574432246036e-05,-9.48058583674838,4.0
2025-03-10 13:19:36.226,2.3695908128437716e-05,-10.357364827492292,4.0
2025-03-10 13:19:36.246,2.746280827800589e-05,-11.2607588634316,4.0
2025-03-10 13:19:36.265,2.3745059253809484e-05,-12.010252729403192,4.0
2025-03-10 13:19:36.285,1.3546063988202382e-05,-12.464018419217636,4.0
2025-03-10 13:19:36.304,-9.722433136212066e-07,-12.54096602224551,4.0
2025-03-10 13:19:36.324,-1.68008710291292e-05,-12.22594983880935,4.0
2025-03-10 13:19:36.343,-3.059608296249688e-05,-11.561523050050225,4.0
2025-03-10 13:19:36.363,-3.932483943121023e-05,-10.631811374193804,4.0
2025-03-10 13:19:36.382,-4.091125427453584e-05,-9.544253689949972,4.0
2025-03-10 13:19:36.402,-3.470245047391808e-05,-8.413454899512509,4.0
2025-03-10 13:19:36.421,-2.1588487340769957e-05,-7.348944842000906,4.0
2025-03-10 13:19:36.441,-3.72146631767656e-06,-6.446171886379983,4.0
2025-03-10 13:19:36.460,1.606644986931306e-05,-5.778461727528882,4.0
2025-03-10 13:19:36.480,3.4945272662527524e-05,-5.387512898375585,4.0
2025-03-10 13:19:36.500,5.066997518236162e-05,-5.271364408952785,4.0
2025-03-10 13:19:36.519,6.193656286449805e-05,-5.371209114421354,4.0
2025-03-10 13:19:36.539,6.847306616974253e-05,-5.561070267942268,4.0
2025-03-10 13:19:36.558,7.089920480696308e-05,-5.646158447129507,4.0
2025-03-10 13:19:36.578,7.043226218132891e-05,-5.375751336791361,4.0
2025-03-10 13:19:36.597,6.853151718265679e-05,-4.474176923835977,4.0
2025-03-10 13:19:36.617,6.656481042873537e-05,-2.6890750985302607,4.0
2025-03-10 13:19:36.636,6.555716735328438e-05,0.1495277101455832,4.0
2025-03-10 13:19:36.656,6.605209522037218e-05,4.07109914387188,4.0
2025-03-10 13:19:36.675,6.808884103129573e-05,8.922292079345828,4.0
2025-03-10 13:19:36.695,7.127833679076103e-05,14.35457000949813,4.0
2025-03-10 13:19:36.714,7.494848746796086e-05,19.850693445748817,4.0
2025-03-10 13:19:36.734,7.832508493574582e-05,24.79016988798008,4.0
2025-03-10 13:19:36.753,8.071571332155155e-05,28.543663557387347,4.0
2025-03-10 13:19:36.773,8.1668024721632e-05,30.578117594724407,4.0
2025-03-10 13:19:36.793,8.10788704439397e-05,30.550673950090548,4.0
2025-03-10 13:19:36.812,7.923632967965444e-05,28.37154202597963,4.0
2025-03-10 13:19:36.832,7.678320562073668e-05,24.22297276021559,4.0
2025-03-10 13:19:36.851,7.459921567107854e-05,18.53119002777696,4.0
2025-03-10 13:19:36.871,7.36108430910382e-05,11.897821864678733,4.0
2025-03-10 13:19:36.890,7.455251694635055e-05,5.004866361098121,4.0
2025-03-10 13:19:36.910,7.771861700363828e-05,-1.488700348259436,4.0
2025-03-10 13:19:36.929,8.27591201850451e-05,-7.040194646704046,4.0
2025-03-10 13:19:36.949,8.857762144781835e-05,-11.290854453330311,4.0
2025-03-10 13:19:36.968,9.338404046503676e-05,-14.09784414995438,4.0
2025-03-10 13:19:36.988,9.493226436314449e-05,-15.52774615665824,4.0
2025-03-10 13:19:37.007,9.093536069633093e-05,-15.81602675747215,4.0
2025-03-10 13:19:37.027,7.960263117791243e-05,-15.303183460206794,4.0
2025-03-10 13:19:37.046,6.019358741895576e-05,-14.361991751058063,4.0
2025-03-10 13:19:37.066,3.344797979439862e-05,-13.330619424474817,4.0
2025-03-10 13:19:37.085,1.7440003878979892e-06,-12.463392935861288,4.0
2025-03-10 13:19:37.105,-3.112779804111488e-05,-11.905665237857535,4.0
2025-03-10 13:19:37.125,-6.060275631702598e-05,-11.69315409713047,4.0
2025-03-10 13:19:37.144,-8.22938144893805e-05,-11.770941486619977,4.0
2025-03-10 13:19:37.164,-9.302334719639976e-05,-12.024214093306062,4.0
2025-03-10 13:19:37.183,-9.16244365068509e-05,-12.312195234343571,4.0
2025-03-10 13:19:37.203,-7.924243875251092e-05,-12.498234528706837,4.0
2025-03-10 13:19:37.222,-5.90307183764923e-05,-12.47182501045934,4.0
2025-03-10 13:19:37.242,-3.5348158093159414e-05,-12.161368750608938,4.0
2025-03-10 13:19:37.261,-1.2728631132052964e-05,-11.538917558995452,4.0
2025-03-10 13:19:37.281,5.066619194828781e-06,-10.619340569432037,4.0
2025-03-10 13:19:37.300,1.5681085963168696e-05,-9.456323076770412,4.0
2025-03-10 13:19:37.320,1.83825036632881e-05,-8.136591689784465,4.0
2025-03-10 13:19:37.339,1.3899897126734302e-05,-6.77236319163686,4.0
2025-03-10 13:19:37.359,3.992988834322689e-06,-5.490869204693331,4.0
2025-03-10 13:19:37.378,-9.096365926981396e-06,-4.419436568422944,6.0
2025-03-10 13:19:37.398,-2.3169303141373523e-05,-3.665274422271375,6.0
2025-03-10 13:19:37.418,-3.646794251552173e-05,-3.290796045107902,6.0
2025-03-10 13:19:37.437,-4.789371095230489e-05,-3.287641740352377,6.0
2025-03-10 13:19:37.457,-5.704349979940566e-05,-3.5549491181790422,6.0
2025-03-10 13:19:37.476,-6.409961543320578e-05,-3.889023590616024,6.0
2025-03-10 13:19:37.496,-6.963105564347388e-05,-3.9915481536683033,6.0
2025-03-10 13:19:37.515,-7.436795842487516e-05,-3.501218882101928,6.0
2025-03-10 13:19:37.535,-7.900148315257116e-05,-2.0491046109565936,6.0
2025-03-10 13:19:37.554,-8.404333068734159e-05,0.6682415657557561,6.0
2025-03-10 13:19:37.574,-8.975843609844699e-05,4.810397552600544,6.0
2025-03-10 13:19:37.593,-9.616601178920408e-05,10.326623929928054,6.0
2025-03-10 13:19:37.613,-0.0001030913063028,16.919499498331987,6.0
2025-03-10 13:19:37.632,-0.0001102444496384,24.05269230366904,6.0
2025-03-10 13:19:37.652,-0.0001173031263492,31.00804960876525,6.0
2025-03-10 13:19:37.671,-0.0001239808973921,36.98556739162258,6.0
2025-03-10 13:19:37.691,-0.0001300705644176,41.22870451266958,6.0
2025-03-10 13:19:37.710,-0.0001354598553473,43.15034033560476,6.0
2025-03-10 13:19:37.730,-0.0001401232019558,42.43365363791092,6.0
2025-03-10 13:19:37.750,-0.0001440974793913,39.087535553915096,6.0
2025-03-10 13:19:37.769,-0.0001474510201201,33.446102328651506,6.0
2025-03-10 13:19:37.789,-0.000150254344104,26.113586410468294,6.0
2025-03-10 13:19:37.808,-0.0001525585954184,17.86646951245539,6.0
2025-03-10 13:19:37.828,-0.0001543845224287,9.532081544676055,6.0
2025-03-10 13:19:37.847,-0.0001557218004765,1.8660148778281087,6.0
2025-03-10 13:19:37.867,-0.0001565361810532,-4.5504596675723015,6.0
2025-03-10 13:19:37.886,-0.0001567806910398,-9.376634191420912,6.0
2025-03-10 13:19:37.906,-0.0001564069545236,-12.533417264589245,6.0
2025-03-10 13:19:37.925,-0.0001553734963169,-14.1791438791049,6.0
2025-03-10 13:19:37.945,-0.0001536492896386,-14.648550309040496,6.0
2025-03-10 13:19:37.964,-0.0001512124432065,-14.369764428334438,6.0
2025-03-10 13:19:37.984,-0.0001480454058069,-13.777187259382996,6.0
2025-03-10 13:19:38.003,-0.0001441290856708,-13.237125382615034,6.0
2025-03-10 13:19:38.023,-0.0001394386301277,-12.998415584048605,6.0
2025-03-10 13:19:38.043,-0.000133943211063,-13.173467325375857,6.0
2025-03-10 13:19:38.062,-0.0001276110780197,-13.748031575432554,6.0
2025-03-10 13:19:38.082,-0.000120419576286,-14.612360332397673,6.0
2025-03-10 13:19:38.101,-0.0001123681045483,-15.603402140204366,6.0
2025-03-10 13:19:38.121,-0.0001034905086776,-16.54757508280028,6.0
2025-03-10 13:19:38.140,-9.38625962799909e-05,-17.29595046290212,6.0
2025-03-10 13:19:38.160,-8.360066692300632e-05,-17.747320115873492,6.0
2025-03-10 13:19:38.179,-7.284838086050044e-05,-17.858404403318186,6.0
2025-03-10 13:19:38.199,-6.175187937843145e-05,-17.643357554289835,6.0
2025-03-10 13:19:38.218,-5.04264570369992e-05,-17.166121689844495,6.0
2025-03-10 13:19:38.238,-3.892159186410775e-05,-16.528980941118647,6.0
2025-03-10 13:19:38.257,-2.7193849620418702e-05,-15.85930067850422,6.0
2025-03-10 13:19:38.277,-1.509810592797387e-05,-15.294683511395588,6.0
2025-03-10 13:19:38.296,-2.40585411329432e-06,-14.965491296082918,6.0
2025-03-10 13:19:38.316,1.1145295414916332e-05,-14.973530666988813,6.0
2025-03-10 13:19:38.336,2.5774163723264676e-05,-15.366939829425684,6.0
2025-03-10 13:19:38.355,4.156273652672137e-05,-16.11370568780504,6.0
2025-03-10 13:19:38.375,5.836774271335994e-05,-17.079047413002762,6.0
2025-03-10 13:19:38.394,7.576343473894404e-05,-18.014049915074825,6.0
2025-03-10 13:19:38.414,9.304230727377112e-05,-18.563307798672582,6.0
2025-03-10 13:19:38.433,0.0001092937072876,-18.29718696141321,6.0
2025-03-10 13:19:38.453,0.0001235658574567,-16.76957002017102,6.0
2025-03-10 13:19:38.472,0.0001350961988669,-13.595459411115623,6.0
2025-03-10 13:19:38.492,0.000143571812892,-8.536198906945572,6.0
2025-03-10 13:19:38.511,0.000149361564596,-1.5753366366157684,6.0
2025-03-10 13:19:38.531,0.0001536510669817,7.032981574511456,6.0
2025-03-10 13:19:38.550,0.0001584166199102,16.757866741134126,6.0
2025-03-10 13:19:38.570,0.0001661985405344,26.835105809527157,6.0
2025-03-10 13:19:38.589,0.0001796770944965,36.35738730208612,6.0
2025-03-10 13:19:38.609,0.0002011092418973,44.39820608352624,6.0
2025-03-10 13:19:38.628,0.0002317394058883,50.14818089472338,6.0
2025-03-10 13:19:38.648,0.0002713355767598,53.03869702282814,6.0
2025-03-10 13:19:38.668,0.0003180046963946,52.82938336317614,6.0
2025-03-10 13:19:38.687,0.0003683925640003,49.64272683988602,6.0
2025-03-10 13:19:38.707,0.0004182683192936,43.9395771007461,6.0
2025-03-10 13:19:38.726,0.0004633555335823,36.44094502432817,6.0
2025-03-10 13:19:38.746,0.0005001685570978,28.01167195963085,6.0
2025-03-10 13:19:38.765,0.0005266183141152,19.528068004549446,6.0
2025-03-10 13:19:38.785,0.000542265478926,11.753333761300048,6.0
2025-03-10 13:19:38.804,0.0005482369494868,5.241533677440534,6.0
2025-03-10 13:19:38.824,0.0005469089437216,0.284135997797709,6.0
2025-03-10 13:19:38.843,0.0005414784212283,-3.095667825347165,6.0
2025-03-10 13:19:38.863,0.0005355019384618,-5.104673245218032,6.0
2025-03-10 13:19:38.882,0.0005324131848548,-6.10877064568609,6.0
2025-03-10 13:19:38.902,0.0005350021573627,-6.545606166301073,6.0
2025-03-10 13:19:38.921,0.0005448812683421,-6.838221069918745,6.0
2025-03-10 13:19:38.941,0.0005620386049157,-7.324838496802925,6.0
2025-03-10 13:19:38.961,0.0005846237442184,-8.214940441945338,6.0
2025-03-10 13:19:38.980,0.0006090884680301,-9.575345074459532,6.0
2025-03-10 13:19:39.000,0.0006307144508874,-11.34375399479471,6.0
2025-03-10 13:19:39.019,0.0006444426499561,-13.362571914953,6.0
2025-03-10 13:19:39.039,0.0006458259940535,-15.42349726986705,6.0
2025-03-10 13:19:39.058,0.000631884627855,-17.313483571968558,6.0
2025-03-10 13:19:39.078,0.0006016584113321,-18.854575522637205,6.0
2025-03-10 13:19:39.097,0.0005563282252451,-19.93288240799788,6.0
2025-03-10 13:19:39.117,0.0004988974868051,-20.514633639068776,6.0
2025-03-10 13:19:39.136,0.0004335404854446,-20.64924600363979,6.0
2025-03-10 13:19:39.156,0.000364792320898,-20.460430170344527,6.0
2025-03-10 13:19:39.175,0.0002967640673445,-20.126768214136504,6.0
2025-03-10 13:19:39.195,0.0002325250771516,-19.8533290624474,6.0
2025-03-10 13:19:39.214,0.0001737197386969,-19.83623489034899,6.0
2025-03-10 13:19:39.234,0.0001204093914652,-20.22300257033035,6.0
2025-03-10 13:19:39.254,7.109552435328454e-05,-21.073012112643195,6.0
2025-03-10 13:19:39.273,2.290651798746167e-05,-22.32424038862605,6.0
2025-03-10 13:19:39.293,-2.802778739293368e-05,-23.773720347050148,6.0
2025-03-10 13:19:39.312,-8.599666338327486e-05,-25.07917835869838,6.0
2025-03-10 13:19:39.332,-0.0001549735492303,-25.787285032816207,6.0
2025-03-10 13:19:39.351,-0.0002378561736788,-25.38974420838945,6.0
2025-03-10 13:19:39.371,-0.0003358571629926,-23.402556818674903,6.0
2025-03-10 13:19:39.390,-0.0004481979367647,-19.45746850436912,6.0
2025-03-10 13:19:39.410,-0.0005721760555607,-13.389559354229412,6.0
2025-03-10 13:19:39.429,-0.0007035766995716,-5.3028442136597365,6.0
2025-03-10 13:19:39.449,-0.0008373241866208,4.402328802414164,6.0
2025-03-10 13:19:39.468,-0.000968234229663,15.050352717079868,6.0
2025-03-10 13:19:39.488,-0.0010917288015734,25.761278090589176,6.0
2025-03-10 13:19:39.507,-0.0012044063777488,35.5629304172594,6.0
2025-03-10 13:19:39.527,-0.0013044163669147,43.52665746406115,6.0
2025-03-10 13:19:39.546,-0.0013916629575722,48.90332170587043,6.0
2025-03-10 13:19:39.566,-0.0014679406950034,51.23490848319462,6.0
2025-03-10 13:19:39.586,-0.0015371293535356,50.420971796917335,6.0
2025-03-10 13:19:39.605,-0.0016054867998888,46.72747713269912,6.0
2025-03-10 13:19:39.625,-0.0016818769042066,40.73670548915857,6.0
2025-03-10 13:19:39.644,-0.0017775577643301,33.248283365206575,6.0
2025-03-10 13:19:39.664,-0.0019050745126436,25.15051883398185,6.0
2025-03-10 13:19:39.683,-0.0020759355095011,17.286079595609973,6.0
2025-03-10 13:19:39.703,-0.0022970932844809,10.335790274646074,6.0
2025-03-10 13:19:39.722,-0.0025667188064657,4.7393504073068895,6.0
2025-03-10 13:19:39.742,-0.0028702174625143,0.663491646039748,6.0
2025-03-10 13:19:39.761,-0.0031777353695372,-1.9815289962034743,6.0
2025-03-10 13:19:39.781,-0.0034444085791942,-3.485126063234617,6.0
2025-03-10 13:19:39.800,-0.0036142339394835,-4.253832033794094,6.0
2025-03-10 13:19:39.820,-0.0036276995582509,-4.720649673578111,6.0
2025-03-10 13:19:39.839,-0.0034323292083401,-5.263373855416469,6.0
2025-03-10 13:19:39.859,-0.0029942949731919,-6.145174438555058,6.0
2025-03-10 13:19:39.879,-0.0023085188086003,-7.48488828289362,6.0
2025-03-10 13:19:39.898,-0.0014045031001126,-9.257982869673622,6.0
2025-03-10 13:19:39.918,-0.00034572872203,-11.323437956612567,6.0
2025-03-10 13:19:39.937,0.0007781288760943,-13.46790695832061,6.0
2025-03-10 13:19:39.957,0.001864999680834,-15.456951542269756,6.0
2025-03-10 13:19:39.976,0.0028172890396831,-17.08374662613076,6.0
2025-03-10 13:19:39.996,0.0035579147630298,-18.20779075814823,6.0
2025-03-10 13:19:40.015,0.004041853336135,-18.778972741610804,6.0
2025-03-10 13:19:40.035,0.004260860557257,-18.845066024744774,6.0
2025-03-10 13:19:40.054,0.0042409031413767,-18.54287673287708,6.0
2025-03-10 13:19:40.074,0.0040336065855665,-18.0747688396978,6.0
2025-03-10 13:19:40.093,0.0037042079623379,-17.673345546680324,6.0
2025-03-10 13:19:40.113,0.0033189064885178,-17.55801456142317,6.0
2025-03-10 13:19:40.132,0.0029341817196357,-17.88826016821313,6.0
2025-03-10 13:19:40.152,0.0025898052492595,-18.71971273374545,6.0
2025-03-10 13:19:40.171,0.0023062034808936,-19.97027385594633,6.0
2025-03-10 13:19:40.191,0.0020858473403289,-21.404065989723826,6.0
2025-03-10 13:19:40.211,0.0019176554639534,-22.640128914095207,6.0
2025-03-10 13:19:40.230,0.0017830401023457,-23.190020612165068,6.0
2025-03-10 13:19:40.250,0.0016621486998343,-22.523715194145822,6.0
2025-03-10 13:19:40.269,0.0015390182499489,-20.157055448394377,6.0
2025-03-10 13:19:40.289,0.0014047384555491,-15.747835927008872,6.0
2025-03-10 13:19:40.308,0.0012582553883,-9.183080918869132,6.0
2025-03-10 13:19:40.328,0.0011050311175636,-0.6388486849521712,6.0
2025-03-10 13:19:40.347,0.0009542598883872,9.403115490254622,6.0
2025-03-10 13:19:40.367,0.0008155874285113,20.1904705647912,6.0
2025-03-10 13:19:40.386,0.0006962324001892,30.785826325709493,6.0
2025-03-10 13:19:40.406,0.0005991389795457,40.190936676793726,6.0
2025-03-10 13:19:40.425,0.0005224335946718,47.489031882411695,6.0
2025-03-10 13:19:40.445,0.0004601288778613,51.980027968155575,6.0
2025-03-10 13:19:40.464,0.0004037695175094,53.283802453017536,6.0
2025-03-10 13:19:40.484,0.0003445646838054,51.392448149540925,6.0
2025-03-10 13:19:40.504,0.0002754984457068,46.66223162589797,6.0
2025-03-10 13:19:40.523,0.0001929442871483,39.74772092004947,6.0
2025-03-10 13:19:40.543,9.742268092055633e-05,31.49157256208124,6.0
2025-03-10 13:19:40.562,-6.67697587585629e-06,22.791349604651355,6.0
2025-03-10 13:19:40.582,-0.0001123495851661,14.467884966508237,6.0
2025-03-10 13:19:40.601,-0.0002118815519131,7.157734081896463,6.0
2025-03-10 13:19:40.621,-0.0002988872035911,1.246028949991392,6.0
2025-03-10 13:19:40.640,-0.0003699018970303,-3.152730254070775,6.0
2025-03-10 13:19:40.660,-0.0004251080498318,-6.167698795662086,6.0
2025-03-10 13:19:40.679,-0.0004680512989046,-8.108257661422082,6.0
2025-03-10 13:19:40.699,-0.0005044979815551,-9.37924292472449,6.0
2025-03-10 13:19:40.718,-0.0005407994476398,-10.39208834074771,6.0
2025-03-10 13:19:40.738,-0.0005822234931881,-11.488017625803082,6.0
2025-03-10 13:19:40.757,-0.0006316833918493,-12.885570005844388,6.0
2025-03-10 13:19:40.777,-0.0006891557772522,-14.659096523659787,6.0
2025-03-10 13:19:40.797,-0.0007518698689157,-16.748587860701658,6.0
2025-03-10 13:19:40.816,-0.0008151394026986,-18.995436930817714,6.0
2025-03-10 13:19:40.836,-0.0008735606767698,-21.19443884966001,6.0
2025-03-10 13:19:40.855,-0.0009222432521549,-23.15008716287022,6.0
2025-03-10 13:19:40.875,-0.0009577721434011,-24.72524822220576,6.0
2025-03-10 13:19:40.894,-0.0009787107690795,-25.872414033232005,6.0
2025-03-10 13:19:40.914,-0.0009856087096104,-26.64146392732872,6.0
2025-03-10 13:19:40.933,-0.0009806180741988,-27.162525617907026,6.0
2025-03-10 13:19:40.953,-0.0009668995409582,-27.60735758032797,6.0
2025-03-10 13:19:40.972,-0.0009480041853106,-28.136924500765968,6.0
2025-03-10 13:19:40.992,-0.0009273680523408,-28.84581772731121,6.0
2025-03-10 13:19:41.011,-0.0009079810135197,-29.71533635002668,6.0
2025-03-10 13:19:41.031,-0.0008922176054319,-30.586083835874565,6.0
2025-03-10 13:19:41.050,-0.0008817670240345,-31.157860880459,6.0
2025-03-10 13:19:41.070,-0.0008775840883253,-31.0198168916768,6.0
2025-03-10 13:19:41.089,-0.0008798033613402,-29.708000074218727,6.0
2025-03-10 13:19:41.109,-0.0008876049920035,-26.78170353740809,6.0
2025-03-10 13:19:41.129,-0.0008990761334952,-21.905631168420243,6.0
2025-03-10 13:19:41.148,-0.0009111559121084,-14.92306450889602,6.0
2025-03-10 13:19:41.168,-0.0009197668060156,-5.906489726951706,6.0
2025-03-10 13:19:41.187,-0.0009202098342536,4.82374729191471,6.0
2025-03-10 13:19:41.207,-0.000907834910545,16.71635409136453,6.0
2025-03-10 13:19:41.226,-0.0008789037723751,29.03909925709665,6.0
2025-03-10 13:19:41.246,-0.0008314661273286,40.95445109073847,6.0
2025-03-10 13:19:41.265,-0.0007660039342087,51.61019476456142,6.0
2025-03-10 13:19:41.285,-0.0006856001274168,60.2330289819815,6.0
2025-03-10 13:19:41.304,-0.0005954832260951,66.21326656179606,6.0
2025-03-10 13:19:41.324,-0.0005019824490823,69.16998983912545,6.0
2025-03-10 13:19:41.343,-0.0004111380541899,68.98826003632168,6.0
2025-03-10 13:19:41.363,-0.0003273512520981,65.82337453402444,6.0
2025-03-10 13:19:41.382,-0.0002524606266132,60.071667119248,6.0
2025-03-10 13:19:41.402,-0.0001855044908741,52.31241535877935,6.0
2025-03-10 13:19:41.422,-0.0001232306461848,43.23003490649054,6.0
2025-03-10 13:19:41.441,-6.121536906223954e-05,33.5287758619333,6.0
2025-03-10 13:19:41.461,4.701991637436083e-06,23.852832769088973,6.0
2025-03-10 13:19:41.480,7.705176495278943e-05,14.723038611731187,6.0
2025-03-10 13:19:41.500,0.0001558139942377,6.497689328591748,6.0
2025-03-10 13:19:41.519,0.0002382057476161,-0.639511556661621,6.0
2025-03-10 13:19:41.539,0.000319229555643,-6.665911029044132,6.0
2025-03-10 13:19:41.558,0.0003928329407505,-11.68603338660584,6.0
2025-03-10 13:19:41.578,0.000453392269169,-15.885216500459803,6.0
2025-03-10 13:19:41.597,0.0004971613292914,-19.479830068112506,6.0
2025-03-10 13:19:41.617,0.0005233064938792,-22.67295702245089,6.0
2025-03-10 13:19:41.636,0.0005342223454468,-25.622785232848432,6.0
2025-03-10 13:19:41.656,0.00053501006667,-28.428004314861028,6.0
2025-03-10 13:19:41.675,0.0005322525720544,-31.13062553740339,6.0
2025-03-10 13:19:41.695,0.0005324337963258,-33.732561209681805,6.0
2025-03-10 13:19:41.715,0.000540449191128,-36.21896334353078,6.0
2025-03-10 13:19:41.734,0.0005586155354008,-38.57966239784588,6.0
2025-03-10 13:19:41.754,0.0005864222406302,-40.82067018360839,6.0
2025-03-10 13:19:41.773,0.0006210194437197,-42.96064586478647,6.0
2025-03-10 13:19:41.793,0.0006582013549612,-45.011845446004,6.0
2025-03-10 13:19:41.812,0.0006935244247983,-46.950224678630256,6.0
2025-03-10 13:19:41.832,0.000723244196892,-48.68362845269135,6.0
2025-03-10 13:19:41.851,0.0007449002664271,-50.02907089169136,6.0
2025-03-10 13:19:41.871,0.0007575142242349,-50.7091619985211,6.0
2025-03-10 13:19:41.890,0.0007614301088099,-50.37369434395997,6.0
2025-03-10 13:19:41.910,0.0007578526559577,-48.64605813654748,6.0
2025-03-10 13:19:41.929,0.0007481949905563,-45.18708285614568,6.0
2025-03-10 13:19:41.949,0.0007334385201277,-39.763157802622025,6.0
2025-03-10 13:19:41.968,0.0007137493007996,-32.303001478796645,6.0
2025-03-10 13:19:41.988,0.0006885125658464,-22.929328107539085,6.0
2025-03-10 13:19:42.007,0.0006567652533118,-11.957591878912217,6.0
2025-03-10 13:19:42.027,0.000617828664344,0.1377706212286477,6.0
2025-03-10 13:19:42.047,0.000571866964486,12.781209537691485,6.0
2025-03-10 13:19:42.066,0.000520148936959,25.36437885634391,6.0
2025-03-10 13:19:42.086,0.0004649275261526,37.31006452579661,6.0
2025-03-10 13:19:42.105,0.0004090017131674,48.11980609213253,6.0
2025-03-10 13:19:42.125,0.0003551165015692,57.39906448935143,6.0
2025-03-10 13:19:42.144,0.0003053568706746,64.86048934386588,6.0
2025-03-10 13:19:42.164,0.0002606456162465,70.31151976630672,6.0
2025-03-10 13:19:42.183,0.0002204378158368,73.63573906641788,6.0
2025-03-10 13:19:42.203,0.0001827171418922,74.7774039730852,6.0
2025-03-10 13:19:42.222,0.000144369457278,73.73560665371703,6.0
2025-03-10 13:19:42.242,0.0001019001268762,70.56968415718653,6.0
2025-03-10 13:19:42.261,5.232457018697032e-05,65.4123970643205,6.0
2025-03-10 13:19:42.281,-6.019536628260619e-06,58.483732375108914,6.0
2025-03-10 13:19:42.300,-7.297690042119472e-05,50.09711454754242,6.0
2025-03-10 13:19:42.320,-0.0001465443194692,40.65160211696112,6.0
2025-03-10 13:19:42.340,-0.0002233111148751,30.60759944353349,6.0
2025-03-10 13:19:42.359,-0.0002992111040816,20.448350435190925,6.0
2025-03-10 13:19:42.379,-0.0003703144867942,10.6335129237758,6.0
2025-03-10 13:19:42.398,-0.0004334039249896,1.5533394664505584,6.0
2025-03-10 13:19:42.418,-0.0004862110596104,-6.5080368422811645,6.0
2025-03-10 13:19:42.437,-0.0005273490658765,-13.393797002367046,6.0
2025-03-10 13:19:42.457,-0.0005560843901106,-19.07715505372639,6.0
2025-03-10 13:19:42.476,-0.0005721172698953,-23.64653387011447,6.0
2025-03-10 13:19:42.496,-0.000575493925122,-27.277471590403348,6.0
2025-03-10 13:19:42.515,-0.0005666809628948,-30.19753166267167,6.0
2025-03-10 13:19:42.535,-0.0005467321839232,-32.650734482508604,6.0
2025-03-10 13:19:42.554,-0.0005174092179407,-34.866622311302024,6.0
2025-03-10 13:19:42.574,-0.0004811135202311,-37.03660738578385,6.0
2025-03-10 13:19:42.593,-0.000440564886244,-39.2976229061844,6.0
2025-03-10 13:19:42.613,-0.0003983020362618,-41.72118527954346,6.0
2025-03-10 13:19:42.632,-0.0003562124740875,-44.305408189786746,6.0
2025-03-10 13:19:42.652,-0.0003153253180911,-46.968457025139806,6.0
2025-03-10 13:19:42.672,-0.0002759826339787,-49.54401507979957,6.0
2025-03-10 13:19:42.691,-0.0002383076606967,-51.781666598994825,6.0
2025-03-10 13:19:42.711,-0.0002027311838575,-53.35656080160648,6.0
2025-03-10 13:19:42.730,-0.000170304201642,-53.89236435175892,6.0
2025-03-10 13:19:42.750,-0.0001426233239076,-52.99900212839706,6.0
2025-03-10 13:19:42.769,-0.0001213660844202,-50.32253935800285,6.0
2025-03-10 13:19:42.789,-0.0001075968768233,-45.600078412237,6.0
2025-03-10 13:19:42.808,-0.0001011063398713,-38.70943361302233,6.0
2025-03-10 13:19:42.828,-0.0001000601743042,-29.703028246415556,6.0
2025-03-10 13:19:42.847,-0.0001011448025914,-18.818382717440173,6.0
2025-03-10 13:19:42.867,-0.0001002293718884,-6.462908708620461,6.0
2025-03-10 13:19:42.886,-9.338010600663602e-05,6.823316454616963,6.0
2025-03-10 13:19:42.906,-7.793096383186201e-05,20.418569762755357,6.0
2025-03-10 13:19:42.925,-5.327378067489389e-05,33.67429900653227,6.0
2025-03-10 13:19:42.945,-2.109628420076131e-05,45.96495472032562,6.0
2025-03-10 13:19:42.965,1.5037573865913945e-05,56.727389480688295,6.0
2025-03-10 13:19:42.984,5.0641497192450485e-05,65.4883933220734,6.0
2025-03-10 13:19:43.004,8.146605117196259e-05,71.88224613975586,6.0
2025-03-10 13:19:43.023,0.0001044601191055,75.66184432223544,6.0
2025-03-10 13:19:43.043,0.0001182360087744,76.70670765710982,6.0
2025-03-10 13:19:43.062,0.0001229621695462,75.02935028619923,6.0
2025-03-10 13:19:43.082,0.0001198309813149,70.77897651940866,6.0
2025-03-10 13:19:43.101,0.0001103839096211,64.23933894108146,6.0
2025-03-10 13:19:43.121,9.598985914866644e-05,55.81681302409613,6.0
2025-03-10 13:19:43.140,7.767307559342053e-05,46.01572761545545,6.0
2025-03-10 13:19:43.160,5.630883384593469e-05,35.40051326941293,6.0
2025-03-10 13:19:43.179,3.3012991255085543e-05,24.547520486664524,6.0
2025-03-10 13:19:43.199,9.444426646770386e-06,13.992410035056004,6.0
2025-03-10 13:19:43.218,-1.2196979779470734e-05,4.180921184331277,6.0
2025-03-10 13:19:43.238,-2.948725511196868e-05,-4.568970091553608,6.0
2025-03-10 13:19:43.258,-4.022784976936449e-05,-12.087077314831616,6.0
2025-03-10 13:19:43.277,-4.28094167629118e-05,-18.3498555179116,6.0
2025-03-10 13:19:43.297,-3.638054572733319e-05,-23.458660665053817,6.0
2025-03-10 13:19:43.316,-2.084894311469201e-05,-27.6020047988602,6.0
2025-03-10 13:19:43.336,3.1813007488210867e-06,-31.009558496416037,6.0
2025-03-10 13:19:43.355,3.443900431206153e-05,-33.90712793139546,6.0
2025-03-10 13:19:43.375,7.095880843237925e-05,-36.48110931932776,6.0
2025-03-10 13:19:43.394,0.0001100686620027,-38.858076863009686,6.0
2025-03-10 13:19:43.414,0.0001485019844882,-41.1009333653458,6.0
2025-03-10 13:19:43.433,0.0001826883252049,-43.21864127959673,6.0
2025-03-10 13:19:43.453,0.0002091665399445,-45.18320830073546,6.0
2025-03-10 13:19:43.472,0.0002249952606715,-46.94625020684306,6.0
2025-03-10 13:19:43.492,0.0002280605038481,-48.44845684011408,6.0
2025-03-10 13:19:43.511,0.0002172599372044,-49.61837048838382,6.0
2025-03-10 13:19:43.531,0.00019259520381,-50.36119374563343,6.0
2025-03-10 13:19:43.550,0.0001551929181624,-50.54262438187554,6.0
2025-03-10 13:19:43.570,0.0001072400099752,-49.97563145312013,6.0
2025-03-10 13:19:43.590,5.181117319893377e-05,-48.41859850333909,6.0
2025-03-10 13:19:43.609,-7.414346012108004e-06,-45.59097119771397,6.0
2025-03-10 13:19:43.629,-6.652946757335455e-05,-41.207927111014094,6.0
2025-03-10 13:19:43.648,-0.000121834256714,-35.02994024789639,6.0
2025-03-10 13:19:43.668,-0.0001702701799437,-26.91822572501648,6.0
2025-03-10 13:19:43.687,-0.0002097705221,-16.884543163047972,6.0
2025-03-10 13:19:43.707,-0.0002394257694398,-5.124510487987543,6.0
2025-03-10 13:19:43.726,-0.0002593736819517,7.97292610166897,6.0
2025-03-10 13:19:43.746,-0.0002703997791477,21.84223730849695,6.0
2025-03-10 13:19:43.765,-0.0002733583541632,35.781849895080484,6.0
2025-03-10 13:19:43.785,-0.0002686202135767,49.01273361920328,6.0
2025-03-10 13:19:43.804,-0.0002557633213041,60.747817356212735,6.0
2025-03-10 13:19:43.824,-0.0002336411903661,70.26490478372534,6.0
2025-03-10 13:19:43.843,-0.0002008172924056,76.9761190852855,6.0
2025-03-10 13:19:43.863,-0.0001562005237735,80.4870828865507,6.0
2025-03-10 13:19:43.883,-9.964005119161569e-05,80.63904720610905,6.0
2025-03-10 13:19:43.902,-3.228705493283343e-05,77.5276747347717,6.0
2025-03-10 13:19:43.922,4.333049857640707e-05,71.49399092889252,6.0
2025-03-10 13:19:43.941,0.0001234497151739,63.086529309089954,6.0
2025-03-10 13:19:43.961,0.0002033368492956,52.99845411570914,6.0
2025-03-10 13:19:43.980,0.0002776448444001,41.98821230365476,6.0
2025-03-10 13:19:44.000,0.0003409004211655,30.79557041710429,6.0
2025-03-10 13:19:44.019,0.0003881449546779,20.06567512235672,6.0
2025-03-10 13:19:44.039,0.0004156667985828,10.291852434002015,6.0
2025-03-10 13:19:44.058,0.0004216649518593,1.783923934342203,6.0
2025-03-10 13:19:44.078,0.0004066501747104,-5.335946228670466,6.0
2025-03-10 13:19:44.097,0.0003734530652322,-11.11231748404792,6.0
2025-03-10 13:19:44.117,0.0003268317838079,-15.716336218155124,6.0
2025-03-10 13:19:44.136,0.000272782897823,-19.394452941356263,6.0
2025-03-10 13:19:44.156,0.0002177125295431,-22.414960179579012,6.0
2025-03-10 13:19:44.176,0.0001676212179862,-25.02100866117716,6.0
2025-03-10 13:19:44.195,0.0001274155122268,-27.39723034422189,6.0
2025-03-10 13:19:44.215,0.0001004037873358,-29.654385266595327,6.0
2025-03-10 13:19:44.234,8.798018518735092e-05,-31.83279081055189,6.0
2025-03-10 13:19:44.254,8.947014150911105e-05,-33.921246738618954,6.0
2025-03-10 13:19:44.273,0.000102131868462,-35.88460240866726,6.0
2025-03-10 13:19:44.293,0.0001213780705526,-37.69099284609221,6.0
2025-03-10 13:19:44.312,0.0001413265135539,-39.32984963629142,6.0
2025-03-10 13:19:44.332,0.0001557159726667,-40.81429495802181,6.0
2025-03-10 13:19:44.351,0.0001590498836811,-42.16598581628707,6.0
2025-03-10 13:19:44.371,0.0001476819010906,-43.38580276544367,6.0
2025-03-10 13:19:44.390,0.000120542821611,-44.41855023944789,6.0
2025-03-10 13:19:44.410,7.931810305804653e-05,-45.12269093374816,6.0
2025-03-10 13:19:44.429,2.804039356909298e-05,-45.25614809016744,6.0
2025-03-10 13:19:44.449,-2.7800111123041512e-05,-44.48615837454221,6.0
2025-03-10 13:19:44.468,-8.242273416168455e-05,-42.42564732193493,6.0
2025-03-10 13:19:44.488,-0.0001309314972961,-38.691973127525024,6.0
2025-03-10 13:19:44.508,-0.0001702139133828,-32.977925514951366,6.0
2025-03-10 13:19:44.527,-0.0001993447694053,-25.121284131474503,6.0
2025-03-10 13:19:44.547,-0.0002194341844547,-15.15907326950515,6.0
2025-03-10 13:19:44.566,-0.0002330470872324,-3.355835182227288,6.0
2025-03-10 13:19:44.586,-0.0002434361135113,9.799368618079123,6.0
2025-03-10 13:19:44.605,-0.0002538245659042,23.62666818968566,6.0
2025-03-10 13:19:44.625,-0.0002668880074238,37.31450235185402,6.0
2025-03-10 13:19:44.644,-0.0002844762282398,49.99598506319834,6.0
2025-03-10 13:19:44.664,-0.0003075338172523,60.83327766576755,6.0
2025-03-10 13:19:44.683,-0.0003361348612185,69.10071253042508,6.0
2025-03-10 13:19:44.703,-0.0003695473759553,74.25781712459283,6.0
2025-03-10 13:19:44.722,-0.0004062766569187,76.00402546966681,6.0
2025-03-10 13:19:44.742,-0.0004440867396399,74.30809507264881,6.0
2025-03-10 13:19:44.761,-0.0004800454478769,69.40762385852578,6.0
2025-03-10 13:19:44.781,-0.0005106629906359,61.77780664628822,6.0
2025-03-10 13:19:44.801,-0.000532185327282,52.0732292378656,6.0
2025-03-10 13:19:44.820,-0.0005410601584968,41.050998491251576,6.0
2025-03-10 13:19:44.840,-0.0005345255046579,29.486593043101205,6.0
2025-03-10 13:19:44.859,-0.00051119905444,18.094603181038117,6.0
2025-03-10 13:19:44.879,-0.0004714985787903,7.464871065551475,6.0
2025-03-10 13:19:44.898,-0.0004177288476147,-1.978924456834739,6.0
2025-03-10 13:19:44.918,-0.0003537490308764,-9.995411716903922,6.0
2025-03-10 13:19:44.937,-0.0002842772151217,-16.51753804450249,6.0
2025-03-10 13:19:44.957,-0.0002140353342656,-21.624692153727487,6.0
2025-03-10 13:19:44.976,-0.0001470009942918,-25.501241259700983,6.0
2025-03-10 13:19:44.996,-8.597234829019724e-05,-28.388877422810754,6.0
2025-03-10 13:19:45.015,-3.2511027282433915e-05,-30.54036984161552,6.0
2025-03-10 13:19:45.035,1.282228022642364e-05,-32.1815986106471,6.0
2025-03-10 13:19:45.054,5.012869417582513e-05,-33.48700190508512,6.0
2025-03-10 13:19:45.074,7.992400540766111e-05,-34.57083138222406,6.0
2025-03-10 13:19:45.094,0.0001030742773061,-35.49321857958048,6.0
2025-03-10 13:19:45.113,0.0001208631988377,-36.276696182049584,6.0
2025-03-10 13:19:45.133,0.0001350653760404,-36.92637671478629,6.0
2025-03-10 13:19:45.152,0.0001479156013341,-37.44625338974188,6.0
2025-03-10 13:19:45.172,0.0001619177605359,-37.84542938339313,6.0
2025-03-10 13:19:45.191,0.0001794886940558,-38.13128810911876,6.0
2025-03-10 13:19:45.211,0.0002024940557656,-38.29091219529056,6.0
2025-03-10 13:19:45.230,0.0002318141918677,-38.266309065268295,6.0
2025-03-10 13:19:45.250,0.000267122467998,-37.931995992130354,6.0
2025-03-10 13:19:45.269,0.0003069911206754,-37.084245483762935,6.0
2025-03-10 13:19:45.289,0.0003492816700893,-35.449307468366634,6.0
2025-03-10 13:19:45.308,0.0003916513095824,-32.71346358891254,6.0
2025-03-10 13:19:45.328,0.0004320046694887,-28.5718960362567,6.0
2025-03-10 13:19:45.347,0.0004688104277918,-22.787735519256827,6.0
2025-03-10 13:19:45.367,0.0005012861479288,-15.24906845162952,6.0
2025-03-10 13:19:45.386,0.0005294735280369,-6.011385905970132,6.0
2025-03-10 13:19:45.406,0.0005541979262586,4.683857105399862,6.0
2025-03-10 13:19:45.426,0.000576881096268,16.418255671472185,6.0
2025-03-10 13:19:45.445,0.0005991830829102,28.630504658687425,6.0
2025-03-10 13:19:45.465,0.0006224927648432,40.66814510326135,6.0
2025-03-10 13:19:45.484,0.0006473616080598,51.84756695547884,6.0
2025-03-10 13:19:45.504,0.0006730502667775,61.51353517861228,6.0
2025-03-10 13:19:45.523,0.000697375101078,69.09207853884429,6.0
2025-03-10 13:19:45.543,0.0007169697000428,74.13358294215067,6.0
2025-03-10 13:19:45.562,0.0007279454996971,76.34511143074691,6.0
2025-03-10 13:19:45.582,0.000726805900114,75.61174298068202,6.0
2025-03-10 13:19:45.601,0.0007113808096844,72.0062953659024,6.0
2025-03-10 13:19:45.621,0.0006815241911501,65.7859753026593,6.0
2025-03-10 13:19:45.640,0.0006393707016858,57.37422931590755,6.0
2025-03-10 13:19:45.660,0.0005890671117862,47.32697935267593,6.0
2025-03-10 13:19:45.679,0.0005360332875835,36.28454746685201,6.0
2025-03-10 13:19:45.699,0.0004859190485745,24.91334269167372,6.0
2025-03-10 13:19:45.719,0.0004434849544412,13.843906624422424,6.0
2025-03-10 13:19:45.738,0.0004116420865799,3.61334401772724,6.0
2025-03-10 13:19:45.758,0.0003908405888671,-5.379972768745546,6.0
2025-03-10 13:19:45.777,0.0003789162563219,-12.903215233141214,6.0
2025-03-10 13:19:45.797,0.0003714240750905,-18.8940324441981,6.0
2025-03-10 13:19:45.816,0.0003624254786514,-23.44362575608333,6.0
2025-03-10 13:19:45.836,0.0003456202584621,-26.76146072605193,6.0
2025-03-10 13:19:45.855,0.0003155967113655,-29.12812293636011,6.0
2025-03-10 13:19:45.875,0.0002688689753055,-30.84478430121102,6.0
2025-03-10 13:19:45.894,0.0002043781213517,-32.18809670949123,6.0
2025-03-10 13:19:45.914,0.0001232957493062,-33.377762694839845,6.0
2025-03-10 13:19:45.933,2.823121516148367e-05,-34.56073386332643,6.0
2025-03-10 13:19:45.953,-7.781763513238821e-05,-35.811721805153255,6.0
2025-03-10 13:19:45.972,-0.0001923390906665,-37.14565206030186,6.0
2025-03-10 13:19:45.992,-0.0003136725399262,-38.53506376678823,6.0
2025-03-10 13:19:46.011,-0.0004407538124278,-39.925071632376856,6.0
2025-03-10 13:19:46.031,-0.0005723913570515,-41.24048540224258,6.0
2025-03-10 13:19:46.051,-0.000706439514525,-42.38341015162402,6.0
2025-03-10 13:19:46.070,-0.0008393368664095,-43.2239619175841,6.0
2025-03-10 13:19:46.090,-0.0009664018479209,-43.59023715188464,6.0
2025-03-10 13:19:46.109,-0.0010830113129355,-43.26514900545095,6.0
2025-03-10 13:19:46.129,-0.001186420573035,-41.99652204314909,6.0
2025-03-10 13:19:46.148,-0.0012776712028812,-39.52309320873619,6.0
2025-03-10 13:19:46.168,-0.0013628890197851,-35.61386874149978,6.0
2025-03-10 13:19:46.187,-0.0014533259658016,-30.11333552768927,6.0
2025-03-10 13:19:46.207,-0.0015637273953448,-22.9821024959245,6.0
2025-03-10 13:19:46.226,-0.0017089784240864,-14.322834923853172,6.0
2025-03-10 13:19:46.246,-0.0018994459646495,-4.384894649776096,6.0
2025-03-10 13:19:46.265,-0.0021359007509588,6.453270048926616,6.0
2025-03-10 13:19:46.285,-0.0024052631545195,17.71922053033801,6.0
2025-03-10 13:19:46.304,-0.0026785476744378,28.89052845315855,6.0
2025-03-10 13:19:46.324,-0.0029121851941746,39.43836611616448,6.0
2025-03-10 13:19:46.344,-0.0030533372587191,48.86365337010447,6.0
2025-03-10 13:19:46.363,-0.0030489260399618,56.72284284084023,6.0
2025-03-10 13:19:46.383,-0.0028570253503782,62.64465273511521,6.0
2025-03-10 13:19:46.402,-0.0024582205543729,66.34183277905295,6.0
2025-03-10 13:19:46.422,-0.0018638765024677,67.62248794453889,6.0
2025-03-10 13:19:46.441,-0.001118363170807,66.4036108538054,6.0
2025-03-10 13:19:46.461,-0.0002935122986726,62.72616599055069,6.0
2025-03-10 13:19:46.480,0.0005241537009933,56.767733599029626,6.0
2025-03-10 13:19:46.500,0.0012503135130221,48.84675410370781,6.0
2025-03-10 13:19:46.519,0.0018191279655271,39.41264439856427,6.0
2025-03-10 13:19:46.539,0.0021944251456073,29.01845095620944,6.0
2025-03-10 13:19:46.558,0.0023732678906524,18.27647058361968,6.0
2025-03-10 13:19:46.578,0.0023819682712904,7.80126709016704,6.0
2025-03-10 13:19:46.597,0.0022666719256679,-1.852302596011825,6.0
2025-03-10 13:19:46.617,0.0020815995544661,-10.246740764466102,6.0
2025-03-10 13:19:46.637,0.0018779258156101,-17.1059844511446,6.0
2025-03-10 13:19:46.656,0.0016954472585916,-22.33843123843941,6.0
2025-03-10 13:19:46.676,0.0015580909666003,-26.03471064794004,6.0
2025-03-10 13:19:46.695,0.0014733105181583,-28.440274574248942,6.0
2025-03-10 13:19:46.715,0.001434683382421,-29.907380640237523,6.0
2025-03-10 13:19:46.734,0.0014265841523381,-30.834725195539285,6.0
2025-03-10 13:19:46.754,0.0014296279611714,-31.604860056104613,6.0
2025-03-10 13:19:46.773,0.0014256424829698,-32.52909504312277,6.0
2025-03-10 13:19:46.793,0.0014012291053154,-33.80710279437745,6.0
2025-03-10 13:19:46.812,0.0013494553066624,-35.50483507810783,6.0
2025-03-10 13:19:46.832,0.0012697417365446,-37.55083772243151,6.0
2025-03-10 13:19:46.851,0.0011664124749464,-39.74859745760262,6.0
2025-03-10 13:19:46.871,0.0010465757866348,-41.801562103168,6.0
2025-03-10 13:19:46.890,0.0009179929547326,-43.34765677973911,6.0
2025-03-10 13:19:46.910,0.0007874286997246,-44.00070135978463,6.0
2025-03-10 13:19:46.929,0.0006597358431691,-43.396261355608665,6.0
2025-03-10 13:19:46.949,0.0005376877657409,-41.23863285743323,6.0
2025-03-10 13:19:46.969,0.0004223957083195,-37.34402975135791,6.0
2025-03-10 13:19:46.988,0.0003140567860615,-31.673444319513496,6.0
2025-03-10 13:19:47.008,0.0002127517081008,-24.348262001540075,6.0
2025-03-10 13:19:47.027,0.0001190237984338,-15.643444462353283,6.0
2025-03-10 13:19:47.047,3.40391048522384e-05,-5.9570686888788895,6.0
2025-03-10 13:19:47.066,-4.072540675861724e-05,4.2396543107768005,6.0
2025-03-10 13:19:47.086,-0.0001041267833024,14.462655358096264,6.0
2025-03-10 13:19:47.105,-0.0001560405973961,24.27318840948629,6.0
2025-03-10 13:19:47.125,-0.0001977479983555,33.32147392575394,6.0
2025-03-10 13:19:47.144,-0.0002317911352512,41.36664464796176,6.0
2025-03-10 13:19:47.164,-0.0002612858541644,48.26970116097996,6.0
2025-03-10 13:19:47.183,-0.0002889310725911,53.96315489033165,6.0
2025-03-10 13:19:47.203,-0.0003161117178185,58.40730582513042,6.0
2025-03-10 13:19:47.222,-0.0003424732554766,61.54696483825391,6.0
2025-03-10 13:19:47.242,-0.0003661544708368,63.28268052644006,6.0
2025-03-10 13:19:47.262,-0.0003845922679602,63.46682427051474,6.0
2025-03-10 13:19:47.281,-0.0003955855951971,61.92796750658516,6.0
2025-03-10 13:19:47.301,-0.00039822140443,58.51863566942909,6.0
2025-03-10 13:19:47.320,-0.0003933405698364,53.17415778899314,6.0
2025-03-10 13:19:47.340,-0.0003834027763507,45.96625086483939,6.0
2025-03-10 13:19:47.359,-0.0003718235130915,37.13553565625072,6.0
2025-03-10 13:19:47.379,-0.0003620344993319,27.09223042451116,6.0
2025-03-10 13:19:47.398,-0.0003565929307058,16.38221745007396,6.0
2025-03-10 13:19:47.418,-0.0003566009565935,5.624122230237247,6.0
2025-03-10 13:19:47.437,-0.0003615453357144,-4.570315816251505,6.0
2025-03-10 13:19:47.457,-0.0003695298699507,-13.676954400830269,6.0
2025-03-10 13:19:47.476,-0.0003778039686576,-21.32576608745306,6.0
2025-03-10 13:19:47.496,-0.0003834649472419,-27.341427178893174,6.0
2025-03-10 13:19:47.515,-0.0003841857140821,-31.75187246774918,6.0
2025-03-10 13:19:47.535,-0.0003787880594888,-34.76506849075855,6.0
2025-03-10 13:19:47.555,-0.0003674836618928,-36.71997383330877,6.0
2025-03-10 13:19:47.574,-0.0003516810607052,-38.02159541385932,6.0
2025-03-10 13:19:47.594,-0.00033339769989,-39.07156697583828,6.0
2025-03-10 13:19:47.613,-0.0003144612465543,-40.20479171528376,6.0
2025-03-10 13:19:47.633,-0.0002957715878251,-41.6400854056194,6.0
2025-03-10 13:19:47.652,-0.0002768935663999,-43.44949831517211,6.0
2025-03-10 13:19:47.672,-0.0002561582069045,-45.54809015253766,6.0
2025-03-10 13:19:47.691,-0.0002312851767327,-47.703913107550434,6.0
2025-03-10 13:19:47.711,-0.0002003472087953,-49.56672735472269,6.0
2025-03-10 13:19:47.730,-0.0001627532174806,-50.712983283968896,6.0
2025-03-10 13:19:47.750,-0.0001198997597448,-50.703239130688935,6.0
2025-03-10 13:19:47.769,-7.524077030855034e-05,-49.14616260921492,6.0
2025-03-10 13:19:47.789,-3.370258617602132e-05,-45.76091718828831,6.0
2025-03-10 13:19:47.808,-5.613058247871233e-07,-40.427985006333245,6.0
2025-03-10 13:19:47.828,1.9942679688582547e-05,-33.21850212826548,6.0
2025-03-10 13:19:47.847,2.5882562802170167e-05,-24.39479696143445,6.0
2025-03-10 13:19:47.867,1.843498741033604e-05,-14.379961700513652,6.0
2025-03-10 13:19:47.887,1.8931469348839584e-06,-3.7008542142949694,6.0
2025-03-10 13:19:47.906,-1.7191541495178333e-05,7.084860913993159,6.0
2025-03-10 13:19:47.926,-3.1570611473856816e-05,17.463006806740864,6.0
2025-03-10 13:19:47.945,-3.5148114339338415e-05,27.02332518617958,6.0
2025-03-10 13:19:47.965,-2.458909991243859e-05,35.4939674120936,6.0
2025-03-10 13:19:47.984,-2.3249495907378647e-07,42.744017748563074,6.0
2025-03-10 13:19:48.004,3.3926797433576264e-05,48.75551460268978,6.0
2025-03-10 13:19:48.023,7.116125064863354e-05,53.57362935651538,6.0
2025-03-10 13:19:48.043,0.000103594651372,57.248912638632376,6.0
2025-03-10 13:19:48.062,0.000124059887724,59.787537711209296,6.0
2025-03-10 13:19:48.082,0.0001277903391145,61.12357810595075,6.0
2025-03-10 13:19:48.101,0.0001135416176963,61.12174059205747,6.0
2025-03-10 13:19:48.121,8.386635133968993e-05,59.61084408740327,6.0
2025-03-10 13:19:48.140,4.447021561551175e-05,56.43976649937164,6.0
2025-03-10 13:19:48.160,2.8282194431749807e-06,51.54099384240138,6.0
2025-03-10 13:19:48.180,-3.354244220346644e-05,44.98429279716003,6.0
2025-03-10 13:19:48.199,-5.867254558721493e-05,37.005230437282,6.0
2025-03-10 13:19:48.219,-6.920595537830546e-05,27.999619862623664,6.0
2025-03-10 13:19:48.238,-6.476174532202347e-05,18.48354019920174,6.0
2025-03-10 13:19:48.258,-4.763399019492772e-05,9.026884533868538,6.0
2025-03-10 13:19:48.277,-2.20193475430033e-05,0.1742803404763162,6.0
2025-03-10 13:19:48.297,6.977990671551068e-06,-7.630514494053554,6.0
2025-03-10 13:19:48.316,3.4329941961937056e-05,-14.1021471042908,6.0
2025-03-10 13:19:48.336,5.588475555944738e-05,-19.14307709570032,6.0
2025-03-10 13:19:48.355,6.889021883683448e-05,-22.841061240159448,6.0
2025-03-10 13:19:48.375,7.221692205904542e-05,-25.43739985785912,6.0
2025-03-10 13:19:48.394,6.630771489796959e-05,-27.273877453895626,6.0
2025-03-10 13:19:48.414,5.29043710887614e-05,-28.72927739273198,6.0
2025-03-10 13:19:48.433,3.46098382623372e-05,-30.15658189141522,6.0
2025-03-10 13:19:48.453,1.4345985763792575e-05,-31.829856136605898,6.0
2025-03-10 13:19:48.472,-5.225831282412101e-06,-33.9063846200201,6.0
2025-03-10 13:19:48.492,-2.223372675487985e-05,-36.40616129084415,6.0
2025-03-10 13:19:48.512,-3.595620905824902e-05,-39.208361197711874,6.0
2025-03-10 13:19:48.531,-4.688317026394098e-05,-42.063319294265554,6.0
2025-03-10 13:19:48.551,-5.639262926276632e-05,-44.61844816192347,6.0
2025-03-10 13:19:48.570,-6.609084903251634e-05,-46.4565902813988,6.0
2025-03-10 13:19:48.590,-7.702296824764361e-05,-47.144675361575125,6.0
2025-03-10 13:19:48.609,-8.904464422950259e-05,-46.28888141511961,6.0
2025-03-10 13:19:48.629,-0.0001006006906041,-43.59016027310854,6.0
2025-03-10 13:19:48.648,-0.0001090176499896,-38.89199316267852,6.0
2025-03-10 13:19:48.668,-0.000111248155896,-32.21178522320496,6.0
2025-03-10 13:19:48.687,-0.0001048563644212,-23.749176838791108,6.0
2025-03-10 13:19:48.707,-8.894041492972803e-05,-13.86866408322614,6.0
2025-03-10 13:19:48.726,-6.46755618983807e-05,-3.059259758122114,6.0
2025-03-10 13:19:48.746,-3.5245769732896324e-05,8.121096524857549,6.0
2025-03-10 13:19:48.765,-5.110182752227488e-06,19.10558108646908,6.0
2025-03-10 13:19:48.785,2.1212518227545653e-05,29.371884293192167,6.0
2025-03-10 13:19:48.805,4.045187913560226e-05,38.48037569948472,6.0
2025-03-10 13:19:48.824,5.152860810965317e-05,46.09295992874296,6.0
2025-03-10 13:19:48.844,5.579940273410127e-05,51.973724045106266,6.0
2025-03-10 13:19:48.863,5.652549713705859e-05,55.97685481176742,6.0
2025-03-10 13:19:48.883,5.77538118539872e-05,58.02970182811087,6.0
2025-03-10 13:19:48.902,6.298155319526423e-05,58.11870130084355,6.0
2025-03-10 13:19:48.922,7.402689230607946e-05,56.28333720250991,6.0
2025-03-10 13:19:48.941,9.044528620593804e-05,52.619298430545726,6.0
2025-03-10 13:19:48.961,0.0001096451821597,47.28783411932129,6.0
2025-03-10 13:19:48.980,0.0001276370917258,40.52536373129678,6.0
2025-03-10 13:19:49.000,0.0001401712331538,32.646563145163775,6.0
2025-03-10 13:19:49.019,0.000143923043194,24.03558431060811,6.0
2025-03-10 13:19:49.039,0.0001373859897502,15.123205772807744,6.0
2025-03-10 13:19:49.058,0.0001212286644841,6.351534163715312,6.0
2025-03-10 13:19:49.078,9.80410466030551e-05,-1.8687040426694892,6.0
2025-03-10 13:19:49.098,7.157284929799539e-05,-9.201069180704655,6.0
2025-03-10 13:19:49.117,4.569853496604654e-05,-15.418822308986172,6.0
2025-03-10 13:19:49.137,2.3403362049530566e-05,-20.4263800393714,6.0
2025-03-10 13:19:49.156,6.07099110112308e-06,-24.26289545920621,6.0
2025-03-10 13:19:49.176,-6.725515575821188e-06,-27.087274778530272,6.0
2025-03-10 13:19:49.195,-1.6856680860314596e-05,-29.14708540336669,6.0
2025-03-10 13:19:49.215,-2.678170841276069e-05,-30.73622512807072,6.0
2025-03-10 13:19:49.234,-3.845980879665155e-05,-32.14750190310621,6.0
2025-03-10 13:19:49.254,-5.240674660579034e-05,-33.62635463495677,6.0
2025-03-10 13:19:49.273,-6.728252806162681e-05,-35.331106220539766,6.0
2025-03-10 13:19:49.293,-8.022143251996283e-05,-37.30389284814038,6.0
2025-03-10 13:19:49.312,-8.780533360818927e-05,-39.45526807153579,6.0
2025-03-10 13:19:49.332,-8.73073977575665e-05,-41.56466776062055,6.0
2025-03-10 13:19:49.351,-7.77484709532163e-05,-43.29824677392779,6.0
2025-03-10 13:19:49.371,-6.041028563733704e-05,-44.24452718118079,6.0
2025-03-10 13:19:49.390,-3.863885445667128e-05,-43.96627685484929,6.0
2025-03-10 13:19:49.410,-1.698756318211653e-05,-42.06390461483984,6.0
2025-03-10 13:19:49.430,3.419845618658546e-08,-38.24195760733922,6.0
2025-03-10 13:19:49.449,9.198521745277024e-06,-32.36728571287681,6.0
2025-03-10 13:19:49.469,9.39044652681223e-06,-24.50662608815209,6.0
2025-03-10 13:19:49.488,1.8120721454073285e-06,-14.933851347541292,6.0
2025-03-10 13:19:49.508,-1.0426511926834507e-05,-4.1029061360802,6.0
2025-03-10 13:19:49.527,-2.3118024427487795e-05,7.409803215414147,6.0
2025-03-10 13:19:49.547,-3.187861116853721e-05,18.982341764469915,6.0
2025-03-10 13:19:49.566,-3.294772691575334e-05,30.027396576900177,6.0
2025-03-10 13:19:49.586,-2.377583161858225e-05,40.05875226911034,6.0
2025-03-10 13:19:49.605,-3.413198837137834e-06,48.73077045321584,6.0
2025-03-10 13:19:49.625,2.7273827401109183e-05,55.84450965883216,6.0
2025-03-10 13:19:49.644,6.558056954411257e-05,61.32262156582686,6.0
2025-03-10 13:19:49.664,0.0001072033117001,65.16300805098689,6.0
2025-03-10 13:19:49.683,0.0001468079939303,67.38639706609791,6.0
2025-03-10 13:19:49.703,0.0001789314474125,67.99408215667131,6.0
2025-03-10 13:19:49.723,0.0001990933055671,66.94865236385391,6.0
2025-03-10 13:19:49.742,0.000204853162996,64.18344268874894,6.0
2025-03-10 13:19:49.762,0.0001964744001723,59.63765822757059,6.0
2025-03-10 13:19:49.781,0.0001769427567276,53.30628851232285,6.0
2025-03-10 13:19:49.801,0.0001513216165396,45.289381548423634,6.0
2025-03-10 13:19:49.820,0.000125666194033,35.82523135313489,6.0
2025-03-10 13:19:49.840,0.0001058228242161,25.29631068479812,6.0
2025-03-10 13:19:49.859,9.638996513891544e-05,14.20385422621533,6.0
2025-03-10 13:19:49.879,9.999665799288962e-05,3.1147448327924128,6.0
2025-03-10 13:19:49.898,0.0001169429807823,-7.409234917088707,6.0
2025-03-10 13:19:49.918,0.0001451799098728,-16.88600417933902,6.0
2025-03-10 13:19:49.937,0.0001805829274978,-24.977309303240883,6.0
2025-03-10 13:19:49.957,0.0002174779977187,-31.530388251783325,6.0
2025-03-10 13:19:49.976,0.0002493872634361,-36.589645044866685,6.0
2025-03-10 13:19:49.996,0.0002699544777894,-40.37634270267716,6.0
2025-03-10 13:19:50.016,0.0002739762334781,-43.23984775567204,6.0
2025-03-10 13:19:50.035,0.0002584086566761,-45.58850896483851,6.0
2025-03-10 13:19:50.055,0.0002231599017237,-47.81120170805693,6.0
2025-03-10 13:19:50.074,0.0001714474727235,-50.20172599212905,6.0
2025-03-10 13:19:50.094,0.0001095304859677,-52.897755288023966,6.0
2025-03-10 13:19:50.113,4.574477171035669e-05,-55.84415851590808,6.0
2025-03-10 13:19:50.133,-1.103695843408114e-05,-58.7874673624417,6.0
2025-03-10 13:19:50.152,-5.319495131169832e-05,-61.30416537031047,6.0
2025-03-10 13:19:50.172,-7.596949179050088e-05,-62.86050918809597,6.0
2025-03-10 13:19:50.191,-7.849785997747753e-05,-62.896185878727145,6.0
2025-03-10 13:19:50.211,-6.405548775004864e-05,-60.919103661963774,6.0
2025-03-10 13:19:50.230,-3.946670692271129e-05,-56.59520097712455,6.0
2025-03-10 13:19:50.250,-1.3809733885132057e-05,-49.81655657930891,6.0
2025-03-10 13:19:50.269,3.347368686120242e-06,-40.73402502381416,6.0
2025-03-10 13:19:50.289,3.871672777623272e-06,-29.74691407392418,6.0
2025-03-10 13:19:50.308,-1.7193262473838904e-05,-17.450625582976496,6.0
2025-03-10 13:19:50.328,-6.041278605291673e-05,-4.551746096441277,6.0
2025-03-10 13:19:50.348,-0.0001215643844631,8.233242332595086,6.0
2025-03-10 13:19:50.367,-0.0001922300611196,20.276169530324363,6.0
2025-03-10 13:19:50.387,-0.0002613521456319,31.11357720151542,6.0
2025-03-10 13:19:50.406,-0.0003174748752601,40.48708244485929,6.0
2025-03-10 13:19:50.426,-0.0003511654688693,48.34078348088814,6.0
2025-03-10 13:19:50.445,-0.0003570143389857,54.77755183348914,6.0
2025-03-10 13:19:50.465,-0.0003347181555876,59.984707340796376,6.0
2025-03-10 13:19:50.484,-0.0002890126439611,64.14642976149105,6.0
2025-03-10 13:19:50.504,-0.0002285352963985,67.36372104222758,6.0
2025-03-10 13:19:50.523,-0.0001639519515073,69.60165011613931,6.0
2025-03-10 13:19:50.543,-0.0001058127007296,70.6777629156889,6.0
2025-03-10 13:19:50.562,-6.260822869863854e-05,70.29592925727549,6.0
2025-03-10 13:19:50.582,-3.940402336420312e-05,68.11870917494728,6.0
2025-03-10 13:19:50.601,-3.726480131205715e-05,63.86142935193518,6.0
2025-03-10 13:19:50.621,-5.348593954334055e-05,57.38529223063619,6.0
2025-03-10 13:19:50.641,-8.248077839315334e-05,48.766658189331686,6.0
2025-03-10 13:19:50.660,-0.0001170737311418,38.32515096908333,6.0
2025-03-10 13:19:50.680,-0.0001499226670323,26.60282040905092,6.0
2025-03-10 13:19:50.699,-0.0001748198888261,14.297644626719611,6.0
2025-03-10 13:19:50.719,-0.0001876758478292,2.164461993711243,6.0
2025-03-10 13:19:50.738,-0.0001870571266507,-9.097053680304777,6.0
2025-03-10 13:19:50.758,-0.0001742239997019,-18.94554462837813,6.0
2025-03-10 13:19:50.777,-0.0001526931417058,-27.07252509314117,6.0
2025-03-10 13:19:50.797,-0.0001274288944828,-33.434311958807854,6.0
2025-03-10 13:19:50.816,-0.0001038157265951,-38.23536446479186,6.0
2025-03-10 13:19:50.836,-8.657365889395399e-05,-41.86605479114815,6.0
2025-03-10 13:19:50.855,-7.878296145881383e-05,-44.80630175199248,6.0
2025-03-10 13:19:50.875,-8.121426264207482e-05,-47.51294436992746,6.0
2025-03-10 13:19:50.894,-9.216774288714516e-05,-50.31209227496667,6.0
2025-03-10 13:19:50.914,-0.0001079359802279,-53.3172804154761,6.0
2025-03-10 13:19:50.933,-0.0001238244825053,-56.3899747260031,6.0
2025-03-10 13:19:50.953,-0.0001354745662684,-59.15139511995312,6.0
2025-03-10 13:19:50.973,-0.0001401146566592,-61.04496355919777,6.0
2025-03-10 13:19:50.992,-0.0001373566246562,-61.43866718612509,6.0
2025-03-10 13:19:51.012,-0.000129261340582,-59.74821976446029,6.0
2025-03-10 13:19:51.031,-0.0001196086556525,-55.55699532645884,6.0
2025-03-10 13:19:51.051,-0.0001125747018139,-48.70865847352122,6.0
2025-03-10 13:19:51.070,-0.0001112486092926,-39.3535886503288,6.0
2025-03-10 13:19:51.090,-0.0001164970926543,-27.939656407631905,6.0
2025-03-10 13:19:51.109,-0.0001265578274711,-15.14953761104672,6.0
2025-03-10 13:19:51.129,-0.0001374729380395,-1.7977999112085172,6.0
2025-03-10 13:19:51.148,-0.0001441866504436,11.291102078676628,6.0
2025-03-10 13:19:51.168,-0.000141929584059,23.399688478323352,6.0
2025-03-10 13:19:51.187,-0.0001274481364066,34.007015190361855,6.0
2025-03-10 13:19:51.207,-9.972195484747012e-05,42.83519067854982,6.0
2025-03-10 13:19:51.226,-6.00155951029033e-05,49.84624496850395,6.0
2025-03-10 13:19:51.246,-1.134983247301841e-05,55.19275372722762,6.0
2025-03-10 13:19:51.266,4.235269621756293e-05,59.13473297843391,6.0
2025-03-10 13:19:51.285,9.714736265626714e-05,61.94200414926897,6.0
2025-03-10 13:19:51.305,0.0001497198958678,63.804231474073006,6.0
2025-03-10 13:19:51.324,0.0001976512753729,64.7693344740269,6.0
2025-03-10 13:19:51.344,0.000239271188395,64.72487062538112,6.0
2025-03-10 13:19:51.363,0.0002732471111925,63.42717705491405,6.0
2025-03-10 13:19:51.383,0.0002981899563349,60.57159048780018,6.0
2025-03-10 13:19:51.402,0.0003125583204623,55.88677215505505,6.0
2025-03-10 13:19:51.422,0.0003149848408704,49.22989572853688,6.0
2025-03-10 13:19:51.441,0.0003049114272706,40.659064223258206,6.0
2025-03-10 13:19:51.461,0.0002832444723743,30.46494009302669,6.0
2025-03-10 13:19:51.480,0.0002527190974293,19.153546355400128,6.0
2025-03-10 13:19:51.500,0.000217777424237,7.383702443697912,6.0
2025-03-10 13:19:51.519,0.0001839379671161,-4.127401783482166,6.0
2025-03-10 13:19:51.539,0.0001567905171316,-14.710686034046695,6.0
2025-03-10 13:19:51.559,0.0001408587955199,-23.84238315803965,6.0
2025-03-10 13:19:51.578,0.0001386173530146,-31.21369187292791,6.0
2025-03-10 13:19:51.598,0.000149921741809,-36.76108117454152,6.0
2025-03-10 13:19:51.617,0.0001720113947064,-40.65366052772204,6.0
2025-03-10 13:19:51.637,0.0002000931011589,-43.24217840083157,6.0
2025-03-10 13:19:51.656,0.0002283583644214,-44.980737204425296,6.0
2025-03-10 13:19:51.676,0.000251182769652,-46.336158386432736,6.0
2025-03-10 13:19:51.695,0.0002642216674566,-47.70070734431554,6.0
2025-03-10 13:19:51.715,0.0002651528784424,-49.32189347504319,6.0
2025-03-10 13:19:51.734,0.0002539185961584,-51.25913155958011,6.0
2025-03-10 13:19:51.754,0.0002324596932299,-53.37224901039287,6.0
2025-03-10 13:19:51.773,0.0002040646854709,-55.34208098122613,6.0
2025-03-10 13:19:51.793,0.00017253022642,-56.71926612401262,6.0
2025-03-10 13:19:51.812,0.0001413412565453,-56.993995626918185,6.0
2025-03-10 13:19:51.832,0.0001130412073882,-55.67683611523566,6.0
2025-03-10 13:19:51.851,8.889699748217173e-05,-52.37890577038441,6.0
2025-03-10 13:19:51.871,6.888967321721004e-05,-46.87900547807404,6.0
2025-03-10 13:19:51.891,5.19945825668143e-05,-39.16641059471134,6.0
2025-03-10 13:19:51.910,3.666431771262217e-05,-29.45140497084913,6.0
2025-03-10 13:19:51.930,2.1397530357913672e-05,-18.141176407643943,6.0
2025-03-10 13:19:51.949,5.267672992929181e-06,-5.785436848813626,6.0
2025-03-10 13:19:51.969,-1.1703623655138569e-05,6.997525495288203,6.0
2025-03-10 13:19:51.988,-2.8415588708355036e-05,19.59943697427301,6.0
2025-03-10 13:19:52.008,-4.284359020432141e-05,31.4895076592702,6.0
2025-03-10 13:19:52.027,-5.246991860842406e-05,42.25792580459409,6.0
2025-03-10 13:19:52.047,-5.4919235806501306e-05,51.62856288498856,6.0
2025-03-10 13:19:52.066,-4.867107953112566e-05,59.44178422161726,6.0
2025-03-10 13:19:52.086,-3.368040894730958e-05,65.61572531144346,6.0
2025-03-10 13:19:52.105,-1.1725045389875124e-05,70.0996935798688,6.0
2025-03-10 13:19:52.125,1.3671062377500609e-05,72.83502072164933,6.0
2025-03-10 13:19:52.144,3.780962772317852e-05,73.73611950401506,6.0
2025-03-10 13:19:52.164,5.582697443157791e-05,72.69823406140026,6.0
2025-03-10 13:19:52.184,6.39221525793804e-05,69.63009805497624,6.0
2025-03-10 13:19:52.203,6.044219779363051e-05,64.5018587768746,6.0
2025-03-10 13:19:52.223,4.6421639594631816e-05,57.3936095320889,6.0
2025-03-10 13:19:52.242,2.5316232719327576e-05,48.52924529204447,6.0
2025-03-10 13:19:52.262,1.9705739288793973e-06,38.2842044633898,6.0
2025-03-10 13:19:52.281,-1.8842523444245227e-05,27.16262559745676,6.0
2025-03-10 13:19:52.301,-3.383628200466955e-05,15.747325347026486,6.0
2025-03-10 13:19:52.320,-4.215914987022674e-05,4.632563841347913,6.0
2025-03-10 13:19:52.340,-4.563299786941125e-05,-5.64676320911989,6.0
2025-03-10 13:19:52.359,-4.8239197410724855e-05,-14.675665761937228,6.0
2025-03-10 13:19:52.379,-5.499800094939861e-05,-22.198425764179248,6.0
2025-03-10 13:19:52.398,-7.05278177200481e-05,-28.13096764880413,6.0
2025-03-10 13:19:52.418,-9.76485992608752e-05,-32.5463573382036,6.0
2025-03-10 13:19:52.437,-0.0001363946460961,-35.638986297733595,6.0
2025-03-10 13:19:52.457,-0.000183719354847,-37.67671086438904,6.0
2025-03-10 13:19:52.477,-0.0002340111256245,-38.95143733796823,6.0
2025-03-10 13:19:52.496,-0.000280324176809,-39.73723411311611,6.0
2025-03-10 13:19:52.516,-0.0003160217315063,-40.26156415556756,6.0
2025-03-10 13:19:52.535,-0.0003363998944599,-40.69076935234535,6.0
2025-03-10 13:19:52.555,-0.0003398458329312,-41.12687461798712,6.0
2025-03-10 13:19:52.574,-0.0003281935971069,-41.61035073662518,6.0
2025-03-10 13:19:52.594,-0.0003061689962867,-42.123369737176674,6.0
2025-03-10 13:19:52.613,-0.0002801055515381,-42.590189512686486,6.0
2025-03-10 13:19:52.633,-0.0002563414108676,-42.87472160690972,6.0
2025-03-10 13:19:52.652,-0.0002397538697036,-42.77871412527923,6.0
2025-03-10 13:19:52.672,-0.0002327605078544,-42.04599483417713,6.0
2025-03-10 13:19:52.691,-0.0002349438431676,-40.37802958542531,6.0
2025-03-10 13:19:52.711,-0.0002433355994121,-37.46357966779952,6.0
2025-03-10 13:19:52.730,-0.0002532927048396,-33.0211979568106,6.0
2025-03-10 13:19:52.750,-0.0002597536177837,-26.848983923219727,6.0
2025-03-10 13:19:52.769,-0.0002585218260958,-18.87289387467692,6.0
2025-03-10 13:19:52.789,-0.0002471794526973,-9.184074470360748,6.0
2025-03-10 13:19:52.809,-0.000225347706888,1.9425913409340592,6.0
2025-03-10 13:19:52.828,-0.0001942677936917,14.05296602788878,6.0
2025-03-10 13:19:52.848,-0.0001559675091248,26.541271956765605,6.0
2025-03-10 13:19:52.867,-0.0001124419995829,38.697470957282015,6.0
2025-03-10 13:19:52.887,-6.521765712766132e-05,49.76886107843702,6.0
2025-03-10 13:19:52.906,-1.5436426164712046e-05,59.029356732410136,6.0
2025-03-10 13:19:52.926,3.567016804597163e-05,65.84958695885382,6.0
2025-03-10 13:19:52.945,8.623215268770215e-05,69.76076684392399,6.0
2025-03-10 13:19:52.965,0.0001334690603511,70.50518155894005,6.0
2025-03-10 13:19:52.984,0.0001739234603548,68.06647475962002,6.0
2025-03-10 13:19:53.004,0.0002041878643112,62.67438390802917,6.0
2025-03-10 13:19:53.023,0.0002218589053285,54.78150753660608,6.0
2025-03-10 13:19:53.043,0.0002263205840351,45.01388695284682,6.0
2025-03-10 13:19:53.062,0.0002190238633741,34.101712675764254,6.0
2025-03-10 13:19:53.082,0.0002031519535921,22.8000574701228,6.0
2025-03-10 13:19:53.102,0.0001828165979784,11.811146327243694,6.0
2025-03-10 13:19:53.121,0.0001620952828656,1.718921463398121,6.0
2025-03-10 13:19:53.141,0.0001442322333968,-7.056066342325651,6.0
2025-03-10 13:19:53.160,0.000131217921634,-14.277232237949177,6.0
2025-03-10 13:19:53.180,0.0001238034134075,-19.8877764756206,6.0
2025-03-10 13:19:53.199,0.0001218457156316,-23.985015910068785,6.0
2025-03-10 13:19:53.219,0.0001247617582361,-26.77916624570787,6.0
2025-03-10 13:19:53.238,0.000131849125763,-28.544239320248625,6.0
2025-03-10 13:19:53.258,0.0001423279073457,-29.569370922055636,6.0
2025-03-10 13:19:53.277,0.0001551159325767,-30.118269926073648,6.0
2025-03-10 13:19:53.297,0.0001684923877447,-30.4024431305372,6.0
2025-03-10 13:19:53.316,0.0001798794977783,-30.570584969645274,6.0
2025-03-10 13:19:53.336,0.000185954569047,-30.712676611641903,6.0
2025-03-10 13:19:53.355,0.0001831937771847,-30.873904315162413,6.0
2025-03-10 13:19:53.375,0.0001687673517447,-31.071459416898264,6.0
2025-03-10 13:19:53.394,0.0001415116566355,-31.30722327287939,6.0
2025-03-10 13:19:53.414,0.0001025979197502,-31.571305565954432,6.0
2025-03-10 13:19:53.434,5.5594601682513325e-05,-31.83487813347878,6.0
2025-03-10 13:19:53.453,5.866146362401921e-06,-32.03480464137121,6.0
2025-03-10 13:19:53.473,-4.048355973507847e-05,-32.05608057398278,6.0
2025-03-10 13:19:53.492,-7.778346701635228e-05,-31.71999218897685,6.0
2025-03-10 13:19:53.512,-0.0001017770142578,-30.78545487693492,6.0
2025-03-10 13:19:53.531,-0.0001102327724691,-28.968106129587547,6.0
2025-03-10 13:19:53.551,-0.0001031448965302,-25.977066489285672,6.0
2025-03-10 13:19:53.570,-8.258976016123575e-05,-21.56414410603245,6.0
2025-03-10 13:19:53.590,-5.233666385237687e-05,-15.576214697541118,6.0
2025-03-10 13:19:53.609,-1.726616324202458e-05,-7.999861301469394,6.0
2025-03-10 13:19:53.629,1.7397304336657586e-05,1.0113562641001266,6.0
2025-03-10 13:19:53.648,4.698881399118207e-05,11.132863730728822,6.0
2025-03-10 13:19:53.668,6.82696288664477e-05,21.88913183230995,6.0
2025-03-10 13:19:53.687,8.000158975116093e-05,32.694031654663405,6.0
2025-03-10 13:19:53.707,8.302677341869399e-05,42.90460289964734,6.0
2025-03-10 13:19:53.727,7.981535462246119e-05,51.88036768164694,6.0
2025-03-10 13:19:53.746,7.362655865455834e-05,59.04112139888357,6.0
2025-03-10 13:19:53.766,6.75484242869974e-05,63.91785861659291,6.0
2025-03-10 13:19:53.785,6.371166344780853e-05,66.19321562386264,6.0
2025-03-10 13:19:53.805,6.291204111821865e-05,65.72894060915212,6.0
2025-03-10 13:19:53.824,6.474042094923183e-05,62.57839697020242,6.0
2025-03-10 13:19:53.844,6.81384922009645e-05,56.9824282941782,6.0
2025-03-10 13:19:53.863,7.212299727779496e-05,49.34771746771546,6.0
2025-03-10 13:19:53.883,7.633614364569654e-05,40.20845395925173,6.0
2025-03-10 13:19:53.902,8.116049473247825e-05,30.17452593158988,6.0
2025-03-10 13:19:53.922,8.736465980287865e-05,19.871922214799987,6.0
2025-03-10 13:19:53.941,9.549262756334051e-05,9.88275394530777,6.0
2025-03-10 13:19:53.961,0.0001053310899203,0.692705029384864,6.0
2025-03-10 13:19:53.980,0.0001157237857445,-7.347354934363476,6.0
2025-03-10 13:19:54.000,0.0001247988016466,-14.041152503751752,6.0
2025-03-10 13:19:54.020,0.0001304666254865,-19.346749050945103,6.0
2025-03-10 13:19:54.039,0.0001309555725263,-23.357946391306545,6.0
2025-03-10 13:19:54.059,0.0001251941038659,-26.27180995756792,6.0
2025-03-10 13:19:54.078,0.0001129566567799,-28.34859500718775,6.0
2025-03-10 13:19:54.098,9.479010460476496e-05,-29.870909229058096,6.0
2025-03-10 13:19:54.117,7.180003722792958e-05,-31.10805216274008,6.0
2025-03-10 13:19:54.137,4.539511687241632e-05,-32.28931794882393,6.0
2025-03-10 13:19:54.156,1.7071341548131276e-05,-33.587187724309835,6.0
2025-03-10 13:19:54.176,-1.1720278659817665e-05,-35.10862263399886,6.0
2025-03-10 13:19:54.195,-3.962349942425594e-05,-36.891010543251205,6.0
2025-03-10 13:19:54.215,-6.538079582931071e-05,-38.89935266420432,6.0
2025-03-10 13:19:54.234,-8.784514456996894e-05,-41.0230542212662,6.0
2025-03-10 13:19:54.254,-0.0001060468658317,-43.073559810659575,6.0
2025-03-10 13:19:54.273,-0.000119335167536,-44.78684585023216,6.0
2025-03-10 13:19:54.293,-0.0001275735174852,-45.83610311983722,6.0
2025-03-10 13:19:54.312,-0.0001313271407024,-45.85887866243164,6.0
2025-03-10 13:19:54.332,-0.0001319542033634,-44.49942458402263,6.0
2025-03-10 13:19:54.352,-0.0001315125852002,-41.46194203441405,6.0
2025-03-10 13:19:54.371,-0.0001324297559839,-36.56549539441156,6.0
2025-03-10 13:19:54.391,-0.0001369546247919,-29.788495383318622,6.0
2025-03-10 13:19:54.410,-0.0001465054445325,-21.291171830023195,6.0
2025-03-10 13:19:54.430,-0.0001611122393798,-11.408598203182962,6.0
2025-03-10 13:19:54.449,-0.0001791689760823,-0.613527479571876,6.0
2025-03-10 13:19:54.469,-0.0001976268416638,10.544382429609946,6.0
2025-03-10 13:19:54.488,-0.0002126196489358,21.51052548473985,6.0
2025-03-10 13:19:54.508,-0.0002203959936015,31.793265185529627,6.0
2025-03-10 13:19:54.527,-0.0002183587541613,41.01356512384925,6.0
2025-03-10 13:19:54.547,-0.0002059479499411,48.92657867907208,6.0
2025-03-10 13:19:54.566,-0.0001850686035411,55.4123896387599,6.0
2025-03-10 13:19:54.586,-0.0001598398209083,60.44083942419009,6.0
2025-03-10 13:19:54.605,-0.0001356468905582,64.0219981532213,6.0
2025-03-10 13:19:54.625,-0.0001177290839074,66.15755834572877,6.0
2025-03-10 13:19:54.645,-0.0001097162853041,66.80809598362684,6.0
2025-03-10 13:19:54.664,-0.0001125737590564,65.8866317863595,6.0
2025-03-10 13:19:54.684,-0.0001243110514428,63.28131291335463,6.0
2025-03-10 13:19:54.703,-0.000140569683046,58.90139858164391,6.0
2025-03-10 13:19:54.723,-0.0001558920759657,52.733580709013744,6.0
2025-03-10 13:19:54.742,-0.0001652305279452,44.89214616872941,6.0
2025-03-10 13:19:54.762,-0.0001652116921709,35.647630541585976,6.0
2025-03-10 13:19:54.781,-0.0001548310474658,25.42400192049281,6.0
2025-03-10 13:19:54.801,-0.0001354819489967,14.762352349366733,6.0
2025-03-10 13:19:54.820,-0.0001104056920255,4.257246627982064,6.0
2025-03-10 13:19:54.840,-8.376740319278549e-05,-5.521847056441395,6.0
2025-03-10 13:19:54.859,-5.963141550699532e-05,-14.10857538518538,6.0
2025-03-10 13:19:54.879,-4.110498540540503e-05,-21.202208556886763,6.0
2025-03-10 13:19:54.898,-2.9830837062441887e-05,-26.70321693609107,6.0
2025-03-10 13:19:54.918,-2.588153842056897e-05,-30.71598757133848,6.0
2025-03-10 13:19:54.938,-2.7998583243321944e-05,-33.51892256229755,6.0
2025-03-10 13:19:54.957,-3.405395166828168e-05,-35.50777381658615,6.0
2025-03-10 13:19:54.977,-4.1593472717032015e-05,-37.12215504060419,6.0
2025-03-10 13:19:54.996,-4.833907429243617e-05,-38.76719493355648,6.0
2025-03-10 13:19:55.016,-5.256590329871944e-05,-40.74222436413245,6.0
2025-03-10 13:19:55.035,-5.3315126655923305e-05,-43.18663085915543,6.0
2025-03-10 13:19:55.055,-5.044209023969889e-05,-46.05020266938919,6.0
2025-03-10 13:19:55.074,-4.4525706840639166e-05,-49.09201916912183,6.0
2025-03-10 13:19:55.094,-3.667716579823406e-05,-51.90856728723932,6.0
2025-03-10 13:19:55.113,-2.8287277196143503e-05,-53.98832560679966,6.0
2025-03-10 13:19:55.133,-2.074723385963893e-05,-54.78650639083652,6.0
2025-03-10 13:19:55.152,-1.5172594083348269e-05,-53.81014254110021,6.0
2025-03-10 13:19:55.172,-1.215831090331533e-05,-50.70084610611229,6.0
2025-03-10 13:19:55.191,-1.1594161480371278e-05,-45.30130680095899,6.0
2025-03-10 13:19:55.211,-1.2572435030592158e-05,-37.69289173716281,6.0
2025-03-10 13:19:55.230,-1.341862144130644e-05,-28.19597374296927,6.0
2025-03-10 13:19:55.250,-1.186620319933778e-05,-17.33136297832568,6.0
2025-03-10 13:19:55.270,-5.375432862357266e-06,-5.749014260205351,6.0
2025-03-10 13:19:55.289,8.436062465804754e-06,5.862922417862013,6.0
2025-03-10 13:19:55.309,3.132007815841587e-05,16.871440621988903,6.0
2025-03-10 13:19:55.328,6.398258446983975e-05,26.77666667568342,6.0
2025-03-10 13:19:55.348,0.0001058384078607,35.26006812137658,6.0
2025-03-10 13:19:55.367,0.0001550248883694,42.19475543018825,6.0
2025-03-10 13:19:55.387,0.0002086985384356,47.61774574317831,6.0
2025-03-10 13:19:55.406,0.0002635454221858,51.67216282481176,6.0
2025-03-10 13:19:55.426,0.0003163576666498,54.53390481353377,6.0
2025-03-10 13:19:55.445,0.0003645113792481,56.34081559236162,6.0
2025-03-10 13:19:55.465,0.0004062352520636,57.14183242199712,6.0
2025-03-10 13:19:55.484,0.0004406537831924,56.87879188154434,6.0
2025-03-10 13:19:55.504,0.000467670822688,55.4054660404296,6.0
2025-03-10 13:19:55.523,0.0004877788071077,52.5388689140576,6.0
2025-03-10 13:19:55.543,0.0005018399177208,48.12939518532939,6.0
2025-03-10 13:19:55.563,0.0005108465642471,42.13128981445682,6.0
2025-03-10 13:19:55.582,0.0005156717475331,34.6547606568096,6.0
2025-03-10 13:19:55.602,0.0005168484270803,25.985752495576875,6.0
2025-03-10 13:19:55.621,0.0005144357793679,16.567553600813056,6.0
2025-03-10 13:19:55.641,0.0005080237273104,6.947641099988033,6.0
2025-03-10 13:19:55.660,0.0004968976556108,-2.298959518836028,6.0
2025-03-10 13:19:55.680,0.0004803416680377,-10.653816161751273,6.0
2025-03-10 13:19:55.699,0.0004580126600825,-17.729949834928565,6.0
2025-03-10 13:19:55.719,0.0004302816920671,-23.323451023837578,6.0
2025-03-10 13:19:55.738,0.0003984258212814,-27.433273002496176,6.0
2025-03-10 13:19:55.758,0.0003645718987573,-30.247114186272253,6.0
2025-03-10 13:19:55.777,0.0003313476390287,-32.097455461973865,6.0
2025-03-10 13:19:55.797,0.0003012807050069,-33.39650384816825,6.0
2025-03-10 13:19:55.816,0.0002760881673886,-34.56138485848566,6.0
2025-03-10 13:19:55.836,0.0002560794084856,-35.941339784556774,6.0
2025-03-10 13:19:55.856,0.0002398976359613,-37.757295322820006,6.0
2025-03-10 13:19:55.875,0.0002247164960877,-40.06162917457715,6.0
2025-03-10 13:19:55.895,0.0002068384003451,-42.72292938892247,6.0
2025-03-10 13:19:55.914,0.0001825109294311,-45.437502347384864,6.0
2025-03-10 13:19:55.934,0.0001487420126275,-47.766470540191975,6.0
2025-03-10 13:19:55.953,0.0001039312551011,-49.1944232821955,6.0
2025-03-10 13:19:55.973,4.819884868240759e-05,-49.20265282166374,6.0
2025-03-10 13:19:55.992,-1.6638956141483932e-05,-47.34722807915699,6.0
2025-03-10 13:19:56.012,-8.743259007243094e-05,-43.330168789549006,6.0
2025-03-10 13:19:56.031,-0.0001603186553002,-37.05171155506886,6.0
2025-03-10 13:19:56.051,-0.0002314505917134,-28.63388208575714,6.0
2025-03-10 13:19:56.070,-0.0002976525560992,-18.410417721269557,6.0
2025-03-10 13:19:56.090,-0.0003568286975655,-6.884690112490721,6.0
2025-03-10 13:19:56.109,-0.0004080630803515,5.335973068091771,6.0
2025-03-10 13:19:56.129,-0.0004514788281198,17.616174105980132,6.0
2025-03-10 13:19:56.148,-0.000487995244992,29.36337930525401,6.0
2025-03-10 13:19:56.168,-0.0005190913396475,40.08073133606377,6.0
2025-03-10 13:19:56.188,-0.0005466005118107,49.39375114985976,6.0
2025-03-10 13:19:56.207,-0.0005724962465304,57.04987400472657,6.0
2025-03-10 13:19:56.227,-0.0005986261675237,62.89658065103971,6.0
2025-03-10 13:19:56.246,-0.0006264083367231,66.8488026655823,6.0
2025-03-10 13:19:56.266,-0.0006565636477613,68.85806108848902,6.0
2025-03-10 13:19:56.285,-0.000688953921122,68.89403527838662,6.0
2025-03-10 13:19:56.305,-0.0007225295284378,66.9444822509832,6.0
2025-03-10 13:19:56.324,-0.0007553415513261,63.03300347236032,6.0
2025-03-10 13:19:56.344,-0.0007845927689056,57.24797542214248,6.0
2025-03-10 13:19:56.363,-0.000806760828749,49.771884865504255,6.0
2025-03-10 13:19:56.383,-0.0008178757384663,40.899554061701686,6.0
2025-03-10 13:19:56.402,-0.0008140351358299,31.036456735641163,6.0
2025-03-10 13:19:56.422,-0.0007921602174737,20.67359680320848,6.0
2025-03-10 13:19:56.441,-0.0007508409299672,10.341649667645532,6.0
2025-03-10 13:19:56.461,-0.0006909835795097,0.5525312100136713,6.0
2025-03-10 13:19:56.481,-0.0006159726194752,-8.260089920758931,6.0
2025-03-10 13:19:56.500,-0.0005312214735078,-15.789311248888149,6.0
2025-03-10 13:19:56.520,-0.0004432340590514,-21.88289923016902,6.0
2025-03-10 13:19:56.539,-0.0003584979540377,-26.545601275325847,6.0
2025-03-10 13:19:56.559,-0.000282571623003,-29.91670879215304,6.0
2025-03-10 13:19:56.578,-0.0002195819379553,-32.2291733566129,6.0
2025-03-10 13:19:56.598,-0.0001721061354623,-33.76023241928107,6.0
2025-03-10 13:19:56.617,-0.0001412401388768,-34.78441056919097,6.0
2025-03-10 13:19:56.637,-0.0001266550479588,-35.53780090999124,6.0
2025-03-10 13:19:56.656,-0.0001265732010464,-36.19839740239512,6.0
2025-03-10 13:19:56.676,-0.0001377302103924,-36.88223146455145,6.0
2025-03-10 13:19:56.695,-0.000155439761654,-37.65066329014677,6.0
2025-03-10 13:19:56.715,-0.0001738457924835,-38.52166953666215,6.0
2025-03-10 13:19:56.734,-0.000186393228477,-39.47803364444637,6.0
2025-03-10 13:19:56.754,-0.0001865097216127,-40.46785312700263,6.0
2025-03-10 13:19:56.773,-0.0001684438168079,-41.396842616823626,6.0
2025-03-10 13:19:56.793,-0.0001281340431408,-42.11618490590652,6.0
2025-03-10 13:19:56.813,-6.393318971798069e-05,-42.41277493503625,6.0
2025-03-10 13:19:56.832,2.296958070691172e-05,-42.00957647821232,6.0
2025-03-10 13:19:56.852,0.0001285182075331,-40.58206913196682,6.0
2025-03-10 13:19:56.871,0.0002461791887557,-37.79278261478248,6.0
2025-03-10 13:19:56.891,0.0003677402887191,-33.340802804003374,6.0
2025-03-10 13:19:56.910,0.0004844461304899,-27.018432818564705,6.0
2025-03-10 13:19:56.930,0.0005882814292575,-18.764372571406167,6.0
2025-03-10 13:19:56.949,0.0006731015535824,-8.702687139977344,6.0
2025-03-10 13:19:56.969,0.0007353241533587,2.840628941203331,6.0
2025-03-10 13:19:56.988,0.0007740664345194,15.34746692424952,6.0
2025-03-10 13:19:57.008,0.000790825267508,28.143221576294973,6.0
2025-03-10 13:19:57.027,0.0007889096850122,40.45389783867679,6.0
2025-03-10 13:19:57.047,0.000772808653236,51.47799753312236,6.0
2025-03-10 13:19:57.066,0.0007475766641479,60.46526748525617,6.0
2025-03-10 13:19:57.086,0.0007182408365457,66.79386179871419,6.0
2025-03-10 13:19:57.106,0.0006892267168471,70.03726323312942,6.0
2025-03-10 13:19:57.125,0.0006638403513375,70.01253203968149,6.0
2025-03-10 13:19:57.145,0.0006438768194631,66.80262670931931,6.0
2025-03-10 13:19:57.164,0.0006294346129508,60.74819112900595,6.0
2025-03-10 13:19:57.184,0.0006190088262969,52.408359892483794,6.0
2025-03-10 13:19:57.203,0.0006098919378996,42.49511734034218,6.0
2025-03-10 13:19:57.223,0.0005988122191059,31.79035503327265,6.0
2025-03-10 13:19:57.242,0.0005826434032581,21.057776284139244,6.0
2025-03-10 13:19:57.262,0.0005590069214404,10.962439003400087,6.0
2025-03-10 13:19:57.281,0.0005266636272908,2.008981468501937,6.0
2025-03-10 13:19:57.301,0.0004856870523211,-5.493959637136709,6.0
2025-03-10 13:19:57.320,0.0004374659603294,-11.44007292804934,6.0
2025-03-10 13:19:57.340,0.0003845876254968,-15.903914910055857,6.0
2025-03-10 13:19:57.359,0.0003306222391608,-19.09720178407452,6.0
2025-03-10 13:19:57.379,0.0002797906197122,-21.311505804504872,6.0
2025-03-10 13:19:57.399,0.000236478810316,-22.85780783188041,6.0
2025-03-10 13:19:57.418,0.0002045830151767,-24.01345632945374,6.0
2025-03-10 13:19:57.438,0.000186731901974,-24.985271789299663,6.0
2025-03-10 13:19:57.457,0.0001835270127344,-25.893938824743383,6.0
2025-03-10 13:19:57.477,0.000193024310641,-26.78003448213888,6.0
2025-03-10 13:19:57.496,0.0002106847677919,-27.62707925884985,6.0
2025-03-10 13:19:57.516,0.0002299086984611,-28.393108473532056,6.0
2025-03-10 13:19:57.535,0.000243081736947,-29.04052171199607,6.0
2025-03-10 13:19:57.555,0.000242901949148,-29.5549127178761,6.0
2025-03-10 13:19:57.574,0.0002236912326769,-29.947011028873217,6.0
2025-03-10 13:19:57.594,0.0001824131043875,-30.23690111683213,6.0
2025-03-10 13:19:57.613,0.0001191945918464,-30.425026475712457,6.0
2025-03-10 13:19:57.633,3.726026465000637e-05,-30.45876124171517,6.0
2025-03-10 13:19:57.652,-5.7695989137144325e-05,-30.205418051605253,6.0
2025-03-10 13:19:57.672,-0.0001585745311765,-29.441843981654007,6.0
2025-03-10 13:19:57.691,-0.0002581550307198,-27.86729298127989,6.0
2025-03-10 13:19:57.711,-0.0003503180548086,-25.14081172564512,6.0
2025-03-10 13:19:57.731,-0.0004309085853471,-20.93826382186283,6.0
2025-03-10 13:19:57.750,-0.0004980499365553,-15.01893406252988,6.0
2025-03-10 13:19:57.770,-0.0005519076725987,-7.288800140390631,6.0
2025-03-10 13:19:57.789,-0.0005940760699451,2.1522305211129207,6.0
2025-03-10 13:19:57.809,-0.0006268188428447,12.98875413724021,6.0
2025-03-10 13:19:57.828,-0.0006523457815848,24.698728566220428,6.0
2025-03-10 13:19:57.848,-0.0006722362383132,36.59222659495677,6.0
2025-03-10 13:19:57.867,-0.0006870955930196,47.87507053103591,6.0
2025-03-10 13:19:57.887,-0.0006965276860625,57.72925097126472,6.0
2025-03-10 13:19:57.906,-0.0006994549214075,65.40032157996133,6.0
2025-03-10 13:19:57.926,-0.0006946959451673,70.28126590488777,6.0
2025-03-10 13:19:57.945,-0.0006815845039666,71.9823983372595,6.0
2025-03-10 13:19:57.965,-0.000660387865031,70.37780416804921,6.0
2025-03-10 13:19:57.984,-0.0006323953002959,65.62103272881176,6.0
2025-03-10 13:19:58.004,-0.0005997079973849,58.12650823353309,6.0
2025-03-10 13:19:58.024,-0.0005648490856629,48.51817432678085,6.0
2025-03-10 13:19:58.043,-0.0005303044222309,37.5523510225848,6.0
2025-03-10 13:19:58.063,-0.0004980740405457,26.026355395028933,6.0
2025-03-10 13:19:58.082,-0.0004693119331517,14.686897710278137,6.0
2025-03-10 13:19:58.102,-0.000444139211955,4.151960869078002,6.0
2025-03-10 13:19:58.121,-0.0004216928438272,-5.143043912339344,6.0
2025-03-10 13:19:58.141,-0.0004004048209531,-12.96875015672933,6.0
2025-03-10 13:19:58.160,-0.0003784167313284,-19.294199884306146,6.0
2025-03-10 13:19:58.180,-0.000353974880967,-24.25234740051811,6.0
2025-03-10 13:19:58.199,-0.0003256698014383,-28.08684879839454,6.0
2025-03-10 13:19:58.219,-0.0002924766577348,-31.090670042250167,6.0
2025-03-10 13:19:58.238,-0.0002536634898574,-33.54769392353413,6.0
2025-03-10 13:19:58.258,-0.0002087023737473,-35.687296893412274,6.0
2025-03-10 13:19:58.277,-0.0001573068095024,-37.65884980900813,6.0
2025-03-10 13:19:58.297,-9.96163099973973e-05,-39.52863024200949,6.0
2025-03-10 13:19:58.317,-3.640568744242218e-05,-41.29649776712712,6.0
2025-03-10 13:19:58.336,3.086968806359453e-05,-42.92502714759398,6.0
2025-03-10 13:19:58.356,0.0001002847338047,-44.37086756626067,6.0
2025-03-10 13:19:58.375,0.0001698089427577,-45.60783903221171,6.0
2025-03-10 13:19:58.395,0.00023760011454,-46.63394823298822,6.0
2025-03-10 13:19:58.414,0.0003020629686558,-47.45952585022895,6.0
2025-03-10 13:19:58.434,0.000361693168579,-48.079761138471206,6.0
2025-03-10 13:19:58.453,0.0004148829904861,-48.44036145317759,6.0
2025-03-10 13:19:58.473,0.0004598789719006,-48.40827019204927,6.0
2025-03-10 13:19:58.492,0.0004949731318309,-47.75921497116744,6.0
2025-03-10 13:19:58.512,0.0005188807674622,-46.1900920172672,6.0
2025-03-10 13:19:58.531,0.0005311817934406,-43.3576545242241,6.0
2025-03-10 13:19:58.551,0.000532680647589,-38.93743978970873,6.0
2025-03-10 13:19:58.570,0.0005255508205724,-32.69060774749621,6.0
2025-03-10 13:19:58.590,0.0005131686393416,-24.52340642660114,6.0
2025-03-10 13:19:58.609,0.0004996116857129,-14.525369308991312,6.0
2025-03-10 13:19:58.629,0.0004888974442178,-2.977670189135868,6.0
2025-03-10 13:19:58.649,0.0004841409621734,9.669441586425112,6.0
2025-03-10 13:19:58.668,0.0004868636946092,22.843931113564015,6.0
2025-03-10 13:19:58.688,0.00049665090178,35.91287848528219,6.0
2025-03-10 13:19:58.707,0.000511252579795,48.24444484336311,6.0
2025-03-10 13:19:58.727,0.0005271016080229,59.26034155013369,6.0
2025-03-10 13:19:58.746,0.0005401070344042,68.47257568481858,6.0
2025-03-10 13:19:58.766,0.0005464942989288,75.50337605009314,6.0
2025-03-10 13:19:58.785,0.0005434552255754,80.09157988380991,6.0
2025-03-10 13:19:58.805,0.000529457030183,82.09122204740865,6.0
2025-03-10 13:19:58.824,0.0005041989922603,81.46809718435746,6.0
2025-03-10 13:19:58.844,0.0004683364485744,78.29791307966019,6.0
2025-03-10 13:19:58.863,0.000423164623333,72.76628808163099,6.0
2025-03-10 13:19:58.883,0.0003704283069967,65.16763834268504,6.0
2025-03-10 13:19:58.902,0.0003122942049607,55.89821949404148,6.0
2025-03-10 13:19:58.922,0.0002513699140078,45.43891247149308,6.0
2025-03-10 13:19:58.942,0.0001905954632159,34.32563502238338,6.0
2025-03-10 13:19:58.961,0.0001329124664321,23.10867487412924,6.0
2025-03-10 13:19:58.981,8.075781732244948e-05,12.305614558190875,6.0
2025-03-10 13:19:59.000,3.5528133557997374e-05,2.3548195249932435,6.0
2025-03-10 13:19:59.020,-2.8235775880554798e-06,-6.422909502545974,6.0
2025-03-10 13:19:59.039,-3.594095724613802e-05,-13.848062117170109,6.0
2025-03-10 13:19:59.059,-6.691196756542978e-05,-19.88766839969425,6.0
2025-03-10 13:19:59.078,-9.981004455895968e-05,-24.641685878827957,6.0
2025-03-10 13:19:59.098,-0.0001389552535297,-28.31367700086569,6.0
2025-03-10 13:19:59.117,-0.0001879466913071,-31.17169589294752,6.0
2025-03-10 13:19:59.137,-0.0002486030304029,-33.50655844689332,6.0
2025-03-10 13:19:59.156,-0.0003201011437061,-35.59405679617991,6.0
2025-03-10 13:19:59.176,-0.0003987047866314,-37.665427631496456,6.0
2025-03-10 13:19:59.195,-0.0004783879206078,-39.8873110147632,6.0
2025-03-10 13:19:59.215,-0.0005523674130698,-42.34967146003357,6.0
2025-03-10 13:19:59.234,-0.0006151881774606,-45.05870708515381,6.0
2025-03-10 13:19:59.254,-0.0006647230855062,-47.93215552803404,6.0
2025-03-10 13:19:59.274,-0.0007033998165899,-50.79641779517919,6.0
2025-03-10 13:19:59.293,-0.0007381729232286,-53.387675197931095,6.0
2025-03-10 13:19:59.313,-0.0007791210251368,-55.36136758492087,6.0
2025-03-10 13:19:59.332,-0.0008369250224169,-56.31479276150121,6.0
2025-03-10 13:19:59.352,-0.0009197668272199,-55.82551360536857,6.0
2025-03-10 13:19:59.371,-0.0010303206032575,-53.50399593669951,6.0
2025-03-10 13:19:59.391,-0.0011634927587076,-49.05371661994712,6.0
2025-03-10 13:19:59.410,-0.0013054638209412,-42.32778793949098,6.0
2025-03-10 13:19:59.430,-0.0014344387031923,-33.36975913022159,6.0
2025-03-10 13:19:59.449,-0.0015232833381691,-22.42857978152194,6.0
2025-03-10 13:19:59.469,-0.0015438585714009,-9.943250162040943,6.0
2025-03-10 13:19:59.488,-0.0014724056567835,3.500283581184028,6.0
2025-03-10 13:19:59.508,-0.001294943142694,17.231152407754127,6.0
2025-03-10 13:19:59.527,-0.0010114397995639,30.56203667117421,6.0
2025-03-10 13:19:59.547,-0.000637613755269,42.85152807932378,6.0
2025-03-10 13:19:59.567,-0.0002036294470037,53.5509716133882,6.0
2025-03-10 13:19:59.586,0.0002503028695404,62.23152145081913,6.0
2025-03-10 13:19:59.606,0.0006805695185629,68.59260308474377,6.0
2025-03-10 13:19:59.625,0.001047528794261,72.45717758206256,6.0
2025-03-10 13:19:59.645,0.0013219180575599,73.76110021668012,6.0
2025-03-10 13:19:59.664,0.0014889246737868,72.54313601636014,6.0
2025-03-10 13:19:59.684,0.0015492481218863,68.93930519471088,6.0
2025-03-10 13:19:59.703,0.001517251243226,63.18130676150573,6.0
2025-03-10 13:19:59.723,0.0014169043323154,55.59525824369072,6.0
2025-03-10 13:19:59.742,0.001276566790999,46.59517264736156,6.0
2025-03-10 13:19:59.762,0.0011237352900006,36.6661085732526,6.0
2025-03-10 13:19:59.781,0.0009807480321821,26.334557525431368,6.0
2025-03-10 13:19:59.801,0.0008621102016066,16.12744804291562,6.0
2025-03-10 13:19:59.820,0.0007736793058236,6.524919664029273,6.0
2025-03-10 13:19:59.840,0.0007135437206415,-2.0853585705760294,6.0
2025-03-10 13:19:59.860,0.0006741399715033,-9.443799685824168,6.0
2025-03-10 13:19:59.879,0.0006450151341352,-15.437269258088923,6.0
2025-03-10 13:19:59.899,0.0006156301438055,-20.09625814865836,6.0
2025-03-10 13:19:59.918,0.0005776783305386,-23.571295224316536,6.0
2025-03-10 13:19:59.938,0.0005265337410323,-26.093575926150283,6.0
2025-03-10 13:19:59.957,0.0004616452782128,-27.92825934432166,6.0
2025-03-10 13:19:59.977,0.0003859464041797,-29.3302661859764,6.0
2025-03-10 13:19:59.996,0.0003045872461837,-30.511209117191637,6.0
2025-03-10 13:20:00.016,0.0002234174985138,-31.6225924367638,6.0
2025-03-10 13:20:00.035,0.0001476180211442,-32.7556204711781,6.0
2025-03-10 13:20:00.055,8.074686380982349e-05,-33.95324432472434,6.0
2025-03-10 13:20:00.074,2.4306942143014236e-05,-35.22683570882861,6.0
2025-03-10 13:20:00.094,-2.219221870015545e-05,-36.56907842276326,6.0
2025-03-10 13:20:00.113,-6.079563982094892e-05,-37.9565932769526,6.0
2025-03-10 13:20:00.133,-9.444405923128006e-05,-39.33994731695111,6.0
2025-03-10 13:20:00.152,-0.0001262511529604,-40.62385049100559,6.0
2025-03-10 13:20:00.172,-0.0001588451131719,-41.64495145825715,6.0
2025-03-10 13:20:00.192,-0.0001938641438914,-42.15721607520479,6.0
2025-03-10 13:20:00.211,-0.0002316579067584,-41.8344293191027,6.0
2025-03-10 13:20:00.231,-0.0002712169791056,-40.29577127343288,6.0
2025-03-10 13:20:00.250,-0.000310330183815,-37.154503879119886,6.0
2025-03-10 13:20:00.270,-0.000345951064126,-32.08318388596382,6.0
2025-03-10 13:20:00.289,-0.0003747343765061,-24.88346042661353,6.0
2025-03-10 13:20:00.309,-0.0003936779702438,-15.546114629414785,6.0
2025-03-10 13:20:00.328,-0.0004007763904023,-4.288329903049774,6.0
2025-03-10 13:20:00.348,-0.0003955675817407,8.440229380738959,6.0
2025-03-10 13:20:00.367,-0.0003794458575243,21.98463755373429,6.0
2025-03-10 13:20:00.387,-0.000355637458115,35.541214566585,6.0
2025-03-10 13:20:00.406,-0.0003287985939741,48.234906359855394,6.0
2025-03-10 13:20:00.426,-0.0003042874729786,59.207016618917415,6.0
2025-03-10 13:20:00.445,-0.0002872415299757,67.70258306736109,6.0
2025-03-10 13:20:00.465,-0.0002816276780617,73.14758558588377,6.0
2025-03-10 13:20:00.485,-0.0002894419700151,75.20747568828449,6.0
2025-03-10 13:20:00.504,-0.0003102328211988,73.8201298105726,6.0
2025-03-10 13:20:00.524,-0.0003410742599554,69.19863929376231,6.0
2025-03-10 13:20:00.543,-0.0003770017404863,61.80274901048955,6.0
2025-03-10 13:20:00.563,-0.0004118056857003,52.28212562058324,6.0
2025-03-10 13:20:00.582,-0.0004390213607243,41.39916315411875,6.0
2025-03-10 13:20:00.602,-0.0004529411348018,29.942493715645384,6.0
2025-03-10 13:20:00.621,-0.000449477868779,18.643705134890705,6.0
2025-03-10 13:20:00.641,-0.0004267469590833,8.108597690178641,6.0
2025-03-10 13:20:00.660,-0.0003853141080876,-1.228904216449617,6.0
2025-03-10 13:20:00.680,-0.0003281172114306,-9.126314645618065,6.0
2025-03-10 13:20:00.699,-0.0002600687686604,-15.525955107452296,6.0
2025-03-10 13:20:00.719,-0.0001873306929734,-20.52592458372835,6.0
2025-03-10 13:20:00.738,-0.0001163155320933,-24.33497378759073,6.0
2025-03-10 13:20:00.758,-5.260140638642353e-05,-27.21920551954608,6.0
2025-03-10 13:20:00.778,-3.85704842803892e-08,-29.44927654263936,6.0
2025-03-10 13:20:00.797,3.971672852760558e-05,-31.2564846798856,6.0
2025-03-10 13:20:00.817,6.715464542171748e-05,-32.80451089427744,6.0
2025-03-10 13:20:00.836,8.44272394397906e-05,-34.18056671300189,6.0
2025-03-10 13:20:00.856,9.46113381584093e-05,-35.40563165482922,6.0
2025-03-10 13:20:00.875,0.0001009352906296,-36.459179296734426,6.0
2025-03-10 13:20:00.895,0.0001061552043602,-37.310353334032925,6.0
2025-03-10 13:20:00.914,0.0001121954371558,-37.94592656894735,6.0
2025-03-10 13:20:00.934,0.0001200828840207,-38.38609649770534,6.0
2025-03-10 13:20:00.953,0.0001301273969161,-38.682208645470254,6.0
2025-03-10 13:20:00.973,0.0001422475229092,-38.89526124859507,6.0
2025-03-10 13:20:00.992,0.0001563197870713,-39.05950017027115,6.0
2025-03-10 13:20:01.012,0.0001724413644577,-39.140274616197374,6.0
2025-03-10 13:20:01.031,0.0001910340142268,-38.99830621343036,6.0
2025-03-10 13:20:01.051,0.000212770678326,-38.37264821230299,6.0
2025-03-10 13:20:01.070,0.0002383615677934,-36.89150615389397,6.0
2025-03-10 13:20:01.090,0.000268279654744,-34.11419395228098,6.0
2025-03-10 13:20:01.110,0.0003025235158507,-29.60008039711874,6.0
2025-03-10 13:20:01.129,0.0003404992285792,-22.99331598879608,6.0
2025-03-10 13:20:01.149,0.0003810515745863,-14.107396234174992,6.0
2025-03-10 13:20:01.168,0.0004226075445194,-2.992620662093816,6.0
2025-03-10 13:20:01.188,0.0004633542223179,10.02748660532319,6.0
2025-03-10 13:20:01.207,0.0005013846811984,24.358721395267867,6.0
2025-03-10 13:20:01.227,0.0005347814880406,39.178457504919,6.0
2025-03-10 13:20:01.246,0.0005616317066042,53.511875672147816,6.0
2025-03-10 13:20:01.266,0.0005799970833675,66.33179185338454,6.0
2025-03-10 13:20:01.285,0.0005879170360488,76.66918738031781,6.0
2025-03-10 13:20:01.305,0.0005835512251489,83.72071327249279,6.0
2025-03-10 13:20:01.324,0.0005655145390702,86.93981665694713,6.0
2025-03-10 13:20:01.344,0.0005333412562855,86.09960482972683,6.0
2025-03-10 13:20:01.363,0.0004879164539879,81.3184224415465,6.0
2025-03-10 13:20:01.383,0.000431685178922,73.04367838969199,6.0
2025-03-10 13:20:01.403,0.0003684956232406,61.995486313202655,6.0
2025-03-10 13:20:01.422,0.0003030424351495,49.07814070415556,6.0
2025-03-10 13:20:01.442,0.0002400294881951,35.27278391982105,6.0
2025-03-10 13:20:01.461,0.0001832946447338,21.527408449851198,6.0
2025-03-10 13:20:01.481,0.0001351503308213,8.659917709899299,6.0
2025-03-10 13:20:01.500,9.60941477404932e-05,-2.713340983886651,6.0
2025-03-10 13:20:01.520,6.490855930012756e-05,-12.216271352606364,6.0
2025-03-10 13:20:01.539,3.9065340890287006e-05,-19.717235259535872,6.0
2025-03-10 13:20:01.559,1.5301580057047033e-05,-25.30204085173641,6.0
2025-03-10 13:20:01.578,-9.767083364601683e-06,-29.22281056156224,6.0
2025-03-10 13:20:01.598,-3.910076427610793e-05,-31.832367286005045,6.0
2025-03-10 13:20:01.617,-7.482070400076997e-05,-33.51502466636759,6.0
2025-03-10 13:20:01.637,-0.0001179517397421,-34.62454678654634,6.0
2025-03-10 13:20:01.656,-0.0001683231713837,-35.438418201584064,6.0
2025-03-10 13:20:01.676,-0.0002246187941931,-36.13443326529838,6.0
2025-03-10 13:20:01.695,-0.0002845656722539,-36.79130305403296,6.0
2025-03-10 13:20:01.715,-0.0003452510098274,-37.41020378685444,6.0
2025-03-10 13:20:01.735,-0.0004035490176155,-37.94991756475827,6.0
2025-03-10 13:20:01.754,-0.000456620417067,-38.36541651549469,6.0
2025-03-10 13:20:01.774,-0.0005024178163243,-38.63914670759304,6.0
2025-03-10 13:20:01.793,-0.0005400992705421,-38.79616354708983,6.0
2025-03-10 13:20:01.813,-0.0005702342983841,-38.89836392443181,6.0
2025-03-10 13:20:01.832,-0.000594698316267,-39.01849283082568,6.0
2025-03-10 13:20:01.852,-0.0006162073841011,-39.20012722713593,6.0
2025-03-10 13:20:01.871,-0.0006375493764503,-39.414121586884775,6.0
2025-03-10 13:20:01.891,-0.0006606959853727,-39.52393105985951,6.0
2025-03-10 13:20:01.910,-0.0006860654527685,-39.271199185706166,6.0
2025-03-10 13:20:01.930,-0.000712177005593,-38.28906074683705,6.0
2025-03-10 13:20:01.949,-0.0007358008034184,-36.14452427461644,6.0
2025-03-10 13:20:01.969,-0.0007525514023339,-32.40442860108958,6.0
2025-03-10 13:20:01.988,-0.0007577678240178,-26.71353278295136,6.0
2025-03-10 13:20:02.008,-0.0007474682195707,-18.86993312035075,6.0
2025-03-10 13:20:02.028,-0.0007191557574679,-8.883198664514293,6.0
2025-03-10 13:20:02.047,-0.0006723054400202,2.9957163317632785,6.0
2025-03-10 13:20:02.067,-0.000608469189719,16.277815118108894,6.0
2025-03-10 13:20:02.086,-0.0005310392915036,30.271412986242577,6.0
2025-03-10 13:20:02.106,-0.0004447623781981,44.14334101965518,6.0
2025-03-10 13:20:02.125,-0.0003551027438889,56.997163908972965,6.0
2025-03-10 13:20:02.145,-0.0002675408744731,67.95901357430182,6.0
2025-03-10 13:20:02.164,-0.0001868846875484,76.26233327786012,6.0
2025-03-10 13:20:02.184,-0.0001166843157994,81.32379530292388,6.0
2025-03-10 13:20:02.203,-5.886232932653376e-05,82.8033434758602,6.0
2025-03-10 13:20:02.223,-1.3652388421692871e-05,80.64183934443483,6.0
2025-03-10 13:20:02.242,2.0147035804359357e-05,75.07079694513598,6.0
2025-03-10 13:20:02.262,4.471064688102476e-05,66.59088355557387,6.0
2025-03-10 13:20:02.281,6.268330572876631e-05,55.919515500184055,6.0
2025-03-10 13:20:02.301,7.677604005624525e-05,43.912533967897495,6.0
2025-03-10 13:20:02.321,8.952942752176932e-05,31.46951636580268,6.0
2025-03-10 13:20:02.340,0.0001032483161752,19.435488100434483,6.0
2025-03-10 13:20:02.360,0.0001200555379405,8.512736313894003,6.0
2025-03-10 13:20:02.379,0.0001419591574949,-0.8051139171812349,6.0
2025-03-10 13:20:02.399,0.000170814212059,-8.26815297810522,6.0
2025-03-10 13:20:02.418,0.0002081113406328,-13.870525239898722,6.0
2025-03-10 13:20:02.438,0.0002546056905234,-17.817409042214543,6.0
2025-03-10 13:20:02.457,0.0003098659547174,-20.46501263979847,6.0
2025-03-10 13:20:02.477,0.0003718767065258,-22.24420304876496,6.0
2025-03-10 13:20:02.496,0.000436868736514,-23.581135955001884,6.0
2025-03-10 13:20:02.516,0.0004995385396916,-24.828755191319917,6.0
2025-03-10 13:20:02.535,0.0005537173558636,-26.22080446523434,6.0
2025-03-10 13:20:02.555,0.0005933988659963,-27.85520745136072,6.0
2025-03-10 13:20:02.574,0.0006139000807885,-29.70725668594359,6.0
2025-03-10 13:20:02.594,0.0006128595219465,-31.666503421164045,6.0
2025-03-10 13:20:02.613,0.0005908010691937,-33.58618022397524,6.0
2025-03-10 13:20:02.633,0.0005511153187116,-35.33166579158803,6.0
2025-03-10 13:20:02.653,0.0004994829741355,-36.81544325404555,6.0
2025-03-10 13:20:02.672,0.0004429083809384,-38.009911369497885,6.0
2025-03-10 13:20:02.692,0.0003885984868164,-38.93530084869405,6.0
2025-03-10 13:20:02.711,0.0003429130306828,-39.62644282390092,6.0
2025-03-10 13:20:02.731,0.0003105487505377,-40.08777092012858,6.0
2025-03-10 13:20:02.750,0.0002940319421152,-40.24945403921815,6.0
2025-03-10 13:20:02.770,0.0002935152112856,-39.938110137336736,6.0
2025-03-10 13:20:02.789,0.0003068481323577,-38.87286605849826,6.0
2025-03-10 13:20:02.809,0.0003299270359282,-36.69201360592061,6.0
2025-03-10 13:20:02.828,0.0003573591398192,-33.00830263291012,6.0
2025-03-10 13:20:02.848,0.0003834122144135,-27.4837294360812,6.0
2025-03-10 13:20:02.867,0.0004030746088316,-19.90942559942608,6.0
2025-03-10 13:20:02.887,0.0004129429176346,-10.274400186249444,6.0
2025-03-10 13:20:02.906,0.0004116829620963,1.191100040172138,6.0
2025-03-10 13:20:02.926,0.0003999536709831,14.006730513957992,6.0
2025-03-10 13:20:02.946,0.0003798529541591,27.470227024133965,6.0
2025-03-10 13:20:02.965,0.0003540699005258,40.71890853063822,6.0
2025-03-10 13:20:02.985,0.0003249867165065,52.81609614011681,6.0
2025-03-10 13:20:03.004,0.0002939737433245,62.85126134589834,6.0
2025-03-10 13:20:03.024,0.0002610760028694,70.04153732452643,6.0
2025-03-10 13:20:03.043,0.0002252034134449,73.82214535856576,6.0
2025-03-10 13:20:03.063,0.0001847962754621,73.91408733955977,6.0
2025-03-10 13:20:03.082,0.000138753191004,70.3593694306968,6.0
2025-03-10 13:20:03.102,8.726272059705608e-05,63.51749532706383,6.0
2025-03-10 13:20:03.121,3.2187021973717945e-05,54.02213979103818,6.0
2025-03-10 13:20:03.141,-2.316498792416788e-05,42.70318902827301,6.0
2025-03-10 13:20:03.160,-7.477059280127811e-05,30.48537968306966,6.0
2025-03-10 13:20:03.180,-0.0001188413237956,18.27898376963553,6.0
2025-03-10 13:20:03.199,-0.0001526730139717,6.879183173977976,6.0
2025-03-10 13:20:03.219,-0.0001751900161353,-3.1113368910513537,6.0
2025-03-10 13:20:03.239,-0.0001871095202528,-11.32680069735052,6.0
2025-03-10 13:20:03.258,-0.0001907427035807,-17.64609801146968,6.0
2025-03-10 13:20:03.278,-0.0001894915022764,-22.16632438715593,6.0
2025-03-10 13:20:03.297,-0.0001871367092908,-25.149613031575587,6.0
2025-03-10 13:20:03.317,-0.0001870766723833,-26.9542191835124,6.0
2025-03-10 13:20:03.336,-0.0001917254416361,-27.96241223021402,6.0
2025-03-10 13:20:03.356,-0.0002022340785786,-28.517366363190025,6.0
2025-03-10 13:20:03.375,-0.0002185482846628,-28.878916570788174,6.0
2025-03-10 13:20:03.395,-0.0002396617414289,-29.20398317346416,6.0
2025-03-10 13:20:03.414,-0.000263889502438,-29.552269840942238,6.0
2025-03-10 13:20:03.434,-0.0002890829073396,-29.912510043891817,6.0
2025-03-10 13:20:03.453,-0.0003128296505953,-30.240257842030744,6.0
2025-03-10 13:20:03.473,-0.0003327194890726,-30.496006290611597,6.0
2025-03-10 13:20:03.492,-0.0003466948051169,-30.672817132414817,6.0
2025-03-10 13:20:03.512,-0.0003534169949282,-30.805588050955325,6.0
2025-03-10 13:20:03.531,-0.0003525396482749,-30.958912301301574,6.0
2025-03-10 13:20:03.551,-0.0003448057698938,-31.19613709040697,6.0
2025-03-10 13:20:03.571,-0.0003319439405655,-31.537467630498583,6.0
2025-03-10 13:20:03.590,-0.0003163882397325,-31.918599526747972,6.0
2025-03-10 13:20:03.610,-0.0003008751183907,-32.16243245711235,6.0
2025-03-10 13:20:03.629,-0.0002879812996043,-31.974415077515477,6.0
2025-03-10 13:20:03.649,-0.0002796682046852,-30.967164992997173,6.0
2025-03-10 13:20:03.668,-0.0002768964044449,-28.713171959329703,6.0
2025-03-10 13:20:03.688,-0.0002793703658414,-24.81729585352637,6.0
2025-03-10 13:20:03.707,-0.0002854673665123,-18.995363553454307,6.0
2025-03-10 13:20:03.727,-0.0002923901811603,-11.143044103327934,6.0
2025-03-10 13:20:03.746,-0.000296556136425,-1.3809669118771593,6.0
2025-03-10 13:20:03.766,-0.0002941934600865,9.93286562838636,6.0
2025-03-10 13:20:03.785,-0.0002820632467248,22.22553875198661,6.0
2025-03-10 13:20:03.805,-0.0002581726077047,34.76220770179585,6.0
2025-03-10 13:20:03.824,-0.0002223088682781,46.72055786703024,6.0
2025-03-10 13:20:03.844,-0.0001762266524488,57.27552219548757,6.0
2025-03-10 13:20:03.864,-0.0001233783253552,65.68315065004616,6.0
2025-03-10 13:20:03.883,-6.820170200591017e-05,71.35414339606503,6.0
2025-03-10 13:20:03.903,-1.5145116527908337e-05,73.90981014412847,6.0
2025-03-10 13:20:03.922,3.225244579098609e-05,73.21552458014646,6.0
2025-03-10 13:20:03.942,7.189406741621551e-05,69.38894257863,6.0
2025-03-10 13:20:03.961,0.0001030848387119,62.78249514444707,6.0
2025-03-10 13:20:03.981,0.0001259735277789,53.94215178911091,6.0
2025-03-10 13:20:04.000,0.0001407438527552,43.54714051704292,6.0
2025-03-10 13:20:04.020,0.0001469203472989,32.33780687127653,6.0
2025-03-10 13:20:04.039,0.0001431061604839,21.040484294715405,6.0
2025-03-10 13:20:04.059,0.000127297477428,10.298630352394625,6.0
2025-03-10 13:20:04.078,9.768276392992316e-05,0.6184140894033305,6.0
2025-03-10 13:20:04.098,5.363187159446167e-05,-7.665349368381354,6.0
2025-03-10 13:20:04.117,-3.497222168531053e-06,-14.40007308808402,6.0
2025-03-10 13:20:04.137,-7.002949809821311e-05,-19.603551807000933,6.0
2025-03-10 13:20:04.156,-0.0001402397659133,-23.43300796738133,6.0
2025-03-10 13:20:04.176,-0.0002071492567512,-26.14124853241443,6.0
2025-03-10 13:20:04.196,-0.0002636688458017,-28.027838846377453,6.0
2025-03-10 13:20:04.215,-0.0003038665685899,-29.39355724017724,6.0
2025-03-10 13:20:04.235,-0.0003241369703693,-30.505108220694797,6.0
2025-03-10 13:20:04.254,-0.0003240541777609,-31.57417801728197,6.0
2025-03-10 13:20:04.274,-0.0003066995446523,-32.750980186271,6.0
2025-03-10 13:20:04.293,-0.0002782931798788,-34.12851538894049,6.0
2025-03-10 13:20:04.313,-0.0002470557503715,-35.75109385908364,6.0
2025-03-10 13:20:04.332,-0.0002213984646196,-37.62020237640094,6.0
2025-03-10 13:20:04.352,-0.000207763365881,-39.692828370259306,6.0
2025-03-10 13:20:04.371,-0.0002086323805671,-41.87133530488617,6.0
2025-03-10 13:20:04.391,-0.0002212793449283,-43.9886649616258,6.0
2025-03-10 13:20:04.410,-0.0002376946969206,-45.79643480870888,6.0
2025-03-10 13:20:04.430,-0.00024581585843,-46.96495753568564,6.0
2025-03-10 13:20:04.449,-0.000231860876952,-47.10250976609177,6.0
2025-03-10 13:20:04.469,-0.0001832905302284,-45.79645771029063,6.0
2025-03-10 13:20:04.489,-9.177668797282116e-05,-42.67230440922594,6.0
2025-03-10 13:20:04.508,4.444525659601113e-05,-37.46035144485743,6.0
2025-03-10 13:20:04.528,0.0002193378011528,-30.055657733820368,6.0
2025-03-10 13:20:04.547,0.0004192370966355,-20.556914924018898,6.0
2025-03-10 13:20:04.567,0.000624503178963,-9.27405779365696,6.0
2025-03-10 13:20:04.586,0.0008124302579889,3.2982573979216943,6.0
2025-03-10 13:20:04.606,0.0009609385615821,16.535950988008548,6.0
2025-03-10 13:20:04.625,0.0010523891079045,29.75757619483737,6.0
2025-03-10 13:20:04.645,0.0010767943874597,42.29789522077255,6.0
2025-03-10 13:20:04.664,0.0010337349386569,53.5686942915788,6.0
2025-03-10 13:20:04.684,0.0009324734060395,63.09716838455186,6.0
2025-03-10 13:20:04.703,0.0007901300885488,70.53897460449363,6.0
2025-03-10 13:20:04.723,0.0006282809431653,75.66999850112578,6.0
2025-03-10 13:20:04.742,0.0004687892098285,78.36606191600644,6.0
2025-03-10 13:20:04.762,0.0003299174191029,78.5817984015373,6.0
2025-03-10 13:20:04.782,0.000223675778309,76.3382072208947,6.0
2025-03-10 13:20:04.801,0.0001549292592391,71.72357020602259,6.0
2025-03-10 13:20:04.821,0.0001221652145538,64.90612023147493,6.0
2025-03-10 13:20:04.840,0.0001193081340785,56.15127259138529,6.0
2025-03-10 13:20:04.860,0.0001377846028496,45.83330189422854,6.0
2025-03-10 13:20:04.879,0.0001682028726147,34.432001817020776,6.0
2025-03-10 13:20:04.899,0.0002013710209803,22.508750050493997,6.0
2025-03-10 13:20:04.918,0.0002287596983275,10.662139451392587,6.0
2025-03-10 13:20:04.938,0.0002427744409351,-0.5308718282759037,6.0
2025-03-10 13:20:04.957,0.0002372307360119,-10.578105127107674,6.0
2025-03-10 13:20:04.977,0.0002081962226341,-19.12775437658106,6.0
2025-03-10 13:20:04.996,0.0001549973916199,-26.00576695375656,6.0
2025-03-10 13:20:05.016,8.091520444029952e-05,-31.22796692729514,6.0
2025-03-10 13:20:05.035,-6.896520615463176e-06,-34.98495907172303,6.0
2025-03-10 13:20:05.055,-9.844971093696436e-05,-37.6031183413096,6.0
2025-03-10 13:20:05.074,-0.0001827252820201,-39.489112284177125,6.0
2025-03-10 13:20:05.094,-0.0002498039679352,-41.06746767011802,6.0
2025-03-10 13:20:05.114,-0.0002928402747869,-42.72039784034173,6.0
2025-03-10 13:20:05.133,-0.000309465749905,-44.73695703992768,6.0
2025-03-10 13:20:05.153,-0.0003023121915641,-47.27565104480888,6.0
2025-03-10 13:20:05.172,-0.0002784927477935,-50.342081812928,6.0
2025-03-10 13:20:05.192,-0.0002480994237175,-53.78182139778461,6.0
2025-03-10 13:20:05.211,-0.0002220241828956,-57.28858104077854,6.0
2025-03-10 13:20:05.231,-0.0002095977536539,-60.42823713583934,6.0
2025-03-10 13:20:05.250,-0.0002166006973534,-62.679357982858704,6.0
2025-03-10 13:20:05.270,-0.000244112411671,-63.48960697160822,6.0
2025-03-10 13:20:05.289,-0.0002884479525298,-62.34445897872326,6.0
2025-03-10 13:20:05.309,-0.0003421529724638,-58.8406503924731,6.0
2025-03-10 13:20:05.328,-0.0003957612907514,-52.753115883434674,6.0
2025-03-10 13:20:05.348,-0.0004398410376821,-44.0825960657911,6.0
2025-03-10 13:20:05.367,-0.0004668153551093,-33.072901034886854,6.0
2025-03-10 13:20:05.387,-0.0004721480210004,-20.19208091497995,6.0
2025-03-10 13:20:05.407,-0.0004546952093582,-6.079235803712156,6.0
2025-03-10 13:20:05.426,-0.0004162760545865,8.533724991261856,6.0
2025-03-10 13:20:05.446,-0.0003607255188747,22.910533672495458,6.0
2025-03-10 13:20:05.465,-0.0002927972543601,36.39231963223394,6.0
2025-03-10 13:20:05.485,-0.0002172580935184,48.45755902280703,6.0
2025-03-10 13:20:05.504,-0.0001383809015002,58.75025105045682,6.0
2025-03-10 13:20:05.524,-5.98632119182191e-05,67.07371361821033,6.0
2025-03-10 13:20:05.543,1.4945766957249724e-05,73.35541115926586,6.0
2025-03-10 13:20:05.563,8.269926576396323e-05,77.59510769356193,6.0
2025-03-10 13:20:05.582,0.0001397855206808,79.81261284601595,6.0
2025-03-10 13:20:05.602,0.0001822948906236,80.01115889607101,6.0
2025-03-10 13:20:05.621,0.0002063020433371,78.16768760445879,6.0
2025-03-10 13:20:05.641,0.0002084591234678,74.25305101615955,6.0
2025-03-10 13:20:05.660,0.0001868168570519,68.27563304400947,6.0
2025-03-10 13:20:05.680,0.0001417111136495,60.33411303572559,6.0
2025-03-10 13:20:05.700,7.647615846027915e-05,50.66155964612325,6.0
2025-03-10 13:20:05.719,-2.294906157070116e-06,39.64492818930697,6.0
2025-03-10 13:20:05.739,-8.518287670988024e-05,27.810683056353746,6.0
2025-03-10 13:20:05.758,-0.0001611606941092,15.77651425327992,6.0
2025-03-10 13:20:05.778,-0.0002194474334668,4.178151856161115,6.0
2025-03-10 13:20:05.797,-0.0002515937546609,-6.413386511045235,6.0
2025-03-10 13:20:05.817,-0.0002532503684058,-15.566635053339867,6.0
2025-03-10 13:20:05.836,-0.000225116795425,-23.04138654984183,6.0
2025-03-10 13:20:05.856,-0.0001727834939416,-28.807788968998157,6.0
2025-03-10 13:20:05.875,-0.0001054840866311,-33.0308667161452,6.0
2025-03-10 13:20:05.895,-3.407910513633962e-05,-36.02576740228609,6.0
2025-03-10 13:20:05.914,3.118981152004492e-05,-38.19426573599701,6.0
2025-03-10 13:20:05.934,8.259178669328004e-05,-39.95517001613453,6.0
2025-03-10 13:20:05.953,0.0001160137689989,-41.68018130326343,6.0
2025-03-10 13:20:05.973,0.0001311252357019,-43.64331465549033,6.0
2025-03-10 13:20:05.992,0.0001307140377846,-45.9876760461869,6.0
2025-03-10 13:20:06.012,0.000119489020558,-48.70971979453872,6.0
2025-03-10 13:20:06.032,0.0001027132701742,-51.659099648333815,6.0
2025-03-10 13:20:06.051,8.500106476333714e-05,-54.55201935728539,6.0
2025-03-10 13:20:06.071,6.951370154802975e-05,-56.99688806095917,6.0
2025-03-10 13:20:06.090,5.766048148473055e-05,-58.53192507648496,6.0
2025-03-10 13:20:06.110,4.928385234737241e-05,-58.67405896267044,6.0
2025-03-10 13:20:06.129,4.320621827328576e-05,-56.97655170143038,6.0
2025-03-10 13:20:06.149,3.795421043237746e-05,-53.0896698406104,6.0
2025-03-10 13:20:06.168,3.245873121728313e-05,-46.815672003725375,6.0
2025-03-10 13:20:06.188,2.6552779302606373e-05,-38.147998474116434,6.0
2025-03-10 13:20:06.207,2.114575810802357e-05,-27.28605003944335,6.0
2025-03-10 13:20:06.227,1.803134012841264e-05,-14.6214563218304,6.0
2025-03-10 13:20:06.246,1.9372790258131794e-05,-0.6980696067323424,6.0
2025-03-10 13:20:06.266,2.6990536584457047e-05,13.845994136301236,6.0
2025-03-10 13:20:06.285,4.1636729874876174e-05,28.342177571440207,6.0
2025-03-10 13:20:06.305,6.246608682400676e-05,42.14882365741978,6.0
2025-03-10 13:20:06.325,8.688953094350048e-05,54.69286479187237,6.0
2025-03-10 13:20:06.344,0.0001109205715776,65.49208362473985,6.0
2025-03-10 13:20:06.364,0.0001299964379581,74.16001579599377,6.0
2025-03-10 13:20:06.383,0.0001400937769582,80.40013484376802,6.0
2025-03-10 13:20:06.403,0.0001388083368521,83.99803708363287,6.0
2025-03-10 13:20:06.422,0.0001260148782538,84.8194571589967,6.0
2025-03-10 13:20:06.442,0.0001038470452322,82.81842983287781,6.0
2025-03-10 13:20:06.461,7.60108289901464e-05,78.05485536690749,6.0
2025-03-10 13:20:06.481,4.671452630055448e-05,70.71572042494114,6.0
2025-03-10 13:20:06.500,1.9608788616129992e-05,61.13092920246775,6.0
2025-03-10 13:20:06.520,-2.940674910923465e-06,49.77427579787245,6.0
2025-03-10 13:20:06.539,-2.0093798641725536e-05,37.24279934463944,6.0
2025-03-10 13:20:06.559,-3.231169528193726e-05,24.212873846546977,6.0
2025-03-10 13:20:06.578,-4.081925181616536e-05,11.377433446642224,6.0
2025-03-10 13:20:06.598,-4.697237423403762e-05,-0.6259734540449315,6.0
2025-03-10 13:20:06.617,-5.1743724154973713e-05,-11.283491366655676,6.0
2025-03-10 13:20:06.637,-5.547664358074998e-05,-20.256679339046357,6.0
2025-03-10 13:20:06.657,-5.7950429305239537e-05,-27.40760972919211,6.0
2025-03-10 13:20:06.676,-5.867793525608709e-05,-32.79264184551613,6.0
2025-03-10 13:20:06.696,-5.726117528368343e-05,-36.62675163208053,6.0
2025-03-10 13:20:06.715,-5.361868547281022e-05,-39.22659311631923,6.0
2025-03-10 13:20:06.735,-4.799564099078005e-05,-40.94487602253181,6.0
2025-03-10 13:20:06.754,-4.08160654973324e-05,-42.10992891312662,6.0
2025-03-10 13:20:06.774,-3.252853462278972e-05,-42.98203901451732,6.0
2025-03-10 13:20:06.793,-2.3576696802532316e-05,-43.73292965682735,6.0
2025-03-10 13:20:06.813,-1.4523131661154298e-05,-44.44808953896627,6.0
2025-03-10 13:20:06.832,-6.2327408463363074e-06,-45.14557136653839,6.0
2025-03-10 13:20:06.852,5.877694644175174e-08,-45.8010940473359,6.0
2025-03-10 13:20:06.871,2.947115306877126e-06,-46.36884286632209,6.0
2025-03-10 13:20:06.891,1.3507507697461457e-06,-46.790275704356524,6.0
2025-03-10 13:20:06.910,-4.876488755479808e-06,-46.98851663334011,6.0
2025-03-10 13:20:06.930,-1.4494264611197988e-05,-46.85186744497447,6.0
2025-03-10 13:20:06.950,-2.4841413649704646e-05,-46.21472375298211,6.0
2025-03-10 13:20:06.969,-3.2324560175175266e-05,-44.8462350598417,6.0
2025-03-10 13:20:06.989,-3.3325426724984284e-05,-42.455696545483214,6.0
2025-03-10 13:20:07.008,-2.522455118946885e-05,-38.71925379298976,6.0
2025-03-10 13:20:07.028,-7.14853564992557e-06,-33.32638064647752,6.0
2025-03-10 13:20:07.047,1.985293858764332e-05,-26.03868606242991,6.0
2025-03-10 13:20:07.067,5.323236126235428e-05,-16.749769431527383,6.0
2025-03-10 13:20:07.086,8.973749901558275e-05,-5.534142661728295,6.0
2025-03-10 13:20:07.106,0.0001262240994873,7.324441825343888,6.0
2025-03-10 13:20:07.125,0.0001602043775496,21.330724038917307,6.0
2025-03-10 13:20:07.145,0.0001900071627238,35.802690778869646,6.0
2025-03-10 13:20:07.164,0.0002145894992143,49.92070381448357,6.0
2025-03-10 13:20:07.184,0.0002331556192587,62.7960244646593,6.0
2025-03-10 13:20:07.203,0.0002447867481237,73.5523062919108,6.0
2025-03-10 13:20:07.223,0.0002482624585755,81.41238686033917,6.0
2025-03-10 13:20:07.243,0.000242174599501,85.78135093713372,6.0
2025-03-10 13:20:07.262,0.0002253233232697,86.31569615251003,6.0
2025-03-10 13:20:07.282,0.0001972738421176,82.96837009402638,6.0
2025-03-10 13:20:07.301,0.0001588764043304,76.00135347592268,6.0
2025-03-10 13:20:07.321,0.0001125403363486,65.9616506793102,6.0
2025-03-10 13:20:07.340,6.212213563751026e-05,53.6223942957596,6.0
2025-03-10 13:20:07.360,1.242155620739964e-05,39.89684944006062,6.0
2025-03-10 13:20:07.379,-3.158563461129034e-05,25.73777649267562,6.0
2025-03-10 13:20:07.399,-6.559001842088083e-05,12.036726294615203,6.0
2025-03-10 13:20:07.418,-8.670052902335474e-05,-0.4628506967533283,6.0
2025-03-10 13:20:07.438,-9.397880706428673e-05,-11.227738281139814,6.0
2025-03-10 13:20:07.457,-8.864385776644031e-05,-19.965651702996663,6.0
2025-03-10 13:20:07.477,-7.386392258053056e-05,-26.622574583699212,6.0
2025-03-10 13:20:07.496,-5.413179795182357e-05,-31.34949337458938,6.0
2025-03-10 13:20:07.516,-3.4332294981781266e-05,-34.445502102267035,6.0
2025-03-10 13:20:07.535,-1.871540106436404e-05,-36.28759641502201,6.0
2025-03-10 13:20:07.555,-1.0046446687592483e-05,-37.2594208737858,6.0
2025-03-10 13:20:07.575,-9.171712657466384e-06,-37.69118520437392,6.0
2025-03-10 13:20:07.594,-1.5098257760435798e-05,-37.82055169617584,6.0
2025-03-10 13:20:07.614,-2.550126277818821e-05,-37.779703108724426,6.0
2025-03-10 13:20:07.633,-3.7446343837355527e-05,-37.60792491235957,6.0
2025-03-10 13:20:07.653,-4.8100421801168805e-05,-37.28329892815598,6.0
2025-03-10 13:20:07.672,-5.527177055919917e-05,-36.76299789731273,6.0
2025-03-10 13:20:07.692,-5.771019851449744e-05,-36.02025237819556,6.0
2025-03-10 13:20:07.711,-5.5174850189447005e-05,-35.06763706756202,6.0
2025-03-10 13:20:07.731,-4.832500244811579e-05,-33.960387310969246,6.0
2025-03-10 13:20:07.750,-3.8506119210876576e-05,-32.778895416339275,6.0
2025-03-10 13:20:07.770,-2.7495121177766935e-05,-31.595001654799912,6.0
2025-03-10 13:20:07.789,-1.7246225292238174e-05,-30.43097859834458,6.0
2025-03-10 13:20:07.809,-9.65412770908374e-06,-29.222371590639813,6.0
2025-03-10 13:20:07.828,-6.334977300287705e-06,-27.79569655389274,6.0
2025-03-10 13:20:07.848,-8.42304340418223e-06,-25.86942576874459,6.0
2025-03-10 13:20:07.868,-1.639175123391922e-05,-23.08214316464437,6.0
2025-03-10 13:20:07.887,-2.992559983271229e-05,-19.046050774292173,6.0
2025-03-10 13:20:07.907,-4.788406535037671e-05,-13.418306443033988,6.0
2025-03-10 13:20:07.926,-6.839835033819051e-05,-5.978237453952718,6.0
2025-03-10 13:20:07.946,-8.911739502025377e-05,3.3036498261041047,6.0
2025-03-10 13:20:07.965,-0.0001075699135968,14.218287966175762,6.0
2025-03-10 13:20:07.985,-0.0001215546695769,26.302531397712045,6.0
2025-03-10 13:20:08.004,-0.0001294558652137,38.86082870201019,6.0
2025-03-10 13:20:08.024,-0.0001304297836941,51.02375869838888,6.0
2025-03-10 13:20:08.043,-0.000124479138579,61.83755367827469,6.0
2025-03-10 13:20:08.063,-0.0001124531879405,70.37384184413004,6.0
2025-03-10 13:20:08.082,-9.598687755793243e-05,75.84502856383618,6.0
2025-03-10 13:20:08.102,-7.738229784853446e-05,77.70852725599566,6.0
2025-03-10 13:20:08.121,-5.945049085602909e-05,75.74317208283315,6.0
2025-03-10 13:20:08.141,-4.531800996996083e-05,70.08426957684081,6.0
2025-03-10 13:20:08.161,-3.815061799986629e-05,61.209970757316334,6.0
2025-03-10 13:20:08.180,-4.072995863446351e-05,49.88005749122537,6.0
2025-03-10 13:20:08.200,-5.490004987363584e-05,37.03696272848633,6.0
2025-03-10 13:20:08.219,-8.103345822224874e-05,23.685652163622507,6.0
2025-03-10 13:20:08.239,-0.0001177361929456,10.772161327885271,6.0
2025-03-10 13:20:08.258,-0.0001619477961213,-0.920456920740554,6.0
2025-03-10 13:20:08.278,-0.0002094343897854,-10.844562348046043,6.0
2025-03-10 13:20:08.297,-0.0002555205708201,-18.72104286534977,6.0
2025-03-10 13:20:08.317,-0.0002958531385113,-24.532274428009945,6.0
2025-03-10 13:20:08.336,-0.0003270383333183,-28.48007073790286,6.0
2025-03-10 13:20:08.356,-0.0003470652427998,-30.918313340641188,6.0
2025-03-10 13:20:08.375,-0.0003554680918963,-32.27286552768344,6.0
2025-03-10 13:20:08.395,-0.000353212387019,-32.962513727493416,
2025-03-10 13:20:08.414,-0.0003423421495601,-33.33383017951562,
2025-03-10 13:20:08.434,-0.0003254793200669,-33.61988094732843,
2025-03-10 13:20:08.453,-0.0003052919345168,-33.92786514818136,
2025-03-10 13:20:08.473,-0.0002840384693402,-34.25486562885456,
2025-03-10 13:20:08.493,-0.0002632630137775,-34.525158984423086,
2025-03-10 13:20:08.512,-0.0002436739334047,-34.638299094244786,
2025-03-10 13:20:08.532,-0.000225199007029,-34.515437587341424,
2025-03-10 13:20:08.551,-0.0002071799536507,-34.132423210841296,
2025-03-10 13:20:08.571,-0.0001886517117953,-33.531783363973055,
2025-03-10 13:20:08.590,-0.0001686462080241,-32.810862014104536,
2025-03-10 13:20:08.610,-0.0001464640853916,-32.089034280259995,
2025-03-10 13:20:08.629,-0.0001218679126514,-31.461885712520925,
2025-03-10 13:20:08.649,-9.516434675952876e-05,-30.953544043973825,
2025-03-10 13:20:08.668,-6.715923552936092e-05,-30.479300476325257,
2025-03-10 13:20:08.688,-3.898822470972873e-05,-29.82899896379269,
2025-03-10 13:20:08.707,-1.1845679826729273e-05,-28.67765338465141,
2025-03-10 13:20:08.727,1.3344545143358695e-05,-26.62413969394788,
2025-03-10 13:20:08.746,3.625443612082851e-05,-23.25279100563825,
2025-03-10 13:20:08.766,5.739912853380088e-05,-18.207673530895885,
2025-03-10 13:20:08.786,7.823168695685874e-05,-11.266443052385698,
2025-03-10 13:20:08.805,0.0001010268210467,-2.40061501936377,
2025-03-10 13:20:08.825,0.0001285296460307,8.188336195404688,
2025-03-10 13:20:08.844,0.0001633968332548,20.063296544532065,
2025-03-10 13:20:08.864,0.0002075175678821,32.57764729110755,
2025-03-10 13:20:08.883,0.000261357098736,44.93031021972151,
2025-03-10 13:20:08.903,0.0003234986387151,56.24353433507058,
2025-03-10 13:20:08.922,0.0003905515634087,65.65492455865251,
2025-03-10 13:20:08.942,0.0004575310989922,72.41345482376322,
2025-03-10 13:20:08.961,0.000518695349296,75.96789136538568,
2025-03-10 13:20:08.981,0.0005686756532639,76.0355584757651,
2025-03-10 13:20:09.000,0.0006036164302743,72.64048392177239,
2025-03-10 13:20:09.020,0.0006220136926872,66.1133452743225,
2025-03-10 13:20:09.039,0.0006250213207974,57.05129874873424,
2025-03-10 13:20:09.059,0.000616142788315,46.24272086390429,
2025-03-10 13:20:09.079,0.0006003947649109,34.56839647551166,
2025-03-10 13:20:09.098,0.0005831761278827,22.894948010782585,
2025-03-10 13:20:09.118,0.0005691532139301,11.977199593723908,
2025-03-10 13:20:09.137,0.0005614420757873,2.3836621282401187,
2025-03-10 13:20:09.157,0.0005612459609825,-5.545658938076075,
2025-03-10 13:20:09.176,0.0005679549043464,-11.705979594689552,
2025-03-10 13:20:09.196,0.0005795954709205,-16.20161220653582,
2025-03-10 13:20:09.215,0.000593458711342,-19.294279102010336,
2025-03-10 13:20:09.235,0.0006067314729607,-21.336219309850204,
2025-03-10 13:20:09.254,0.0006169953861629,-22.69980766918167,
2025-03-10 13:20:09.274,0.0006225193529138,-23.715039286103547,
2025-03-10 13:20:09.293,0.000622335756723,-24.624201442912305,
2025-03-10 13:20:09.313,0.0006161425626872,-25.55960342775468,
2025-03-10 13:20:09.332,0.0006041038646234,-26.54587829848548,
2025-03-10 13:20:09.352,0.0005866277679624,-27.523871783538038,
2025-03-10 13:20:09.371,0.0005641859792608,-28.38933378991501,
2025-03-10 13:20:09.391,0.0005372112563439,-29.03722469522685,
2025-03-10 13:20:09.411,0.0005060759547893,-29.401825321776816,
2025-03-10 13:20:09.430,0.0004711261135763,-29.484011816695915,
2025-03-10 13:20:09.450,0.0004327278520326,-29.359727898330792,
2025-03-10 13:20:09.469,0.0003912803170093,-29.167354098512966,
2025-03-10 13:20:09.489,0.0003471624676984,-29.07572829650037,
2025-03-10 13:20:09.508,0.000300606462404,-29.23838961602863,
2025-03-10 13:20:09.528,0.0002515220849773,-29.742639375330302,
2025-03-10 13:20:09.547,0.0001993262425933,-30.563785006910024,
2025-03-10 13:20:09.567,0.0001428502517188,-31.53509874672773,
2025-03-10 13:20:09.586,8.039784378915847e-05,-32.34232739487213,
2025-03-10 13:20:09.606,1.0004196105261014e-05,-32.54797512320253,
2025-03-10 13:20:09.625,-7.009866854211184e-05,-31.6453564312116,
2025-03-10 13:20:09.645,-0.0001608656787067,-29.136382944588004,
2025-03-10 13:20:09.664,-0.0002617919642874,-24.621455498974857,
2025-03-10 13:20:09.684,-0.0003704079213219,-17.886089152031513,
2025-03-10 13:20:09.704,-0.0004821105136029,-8.96809870557728,
2025-03-10 13:20:09.723,-0.0005905030784681,1.808338000269531,
2025-03-10 13:20:09.743,-0.0006883435495037,13.840191736314182,
2025-03-10 13:20:09.762,-0.0007690821592155,26.29634210001985,
2025-03-10 13:20:09.782,-0.0008288096184643,38.20627524085653,
2025-03-10 13:20:09.801,-0.0008682398125162,48.57530114064736,
2025-03-10 13:20:09.821,-0.0008941567354598,56.51034411605091,
2025-03-10 13:20:09.840,-0.0009196757835989,61.3378774235881,
2025-03-10 13:20:09.860,-0.0009628257555283,62.69558024110568,
2025-03-10 13:20:09.879,-0.0010433486958055,60.58222701903952,
2025-03-10 13:20:09.899,-0.0011780978232475,55.35630224646024,
2025-03-10 13:20:09.918,-0.0013758340845554,47.68226606557164,
2025-03-10 13:20:09.938,-0.0016325068044179,38.43276719670536,
2025-03-10 13:20:09.957,-0.0019282273548072,28.56329249964081,
2025-03-10 13:20:09.977,-0.0022270602726326,18.98072396469221,
2025-03-10 13:20:09.996,-0.0024804003944228,10.427822650985654,
2025-03-10 13:20:10.016,-0.0026340504880816,3.4017751883919294,
2025-03-10 13:20:10.036,-0.0026382190030369,-1.8822391740589437,
2025-03-10 13:20:10.055,-0.0024586852723366,-5.48018729255033,
2025-03-10 13:20:10.075,-0.002086591758495,-7.667113047587481,
2025-03-10 13:20:10.094,-0.0015440410445196,-8.856521216342538,
2025-03-10 13:20:10.114,-0.0008832066140753,-9.507710237740405,
2025-03-10 13:20:10.133,-0.000178171428144,-10.038210188734034,
2025-03-10 13:20:10.153,0.0004890445200643,-10.756066825107828,
2025-03-10 13:20:10.172,0.0010446506779738,-11.821850924050988,
2025-03-10 13:20:10.192,0.0014369091462454,-13.24401098002645,
2025-03-10 13:20:10.211,0.001643980716861,-14.904770832172836,
2025-03-10 13:20:10.231,0.0016743692678026,-16.608397411900327,
2025-03-10 13:20:10.250,0.0015609007791587,-18.140245678638664,
2025-03-10 13:20:10.270,0.0013507613777755,-19.323981689849557,
2025-03-10 13:20:10.289,0.0010946088742097,-20.06570168886772,
2025-03-10 13:20:10.309,0.0008373158058402,-20.376770385275066,
2025-03-10 13:20:10.329,0.0006119038406437,-20.371348350795884,
2025-03-10 13:20:10.348,0.0004371259553713,-20.23904813288117,
2025-03-10 13:20:10.368,0.0003182463620142,-20.19739314272399,
2025-03-10 13:20:10.387,0.0002500053852971,-20.43234867999944,
2025-03-10 13:20:10.407,0.0002205744594274,-21.037809675743844,
2025-03-10 13:20:10.426,0.0002154495620625,-21.96619475813197,
2025-03-10 13:20:10.446,0.0002205777326998,-23.001790670646304,
2025-03-10 13:20:10.465,0.0002244190244351,-23.76584576641244,
2025-03-10 13:20:10.485,0.0002189854277085,-23.75753836022813,
2025-03-10 13:20:10.504,0.0002000904400426,-22.42830142444496,
2025-03-10 13:20:10.524,0.0001670904730454,-19.279688418069743,
2025-03-10 13:20:10.543,0.0001223509655626,-13.968638636249374,
2025-03-10 13:20:10.563,7.057624085082195e-05,-6.400348334525649,
2025-03-10 13:20:10.582,1.805244683933253e-05,3.210780276051235,
2025-03-10 13:20:10.602,-2.819862683929432e-05,14.327126702447243,
2025-03-10 13:20:10.622,-6.137375429243466e-05,26.127779381711942,
2025-03-10 13:20:10.641,-7.595437127048233e-05,37.59951134307631,
2025-03-10 13:20:10.661,-6.881248800105712e-05,47.66614810003564,
2025-03-10 13:20:10.680,-4.0144553793984405e-05,55.33595128897774,
2025-03-10 13:20:10.700,6.098493917593657e-06,59.84245343071159,
2025-03-10 13:20:10.719,6.259368999487385e-05,60.754415541755606,
2025-03-10 13:20:10.739,0.0001199272634407,58.03543497878313,
2025-03-10 13:20:10.758,0.0001685152980523,52.042574528385394,
2025-03-10 13:20:10.778,0.0002006212261226,43.46465989108283,
2025-03-10 13:20:10.797,0.0002118777232062,33.21225567530374,
2025-03-10 13:20:10.817,0.0002019244190601,22.280166707491308,
2025-03-10 13:20:10.836,0.0001740958278358,11.60754978063286,
2025-03-10 13:20:10.856,0.0001343734628254,1.959547360735472,
2025-03-10 13:20:10.875,8.996594732747369e-05,-6.151558680184052,
2025-03-10 13:20:10.895,4.789601176855743e-05,-12.49654061823006,
2025-03-10 13:20:10.914,1.3889827408763454e-05,-17.111251211930025,
2025-03-10 13:20:10.934,-8.269756894123998e-06,-20.23938027230472,
2025-03-10 13:20:10.954,-1.690366296736998e-05,-22.25069471612356,
2025-03-10 13:20:10.973,-1.2198864232667436e-05,-23.5521543727588,
2025-03-10 13:20:10.993,4.275879525899606e-06,-24.50865340459216,
2025-03-10 13:20:11.012,3.0135967151317924e-05,-25.38661429900796,
2025-03-10 13:20:11.032,6.269163713749344e-05,-26.32803785940258,
2025-03-10 13:20:11.051,9.931918891961108e-05,-27.355975695661023,
2025-03-10 13:20:11.071,0.0001376678376734,-28.405997680489865,
2025-03-10 13:20:11.090,0.0001757275393758,-29.37327940115918,
2025-03-10 13:20:11.110,0.0002118146301723,-30.16234663096597,
2025-03-10 13:20:11.129,0.0002445425241064,-30.72672476724884,
2025-03-10 13:20:11.149,0.0002728386247858,-31.0886326247164,
2025-03-10 13:20:11.168,0.0002960530652945,-31.33378962204292,
2025-03-10 13:20:11.188,0.0003141761362978,-31.58234840919564,
2025-03-10 13:20:11.207,0.0003281199457278,-31.9427173241827,
2025-03-10 13:20:11.227,0.000339929182438,-32.45943065447493,
2025-03-10 13:20:11.247,0.0003527357471374,-33.06832090343244,
2025-03-10 13:20:11.266,0.0003703465591408,-33.5714925128138,
2025-03-10 13:20:11.286,0.0003965330829709,-33.6409395577702,
2025-03-10 13:20:11.305,0.0004342446314214,-32.853632198467125,
2025-03-10 13:20:11.325,0.0004849899387479,-30.753694201148683,
2025-03-10 13:20:11.344,0.000548536887098,-26.930610262172696,
2025-03-10 13:20:11.364,0.0006229537942305,-21.098090492561955,
2025-03-10 13:20:11.383,0.000704923439804,-13.15765784026613,
2025-03-10 13:20:11.403,0.0007902215019523,-3.2344979443047226,
2025-03-10 13:20:11.422,0.0008742541868715,8.32042756238645,
2025-03-10 13:20:11.442,0.0009525763182794,20.960588039852805,
2025-03-10 13:20:11.461,0.0010213419641831,33.99884324319652,
2025-03-10 13:20:11.481,0.001077661365107,46.676243748551926,
2025-03-10 13:20:11.500,0.0011198458577697,58.23359899743423,
2025-03-10 13:20:11.520,0.0011475213839404,67.97700556568338,
2025-03-10 13:20:11.540,0.001161593006162,75.33183327341021,
2025-03-10 13:20:11.559,0.0011640598460051,79.8826496999533,
2025-03-10 13:20:11.579,0.0011577087179175,81.3984251306661,
2025-03-10 13:20:11.598,0.0011457297932547,79.84306138607958,
2025-03-10 13:20:11.618,0.0011312854555999,75.37137776764337,
2025-03-10 13:20:11.637,0.001117057714468,68.31088728248852,
2025-03-10 13:20:11.657,0.0011048300243803,59.13047935661648,
2025-03-10 13:20:11.676,0.0010951834400225,48.39848741159333,
2025-03-10 13:20:11.696,0.0010873494877996,36.73412726924311,
2025-03-10 13:20:11.715,0.0010792006139019,24.75734531920593,
2025-03-10 13:20:11.735,0.0010673579881372,13.042271390622446,
2025-03-10 13:20:11.754,0.0010474551735322,2.078662240180643,
2025-03-10 13:20:11.774,0.0010146282797639,-7.755741352026188,
2025-03-10 13:20:11.793,0.0009642528620258,-16.210646866223115,
2025-03-10 13:20:11.813,0.0008928406829682,-23.166530615989583,
2025-03-10 13:20:11.832,0.0007989042559327,-28.62698725695337,
2025-03-10 13:20:11.852,0.0006835405402197,-32.70203220254183,
2025-03-10 13:20:11.872,0.0005505077078172,-35.5849124562158,
2025-03-10 13:20:11.891,0.0004056851700041,-37.52540578655126,
2025-03-10 13:20:11.911,0.0002559980742587,-38.80260022134427,
2025-03-10 13:20:11.930,0.0001080802937798,-39.699559593811024,
2025-03-10 13:20:11.950,-3.2957731449460635e-05,-40.481121455989495,
2025-03-10 13:20:11.969,-0.0001643498420874,-41.37467449284665,
2025-03-10 13:20:11.989,-0.0002859421064905,-42.552697678848766,
2025-03-10 13:20:12.008,-0.0003999387419966,-44.11568876097358,
2025-03-10 13:20:12.028,-0.0005102692600573,-46.07514330308926,
2025-03-10 13:20:12.047,-0.000621758457205,-48.33825980923757,
2025-03-10 13:20:12.067,-0.0007392633934682,-50.69835618961075,
2025-03-10 13:20:12.086,-0.0008668960966487,-52.83659622982976,
2025-03-10 13:20:12.106,-0.0010074034575408,-54.340538218365616,
2025-03-10 13:20:12.125,-0.001161744036903,-54.74261446117872,
2025-03-10 13:20:12.145,-0.0013288905557797,-53.57709013053514,
2025-03-10 13:20:12.165,-0.0015058900375295,-50.44843523372593,
2025-03-10 13:20:12.184,-0.0016882159024289,-45.0991886374319,
2025-03-10 13:20:12.204,-0.0018704302981644,-37.46321115646413,
2025-03-10 13:20:12.223,-0.0020471273848784,-27.691938497640635,
2025-03-10 13:20:12.243,-0.0022140462615303,-16.146761600157966,
2025-03-10 13:20:12.262,-0.0023691394801418,-3.3584666651752424,
2025-03-10 13:20:12.282,-0.0025133005281252,10.037633488894212,
2025-03-10 13:20:12.301,-0.0026504566576638,23.376981689295,
2025-03-10 13:20:12.321,-0.0027868625708578,36.03616446656587,
2025-03-10 13:20:12.340,-0.0029296413994205,47.48565105046331,
2025-03-10 13:20:12.360,-0.0030848098831418,57.3176182864672,
2025-03-10 13:20:12.379,-0.0032551323810855,65.24834484262901,
2025-03-10 13:20:12.399,-0.0034381933219929,71.10088263077003,
2025-03-10 13:20:12.418,-0.0036251126515077,74.77793493731573,
2025-03-10 13:20:12.438,-0.0038003604093741,76.23615799129318,
2025-03-10 13:20:12.457,-0.0039430757201903,75.4712170862901,
2025-03-10 13:20:12.477,-0.0040300563801291,72.51840501558085,
2025-03-10 13:20:12.497,-0.0040401410842804,67.46774446197433,
2025-03-10 13:20:12.516,-0.0039591715360943,60.487005443726346,
2025-03-10 13:20:12.536,-0.0037842926387576,51.84269424214733,
2025-03-10 13:20:12.555,-0.003526241008146,41.90887413731369,
2025-03-10 13:20:12.575,-0.0032086382667428,31.156670612015063,
2025-03-10 13:20:12.594,-0.0028641223296371,20.122492608934877,
2025-03-10 13:20:12.614,-0.0025281560451801,9.35877043011818,
2025-03-10 13:20:12.633,-0.0022321328170108,-0.624257108391206,
2025-03-10 13:20:12.653,-0.0019976024032328,-9.414659052281346,
2025-03-10 13:20:12.672,-0.0018330039757124,-16.741985572622333,
2025-03-10 13:20:12.692,-0.0017334671229168,-22.49939293497116,
2025-03-10 13:20:12.711,-0.0016833779357956,-26.741177195140885,
2025-03-10 13:20:12.731,-0.0016607611653224,-29.65742987350585,
2025-03-10 13:20:12.750,-0.0016422280007694,-31.532144741575664,
2025-03-10 13:20:12.770,-0.0016073118057394,-32.693875923369426,
2025-03-10 13:20:12.790,-0.0015413809068312,-33.4683014652444,
2025-03-10 13:20:12.809,-0.0014368125675478,-34.139901536621885,
2025-03-10 13:20:12.829,-0.0012925704973357,-34.9262848340887,
2025-03-10 13:20:12.848,-0.0011126462359257,-35.964787236065554,
2025-03-10 13:20:12.868,-0.0009039647032649,-37.308093884994925,
2025-03-10 13:20:12.887,-0.0006743271432492,-38.92463368387431,
2025-03-10 13:20:12.907,-0.000430813875756,-40.70051562291949,
2025-03-10 13:20:12.926,-0.0001788535367239,-42.4422547145482,
2025-03-10 13:20:12.946,7.80562725090546e-05,-43.88236975357208,
2025-03-10 13:20:12.965,0.0003381697018995,-44.69184864926528,
2025-03-10 13:20:12.985,0.0006011360687247,-44.503471800890665,
2025-03-10 13:20:13.004,0.0008677068029011,-42.94774702551496,
2025-03-10 13:20:13.024,0.0011395814706795,-39.69931891382342,
2025-03-10 13:20:13.043,0.0014192715376021,-34.52752202189824,
2025-03-10 13:20:13.063,0.0017097702468577,-27.341903506989546,
2025-03-10 13:20:13.083,0.0020139042200793,-18.22331668706855,
2025-03-10 13:20:13.102,0.0023334574734437,-7.433870970581421,
2025-03-10 13:20:13.122,0.0026683682606667,4.596271288681063,
2025-03-10 13:20:13.141,0.0030163617429855,17.302237061130374,
2025-03-10 13:20:13.161,0.0033732358405288,30.031323269660454,
2025-03-10 13:20:13.180,0.0037337371963876,42.09569193777819,
2025-03-10 13:20:13.200,0.0040927106757112,52.82439887761734,
2025-03-10 13:20:13.219,0.0044461142306706,61.610818432760816,
2025-03-10 13:20:13.239,0.0047915881471391,67.95392990188334,
2025-03-10 13:20:13.258,0.005128477152313,71.49309003282629,
2025-03-10 13:20:13.278,0.0054574069563531,72.03555024738972,
2025-03-10 13:20:13.297,0.0057796236003444,69.57467466924243,
2025-03-10 13:20:13.317,0.0060962997930767,64.29565404007052,
2025-03-10 13:20:13.336,0.006407945948378,56.565484419066486,
2025-03-10 13:20:13.356,0.0067139917326872,46.90550343477089,
2025-03-10 13:20:13.375,0.0070125558450073,35.94750791375174,
2025-03-10 13:20:13.395,0.007300401734242,24.37752759233373,
2025-03-10 13:20:13.415,0.007573076127737,12.873736276334668,
2025-03-10 13:20:13.434,0.0078252303129938,2.046133756296839,
2025-03-10 13:20:13.454,0.008051114844807,-7.614570620840972,
2025-03-10 13:20:13.473,0.0082452052332151,-15.772727982356692,
2025-03-10 13:20:13.493,0.008402859802507,-22.264032788066658,
2025-03-10 13:20:13.512,0.0085208567967867,-27.090640565399305,
2025-03-10 13:20:13.532,0.0085976572408868,-30.39622788919715,
2025-03-10 13:20:13.551,0.0086333249441085,-32.42504697647792,
2025-03-10 13:20:13.571,0.0086291616720301,-33.471761763183025,
2025-03-10 13:20:13.590,0.0085871941453806,-33.83075436677604,
2025-03-10 13:20:13.610,0.0085096395605963,-33.75396310566145,
2025-03-10 13:20:13.629,0.0083984150023868,-33.42470484953012,
2025-03-10 13:20:13.649,0.0082547007986302,-32.95142431461923,
2025-03-10 13:20:13.668,0.0080785489520192,-32.38059186585602,
2025-03-10 13:20:13.688,0.0078685477661895,-31.723182292604427,
2025-03-10 13:20:13.708,0.0076215987289608,-30.985585426392205,
2025-03-10 13:20:13.727,0.0073329082639036,-30.194477151594327,
2025-03-10 13:20:13.747,0.006996318891096,-29.406641695484268,
2025-03-10 13:20:13.766,0.0066050801858305,-28.698798682515637,
2025-03-10 13:20:13.786,0.0061530801503609,-28.13825257832548,
2025-03-10 13:20:13.805,0.0056364296660986,-27.741229667901084,
2025-03-10 13:20:13.825,0.0050551424736022,-27.430500454723077,
2025-03-10 13:20:13.844,0.0044145218080633,-27.005913378323065,
2025-03-10 13:20:13.864,0.0037258007388631,-26.139971804475323,
2025-03-10 13:20:13.883,0.003005629700875,-24.40561087391788,
2025-03-10 13:20:13.903,0.0022741855270511,-21.33588708172532,
2025-03-10 13:20:13.922,0.0015519825874068,-16.507205266076152,
2025-03-10 13:20:13.942,0.0008558481564599,-9.631136694516648,
2025-03-10 13:20:13.961,0.0001948892436046,-0.6366474232910809,
2025-03-10 13:20:13.981,-0.000432494942685,10.274499410756546,
2025-03-10 13:20:14.001,-0.0010395407404803,22.611686389745064,
2025-03-10 13:20:14.020,-0.0016493754424766,35.62415319874545,
2025-03-10 13:20:14.040,-0.0022907322639807,48.372167962107206,
2025-03-10 13:20:14.059,-0.0029921191510049,59.8314327779928,
2025-03-10 13:20:14.079,-0.0037760185896987,69.01625846411868,
2025-03-10 13:20:14.098,-0.0046546745529294,75.10386793512957,
2025-03-10 13:20:14.118,-0.0056284017700235,77.54131396101793,
2025-03-10 13:20:14.137,-0.0066864607131187,76.1182436700296,
2025-03-10 13:20:14.157,-0.0078098052645731,70.99338198071712,
2025-03-10 13:20:14.176,-0.0089747083885234,62.66991379048634,
2025-03-10 13:20:14.196,-0.0101564006688168,51.9237833887096,
2025-03-10 13:20:14.215,-0.0113321768649648,39.69732827925858,
2025-03-10 13:20:14.235,-0.0124836825866369,26.976487793417824,
2025-03-10 13:20:14.254,-0.0135982177091067,14.671652648233035,
2025-03-10 13:20:14.274,-0.0146689785744526,3.5198951333101225,
2025-03-10 13:20:14.293,-0.0156942934709276,-5.9790954762786725,
2025-03-10 13:20:14.313,-0.0166760691570647,-13.587830759199583,
2025-03-10 13:20:14.333,-0.0176177913813895,-19.31756837037773,
2025-03-10 13:20:14.352,-0.0185224688332358,-23.38278654298756,
2025-03-10 13:20:14.372,-0.0193908827767263,-26.1334014262752,
2025-03-10 13:20:14.391,-0.0202204278513382,-27.976597710900343,
2025-03-10 13:20:14.411,-0.0210047245387177,-29.300725926451307,
2025-03-10 13:20:14.430,-0.0217340629083387,-30.412778182177625,
2025-03-10 13:20:14.450,-0.0223966052452941,-31.49843010760565,
2025-03-10 13:20:14.469,-0.0229801345434554,-32.60969788399212,
2025-03-10 13:20:14.489,-0.0234739962666632,-33.68042468206809,
2025-03-10 13:20:14.508,-0.0238707747078886,-34.56488618819249,
2025-03-10 13:20:14.528,-0.024167233803559,-35.09069098648224,
2025-03-10 13:20:14.547,-0.024364190499498,-35.11462607226184,
2025-03-10 13:20:14.567,-0.0244652690230606,-34.56963679477687,
2025-03-10 13:20:14.586,-0.0244748203817034,-33.492816778905976,
2025-03-10 13:20:14.606,-0.0243955594443402,-32.02782133198961,
2025-03-10 13:20:14.626,-0.0242265745947915,-30.39992496892636,
2025-03-10 13:20:14.645,-0.0239622769443655,-28.867260821918205,
2025-03-10 13:20:14.665,-0.0235926169771364,-27.656767909194382,
2025-03-10 13:20:14.684,-0.0231045661187953,-26.89720027727268,
2025-03-10 13:20:14.704,-0.0224845058568748,-26.56348414835217,
2025-03-10 13:20:14.723,-0.021720885594715,-26.44618774689304,
2025-03-10 13:20:14.743,-0.0208064175676426,-26.156599658571885,
2025-03-10 13:20:14.762,-0.0197392283964094,-25.172000787262714,
2025-03-10 13:20:14.782,-0.0185227257355317,-22.917860967302826,
2025-03-10 13:20:14.801,-0.0171643303332896,-18.875304584141773,
2025-03-10 13:20:14.821,-0.0156735218758166,-12.695220480481384,
2025-03-10 13:20:14.840,-0.0140597533918326,-4.296797374447472,
2025-03-10 13:20:14.860,-0.0123307141422388,6.070684337762209,
2025-03-10 13:20:14.879,-0.0104912659066105,17.8182078007183,
2025-03-10 13:20:14.899,-0.008543219869217,30.0656170930181,
2025-03-10 13:20:14.918,-0.0064859604562598,41.74370467875164,
2025-03-10 13:20:14.938,-0.0043177500818566,51.73485829749894,
2025-03-10 13:20:14.958,-0.0020373996286569,59.02972680742098,
2025-03-10 13:20:14.977,0.0003540922715287,62.87367299995951,
2025-03-10 13:20:14.997,0.0028523237172896,62.87775492778072,
2025-03-10 13:20:15.016,0.0054490016323499,59.07470056325452,
2025-03-10 13:20:15.036,0.0081323230057625,51.91006741350295,
2025-03-10 13:20:15.055,0.0108881514412992,42.17078317149081,
2025-03-10 13:20:15.075,0.0137016898381891,30.86499929703833,
2025-03-10 13:20:15.094,0.0165591862306056,19.075910444581083,
2025-03-10 13:20:15.114,0.0194491784560693,7.815840329804367,
2025-03-10 13:20:15.133,0.0223629119391371,-2.095182596218345,
2025-03-10 13:20:15.153,0.0252938258697929,-10.10899643337678,
2025-03-10 13:20:15.172,0.0282363129962779,-15.97918521470296,
2025-03-10 13:20:15.192,0.0311841868046084,-19.743118693600437,
2025-03-10 13:20:15.211,0.0341293343172849,-21.66579767849889,
2025-03-10 13:20:15.231,0.03706090188679,-22.159899701920764,
2025-03-10 13:20:15.251,0.0399651509404987,-21.69792981493573,
2025-03-10 13:20:15.270,0.0428259228690717,-20.731101281035457,
2025-03-10 13:20:15.290,0.0456255138918801,-19.626237033287104,
2025-03-10 13:20:15.309,0.0483456948472171,-18.62740718677749,
2025-03-10 13:20:15.329,0.050968613218704,-17.84404575650042,
2025-03-10 13:20:15.348,0.0534773714012362,-17.262784753672662,
2025-03-10 13:20:15.368,0.0558561674295421,-16.77696852959401,
2025-03-10 13:20:15.387,0.0580899922014218,-16.226219025499578,
2025-03-10 13:20:15.407,0.0601639818121811,-15.438505079589854,
2025-03-10 13:20:15.426,0.062062608302208,-14.268477101586289,
2025-03-10 13:20:15.446,0.0637689427906516,-12.627673815196212,
2025-03-10 13:20:15.465,0.0652642306563855,-10.503948866753715,
2025-03-10 13:20:15.485,0.0665279726172093,-7.968737731395206,
2025-03-10 13:20:15.504,0.0675386082952922,-5.171578166718,
2025-03-10 13:20:15.524,0.0682747591741486,-2.321880587917587,
2025-03-10 13:20:15.544,0.0687168255319745,0.341275969535296,
2025-03-10 13:20:15.563,0.0688485773861696,2.5892049055615884,
2025-03-10 13:20:15.583,0.0686582706625519,4.2493731275551685,
2025-03-10 13:20:15.602,0.068138798481058,5.250223919234899,
2025-03-10 13:20:15.622,0.0672865001338195,5.656195335695172,
2025-03-10 13:20:15.641,0.0660985389321076,5.683095406858918,
2025-03-10 13:20:15.661,0.0645692110320045,5.685276656548949,
2025-03-10 13:20:15.680,0.0626860370032174,6.1101551594155055,
2025-03-10 13:20:15.700,0.0604268230982214,7.422285092004247,
2025-03-10 13:20:15.719,0.0577589128565385,10.007170421758545,
2025-03-10 13:20:15.739,0.0546415372979053,14.072213222370646,
2025-03-10 13:20:15.758,0.0510315437879004,19.56637476247481,
2025-03-10 13:20:15.778,0.0468919226997419,26.139491489328407,
2025-03-10 13:20:15.797,0.0422016036152597,33.15614124250257,
2025-03-10 13:20:15.817,0.0369641707482052,39.768375004950414,
2025-03-10 13:20:15.836,0.0312126997110068,45.038752633034655,
2025-03-10 13:20:15.856,0.0250080812582645,48.09301256089799,
2025-03-10 13:20:15.876,0.0184291385829641,48.2734782033776,
2025-03-10 13:20:15.895,0.011554591356192,45.262288362187,
2025-03-10 13:20:15.915,0.0044392691315131,39.14860245922637,
2025-03-10 13:20:15.934,-0.0029105675590222,30.42512560951421,
2025-03-10 13:20:15.954,-0.0105560878815171,19.91400675151987,
2025-03-10 13:20:15.973,-0.0186316878132387,8.636795820202144,
2025-03-10 13:20:15.993,-0.0273317863424916,-2.3458129646517056,
2025-03-10 13:20:16.012,-0.0368760501969097,-12.093710022933854,
2025-03-10 13:20:16.032,-0.0474556955198572,-19.917588006605616,
2025-03-10 13:20:16.051,-0.0591698162911233,-25.458225470959903,
2025-03-10 13:20:16.071,-0.0719666509864809,-28.704590084028236,
2025-03-10 13:20:16.090,-0.0856084023421131,-29.95265811358888,
2025-03-10 13:20:16.110,-0.0996777750355926,-29.717522622250407,
2025-03-10 13:20:16.129,-0.1136386002404053,-28.618744252081303,
2025-03-10 13:20:16.149,-0.1269517650323754,-27.261934250974655,
2025-03-10 13:20:16.169,-0.1392325212917989,-26.138046210868687,
2025-03-10 13:20:16.188,-0.1504188583955852,-25.556440029594164,
2025-03-10 13:20:16.208,-0.1609068992239632,-25.619834396967825,
2025-03-10 13:20:16.227,-0.1716027184721861,-26.240562061140952,
2025-03-10 13:20:16.247,-0.183844767249114,-27.18988340276435,
2025-03-10 13:20:16.266,-0.1991699820161675,-28.1669270839154,
2025-03-10 13:20:16.286,-0.2189297226361229,-28.871867645664324,
2025-03-10 13:20:16.305,-0.2438049687722634,-29.06917230945383,
2025-03-10 13:20:16.325,-0.2733149997834376,-28.630418389688295,
2025-03-10 13:20:16.344,-0.3054473340230287,-27.551183002820792,
2025-03-10 13:20:16.364,-0.3365448798354591,-25.94168156343363,
2025-03-10 13:20:16.383,-0.3615580120822306,-23.99524142400608,
2025-03-10 13:20:16.403,-0.3747015148002429,-21.941773355790485,
2025-03-10 13:20:16.422,-0.3704570467152745,-19.994987472042965,
2025-03-10 13:20:16.442,-0.3447509240395837,-18.30234971108103,
2025-03-10 13:20:16.462,-0.2960448475150423,-16.905985371517104,
2025-03-10 13:20:16.481,-0.2260400592954363,-15.721172930818884,
2025-03-10 13:20:16.501,-0.1397465176487615,-14.53688580184756,
2025-03-10 13:20:16.520,-0.0448195131844353,-13.04008046294895,
2025-03-10 13:20:16.540,0.0497180324262199,-10.862145059260822,
2025-03-10 13:20:16.559,0.1350530094562045,-7.642316964486534,
2025-03-10 13:20:16.579,0.2040589381161691,-3.0994174882255594,
2025-03-10 13:20:16.598,0.2523314019675261,2.899371412478261,
2025-03-10 13:20:16.618,0.2786040017432661,10.285018077666225,
2025-03-10 13:20:16.637,0.284551248017425,18.759731454175053,
2025-03-10 13:20:16.657,0.2741244970856762,27.80467813120755,
2025-03-10 13:20:16.676,0.2526339435986716,36.725277645795686,
2025-03-10 13:20:16.696,0.2257882853876968,44.73079839538925,
2025-03-10 13:20:16.715,0.1988556449000514,51.03853225791524,
2025-03-10 13:20:16.735,0.1760418335477467,54.98721567432958,
2025-03-10 13:20:16.754,0.1601199275337762,56.14077729854733,
2025-03-10 13:20:16.774,0.1523039486522849,54.36313165789878,
2025-03-10 13:20:16.794,0.1523396784986331,49.84841490087867,
2025-03-10 13:20:16.813,0.1587752861280847,43.09864858436429,
2025-03-10 13:20:16.833,0.1693618748568808,34.850965002959406,
2025-03-10 13:20:16.852,0.1815184622404484,25.966872802451928,
2025-03-10 13:20:16.872,0.1927856577668475,17.30393973717944,
2025-03-10 13:20:16.891,0.2011960373979796,9.593681869050162,
2025-03-10 13:20:16.911,0.2055093737356277,3.3475961195189763,
2025-03-10 13:20:16.930,0.2052928364847416,-1.19320904080949,
2025-03-10 13:20:16.950,0.2008605703005727,-4.058721869326906,
2025-03-10 13:20:16.969,0.1931123644426872,-5.505091740700376,
2025-03-10 13:20:16.989,0.1833187390640145,-5.936680827894346,
2025-03-10 13:20:17.008,0.1728894166320932,-5.813205112671614,
2025-03-10 13:20:17.028,0.1631443467742861,-5.56144750688842,
2025-03-10 13:20:17.047,0.155096024462833,-5.508238861670321,
2025-03-10 13:20:17.067,0.1492556166174657,-5.845249552850256,
2025-03-10 13:20:17.087,0.1454868660920594,-6.628133002450857,
2025-03-10 13:20:17.106,0.1429390192643363,-7.804611587287318,
2025-03-10 13:20:17.126,0.1400866880631533,-9.260032499886018,
2025-03-10 13:20:17.145,0.1348913556993871,-10.866082656484888,
2025-03-10 13:20:17.165,0.1250798014199912,-12.519250247062653,
2025-03-10 13:20:17.184,0.1085130361118614,-14.159826460347134,
2025-03-10 13:20:17.204,0.0835997714036375,-15.768509371476531,
2025-03-10 13:20:17.223,0.0496949639861511,-17.3442951079829,
2025-03-10 13:20:17.243,0.0074171016657109,-18.872617636442783,
2025-03-10 13:20:17.262,-0.041186534979594,-20.2953471748003,
2025-03-10 13:20:17.282,-0.0927005714479143,-21.493668224019626,
2025-03-10 13:20:17.301,-0.1426902658938168,-22.291188816648518,
2025-03-10 13:20:17.321,-0.186348135626801,-22.478791329408647,
2025-03-10 13:20:17.340,-0.2193474416317315,-21.856232786541987,
2025-03-10 13:20:17.360,-0.2386998433626218,-20.28013198883613,
2025-03-10 13:20:17.379,-0.2433649912324748,-17.70534870737324,
2025-03-10 13:20:17.399,-0.2344212146624338,-14.207781969573974,
2025-03-10 13:20:17.419,-0.2147554922743066,-9.98115922419292,
2025-03-10 13:20:17.438,-0.188389386904711,-5.307252440117341,
2025-03-10 13:20:17.458,-0.1596521507317321,-0.5062157130103554,
2025-03-10 13:20:17.477,-0.1324162647373605,4.120663374994355,
2025-03-10 13:20:17.497,-0.109546148627555,8.341156550477272,
2025-03-10 13:20:17.516,-0.0926224152512004,12.022193446199894,
2025-03-10 13:20:17.536,-0.0819302830763268,15.132052772773154,
2025-03-10 13:20:17.555,-0.076657898439637,17.71439222445044,
2025-03-10 13:20:17.575,-0.0752340213139059,19.841800952656147,
2025-03-10 13:20:17.594,-0.0757321150539576,21.562700227984013,
2025-03-10 13:20:17.614,-0.0762706015363893,22.85792004081,
2025-03-10 13:20:17.633,-0.0753459656646385,23.62116901144624,
2025-03-10 13:20:17.653,-0.0720494585560116,23.671184020446443,
2025-03-10 13:20:17.672,-0.0661409059754962,22.79423433273268,
2025-03-10 13:20:17.692,-0.0579822184173044,20.806488360096896,
2025-03-10 13:20:17.712,-0.048362500254517,17.619348726054472,
2025-03-10 13:20:17.731,-0.0382679784125793,13.28926337673971,
2025-03-10 13:20:17.751,-0.0286560956558951,8.037245559449353,
2025-03-10 13:20:17.770,-0.020281938172481,2.2312055377912614,
2025-03-10 13:20:17.790,-0.0136021630255236,-3.666199893093548,
2025-03-10 13:20:17.809,-0.0087570284620498,-9.172926840305742,
2025-03-10 13:20:17.829,-0.0056136757917658,-13.869525134179256,
2025-03-10 13:20:17.848,-0.0038463977331181,-17.470165396722553,
2025-03-10 13:20:17.868,-0.0030302838315255,-19.868292291215315,
2025-03-10 13:20:17.887,-0.0027296631949419,-21.14861220450125,
2025-03-10 13:20:17.907,-0.0025690471223562,-21.564518344038888,
2025-03-10 13:20:17.926,-0.0022799079165837,-21.48693179111422,
2025-03-10 13:20:17.946,-0.0017208421695533,-21.335433938640804,
2025-03-10 13:20:17.965,-0.0008716998577648,-21.504665089567894,
2025-03-10 13:20:17.985,0.0001950330882114,-22.2982415036516,
2025-03-10 13:20:18.005,0.001359279973336,-23.879586797545013,
2025-03-10 13:20:18.024,0.0025053780155781,-26.245166672952667,
2025-03-10 13:20:18.044,0.0035695365310044,-29.221716525730564,
2025-03-10 13:20:18.063,0.0045718790418391,-32.485867785781856,
2025-03-10 13:20:18.083,0.0056258140098478,-35.60236473751569,
2025-03-10 13:20:18.102,0.0069223730812243,-38.07571123257275,
2025-03-10 13:20:18.122,0.0086912326538322,-39.40931922904192,
2025-03-10 13:20:18.141,0.0111429934845999,-39.16580886003277,
2025-03-10 13:20:18.161,0.0144000944866637,-37.02197801520413,
2025-03-10 13:20:18.180,0.0184273702010544,-32.812265039005766,
2025-03-10 13:20:18.200,0.022977205378122,-26.555477756302498,
2025-03-10 13:20:18.219,0.0275668131920056,-18.46121294251521,
2025-03-10 13:20:18.239,0.031504303194163,-8.914557289603334,
2025-03-10 13:20:18.258,0.0339742327185431,1.5599610647834343,
2025-03-10 13:20:18.278,0.034181711393082,12.351814517244188,
2025-03-10 13:20:18.297,0.03153811188293,22.82958212471545,
2025-03-10 13:20:18.317,0.0258543661152053,32.409683044580305,
2025-03-10 13:20:18.337,0.0174947529635415,40.61889226106478,
2025-03-10 13:20:18.356,0.0074407529515934,47.14038883395861,
2025-03-10 13:20:18.376,-0.0027743236606539,51.835014445724354,
2025-03-10 13:20:18.395,-0.011272339977796,54.733899152803744,
2025-03-10 13:20:18.415,-0.0161533878078293,56.00474081467871,
2025-03-10 13:20:18.434,-0.0158714263284076,55.90004685539612,
2025-03-10 13:20:18.454,-0.00957524780094,54.69967577160971,
2025-03-10 13:20:18.473,0.0026719088464303,52.66076703384832,
2025-03-10 13:20:18.493,0.0198541811271951,49.98536543075346,
2025-03-10 13:20:18.512,0.0401615067601504,46.81055454029596,
2025-03-10 13:20:18.532,0.0613105251727746,43.21934913245637,
2025-03-10 13:20:18.551,0.0809544569765287,39.26490594673163,
2025-03-10 13:20:18.571,0.0970884085210938,34.997476162674346,
2025-03-10 13:20:18.590,0.1083596756404177,30.48383877406037,
2025-03-10 13:20:18.610,0.1142181778245836,25.81252867565472,
2025-03-10 13:20:18.630,0.1148835395870863,21.0837429525955,
2025-03-10 13:20:18.649,0.1111501916788911,16.38844916009215,
2025-03-10 13:20:18.669,0.1040873045590165,11.78503668006793,
2025-03-10 13:20:18.688,0.0947091781816745,7.282671518339556,
2025-03-10 13:20:18.708,0.0836937653386602,2.838242673985027,
2025-03-10 13:20:18.727,0.0712159581017972,-1.6306803497316364,
2025-03-10 13:20:18.747,0.0569412278221798,-6.219646668048808,
2025-03-10 13:20:18.766,0.0401946236318321,-11.00496511532204,
2025-03-10 13:20:18.786,0.0202799913792459,-16.01441636499415,
2025-03-10 13:20:18.805,-0.0031206657066955,-21.209527718348653,
2025-03-10 13:20:18.825,-0.029575395743374,-26.48441428233561,
2025-03-10 13:20:18.844,-0.057680252202721,-31.681009083487066,
2025-03-10 13:20:18.864,-0.0850876194504492,-36.61537965828564,
2025-03-10 13:20:18.883,-0.1088245415914461,-41.10657709711237,
2025-03-10 13:20:18.903,-0.125851869360815,-44.99920906239517,
2025-03-10 13:20:18.923,-0.1337272885432507,-48.17364242851159,
2025-03-10 13:20:18.942,-0.1311867355326734,-50.54232839394802,
2025-03-10 13:20:18.962,-0.1184762946951626,-52.03554662363618,
2025-03-10 13:20:18.981,-0.0973455312802064,-52.58329322426591,
2025-03-10 13:20:19.001,-0.0707163700105911,-52.10106607856029,
2025-03-10 13:20:19.020,-0.0421256445204566,-50.48574802369834,
2025-03-10 13:20:19.040,-0.0150823124309508,-47.62433362176952,
2025-03-10 13:20:19.059,0.0075158542347087,-43.41418637879306,
2025-03-10 13:20:19.079,0.0237876535033271,-37.790269290668014,
2025-03-10 13:20:19.098,0.0330278744487336,-30.753308196333343,
2025-03-10 13:20:19.118,0.0356175846539297,-22.393217905663317,
2025-03-10 13:20:19.137,0.0327435253827803,-12.903676745881198,
2025-03-10 13:20:19.157,0.0260236916468774,-2.585536433155629,
2025-03-10 13:20:19.176,0.0171426181581366,8.161862212439985,
2025-03-10 13:20:19.196,0.0075767350526419,18.861539603739985,
2025-03-10 13:20:19.215,-0.0015511229788209,28.991273592081875,
2025-03-10 13:20:19.235,-0.0094936955218351,38.02589764922496,
2025-03-10 13:20:19.255,-0.0158176850835892,45.48623961766504,
2025-03-10 13:20:19.274,-0.0203126976174048,50.98942720911442,
2025-03-10 13:20:19.294,-0.0229171265962215,54.29352338657893,
2025-03-10 13:20:19.313,-0.0236840996591371,55.32878323139134,
2025-03-10 13:20:19.333,-0.0227832518565327,54.20890069920824,
2025-03-10 13:20:19.352,-0.0205144655436862,51.21855373710127,
2025-03-10 13:20:19.372,-0.0173056270563024,46.77779312110858,
2025-03-10 13:20:19.391,-0.0136775422897765,41.388286125268,
2025-03-10 13:20:19.411,-0.0101769338189071,35.56995852471067,
2025-03-10 13:20:19.430,-0.0072929951680465,29.798329553597565,
2025-03-10 13:20:19.450,-0.0053797500456055,24.45249129502853,
2025-03-10 13:20:19.469,-0.0046059628654838,19.781454499012376,
2025-03-10 13:20:19.489,-0.0049478622522914,15.893032909474512,
2025-03-10 13:20:19.508,-0.0062282415294318,12.765306512733666,
2025-03-10 13:20:19.528,-0.0081909462509633,10.276759504466323,
2025-03-10 13:20:19.548,-0.0105873701807424,8.248121315984113,
2025-03-10 13:20:19.567,-0.0132468196442489,6.487268854549325,
2025-03-10 13:20:19.587,-0.0161079143279394,4.828553193589609,
2025-03-10 13:20:19.606,-0.0192015558553093,3.159576358401907,
2025-03-10 13:20:19.626,-0.022592404723049,1.4314212218273128,
2025-03-10 13:20:19.645,-0.0262998337709235,-0.3480035882589982,
2025-03-10 13:20:19.665,-0.0302268421615204,-2.1342941673597475,
2025-03-10 13:20:19.684,-0.0341242306950112,-3.8746525527039135,
2025-03-10 13:20:19.704,-0.0376075221382882,-5.536500176149246,
2025-03-10 13:20:19.723,-0.040227988003565,-7.129474270842622,
2025-03-10 13:20:19.743,-0.0415808812450527,-8.71513426276116,
2025-03-10 13:20:19.762,-0.0414190437253077,-10.401165278437157,
2025-03-10 13:20:19.782,-0.0397342078678381,-12.3199458636284,
2025-03-10 13:20:19.801,-0.036775311971458,-14.594627121976751,
2025-03-10 13:20:19.821,-0.0329923122788153,-17.298871649109824,
2025-03-10 13:20:19.841,-0.0289194171433471,-20.418587613348315,
2025-03-10 13:20:19.860,-0.0250338672578676,-23.82484459468068,
2025-03-10 13:20:19.880,-0.0216356870088561,-27.26627819095397,
2025-03-10 13:20:19.899,-0.0187852441207248,-30.386516210852463,
2025-03-10 13:20:19.919,-0.0163123947565424,-32.76764444546908,
2025-03-10 13:20:19.938,-0.013884438159672,-33.995049804059505,
2025-03-10 13:20:19.958,-0.0111023686797707,-33.73323652011591,
2025-03-10 13:20:19.977,-0.0075922622034766,-31.797993214177563,
2025-03-10 13:20:19.997,-0.0030686294156644,-28.20925003441128,
2025-03-10 13:20:20.016,0.0026383665243415,-23.212037086882383,
2025-03-10 13:20:20.036,0.0095868337346093,-17.259592421519958,
2025-03-10 13:20:20.055,0.0177455974479776,-10.960827692933815,
2025-03-10 13:20:20.075,0.0270208103619927,-5.001483337840679,
2025-03-10 13:20:20.094,0.0372754446579488,-0.0526112574951588,
2025-03-10 13:20:20.114,0.0483366006593209,3.318915761383069,
2025-03-10 13:20:20.133,0.059992830538193,4.724786067665012,
2025-03-10 13:20:20.153,0.0719896578658701,4.004815706807859,
2025-03-10 13:20:20.173,0.0840341320066215,1.2462090739624307,
2025-03-10 13:20:20.192,0.0958174349316222,-3.2287105341076927,
2025-03-10 13:20:20.212,0.107058439916828,-8.903762020301484,
2025-03-10 13:20:20.231,0.1175623006382718,-15.133549294193047,
2025-03-10 13:20:20.251,0.1272791549067913,-21.22335465054916,
2025-03-10 13:20:20.270,0.1363415595689323,-26.51402961919113,
2025-03-10 13:20:20.290,0.1450576659360301,-30.460168872980788,
2025-03-10 13:20:20.309,0.153842086925356,-32.689835893990455,
2025-03-10 13:20:20.329,0.1630784953844323,-33.036393542425806,
2025-03-10 13:20:20.348,0.1729260916578542,-31.537786601575032,
2025-03-10 13:20:20.368,0.183102991763247,-28.40508414795188,
2025-03-10 13:20:20.387,0.1926984223837775,-23.968549737655927,
2025-03-10 13:20:20.407,0.2000765933183042,-18.6141292035553,
2025-03-10 13:20:20.426,0.2029325405132763,-12.724693593317106,
2025-03-10 13:20:20.446,0.1985399522267764,-6.638220912260706,
2025-03-10 13:20:20.466,0.1841929982050694,-0.6298969852954582,
2025-03-10 13:20:20.485,0.1577943298594422,5.08179718329481,
2025-03-10 13:20:20.505,0.1184890840139632,10.31177705610347,
2025-03-10 13:20:20.524,0.0671989254569542,14.879500078418054,
2025-03-10 13:20:20.544,0.0068830516144508,18.58775502854554,
2025-03-10 13:20:20.563,-0.057630801273902,21.21974717205811,
2025-03-10 13:20:20.583,-0.1203120834295835,22.55904562046485,
2025-03-10 13:20:20.602,-0.1749915163635655,22.42907581958844,
2025-03-10 13:20:20.622,-0.2165517039227765,20.74177413467492,
2025-03-10 13:20:20.641,-0.2418977313503764,17.541349592716607,
2025-03-10 13:20:20.661,-0.2504394815235688,13.03017747635353,
2025-03-10 13:20:20.680,-0.2439966037827326,7.569057442580008,
2025-03-10 13:20:20.700,-0.2262154434337182,1.6511321678921491,
2025-03-10 13:20:20.719,-0.2016981471257552,-4.144972605837641,
2025-03-10 13:20:20.739,-0.1750758533243231,-9.21353906151584,
2025-03-10 13:20:20.758,-0.1502271176183567,-12.98174849913436,
2025-03-10 13:20:20.778,-0.1297738121087602,-14.963001595675127,
2025-03-10 13:20:20.798,-0.1149038715320693,-14.798140499075346,
2025-03-10 13:20:20.817,-0.1054936364498125,-12.282100736579835,
2025-03-10 13:20:20.837,-0.1004462808589457,-7.3759939061099615,
2025-03-10 13:20:20.856,-0.0981347474793366,-0.2065137579924839,
2025-03-10 13:20:20.876,-0.0968391660374815,8.94412621853656,
2025-03-10 13:20:20.895,-0.0950943517092732,19.654083913537328,
2025-03-10 13:20:20.915,-0.0919015103178508,31.38093666820121,
2025-03-10 13:20:20.934,-0.0867971319790302,43.48362894290064,
2025-03-10 13:20:20.954,-0.0798019193172744,55.24994934752824,
2025-03-10 13:20:20.973,-0.0712897434558953,65.93382928695503,
2025-03-10 13:20:20.993,-0.0618219438047141,74.80578210550166,
2025-03-10 13:20:21.012,-0.0519885130036186,81.21596719220001,
2025-03-10 13:20:21.032,-0.0422874791744595,84.66381055954598,
2025-03-10 13:20:21.051,-0.0330596478750558,84.86287189542008,
2025-03-10 13:20:21.071,-0.0244807065906056,81.78689252236072,
2025-03-10 13:20:21.091,-0.0165995437203378,75.6842478444948,
2025-03-10 13:20:21.110,-0.0094028476942889,67.05359938163456,
2025-03-10 13:20:21.130,-0.0028827652172763,56.5819619634745,
2025-03-10 13:20:21.149,0.0029135315348167,45.05502637241515,
2025-03-10 13:20:21.169,0.0078671528502656,33.255727798077345,
2025-03-10 13:20:21.188,0.0118092634640126,21.86913040035896,
2025-03-10 13:20:21.208,0.0145763635559917,11.409585075258454,
2025-03-10 13:20:21.227,0.0160837759347523,2.180833078406538,
2025-03-10 13:20:21.247,0.0163940525421099,-5.727169833073198,
2025-03-10 13:20:21.266,0.0157545293491149,-12.407872545859943,
2025-03-10 13:20:21.286,0.0145844331235904,-18.083048311093844,
2025-03-10 13:20:21.305,0.0134074375132211,-23.035443461399264,
2025-03-10 13:20:21.325,0.012745822292904,-27.54259053856806,
2025-03-10 13:20:21.344,0.0130080727782517,-31.823667430749914,
2025-03-10 13:20:21.364,0.0144044899191629,-36.007623312594866,
2025-03-10 13:20:21.384,0.0169143134884528,-40.125877610919055,
2025-03-10 13:20:21.403,0.020309721547927,-44.127812924021526,
2025-03-10 13:20:21.423,0.024225171715494,-47.91306180561255,
2025-03-10 13:20:21.442,0.0282499611489325,-51.37194277552466,
2025-03-10 13:20:21.462,0.0320190202202431,-54.42458795391556,
2025-03-10 13:20:21.481,0.0352809730285207,-57.05017470752416,
2025-03-10 13:20:21.501,0.0379311637233618,-59.29984199194917,
2025-03-10 13:20:21.520,0.0400076190063874,-61.28988988435744,
2025-03-10 13:20:21.540,0.0416568072269943,-63.17532379181631,
2025-03-10 13:20:21.559,0.043081569011983,-65.10737260284661,
2025-03-10 13:20:21.579,0.0444851837055941,-67.18194064885706,
2025-03-10 13:20:21.598,0.0460238575265007,-69.38860818851677,
2025-03-10 13:20:21.618,0.0477761966102378,-71.57120753989636,
2025-03-10 13:20:21.637,0.0497336425735504,-73.41057278695091,
2025-03-10 13:20:21.657,0.0518112582113396,-74.43737198879262,
2025-03-10 13:20:21.676,0.0538742722914669,-74.07800375407629,
2025-03-10 13:20:21.696,0.0557729841972064,-71.7300334044801,
2025-03-10 13:20:21.716,0.0573774640768017,-66.85686961977127,
2025-03-10 13:20:21.735,0.0586041551591887,-59.08604979425471,
2025-03-10 13:20:21.755,0.0594288466437692,-48.29319332705593,
2025-03-10 13:20:21.774,0.0598840997064565,-34.65523277426516,
2025-03-10 13:20:21.794,0.0600432738658157,-18.66164509507353,
2025-03-10 13:20:21.813,0.0599966643237076,-1.0797603484595288,
2025-03-10 13:20:21.833,0.0598268445347163,17.121934911706408,
2025-03-10 13:20:21.852,0.0595896844643929,34.88176713708511,
2025-03-10 13:20:21.872,0.0593050975752582,51.16847428038633,
2025-03-10 13:20:21.891,0.0589583342416193,65.10211599030819,
2025-03-10 13:20:21.911,0.0585096717844421,76.05372018817783,
2025-03-10 13:20:21.930,0.0579084615165816,83.70758024409626,
2025-03-10 13:20:21.950,0.0571070042154004,88.07571591396746,
2025-03-10 13:20:21.969,0.0560704800882381,89.4624900378574,
2025-03-10 13:20:21.989,0.054780711396533,88.38725045897327,
2025-03-10 13:20:22.009,0.0532334046924767,85.48147594611551,
2025-03-10 13:20:22.028,0.0514303282137305,81.38150305527876,
2025-03-10 13:20:22.048,0.0493693135375915,76.63712027880952,
2025-03-10 13:20:22.067,0.0470357070791758,71.65075942164823,
2025-03-10 13:20:22.087,0.0443986777422072,66.65378485503518,
2025-03-10 13:20:22.106,0.0414145775947778,61.71796947794505,
2025-03-10 13:20:22.126,0.0380376120713785,56.793660651411216,
2025-03-10 13:20:22.145,0.0342358700416124,51.76248580849981,
2025-03-10 13:20:22.165,0.0300088124092421,46.49189356705902,
2025-03-10 13:20:22.184,0.0254010741179667,40.880810253258055,
2025-03-10 13:20:22.204,0.0205072254311922,34.88924629149888,
2025-03-10 13:20:22.223,0.0154631752605287,28.54877383452501,
2025-03-10 13:20:22.243,0.0104222790163519,21.954575225055237,
2025-03-10 13:20:22.262,0.0055177975639392,15.242727105587186,
2025-03-10 13:20:22.282,0.0008175981096432,8.558357143835487,
2025-03-10 13:20:22.302,-0.003719069803962,2.021312880862537,
2025-03-10 13:20:22.321,-0.0082704169911149,-4.303890111531333,
2025-03-10 13:20:22.341,-0.013154317408649,-10.42772752634492,
2025-03-10 13:20:22.360,-0.0187948250611236,-16.440179270239998,
2025-03-10 13:20:22.380,-0.0256503835528335,-22.497342760232705,
2025-03-10 13:20:22.399,-0.0341100782356491,-28.789964199051123,
2025-03-10 13:20:22.419,-0.0443743404058006,-35.49671917365627,
2025-03-10 13:20:22.438,-0.0563454081434175,-42.72826499450617,
2025-03-10 13:20:22.458,-0.0695577743212109,-50.47099267709827,
2025-03-10 13:20:22.477,-0.0831770564578758,-58.54138056037564,
2025-03-10 13:20:22.497,-0.0960853849624133,-66.5621690142053,
2025-03-10 13:20:22.516,-0.10705254559859,-73.96962137272004,
2025-03-10 13:20:22.536,-0.1149673409035828,-80.05668105455209,
2025-03-10 13:20:22.555,-0.1190787022942448,-84.05034204406203,
2025-03-10 13:20:22.575,-0.1191798123497413,-85.21432073823169,
2025-03-10 13:20:22.594,-0.1156708997125426,-82.9620089401916,
2025-03-10 13:20:22.614,-0.1094640530277508,-76.96136711035977,
2025-03-10 13:20:22.634,-0.1017431744784637,-67.21361776908351,
2025-03-10 13:20:22.653,-0.0936466985115678,-54.091014233111885,
2025-03-10 13:20:22.673,-0.08597356985737,-38.32477718223142,
2025-03-10 13:20:22.692,-0.0790059781799326,-20.94170888039967,
2025-03-10 13:20:22.712,-0.0724996353361799,-3.156231251993747,
2025-03-10 13:20:22.731,-0.0658352177147408,13.767418127913087,
2025-03-10 13:20:22.751,-0.0582749697062734,28.661872371081504,
2025-03-10 13:20:22.770,-0.0492408305357192,40.58850406940903,
2025-03-10 13:20:22.790,-0.038531594831699,48.9328620451612,
2025-03-10 13:20:22.809,-0.0264236909569479,53.44919550970216,
2025-03-10 13:20:22.829,-0.0136397517233529,54.25035499316261,
2025-03-10 13:20:22.848,-0.0012048232739277,51.750831087523466,
2025-03-10 13:20:22.868,0.0097673797133465,46.57938754696135,
2025-03-10 13:20:22.887,0.018305962496511,39.481159196388255,
2025-03-10 13:20:22.907,0.0237790004390033,31.22683023880323,
2025-03-10 13:20:22.927,0.0260086988270467,22.54030773276197,
2025-03-10 13:20:22.946,0.025278483186654,14.048951525147372,
2025-03-10 13:20:22.966,0.0222341102366326,6.254514776504293,
2025-03-10 13:20:22.985,0.017711520625457,-0.4799792072855537,
2025-03-10 13:20:23.005,0.012543253832771,-5.9320466822616105,
2025-03-10 13:20:23.024,0.0073955544930959,-10.01285306862439,
2025-03-10 13:20:23.044,0.0026722097189833,-12.752273915062142,
2025-03-10 13:20:23.063,-0.0015027881181906,-14.276160757486748,
2025-03-10 13:20:23.083,-0.005234384689486,-14.777437814008207,
2025-03-10 13:20:23.102,-0.0087634459665719,-14.484675888954486,
2025-03-10 13:20:23.122,-0.0123630711910507,-13.632945016639692,
2025-03-10 13:20:23.141,-0.0162513583562051,-12.441211086014349,
2025-03-10 13:20:23.161,-0.0205362144240343,-11.09856760888267,
2025-03-10 13:20:23.180,-0.0251941328695223,-9.759131235675216,
2025-03-10 13:20:23.200,-0.0300746027067228,-8.543453151771102,
2025-03-10 13:20:23.219,-0.0349183544221978,-7.543342390316639,
2025-03-10 13:20:23.239,-0.0393808014992427,-6.827060669143979,
2025-03-10 13:20:23.259,-0.0430585615860646,-6.44257806316851,
2025-03-10 13:20:23.278,-0.0455223786328343,-6.4175516516211335,
2025-03-10 13:20:23.298,-0.0463608795963702,-6.755630641199519,
2025-03-10 13:20:23.317,-0.045236138425999,-7.429526944786057,
2025-03-10 13:20:23.337,-0.0419463368751557,-8.37205501531729,
2025-03-10 13:20:23.356,-0.0364856364767137,-9.467065467579632,
2025-03-10 13:20:23.376,-0.0290879669863912,-10.542827954437575,
2025-03-10 13:20:23.395,-0.0202399325779402,-11.370828617097375,
2025-03-10 13:20:23.415,-0.0106494473702796,-11.672935547618032,
2025-03-10 13:20:23.434,-0.001163364218772,-11.139243539612607,
2025-03-10 13:20:23.454,0.0073601951595075,-9.457527064633926,
2025-03-10 13:20:23.473,0.0142049850411577,-6.353185299387853,
2025-03-10 13:20:23.493,0.0189460029439652,-1.636129764302011,
2025-03-10 13:20:23.512,0.0215643077621802,4.751335423662633,
2025-03-10 13:20:23.532,0.0225014223433371,12.693454792611954,
2025-03-10 13:20:23.552,0.022635603230838,21.875414844689335,
2025-03-10 13:20:23.571,0.0231718155973067,31.78116841249138,
2025-03-10 13:20:23.591,0.0254483353506427,41.72030910437529,
2025-03-10 13:20:23.610,0.0306765785724352,50.88555522470861,
2025-03-10 13:20:23.630,0.0396474038903143,58.43699309394837,
2025-03-10 13:20:23.649,0.0524547988508297,63.60328862990374,
2025-03-10 13:20:23.669,0.0683015500353679,65.78492470273386,
2025-03-10 13:20:23.688,0.0854541771895318,64.64175028760819,
2025-03-10 13:20:23.708,0.1013996758750469,60.14805287339951,
2025-03-10 13:20:23.727,0.1132217927505664,52.60338793390006,
2025-03-10 13:20:23.747,0.1181630622658665,42.59562210539113,
2025-03-10 13:20:23.766,0.114281469119446,30.922051844690603,
2025-03-10 13:20:23.786,0.1010652939440345,18.482605869511104,
2025-03-10 13:20:23.805,0.0798560047666334,6.164028461284452,
2025-03-10 13:20:23.825,0.0539557855857683,-5.265379248485427,
2025-03-10 13:20:23.845,0.0283530075784648,-15.23417667949982,
2025-03-10 13:20:23.864,0.0090653307924683,-23.409197269763016,
2025-03-10 13:20:23.884,0.0021652662841659,-29.697165002629937,
2025-03-10 13:20:23.903,0.0126198278618813,-34.21080072010277,
2025-03-10 13:20:23.923,0.0431445504044986,-37.20930223875006,
2025-03-10 13:20:23.942,0.0933232424556553,-39.02644731528763,
2025-03-10 13:20:23.962,0.159241710523558,-40.00035224991724,
2025-03-10 13:20:23.981,0.2337957752518305,-40.41713049984932,
2025-03-10 13:20:24.001,0.3076674507812183,-40.47673505536651,
2025-03-10 13:20:24.020,0.370774928317313,-40.28396373727255,
2025-03-10 13:20:24.040,0.4138740142710879,-39.86211633220313,
2025-03-10 13:20:24.059,0.4299738360112578,-39.18232642063702,
2025-03-10 13:20:24.079,0.4153175107809577,-38.19906661472137,
2025-03-10 13:20:24.098,0.3698154301610381,-36.88213365519946,
2025-03-10 13:20:24.118,0.2969493238315615,-35.23738028592765,
2025-03-10 13:20:24.137,0.2032470560155579,-33.31194470561826,
2025-03-10 13:20:24.157,0.0974381199169178,-31.183852847216954,
2025-03-10 13:20:24.177,-0.0106386705739219,-28.939705977951444,
2025-03-10 13:20:24.196,-0.1113156095346499,-26.64692295666735,
2025-03-10 13:20:24.216,-0.1964308437596343,-24.328153557095277,
2025-03-10 13:20:24.235,-0.2604649074672669,-21.94482756923572,
2025-03-10 13:20:24.255,-0.3011868692299094,-19.394533116034115,
2025-03-10 13:20:24.274,-0.3196337257004451,-16.52355145913463,
2025-03-10 13:20:24.294,-0.3194608760532852,-13.152207718034155,
2025-03-10 13:20:24.313,-0.3058871389733624,-9.10764964050608,
2025-03-10 13:20:24.333,-0.28453380936293,-4.257073928876755,
2025-03-10 13:20:24.352,-0.2604244854996021,1.4652474403946585,
2025-03-10 13:20:24.372,-0.237316036694479,8.04165115056137,
2025-03-10 13:20:24.391,-0.2174190783309613,15.366794277781535,
2025-03-10 13:20:24.411,-0.2014710977780393,23.25360327426626,
2025-03-10 13:20:24.430,-0.1890626752384268,31.445733289679083,
2025-03-10 13:20:24.450,-0.1790907872515356,39.63262969885928,
2025-03-10 13:20:24.470,-0.1702187616318624,47.46470982326201,
2025-03-10 13:20:24.489,-0.1612509650527533,54.568440201846734,
2025-03-10 13:20:24.509,-0.1513704726057547,60.56311321370295,
2025-03-10 13:20:24.528,-0.1402287860022021,65.0819782553322,
2025-03-10 13:20:24.548,-0.1279094813604743,67.79953750994828,
2025-03-10 13:20:24.567,-0.114807613482983,68.46438140447283,
2025-03-10 13:20:24.587,-0.1014729352121776,66.93368567028747,
2025-03-10 13:20:24.606,-0.0884597607225911,63.202659564991606,
2025-03-10 13:20:24.626,-0.0762136115717553,57.421089355240674,
2025-03-10 13:20:24.645,-0.0650091312475913,49.89042498419944,
2025-03-10 13:20:24.665,-0.0549391039512838,41.03850444930341,
2025-03-10 13:20:24.684,-0.0459435433749084,31.37402281109128,
2025-03-10 13:20:24.704,-0.0378620957316756,21.42775089943799,
2025-03-10 13:20:24.723,-0.030492428582951,11.690857372083515,
2025-03-10 13:20:24.743,-0.023640689821769,2.5615729584463924,
2025-03-10 13:20:24.763,-0.0171556724820743,-5.690306207340393,
2025-03-10 13:20:24.782,-0.0109441593025589,-12.935421291287856,
2025-03-10 13:20:24.802,-0.0049696949724842,-19.172678896631304,
2025-03-10 13:20:24.821,0.000759984892382,-24.497202934985182,
2025-03-10 13:20:24.841,0.006210632916335,-29.056624263397357,
2025-03-10 13:20:24.860,0.0113387355184234,-33.00593623314114,
2025-03-10 13:20:24.880,0.0161045814713436,-36.47080046303195,
2025-03-10 13:20:24.899,0.0204795933543485,-39.52653386897416,
2025-03-10 13:20:24.919,0.0244482556711793,-42.195643980811184,
2025-03-10 13:20:24.938,0.0280061289159766,-44.46177348219311,
2025-03-10 13:20:24.958,0.0311557987375105,-46.29357558537318,
2025-03-10 13:20:24.977,0.0339024549718093,-47.66956794399967,
2025-03-10 13:20:24.997,0.0362504420329193,-48.5951205603518,
2025-03-10 13:20:25.016,0.0382016786913548,-49.10541073909076,
2025-03-10 13:20:25.036,0.0397562735031647,-49.25267823297464,
2025-03-10 13:20:25.055,0.0409149960412338,-49.08117449237143,
2025-03-10 13:20:25.075,0.0416827030152701,-48.59738800099652,
2025-03-10 13:20:25.095,0.0420715913685923,-47.74520329017953,
2025-03-10 13:20:25.114,0.0421033143847588,-46.39490986000201,
2025-03-10 13:20:25.134,0.0418094062234645,-44.35151721949299,
2025-03-10 13:20:25.153,0.0412299165916385,-41.38262674367931,
2025-03-10 13:20:25.173,0.0404105347011127,-37.26075590003538,
2025-03-10 13:20:25.192,0.0393987428466418,-31.811168644705667,
2025-03-10 13:20:25.212,0.0382397110772952,-24.955032720539137,
2025-03-10 13:20:25.231,0.0369727540791099,-16.739228863756818,
2025-03-10 13:20:25.251,0.0356291634857785,-7.347591161330793,
2025-03-10 13:20:25.270,0.0342319971667399,2.907494303448258,
2025-03-10 13:20:25.290,0.0327979549539444,13.610541689037762,
2025-03-10 13:20:25.309,0.0313409494593184,24.280444061745843,
2025-03-10 13:20:25.329,0.0298765504352069,34.41398128019833,
2025-03-10 13:20:25.348,0.028426222942879,43.52965052765917,
2025-03-10 13:20:25.368,0.0270202291169406,51.20720105583285,
2025-03-10 13:20:25.388,0.0256982185101108,57.119609860955016,
2025-03-10 13:20:25.407,0.0245068580761934,61.05546134516442,
2025-03-10 13:20:25.427,0.0234943471574779,62.93063074025464,
2025-03-10 13:20:25.446,0.0227023523871248,62.78886241271969,
2025-03-10 13:20:25.466,0.0221567170043139,60.79143998458833,
2025-03-10 13:20:25.485,0.0218590332385645,57.19685201757228,
2025-03-10 13:20:25.505,0.0217815632259261,52.33227557636671,
2025-03-10 13:20:25.524,0.0218678993229989,46.5597601424028,
2025-03-10 13:20:25.544,0.0220411042484553,40.24092680106631,
2025-03-10 13:20:25.563,0.0222198181075665,33.704453630442224,
2025-03-10 13:20:25.583,0.0223409754341686,27.220346285898387,
2025-03-10 13:20:25.602,0.0223855498975465,20.98395212113518,
2025-03-10 13:20:25.622,0.0224016039896046,15.111050194439636,
2025-03-10 13:20:25.641,0.02251752463815,9.643487730958345,
2025-03-10 13:20:25.661,0.0229383896028033,4.5631478324797845,
2025-03-10 13:20:25.680,0.0239204993408494,-0.1891226317344666,
2025-03-10 13:20:25.700,0.0257233718507476,-4.693412438074063,
2025-03-10 13:20:25.720,0.0285444664692561,-9.032898048482764,
2025-03-10 13:20:25.739,0.0324484738528442,-13.280647738176686,
2025-03-10 13:20:25.759,0.0373085813204812,-17.492024495072187,
2025-03-10 13:20:25.778,0.0427798412694493,-21.702073303539493,
2025-03-10 13:20:25.798,0.0483228884618843,-25.925962923529983,
2025-03-10 13:20:25.817,0.0532886359435605,-30.15982148960893,
2025-03-10 13:20:25.837,0.0570613128772016,-34.379419348681644,
2025-03-10 13:20:25.856,0.0592400613975237,-38.53519381422168,
2025-03-10 13:20:25.876,0.0598217915300567,-42.54387555702646,
2025-03-10 13:20:25.895,0.0593348661288938,-46.27895670671426,
2025-03-10 13:20:25.915,0.0588695404374901,-49.56376590654636,
2025-03-10 13:20:25.934,0.0599610652066019,-52.17139826654873,
2025-03-10 13:20:25.954,0.0643067312517048,-53.83489027813124,
2025-03-10 13:20:25.973,0.0733369371008077,-54.26891953322726,
2025-03-10 13:20:25.993,0.087706324335682,-53.201433155844754,
2025-03-10 13:20:26.013,0.1068139281636459,-50.41078071631056,
2025-03-10 13:20:26.032,0.128488413241497,-45.76207796732661,
2025-03-10 13:20:26.052,0.1489731277644354,-39.2363560670218,
2025-03-10 13:20:26.071,0.1633068743228984,-30.947666864908875,
2025-03-10 13:20:26.091,0.1661185796792135,-21.1460759285429,
2025-03-10 13:20:26.110,0.152746816972081,-10.207189656995762,
2025-03-10 13:20:26.130,0.1204795501181202,1.3895994742247808,
2025-03-10 13:20:26.149,0.069616931176089,13.09193915923966,
2025-03-10 13:20:26.169,0.0040273563044881,24.31295911975066,
2025-03-10 13:20:26.188,-0.0690722868758605,34.47613921180691,
2025-03-10 13:20:26.208,-0.1402116489465688,43.064321289320695,
2025-03-10 13:20:26.227,-0.1994825414979136,49.66829732917654,
2025-03-10 13:20:26.247,-0.2386628124864889,54.02810026105468,
2025-03-10 13:20:26.266,-0.2530886893925294,56.05930471363372,
2025-03-10 13:20:26.286,-0.2427528615304844,55.85824866703706,
2025-03-10 13:20:26.306,-0.2123101494813037,53.68391465212565,
2025-03-10 13:20:26.325,-0.1699642853350323,49.91906371340735,
2025-03-10 13:20:26.345,-0.1255072762281421,45.01753569273571,
2025-03-10 13:20:26.364,-0.0880248961076723,39.44714803966981,
2025-03-10 13:20:26.384,-0.0638988664199636,33.63776679688717,
2025-03-10 13:20:26.403,-0.0556533532109256,27.94208890657668,
2025-03-10 13:20:26.423,-0.0619007767964734,22.613250595799546,
2025-03-10 13:20:26.442,-0.078258196738119,17.799580377972394,
2025-03-10 13:20:26.462,-0.0988178210987819,13.5535646578948,
2025-03-10 13:20:26.481,-0.1176770852796478,9.850015929834392,
2025-03-10 13:20:26.501,-0.1301418082741785,6.607808474881287,
2025-03-10 13:20:26.520,-0.1334092567968474,3.7103226435005423,
2025-03-10 13:20:26.540,-0.1267219468951286,1.0215842668191435,
2025-03-10 13:20:26.559,-0.1111060265573472,-1.602533703462596,
2025-03-10 13:20:26.579,-0.0888594420665488,-4.306409152776643,
2025-03-10 13:20:26.598,-0.0629496418511115,-7.226911376060356,
2025-03-10 13:20:26.618,-0.0364428753307955,-10.48235100995229,
2025-03-10 13:20:26.638,-0.0120406893968174,-14.155852565435136,
2025-03-10 13:20:26.657,0.0082401901299799,-18.27321728655481,
2025-03-10 13:20:26.677,0.0232358451506441,-22.77832666440588,
2025-03-10 13:20:26.696,0.0326609505736484,-27.511921156694907,
2025-03-10 13:20:26.716,0.0370161386126988,-32.2012682832337,
2025-03-10 13:20:26.735,0.0374097171932941,-36.46802113278687,
2025-03-10 13:20:26.755,0.0353290295027544,-39.859014512846535,
2025-03-10 13:20:26.774,0.032393890444773,-41.899975795309054,
2025-03-10 13:20:26.794,0.0301200930499971,-42.16601623667461,
2025-03-10 13:20:26.813,0.0297173257271328,-40.35692012284717,
2025-03-10 13:20:26.833,0.0319412758551668,-36.361620153694375,
2025-03-10 13:20:26.852,0.0370111490055896,-30.296447697533026,
2025-03-10 13:20:26.872,0.0445926246231576,-22.506307007580634,
2025-03-10 13:20:26.891,0.0538389481840464,-13.525923659092289,
2025-03-10 13:20:26.911,0.0634845634343564,-4.007606005541536,
2025-03-10 13:20:26.931,0.071993771935838,5.370119929131317,
2025-03-10 13:20:26.950,0.0777716974808992,13.994321058189966,
2025-03-10 13:20:26.970,0.0794353347172757,21.39161507690746,
2025-03-10 13:20:26.989,0.0761131995207761,27.27078481035996,
2025-03-10 13:20:27.009,0.0677014332684272,31.52834450314362,
2025-03-10 13:20:27.028,0.054979373882463,34.22000882266229,
2025-03-10 13:20:27.048,0.0395109059224974,35.508358516213704,
2025-03-10 13:20:27.067,0.0233333703875555,35.601309155405154,
2025-03-10 13:20:27.087,0.0085230617551339,34.69641276531677,
2025-03-10 13:20:27.106,-0.0032282882087719,32.94275698687761,
2025-03-10 13:20:27.126,-0.0109086294318659,30.426458590367087,
2025-03-10 13:20:27.145,-0.0142928691567629,27.17926108355083,
2025-03-10 13:20:27.165,-0.0138666664363559,23.20431369009731,
2025-03-10 13:20:27.184,-0.0106172313956242,18.51002352397201,
2025-03-10 13:20:27.204,-0.0057626046076493,13.142280733523776,
2025-03-10 13:20:27.224,-0.0004893166709977,7.206973281157998,
2025-03-10 13:20:27.243,0.0042488915385774,0.8777463329002098,
2025-03-10 13:20:27.263,0.0078434659570949,-5.612448967494543,
2025-03-10 13:20:27.282,0.0100519485883682,-11.994078263230044,
2025-03-10 13:20:27.302,0.0109447984098356,-17.99341638983506,
2025-03-10 13:20:27.321,0.0108070136862764,-23.36838904762703,
2025-03-10 13:20:27.341,0.0100256886467419,-27.94117947765897,
2025-03-10 13:20:27.360,0.0089893327353662,-31.6215470961023,
2025-03-10 13:20:27.380,0.0080152185756534,-34.41634367925739,
2025-03-10 13:20:27.399,0.0073107273960075,-36.42288729145711,
2025-03-10 13:20:27.419,0.0069662072192247,-37.80635819011309,
2025-03-10 13:20:27.438,0.0069714656226497,-38.7639270903662,
2025-03-10 13:20:27.458,0.0072457922995401,-39.48067211077862,
2025-03-10 13:20:27.477,0.0076718329094464,-40.08424601643774,
2025-03-10 13:20:27.497,0.0081259290334243,-40.60640528626981,
2025-03-10 13:20:27.516,0.0085007301484388,-40.959508400090975,
2025-03-10 13:20:27.536,0.0087188886729399,-40.93456008915371,
2025-03-10 13:20:27.556,0.008738618345491,-40.22416767583331,
2025-03-10 13:20:27.575,0.0085526480528689,-38.46914714549386,
2025-03-10 13:20:27.595,0.0081821499904041,-35.32225663607719,
2025-03-10 13:20:27.614,0.0076672638929891,-30.517878592244717,
2025-03-10 13:20:27.634,0.0070561630351685,-23.933795210284767,
2025-03-10 13:20:27.653,0.0063949117022651,-15.631559714749171,
2025-03-10 13:20:27.673,0.0057201357689173,-5.865661448086248,
2025-03-10 13:20:27.692,0.0050555830941904,4.941936380841062,
2025-03-10 13:20:27.712,0.0044123599057966,16.257723742285215,
2025-03-10 13:20:27.731,0.0037916474822512,27.511976686336443,
2025-03-10 13:20:27.751,0.0031884413698268,38.17796367852672,
2025-03-10 13:20:27.770,0.0025952026744544,47.83854674469418,
2025-03-10 13:20:27.790,0.0020048249446035,56.22651935162025,
2025-03-10 13:20:27.809,0.0014126377601817,63.230996283275154,
2025-03-10 13:20:27.829,0.0008172795021674,68.86998911700027,
2025-03-10 13:20:27.849,0.0002204338066515,73.23720539381648,
2025-03-10 13:20:27.868,-0.0003742245533815,76.43722291512633,
2025-03-10 13:20:27.888,-0.0009622163561917,78.52593992170995,
2025-03-10 13:20:27.907,-0.0015389954458446,79.47175590670173,
2025-03-10 13:20:27.927,-0.0021001342508128,79.14752367499845,
2025-03-10 13:20:27.946,-0.0026413264376893,77.35527443422012,
2025-03-10 13:20:27.966,-0.0031586059850861,73.87721901804635,
2025-03-10 13:20:27.985,-0.0036487699802263,68.53993087820699,
2025-03-10 13:20:28.005,-0.004109600166691,61.27571307680744,
2025-03-10 13:20:28.024,-0.0045395521192254,52.166557181277724,
2025-03-10 13:20:28.044,-0.0049370634729357,41.46104559301092,
2025-03-10 13:20:28.063,-0.0053000192528882,29.56118966459524,
2025-03-10 13:20:28.083,-0.0056257957855206,16.982429915261587,
2025-03-10 13:20:28.102,-0.0059118062011329,4.294434598246102,
2025-03-10 13:20:28.122,-0.0061560986869233,-7.947338420074009,
2025-03-10 13:20:28.141,-0.0063576611224318,-19.268545403677862,
2025-03-10 13:20:28.161,-0.0065164939434267,-29.330694074308088,
2025-03-10 13:20:28.181,-0.0066337484607271,-37.96414705877614,
2025-03-10 13:20:28.200,-0.0067120250409469,-45.172331221859366,
2025-03-10 13:20:28.220,-0.0067555171267821,-51.10452638938455,
2025-03-10 13:20:28.239,-0.0067695573660659,-56.00070301142581,
2025-03-10 13:20:28.259,-0.0067594888767967,-60.11835311544646,
2025-03-10 13:20:28.278,-0.0067293517333337,-63.65625662345858,
2025-03-10 13:20:28.298,-0.0066811098649462,-66.69202607312252,
2025-03-10 13:20:28.317,-0.0066148027498964,-69.14829109778509,
2025-03-10 13:20:28.337,-0.0065293812434754,-70.79674075500226,
2025-03-10 13:20:28.356,-0.0064236192805338,-71.3010537204708,
2025-03-10 13:20:28.376,-0.0062966506936132,-70.29078470458005,
2025-03-10 13:20:28.395,-0.0061481282276907,-67.45062483299633,
2025-03-10 13:20:28.415,-0.0059782731098614,-62.6050654785587,
2025-03-10 13:20:28.434,-0.0057879609487393,-55.77868294317165,
2025-03-10 13:20:28.454,-0.0055787090712769,-47.21726315934698,
2025-03-10 13:20:28.474,-0.005352382543717,-37.36376705118592,
2025-03-10 13:20:28.493,-0.0051107088836545,-26.79358780799589,
2025-03-10 13:20:28.513,-0.0048549786221843,-16.123062203726473,
2025-03-10 13:20:28.532,-0.0045862517282798,-5.911415552070597,
2025-03-10 13:20:28.552,-0.004305965287541,3.4222146340056776,
2025-03-10 13:20:28.571,-0.0040164206403539,11.648560618142993,
2025-03-10 13:20:28.591,-0.0037206522281771,18.73429447402304,
2025-03-10 13:20:28.610,-0.0034216870221935,24.803767028773112,
2025-03-10 13:20:28.630,-0.0031217442137461,30.06583738975965,
2025-03-10 13:20:28.649,-0.0028219833593389,34.72328311378293,
2025-03-10 13:20:28.669,-0.0025229332343127,38.88664954452005,
2025-03-10 13:20:28.688,-0.0022251887376091,42.51399517651311,
2025-03-10 13:20:28.708,-0.0019298418886721,45.39263262532674,
2025-03-10 13:20:28.727,-0.0016384532874655,47.1695137320898,
2025-03-10 13:20:28.747,-0.0013527746030508,47.42528173340592,
2025-03-10 13:20:28.767,-0.001074508480332,45.77592956805645,
2025-03-10 13:20:28.786,-0.0008051439377649,41.978365358480296,
2025-03-10 13:20:28.806,-0.0005456887388201,36.01421789397442,
2025-03-10 13:20:28.825,-0.0002962291365887,28.13066356969952,
2025-03-10 13:20:28.845,-5.557866512502624e-05,18.82686687519936,
2025-03-10 13:20:28.864,0.000178567472561,8.787263454678536,
2025-03-10 13:20:28.884,0.0004088293518252,-1.224838229346933,
2025-03-10 13:20:28.903,0.0006370443694318,-10.490965458336245,
2025-03-10 13:20:28.923,0.0008634772276631,-18.45253254420228,
2025-03-10 13:20:28.942,0.0010866988836866,-24.793504251325057,
2025-03-10 13:20:28.962,0.0013039968176155,-29.474164545422003,
2025-03-10 13:20:28.981,0.0015118940310519,-32.709850965264216,
2025-03-10 13:20:29.001,0.0017065192849618,-34.89973079576681,
2025-03-10 13:20:29.020,0.0018839489983143,-36.5205343764582,
2025-03-10 13:20:29.040,0.0020407754696224,-38.0068537814923,
2025-03-10 13:20:29.059,0.0021748771298982,-39.6420777283642,
2025-03-10 13:20:29.079,0.0022859871424439,-41.48196027152704,
2025-03-10 13:20:29.099,0.0023756281446383,-43.32665834593635,
2025-03-10 13:20:29.118,0.0024463970256573,-44.74789414840029,
2025-03-10 13:20:29.138,0.0025010674575015,-45.167236917645454,
2025-03-10 13:20:29.157,0.0025420615536458,-43.97120699715226,
2025-03-10 13:20:29.177,0.002571445246131,-40.640978709218444,
2025-03-10 13:20:29.196,0.002591121084956,-34.87071130093418,
2025-03-10 13:20:29.216,0.0026027988149371,-26.650110341461357,
2025-03-10 13:20:29.235,0.0026076782504875,-16.293705105868018,
2025-03-10 13:20:29.255,0.0026061748121399,-4.41016015992465,
2025-03-10 13:20:29.274,0.0025980245569107,8.182723427794704,
2025-03-10 13:20:29.294,0.0025827179928986,20.58066131919899,
2025-03-10 13:20:29.313,0.0025598484236778,31.92928513538399,
2025-03-10 13:20:29.333,0.0025290311610386,41.54824983581473,
2025-03-10 13:20:29.352,0.0024895194484128,49.02014622489718,
2025-03-10 13:20:29.372,0.0024400273909432,54.22878130301122,
2025-03-10 13:20:29.392,0.0023791331036633,57.34153236198007,
2025-03-10 13:20:29.411,0.0023060821870167,58.74131846251975,
2025-03-10 13:20:29.431,0.0022214005425953,58.92327978180527,
2025-03-10 13:20:29.450,0.0021268715088411,58.37778128238224,
2025-03-10 13:20:29.470,0.0020249744136681,57.48363119752314,
2025-03-10 13:20:29.489,0.0019182717330867,56.43293161681241,
2025-03-10 13:20:29.509,0.0018091131131867,55.2021587444444,
2025-03-10 13:20:29.528,0.0016995789524951,53.57420766305209,
2025-03-10 13:20:29.548,0.0015913145297094,51.20525318430292,
2025-03-10 13:20:29.567,0.0014850948981029,47.72073674794189,
2025-03-10 13:20:29.587,0.0013803944744444,42.818749730500606,
2025-03-10 13:20:29.606,0.0012754322702304,36.35792643965009,
2025-03-10 13:20:29.626,0.001167883345952,28.41088116299576,
2025-03-10 13:20:29.645,0.0010559317814078,19.27217792200526,
2025-03-10 13:20:29.665,0.0009390715564354,9.419847118201517,
2025-03-10 13:20:29.685,0.0008182856861301,-0.560741389642522,
2025-03-10 13:20:29.704,0.0006957158765517,-10.074306603892744,
2025-03-10 13:20:29.724,0.0005741976572564,-18.614116096105366,
2025-03-10 13:20:29.743,0.0004568608769233,-25.841400077767,
2025-03-10 13:20:29.763,0.0003466556971394,-31.629731850693997,
2025-03-10 13:20:29.782,0.0002456201732871,-36.06555546096519,
2025-03-10 13:20:29.802,0.0001540665532106,-39.40499125971342,
2025-03-10 13:20:29.821,7.022257643234402e-05,-41.996109465787846,
2025-03-10 13:20:29.841,-9.252988731420636e-06,-44.18321236304103,
2025-03-10 13:20:29.860,-8.803795621204705e-05,-46.2137175763921,
2025-03-10 13:20:29.880,-0.000168877548167,-48.16803202747305,
2025-03-10 13:20:29.899,-0.0002529461319762,-49.92828227184447,
2025-03-10 13:20:29.919,-0.0003399845446972,-51.19375496764992,
2025-03-10 13:20:29.938,-0.0004288116710012,-51.54094626932075,
2025-03-10 13:20:29.958,-0.0005177070999325,-50.51621008055409,
2025-03-10 13:20:29.977,-0.0006045149190531,-47.74126736891616,
2025-03-10 13:20:29.997,-0.0006867134215436,-43.008194251413535,
2025-03-10 13:20:30.017,-0.0007617315970859,-36.34212327865236,
2025-03-10 13:20:30.036,-0.0008274758101184,-28.016744508674552,
2025-03-10 13:20:30.056,-0.0008827290456024,-18.51834520513236,
2025-03-10 13:20:30.075,-0.0009271315582125,-8.466013959553003,
2025-03-10 13:20:30.095,-0.000960801054584,1.4942129679496043,
2025-03-10 13:20:30.114,-0.000983936382151,10.797569694816657,
2025-03-10 13:20:30.134,-0.0009966684007283,19.0471351345676,
2025-03-10 13:20:30.153,-0.0009990763814701,26.059997089587373,
2025-03-10 13:20:30.173,-0.0009910893892142,31.863700880732186,
2025-03-10 13:20:30.192,-0.0009721972304324,36.64512928896799,
2025-03-10 13:20:30.212,-0.000941295969514,40.664813690133066,
2025-03-10 13:20:30.231,-0.0008971111256698,44.15753534934821,
2025-03-10 13:20:30.251,-0.0008392465430175,47.2432152871892,
2025-03-10 13:20:30.270,-0.0007693166248171,49.86978467013446,
2025-03-10 13:20:30.290,-0.0006914144484803,51.80240581359912,
2025-03-10 13:20:30.310,-0.0006115788789162,52.6626367204939,
2025-03-10 13:20:30.329,-0.0005365854327197,52.00933086826101,
2025-03-10 13:20:30.349,-0.0004727174130454,49.44301967677367,
2025-03-10 13:20:30.368,-0.0004249446577257,44.709680039359256,
2025-03-10 13:20:30.388,-0.0003964583439634,37.779603882276994,
2025-03-10 13:20:30.407,-0.0003882926154956,28.88263643848044,
2025-03-10 13:20:30.427,-0.0003989854891611,18.49097664309038,
2025-03-10 13:20:30.446,-0.0004245667814316,7.252597203668574,
2025-03-10 13:20:30.466,-0.0004591584437282,-4.110694729827169,
2025-03-10 13:20:30.485,-0.0004960747844723,-14.918932977705415,
2025-03-10 13:20:30.505,-0.00052893076717,-24.639044966089116,
2025-03-10 13:20:30.524,-0.0005523262337069,-32.957392404954945,
2025-03-10 13:20:30.544,-0.0005621192228761,-39.804868092596,
2025-03-10 13:20:30.563,-0.00055566588736,-45.32957099401479,
2025-03-10 13:20:30.583,-0.0005323110072421,-49.82308692249016,
2025-03-10 13:20:30.603,-0.0004939536668493,-53.61635757128452,
2025-03-10 13:20:30.622,-0.0004451477197876,-56.96806043670028,
2025-03-10 13:20:30.642,-0.0003923124688927,-59.970819037878925,
2025-03-10 13:20:30.661,-0.0003421718578544,-62.49763706185851,
2025-03-10 13:20:30.681,-0.0003000577249733,-64.20292716662847,
2025-03-10 13:20:30.700,-0.0002687667833372,-64.58073767645298,
2025-03-10 13:20:30.720,-0.0002482443081365,-63.06965107561214,
2025-03-10 13:20:30.739,-0.0002359053378928,-59.182363745155016,
2025-03-10 13:20:30.759,-0.000227307028633,-52.631128847832535,
2025-03-10 13:20:30.778,-0.0002171159390596,-43.42008571447425,
2025-03-10 13:20:30.798,-0.0002004559617314,-31.88235518670249,
2025-03-10 13:20:30.817,-0.000174484194259,-18.65207689191144,
2025-03-10 13:20:30.837,-0.0001396205301042,-4.576237380275806,
2025-03-10 13:20:30.856,-9.974877376487109e-05,9.415449552601556,
2025-03-10 13:20:30.876,-6.116053590367763e-05,22.45536585437714,
2025-03-10 13:20:30.895,-3.072112226266417e-05,33.86760491301024,
2025-03-10 13:20:30.915,-1.4111113921787154e-05,43.25637478178067,
2025-03-10 13:20:30.935,-1.474324683848184e-05,50.53643042645429,
2025-03-10 13:20:30.954,-3.3356739882511714e-05,55.90114397916882,
2025-03-10 13:20:30.974,-6.792490428764778e-05,59.7366926087168,
2025-03-10 13:20:30.993,-0.0001136649487805,62.5017079786854,
2025-03-10 13:20:31.013,-0.000163341372264,64.59855927957828,
2025-03-10 13:20:31.032,-0.0002081894908724,66.26396058276839,
2025-03-10 13:20:31.052,-0.000239449292979,67.50248821131308,
2025-03-10 13:20:31.071,-0.0002500126982422,68.07758855739935,
2025-03-10 13:20:31.091,-0.0002355507521109,67.56243493304667,
2025-03-10 13:20:31.110,-0.000194854438777,65.43996828764574,
2025-03-10 13:20:31.130,-0.0001296356304595,61.23039964104405,
2025-03-10 13:20:31.149,-4.42001450270572e-05,54.61794217230307,
2025-03-10 13:20:31.169,5.488624308148498e-05,45.54830576709165,
2025-03-10 13:20:31.188,0.0001593882208587,34.27480712311115,
2025-03-10 13:20:31.208,0.000260501438874,21.342421960264737,
2025-03-10 13:20:31.228,0.000350320692961,7.512959499949832,
2025-03-10 13:20:31.247,0.0004231414410736,-6.352578896776838,
2025-03-10 13:20:31.267,0.0004760871921784,-19.429449672151687,
2025-03-10 13:20:31.286,0.0005089988243855,-31.054218479331368,
2025-03-10 13:20:31.306,0.0005239618422521,-40.81409022011739,
2025-03-10 13:20:31.325,0.0005248711249147,-48.5831878850567,
2025-03-10 13:20:31.345,0.000517062687818,-54.49970229576706,
2025-03-10 13:20:31.364,0.0005067132749081,-58.89009416444384,
2025-03-10 13:20:31.384,0.0004998040187024,-62.15750139694037,
2025-03-10 13:20:31.403,0.0005008847848143,-64.65911185245,
2025-03-10 13:20:31.423,0.0005121967971012,-66.59991354274256,
2025-03-10 13:20:31.442,0.0005335429090225,-67.96713501070766,
2025-03-10 13:20:31.462,0.0005627584569977,-68.52112914658187,
2025-03-10 13:20:31.481,0.0005962487318846,-67.84596159401825,
2025-03-10 13:20:31.501,0.0006292137568989,-65.4491865769343,
2025-03-10 13:20:31.520,0.000655713340212,-60.888507368272485,
2025-03-10 13:20:31.540,0.000669066593722,-53.89629812172064,
2025-03-10 13:20:31.560,0.0006628607874925,-44.47320090714968,
2025-03-10 13:20:31.579,0.0006322858460083,-32.92920360238388,
2025-03-10 13:20:31.599,0.0005751790942555,-19.8627742111918,
2025-03-10 13:20:31.618,0.0004923765352494,-6.082494820304739,
2025-03-10 13:20:31.638,0.0003874779960812,7.51225393056045,
2025-03-10 13:20:31.657,0.0002664154541768,20.067244037867997,
2025-03-10 13:20:31.677,0.0001370177370882,30.899414200848764,
2025-03-10 13:20:31.696,8.381131680696354e-06,39.58939285018418,
2025-03-10 13:20:31.716,-0.0001102155752898,46.02410646215374,
2025-03-10 13:20:31.735,-0.0002107334585789,50.382715762189456,
2025-03-10 13:20:31.755,-0.0002875802460703,53.06967753715971,
2025-03-10 13:20:31.774,-0.0003380548282458,54.60853861101136,
2025-03-10 13:20:31.794,-0.0003619801343454,55.517526318214,
2025-03-10 13:20:31.813,-0.0003610059830173,56.19169292747825,
2025-03-10 13:20:31.833,-0.0003381322625617,56.81539339542801,
2025-03-10 13:20:31.853,-0.0002975776228468,57.323141258903455,
2025-03-10 13:20:31.872,-0.0002446546045741,57.41727994400888,
2025-03-10 13:20:31.892,-0.0001852715447115,56.639188724528616,
2025-03-10 13:20:31.911,-0.0001250672665166,54.47925818036385,
2025-03-10 13:20:31.931,-6.85733870462164e-05,50.50211573257489,
2025-03-10 13:20:31.950,-1.8804109409322983e-05,44.45969037087188,
2025-03-10 13:20:31.970,2.2677596508669543e-05,36.366879255033226,
2025-03-10 13:20:31.989,5.5497963276660166e-05,26.522612020514885,
2025-03-10 13:20:32.009,8.027449930078226e-05,15.47125653279818,
2025-03-10 13:20:32.028,9.842574852960888e-05,3.912682105644029,
2025-03-10 13:20:32.048,0.000111706133772,-7.419317214771357,
2025-03-10 13:20:32.067,0.0001213604955581,-17.883749785273586,
2025-03-10 13:20:32.087,0.0001272536991731,-27.03700369155773,
2025-03-10 13:20:32.106,0.0001276025432254,-34.693082123413554,
2025-03-10 13:20:32.126,0.0001196659115855,-40.92703143187418,
2025-03-10 13:20:32.146,0.0001010894907753,-46.02130363830673,
2025-03-10 13:20:32.165,7.111666262298377e-05,-50.36696586851183,
2025-03-10 13:20:32.185,3.1006737446972114e-05,-54.34135591573576,
2025-03-10 13:20:32.204,-1.6383901303878708e-05,-58.18903391780304,
2025-03-10 13:20:32.224,-6.737507768129647e-05,-61.93260113950359,
2025-03-10 13:20:32.243,-0.0001181032992198,-65.33412851921543,
2025-03-10 13:20:32.263,-0.0001649446154765,-67.9176308983712,
2025-03-10 13:20:32.282,-0.0002049449114774,-69.05021491591465,
2025-03-10 13:20:32.302,-0.0002363606243291,-68.06675750381643,
2025-03-10 13:20:32.321,-0.0002590352935997,-64.4129037444268,
2025-03-10 13:20:32.341,-0.000274193937159,-57.77613265485677,
2025-03-10 13:20:32.360,-0.0002835805942028,-48.17609443433344,
2025-03-10 13:20:32.380,-0.0002884073445037,-35.99346317144039,
2025-03-10 13:20:32.399,-0.0002887830291351,-21.929607245027796,
2025-03-10 13:20:32.419,-0.0002839227084434,-6.904472185478733,
2025-03-10 13:20:32.438,-0.0002728414274418,8.086407670780352,
2025-03-10 13:20:32.458,-0.0002549583625295,22.126088904629587,
2025-03-10 13:20:32.478,-0.0002302931160492,34.50981638265322,
2025-03-10 13:20:32.497,-0.0001994104451528,44.83109559305665,
2025-03-10 13:20:32.517,-0.0001634549223268,53.00378457199041,
2025-03-10 13:20:32.536,-0.000124343101112,59.21756119383655,
2025-03-10 13:20:32.556,-8.480356541129775e-05,63.838403176802665,
2025-03-10 13:20:32.575,-4.7953750815320526e-05,67.2775815824018,
2025-03-10 13:20:32.595,-1.6520061693584497e-05,69.85962604145469,
2025-03-10 13:20:32.614,7.803681791768793e-06,71.72011672174575,
2025-03-10 13:20:32.634,2.444642389832077e-05,72.75758300842122,
2025-03-10 13:20:32.653,3.3585730343072286e-05,72.6513611378793,
2025-03-10 13:20:32.673,3.58013761872826e-05,70.94163337804153,
2025-03-10 13:20:32.692,3.21195017032319e-05,67.15277868496473,
2025-03-10 13:20:32.712,2.427772984951884e-05,60.930513447890846,
2025-03-10 13:20:32.731,1.4692970351721384e-05,52.159972407608,
2025-03-10 13:20:32.751,5.845809023968882e-06,41.03673840344315,
2025-03-10 13:20:32.771,-6.288998545044336e-07,28.074401547882804,
2025-03-10 13:20:32.790,-4.5328100394835005e-06,14.047224121920337,
2025-03-10 13:20:32.810,-7.003538861231334e-06,-0.1190829060153834,
2025-03-10 13:20:32.829,-9.891374905803356e-06,-13.485057264198888,
2025-03-10 13:20:32.849,-1.509871905278497e-05,-25.23586264789085,
2025-03-10 13:20:32.868,-2.419241277124767e-05,-34.7944329404428,
2025-03-10 13:20:32.888,-3.817427854012749e-05,-41.89033206053477,
2025-03-10 13:20:32.907,-5.711686907407382e-05,-46.57497086186056,
2025-03-10 13:20:32.927,-7.964983995565539e-05,-49.18403574473515,
2025-03-10 13:20:32.946,-0.0001026996844487,-50.25678319159157,
2025-03-10 13:20:32.966,-0.0001219417237035,-50.42797070412032,
2025-03-10 13:20:32.985,-0.0001329827685118,-50.311092690415855,
2025-03-10 13:20:33.005,-0.0001327329518962,-50.391384752059885,
2025-03-10 13:20:33.024,-0.0001202590595336,-50.94432992129642,
2025-03-10 13:20:33.044,-9.679383717595212e-05,-51.99094105417501,
2025-03-10 13:20:33.064,-6.515625300620152e-05,-53.295667713646345,
2025-03-10 13:20:33.083,-2.9091896667907187e-05,-54.406949923216295,
2025-03-10 13:20:33.103,7.216278406459574e-06,-54.73458767077689,
2025-03-10 13:20:33.122,3.964689379501158e-05,-53.65256528156748,
2025-03-10 13:20:33.142,6.492139901800954e-05,-50.61133616754283,
2025-03-10 13:20:33.161,8.157098651185423e-05,-45.24076803595654,
2025-03-10 13:20:33.181,9.056494302484534e-05,-37.42511682458262,
2025-03-10 13:20:33.200,9.509058739211826e-05,-27.335403957772773,
2025-03-10 13:20:33.220,9.94815653896012e-05,-15.412352409742455,
2025-03-10 13:20:33.239,0.0001078310681903,-2.3032152568599567,
2025-03-10 13:20:33.259,0.0001229173379836,11.234070457920716,
2025-03-10 13:20:33.278,0.0001456858633171,24.43873971199728,
2025-03-10 13:20:33.298,0.0001750976286931,36.64415228362981,
2025-03-10 13:20:33.317,0.0002080931790533,47.34437874197966,
2025-03-10 13:20:33.337,0.0002397401007222,56.21919855369123,
2025-03-10 13:20:33.356,0.0002639008026341,63.11711596639186,
2025-03-10 13:20:33.376,0.0002745811099002,68.00656389434779,
2025-03-10 13:20:33.396,0.0002675835030357,70.91303977434484,
2025-03-10 13:20:33.415,0.0002417082980475,71.862539458288,
2025-03-10 13:20:33.435,0.0001989399930275,70.84861533279802,
2025-03-10 13:20:33.454,0.0001436903525306,67.83249332572227,
2025-03-10 13:20:33.474,8.167944672801333e-05,62.77519103764474,
2025-03-10 13:20:33.493,1.9000380614521167e-05,55.69060995558221,
2025-03-10 13:20:33.513,-3.853394306662481e-05,46.702137314790605,
2025-03-10 13:20:33.532,-8.6007583084504e-05,36.08422457882909,
2025-03-10 13:20:33.552,-0.0001201180896533,24.2747416892522,
2025-03-10 13:20:33.571,-0.0001397403271282,11.851968227208294,
2025-03-10 13:20:33.591,-0.0001459120993548,-0.5207503857579119,
2025-03-10 13:20:33.610,-0.0001411235343796,-12.171963830020706,
2025-03-10 13:20:33.630,-0.0001283087975084,-22.505503673828624,
2025-03-10 13:20:33.649,-0.0001101373895531,-31.07441459432872,
2025-03-10 13:20:33.669,-8.886991522132411e-05,-37.63219790153676,
2025-03-10 13:20:33.689,-6.651616246687838e-05,-42.153092245345846,
2025-03-10 13:20:33.708,-4.483708254505748e-05,-44.819152880222944,
2025-03-10 13:20:33.728,-2.502900522083564e-05,-45.97780013393243,
2025-03-10 13:20:33.747,-7.370262881402634e-06,-46.07821990641871,
2025-03-10 13:20:33.767,8.774893774083441e-06,-45.59772339865931,
2025-03-10 13:20:33.786,2.4517765888671337e-05,-44.969585308531,
2025-03-10 13:20:33.806,4.089156465969841e-05,-44.522235832081975,
2025-03-10 13:20:33.825,5.855508781086509e-05,-44.43673295975439,
2025-03-10 13:20:33.845,7.779004140101593e-05,-44.7261376118906,
2025-03-10 13:20:33.864,9.847891518915596e-05,-45.237532776899016,
2025-03-10 13:20:33.884,0.0001197870670475,-45.67530893151824,
2025-03-10 13:20:33.903,0.0001396859810452,-45.64283535233116,
2025-03-10 13:20:33.923,0.000154811318667,-44.6982944620226,
2025-03-10 13:20:33.942,0.0001610417720073,-42.418846613813685,
2025-03-10 13:20:33.962,0.000154672454473,-38.46538780882344,
2025-03-10 13:20:33.981,0.000133613659581,-32.63853939726729,
2025-03-10 13:20:34.001,9.80749591629268e-05,-24.91620347440942,
2025-03-10 13:20:34.021,5.0626239935071255e-05,-15.4650142347103,
2025-03-10 13:20:34.040,-4.092260676523781e-06,-4.622590926250813,
2025-03-10 13:20:34.060,-5.977107564896641e-05,7.146181789709106,
2025-03-10 13:20:34.079,-0.0001090423317855,19.309351139224304,
2025-03-10 13:20:34.099,-0.0001445864576434,31.330943285686384,
2025-03-10 13:20:34.118,-0.0001607536375646,42.72276432061178,
2025-03-10 13:20:34.138,-0.0001552018504879,53.07442189254377,
2025-03-10 13:20:34.157,-0.0001298072046499,62.05769252695538,
2025-03-10 13:20:34.177,-9.041124854999218e-05,69.4091997957268,
2025-03-10 13:20:34.196,-4.557264805641663e-05,74.90208296360508,
2025-03-10 13:20:34.216,-4.856443356610101e-06,78.32086339038551,
2025-03-10 13:20:34.235,2.291330413555021e-05,79.45281339028095,
2025-03-10 13:20:34.255,3.1310589519899006e-05,78.10380301694158,
2025-03-10 13:20:34.274,1.7800569820189025e-05,74.13825007022204,
2025-03-10 13:20:34.294,-1.5276009769892334e-05,67.53395079497623,
2025-03-10 13:20:34.314,-6.079984725462277e-05,58.43609725469504,
2025-03-10 13:20:34.333,-0.0001084017387975,47.19289040021575,
2025-03-10 13:20:34.353,-0.0001471080598163,34.35852327885767,
2025-03-10 13:20:34.372,-0.0001681501161753,20.656890473486754,
2025-03-10 13:20:34.392,-0.0001668871210167,6.908876536896965,
2025-03-10 13:20:34.411,-0.0001433267068611,-6.065171735984776,
2025-03-10 13:20:34.431,-0.0001014732344412,-17.550324973973144,
2025-03-10 13:20:34.450,-4.812873494110267e-05,-27.02999928966517,
2025-03-10 13:20:34.470,8.389369428074695e-06,-34.249852347092954,
2025-03-10 13:20:34.489,5.954165175544887e-05,-39.24105302364027,
2025-03-10 13:20:34.509,9.794189703094149e-05,-42.29877448382887,
2025-03-10 13:20:34.528,0.0001186558318984,-43.919654140108086,
2025-03-10 13:20:34.548,0.0001199954200681,-44.70885243048208,
2025-03-10 13:20:34.567,0.0001034622866041,-45.2720713691396,
2025-03-10 13:20:34.587,7.293311964288214e-05,-46.10981575224966,
2025-03-10 13:20:34.607,3.357269852586823e-05,-47.53024912722045,
2025-03-10 13:20:34.626,-9.07174709931164e-06,-49.59370480281272,
2025-03-10 13:20:34.646,-4.972425528306785e-05,-52.09706434855308,
2025-03-10 13:20:34.665,-8.399645875637963e-05,-54.60062355433005,
2025-03-10 13:20:34.685,-0.0001090485152669,-56.49431356390947,
2025-03-10 13:20:34.704,-0.0001240045993541,-57.09458841011635,
2025-03-10 13:20:34.724,-0.000129708626384,-55.75829171272212,
2025-03-10 13:20:34.743,-0.0001277784390052,-51.99602576573281,
2025-03-10 13:20:34.763,-0.0001194916246343,-45.56596282959279,
2025-03-10 13:20:34.782,-0.0001052492506144,-36.53069769902092,
2025-03-10 13:20:34.802,-8.495393683634002e-05,-25.26515216482036,
2025-03-10 13:20:34.821,-5.893180894914678e-05,-12.41217571276054,
2025-03-10 13:20:34.841,-2.8640052214621756e-05,1.2073367211743402,
2025-03-10 13:20:34.860,3.347902436339824e-06,14.713660289365343,
2025-03-10 13:20:34.880,3.3972536654371284e-05,27.294463888111395,
2025-03-10 13:20:34.899,6.042613963789886e-05,38.31416694052903,
2025-03-10 13:20:34.919,8.061292364053072e-05,47.38591573970818,
2025-03-10 13:20:34.939,9.33502564400284e-05,54.393151452906,
2025-03-10 13:20:34.958,9.852961169974232e-05,59.45786003464552,
2025-03-10 13:20:34.978,9.72622667249357e-05,62.8634842273574,
2025-03-10 13:20:34.997,9.174664972101214e-05,64.95011271495616,
2025-03-10 13:20:35.017,8.463201266793979e-05,66.00593684901129,
2025-03-10 13:20:35.036,7.805950312223805e-05,66.18042622667835,
2025-03-10 13:20:35.056,7.293325285327643e-05,65.44038639952741,
2025-03-10 13:20:35.075,6.889563267315503e-05,63.58045756038104,
2025-03-10 13:20:35.095,6.49727612709756e-05,60.286574739962525,
2025-03-10 13:20:35.114,6.036629443969434e-05,55.237516473161534,
2025-03-10 13:20:35.134,5.48380248416606e-05,48.21947040856477,
2025-03-10 13:20:35.153,4.8571144501528784e-05,39.22450882931196,
2025-03-10 13:20:35.173,4.185758764405229e-05,28.50733324005886,
2025-03-10 13:20:35.192,3.501228952506606e-05,16.58474938561694,
2025-03-10 13:20:35.212,2.8547181669422984e-05,4.176237708004353,
2025-03-10 13:20:35.232,2.327078884732217e-05,-7.902126621400483,
2025-03-10 13:20:35.251,2.001863784474721e-05,-18.867792825407108,
2025-03-10 13:20:35.271,1.912372698073797e-05,-28.098664715945624,
2025-03-10 13:20:35.290,2.005369201379301e-05,-35.231232405566,
2025-03-10 13:20:35.310,2.151398636586056e-05,-40.21113318506976,
2025-03-10 13:20:35.329,2.188387888072744e-05,-43.28745349087557,
2025-03-10 13:20:35.349,1.958685655206773e-05,-44.953097984294274,
2025-03-10 13:20:35.368,1.317820913553707e-05,-45.8433255421004,
2025-03-10 13:20:35.388,1.3470667419377209e-06,-46.61142306015528,
2025-03-10 13:20:35.407,-1.679189348839675e-05,-47.80354145193584,
2025-03-10 13:20:35.427,-4.102500280856746e-05,-49.75386527735109,
2025-03-10 13:20:35.446,-6.937803091017969e-05,-52.51714325975557,
2025-03-10 13:20:35.466,-9.805674985992274e-05,-55.84920256890148,
2025-03-10 13:20:35.485,-0.0001222446760745,-59.23851844831117,
2025-03-10 13:20:35.505,-0.0001374121053006,-61.98417844306277,
2025-03-10 13:20:35.525,-0.0001404644307697,-63.30845168286702,
2025-03-10 13:20:35.544,-0.0001302854437412,-62.486390630009545,
2025-03-10 13:20:35.564,-0.000107741510197,-58.971324108147954,
2025-03-10 13:20:35.583,-7.547330373047682e-05,-52.49471869723059,
2025-03-10 13:20:35.603,-3.760107635622521e-05,-43.12240823616499,
2025-03-10 13:20:35.622,8.5710046583369e-07,-31.256532020321192,
2025-03-10 13:20:35.642,3.5030169834105047e-05,-17.582461089125637,
2025-03-10 13:20:35.661,6.14560763246581e-05,-2.9703863887109376,
2025-03-10 13:20:35.681,7.894085708755295e-05,11.650271200347246,
2025-03-10 13:20:35.700,8.851069530297855e-05,25.420673101781304,
2025-03-10 13:20:35.720,9.25209521785235e-05,37.663285430730895,
2025-03-10 13:20:35.739,9.351907291798176e-05,47.95408823862691,
2025-03-10 13:20:35.759,9.34969839084776e-05,56.144208778502936,
2025-03-10 13:20:35.778,9.371891653323485e-05,62.3286051511963,
2025-03-10 13:20:35.798,9.481955536969168e-05,66.76990172486414,
2025-03-10 13:20:35.817,9.678552429196136e-05,69.79480651569932,
2025-03-10 13:20:35.837,9.878032743770777e-05,71.68667009927024,
2025-03-10 13:20:35.857,9.913018172971231e-05,72.59898797052747,
2025-03-10 13:20:35.876,9.574833102785518e-05,72.51023309485207,
2025-03-10 13:20:35.896,8.688106764709613e-05,71.23090833665644,
2025-03-10 13:20:35.915,7.174096866053225e-05,68.46114565066848,
2025-03-10 13:20:35.935,5.068781054061801e-05,63.884629955156704,
2025-03-10 13:20:35.954,2.501223992270173e-05,57.27542643774752,
2025-03-10 13:20:35.974,-3.3455156306101154e-06,48.591010806010665,
2025-03-10 13:20:35.993,-3.1924265909229126e-05,38.02835731618259,
2025-03-10 13:20:36.013,-5.785826607403024e-05,26.02923075219619,
2025-03-10 13:20:36.032,-7.829878685638086e-05,13.233141426656454,
2025-03-10 13:20:36.052,-9.119892255439692e-05,0.3884054915791529,
2025-03-10 13:20:36.071,-9.604887064433676e-05,-11.759494603311182,
2025-03-10 13:20:36.091,-9.39766580700196e-05,-22.579227745809398,
2025-03-10 13:20:36.110,-8.701242984591385e-05,-31.64294086704279,
2025-03-10 13:20:36.130,-7.69538112175021e-05,-38.77750569274581,
2025-03-10 13:20:36.150,-6.458574423125879e-05,-44.06974069627978,
2025-03-10 13:20:36.169,-4.971290033293187e-05,-47.826508985553616,
2025-03-10 13:20:36.189,-3.183807164287957e-05,-50.49846362146003,
2025-03-10 13:20:36.208,-1.092306866006982e-05,-52.581874953558966,
2025-03-10 13:20:36.228,1.2208366341466168e-05,-54.515787217890086,
2025-03-10 13:20:36.247,3.583731163909755e-05,-56.591671897092375,
2025-03-10 13:20:36.267,5.742976358816892e-05,-58.89018721127913,
2025-03-10 13:20:36.286,7.371032074952591e-05,-61.25524330246331,
2025-03-10 13:20:36.306,8.092910017904851e-05,-63.30993476715543,
2025-03-10 13:20:36.325,7.558694934877836e-05,-64.51258493530923,
2025-03-10 13:20:36.345,5.554591804083387e-05,-64.24472029943827,
2025-03-10 13:20:36.364,2.103726664295984e-05,-61.9170282227784,
2025-03-10 13:20:36.384,-2.4965475701150345e-05,-57.07531402451589,
2025-03-10 13:20:36.403,-7.714930093711383e-05,-49.487386386304486,
2025-03-10 13:20:36.423,-0.0001287399261078,-39.19458130818836,
2025-03-10 13:20:36.442,-0.0001724745959658,-26.518291109393434,
2025-03-10 13:20:36.462,-0.0002015649539037,-12.021120919708178,
2025-03-10 13:20:36.482,-0.0002107842175519,3.5681800578854586,
2025-03-10 13:20:36.501,-0.0001976764778382,19.449633163091008,
2025-03-10 13:20:36.521,-0.0001634890080647,34.847269032633406,
2025-03-10 13:20:36.540,-0.0001132422592709,49.08658139494851,
2025-03-10 13:20:36.560,-5.4682894541128064e-05,61.641341636485656,
2025-03-10 13:20:36.579,3.513302188267284e-06,72.14467293237074,
2025-03-10 13:20:36.599,5.3548463376633935e-05,80.36792232365572,
2025-03-10 13:20:36.618,8.975139907704709e-05,86.17857585343754,
2025-03-10 13:20:36.638,0.0001091934142233,89.49334512996576,
2025-03-10 13:20:36.657,0.0001119256405223,90.24311745318352,
2025-03-10 13:20:36.677,0.000100995538888,88.36222119123516,
2025-03-10 13:20:36.696,8.207361015515833e-05,83.80635346242083,
2025-03-10 13:20:36.716,6.24047235846835e-05,76.59385298388924,
2025-03-10 13:20:36.735,4.911937801664317e-05,66.85680888560863,
2025-03-10 13:20:36.755,4.744511598565688e-05,54.88446896546719,
2025-03-10 13:20:36.775,5.953492019226353e-05,41.142847517758376,
2025-03-10 13:20:36.794,8.424608634855007e-05,26.26073442777701,
2025-03-10 13:20:36.814,0.0001175986988966,10.98128915769719,
2025-03-10 13:20:36.833,0.0001534033120987,-3.912768376177159,
2025-03-10 13:20:36.853,0.0001838741980501,-17.686106234484047,
2025-03-10 13:20:36.872,0.0002005194196998,-29.73324018422232,
2025-03-10 13:20:36.892,0.0001956401679507,-39.64147179792192,
2025-03-10 13:20:36.911,0.0001642734334429,-47.22397022142536,
2025-03-10 13:20:36.931,0.0001058522124085,-52.51910896634928,
2025-03-10 13:20:36.950,2.4793517751677372e-05,-55.75883658587213,
2025-03-10 13:20:36.970,-7.025651917658585e-05,-57.31429172352941,
2025-03-10 13:20:36.989,-0.0001681353795079,-57.629941711283735,
2025-03-10 13:20:37.009,-0.000257186723769,-57.15772495617532,
2025-03-10 13:20:37.028,-0.0003271710560421,-56.30031613604906,
2025-03-10 13:20:37.048,-0.0003709608672052,-55.36875164662693,
2025-03-10 13:20:37.068,-0.0003859047534572,-54.55567215332237,
2025-03-10 13:20:37.087,-0.0003744440547305,-53.92265692452185,
2025-03-10 13:20:37.107,-0.0003434370987243,-53.39925539253325,
2025-03-10 13:20:37.126,-0.0003020493515219,-52.792232057825935,
2025-03-10 13:20:37.146,-0.0002588315262511,-51.80528141503987,
2025-03-10 13:20:37.165,-0.0002191415594943,-50.07064257573738,
2025-03-10 13:20:37.185,-0.0001839049382687,-47.1934340979243,
2025-03-10 13:20:37.204,-0.0001499703096022,-42.80675791761181,
2025-03-10 13:20:37.224,-0.0001116011555377,-36.631481568699286,
2025-03-10 13:20:37.243,-6.243259977285446e-05,-28.530845457133164,
2025-03-10 13:20:37.263,2.552023023095878e-06,-18.54858824479776,
2025-03-10 13:20:37.282,8.524897147154364e-05,-6.921311466104297,
2025-03-10 13:20:37.302,0.0001831597407838,5.938888866841677,
2025-03-10 13:20:37.321,0.0002891012390811,19.488462274879407,
2025-03-10 13:20:37.341,0.0003922957565155,33.11356594831564,
2025-03-10 13:20:37.360,0.0004806910076799,46.19495908410914,
2025-03-10 13:20:37.380,0.0005436929688725,58.163230886013245,
2025-03-10 13:20:37.400,0.0005742698951436,68.53471895673675,
2025-03-10 13:20:37.419,0.0005698307399606,76.92478515209324,
2025-03-10 13:20:37.439,0.0005320148726097,83.04204668996894,
2025-03-10 13:20:37.458,0.0004659405664893,86.67260238242332,
2025-03-10 13:20:37.478,0.0003793076918353,87.6655453315148,
2025-03-10 13:20:37.497,0.0002813551080266,85.9293525215182,
2025-03-10 13:20:37.517,0.000181535684815,81.44361550471064,
2025-03-10 13:20:37.536,8.804388868200164e-05,74.28379038743665,
2025-03-10 13:20:37.556,6.678228721026143e-06,64.6506156016666,
2025-03-10 13:20:37.575,-5.9496605872690994e-05,52.89268151399173,
2025-03-10 13:20:37.595,-0.0001096751700676,39.51129076018164,
2025-03-10 13:20:37.614,-0.0001445118900877,25.140749730283844,
2025-03-10 13:20:37.634,-0.0001655658222202,10.50309192219454,
2025-03-10 13:20:37.653,-0.0001751490787415,-3.65777767674532,
2025-03-10 13:20:37.673,-0.0001762561967354,-16.652760981471662,
2025-03-10 13:20:37.693,-0.0001721845265519,-27.92256838990568,
2025-03-10 13:20:37.712,-0.0001658549355022,-37.0982241031513,
2025-03-10 13:20:37.732,-0.0001592600372603,-44.03643666448842,
2025-03-10 13:20:37.751,-0.0001534251784072,-48.823524498431205,
2025-03-10 13:20:37.771,-0.0001487931260116,-51.74719088296184,
2025-03-10 13:20:37.790,-0.0001455649228269,-53.241071514937765,
2025-03-10 13:20:37.810,-0.0001436750304906,-53.81135270840719,
2025-03-10 13:20:37.829,-0.0001425774665665,-53.95699781389674,
2025-03-10 13:20:37.849,-0.0001413016440846,-54.09502602625951,
2025-03-10 13:20:37.868,-0.0001389763208056,-54.50035374017073,
2025-03-10 13:20:37.888,-0.000135482986707,-55.266836790121296,
2025-03-10 13:20:37.907,-0.0001316555028133,-56.29322583616198,
2025-03-10 13:20:37.927,-0.0001287736308521,-57.29525183574045,
2025-03-10 13:20:37.946,-0.0001277076765631,-57.84292996563892,
2025-03-10 13:20:37.966,-0.0001283745948042,-57.419957219869545,
2025-03-10 13:20:37.986,-0.0001298699113646,-55.49934955879758,
2025-03-10 13:20:38.005,-0.0001310352883589,-51.62625302432574,
2025-03-10 13:20:38.025,-0.0001308920221941,-45.49590740368678,
2025-03-10 13:20:38.044,-0.0001286118830659,-37.01333359331674,
2025-03-10 13:20:38.064,-0.00012322869697,-26.322748598351676,
2025-03-10 13:20:38.083,-0.0001135623998064,-13.799531515775406,
2025-03-10 13:20:38.103,-9.858148913680816e-05,-0.0050569867257979,
2025-03-10 13:20:38.122,-7.796027245192038e-05,14.38701894458864,
2025-03-10 13:20:38.142,-5.238093962806544e-05,28.67780415243121,
2025-03-10 13:20:38.161,-2.336555819776649e-05,42.22534786412984,
2025-03-10 13:20:38.181,7.168095303940329e-06,54.50532965387888,
2025-03-10 13:20:38.200,3.726747100390232e-05,65.13937231184778,
2025-03-10 13:20:38.220,6.508651000188807e-05,73.88848021042409,
2025-03-10 13:20:38.239,8.900171071376513e-05,80.61802615373952,
2025-03-10 13:20:38.259,0.0001079344898132,85.24791537582988,
2025-03-10 13:20:38.278,0.0001217905828141,87.70514426756031,
2025-03-10 13:20:38.298,0.0001316099471618,87.89484128375561,
2025-03-10 13:20:38.318,0.000139104541518,85.70012313037307,
2025-03-10 13:20:38.337,0.0001457381169566,81.0121915282113,
2025-03-10 13:20:38.357,0.0001519342596607,73.78262100166403,
2025-03-10 13:20:38.376,0.0001569556227967,64.08266680696676,
2025-03-10 13:20:38.396,0.0001594931039199,52.15183885175082,
2025-03-10 13:20:38.415,0.0001584876859336,38.42054278785619,
2025-03-10 13:20:38.435,0.0001536303885476,23.4981488886407,
2025-03-10 13:20:38.454,0.0001453666101047,8.12617832517125,
2025-03-10 13:20:38.474,0.0001346500565799,-6.895915789209979,
2025-03-10 13:20:38.493,0.0001227376463667,-20.799267702973324,
2025-03-10 13:20:38.513,0.0001110252022188,-32.932643050516816,
2025-03-10 13:20:38.532,0.0001007090716941,-42.83275751832189,
2025-03-10 13:20:38.552,9.222107086488358e-05,-50.26616076748949,
2025-03-10 13:20:38.571,8.475521471129853e-05,-55.23681395364811,
2025-03-10 13:20:38.591,7.633922268841587e-05,-57.96032387887122,
2025-03-10 13:20:38.611,6.458196494464877e-05,-58.81200045013856,
2025-03-10 13:20:38.630,4.770538904286241e-05,-58.25998068246879,
2025-03-10 13:20:38.650,2.5232917575515394e-05,-56.79571954864437,
2025-03-10 13:20:38.669,-2.0037875441468737e-06,-54.87221872397171,
2025-03-10 13:20:38.689,-3.232449141664406e-05,-52.85642848737621,
2025-03-10 13:20:38.708,-6.36248970133596e-05,-50.99788592798016,
2025-03-10 13:20:38.728,-9.350764504902596e-05,-49.41238731333426,
2025-03-10 13:20:38.747,-0.0001193441046034,-48.078246976737525,
2025-03-10 13:20:38.767,-0.0001386659282787,-46.84342301916385,
2025-03-10 13:20:38.786,-0.00014993732233,-45.44354637041,
2025-03-10 13:20:38.806,-0.0001532533356114,-43.53225069667546,
2025-03-10 13:20:38.825,-0.0001504025909326,-40.72489546404254,
2025-03-10 13:20:38.845,-0.000144169994334,-36.65428817073056,
2025-03-10 13:20:38.864,-0.0001373157684532,-31.032909940494825,
2025-03-10 13:20:38.884,-0.0001318088563124,-23.71196053688865,
2025-03-10 13:20:38.903,-0.0001285179462082,-14.725189387832229,
2025-03-10 13:20:38.923,-0.0001271206176139,-4.306462441276526,
2025-03-10 13:20:38.943,-0.0001259771722099,7.125326851007104,
2025-03-10 13:20:38.962,-0.0001221127656046,19.01312115840377,
2025-03-10 13:20:38.982,-0.0001117441950055,30.731685778467536,
2025-03-10 13:20:39.001,-9.154518796873096e-05,41.66620405917718,
2025-03-10 13:20:39.021,-6.021351511549728e-05,51.28286875418971,
2025-03-10 13:20:39.040,-1.948024961279508e-05,59.17723192092719,
2025-03-10 13:20:39.060,2.607031679330787e-05,65.09230965230434,
2025-03-10 13:20:39.079,7.027107610315686e-05,68.90679072749954,
2025-03-10 13:20:39.099,0.0001070071813389,70.60178512817457,
2025-03-10 13:20:39.118,0.0001314663983997,70.21997390201274,
2025-03-10 13:20:39.138,0.0001407579368591,67.83207840528341,
2025-03-10 13:20:39.157,0.0001341318890046,63.52184252653429,
2025-03-10 13:20:39.177,0.0001130526094773,57.39338241643697,
2025-03-10 13:20:39.196,8.105680618758306e-05,49.59627715387279,
2025-03-10 13:20:39.216,4.313891992865746e-05,40.35707462572093,
2025-03-10 13:20:39.236,4.644321593986071e-06,30.00322253117249,
2025-03-10 13:20:39.255,-2.9900840274596744e-05,18.967531525854508,
2025-03-10 13:20:39.275,-5.7432648247615047e-05,7.7671589437556126,
2025-03-10 13:20:39.294,-7.623836100522461e-05,-3.041384461013657,
2025-03-10 13:20:39.314,-8.54476655330723e-05,-12.92296839011011,
2025-03-10 13:20:39.333,-8.472819598073238e-05,-21.427953219977507,
2025-03-10 13:20:39.353,-7.446276112240556e-05,-28.246580378065158,
2025-03-10 13:20:39.372,-5.612611357624208e-05,-33.242982114726225,
2025-03-10 13:20:39.392,-3.233723225111024e-05,-36.46281750230459,
2025-03-10 13:20:39.411,-6.355719837552408e-06,-38.11416422421424,
2025-03-10 13:20:39.431,1.8695507433242787e-05,-38.526537584600725,
2025-03-10 13:20:39.450,4.037997092818698e-05,-38.09660214203122,
2025-03-10 13:20:39.470,5.704024482683598e-05,-37.23053575773766,
2025-03-10 13:20:39.489,6.76530755600396e-05,-36.29199386417932,
2025-03-10 13:20:39.509,7.181738128265433e-05,-35.56180713526844,
2025-03-10 13:20:39.529,6.9961148520598e-05,-35.21203649051839,
2025-03-10 13:20:39.548,6.346629467020298e-05,-35.29399500906059,
2025-03-10 13:20:39.568,5.437310689964321e-05,-35.73815326409607,
2025-03-10 13:20:39.587,4.471865868434639e-05,-36.36366854283244,
2025-03-10 13:20:39.607,3.59702474534988e-05,-36.89617931929031,
2025-03-10 13:20:39.626,2.8965530178116488e-05,-36.993631328937006,
2025-03-10 13:20:39.646,2.428540205573535e-05,-36.28034318635423,
2025-03-10 13:20:39.665,2.256918492111745e-05,-34.38869395841768,
2025-03-10 13:20:39.685,2.4380505118915737e-05,-31.00573805481962,
2025-03-10 13:20:39.704,2.9748804165707176e-05,-25.919409036375527,
2025-03-10 13:20:39.724,3.789364836393186e-05,-19.05692246194519,
2025-03-10 13:20:39.743,4.747287419652034e-05,-10.507710882994218,
2025-03-10 13:20:39.763,5.716379248005323e-05,-0.5253588241257796,
2025-03-10 13:20:39.782,6.606082022189668e-05,10.492758911375423,
2025-03-10 13:20:39.802,7.358422516073545e-05,22.04433543375661,
2025-03-10 13:20:39.821,7.910106557823235e-05,33.571433999521766,
2025-03-10 13:20:39.841,8.173436434523786e-05,44.51026768510288,
2025-03-10 13:20:39.861,8.06162931033367e-05,54.33260028444391,
2025-03-10 13:20:39.880,7.53644605322046e-05,62.57365128086576,
2025-03-10 13:20:39.900,6.631139298495744e-05,68.84641673887246,
2025-03-10 13:20:39.919,5.4246152021303154e-05,72.84683481834561,
2025-03-10 13:20:39.939,3.990151512641676e-05,74.3566005863505,
2025-03-10 13:20:39.958,2.366106220668651e-05,73.24980474354766,
2025-03-10 13:20:39.978,5.732935732533076e-06,69.50619003776637,
2025-03-10 13:20:39.997,-1.3416572781050058e-05,63.22902644463346,
2025-03-10 13:20:40.017,-3.279439217208594e-05,54.66133045185468,
2025-03-10 13:20:40.036,-5.098262537294898e-05,44.19211924738014,
2025-03-10 13:20:40.056,-6.64312178967384e-05,32.34540374161604,
2025-03-10 13:20:40.075,-7.765147120801229e-05,19.74831466352501,
2025-03-10 13:20:40.095,-8.328990071619977e-05,7.079857948688106,
2025-03-10 13:20:40.114,-8.23453266596635e-05,-4.993263837922099,
2025-03-10 13:20:40.134,-7.468708321239875e-05,-15.883878245829925,
2025-03-10 13:20:40.154,-6.160400701280813e-05,-25.143553426943484,
2025-03-10 13:20:40.173,-4.585040144615682e-05,-32.50398252339545,
2025-03-10 13:20:40.193,-3.091043077642715e-05,-37.89403903862625,
2025-03-10 13:20:40.212,-1.9793591068460708e-05,-41.430559241040015,
2025-03-10 13:20:40.232,-1.4066872770446313e-05,-43.38565636752176,
2025-03-10 13:20:40.251,-1.3662220399560795e-05,-44.13720381908144,
2025-03-10 13:20:40.271,-1.7417704593942012e-05,-44.11117910103481,
2025-03-10 13:20:40.290,-2.383213907718608e-05,-43.724505483574674,
2025-03-10 13:20:40.310,-3.153512255174897e-05,-43.33519860878794,
2025-03-10 13:20:40.329,-3.940592935924127e-05,-43.2038933321225,
2025-03-10 13:20:40.349,-4.663660295759092e-05,-43.46824723946597,
2025-03-10 13:20:40.368,-5.295750962771143e-05,-44.1301120257179,
2025-03-10 13:20:40.388,-5.885660255252806e-05,-45.05501781384408,
2025-03-10 13:20:40.407,-6.541274069622304e-05,-45.98409559692266,
2025-03-10 13:20:40.427,-7.362558124214083e-05,-46.55926291273693,
2025-03-10 13:20:40.447,-8.361750157567444e-05,-46.36236688719039,
2025-03-10 13:20:40.466,-9.427879004729491e-05,-44.967350237333605,
2025-03-10 13:20:40.486,-0.0001035933531576,-42.00138129109584,
2025-03-10 13:20:40.505,-0.0001093375267834,-37.20709275132212,
2025-03-10 13:20:40.525,-0.0001096196410178,-30.49505337417348,
2025-03-10 13:20:40.544,-0.0001030180943598,-21.974901099722064,
2025-03-10 13:20:40.564,-8.855398344383962e-05,-11.956180229588782,
2025-03-10 13:20:40.583,-6.588801384943618e-05,-0.9157308342090472,
2025-03-10 13:20:40.603,-3.5795019213038745e-05,10.563877622911711,
2025-03-10 13:20:40.622,-5.146750911954685e-07,21.8730858167727,
2025-03-10 13:20:40.642,3.648118527517912e-05,32.45479616438169,
2025-03-10 13:20:40.661,7.132836879348667e-05,41.86754251414759,
2025-03-10 13:20:40.681,0.000100733103822,49.81931092864499,
2025-03-10 13:20:40.700,0.0001224947021062,56.16636909851472,
2025-03-10 13:20:40.720,0.0001354453186857,60.88045900491603,
2025-03-10 13:20:40.739,0.0001391555648674,63.9959102149012,
2025-03-10 13:20:40.759,0.0001338374937477,65.55341343110157,
2025-03-10 13:20:40.779,0.0001205091851901,65.55782972188808,
2025-03-10 13:20:40.798,0.0001010863119357,63.96313558162817,
2025-03-10 13:20:40.818,7.807248194588668e-05,60.68945382338246,
2025-03-10 13:20:40.837,5.393056894214087e-05,55.66738868067818,
2025-03-10 13:20:40.857,3.057755956386413e-05,48.89649293271125,
2025-03-10 13:20:40.876,9.33754879648947e-06,40.50021091210792,
2025-03-10 13:20:40.896,-8.783865598079312e-06,30.760335743916684,
2025-03-10 13:20:40.915,-2.2949334929568072e-05,20.11945036918319,
2025-03-10 13:20:40.935,-3.270557995140987e-05,9.14812058081776,
2025-03-10 13:20:40.954,-3.83137095010916e-05,-1.5177337648835862,
2025-03-10 13:20:40.974,-4.070833448726361e-05,-11.257113193049491,
2025-03-10 13:20:40.993,-4.0908246213896455e-05,-19.546254343884936,
2025-03-10 13:20:41.013,-3.926505617694332e-05,-26.027640543090136,
2025-03-10 13:20:41.032,-3.518290456134194e-05,-30.55376283630613,
2025-03-10 13:20:41.052,-2.759453049904072e-05,-33.1990934695958,
2025-03-10 13:20:41.072,-1.584197358773473e-05,-34.23975215388707,
2025-03-10 13:20:41.091,-2.795077723389534e-07,-34.10566207787535,
2025-03-10 13:20:41.111,1.7805301091011637e-05,-33.313664212076695,
2025-03-10 13:20:41.130,3.675220859709005e-05,-32.39171478541271,
2025-03-10 13:20:41.150,5.5019757257412405e-05,-31.804159335336323,
2025-03-10 13:20:41.169,7.125938844495256e-05,-31.88678481593718,
2025-03-10 13:20:41.189,8.411952331557478e-05,-32.79859755919834,
2025-03-10 13:20:41.208,9.2189278157585e-05,-34.495532684079635,
2025-03-10 13:20:41.228,9.427638950106513e-05,-36.72965835380937,
2025-03-10 13:20:41.247,8.979436581498174e-05,-39.07560916451565,
2025-03-10 13:20:41.267,7.888965533404153e-05,-40.98349125976038,
2025-03-10 13:20:41.286,6.222507850341026e-05,-41.85402052545012,
2025-03-10 13:20:41.306,4.071095391784419e-05,-41.12737605144583,
2025-03-10 13:20:41.325,1.550557599399824e-05,-38.37308058844295,
2025-03-10 13:20:41.345,-1.1741362569538149e-05,-33.36561335209304,
2025-03-10 13:20:41.365,-3.876359698233203e-05,-26.13087807714248,
2025-03-10 13:20:41.384,-6.29749196581537e-05,-16.95285641214991,
2025-03-10 13:20:41.404,-8.208393871347816e-05,-6.337333829835467,
2025-03-10 13:20:41.423,-9.459197671447872e-05,5.061207310317958,
2025-03-10 13:20:41.443,-9.984295696051566e-05,16.535051599735226,
2025-03-10 13:20:41.462,-9.773604597741509e-05,27.42144160190902,
2025-03-10 13:20:41.482,-8.852660845174251e-05,37.18342920983758,
2025-03-10 13:20:41.501,-7.298364201193254e-05,45.45773728340305,
2025-03-10 13:20:41.521,-5.2700750923252365e-05,52.06210992805322,
2025-03-10 13:20:41.540,-3.0086955934899143e-05,56.96445559506618,
2025-03-10 13:20:41.560,-7.811516557905644e-06,60.2252312616593,
2025-03-10 13:20:41.579,1.1991249993368745e-05,61.93073459568366,
2025-03-10 13:20:41.599,2.818238169793342e-05,62.136644551715925,
2025-03-10 13:20:41.618,4.044645469206957e-05,60.837723059283256,
2025-03-10 13:20:41.638,4.874350413938317e-05,57.9718343428938,
2025-03-10 13:20:41.657,5.29353759458767e-05,53.456393449757215,
2025-03-10 13:20:41.677,5.290994392131551e-05,47.24584718342326,
2025-03-10 13:20:41.697,4.902149077046938e-05,39.39259563968282,
2025-03-10 13:20:41.716,4.237509293720617e-05,30.092684125420632,
2025-03-10 13:20:41.736,3.466711226653891e-05,19.70183433400497,
2025-03-10 13:20:41.755,2.7730244118919775e-05,8.715499421056604,
2025-03-10 13:20:41.775,2.3151486292923883e-05,-2.28390350598155,
2025-03-10 13:20:41.794,2.212094137838968e-05,-12.701320643373585,
2025-03-10 13:20:41.814,2.5302989667580105e-05,-22.00897880294679,
2025-03-10 13:20:41.833,3.246206106137486e-05,-29.81547453210268,
2025-03-10 13:20:41.853,4.194565933249386e-05,-35.91104302652636,
2025-03-10 13:20:41.872,5.053679536422567e-05,-40.28200758390616,
2025-03-10 13:20:41.892,5.413898966417303e-05,-43.0942084810101,
2025-03-10 13:20:41.911,4.919414567730372e-05,-44.651082743468,
2025-03-10 13:20:41.931,3.413514597349237e-05,-45.33575039915815,
2025-03-10 13:20:41.950,1.0086866146706735e-05,-45.54748084323261,
2025-03-10 13:20:41.970,-1.9479044590217584e-05,-45.64164861392928,
2025-03-10 13:20:41.990,-4.981509043724156e-05,-45.87975531202935,
2025-03-10 13:20:42.009,-7.613103586992473e-05,-46.39347685129983,
2025-03-10 13:20:42.029,-9.46221227116969e-05,-47.16485556832626,
2025-03-10 13:20:42.048,-0.0001032246133997,-48.02393139003047,
2025-03-10 13:20:42.068,-0.0001021010104409,-48.66487749579196,
2025-03-10 13:20:42.087,-9.37081282168837e-05,-48.68122568299118,
2025-03-10 13:20:42.107,-8.222929263161608e-05,-47.619167728118974,
2025-03-10 13:20:42.126,-7.237927654750123e-05,-45.04481463731636,
2025-03-10 13:20:42.146,-6.799162175558768e-05,-40.617171674057744,
2025-03-10 13:20:42.165,-7.099832820247776e-05,-34.15483037196813,
2025-03-10 13:20:42.185,-8.116496267101357e-05,-25.68280311876384,
2025-03-10 13:20:42.204,-9.64292831765792e-05,-15.447941023029784,
2025-03-10 13:20:42.224,-0.0001133891512253,-3.897202256329099,
2025-03-10 13:20:42.243,-0.0001276802443609,8.378602961824395,
2025-03-10 13:20:42.263,-0.0001344276622781,20.724487360270327,
2025-03-10 13:20:42.282,-0.0001291184068778,32.5073436044271,
2025-03-10 13:20:42.302,-0.0001088949159228,43.18986562100767,
2025-03-10 13:20:42.322,-7.374213123677119e-05,52.37729812812835,
2025-03-10 13:20:42.341,-2.6875482026495497e-05,59.82942594040411,
2025-03-10 13:20:42.361,2.5959095982444615e-05,65.43953022541304,
2025-03-10 13:20:42.380,7.791745521102574e-05,69.19066505690861,
2025-03-10 13:20:42.400,0.0001225267009429,71.10518958785102,
2025-03-10 13:20:42.419,0.0001547080308207,71.20445077058116,
2025-03-10 13:20:42.439,0.0001713486917845,69.49149000934781,
2025-03-10 13:20:42.458,0.0001716613055647,65.96172359666232,
2025-03-10 13:20:42.478,0.0001573834135249,60.637080801736886,
2025-03-10 13:20:42.497,0.0001325651654257,53.611078068943634,
2025-03-10 13:20:42.517,0.0001027068476655,45.08839167167217,
2025-03-10 13:20:42.536,7.340336578335077e-05,35.403904448545774,
2025-03-10 13:20:42.556,4.904289442111516e-05,25.012306642075536,
2025-03-10 13:20:42.575,3.2083871804782314e-05,14.447932542204835,
2025-03-10 13:20:42.595,2.3010686166287277e-05,4.262804200362098,
2025-03-10 13:20:42.615,2.065684706067585e-05,-5.043555693431703,
2025-03-10 13:20:42.634,2.256520830667556e-05,-13.087366046794882,
2025-03-10 13:20:42.654,2.5380597480337078e-05,-19.644066352435114,
2025-03-10 13:20:42.673,2.551700497298372e-05,-24.66448555942434,
2025-03-10 13:20:42.693,2.017279010800664e-05,-28.262678165497835,
2025-03-10 13:20:42.712,8.327866424292885e-06,-30.68040497079962,
2025-03-10 13:20:42.732,-8.858773910075628e-06,-32.237262679040924,
2025-03-10 13:20:42.751,-2.8523433660288744e-05,-33.27674572406477,
2025-03-10 13:20:42.771,-4.712859792986112e-05,-34.117136542954,
2025-03-10 13:20:42.790,-6.14223746156677e-05,-35.01293515050435,
2025-03-10 13:20:42.810,-6.894302612150645e-05,-36.128880134163055,
2025-03-10 13:20:42.829,-6.820289155956701e-05,-37.52577191614562,
2025-03-10 13:20:42.849,-5.8926717462532735e-05,-39.15607706739955,
2025-03-10 13:20:42.868,-4.244701166352232e-05,-40.8677124658168,
2025-03-10 13:20:42.888,-2.1895806233737543e-05,-42.41582982327091,
2025-03-10 13:20:42.908,-1.7112628872258096e-06,-43.48380139857704,
2025-03-10 13:20:42.927,1.3608912206613744e-05,-43.71491169034553,
2025-03-10 13:20:42.947,2.0970269083415097e-05,-42.75484690819394,
2025-03-10 13:20:42.966,1.9584003646220527e-05,-40.30200002035022,
2025-03-10 13:20:42.986,1.0902083135438327e-05,-36.1587592753602,
2025-03-10 13:20:43.005,-2.158326955481812e-06,-30.27387050847993,
2025-03-10 13:20:43.025,-1.6074865218154503e-05,-22.765333748858,
2025-03-10 13:20:43.044,-2.72533494101018e-05,-13.916144545202638,
2025-03-10 13:20:43.064,-3.233754428557542e-05,-4.141259666984853,
2025-03-10 13:20:43.083,-2.865230574442937e-05,6.068227325181656,
2025-03-10 13:20:43.103,-1.4883116666368184e-05,16.21112071495053,
2025-03-10 13:20:43.122,8.355662311276644e-06,25.836599628116343,
2025-03-10 13:20:43.142,3.853577242004508e-05,34.58486410602521,
2025-03-10 13:20:43.161,7.190794137978841e-05,42.199543678925785,
2025-03-10 13:20:43.181,0.0001044539759797,48.51195316895398,
2025-03-10 13:20:43.200,0.0001325611970065,53.40581142717301,
2025-03-10 13:20:43.220,0.0001532742153899,56.77698386545895,
2025-03-10 13:20:43.240,0.0001644299606551,58.50427331496528,
2025-03-10 13:20:43.259,0.0001649872570425,58.44367809504612,
2025-03-10 13:20:43.279,0.0001554511800386,56.45083365758751,
2025-03-10 13:20:43.298,0.0001379723161903,52.42688910116713,
2025-03-10 13:20:43.318,0.0001158562001522,46.37484376574801,
2025-03-10 13:20:43.337,9.26948133859849e-05,38.44903238525099,
2025-03-10 13:20:43.357,7.162932351658746e-05,28.98135157229474,
2025-03-10 13:20:43.376,5.5054939344105705e-05,18.47356084742369,
2025-03-10 13:20:43.396,4.458487797993893e-05,7.553645249153615,
2025-03-10 13:20:43.415,4.082706786923169e-05,-3.096841564763112,
2025-03-10 13:20:43.435,4.279926485508691e-05,-12.830716325986812,
2025-03-10 13:20:43.454,4.735826556042205e-05,-21.121425700699486,
2025-03-10 13:20:43.474,4.9277863689776026e-05,-27.631402691973665,
2025-03-10 13:20:43.493,4.228396488387383e-05,-32.25039459612822,
2025-03-10 13:20:43.513,2.0727368151133138e-05,-35.0978325055322,
2025-03-10 13:20:43.533,-1.878784001014093e-05,-36.49005408948054,
2025-03-10 13:20:43.552,-7.632951638803656e-05,-36.87903387815183,
2025-03-10 13:20:43.572,-0.0001481942478896,-36.77321394547519,
2025-03-10 13:20:43.591,-0.0002269714597348,-36.65269508992183,
2025-03-10 13:20:43.611,-0.000302179360149,-36.89070287349065,
2025-03-10 13:20:43.630,-0.0003617795280091,-37.6915432705533,
2025-03-10 13:20:43.650,-0.0003946956298039,-39.05291313612498,
2025-03-10 13:20:43.669,-0.0003937964386205,-40.75785406246502,
2025-03-10 13:20:43.689,-0.0003581827064291,-42.39883541468797,
2025-03-10 13:20:43.708,-0.0002936799636447,-43.433116226649965,
2025-03-10 13:20:43.728,-0.0002112699518478,-43.26437688299806,
2025-03-10 13:20:43.747,-0.000124199013483,-41.340764460788144,
2025-03-10 13:20:43.767,-4.495519633477184e-05,-37.25480168340657,
2025-03-10 13:20:43.786,1.6994999798253268e-05,-30.827557367566783,
2025-03-10 13:20:43.806,5.6433904597841634e-05,-22.159699001819945,
2025-03-10 13:20:43.826,7.267812678673816e-05,-11.63654268044665,
2025-03-10 13:20:43.845,6.902529675122e-05,0.1173142910187937,
2025-03-10 13:20:43.865,5.143152171913379e-05,12.327484111828676,
2025-03-10 13:20:43.884,2.6702664076043744e-05,24.186865663253005,
2025-03-10 13:20:43.904,8.254259846970149e-07,34.97679544755117,
2025-03-10 13:20:43.923,-2.188439434357555e-05,44.16706666462673,
2025-03-10 13:20:43.943,-3.860611635581955e-05,51.47385617779531,
2025-03-10 13:20:43.962,-4.728479544360208e-05,56.863932130846045,
2025-03-10 13:20:43.982,-4.613940726987595e-05,60.50582169317076,
2025-03-10 13:20:44.001,-3.3863763428658795e-05,62.68103585990014,
2025-03-10 13:20:44.021,-1.0296779686932048e-05,63.67800815962013,
2025-03-10 13:20:44.040,2.3068072614845875e-05,63.69568188532744,
2025-03-10 13:20:44.060,6.31700147956614e-05,62.781374292894114,
2025-03-10 13:20:44.079,0.0001059600621822,60.81891267700216,
2025-03-10 13:20:44.099,0.0001470362106462,57.57003827132296,
2025-03-10 13:20:44.118,0.0001820642085272,52.7580514977461,
2025-03-10 13:20:44.138,0.0002071183156102,46.17147745344547,
2025-03-10 13:20:44.158,0.000219227330284,37.760311788022726,
2025-03-10 13:20:44.177,0.0002171248720844,27.699533878830888,
2025-03-10 13:20:44.197,0.0002017988833976,16.40319681723531,
2025-03-10 13:20:44.216,0.0001763785215579,4.484844400797336,
2025-03-10 13:20:44.236,0.0001452950300214,-7.327235717178565,
2025-03-10 13:20:44.255,0.0001131411175477,-18.30151144032669,
2025-03-10 13:20:44.275,8.376811790401796e-05,-27.818016275651583,
2025-03-10 13:20:44.294,5.9818752933164576e-05,-35.46341893652837,
2025-03-10 13:20:44.314,4.248112886644261e-05,-41.088377565598456,
2025-03-10 13:20:44.333,3.121804206709152e-05,-44.81738824997017,
2025-03-10 13:20:44.353,2.359807885381357e-05,-47.01070241662141,
2025-03-10 13:20:44.372,1.5675786804502286e-05,-48.18656442482611,
2025-03-10 13:20:44.392,3.190299358461385e-06,-48.918510738922734,
2025-03-10 13:20:44.411,-1.675723182324299e-05,-49.72586527457737,
2025-03-10 13:20:44.431,-4.438352000994486e-05,-50.97565326797972,
2025-03-10 13:20:44.451,-7.699462997216768e-05,-52.81139521617473,
2025-03-10 13:20:44.470,-0.0001099316493659,-55.11953397640946,
2025-03-10 13:20:44.490,-0.0001381126017184,-57.5385796514616,
2025-03-10 13:20:44.509,-0.0001574341676563,-59.51017404307988,
2025-03-10 13:20:44.529,-0.0001656422309726,-60.36557296113321,
2025-03-10 13:20:44.548,-0.0001626888677725,-59.43574360567423,
2025-03-10 13:20:44.568,-0.0001506841285152,-56.16877766231946,
2025-03-10 13:20:44.587,-0.0001333789631142,-50.23546090351622,
2025-03-10 13:20:44.607,-0.0001150600331062,-41.60377670424859,
2025-03-10 13:20:44.626,-9.904142758095108e-05,-30.56683011282668,
2025-03-10 13:20:44.646,-8.638469562389325e-05,-17.71627775651585,
2025-03-10 13:20:44.665,-7.557542524928196e-05,-3.863680469245681,
2025-03-10 13:20:44.685,-6.340018470152706e-05,10.077010351054634,
2025-03-10 13:20:44.704,-4.65284845178605e-05,23.224057547551972,
2025-03-10 13:20:44.724,-2.291585755443641e-05,34.85375976825976,
2025-03-10 13:20:44.743,7.588391421882435e-06,44.493084906866144,
2025-03-10 13:20:44.763,4.340683872819102e-05,51.961477345010536,
2025-03-10 13:20:44.783,8.172722380803391e-05,57.35478790174012,
2025-03-10 13:20:44.802,0.0001189766910358,60.97642112405109,
2025-03-10 13:20:44.822,0.0001513073530892,63.23195045002099,
2025-03-10 13:20:44.841,0.000175285154337,64.51125290929527,
2025-03-10 13:20:44.861,0.0001887276910234,65.08489620158305,
2025-03-10 13:20:44.880,0.0001912859183721,65.03827089386685,
2025-03-10 13:20:44.900,0.00018435609962,64.25824536381829,
2025-03-10 13:20:44.919,0.0001703332480156,62.4747175476936,
2025-03-10 13:20:44.939,0.0001516988722964,59.34622380713513,
2025-03-10 13:20:44.958,0.0001305085525441,54.56806249033607,
2025-03-10 13:20:44.978,0.0001084326226342,47.97603701679922,
2025-03-10 13:20:44.997,8.700750940597486e-05,39.62037243228867,
2025-03-10 13:20:45.017,6.765297294193543e-05,29.79215600001671,
2025-03-10 13:20:45.036,5.136596915187818e-05,18.996553562624023,
2025-03-10 13:20:45.056,3.841186568739034e-05,7.879761278793228,
2025-03-10 13:20:45.076,2.8367239300377783e-05,-2.8731277451965296,
2025-03-10 13:20:45.095,2.0515007461806058e-05,-12.646752663126897,
2025-03-10 13:20:45.115,1.4248132048022666e-05,-20.988223696037288,
2025-03-10 13:20:45.134,9.173471849042952e-06,-27.666673512526582,
2025-03-10 13:20:45.154,4.973493436208885e-06,-32.690476343614726,
2025-03-10 13:20:45.173,1.3594246293855695e-06,-36.28195077662616,
2025-03-10 13:20:45.193,-1.6975099022965257e-06,-38.81710822894885,
2025-03-10 13:20:45.212,-3.693690235183782e-06,-40.74321020788628,
2025-03-10 13:20:45.232,-3.724872624276585e-06,-42.48908432538032,
2025-03-10 13:20:45.251,-1.1669051148295234e-06,-44.38261480297667,
2025-03-10 13:20:45.271,3.503266558699342e-06,-46.58734993324089,
2025-03-10 13:20:45.290,8.40069730449573e-06,-49.066671764454206,
2025-03-10 13:20:45.310,1.0749504629866636e-05,-51.58016489302907,
2025-03-10 13:20:45.329,7.895675563723338e-06,-53.71302062180712,
2025-03-10 13:20:45.349,-1.855399344378104e-06,-54.93548239543137,
2025-03-10 13:20:45.369,-1.8995213932679355e-05,-54.68533662551717,
2025-03-10 13:20:45.388,-4.30130793707536e-05,-52.46238878703733,
2025-03-10 13:20:45.408,-7.258067115861601e-05,-47.92037600579776,
2025-03-10 13:20:45.427,-0.0001054870098536,-40.94002215989579,
2025-03-10 13:20:45.447,-0.0001385703044903,-31.668240777764755,
2025-03-10 13:20:45.466,-0.0001680715154941,-20.51357345644655,
2025-03-10 13:20:45.486,-0.0001904885045486,-8.096358375115154,
2025-03-10 13:20:45.505,-0.0002034956054282,4.837954651612712,
2025-03-10 13:20:45.525,-0.0002063619354503,17.52515601606192,
2025-03-10 13:20:45.544,-0.0001997003949102,29.286096718698285,
2025-03-10 13:20:45.564,-0.0001849074512496,39.60615990391004,
2025-03-10 13:20:45.583,-0.0001637964632207,48.17446066887165,
2025-03-10 13:20:45.603,-0.0001385779547969,54.87684403418904,
2025-03-10 13:20:45.622,-0.0001118892399133,59.74830959583365,
2025-03-10 13:20:45.642,-8.649760567747365e-05,62.900634512326775,
2025-03-10 13:20:45.661,-6.466241099708746e-05,64.44699531596423,
2025-03-10 13:20:45.681,-4.754344113999657e-05,64.44556507503268,
2025-03-10 13:20:45.701,-3.5059952905104295e-05,62.878137419151855,
2025-03-10 13:20:45.720,-2.623101728254285e-05,59.66928471307441,
2025-03-10 13:20:45.740,-1.96618025320922e-05,54.73936854329652,
2025-03-10 13:20:45.759,-1.3854651105159309e-05,48.07453660967203,
2025-03-10 13:20:45.779,-7.369849743131673e-06,39.791762384710616,
2025-03-10 13:20:45.798,8.811819135124373e-07,30.17842948409131,
2025-03-10 13:20:45.818,1.1088465369840834e-05,19.693188249405544,
2025-03-10 13:20:45.837,2.205009841933281e-05,8.925332970481268,
2025-03-10 13:20:45.857,3.124478540525184e-05,-1.4794245150797196,
2025-03-10 13:20:45.876,3.566177005312029e-05,-10.910966089673284,
2025-03-10 13:20:45.896,3.2990478009519493e-05,-18.88515101694933,
2025-03-10 13:20:45.915,2.247762659112016e-05,-25.11424122161809,
2025-03-10 13:20:45.935,5.05039761630771e-06,-29.54397945020137,
2025-03-10 13:20:45.954,-1.7103033574141184e-05,-32.35119464282574,
2025-03-10 13:20:45.974,-4.09820880221291e-05,-33.903595850104814,
2025-03-10 13:20:45.994,-6.296984632105962e-05,-34.690084343377166,
2025-03-10 13:20:46.013,-7.899222399304693e-05,-35.23429138012074,
2025-03-10 13:20:46.033,-8.506190281720517e-05,-36.005632993050405,
2025-03-10 13:20:46.052,-7.830279963822397e-05,-37.34116866802671,
2025-03-10 13:20:46.072,-5.801632272390944e-05,-39.38872135084719,
2025-03-10 13:20:46.091,-2.6149457099491416e-05,-42.07805782856073,
2025-03-10 13:20:46.111,1.3133501488348275e-05,-45.123270713008445,
2025-03-10 13:20:46.130,5.450533804898903e-05,-48.05621196028362,
2025-03-10 13:20:46.150,9.260673463115364e-05,-50.28777175727957,
2025-03-10 13:20:46.169,0.00012290990792,-51.19061173712092,
2025-03-10 13:20:46.189,0.0001423563033611,-50.19349003599828,
2025-03-10 13:20:46.208,0.0001499221117482,-46.87399075653667,
2025-03-10 13:20:46.228,0.0001470140457226,-41.03439709068168,
2025-03-10 13:20:46.247,0.0001373365365218,-32.746030914222715,
2025-03-10 13:20:46.267,0.0001259959389963,-22.351597314551835,
2025-03-10 13:20:46.287,0.0001180958619051,-10.422745214114974,
2025-03-10 13:20:46.306,0.0001174662750612,2.3204006930726244,
2025-03-10 13:20:46.326,0.0001260362515842,15.112141664485373,
2025-03-10 13:20:46.345,0.0001438164221915,27.24545185982377,
2025-03-10 13:20:46.365,0.0001690532180901,38.15607186881525,
2025-03-10 13:20:46.384,0.0001982510451405,47.46986973004013,
2025-03-10 13:20:46.404,0.0002262497366488,55.00588910099887,
2025-03-10 13:20:46.423,0.0002468300455994,60.73830187221817,
2025-03-10 13:20:46.443,0.0002540444153546,64.73043244182495,
2025-03-10 13:20:46.462,0.0002438540281423,67.06071552039404,
2025-03-10 13:20:46.482,0.000215283864885,67.76217738116961,
2025-03-10 13:20:46.501,0.0001705644057373,66.79313775469026,
2025-03-10 13:20:46.521,0.0001143901319967,64.04801592511024,
2025-03-10 13:20:46.540,5.287989620948367e-05,59.4055337795005,
2025-03-10 13:20:46.560,-7.300320341692358e-06,52.80044936002338,
2025-03-10 13:20:46.579,-5.966522374571752e-05,44.297563022124976,
2025-03-10 13:20:46.599,-9.876717585221632e-05,34.14539315125228,
2025-03-10 13:20:46.619,-0.0001212266200363,22.7919829690364,
2025-03-10 13:20:46.638,-0.000126522502473,10.85512852250039,
2025-03-10 13:20:46.658,-0.0001170011951936,-0.9490635873977884,
2025-03-10 13:20:46.677,-9.698760427746728e-05,-11.90519045115036,
2025-03-10 13:20:46.697,-7.149060992255587e-05,-21.404745850887377,
2025-03-10 13:20:46.716,-4.520529136295844e-05,-29.03784206051734,
2025-03-10 13:20:46.736,-2.2136219005301185e-05,-34.65235129137647,
2025-03-10 13:20:46.755,-5.584857971623056e-06,-38.36939629659464,
2025-03-10 13:20:46.775,1.975998427362798e-06,-40.55280096146148,
2025-03-10 13:20:46.794,-7.053029439536991e-07,-41.73852296480957,
2025-03-10 13:20:46.814,-1.3333868437128253e-05,-42.53666274197507,
2025-03-10 13:20:46.833,-3.424244569768257e-05,-43.52243084877332,
2025-03-10 13:20:46.853,-6.107219360408251e-05,-45.1332565763508,
2025-03-10 13:20:46.872,-9.147364657108198e-05,-47.58746888142485,
2025-03-10 13:20:46.892,-0.0001233338934865,-50.83644071133526,
2025-03-10 13:20:46.912,-0.0001545401894591,-54.557493273655645,
2025-03-10 13:20:46.931,-0.0001827688023392,-58.18968172796632,
2025-03-10 13:20:46.951,-0.0002057322055251,-61.00904691575055,
2025-03-10 13:20:46.970,-0.0002217970075649,-62.234208084749454,
2025-03-10 13:20:46.990,-0.0002304527270969,-61.14777266594219,
2025-03-10 13:20:47.009,-0.0002322071976176,-57.214935588825874,
2025-03-10 13:20:47.029,-0.000227997494707,-50.17918555995097,
2025-03-10 13:20:47.048,-0.0002186191748318,-40.117414704098685,
2025-03-10 13:20:47.068,-0.0002045927419586,-27.44323124236504,
2025-03-10 13:20:47.087,-0.0001864074195385,-12.856822283803597,
2025-03-10 13:20:47.107,-0.000164702233254,2.749959363702093,
2025-03-10 13:20:47.126,-0.0001400549434365,18.416084429443803,
2025-03-10 13:20:47.146,-0.0001125404470796,33.239342821395134,
2025-03-10 13:20:47.165,-8.157435189446156e-05,46.48719746809504,
2025-03-10 13:20:47.185,-4.637555217327943e-05,57.671266212595086,
2025-03-10 13:20:47.204,-6.819300403219427e-06,66.5729624294348,
2025-03-10 13:20:47.224,3.5925921678549534e-05,73.21709795021185,
2025-03-10 13:20:47.244,7.940436032171264e-05,77.80076078367667,
2025-03-10 13:20:47.263,0.0001204166183857,80.59458164466683,
2025-03-10 13:20:47.283,0.0001556557373223,81.84022792698862,
2025-03-10 13:20:47.302,0.0001821366977538,81.669493778482,
2025-03-10 13:20:47.322,0.0001975089986844,80.06563188578436,
2025-03-10 13:20:47.341,0.0002004910173049,76.8771959834004,
2025-03-10 13:20:47.361,0.0001913983501315,71.8810088218407,
2025-03-10 13:20:47.380,0.0001723766694536,64.87757994873317,
2025-03-10 13:20:47.400,0.0001469514582683,55.79320825836116,
2025-03-10 13:20:47.419,0.0001189645551465,44.76085286488511,
2025-03-10 13:20:47.439,9.148163775376884e-05,32.15727607475024,
2025-03-10 13:20:47.458,6.631384262274739e-05,18.585245588786773,
2025-03-10 13:20:47.478,4.429888786788109e-05,4.803342070847868,
2025-03-10 13:20:47.497,2.5883458409249097e-05,-8.381670945702838,
2025-03-10 13:20:47.517,1.1409387532823318e-05,-20.236916103166045,
2025-03-10 13:20:47.537,9.322647533941072e-07,-30.214703890825653,
2025-03-10 13:20:47.556,-6.071668785309905e-06,-38.03128938844833,
2025-03-10 13:20:47.576,-1.0659921440103864e-05,-43.6989067872327,
2025-03-10 13:20:47.595,-1.3989664254043002e-05,-47.50656173304153,
2025-03-10 13:20:47.615,-1.6885091788945604e-05,-49.95460970978769,
2025-03-10 13:20:47.634,-1.978468480141398e-05,-51.65582218809796,
2025-03-10 13:20:47.654,-2.3001746442881388e-05,-53.22034866391935,
2025-03-10 13:20:47.673,-2.687404975869048e-05,-55.14339382730818,
2025-03-10 13:20:47.693,-3.153321029234945e-05,-57.71289598361934,
2025-03-10 13:20:47.712,-3.6519843446014265e-05,-60.95079879167912,
2025-03-10 13:20:47.732,-4.073916169815461e-05,-64.59652165277656,
2025-03-10 13:20:47.751,-4.297130896353231e-05,-68.13560457338913,
2025-03-10 13:20:47.771,-4.259143662315209e-05,-70.87057500239027,
2025-03-10 13:20:47.790,-3.989038329920782e-05,-72.02508180078814,
2025-03-10 13:20:47.810,-3.5705095689087734e-05,-70.86670570239079,
2025-03-10 13:20:47.830,-3.067579486205697e-05,-66.8294959041692,
2025-03-10 13:20:47.849,-2.4761648628866257e-05,-59.61552709051522,
2025-03-10 13:20:47.869,-1.7376377513082573e-05,-49.25689140009312,
2025-03-10 13:20:47.888,-7.935873133607868e-06,-36.12597680458876,
2025-03-10 13:20:47.908,3.695466562404897e-06,-20.89163523581091,
2025-03-10 13:20:47.927,1.7156833089787493e-05,-4.42954469787232,
2025-03-10 13:20:47.947,3.179461314765183e-05,12.296102176735596,
2025-03-10 13:20:47.966,4.679186216672488e-05,28.35755748720327,
2025-03-10 13:20:47.986,6.113467551698828e-05,42.97278204647488,
2025-03-10 13:20:48.005,7.365251119778483e-05,55.58043336161285,
2025-03-10 13:20:48.025,8.337278914475497e-05,65.86893661931109,
2025-03-10 13:20:48.044,9.007179576181995e-05,73.75714234330603,
2025-03-10 13:20:48.064,9.456442730829e-05,79.33412988549118,
2025-03-10 13:20:48.083,9.835647683311355e-05,82.77476708006323,
2025-03-10 13:20:48.103,0.0001027739957465,84.25336958802635,
2025-03-10 13:20:48.122,0.000108141581488,83.87825457850367,
2025-03-10 13:20:48.142,0.0001135671532389,81.66440438154969,
2025-03-10 13:20:48.162,0.0001174116783892,77.55087991560718,
2025-03-10 13:20:48.181,0.0001180206143508,71.45683384048871,
2025-03-10 13:20:48.201,0.0001142154261044,63.35874269514278,
2025-03-10 13:20:48.220,0.000105406083263,53.36526967210859,
2025-03-10 13:20:48.240,9.157093165391884e-05,41.76684044688243,
2025-03-10 13:20:48.259,7.33538659776351e-05,29.04413869911609,
2025-03-10 13:20:48.279,5.219456456936316e-05,15.830873633765329,
2025-03-10 13:20:48.298,3.0164577724312547e-05,2.837924230595968,
2025-03-10 13:20:48.318,9.354977012512472e-06,-9.244842626355489,
2025-03-10 13:20:48.337,-8.894504759685206e-06,-19.848164679570125,
2025-03-10 13:20:48.357,-2.4388117258757345e-05,-28.603963313648364,
2025-03-10 13:20:48.376,-3.780311528345326e-05,-35.39133553464138,
2025-03-10 13:20:48.396,-5.001588016103687e-05,-40.34002930305311,
2025-03-10 13:20:48.415,-6.15970670595442e-05,-43.7920272984071,
2025-03-10 13:20:48.435,-7.281132801966268e-05,-46.22953246557842,
2025-03-10 13:20:48.455,-8.391968138654232e-05,-48.183019735297776,
2025-03-10 13:20:48.474,-9.530158594717927e-05,-50.13530146942127,
2025-03-10 13:20:48.494,-0.0001071757541121,-52.436723058268655,
2025-03-10 13:20:48.513,-0.000119218269887,-55.243361802540406,
2025-03-10 13:20:48.533,-0.0001305864922795,-58.48559938336719,
2025-03-10 13:20:48.552,-0.0001404992244194,-61.86983552522654,
2025-03-10 13:20:48.572,-0.0001489386042316,-64.91216271978061,
2025-03-10 13:20:48.591,-0.0001568325235251,-66.99968914301503,
2025-03-10 13:20:48.611,-0.0001654836906208,-67.47256519530549,
2025-03-10 13:20:48.630,-0.0001756444251811,-65.7172398200157,
2025-03-10 13:20:48.650,-0.000186886257774,-61.2590412055799,
2025-03-10 13:20:48.669,-0.0001975768001104,-53.84051660345983,
2025-03-10 13:20:48.689,-0.0002052466949388,-43.472261413501656,
2025-03-10 13:20:48.708,-0.0002069577097794,-30.446260991826243,
2025-03-10 13:20:48.728,-0.0001995814204381,-15.308160250867218,
2025-03-10 13:20:48.748,-0.0001802504401558,1.206892677584115,
2025-03-10 13:20:48.767,-0.0001471987356257,18.262404171805667,
2025-03-10 13:20:48.787,-0.0001007673355639,35.01532338884948,
2025-03-10 13:20:48.806,-4.396414037403772e-05,50.6994417110778,
2025-03-10 13:20:48.826,1.7925994672638002e-05,64.68312249794874,
2025-03-10 13:20:48.845,7.859785973530577e-05,76.49409308847214,
2025-03-10 13:20:48.865,0.0001321995898172,85.81246630990941,
2025-03-10 13:20:48.884,0.0001743365514014,92.44088777147503,
2025-03-10 13:20:48.904,0.0002024086847249,96.26576423643832,
2025-03-10 13:20:48.923,0.000215595208506,97.2245656478064,
2025-03-10 13:20:48.943,0.0002148535369939,95.2908680476442,
2025-03-10 13:20:48.962,0.0002029234563358,90.48202714965728,
2025-03-10 13:20:48.982,0.0001839902680576,82.88620450803555,
2025-03-10 13:20:49.001,0.0001627625839739,72.69852948938893,
2025-03-10 13:20:49.021,0.0001431877791345,60.252674887337626,
2025-03-10 13:20:49.040,0.0001273981111797,46.034947965884,
2025-03-10 13:20:49.060,0.000115379853082,30.672466875576923,
2025-03-10 13:20:49.080,0.0001053837158618,14.893378562179048,
2025-03-10 13:20:49.099,9.47051730959602e-05,-0.5364394684915641,
2025-03-10 13:20:49.119,8.048338773152734e-05,-14.890444076897644,
2025-03-10 13:20:49.138,6.045084214405919e-05,-27.55916035595726,
2025-03-10 13:20:49.158,3.3698826728354634e-05,-38.11469042399632,
2025-03-10 13:20:49.177,1.3289765390503424e-06,-46.35024844915337,
2025-03-10 13:20:49.197,-3.340108602434744e-05,-52.287855126971365,
2025-03-10 13:20:49.216,-6.576829114997252e-05,-56.15386815768623,
2025-03-10 13:20:49.236,-9.098042143666584e-05,-58.32849151461788,
2025-03-10 13:20:49.255,-0.0001056423961953,-59.27999599796307,
2025-03-10 13:20:49.275,-0.0001085680146598,-59.49590599616451,
2025-03-10 13:20:49.294,-0.0001006593159252,-59.42171832150631,
2025-03-10 13:20:49.314,-8.419006361972618e-05,-59.41374622154662,
2025-03-10 13:20:49.333,-6.208208741506575e-05,-59.70803011747693,
2025-03-10 13:20:49.353,-3.747999340132079e-05,-60.40357940482221,
2025-03-10 13:20:49.373,-1.347649958387491e-05,-61.456611781646245,
2025-03-10 13:20:49.392,7.281523677989842e-06,-62.68313286376896,
2025-03-10 13:20:49.412,2.3082141986401173e-05,-63.7694060513687,
2025-03-10 13:20:49.431,3.3386672121504633e-05,-64.29223345124377,
2025-03-10 13:20:49.451,3.853041005330296e-05,-63.75206010932854,
2025-03-10 13:20:49.470,3.903331599831523e-05,-61.62078655174816,
2025-03-10 13:20:49.490,3.5054483366272545e-05,-57.40280599145655,
2025-03-10 13:20:49.509,2.644343978306838e-05,-50.70318353468488,
2025-03-10 13:20:49.529,1.3331740378312866e-05,-41.29284276713365,
2025-03-10 13:20:49.548,-3.248356399719778e-06,-29.15898926154102,
2025-03-10 13:20:49.568,-2.1207215989526976e-05,-14.53084769084122,
2025-03-10 13:20:49.587,-3.774846466038211e-05,2.124271123916492,
2025-03-10 13:20:49.607,-4.987538564485232e-05,20.133306461780176,
2025-03-10 13:20:49.626,-5.4735111010334494e-05,38.67164467425158,
2025-03-10 13:20:49.646,-4.985891409492376e-05,56.82991493458573,
2025-03-10 13:20:49.665,-3.3616430167509243e-05,73.6841495047815,
2025-03-10 13:20:49.685,-6.005526211310095e-06,88.36194205578028,
2025-03-10 13:20:49.705,3.058681113142814e-05,100.09979853569992,
2025-03-10 13:20:49.724,7.127281996272508e-05,108.28932064443478,
2025-03-10 13:20:49.744,0.0001095235403043,112.51170577909302,
2025-03-10 13:20:49.763,0.000138704351516,112.560940532486,
2025-03-10 13:20:49.783,0.0001536098760058,108.45588929112654,
2025-03-10 13:20:49.802,0.0001514770679642,100.44060281519944,
2025-03-10 13:20:49.822,0.0001324071935892,88.97142448041289,
2025-03-10 13:20:49.841,9.938962611547816e-05,74.6896775011977,
2025-03-10 13:20:49.861,5.799222746329673e-05,58.38010161861238,
2025-03-10 13:20:49.880,1.5532157150253527e-05,40.91721981860099,
2025-03-10 13:20:49.900,-2.0425182882128483e-05,23.20357316456657,
2025-03-10 13:20:49.919,-4.398003250160897e-05,6.104775009292182,
2025-03-10 13:20:49.939,-5.251797060599012e-05,-9.613205969550735,
2025-03-10 13:20:49.958,-4.729710053078074e-05,-23.33880580849741,
2025-03-10 13:20:49.978,-3.276569874604614e-05,-34.65579276976879,
2025-03-10 13:20:49.998,-1.5038993967459649e-05,-43.3651030660917,
2025-03-10 13:20:50.017,-2.627026177013564e-07,-49.48429295705615,
2025-03-10 13:20:50.037,6.655133344813598e-06,-53.22457912890575,
2025-03-10 13:20:50.056,2.8978968881196514e-06,-54.94917748580149,
2025-03-10 13:20:50.076,-1.1726737975045637e-05,-55.11967629182046,
2025-03-10 13:20:50.095,-3.469650218724142e-05,-54.2385132900012,
2025-03-10 13:20:50.115,-6.141060416149665e-05,-52.79491857611433,
2025-03-10 13:20:50.134,-8.658307481099729e-05,-51.219345938752056,
2025-03-10 13:20:50.154,-0.0001058908018938,-49.84843498447653,
2025-03-10 13:20:50.173,-0.0001170770259524,-48.90009259923665,
2025-03-10 13:20:50.193,-0.0001200121123214,-48.45724053646683,
2025-03-10 13:20:50.212,-0.0001159202681296,-48.45939648333078,
2025-03-10 13:20:50.232,-0.0001064974616212,-48.703035657088094,
2025-03-10 13:20:50.251,-9.353289561482902e-05,-48.85353668000708,
2025-03-10 13:20:50.271,-7.905315578276562e-05,-48.47220811055743,
2025-03-10 13:20:50.291,-6.551639324165703e-05,-47.06053820776014,
2025-03-10 13:20:50.310,-5.561450673090455e-05,-44.12032120311597,
2025-03-10 13:20:50.330,-5.167110831521762e-05,-39.22357618540752,
2025-03-10 13:20:50.349,-5.498376750487392e-05,-32.0818549103779,
2025-03-10 13:20:50.369,-6.542979412213682e-05,-22.602473700704568,
2025-03-10 13:20:50.388,-8.134798136409343e-05,-10.920601480305422,
2025-03-10 13:20:50.408,-9.952092748288082e-05,2.5990972140957265,
2025-03-10 13:20:50.427,-0.0001152542345266,17.390883578891998,
2025-03-10 13:20:50.447,-0.0001228633350715,32.73968787976717,
2025-03-10 13:20:50.466,-0.0001168724814264,47.84545674143561,
2025-03-10 13:20:50.486,-9.374235325140756e-05,61.88887027573725,
2025-03-10 13:20:50.505,-5.3369459707460416e-05,74.08988179916902,
2025-03-10 13:20:50.525,4.821194171739374e-07,83.75505726816203,
2025-03-10 13:20:50.544,6.109635523701922e-05,90.31418940619167,
2025-03-10 13:20:50.564,0.0001205815922041,93.34948063488793,
2025-03-10 13:20:50.583,0.000171654264607,92.62083586629132,
2025-03-10 13:20:50.603,0.0002088349571954,88.08859933543167,
2025-03-10 13:20:50.623,0.000229013899627,79.93148210700096,
2025-03-10 13:20:50.642,0.0002316521292384,68.55411669255297,
2025-03-10 13:20:50.662,0.0002187454171236,54.577249572674766,
2025-03-10 13:20:50.681,0.0001943924559885,38.80492136859254,
2025-03-10 13:20:50.701,0.0001638136838902,22.166869143623103,
2025-03-10 13:20:50.720,0.0001320290083114,5.639651795223151,
2025-03-10 13:20:50.740,0.0001027423782828,-9.844878411423837,
2025-03-10 13:20:50.759,7.790172024593466e-05,-23.491432221482302,
2025-03-10 13:20:50.779,5.793208803023106e-05,-34.71963230412461,
2025-03-10 13:20:50.798,4.221716511164899e-05,-43.216073594397045,
2025-03-10 13:20:50.818,2.9435243473336133e-05,-48.95097751566331,
2025-03-10 13:20:50.837,1.7773178940312648e-05,-52.15619405091865,
2025-03-10 13:20:50.857,5.345378757304165e-06,-53.26838866265559,
2025-03-10 13:20:50.876,-9.048670822540835e-06,-52.84800914021427,
2025-03-10 13:20:50.896,-2.51929222983161e-05,-51.48931704915838,
2025-03-10 13:20:50.916,-4.1346664004541984e-05,-49.73798387434248,
2025-03-10 13:20:50.935,-5.5007853239899365e-05,-48.02998425163887,
2025-03-10 13:20:50.955,-6.414494495277101e-05,-46.65945420280312,
2025-03-10 13:20:50.974,-6.813335238500204e-05,-45.77555559898623,
2025-03-10 13:20:50.994,-6.788383658055476e-05,-45.40142559733187,
2025-03-10 13:20:51.013,-6.527195531984364e-05,-45.46397877279349,
2025-03-10 13:20:51.033,-6.241103417922536e-05,-45.82279742914365,
2025-03-10 13:20:51.052,-6.120572610439927e-05,-46.28953986515799,
2025-03-10 13:20:51.072,-6.316097607823206e-05,-46.63502739520887,
2025-03-10 13:20:51.091,-6.912484774348524e-05,-46.58747992923388,
2025-03-10 13:20:51.111,-7.882893169411721e-05,-45.830117411952685,
2025-03-10 13:20:51.130,-9.052451316020502e-05,-44.00785995931047,
2025-03-10 13:20:51.150,-0.0001011727532158,-40.75048579793059,
2025-03-10 13:20:51.169,-0.0001073006455455,-35.71398931139672,
2025-03-10 13:20:51.189,-0.0001060989761594,-28.634881686743828,
2025-03-10 13:20:51.209,-9.614212529711848e-05,-19.38632357019484,
2025-03-10 13:20:51.228,-7.744525281197329e-05,-8.022551175687449,
2025-03-10 13:20:51.248,-5.111222315520639e-05,5.199889558122092,
2025-03-10 13:20:51.267,-1.9046900849578023e-05,19.82974719657193,
2025-03-10 13:20:51.287,1.608576503905396e-05,35.25571448490665,
2025-03-10 13:20:51.306,5.091194420301651e-05,50.7599998278701,
2025-03-10 13:20:51.326,8.177970359212962e-05,65.57953932880504,
2025-03-10 13:20:51.345,0.0001055611342649,78.96423163335753,
2025-03-10 13:20:51.365,0.0001203713700174,90.2252305610193,
2025-03-10 13:20:51.384,0.0001257262744926,98.7711978837876,
2025-03-10 13:20:51.404,0.0001221123708408,104.1345678282413,
2025-03-10 13:20:51.423,0.0001104184636048,105.99190132866788,
2025-03-10 13:20:51.443,9.171021192660163e-05,104.1818305254818,
2025-03-10 13:20:51.462,6.741110729519575e-05,98.7214319027915,
2025-03-10 13:20:51.482,3.952569102149069e-05,89.81843060489979,
2025-03-10 13:20:51.501,1.0532106329486e-05,77.87404418486253,
2025-03-10 13:20:51.521,-1.7040544394832652e-05,63.47076857695739,
2025-03-10 13:20:51.541,-4.099128513152636e-05,47.34130489996186,
2025-03-10 13:20:51.560,-5.94990264103353e-05,30.318397335565187,
2025-03-10 13:20:51.580,-7.095931542162646e-05,13.269319895042177,
2025-03-10 13:20:51.599,-7.39906174089642e-05,-2.9779660297210437,
2025-03-10 13:20:51.619,-6.782682628749758e-05,-17.707821084488714,
2025-03-10 13:20:51.638,-5.285888194660102e-05,-30.37903391747861,
2025-03-10 13:20:51.658,-3.0835090736033486e-05,-40.66650826869725,
2025-03-10 13:20:51.677,-4.478907614636474e-06,-48.47546956628721,
2025-03-10 13:20:51.697,2.319909794064713e-05,-53.92558961029499,
2025-03-10 13:20:51.716,4.936911192041422e-05,-57.308149009060365,
2025-03-10 13:20:51.736,7.139129546829856e-05,-59.02480644460787,
2025-03-10 13:20:51.755,8.665745774022694e-05,-59.52002396792075,
2025-03-10 13:20:51.775,9.277134524369112e-05,-59.21957517980357,
2025-03-10 13:20:51.794,8.823781928702324e-05,-58.48472426200665,
2025-03-10 13:20:51.814,7.327359511398876e-05,-57.58655304805844,
2025-03-10 13:20:51.834,5.012092415295132e-05,-56.69919292825756,
2025-03-10 13:20:51.853,2.2557867156853998e-05,-55.90618688469753,
2025-03-10 13:20:51.873,-5.1452577239074736e-06,-55.21219385485379,
2025-03-10 13:20:51.892,-2.9272733009057376e-05,-54.55320121262055,
2025-03-10 13:20:51.912,-4.7335710840207504e-05,-53.80179256055413,
2025-03-10 13:20:51.931,-5.8388968699552055e-05,-52.768494878108726,
2025-03-10 13:20:51.951,-6.318546297617355e-05,-51.20410199824665,
2025-03-10 13:20:51.970,-6.414813822908493e-05,-48.809625577627706,
2025-03-10 13:20:51.990,-6.485811894895105e-05,-45.259352955345975,
2025-03-10 13:20:52.009,-6.887085680760255e-05,-40.23862542464901,
2025-03-10 13:20:52.029,-7.820571249130315e-05,-33.49266984972143,
2025-03-10 13:20:52.048,-9.229932134102548e-05,-24.878062559917435,
2025-03-10 13:20:52.068,-0.0001080526157523,-14.406055028960507,
2025-03-10 13:20:52.087,-0.0001209014817901,-2.2680488041245805,
2025-03-10 13:20:52.107,-0.0001262192814056,11.162392795975697,
2025-03-10 13:20:52.126,-0.0001203553637533,25.35105713552128,
2025-03-10 13:20:52.146,-0.0001011459621189,39.64325212682787,
2025-03-10 13:20:52.166,-6.821407721809303e-05,53.31508331363018,
2025-03-10 13:20:52.185,-2.333097972288877e-05,65.62836066556761,
2025-03-10 13:20:52.205,2.9334058134279387e-05,75.88380512638946,
2025-03-10 13:20:52.224,8.353995745654017e-05,83.47001825803298,
2025-03-10 13:20:52.244,0.0001321002442357,87.9076413998964,
2025-03-10 13:20:52.263,0.0001684680200522,88.88837656576132,
2025-03-10 13:20:52.283,0.0001880932032213,86.30711619600426,
2025-03-10 13:20:52.302,0.0001890586773765,80.2832634192055,
2025-03-10 13:20:52.322,0.0001720252531776,71.16580527474294,
2025-03-10 13:20:52.341,0.0001398791497476,59.51701880730431,
2025-03-10 13:20:52.361,9.738497946287832e-05,46.07225755378912,
2025-03-10 13:20:52.380,5.076384730179739e-05,31.677520494616047,
2025-03-10 13:20:52.400,6.892372709685022e-06,17.211188815476284,
2025-03-10 13:20:52.419,-2.7960219454790704e-05,3.500039731068441,
2025-03-10 13:20:52.439,-4.947288696002115e-05,-8.758593595970245,
2025-03-10 13:20:52.459,-5.609221116068936e-05,-19.057237687430938,
2025-03-10 13:20:52.478,-4.902801297226983e-05,-27.11274822652367,
2025-03-10 13:20:52.498,-3.16548160686983e-05,-32.87066156584574,
2025-03-10 13:20:52.517,-8.787993097895247e-06,-36.48040385966224,
2025-03-10 13:20:52.537,1.3953290388560235e-05,-38.2473532775612,
2025-03-10 13:20:52.556,3.088640633625869e-05,-38.57166067894573,
2025-03-10 13:20:52.576,3.734095712896857e-05,-37.88562813475779,
2025-03-10 13:20:52.595,3.0894398785737904e-05,-36.600725909634114,
2025-03-10 13:20:52.615,1.2164898082879008e-05,-35.07198737883753,
2025-03-10 13:20:52.634,-1.538720532153722e-05,-33.58231155903931,
2025-03-10 13:20:52.654,-4.661782613829019e-05,-32.343544966102506,
2025-03-10 13:20:52.673,-7.617578160004926e-05,-31.506783456214865,
2025-03-10 13:20:52.693,-9.95706096257701e-05,-31.172496588513173,
2025-03-10 13:20:52.712,-0.0001135863673278,-31.392429304781743,
2025-03-10 13:20:52.732,-0.0001163466291741,-32.159412615363614,
2025-03-10 13:20:52.752,-0.0001074454660958,-33.386975343314255,
2025-03-10 13:20:52.771,-8.819933191737828e-05,-34.886199969540286,
2025-03-10 13:20:52.791,-6.167882096970895e-05,-36.350758365081134,
2025-03-10 13:20:52.810,-3.219080206418194e-05,-37.36114860513283,
2025-03-10 13:20:52.830,-4.303596784230783e-06,-37.41543882928716,
2025-03-10 13:20:52.849,1.8111026769141465e-05,-35.987082553906085,
2025-03-10 13:20:52.869,3.2424750529823416e-05,-32.6024300870902,
2025-03-10 13:20:52.888,3.7435619180020187e-05,-26.923846048239383,
2025-03-10 13:20:52.908,3.352157628229104e-05,-18.82112655980505,
2025-03-10 13:20:52.927,2.2895080632739963e-05,-8.415476318075173,
2025-03-10 13:20:52.947,9.626703838323557e-06,3.9136388864984735,
2025-03-10 13:20:52.966,-1.0609406379568525e-06,17.55978472827043,
2025-03-10 13:20:52.986,-4.318871628563091e-06,31.75153745815061,
2025-03-10 13:20:53.005,2.5714796766125376e-06,45.632014970282526,
2025-03-10 13:20:53.025,1.913269750580188e-05,58.34139115733751,
2025-03-10 13:20:53.044,4.188657072686577e-05,69.09043404326388,
2025-03-10 13:20:53.064,6.56072572752682e-05,77.21817828791389,
2025-03-10 13:20:53.084,8.487967425509929e-05,82.23218359286462,
2025-03-10 13:20:53.103,9.529119110546496e-05,83.83354475899148,
2025-03-10 13:20:53.123,9.409347624389112e-05,81.92996366229609,
2025-03-10 13:20:53.142,8.055295606040733e-05,76.6390107079771,
2025-03-10 13:20:53.162,5.614640851893795e-05,68.28139237629772,
2025-03-10 13:20:53.181,2.445264777607694e-05,57.36216793450785,
2025-03-10 13:20:53.201,-9.511426020950545e-06,44.53763269460658,
2025-03-10 13:20:53.220,-4.046448003650676e-05,30.567327582959663,
2025-03-10 13:20:53.240,-6.407354312375679e-05,16.25369445451953,
2025-03-10 13:20:53.259,-7.76440949527191e-05,2.375063281865974,
2025-03-10 13:20:53.279,-8.011714815979318e-05,-10.380198657949212,
2025-03-10 13:20:53.298,-7.173129804404151e-05,-21.47001187331724,
2025-03-10 13:20:53.318,-5.385750379852545e-05,-30.53808767033219,
2025-03-10 13:20:53.337,-2.9132577342982e-05,-37.43161730598351,
2025-03-10 13:20:53.357,-1.5067909650176688e-06,-42.1952457717843,
2025-03-10 13:20:53.377,2.4264307051189227e-05,-45.04287292300162,
2025-03-10 13:20:53.396,4.370614350153291e-05,-46.31215954280031,
2025-03-10 13:20:53.416,5.378238777848307e-05,-46.40927014654708,
2025-03-10 13:20:53.435,5.35285669973441e-05,-45.75272751608596,
2025-03-10 13:20:53.455,4.3982667271734734e-05,-44.724809363930326,
2025-03-10 13:20:53.474,2.7711905058473674e-05,-43.636627505616126,
2025-03-10 13:20:53.494,8.309492095787873e-06,-42.70940253172707,
2025-03-10 13:20:53.513,-1.0093848907043696e-05,-42.07047379737492,
2025-03-10 13:20:53.533,-2.3542100586672583e-05,-41.759441887287245,
2025-03-10 13:20:53.552,-2.9284427365249383e-05,-41.73848708728564,
2025-03-10 13:20:53.572,-2.677113752812308e-05,-41.90173015598744,
2025-03-10 13:20:53.591,-1.8010995379016765e-05,-42.08115397743053,
2025-03-10 13:20:53.611,-6.959960790261889e-06,-42.05010635584755,
2025-03-10 13:20:53.630,1.7872557950595209e-06,-41.528462901164055,
2025-03-10 13:20:53.650,4.333302537051271e-06,-40.19495279955377,
2025-03-10 13:20:53.670,-1.6845177119163451e-06,-37.71123139334122,
2025-03-10 13:20:53.689,-1.678373488485823e-05,-33.759067055508496,
2025-03-10 13:20:53.709,-3.95481564414952e-05,-28.08737409566809,
2025-03-10 13:20:53.728,-6.660038081947938e-05,-20.56130509275713,
2025-03-10 13:20:53.748,-9.285843457700897e-05,-11.202950881659214,
2025-03-10 13:20:53.767,-0.0001124025578108,-0.2136490218030144,
2025-03-10 13:20:53.787,-0.0001198905657922,12.028358346855107,
2025-03-10 13:20:53.806,-0.0001119443447265,24.99528726621306,
2025-03-10 13:20:53.826,-8.783773442559298e-05,38.056575485569226,
2025-03-10 13:20:53.845,-4.928876292079516e-05,50.53544086965817,
2025-03-10 13:20:53.865,2.28149845919343e-07,61.76492045361893,
2025-03-10 13:20:53.884,5.6044398343511165e-05,71.13558915143958,
2025-03-10 13:20:53.904,0.000112507163004,78.13160069862373,
2025-03-10 13:20:53.923,0.0001631510950297,82.35613863693139,
2025-03-10 13:20:53.943,0.000201296101923,83.55004144861816,
2025-03-10 13:20:53.962,0.0002211545784417,81.60733426286984,
2025-03-10 13:20:53.982,0.0002190239626706,76.5889004153772,
2025-03-10 13:20:54.002,0.0001940249792755,68.73188844602511,
2025-03-10 13:20:54.021,0.0001482058142526,58.44953239718247,
2025-03-10 13:20:54.041,8.62522486066381e-05,46.31540936148669,
2025-03-10 13:20:54.060,1.5087657769820036e-05,33.028285391666486,
2025-03-10 13:20:54.080,-5.667370081450906e-05,19.357920502180047,
2025-03-10 13:20:54.099,-0.0001197180618431,6.077037114381203,
2025-03-10 13:20:54.119,-0.0001655985755169,-6.111464904245079,
2025-03-10 13:20:54.138,-0.0001885057832389,-16.641125155592853,
2025-03-10 13:20:54.158,-0.0001865224690825,-25.13202540793062,
2025-03-10 13:20:54.177,-0.0001618242435896,-31.41676298318094,
2025-03-10 13:20:54.197,-0.0001198697937151,-35.53889963530762,
2025-03-10 13:20:54.216,-6.810282307929707e-05,-37.72531965683067,
2025-03-10 13:20:54.236,-1.468008956497004e-05,-38.33839692752625,
2025-03-10 13:20:54.255,3.2641663350587725e-05,-37.81702661777624,
2025-03-10 13:20:54.275,6.76098204999923e-05,-36.616700227596446,
2025-03-10 13:20:54.295,8.657987235576903e-05,-35.15764550580005,
2025-03-10 13:20:54.314,8.924494781986815e-05,-33.78700160980244,
2025-03-10 13:20:54.334,7.848762601919708e-05,-32.75699691165098,
2025-03-10 13:20:54.353,5.923635254572281e-05,-32.21732925421354,
2025-03-10 13:20:54.373,3.682412884438152e-05,-32.21744773920632,
2025-03-10 13:20:54.392,1.5631606933884586e-05,-32.71376895753189,
2025-03-10 13:20:54.412,-1.5168739127020364e-06,-33.5780120493962,
2025-03-10 13:20:54.431,-1.33413593957888e-05,-34.60525550170925,
2025-03-10 13:20:54.451,-1.9939849920388903e-05,-35.52308849695347,
2025-03-10 13:20:54.470,-2.271535215876653e-05,-36.00531434481535,
2025-03-10 13:20:54.490,-2.420017213397467e-05,-35.69417933565849,
2025-03-10 13:20:54.509,-2.7430901686093826e-05,-34.23358030175152,
2025-03-10 13:20:54.529,-3.486353976831085e-05,-31.312325868695503,
2025-03-10 13:20:54.548,-4.730990977842555e-05,-26.712222615766883,
2025-03-10 13:20:54.568,-6.350509221566664e-05,-20.35206098465123,
2025-03-10 13:20:54.588,-8.051088241760224e-05,-12.31712513069092,
2025-03-10 13:20:54.607,-9.460218579200896e-05,-2.865691897992312,
2025-03-10 13:20:54.627,-0.0001021068256564,7.591014933934989,
2025-03-10 13:20:54.646,-9.997965755637464e-05,18.53223234740185,
2025-03-10 13:20:54.666,-8.627190161195225e-05,29.38509774945972,
2025-03-10 13:20:54.685,-6.066701977623209e-05,39.58342489912645,
2025-03-10 13:20:54.705,-2.4923747123362077e-05,48.61575486246176,
2025-03-10 13:20:54.724,1.7172442170562732e-05,56.055000266621136,
2025-03-10 13:20:54.744,6.056114859572281e-05,61.56853670994091,
2025-03-10 13:20:54.763,0.0001000948872428,64.9139814873517,
2025-03-10 13:20:54.783,0.0001315878107117,65.92991810559464,
2025-03-10 13:20:54.802,0.0001523195616397,64.53108722698525,
2025-03-10 13:20:54.822,0.0001610611469319,60.714021159683256,
2025-03-10 13:20:54.841,0.0001579899776012,54.5731269912247,
2025-03-10 13:20:54.861,0.000144710253273,46.32115945744765,
2025-03-10 13:20:54.880,0.0001241966757445,36.304243234031226,
2025-03-10 13:20:54.900,0.000100302123528,25.00153852153851,
2025-03-10 13:20:54.920,7.6758292037463e-05,13.003230136120637,
2025-03-10 13:20:54.939,5.61013846959178e-05,0.9663378116290412,
2025-03-10 13:20:54.959,3.915522906761477e-05,-10.44616559035643,
2025-03-10 13:20:54.978,2.535090733651234e-05,-20.633100780356425,
2025-03-10 13:20:54.998,1.3556818000143025e-05,-29.11816719226309,
2025-03-10 13:20:55.017,2.799178088508614e-06,-35.59784545754828,
2025-03-10 13:20:55.037,-7.482661441882265e-06,-39.96669812692173,
2025-03-10 13:20:55.056,-1.7493261134861076e-05,-42.31692081037753,
2025-03-10 13:20:55.076,-2.7075262213959395e-05,-42.91345033701383,
2025-03-10 13:20:55.095,-3.5526765324876815e-05,-42.14967958170684,
2025-03-10 13:20:55.115,-4.154990731832574e-05,-40.49117581422463,
2025-03-10 13:20:55.134,-4.371316447569832e-05,-38.41542527076589,
2025-03-10 13:20:55.154,-4.1381179096089686e-05,-36.35469508277228,
2025-03-10 13:20:55.173,-3.55315067065113e-05,-34.64724909186676,
2025-03-10 13:20:55.193,-2.8799804190043825e-05,-33.50023928831273,
2025-03-10 13:20:55.213,-2.460853706735545e-05,-32.96633328460082,
2025-03-10 13:20:55.232,-2.5894706819025187e-05,-32.935770856460884,
2025-03-10 13:20:55.252,-3.417174224266379e-05,-33.1457188823927,
2025-03-10 13:20:55.271,-4.928041016009716e-05,-33.20871219776761,
2025-03-10 13:20:55.291,-6.96205773704953e-05,-32.66073409147341,
2025-03-10 13:20:55.310,-9.24642329596708e-05,-31.02658365653665,
2025-03-10 13:20:55.330,-0.0001142369622869,-27.89584135290191,
2025-03-10 13:20:55.349,-0.0001309974704766,-22.99811838329176,
2025-03-10 13:20:55.369,-0.0001392969935197,-16.263144953032,
2025-03-10 13:20:55.388,-0.000137189833808,-7.851409176679475,
2025-03-10 13:20:55.408,-0.0001248441062038,1.854536605299916,
2025-03-10 13:20:55.427,-0.0001043488920884,12.299839514102246,
2025-03-10 13:20:55.447,-7.883855756897864e-05,22.840045568543964,
2025-03-10 13:20:55.466,-5.148259271775378e-05,32.83988198524938,
2025-03-10 13:20:55.486,-2.484196040033296e-05,41.76642947800923,
2025-03-10 13:20:55.505,-6.685462036574365e-07,49.255675372068914,
2025-03-10 13:20:55.525,2.0116756090287268e-05,55.13770626653212,
2025-03-10 13:20:55.545,3.746369666615168e-05,59.41614076075653,
2025-03-10 13:20:55.564,5.2123103417798605e-05,62.20917294174482,
2025-03-10 13:20:55.584,6.520307904860054e-05,63.66969969451152,
2025-03-10 13:20:55.603,7.735695039920117e-05,63.90766360772459,
2025-03-10 13:20:55.623,8.804530432502236e-05,62.9372299202123,
2025-03-10 13:20:55.642,9.544748719924114e-05,60.664592680062384,
2025-03-10 13:20:55.662,9.72101171270651e-05,56.920716926704834,
2025-03-10 13:20:55.681,9.15993133650665e-05,51.5302949716388,
2025-03-10 13:20:55.701,7.832303907647146e-05,44.39740032108865,
2025-03-10 13:20:55.720,5.8589996145982526e-05,35.5830067374354,
2025-03-10 13:20:55.740,3.458492573160791e-05,25.351297322061967,
2025-03-10 13:20:55.759,8.891093819177687e-06,14.169898977657612,
2025-03-10 13:20:55.779,-1.581026809482688e-05,2.661272052546268,
2025-03-10 13:20:55.798,-3.690501325936239e-05,-8.485084011927539,
2025-03-10 13:20:55.818,-5.221128981099572e-05,-18.62048949712854,
2025-03-10 13:20:55.838,-6.0578010655736366e-05,-27.241520292610016,
2025-03-10 13:20:55.857,-6.230563924011651e-05,-34.068797841729655,
2025-03-10 13:20:55.877,-5.893314628654622e-05,-39.08393898952224,
2025-03-10 13:20:55.896,-5.240553553125285e-05,-42.51748450937144,
2025-03-10 13:20:55.916,-4.417016376659203e-05,-44.79049826485479,
2025-03-10 13:20:55.935,-3.480360032080507e-05,-46.42128008007538,
2025-03-10 13:20:55.955,-2.428676788598702e-05,-47.91476966110726,
2025-03-10 13:20:55.974,-1.2510680301969505e-05,-49.654921020626205,
2025-03-10 13:20:55.994,4.749203491865194e-07,-51.81948651109376,
2025-03-10 13:20:56.013,1.4547320453515775e-05,-54.33272390743869,
2025-03-10 13:20:56.033,2.960310593940861e-05,-56.86530911420445,
2025-03-10 13:20:56.052,4.537862809730908e-05,-58.88307297626599,
2025-03-10 13:20:56.072,6.113811275662759e-05,-59.73795975057126,
2025-03-10 13:20:56.091,7.5638883527192e-05,-58.78680545503064,
2025-03-10 13:20:56.111,8.75596197464901e-05,-55.517394406664586,
2025-03-10 13:20:56.131,9.60816116220436e-05,-49.65823677856042,
2025-03-10 13:20:56.150,0.0001010887862828,-41.24991515947684,
2025-03-10 13:20:56.170,0.0001027765399438,-30.662153920524982,
2025-03-10 13:20:56.189,0.0001010386240956,-18.55112199551322,
2025-03-10 13:20:56.209,9.525935753335004e-05,-5.763712344223546,
2025-03-10 13:20:56.228,8.47962656267908e-05,6.793251822824003,
2025-03-10 13:20:56.248,6.980231895432418e-05,18.293470993685304,
2025-03-10 13:20:56.267,5.1705624927975125e-05,28.11387912163759,
2025-03-10 13:20:56.287,3.294355817997651e-05,35.916011443277405,
2025-03-10 13:20:56.306,1.615730451591922e-05,41.671016811415264,
2025-03-10 13:20:56.326,3.4123152680305794e-06,45.62470633394735,
2025-03-10 13:20:56.345,-4.178534586421931e-06,48.21091612252962,
2025-03-10 13:20:56.365,-6.519860536889202e-06,49.93159184733512,
2025-03-10 13:20:56.384,-4.588371511615591e-06,51.22856226538436,
2025-03-10 13:20:56.404,-5.198845737189477e-07,52.37375020495974,
2025-03-10 13:20:56.423,2.6059884786225244e-06,53.40111511467328,
2025-03-10 13:20:56.443,1.5984065195788749e-06,54.09535629390374,
2025-03-10 13:20:56.463,-5.575879153623756e-06,54.04069346687433,
2025-03-10 13:20:56.482,-1.877205634201738e-05,52.72007648051941,
2025-03-10 13:20:56.502,-3.556606734504018e-05,49.643671384754754,
2025-03-10 13:20:56.521,-5.21699964653876e-05,44.47813671509014,
2025-03-10 13:20:56.541,-6.481573607386951e-05,37.147086509876125,
2025-03-10 13:20:56.560,-7.088681450792126e-05,27.878949118046297,
2025-03-10 13:20:56.580,-6.945068142350465e-05,17.190125964456605,
2025-03-10 13:20:56.599,-6.131561711836032e-05,5.806210153273578,
2025-03-10 13:20:56.619,-4.885006918888504e-05,-5.461640087168628,
2025-03-10 13:20:56.638,-3.556692326300183e-05,-15.857798915473746,
2025-03-10 13:20:56.658,-2.5302290765527984e-05,-24.809523624540297,
2025-03-10 13:20:56.677,-2.1022132519731516e-05,-32.01263290345116,
2025-03-10 13:20:56.697,-2.371991218219964e-05,-37.45706463822828,
2025-03-10 13:20:56.716,-3.2054696807437056e-05,-41.387324528508,
2025-03-10 13:20:56.736,-4.302576785458104e-05,-44.20735394540573,
2025-03-10 13:20:56.756,-5.3304720149908216e-05,-46.35184170560514,
2025-03-10 13:20:56.775,-6.04171153722602e-05,-48.15380562621337,
2025-03-10 13:20:56.795,-6.316882302621293e-05,-49.73960818007967,
2025-03-10 13:20:56.814,-6.136629874907769e-05,-50.97695143943828,
2025-03-10 13:20:56.834,-5.538970999502179e-05,-51.48977430335546,
2025-03-10 13:20:56.853,-4.609641642895236e-05,-50.738695907163454,
2025-03-10 13:20:56.873,-3.499951365241436e-05,-48.1500965910508,
2025-03-10 13:20:56.892,-2.426265326289872e-05,-43.26484275400015,
2025-03-10 13:20:56.912,-1.6196995506123467e-05,-35.87221338517771,
2025-03-10 13:20:56.931,-1.2463863689292366e-05,-26.09740339014873,
2025-03-10 13:20:56.951,-1.3509127551088766e-05,-14.421493774689749,
2025-03-10 13:20:56.970,-1.8544577860691637e-05,-1.6282579629479506,
2025-03-10 13:20:56.990,-2.590010552686174e-05,11.311430813367988,
2025-03-10 13:20:57.009,-3.333689604816941e-05,23.39354468893466,
2025-03-10 13:20:57.029,-3.816400712845912e-05,33.741810368110634,
2025-03-10 13:20:57.049,-3.742804228373577e-05,41.74383760274128,
2025-03-10 13:20:57.068,-2.85385337583766e-05,47.13672742874847,
2025-03-10 13:20:57.088,-1.0289982838260116e-05,50.027020270981055,
2025-03-10 13:20:57.107,1.6263271373547342e-05,50.84273498198572,
2025-03-10 13:20:57.127,4.768753917391254e-05,50.228051447722535,
2025-03-10 13:20:57.146,7.893619655238844e-05,48.90172626034375,
2025-03-10 13:20:57.166,0.0001045651714915,47.5068443690756,
2025-03-10 13:20:57.185,0.000119823909849,46.480881243992336,
2025-03-10 13:20:57.205,0.0001214002078511,45.97101316751286,
2025-03-10 13:20:57.224,0.0001079988592245,45.81085251834664,
2025-03-10 13:20:57.244,8.092579556437467e-05,45.56285506391185,
2025-03-10 13:20:57.263,4.4450505112345217e-05,44.617717779544925,
2025-03-10 13:20:57.283,5.41856550227254e-06,42.33058458510021,
2025-03-10 13:20:57.302,-2.817979868522538e-05,38.16609923775355,
2025-03-10 13:20:57.322,-4.931310963151177e-05,31.822074015274595,
2025-03-10 13:20:57.341,-5.379540717448451e-05,23.30564618555104,
2025-03-10 13:20:57.361,-4.118674934526005e-05,12.945816092687595,
2025-03-10 13:20:57.381,-1.4582500976729515e-05,1.3402371360726193,
2025-03-10 13:20:57.400,2.025879910522345e-05,-10.751117646838198,
2025-03-10 13:20:57.420,5.596790302074982e-05,-22.54083977019402,
2025-03-10 13:20:57.439,8.470977789431086e-05,-33.346773706543935,
2025-03-10 13:20:57.459,9.96018218052028e-05,-42.69287187965396,
2025-03-10 13:20:57.478,9.636845491590088e-05,-50.35665031543294,
2025-03-10 13:20:57.498,7.471046563178023e-05,-56.35473270990448,
2025-03-10 13:20:57.517,3.867029643105618e-05,-60.872927019612696,
2025-03-10 13:20:57.537,-4.3409298938213765e-06,-64.16067726981998,
2025-03-10 13:20:57.556,-4.549921611113909e-05,-66.41843390057767,
2025-03-10 13:20:57.576,-7.672630747213769e-05,-67.70830003999363,
2025-03-10 13:20:57.595,-9.240609481922128e-05,-67.91253520447962,
2025-03-10 13:20:57.615,-9.045632877641982e-05,-66.75224457265305,
2025-03-10 13:20:57.634,-7.281041693727297e-05,-63.862730079167314,
2025-03-10 13:20:57.654,-4.524759683888456e-05,-58.90660763613804,
2025-03-10 13:20:57.674,-1.6321098945440713e-05,-51.695125714239495,
2025-03-10 13:20:57.693,4.706485804525998e-06,-42.28523631500455,
2025-03-10 13:20:57.713,1.0471975352189891e-05,-31.025751857871025,
2025-03-10 13:20:57.732,-2.263627284514066e-06,-18.5386979636659,
2025-03-10 13:20:57.752,-3.1644046184534194e-05,-5.638084640574073,
2025-03-10 13:20:57.771,-7.125135228269886e-05,6.796610404407392,
2025-03-10 13:20:57.791,-0.0001117004343773,17.964628008110868,
2025-03-10 13:20:57.810,-0.0001426122786887,27.274671849653352,
2025-03-10 13:20:57.830,-0.0001545618525552,34.434649584676215,
2025-03-10 13:20:57.849,-0.0001409440778998,39.482107704214606,
2025-03-10 13:20:57.869,-9.96755081821894e-05,42.749724650679575,
2025-03-10 13:20:57.888,-3.4293489637913506e-05,44.77360737479607,
2025-03-10 13:20:57.908,4.619933997788287e-05,46.16359054856807,
2025-03-10 13:20:57.927,0.0001290767630033,47.46209331925551,
2025-03-10 13:20:57.947,0.000200806228176,49.02003252149351,
2025-03-10 13:20:57.966,0.0002501184490009,50.914618814186,
2025-03-10 13:20:57.986,0.0002702098859083,52.92545273607752,
2025-03-10 13:20:58.006,0.000259635973567,54.57387542170149,
2025-03-10 13:20:58.025,0.0002220797797749,55.218124940409446,
2025-03-10 13:20:58.045,0.0001653803551265,54.18571793281187,
2025-03-10 13:20:58.064,0.0001000057959618,50.91669281956106,
2025-03-10 13:20:58.084,3.699875069124855e-05,45.088599604031295,
2025-03-10 13:20:58.103,-1.4365534422267855e-05,36.69733214110426,
2025-03-10 13:20:58.123,-4.855502212770063e-05,26.076821616841645,
2025-03-10 13:20:58.142,-6.461702287255073e-05,13.853568776559142,
2025-03-10 13:20:58.162,-6.555499031916984e-05,0.8461004173680192,
2025-03-10 13:20:58.181,-5.667558368553368e-05,-12.06866868905417,
2025-03-10 13:20:58.201,-4.377355959883561e-05,-24.093355609190013,
2025-03-10 13:20:58.220,-3.181753493244957e-05,-34.62326547876903,
2025-03-10 13:20:58.240,-2.4234539317577053e-05,-43.31199393317508,
2025-03-10 13:20:58.259,-2.254191199870044e-05,-50.07784499421865,
2025-03-10 13:20:58.279,-2.6205536513813157e-05,-55.05294513822952,
2025-03-10 13:20:58.299,-3.293019467229271e-05,-58.48987307092733,
2025-03-10 13:20:58.318,-3.961582748125773e-05,-60.65022909281255,
2025-03-10 13:20:58.338,-4.378449130206537e-05,-61.70368320090312,
2025-03-10 13:20:58.357,-4.478314803804852e-05,-61.66351922845183,
2025-03-10 13:20:58.377,-4.404343923306042e-05,-60.37575022014984,
2025-03-10 13:20:58.396,-4.4249815683179735e-05,-57.56530293622964,
2025-03-10 13:20:58.416,-4.797369112839423e-05,-52.927764634285786,
2025-03-10 13:20:58.435,-5.657729540552197e-05,-46.24272565949388,
2025-03-10 13:20:58.455,-6.98143692981235e-05,-37.47842929023998,
2025-03-10 13:20:58.474,-8.597519492207581e-05,-26.85919639443575,
2025-03-10 13:20:58.494,-0.0001022015017523,-14.876432106720786,
2025-03-10 13:20:58.513,-0.0001148483018056,-2.23818411559246,
2025-03-10 13:20:58.533,-0.0001200821927539,10.232768648084066,
2025-03-10 13:20:58.552,-0.0001148425231208,21.73028064219043,
2025-03-10 13:20:58.572,-9.788694701949932e-05,31.597180093817965,
2025-03-10 13:20:58.592,-7.035011322316411e-05,39.430196656663405,
2025-03-10 13:20:58.611,-3.5438976662493326e-05,45.135214022454186,
2025-03-10 13:20:58.631,2.545365037268465e-06,48.92115354045114,
2025-03-10 13:20:58.650,3.924943079014336e-05,51.23355310667719,
2025-03-10 13:20:58.670,7.088772642696486e-05,52.64131892732783,
2025-03-10 13:20:58.689,9.447349537432269e-05,53.69976705748366,
2025-03-10 13:20:58.709,0.0001080435987906,54.81804914157468,
2025-03-10 13:20:58.728,0.0001110876373091,56.15841446147962,
2025-03-10 13:20:58.748,0.0001049140310984,57.58864959165172,
2025-03-10 13:20:58.767,9.245965794186636e-05,58.69862650817242,
2025-03-10 13:20:58.787,7.736753726697155e-05,58.87909442733503,
2025-03-10 13:20:58.806,6.274082087081074e-05,57.44802021421139,
2025-03-10 13:20:58.826,5.026424404781296e-05,53.79940839332341,
2025-03-10 13:20:58.845,4.008698317091909e-05,47.543905670957,
2025-03-10 13:20:58.865,3.1276441465715346e-05,38.61123085182385,
2025-03-10 13:20:58.884,2.2343938622258943e-05,27.29192866964668,
2025-03-10 13:20:58.904,1.15627155440962e-05,14.208803234480008,
2025-03-10 13:20:58.924,-2.758689691920636e-06,0.2237321934964103,
2025-03-10 13:20:58.943,-2.173604835141085e-05,-13.700340324675503,
2025-03-10 13:20:58.963,-4.511827217531805e-05,-26.65299769128351,
2025-03-10 13:20:58.982,-7.07268382151049e-05,-37.91361259101164,
2025-03-10 13:20:59.002,-9.468702831930348e-05,-47.0447421889198,
2025-03-10 13:20:59.021,-0.0001125408880444,-53.92426874438394,
2025-03-10 13:20:59.041,-0.0001207049563646,-58.71240414155444,
2025-03-10 13:20:59.060,-0.0001175246679501,-61.76366540196607,
2025-03-10 13:20:59.080,-0.0001035412029889,-63.50556632716871,
2025-03-10 13:20:59.099,-8.113286052586104e-05,-64.3126879938933,
2025-03-10 13:20:59.119,-5.391853244880028e-05,-64.40546599375324,
2025-03-10 13:20:59.138,-2.6115352518759527e-05,-63.79713648000376,
2025-03-10 13:20:59.158,-1.7741477734487922e-06,-62.30088575917674,
2025-03-10 13:20:59.177,1.61520140948204e-05,-59.59476264448528,
2025-03-10 13:20:59.197,2.663441872187356e-05,-55.32769953459741,
2025-03-10 13:20:59.217,3.080759310027129e-05,-49.239609634529,
2025-03-10 13:20:59.236,3.137063666365912e-05,-41.264785357196125,
2025-03-10 13:20:59.256,3.1451318685183224e-05,-31.591866505199206,
2025-03-10 13:20:59.275,3.359073040333868e-05,-20.66451148575332,
2025-03-10 13:20:59.295,3.931809620459795e-05,-9.121716232079216,
2025-03-10 13:20:59.314,4.923910030882956e-05,2.3084441084343768,
2025-03-10 13:20:59.334,6.318902308494511e-05,12.936801313021284,
2025-03-10 13:20:59.353,8.014454171052724e-05,22.233185128499425,
2025-03-10 13:20:59.373,9.805734938354448e-05,29.91129708137627,
2025-03-10 13:20:59.392,0.0001140417425145,35.95949380950628,
2025-03-10 13:20:59.412,0.0001251003376068,40.61102633253031,
2025-03-10 13:20:59.431,0.0001290469184965,44.26081498512709,
2025-03-10 13:20:59.451,0.0001250347606946,47.34755502739315,
2025-03-10 13:20:59.470,0.0001134059663722,50.22743685289431,
2025-03-10 13:20:59.490,9.51564163659496e-05,53.06760525988536,
2025-03-10 13:20:59.510,7.159230171933635e-05,55.78343665930675,
2025-03-10 13:20:59.529,4.44619350606599e-05,58.034659342536486,
2025-03-10 13:20:59.549,1.6281622363592467e-05,59.28304079162575,
2025-03-10 13:20:59.568,-9.690866016097203e-06,58.90116182879628,
2025-03-10 13:20:59.588,-3.0089570772609057e-05,56.310297820790375,
2025-03-10 13:20:59.607,-4.239279221624464e-05,51.118139173324565,
2025-03-10 13:20:59.627,-4.564685280531319e-05,43.22593520658143,
2025-03-10 13:20:59.646,-4.064548673724147e-05,32.8803989747373,
2025-03-10 13:20:59.666,-2.9683890353823804e-05,20.657474149773456,
2025-03-10 13:20:59.685,-1.618559441734325e-05,7.380250858887729,
2025-03-10 13:20:59.705,-4.286016278171165e-06,-6.011759873428045,
2025-03-10 13:20:59.724,1.826637922431015e-06,-18.613830624669703,
2025-03-10 13:20:59.744,-1.0529310566808208e-06,-29.695191219079632,
2025-03-10 13:20:59.763,-1.402634483971629e-05,-38.79681835521167,
2025-03-10 13:20:59.783,-3.550780889014054e-05,-45.76823987292639,
2025-03-10 13:20:59.802,-6.160644037948852e-05,-50.73777676403478,
2025-03-10 13:20:59.822,-8.72904870660757e-05,-54.025802351855816,
2025-03-10 13:20:59.842,-0.0001076716350132,-56.02353621099785,
2025-03-10 13:20:59.861,-0.0001188336408769,-57.06764932398672,
2025-03-10 13:20:59.881,-0.0001181530799294,-57.341587339811525,
2025-03-10 13:20:59.900,-0.0001044909646557,-56.82764446284186,
2025-03-10 13:20:59.920,-7.85668582373193e-05,-55.32091697043893,
2025-03-10 13:20:59.939,-4.336569716797735e-05,-52.5004611492899,
2025-03-10 13:20:59.959,-4.072867909633407e-06,-48.03834403724554,
2025-03-10 13:20:59.978,3.281364666845452e-05,-41.71771434335758,
2025-03-10 13:20:59.998,6.098815451775793e-05,-33.52908554022827,
2025-03-10 13:21:00.017,7.581262223388704e-05,-23.720062093796894,
2025-03-10 13:21:00.037,7.520517619709932e-05,-12.785818117346558,
2025-03-10 13:21:00.056,5.9874028600366416e-05,-1.402280452682112,
2025-03-10 13:21:00.076,3.318791182247645e-05,9.682637450044064,
2025-03-10 13:21:00.095,8.603458125016025e-07,19.775296858865858,
2025-03-10 13:21:00.115,-2.973671973700844e-05,28.35244936676297,
2025-03-10 13:21:00.135,-5.090127040077396e-05,35.142450178411174,
2025-03-10 13:21:00.154,-5.644242386714639e-05,40.15471735435455,
2025-03-10 13:21:00.174,-4.3379733205472416e-05,43.65165590515938,
2025-03-10 13:21:00.193,-1.2750729263888762e-05,46.06922584399798,
2025-03-10 13:21:00.213,3.0740867543612144e-05,47.90285357538112,
2025-03-10 13:21:00.232,7.986409160554164e-05,49.58245967482669,
2025-03-10 13:21:00.252,0.0001261756909121,51.36267112677029,
2025-03-10 13:21:00.271,0.000161199433894,53.25138991801412,
2025-03-10 13:21:00.291,0.0001775858557538,54.9923708166389,
2025-03-10 13:21:00.310,0.0001704179151067,56.1067263707094,
2025-03-10 13:21:00.330,0.0001384528293243,55.986293044980194,
2025-03-10 13:21:00.349,8.473748110471299e-05,54.02078535384946,
2025-03-10 13:21:00.369,1.6137157837378284e-05,49.73286020804469,
2025-03-10 13:21:00.388,-5.815358233516081e-05,42.89252348284699,
2025-03-10 13:21:00.408,-0.0001285250200062,33.58584535223828,
2025-03-10 13:21:00.427,-0.0001865929109343,22.22244400898548,
2025-03-10 13:21:00.447,-0.0002262169042385,9.47971018496881,
2025-03-10 13:21:00.467,-0.0002439922222252,-3.803992334711715,
2025-03-10 13:21:00.486,-0.0002394345694907,-16.763533539916185,
2025-03-10 13:21:00.506,-0.0002148515439901,-28.639347695395355,
2025-03-10 13:21:00.525,-0.000174708544637,-38.87988232457594,
2025-03-10 13:21:00.545,-0.0001244962002384,-47.19383794066723,
2025-03-10 13:21:00.564,-6.954526023223047e-05,-53.54396981193984,
2025-03-10 13:21:00.584,-1.4412617563346089e-05,-58.08791148942159,
2025-03-10 13:21:00.603,3.692264415779057e-05,-61.08365835738001,
2025-03-10 13:21:00.623,8.047997793501406e-05,-62.78521299531648,
2025-03-10 13:21:00.642,0.0001120606463554,-63.35550672025161,
2025-03-10 13:21:00.662,0.0001277925977433,-62.81854499657632,
2025-03-10 13:21:00.681,0.0001251572032425,-61.06197184893058,
2025-03-10 13:21:00.701,0.000103840136356,-57.88768690827285,
2025-03-10 13:21:00.720,6.597222421190021e-05,-53.095445800101615,
2025-03-10 13:21:00.740,1.5860583119677758e-05,-46.57599325247912,
2025-03-10 13:21:00.760,-4.040526136137266e-05,-38.3883713404885,
2025-03-10 13:21:00.779,-9.531548667266802e-05,-28.80079341650144,
2025-03-10 13:21:00.799,-0.0001405502949379,-18.284149823766867,
2025-03-10 13:21:00.818,-0.000168209878341,-7.458911195986823,
2025-03-10 13:21:00.838,-0.0001725766698372,2.993128595125693,
2025-03-10 13:21:00.857,-0.0001517166006299,12.433494610624471,
2025-03-10 13:21:00.877,-0.0001080947656837,20.366455274369123,
2025-03-10 13:21:00.896,-4.791407905917155e-05,26.51333705644778,
2025-03-10 13:21:00.916,2.0375403988354556e-05,30.847292492214983,
2025-03-10 13:21:00.935,8.765217890267884e-05,33.582003619422444,
2025-03-10 13:21:00.955,0.0001453674077499,35.11665905753445,
2025-03-10 13:21:00.974,0.0001865493538739,35.94773725999363,
2025-03-10 13:21:00.994,0.0002067860679408,36.564211704051694,
2025-03-10 13:21:01.013,0.000205069880545,37.34573874403822,
2025-03-10 13:21:01.033,0.0001840435523582,38.48278794731153,
2025-03-10 13:21:01.053,0.0001492971994443,39.93376247537395,
2025-03-10 13:21:01.072,0.0001079013152569,41.42766824930697,
2025-03-10 13:21:01.092,6.682923264888289e-05,42.51284912001959,
2025-03-10 13:21:01.111,3.1870347568028643e-05,42.64387230368217,
2025-03-10 13:21:01.131,7.133643831237795e-06,41.29109803608695,
2025-03-10 13:21:01.150,-5.191952683152177e-06,38.05219567831661,
2025-03-10 13:21:01.170,-5.102654279083414e-06,32.743241091374145,
2025-03-10 13:21:01.189,5.063804432338703e-06,25.44998343496041,
2025-03-10 13:21:01.209,2.0987035549716424e-05,16.527408736031603,
2025-03-10 13:21:01.228,3.742704915265036e-05,6.546605039868987,
2025-03-10 13:21:01.248,4.965313244863103e-05,-3.80024835100274,
2025-03-10 13:21:01.267,5.4577462125713947e-05,-13.816148091545127,
2025-03-10 13:21:01.287,5.113997107292304e-05,-22.9110295823998,
2025-03-10 13:21:01.306,4.003529617414429e-05,-30.68425998129737,
2025-03-10 13:21:01.326,2.3228071787870755e-05,-36.96012146592429,
2025-03-10 13:21:01.345,3.556630550260215e-06,-41.7699619658108,
2025-03-10 13:21:01.365,-1.5685642758417427e-05,-45.287760967481546,
2025-03-10 13:21:01.385,-3.145405678329046e-05,-47.73737683950266,
2025-03-10 13:21:01.404,-4.188244692358484e-05,-49.296772784449225,
2025-03-10 13:21:01.424,-4.693762081999565e-05,-50.02513307940854,
2025-03-10 13:21:01.443,-4.827197828863533e-05,-49.83263843367793,
2025-03-10 13:21:01.463,-4.826445541905729e-05,-48.50122496330162,
2025-03-10 13:21:01.482,-4.885415548850031e-05,-45.75087844235513,
2025-03-10 13:21:01.502,-5.0906864842859074e-05,-41.33364686470893,
2025-03-10 13:21:01.521,-5.4373563215601e-05,-35.130007153459026,
2025-03-10 13:21:01.541,-5.884817543937165e-05,-27.22153011481528,
2025-03-10 13:21:01.560,-6.390666275133512e-05,-17.919961898179263,
2025-03-10 13:21:01.580,-6.897122277663313e-05,-7.743943120098953,
2025-03-10 13:21:01.599,-7.298346082941409e-05,2.6525218070091103,
2025-03-10 13:21:01.619,-7.435328107655707e-05,12.584349404455706,
2025-03-10 13:21:01.638,-7.134289288967962e-05,21.44959651484887,
2025-03-10 13:21:01.658,-6.261335015210876e-05,28.828849420017928,
2025-03-10 13:21:01.678,-4.75629020098034e-05,34.5484760025776,
2025-03-10 13:21:01.697,-2.6386170569589216e-05,38.69425459717686,
2025-03-10 13:21:01.717,-9.78177528739283e-08,41.57231625014393,
2025-03-10 13:21:01.736,2.9289702916972214e-05,43.62525184688076,
2025-03-10 13:21:01.756,5.860877828303965e-05,45.32052727788404,
2025-03-10 13:21:01.775,8.381159381890053e-05,47.03423096232316,
2025-03-10 13:21:01.795,0.0001008762548536,48.95448202371741,
2025-03-10 13:21:01.814,0.0001070332488695,51.02522301525627,
2025-03-10 13:21:01.834,0.0001016810263801,52.94320509305866,
2025-03-10 13:21:01.853,8.655106687330436e-05,54.2102060217858,
2025-03-10 13:21:01.873,6.520594989288756e-05,54.23099902133277,
2025-03-10 13:21:01.892,4.229751388213001e-05,52.43769371260505,
2025-03-10 13:21:01.912,2.2872249839032675e-05,48.4150174601952,
2025-03-10 13:21:01.931,1.162560724774814e-05,42.000430473466615,
2025-03-10 13:21:01.951,1.1891871730289304e-05,33.33802098533076,
2025-03-10 13:21:01.971,2.4512432025090868e-05,22.8748252416239,
2025-03-10 13:21:01.990,4.7181981991926056e-05,11.300270613692238,
2025-03-10 13:21:02.010,7.487518417703356e-05,-0.5589714021277519,
2025-03-10 13:21:02.029,0.0001013720160275,-11.867822898030656,
2025-03-10 13:21:02.049,0.000121176812814,-21.910361737346477,
2025-03-10 13:21:02.068,0.0001308742283108,-30.19205200242478,
2025-03-10 13:21:02.088,0.0001293994030098,-36.49795993876624,
2025-03-10 13:21:02.107,0.0001174473165353,-40.896979977813,
2025-03-10 13:21:02.127,9.668385992748138e-05,-43.69260782229448,
2025-03-10 13:21:02.146,6.924318700096966e-05,-45.33128232427275,
2025-03-10 13:21:02.166,3.748733500018859e-05,-46.28779627444468,
2025-03-10 13:21:02.185,3.729470570247225e-06,-46.9519633900346,
2025-03-10 13:21:02.205,-3.017166675867272e-05,-47.54047490317041,
2025-03-10 13:21:02.224,-6.307276153425876e-05,-48.052527913774185,
2025-03-10 13:21:02.244,-9.436162694342845e-05,-48.27832840748434,
2025-03-10 13:21:02.263,-0.0001234192967766,-47.85791561187128,
2025-03-10 13:21:02.283,-0.0001492020952488,-46.37646815264837,
2025-03-10 13:21:02.303,-0.0001703470572583,-43.47393548294541,
2025-03-10 13:21:02.322,-0.000185721206407,-38.94353719825603,
2025-03-10 13:21:02.342,-0.0001949103104367,-32.79632548179301,
2025-03-10 13:21:02.361,-0.0001981909815728,-25.27708783794432,
2025-03-10 13:21:02.381,-0.0001960090072454,-16.828431856525878,
2025-03-10 13:21:02.400,-0.0001884447053576,-8.012073354313955,
2025-03-10 13:21:02.420,-0.0001751503459487,0.5938365050817294,
2025-03-10 13:21:02.439,-0.000155800986002,8.497343374257003,
2025-03-10 13:21:02.459,-0.0001306533607704,15.37181083478793,
2025-03-10 13:21:02.478,-0.0001007884898576,21.093967754143005,
2025-03-10 13:21:02.498,-6.799470903842717e-05,25.733121106107195,
2025-03-10 13:21:02.517,-3.459159432513005e-05,29.49523259357597,
2025-03-10 13:21:02.537,-3.434813987690613e-06,32.63614420091959,
2025-03-10 13:21:02.556,2.202817186246354e-05,35.36559499624389,
2025-03-10 13:21:02.576,3.8014747217219216e-05,37.766073227852985,
2025-03-10 13:21:02.596,4.113452385383661e-05,39.74730176714216,
2025-03-10 13:21:02.615,2.9299017646674007e-05,41.04883563468768,
2025-03-10 13:21:02.635,2.3238797039695085e-06,41.29166938555832,
2025-03-10 13:21:02.654,-3.799227340581053e-05,40.0676351290112,
2025-03-10 13:21:02.674,-8.807272174150908e-05,37.04575243038671,
2025-03-10 13:21:02.693,-0.000142666447151,32.070104634915886,
2025-03-10 13:21:02.713,-0.0001947914665273,25.225511216741737,
2025-03-10 13:21:02.732,-0.0002359137919403,16.854761705516204,
2025-03-10 13:21:02.752,-0.0002568502304772,7.522418404879737,
2025-03-10 13:21:02.771,-0.0002494660570879,-2.067730884610427,
2025-03-10 13:21:02.791,-0.0002086668815915,-11.184427039738695,
2025-03-10 13:21:02.810,-0.000133957928298,-19.18676108785495,
2025-03-10 13:21:02.830,-3.011409578000305e-05,-25.623947629374797,
2025-03-10 13:21:02.849,9.304877207502202e-05,-30.29688770759349,
2025-03-10 13:21:02.869,0.0002216126388562,-33.26931319939199,
2025-03-10 13:21:02.888,0.0003391485228374,-34.8267137752815,
2025-03-10 13:21:02.908,0.0004290377224479,-35.392126043444485,
2025-03-10 13:21:02.928,0.0004773912690215,-35.417025673533665,
2025-03-10 13:21:02.947,0.0004759339459376,-35.27099795350885,
2025-03-10 13:21:02.967,0.0004238869896417,-35.15423234565434,
2025-03-10 13:21:02.986,0.0003281428324745,-35.05194960180561,
2025-03-10 13:21:03.006,0.0002017781141225,-34.740626332833514,
2025-03-10 13:21:03.025,6.161671824306337e-05,-33.8443654296292,
2025-03-10 13:21:03.045,-7.436279646575338e-05,-31.92855668710177,
2025-03-10 13:21:03.064,-0.0001894036539635,-28.609627465036898,
2025-03-10 13:21:03.084,-0.0002701488424201,-23.656138988301446,
2025-03-10 13:21:03.103,-0.000308566069818,-17.05860073046132,
2025-03-10 13:21:03.123,-0.0003031658974424,-9.052654082821304,
2025-03-10 13:21:03.142,-0.0002588940639941,-0.0909233203260487,
2025-03-10 13:21:03.162,-0.0001855117917797,9.229758355499632,
2025-03-10 13:21:03.181,-9.503740855367715e-05,18.26952676447698,
2025-03-10 13:21:03.201,7.393600247123708e-07,26.45322986560335,
2025-03-10 13:21:03.221,9.190104849639212e-05,33.36211326096284,
2025-03-10 13:21:03.240,0.0001710854192596,38.79073654844455,
2025-03-10 13:21:03.260,0.0002335685945567,42.758023386661606,
2025-03-10 13:21:03.279,0.0002771062130844,45.4710961269378,
2025-03-10 13:21:03.299,0.0003015916176266,47.25052860188638,
2025-03-10 13:21:03.318,0.0003084196526971,48.43389900174012,
2025-03-10 13:21:03.338,0.000299620734329,49.27931428704753,
2025-03-10 13:21:03.357,0.00027714117119,49.89078236579442,
2025-03-10 13:21:03.377,0.0002426834698752,50.18271264076685,
2025-03-10 13:21:03.396,0.0001981484825067,49.89226952174638,
2025-03-10 13:21:03.416,0.0001462525250219,48.63756829143435,
2025-03-10 13:21:03.435,9.076858113831132e-05,46.00915485110797,
2025-03-10 13:21:03.455,3.617931397637934e-05,41.67430016714076,
2025-03-10 13:21:03.474,-1.2993734139271644e-05,35.47033151773557,
2025-03-10 13:21:03.494,-5.275325258008346e-05,27.46544644838027,
2025-03-10 13:21:03.514,-7.991901271440714e-05,17.97275479625398,
2025-03-10 13:21:03.533,-9.236847125519775e-05,7.513883868733333,
2025-03-10 13:21:03.553,-8.949585737335e-05,-3.2602338788986662,
2025-03-10 13:21:03.572,-7.280852140256912e-05,-13.67444126031494,
2025-03-10 13:21:03.592,-4.620582985630923e-05,-23.13800213478588,
2025-03-10 13:21:03.611,-1.551982551994908e-05,-31.234123018729623,
2025-03-10 13:21:03.631,1.2648626110967868e-05,-37.77209966554787,
2025-03-10 13:21:03.650,3.23044030514702e-05,-42.7919886259826,
2025-03-10 13:21:03.670,3.9106212055288816e-05,-46.52179911237429,
2025-03-10 13:21:03.689,3.092786016603286e-05,-49.29718640145679,
2025-03-10 13:21:03.709,8.149740377043606e-06,-51.461520639304126,
2025-03-10 13:21:03.728,-2.6119614820890825e-05,-53.26841699041858,
2025-03-10 13:21:03.748,-6.604187786922779e-05,-54.80843232946294,
2025-03-10 13:21:03.767,-0.0001036542305694,-55.97661438414536,
2025-03-10 13:21:03.787,-0.0001302676834133,-56.48881997028334,
2025-03-10 13:21:03.806,-0.0001383623982964,-55.94393770781272,
2025-03-10 13:21:03.826,-0.0001233762586261,-53.918683008635504,
2025-03-10 13:21:03.846,-8.490302700067795e-05,-50.0739429455696,
2025-03-10 13:21:03.865,-2.716589633881921e-05,-44.24872773186196,
2025-03-10 13:21:03.885,4.119162359055589e-05,-36.5205110073688,
2025-03-10 13:21:03.904,0.0001080877462446,-27.218469533136144,
2025-03-10 13:21:03.924,0.0001599727579015,-16.886815982037934,
2025-03-10 13:21:03.943,0.000184725302617,-6.206275523306945,
2025-03-10 13:21:03.963,0.0001747867559396,4.109802292989631,
2025-03-10 13:21:03.982,0.0001293972396554,13.42383808877269,
2025-03-10 13:21:04.002,5.498447250760453e-05,21.266211223822637,
2025-03-10 13:21:04.021,-3.64761530020913e-05,27.39458560326581,
2025-03-10 13:21:04.041,-0.0001304669318525,31.81048494308717,
2025-03-10 13:21:04.060,-0.0002132263276155,34.73135318886785,
2025-03-10 13:21:04.080,-0.0002744311862922,36.52450166027489,
2025-03-10 13:21:04.099,-0.0003088003233532,37.61630265364435,
2025-03-10 13:21:04.119,-0.0003165006453092,38.39457768235261,
2025-03-10 13:21:04.139,-0.0003023699630333,39.123445678443325,
2025-03-10 13:21:04.158,-0.0002740986329175,39.88755430487032,
2025-03-10 13:21:04.178,-0.0002398128644013,40.57691477835176,
2025-03-10 13:21:04.197,-0.0002058392216584,40.91547620327506,
2025-03-10 13:21:04.217,-0.0001754619008687,40.52760112483048,
2025-03-10 13:21:04.236,-0.0001490380863819,39.028500242816335,
2025-03-10 13:21:04.256,-0.0001251412380034,36.11920353772,
2025-03-10 13:21:04.275,-0.0001019438953802,31.66519384429712,
2025-03-10 13:21:04.295,-7.814924943047585e-05,25.74105893358028,
2025-03-10 13:21:04.314,-5.3288892584413765e-05,18.6309757217124,
2025-03-10 13:21:04.334,-2.7663203205992027e-05,10.784902715924202,
2025-03-10 13:21:04.353,-2.268544131358182e-06,2.7405951392375254,
2025-03-10 13:21:04.373,2.1218179405165094e-05,-4.970575917171954,
2025-03-10 13:21:04.392,4.059788429201658e-05,-11.91245433590717,
2025-03-10 13:21:04.412,5.362479914033168e-05,-17.807584359239552,
2025-03-10 13:21:04.432,5.868810775707343e-05,-22.56158215823278,
2025-03-10 13:21:04.451,5.535891133218842e-05,-26.244031639180065,
2025-03-10 13:21:04.471,4.453176295831188e-05,-29.031953631037595,
2025-03-10 13:21:04.490,2.8179151664932555e-05,-31.13091545065749,
2025-03-10 13:21:04.510,8.94839873875711e-06,-32.69433262363261,
2025-03-10 13:21:04.529,-1.0219801379089054e-05,-33.76206209411133,
2025-03-10 13:21:04.549,-2.6466429041938804e-05,-34.23471185287457,
2025-03-10 13:21:04.568,-3.747356021103804e-05,-33.89118630836464,
2025-03-10 13:21:04.588,-4.195831318124868e-05,-32.44595893140043,
2025-03-10 13:21:04.607,-3.99639717137946e-05,-29.63217930317384,
2025-03-10 13:21:04.627,-3.270950419765117e-05,-25.289714633236557,
2025-03-10 13:21:04.646,-2.1991012882204675e-05,-19.435524432553414,
2025-03-10 13:21:04.666,-9.407943317549124e-06,-12.297866597493767,
2025-03-10 13:21:04.685,4.22655881420653e-06,-4.304593207938443,
2025-03-10 13:21:04.705,1.9089630563305824e-05,3.9731902191202857,
2025-03-10 13:21:04.724,3.6190677682096885e-05,11.91041985591034,
2025-03-10 13:21:04.744,5.696863604694495e-05,18.93128373782816,
2025-03-10 13:21:04.764,8.270806923484889e-05,24.604444471011035,
2025-03-10 13:21:04.783,0.0001137965754742,28.710294579353604,
2025-03-10 13:21:04.803,0.0001489610100119,31.26629009423919,
2025-03-10 13:21:04.822,0.0001848248454968,32.50517106704122,
2025-03-10 13:21:04.842,0.0002161784486616,32.81060978812129,
2025-03-10 13:21:04.861,0.0002370900934555,32.62362194344316,
2025-03-10 13:21:04.881,0.0002425356251386,32.33918490883142,
2025-03-10 13:21:04.900,0.0002299087721138,32.21466836699899,
2025-03-10 13:21:04.920,0.000199831189238,32.30939620424862,
2025-03-10 13:21:04.939,0.0001560619934368,32.468317496046296,
2025-03-10 13:21:04.959,0.0001047077753426,32.35358895562055,
2025-03-10 13:21:04.978,5.307158064929654e-05,31.517694613725133,
2025-03-10 13:21:04.998,8.354018727056901e-06,29.502682836149425,
2025-03-10 13:21:05.017,-2.3706195054570853e-05,25.9442236633976,
2025-03-10 13:21:05.037,-4.0077229261459686e-05,20.6579636636294,
2025-03-10 13:21:05.057,-4.118263880100534e-05,13.689564813633956,
2025-03-10 13:21:05.076,-3.075116680330171e-05,5.318081967224944,
2025-03-10 13:21:05.096,-1.4693388433606928e-05,-3.986988415422995,
2025-03-10 13:21:05.115,5.895746681310269e-07,-13.644203271895972,
2025-03-10 13:21:05.135,9.808060223794772e-06,-23.05577227279013,
2025-03-10 13:21:05.154,9.803984439889538e-06,-31.698737639745417,
2025-03-10 13:21:05.174,-1.0192580676015658e-07,-39.19223543499059,
2025-03-10 13:21:05.193,-1.8238949672481307e-05,-45.32776724457212,
2025-03-10 13:21:05.213,-4.0998407473802126e-05,-50.058594405131245,
2025-03-10 13:21:05.232,-6.350174699675392e-05,-53.454152100651385,
2025-03-10 13:21:05.252,-8.056045452425016e-05,-55.63355254409067,
2025-03-10 13:21:05.271,-8.78151667823968e-05,-56.69693652722297,
2025-03-10 13:21:05.291,-8.274010994199596e-05,-56.67348739996558,
2025-03-10 13:21:05.310,-6.518037016946065e-05,-55.50021443964102,
2025-03-10 13:21:05.330,-3.730115090669755e-05,-53.03721894487626,
2025-03-10 13:21:05.350,-3.0896572133532804e-06,-49.115235091923545,
2025-03-10 13:21:05.369,3.235893920526636e-05,-43.60249830905799,
2025-03-10 13:21:05.389,6.365918808461529e-05,-36.47284797837613,
2025-03-10 13:21:05.408,8.60796333329447e-05,-27.856718888987054,
2025-03-10 13:21:05.428,9.657225078729616e-05,-18.061123771669383,
2025-03-10 13:21:05.447,9.461318542318212e-05,-7.552392240696644,
2025-03-10 13:21:05.467,8.244995506048971e-05,3.095845832409834,
2025-03-10 13:21:05.486,6.453518777884392e-05,13.279270920999346,
2025-03-10 13:21:05.506,4.633446340205444e-05,22.448830066572512,
2025-03-10 13:21:05.525,3.299391587316479e-05,30.189053180402038,
2025-03-10 13:21:05.545,2.8305339087574047e-05,36.27340291598937,
2025-03-10 13:21:05.564,3.411000554598914e-05,40.68587854457704,
2025-03-10 13:21:05.584,5.004977501522572e-05,43.60461414681578,
2025-03-10 13:21:05.603,7.359825134816358e-05,45.35050861531404,
2025-03-10 13:21:05.623,0.0001004677545759,46.31067065522049,
2025-03-10 13:21:05.642,0.0001255086151487,46.85139572266722,
2025-03-10 13:21:05.662,0.0001439760652217,47.237560408838114,
2025-03-10 13:21:05.682,0.0001527270792447,47.57427991429972,
2025-03-10 13:21:05.701,0.0001508380616687,47.78257840334501,
2025-03-10 13:21:05.721,0.0001394176270544,47.61436967335281,
2025-03-10 13:21:05.740,0.0001208244514972,46.70435326581285,
2025-03-10 13:21:05.760,9.77652045368588e-05,44.64888189284251,
2025-03-10 13:21:05.779,7.267475583093719e-05,41.095942110663366,
2025-03-10 13:21:05.799,4.7475737881803065e-05,35.827505671234775,
2025-03-10 13:21:05.818,2.3556857541545623e-05,28.8166287321798,
2025-03-10 13:21:05.838,1.8005517477373254e-06,20.246944777995427,
2025-03-10 13:21:05.857,-1.7343212994061502e-05,10.490633664387133,
2025-03-10 13:21:05.877,-3.3651465315590435e-05,0.0505398408439106,
2025-03-10 13:21:05.896,-4.6826832940762826e-05,-10.519632262987477,
2025-03-10 13:21:05.916,-5.632888182695172e-05,-20.698369369152488,
2025-03-10 13:21:05.935,-6.156986088882528e-05,-30.06390464889738,
2025-03-10 13:21:05.955,-6.242602752250472e-05,-38.33203468479789,
2025-03-10 13:21:05.975,-5.968236928169855e-05,-45.35775172234717,
2025-03-10 13:21:05.994,-5.5007153091528926e-05,-51.10335855569315,
2025-03-10 13:21:06.014,-5.043390364469578e-05,-55.58400838581812,
2025-03-10 13:21:06.033,-4.776974731915403e-05,-58.80715807962345,
2025-03-10 13:21:06.053,-4.841196796856315e-05,-60.72392658862268,
2025-03-10 13:21:06.072,-5.3674772511804805e-05,-61.20730769428438,
2025-03-10 13:21:06.092,-6.527690612872119e-05,-60.06510689756897,
2025-03-10 13:21:06.111,-8.552979271844544e-05,-57.08596765653363,
2025-03-10 13:21:06.131,-0.0001170528692646,-52.107420030149285,
2025-03-10 13:21:06.150,-0.0001622135043146,-45.088248196772525,
2025-03-10 13:21:06.170,-0.0002225898738896,-36.16562773875784,
2025-03-10 13:21:06.189,-0.0002985507418246,-25.68091506479865,
2025-03-10 13:21:06.209,-0.0003888332801825,-14.16550233766234,
2025-03-10 13:21:06.228,-0.0004900565563561,-2.287495368905413,
2025-03-10 13:21:06.248,-0.0005963766313369,9.231348861098798,
2025-03-10 13:21:06.267,-0.000699644362417,19.71285318883696,
2025-03-10 13:21:06.287,-0.0007902397971491,28.61558137826564,
2025-03-10 13:21:06.307,-0.0008583615996994,35.60655279518934,
2025-03-10 13:21:06.326,-0.0008953120159226,40.59804199641228,
2025-03-10 13:21:06.346,-0.0008944415457939,43.742209739361215,
2025-03-10 13:21:06.365,-0.0008517402511814,45.38392508832207,
2025-03-10 13:21:06.385,-0.0007662459261761,45.980006680743735,
2025-03-10 13:21:06.404,-0.0006403219300427,45.99984572801555,
2025-03-10 13:21:06.424,-0.0004796164229929,45.826537295733424,
2025-03-10 13:21:06.443,-0.000292475958484,45.67813897554336,
2025-03-10 13:21:06.463,-8.886409527726433e-05,45.56511516484108,
2025-03-10 13:21:06.482,0.0001208163050167,45.29294101969586,
2025-03-10 13:21:06.502,0.0003265444404117,44.50960297307416,
2025-03-10 13:21:06.521,0.0005190233012762,42.78825942650694,
2025-03-10 13:21:06.541,0.0006898269824845,39.72767032762825,
2025-03-10 13:21:06.560,0.0008317396050377,35.04893155203856,
2025-03-10 13:21:06.580,0.0009393964355908,28.66763965431308,
2025-03-10 13:21:06.600,0.0010099774875412,20.72594881725849,
2025-03-10 13:21:06.619,0.0010435923820345,11.578003252121643,
2025-03-10 13:21:06.639,0.0010431980725322,1.732860512581485,
2025-03-10 13:21:06.658,0.0010141722370299,-8.231340349352983,
2025-03-10 13:21:06.678,0.0009637351124762,-17.76196676511978,
2025-03-10 13:21:06.697,0.0009002342631338,-26.41386985370028,
2025-03-10 13:21:06.717,0.0008321439859239,-33.901074728067826,
2025-03-10 13:21:06.736,0.0007667555501471,-40.10819828808144,
2025-03-10 13:21:06.756,0.0007088957673988,-45.06139718425229,
2025-03-10 13:21:06.775,0.0006602451501467,-48.86829382814219,
2025-03-10 13:21:06.795,0.0006196235752628,-51.64369163840845,
2025-03-10 13:21:06.814,0.0005840644028304,-53.44128696093629,
2025-03-10 13:21:06.834,0.0005500520118093,-54.21010192237587,
2025-03-10 13:21:06.853,0.0005143231554573,-53.78815474768598,
2025-03-10 13:21:06.873,0.0004740553621542,-51.93631589191861,
2025-03-10 13:21:06.893,0.0004266625953288,-48.40474505634931,
2025-03-10 13:21:06.912,0.0003694780849532,-43.01555155199876,
2025-03-10 13:21:06.932,0.0002994209333774,-35.740727020563256,
2025-03-10 13:21:06.951,0.0002126503780367,-26.75514740479921,
2025-03-10 13:21:06.971,0.0001043895880264,-16.45019119824253,
2025-03-10 13:21:06.990,-3.064133187941569e-05,-5.402612209953932,
2025-03-10 13:21:07.010,-0.0001967905443963,5.6966199068330186,
2025-03-10 13:21:07.029,-0.0003951464434136,16.140051703837393,
2025-03-10 13:21:07.049,-0.0006210720460854,25.308897906701027,
2025-03-10 13:21:07.068,-0.0008626513042501,32.76474109521876,
2025-03-10 13:21:07.088,-0.0011008173888052,38.30930464108945,
2025-03-10 13:21:07.107,-0.0013113149930015,41.99982738824902,
2025-03-10 13:21:07.127,-0.0014681172912044,44.11611986470293,
2025-03-10 13:21:07.146,-0.0015476862993543,45.084975900550525,
2025-03-10 13:21:07.166,-0.0015334034496405,45.37644848593877,
2025-03-10 13:21:07.185,-0.0014193843435534,45.392762116534186,
2025-03-10 13:21:07.205,-0.0012127370718765,45.37289519237886,
2025-03-10 13:21:07.225,-0.0009333959249403,45.333432491761066,
2025-03-10 13:21:07.244,-0.0006112061041969,45.05939326604408,
2025-03-10 13:21:07.264,-0.0002808467092696,44.14855276287543,
2025-03-10 13:21:07.283,2.40338473744633e-05,42.10126559636635,
2025-03-10 13:21:07.303,0.0002759456599426,38.43746368392433,
2025-03-10 13:21:07.322,0.0004569552158849,32.81585486538554,
2025-03-10 13:21:07.342,0.0005600985842333,25.129223443894716,
2025-03-10 13:21:07.361,0.0005890047336846,15.554627359330752,
2025-03-10 13:21:07.381,0.0005560275308607,4.547103780427369,
2025-03-10 13:21:07.400,0.0004792341312328,-7.222144297393777,
2025-03-10 13:21:07.420,0.0003787989239663,-18.970142867586148,
2025-03-10 13:21:07.439,0.0002735871174462,-29.927290662548312,
2025-03-10 13:21:07.459,0.0001786883649567,-39.45738139802248,
2025-03-10 13:21:07.478,0.0001042531934766,-47.1480845684969,
2025-03-10 13:21:07.498,5.54212567132595e-05,-52.85392757193748,
2025-03-10 13:21:07.518,3.281961003815446e-05,-56.683926747323454,
2025-03-10 13:21:07.537,3.324790179253129e-05,-58.93776200415523,
2025-03-10 13:21:07.557,5.0536949712096826e-05,-60.00544561436219,
2025-03-10 13:21:07.576,7.675807972924783e-05,-60.25349065816295,
2025-03-10 13:21:07.596,0.0001037804928513,-59.92378228872281,
2025-03-10 13:21:07.615,0.0001248188145534,-59.068742315666384,
2025-03-10 13:21:07.635,0.0001354572341965,-57.53824533271928,
2025-03-10 13:21:07.654,0.0001338613864966,-55.021714384257336,
2025-03-10 13:21:07.674,0.0001203134764935,-51.135607777099615,
2025-03-10 13:21:07.693,9.648423741276908e-05,-45.53534127601935,
2025-03-10 13:21:07.713,6.481419130465562e-05,-38.02450428998527,
2025-03-10 13:21:07.732,2.813907374067388e-05,-28.634764622266506,
2025-03-10 13:21:07.752,-1.0498164886682645e-05,-17.65703956350625,
2025-03-10 13:21:07.771,-4.794163247400933e-05,-5.616406944562965,
2025-03-10 13:21:07.791,-8.097271384165818e-05,6.803358623517343,
2025-03-10 13:21:07.811,-0.0001063638187553,18.86825723058054,
2025-03-10 13:21:07.830,-0.0001210348920687,29.911298346523548,
2025-03-10 13:21:07.850,-0.0001224312801008,39.433239181319934,
2025-03-10 13:21:07.869,-0.0001091420298973,47.16614592627457,
2025-03-10 13:21:07.889,-8.156814112145074e-05,53.087808903134935,
2025-03-10 13:21:07.908,-4.228165974672323e-05,57.38578273423687,
2025-03-10 13:21:07.928,4.218746379540565e-06,60.38036613846281,
2025-03-10 13:21:07.947,5.233876771724271e-05,62.424201329618285,
2025-03-10 13:21:07.967,9.64680656239426e-05,63.80083740305589,
2025-03-10 13:21:07.986,0.0001319026670617,64.64467177099087,
2025-03-10 13:21:08.006,0.0001554080307519,64.90007019803794,
2025-03-10 13:21:08.025,0.0001654743862071,64.329001612878,
2025-03-10 13:21:08.045,0.00016240270276,62.565904978952894,
2025-03-10 13:21:08.064,0.0001482590454094,59.20800836663801,
2025-03-10 13:21:08.084,0.0001265996483464,53.92131901532896,
2025-03-10 13:21:08.103,0.0001018640834361,46.53888211858992,
2025-03-10 13:21:08.123,7.848586926912717e-05,37.12952320043675,
2025-03-10 13:21:08.143,5.994928724317542e-05,26.02169861365992,
2025-03-10 13:21:08.162,4.808349602976043e-05,13.776675339602347,
2025-03-10 13:21:08.182,4.280430568745034e-05,1.1158029723538947,
2025-03-10 13:21:08.201,4.2362938841053225e-05,-11.184101398133723,
2025-03-10 13:21:08.221,4.401547633540433e-05,-22.406984383128204,
2025-03-10 13:21:08.240,4.492369451681447e-05,-32.00288921231564,
2025-03-10 13:21:08.260,4.304918325718999e-05,-39.661903532004914,
2025-03-10 13:21:08.279,3.780903668694392e-05,-45.34214046586379,
2025-03-10 13:21:08.299,3.0318383946175654e-05,-49.24599625768435,
2025-03-10 13:21:08.318,2.314341040739157e-05,-51.74922432932799,
2025-03-10 13:21:08.338,1.961479461977108e-05,-53.297279486804975,
2025-03-10 13:21:08.357,2.288459408369175e-05,-54.29085475918984,
2025-03-10 13:21:08.377,3.501043478426473e-05,-54.985684526989765,
2025-03-10 13:21:08.396,5.636189802462431e-05,-55.42937252286988,
2025-03-10 13:21:08.416,8.553396705477141e-05,-55.45026406528179,
2025-03-10 13:21:08.436,0.0001197711515498,-54.7016510985224,
2025-03-10 13:21:08.455,0.0001557534715982,-52.75151763784109,
2025-03-10 13:21:08.475,0.0001905253078474,-49.19687098460764,
2025-03-10 13:21:08.494,0.0002223369226101,-43.77547266471964,
2025-03-10 13:21:08.514,0.000251175026268,-36.448294042516125,
2025-03-10 13:21:08.533,0.0002787795894997,-27.43323929496481,
2025-03-10 13:21:08.553,0.0003080165203171,-17.182675569005358,
2025-03-10 13:21:08.572,0.0003416336964435,-6.310872787052131,
2025-03-10 13:21:08.592,0.0003806453527767,4.510920849461955,
2025-03-10 13:21:08.611,0.0004227744547734,14.667151651731338,
2025-03-10 13:21:08.631,0.0004614370666729,23.69300145943349,
2025-03-10 13:21:08.650,0.0004856564951379,31.33155070277477,
2025-03-10 13:21:08.670,0.0004811166581641,37.542255950058376,
2025-03-10 13:21:08.689,0.0004323696950347,42.46128302957909,
2025-03-10 13:21:08.709,0.0003259972103479,46.32493841750999,
2025-03-10 13:21:08.728,0.0001542662525697,49.37531019487073,
2025-03-10 13:21:08.748,-8.144338962713469e-05,51.77079702754924,
2025-03-10 13:21:08.768,-0.0003683379412177,53.52287415630225,
2025-03-10 13:21:08.787,-0.0006818967315524,54.47451554016528,
2025-03-10 13:21:08.807,-0.0009880982577735,54.326301057025965,
2025-03-10 13:21:08.826,-0.0012481965646182,52.70526765444583,
2025-03-10 13:21:08.846,-0.0014254166426214,49.26139036043341,
2025-03-10 13:21:08.865,-0.0014923056807147,43.76960726178588,
2025-03-10 13:21:08.885,-0.0014369924806819,36.213331586382814,
2025-03-10 13:21:08.904,-0.0012665163468886,26.82905139841806,
2025-03-10 13:21:08.924,-0.0010059548027774,16.100115001050604,
2025-03-10 13:21:08.943,-0.0006933012475123,4.699135734547083,
2025-03-10 13:21:08.963,-0.0003714597987722,-6.610032871734435,
2025-03-10 13:21:08.982,-7.965265710411697e-05,-17.090719075145007,
2025-03-10 13:21:09.002,0.0001534385176882,-26.14755483029388,
2025-03-10 13:21:09.021,0.0003132496759725,-33.41232509893513,
2025-03-10 13:21:09.041,0.0003992184631164,-38.78351586013505,
2025-03-10 13:21:09.061,0.0004216043535175,-42.41144719692884,
2025-03-10 13:21:09.080,0.0003965322043216,-44.6326736222301,
2025-03-10 13:21:09.100,0.0003407536386957,-45.86847264049776,
2025-03-10 13:21:09.119,0.000267471526183,-46.51026001827738,
2025-03-10 13:21:09.139,0.000184198852151,-46.81782390442136,
2025-03-10 13:21:09.158,9.307379520236948e-05,-46.85357647880107,
2025-03-10 13:21:09.178,-6.661316368651519e-06,-46.46806402953198,
2025-03-10 13:21:09.197,-0.0001150376804131,-45.340427368560505,
2025-03-10 13:21:09.217,-0.0002280416854607,-43.06488559810132,
2025-03-10 13:21:09.236,-0.0003359394047311,-39.26347047953614,
2025-03-10 13:21:09.256,-0.0004239932397796,-33.69873067869823,
2025-03-10 13:21:09.275,-0.0004755041748009,-26.35964608998871,
2025-03-10 13:21:09.295,-0.0004763295768788,-17.49985574908594,
2025-03-10 13:21:09.314,-0.0004194720065169,-7.618217664266909,
2025-03-10 13:21:09.334,-0.0003081582837132,2.6149586317554987,
2025-03-10 13:21:09.354,-0.0001561329160684,12.470209156164056,
2025-03-10 13:21:09.373,1.5304310176326424e-05,21.28532464379736,
2025-03-10 13:21:09.393,0.0001828555365033,28.578553999378723,
2025-03-10 13:21:09.412,0.0003276901515646,34.1245065723509,
2025-03-10 13:21:09.432,0.000440702920699,37.97699281800198,
2025-03-10 13:21:09.451,0.0005248423233883,40.43447171025792,
2025-03-10 13:21:09.471,0.0005938105675732,41.95580804419493,
2025-03-10 13:21:09.490,0.0006676076418254,43.044249392622845,
2025-03-10 13:21:09.510,0.000766220346336,44.12396275502861,
2025-03-10 13:21:09.529,0.0009030379760699,45.43496140663813,
2025-03-10 13:21:09.549,0.0010794473389791,46.96856919431755,
2025-03-10 13:21:09.568,0.0012817918709198,48.45741679994534,
2025-03-10 13:21:09.588,0.001481601258649,49.42287402534842,
2025-03-10 13:21:09.607,0.0016395803978148,49.27092083345697,
2025-03-10 13:21:09.627,0.0017130672544058,47.41713426709428,
2025-03-10 13:21:09.646,0.0016655663801433,43.414953551747885,
2025-03-10 13:21:09.666,0.0014760168907314,37.06028821325273,
2025-03-10 13:21:09.686,0.0011452794364868,28.450353537342615,
2025-03-10 13:21:09.705,0.000698115783787,17.98445138781454,
2025-03-10 13:21:09.725,0.0001802344611793,6.3070507099893485,
2025-03-10 13:21:09.744,-0.000348871897707,-5.794021764128661,
2025-03-10 13:21:09.764,-0.0008258652504204,-17.512134259057927,
2025-03-10 13:21:09.783,-0.0011944678519083,-28.142891818761896,
2025-03-10 13:21:09.803,-0.0014153109965524,-37.1772975591462,
2025-03-10 13:21:09.822,-0.0014727070335749,-44.3498464999709,
2025-03-10 13:21:09.842,-0.0013767952294755,-49.634963098921496,
2025-03-10 13:21:09.861,-0.0011605756743474,-53.19668796964222,
2025-03-10 13:21:09.881,-0.0008727051250989,-55.30639304854904,
2025-03-10 13:21:09.900,-0.0005679702330005,-56.24954649777399,
2025-03-10 13:21:09.920,-0.0002976337455286,-56.2439483019642,
2025-03-10 13:21:09.939,-0.0001014320912985,-55.388167355491085,
2025-03-10 13:21:09.959,-2.314725008392764e-06,-53.65094409898296,
2025-03-10 13:21:09.979,-4.428937985474952e-06,-50.9019219007135,
2025-03-10 13:21:09.998,-9.44233322689193e-05,-46.97380221800311,
2025-03-10 13:21:10.018,-0.000245707649304,-41.738527499647525,
2025-03-10 13:21:10.037,-0.0004247727134291,-35.17727172869906,
2025-03-10 13:21:10.057,-0.0005981612608751,-27.426357731483485,
2025-03-10 13:21:10.076,-0.000738444219584,-18.78772898127759,
2025-03-10 13:21:10.096,-0.0008278214257033,-9.701279590352868,
2025-03-10 13:21:10.115,-0.0008587596684136,-0.6849470267317429,
2025-03-10 13:21:10.135,-0.000832132277307,7.744816244551994,
2025-03-10 13:21:10.154,-0.0007541324326519,15.15581420045595,
2025-03-10 13:21:10.174,-0.0006333860716352,21.26927318326586,
2025-03-10 13:21:10.193,-0.0004791935633809,26.001205042529488,
2025-03-10 13:21:10.213,-0.0003010718497126,29.467018889354623,
2025-03-10 13:21:10.232,-0.0001091737643455,31.94742691331754,
2025-03-10 13:21:10.252,8.50938423585753e-05,33.82125970611868,
2025-03-10 13:21:10.272,0.0002688989309677,35.477577322009864,
2025-03-10 13:21:10.291,0.0004286920540112,37.22407898671253,
2025-03-10 13:21:10.311,0.0005518806960218,39.21022912331525,
2025-03-10 13:21:10.330,0.0006291263934863,41.38126124671863,
2025-03-10 13:21:10.350,0.0006565565255778,43.47356072487677,
2025-03-10 13:21:10.369,0.000637112592745,45.05384343646061,
2025-03-10 13:21:10.389,0.000580550247303,45.59557365221657,
2025-03-10 13:21:10.408,0.0005020570163017,44.57805027370826,
2025-03-10 13:21:10.428,0.0004197783785796,41.58838798536073,
2025-03-10 13:21:10.447,0.0003516583714617,36.40566150153999,
2025-03-10 13:21:10.467,0.0003120568199939,29.05030083885323,
2025-03-10 13:21:10.486,0.0003087461747029,19.789715842513857,
2025-03-10 13:21:10.506,0.0003410214168212,9.101167645839364,
2025-03-10 13:21:10.525,0.0003995262382518,-2.397551687237239,
2025-03-10 13:21:10.545,0.0004679303412846,-14.032586077506869,
2025-03-10 13:21:10.564,0.0005260204371281,-25.15482970861087,
2025-03-10 13:21:10.584,0.0005534302603324,-35.20152309313604,
2025-03-10 13:21:10.604,0.0005332845446587,-43.73007374388625,
2025-03-10 13:21:10.623,0.00045530860602,-50.42405903746872,
2025-03-10 13:21:10.643,0.0003181280304316,-55.07880825207663,
2025-03-10 13:21:10.662,0.0001303872972929,-57.57824267038895,
2025-03-10 13:21:10.682,-8.983616909924583e-05,-57.87480673094952,
2025-03-10 13:21:10.701,-0.0003176701852129,-55.98072130999537,
2025-03-10 13:21:10.721,-0.0005258636886977,-51.97294139418263,
2025-03-10 13:21:10.740,-0.0006899702272046,-46.00818041925584,
2025-03-10 13:21:10.760,-0.0007929389472395,-38.34007771115074,
2025-03-10 13:21:10.779,-0.000828003421331,-29.329154048469828,
2025-03-10 13:21:10.799,-0.0007993781178412,-19.43770948340392,
2025-03-10 13:21:10.818,-0.0007208426013768,-9.20549066307295,
2025-03-10 13:21:10.838,-0.0006126049506436,0.7934045288839081,
2025-03-10 13:21:10.857,-0.0004970004538966,10.007457895445528,
2025-03-10 13:21:10.877,-0.0003937879482122,17.970110847504113,
2025-03-10 13:21:10.897,-0.000316048645308,24.357213031140542,
2025-03-10 13:21:10.916,-0.0002677572092521,29.028883200527503,
2025-03-10 13:21:10.936,-0.0002437635841922,32.04671114446653,
2025-03-10 13:21:10.955,-0.0002321982065532,33.6606650950014,
2025-03-10 13:21:10.975,-0.0002184846076583,34.26503800105161,
2025-03-10 13:21:10.994,-0.0001896339991344,34.32853504603133,
2025-03-10 13:21:11.014,-0.0001375627693881,34.30906490271584,
2025-03-10 13:21:11.033,-6.070688061533799e-05,34.567686889266035,
2025-03-10 13:21:11.053,3.616618320034635e-05,35.29742717131649,
2025-03-10 13:21:11.072,0.000143623438178,36.48080465728263,
2025-03-10 13:21:11.092,0.0002501688877922,37.8851260171021,
2025-03-10 13:21:11.111,0.000345091128788,39.097804827073816,
2025-03-10 13:21:11.131,0.0004207788720056,39.596440197437154,
2025-03-10 13:21:11.150,0.0004738621057576,38.84160575390352,
2025-03-10 13:21:11.170,0.0005049637776696,36.37559225271445,
2025-03-10 13:21:11.189,0.0005173838964224,31.90873994190979,
2025-03-10 13:21:11.209,0.0005153786755431,25.37701973988197,
2025-03-10 13:21:11.229,0.0005026796985534,16.960049061909004,
2025-03-10 13:21:11.248,0.0004816212632998,7.056841527305287,
2025-03-10 13:21:11.268,0.0004529464677021,-3.774409152411688,
2025-03-10 13:21:11.287,0.0004162032261166,-14.898500433400116,
2025-03-10 13:21:11.307,0.0003705891491206,-25.68897753668544,
2025-03-10 13:21:11.326,0.0003160252312959,-35.59936068623068,
2025-03-10 13:21:11.346,0.0002540846293599,-44.20659309827091,
2025-03-10 13:21:11.365,0.0001883105079481,-51.22159664629616,
2025-03-10 13:21:11.385,0.0001236324271652,-56.47092370299811,
2025-03-10 13:21:11.404,6.505524741580982e-05,-59.86095578001128,
2025-03-10 13:21:11.424,1.6253785950596e-05,-61.33980269836307,
2025-03-10 13:21:11.443,-2.123266669541021e-05,-60.87103205034666,
2025-03-10 13:21:11.463,-4.794127183180657e-05,-58.42812142331145,
2025-03-10 13:21:11.482,-6.586395219984426e-05,-54.01090037435246,
2025-03-10 13:21:11.502,-7.778383317465259e-05,-47.6777165005004,
2025-03-10 13:21:11.522,-8.681956968994001e-05,-39.58187641527984,
2025-03-10 13:21:11.541,-9.600957039851786e-05,-29.99938292363753,
2025-03-10 13:21:11.561,-0.0001076727662143,-19.337175936308583,
2025-03-10 13:21:11.580,-0.0001226129567449,-8.115997552144652,
2025-03-10 13:21:11.600,-0.0001396201310621,3.071893611466452,
2025-03-10 13:21:11.619,-0.0001557146911208,13.624169479797832,
2025-03-10 13:21:11.639,-0.0001671341198295,22.998780135590355,
2025-03-10 13:21:11.658,-0.0001705879776672,30.780804876840094,
2025-03-10 13:21:11.678,-0.0001642287863599,36.73360057532268,
2025-03-10 13:21:11.697,-0.0001480998080792,40.82442253286635,
2025-03-10 13:21:11.717,-0.0001241551665698,43.21887319286887,
2025-03-10 13:21:11.736,-9.600259544721427e-05,44.24387890878349,
2025-03-10 13:21:11.756,-6.835746951396129e-05,44.32454109292244,
2025-03-10 13:21:11.775,-4.61181574480989e-05,43.9051424721054,
2025-03-10 13:21:11.795,-3.3159266140396944e-05,43.36782111729551,
2025-03-10 13:21:11.815,-3.1246446367894793e-05,42.96322709393933,
2025-03-10 13:21:11.834,-3.957174838342276e-05,42.76560818743856,
2025-03-10 13:21:11.854,-5.512546521575947e-05,42.66056011931862,
2025-03-10 13:21:11.873,-7.365704525784274e-05,42.36790724864552,
2025-03-10 13:21:11.893,-9.071727545327444e-05,41.495866756183325,
2025-03-10 13:21:11.912,-0.000102408495977,39.61684402005407,
2025-03-10 13:21:11.932,-0.0001058214771641,36.350909558882336,
2025-03-10 13:21:11.951,-9.935785088273732e-05,31.441127545163297,
2025-03-10 13:21:11.971,-8.305149161115053e-05,24.806126045732626,
2025-03-10 13:21:11.990,-5.875231269796359e-05,16.559779916467953,
2025-03-10 13:21:12.010,-2.991614326062946e-05,6.994939444725237,
2025-03-10 13:21:12.029,-9.107941527662418e-07,-3.4637826882316194,
2025-03-10 13:21:12.049,2.394447142550105e-05,-14.326130225230273,
2025-03-10 13:21:12.068,4.124413502099156e-05,-25.10515133105641,
2025-03-10 13:21:12.088,4.904653112446166e-05,-35.3729840352186,
2025-03-10 13:21:12.107,4.712634120445881e-05,-44.79169775622498,
2025-03-10 13:21:12.127,3.701003015958697e-05,-53.11462527222992,
2025-03-10 13:21:12.147,2.173051081513372e-05,-60.16194016127631,
2025-03-10 13:21:12.166,5.1214231833978e-06,-65.78147675751092,
2025-03-10 13:21:12.186,-9.366193808938536e-06,-69.81000669593283,
2025-03-10 13:21:12.205,-1.993781740205377e-05,-72.05013964831991,
2025-03-10 13:21:12.225,-2.7150233965280732e-05,-72.27353765520964,
2025-03-10 13:21:12.244,-3.3547825007961885e-05,-70.25328886826368,
2025-03-10 13:21:12.264,-4.236840786744619e-05,-65.81921857927628,
2025-03-10 13:21:12.283,-5.600769510357587e-05,-58.92227536134429,
2025-03-10 13:21:12.303,-7.499366008688361e-05,-49.690228485760215,
2025-03-10 13:21:12.322,-9.777306248157157e-05,-38.45791698967108,
2025-03-10 13:21:12.342,-0.0001210888218184,-25.76085536236369,
2025-03-10 13:21:12.361,-0.0001405753171778,-12.289486953531746,
2025-03-10 13:21:12.381,-0.0001514389612908,1.1894979424207237,
2025-03-10 13:21:12.400,-0.0001493398173085,13.930783022236378,
2025-03-10 13:21:12.420,-0.0001315012254895,25.308521950461465,
2025-03-10 13:21:12.440,-9.772851784724444e-05,34.89583397786493,
2025-03-10 13:21:12.459,-5.0827944446850655e-05,42.50984267557936,
2025-03-10 13:21:12.479,3.844710586321491e-06,48.212801144441336,
2025-03-10 13:21:12.498,5.948795872383089e-05,52.26829426529798,
2025-03-10 13:21:12.518,0.0001090948679633,55.060503989945445,
2025-03-10 13:21:12.537,0.0001464518683196,56.99235553415431,
2025-03-10 13:21:12.557,0.0001668984264636,58.38335281356864,
2025-03-10 13:21:12.576,0.0001680459120881,59.38876756050988,
2025-03-10 13:21:12.596,0.0001504580378939,59.95804078969212,
2025-03-10 13:21:12.615,0.0001179423026416,59.842294806232765,
2025-03-10 13:21:12.635,7.702167091912536e-05,58.650299433480825,
2025-03-10 13:21:12.654,3.5512536978265945e-05,55.94141197109654,
2025-03-10 13:21:12.674,6.54233796226841e-07,51.33546339629864,
2025-03-10 13:21:12.693,-2.251227109640168e-05,44.61541242384805,
2025-03-10 13:21:12.713,-3.200562153463447e-05,35.799936335509265,
2025-03-10 13:21:12.733,-2.8911011612143357e-05,25.16970723818999,
2025-03-10 13:21:12.752,-1.6741406502842337e-05,13.24132244296673,
2025-03-10 13:21:12.772,-4.103741969960265e-07,0.6942615463836808,
2025-03-10 13:21:12.791,1.4996521592704126e-05,-11.733779406971657,
2025-03-10 13:21:12.811,2.546555904831425e-05,-23.361364993597984,
2025-03-10 13:21:12.830,2.9031312866075438e-05,-33.66401530684897,
2025-03-10 13:21:12.850,2.6151952879331887e-05,-42.34057709801512,
2025-03-10 13:21:12.869,1.9306348176104025e-05,-49.33190183943442,
2025-03-10 13:21:12.889,1.1987471537423796e-05,-54.78837873714555,
2025-03-10 13:21:12.908,7.560636419742307e-06,-58.99368234732473,
2025-03-10 13:21:12.928,8.427454862788556e-06,-62.26169159882309,
2025-03-10 13:21:12.947,1.562059333168764e-05,-64.82987893689119,
2025-03-10 13:21:12.967,2.8669871936285207e-05,-66.77399790905518,
2025-03-10 13:21:12.986,4.559054473777701e-05,-67.9649396587426,
2025-03-10 13:21:13.006,6.307692574286053e-05,-68.07966556680009,
2025-03-10 13:21:13.025,7.711309899656064e-05,-66.66586405488674,
2025-03-10 13:21:13.045,8.402223730009027e-05,-63.24713993976454,
2025-03-10 13:21:13.065,8.16151406959837e-05,-57.445284462782894,
2025-03-10 13:21:13.084,6.993038211111356e-05,-49.091263532897536,
2025-03-10 13:21:13.104,5.127437051719349e-05,-38.29850678665967,
2025-03-10 13:21:13.123,2.968371903544757e-05,-25.4805518088814,
2025-03-10 13:21:13.143,1.016800874626492e-05,-11.307961465149974,
2025-03-10 13:21:13.162,-2.036807825042691e-06,3.38659569170914,
2025-03-10 13:21:13.182,-2.271165675810003e-06,17.734568298016445,
2025-03-10 13:21:13.201,1.2529659748475549e-05,30.96186330727963,
2025-03-10 13:21:13.221,4.270757585158963e-05,42.4957748606972,
2025-03-10 13:21:13.240,8.511727271221913e-05,52.02673816925237,
2025-03-10 13:21:13.260,0.000133243337104,59.5135278566008,
2025-03-10 13:21:13.279,0.0001783078031209,65.13314176522452,
2025-03-10 13:21:13.299,0.0002109425281221,69.18874209243114,
2025-03-10 13:21:13.318,0.0002227996763851,71.9980900283902,
2025-03-10 13:21:13.338,0.0002077304880535,73.78894681379555,
2025-03-10 13:21:13.358,0.0001625742303019,74.62597659302313,
2025-03-10 13:21:13.377,8.777183292263563e-05,74.38611750194386,
2025-03-10 13:21:13.397,-1.2161586494787402e-05,72.78785745808962,
2025-03-10 13:21:13.416,-0.0001285746353805,69.46706655945125,
2025-03-10 13:21:13.436,-0.0002493859686193,64.08111487848443,
2025-03-10 13:21:13.455,-0.0003606598179902,56.41662668296927,
2025-03-10 13:21:13.475,-0.0004487524029737,46.47584584382323,
2025-03-10 13:21:13.494,-0.0005025164573944,34.52201520629789,
2025-03-10 13:21:13.514,-0.0005151330536257,21.07370243993336,
2025-03-10 13:21:13.533,-0.000485338462169,6.84908134663063,
2025-03-10 13:21:13.553,-0.0004178971383155,-7.32876096575544,
2025-03-10 13:21:13.572,-0.000323120025818,-20.64726986857919,
2025-03-10 13:21:13.592,-0.0002152488872608,-32.41910847556673,
2025-03-10 13:21:13.611,-0.000109807461593,-42.17523188739088,
2025-03-10 13:21:13.631,-2.0466519836350445e-05,-49.71964736686917,
2025-03-10 13:21:13.650,4.373592309887819e-05,-55.13599424700943,
2025-03-10 13:21:13.670,8.006824632611449e-05,-58.74457773927303,
2025-03-10 13:21:13.690,9.232364533867223e-05,-61.017397297518,
2025-03-10 13:21:13.709,8.966431373549064e-05,-62.466580185672086,
2025-03-10 13:21:13.729,8.441452794675033e-05,-63.52702178095169,
2025-03-10 13:21:13.748,8.919897351501592e-05,-64.45579799084533,
2025-03-10 13:21:13.768,0.0001138906491503,-65.2684884870408,
2025-03-10 13:21:13.787,0.000162980398618,-65.72612761762637,
2025-03-10 13:21:13.807,0.0002340872337892,-65.37704986542505,
2025-03-10 13:21:13.826,0.0003181654098698,-63.64703582399829,
2025-03-10 13:21:13.846,0.000401446888156,-59.96095775919905,
2025-03-10 13:21:13.865,0.0004685208737866,-53.87179280330549,
2025-03-10 13:21:13.885,0.0005055983410505,-45.17034569699338,
2025-03-10 13:21:13.904,0.000503139982128,-33.95234098343561,
2025-03-10 13:21:13.924,0.0004574564185395,-20.628334020948003,
2025-03-10 13:21:13.943,0.0003712503210602,-5.874247057194875,
2025-03-10 13:21:13.963,0.0002531650221752,9.46671861463564,
2025-03-10 13:21:13.983,0.0001163709270656,24.509677290636358,
2025-03-10 13:21:14.002,-2.3667965006196007e-05,38.45466959574425,
2025-03-10 13:21:14.022,-0.0001518007514038,50.68846868060172,
2025-03-10 13:21:14.041,-0.000255493790653,60.84205351076271,
2025-03-10 13:21:14.061,-0.0003262877526033,68.79454378365288,
2025-03-10 13:21:14.080,-0.0003603177643585,74.6264563047464,
2025-03-10 13:21:14.100,-0.0003582277814344,78.53640608154863,
2025-03-10 13:21:14.119,-0.0003248447400443,80.74341290340324,
2025-03-10 13:21:14.139,-0.0002686322255172,81.39988958259465,
2025-03-10 13:21:14.158,-0.0002006157908559,80.53728768026582,
2025-03-10 13:21:14.178,-0.0001325642205479,78.05777937881533,
2025-03-10 13:21:14.197,-7.469607549868841e-05,73.77329911079318,
2025-03-10 13:21:14.217,-3.362281869322863e-05,67.48091507435122,
2025-03-10 13:21:14.236,-1.1240897154602449e-05,59.05421603490955,
2025-03-10 13:21:14.256,-4.860070254440474e-06,48.52663629026987,
2025-03-10 13:21:14.276,-8.36284703531774e-06,36.145128360399205,
2025-03-10 13:21:14.295,-1.3951918822665156e-05,22.380221427467696,
2025-03-10 13:21:14.315,-1.407451957601182e-05,7.888915666178431,
2025-03-10 13:21:14.334,-3.2086038465504607e-06,-6.562650297836974,
2025-03-10 13:21:14.354,2.079528656288545e-05,-20.20153657353865,
2025-03-10 13:21:14.373,5.614477825673813e-05,-32.35546154103972,
2025-03-10 13:21:14.393,9.75257006452745e-05,-42.54496585163423,
2025-03-10 13:21:14.412,0.0001374234153062,-50.543164083568335,
2025-03-10 13:21:14.432,0.0001679136944947,-56.392232349025136,
2025-03-10 13:21:14.451,0.0001823512086235,-60.37376326303597,
2025-03-10 13:21:14.471,0.0001765410623475,-62.93841041039136,
2025-03-10 13:21:14.490,0.0001492864548195,-64.60746600867216,
2025-03-10 13:21:14.510,0.000102422409732,-65.86399903746198,
2025-03-10 13:21:14.529,4.0460853759149805e-05,-67.05310885778499,
2025-03-10 13:21:14.549,-3.0110653280322628e-05,-68.30937215997578,
2025-03-10 13:21:14.568,-0.0001018280066445,-69.52488539504574,
2025-03-10 13:21:14.588,-0.0001673525739464,-70.36419676859202,
2025-03-10 13:21:14.608,-0.0002203549935108,-70.32407400900499,
2025-03-10 13:21:14.627,-0.0002559436737529,-68.82785727180458,
2025-03-10 13:21:14.647,-0.0002706780521576,-65.33749263209751,
2025-03-10 13:21:14.666,-0.0002624518722098,-59.462504673733385,
2025-03-10 13:21:14.686,-0.0002305442800957,-51.04514403229932,
2025-03-10 13:21:14.705,-0.0001759244143507,-40.205145622752646,
2025-03-10 13:21:14.725,-0.0001016457812059,-27.335420685686543,
2025-03-10 13:21:14.744,-1.3077837468531272e-05,-13.050000553812724,
2025-03-10 13:21:14.764,8.216908571125165e-05,1.904628575527029,
2025-03-10 13:21:14.783,0.0001746215963941,16.756311719623135,
2025-03-10 13:21:14.803,0.0002536114254691,30.810403316414973,
2025-03-10 13:21:14.822,0.0003083296143382,43.52907363207811,
2025-03-10 13:21:14.842,0.0003293741341001,54.57220701551809,
2025-03-10 13:21:14.861,0.0003106614202646,63.79408381276287,
2025-03-10 13:21:14.881,0.0002511941203443,71.1999520496166,
2025-03-10 13:21:14.901,0.0001559646594591,76.87560466179931,
2025-03-10 13:21:14.920,3.547378075912395e-05,80.9091590360337,
2025-03-10 13:21:14.940,-9.609729952165188e-05,83.3258599449506,
2025-03-10 13:21:14.959,-0.0002234578757569,84.05330021839796,
2025-03-10 13:21:14.979,-0.0003327210257921,82.9266102070884,
2025-03-10 13:21:14.998,-0.0004132855409324,79.73275967575391,
2025-03-10 13:21:15.018,-0.0004588863463913,74.28281139436186,
2025-03-10 13:21:15.037,-0.0004678337823763,66.4935171728468,
2025-03-10 13:21:15.057,-0.0004424968537473,56.45704737233837,
2025-03-10 13:21:15.076,-0.0003881285527027,44.48047149826705,
2025-03-10 13:21:15.096,-0.000311324323345,31.08386251558369,
2025-03-10 13:21:15.115,-0.0002186339867567,16.955448104374394,
2025-03-10 13:21:15.135,-0.0001158459351447,2.871615247376289,
2025-03-10 13:21:15.154,-8.116966209679583e-06,-10.40325360243668,
2025-03-10 13:21:15.174,9.93656233944174e-05,-22.21839497191333,
2025-03-10 13:21:15.194,0.0002007812517737,-32.121053328086084,
2025-03-10 13:21:15.213,0.0002896088023567,-39.90842108919068,
2025-03-10 13:21:15.233,0.000359192936974,-45.63789997987498,
2025-03-10 13:21:15.252,0.000403709016616,-49.59384174699545,
2025-03-10 13:21:15.272,0.0004191994400794,-52.2164746925565,
2025-03-10 13:21:15.291,0.0004044391869279,-54.00525967796759,
2025-03-10 13:21:15.311,0.000361467552621,-55.41345681511792,
2025-03-10 13:21:15.330,0.0002956250047982,-56.75252687892011,
2025-03-10 13:21:15.350,0.0002149565622926,-58.12381221444682,
2025-03-10 13:21:15.369,0.0001290057044974,-59.39080426057152,
2025-03-10 13:21:15.389,4.7282543543817925e-05,-60.19865966139713,
2025-03-10 13:21:15.408,-2.216136446768788e-05,-60.039312453034775,
2025-03-10 13:21:15.428,-7.372627408592554e-05,-58.35177619746455,
2025-03-10 13:21:15.447,-0.0001047551039539,-54.63962174115434,
2025-03-10 13:21:15.467,-0.0001156095447425,-48.582908948680455,
2025-03-10 13:21:15.486,-0.0001093779268585,-40.12155218342208,
2025-03-10 13:21:15.506,-9.115702829379912e-05,-29.491889266207718,
2025-03-10 13:21:15.526,-6.688732872541489e-05,-17.20749045352322,
2025-03-10 13:21:15.545,-4.194625724992885e-05,-3.98704833429428,
2025-03-10 13:21:15.565,-1.994105264902972e-05,9.35624736529988,
2025-03-10 13:21:15.584,-2.150136030634945e-06,22.04092504428133,
2025-03-10 13:21:15.604,1.223148805023861e-05,33.43265973449436,
2025-03-10 13:21:15.623,2.52883419814705e-05,43.12492674696754,
2025-03-10 13:21:15.643,3.947031562218146e-05,50.968558698252906,
2025-03-10 13:21:15.662,5.687472636907839e-05,57.04516190468047,
2025-03-10 13:21:15.682,7.871338455348068e-05,61.59185374620611,
2025-03-10 13:21:15.701,0.000104799533345,64.89585591301912,
2025-03-10 13:21:15.721,0.0001330658266387,67.18464804660778,
2025-03-10 13:21:15.740,0.0001594309635974,68.53885122285953,
2025-03-10 13:21:15.760,0.000178391305853,68.85009696453304,
2025-03-10 13:21:15.779,0.0001843662070705,67.83562721404846,
2025-03-10 13:21:15.799,0.0001733284742212,65.10754800914829,
2025-03-10 13:21:15.819,0.0001440387698166,60.28091472965825,
2025-03-10 13:21:15.838,9.844702813399428e-05,53.09478496746809,
2025-03-10 13:21:15.858,4.128008612958153e-05,43.51677049497359,
2025-03-10 13:21:15.877,-2.087263252570252e-05,31.805367943927028,
2025-03-10 13:21:15.897,-8.06740400134136e-05,18.5142601576164,
2025-03-10 13:21:15.916,-0.0001312049315855,4.436056941473869,
2025-03-10 13:21:15.936,-0.00016708221066,-9.503823800640196,
2025-03-10 13:21:15.955,-0.000185325201261,-22.38223024711978,
2025-03-10 13:21:15.975,-0.0001856778619413,-33.41610943348911,
2025-03-10 13:21:15.994,-0.0001702347784179,-42.07710183237677,
2025-03-10 13:21:16.014,-0.0001425631625681,-48.16204320361037,
2025-03-10 13:21:16.033,-0.0001067867692268,-51.80724934926612,
2025-03-10 13:21:16.053,-6.704265157856241e-05,-53.44495505526243,
2025-03-10 13:21:16.072,-2.737147187142134e-05,-53.71057025537413,
2025-03-10 13:21:16.092,8.238736067437507e-06,-53.31772102563059,
2025-03-10 13:21:16.112,3.599079933439901e-05,-52.92307472387528,
2025-03-10 13:21:16.131,5.2709539606063066e-05,-53.00411357425895,
2025-03-10 13:21:16.151,5.640983523177952e-05,-53.77042696550084,
2025-03-10 13:21:16.170,4.675169529958248e-05,-55.12338970106097,
2025-03-10 13:21:16.190,2.522294695134299e-05,-56.67123155207564,
2025-03-10 13:21:16.209,-4.987293828740551e-06,-57.79753367185628,
2025-03-10 13:21:16.229,-3.942761552023359e-05,-57.772213135675976,
2025-03-10 13:21:16.248,-7.314500337337804e-05,-55.88632396314361,
2025-03-10 13:21:16.268,-0.0001016841709803,-51.58694110520511,
2025-03-10 13:21:16.287,-0.0001220395913782,-44.58738196026357,
2025-03-10 13:21:16.307,-0.0001331500868283,-34.93186109387017,
2025-03-10 13:21:16.326,-0.0001356819522481,-23.00206157266749,
2025-03-10 13:21:16.346,-0.0001312408099916,-9.464456012327622,
2025-03-10 13:21:16.365,-0.0001214846963231,4.830976327925068,
2025-03-10 13:21:16.385,-0.0001075982494861,18.98038396564109,
2025-03-10 13:21:16.404,-9.024754222406696e-05,32.158461744910866,
2025-03-10 13:21:16.424,-6.977930160740954e-05,43.72809994655439,
2025-03-10 13:21:16.444,-4.63687192713686e-05,53.30695770727724,
2025-03-10 13:21:16.463,-2.0070817106275785e-05,60.78003837472144,
2025-03-10 13:21:16.483,9.005143884786216e-06,66.25896247062579,
2025-03-10 13:21:16.502,4.02196191421136e-05,70.0000592056759,
2025-03-10 13:21:16.522,7.180264981857092e-05,72.30212102398758,
2025-03-10 13:21:16.541,0.0001006285238255,73.40865479763201,
2025-03-10 13:21:16.561,0.000122770092042,73.43768539646003,
2025-03-10 13:21:16.580,0.000134722080915,72.3549313688004,
2025-03-10 13:21:16.600,0.0001346603509099,69.99517474403093,
2025-03-10 13:21:16.619,0.0001230309031185,66.12464392472721,
2025-03-10 13:21:16.639,0.0001022043268934,60.52733608162117,
2025-03-10 13:21:16.658,7.550674388079091e-05,53.09296960946255,
2025-03-10 13:21:16.678,4.619585278842219e-05,43.88482400064763,
2025-03-10 13:21:16.697,1.678306621096657e-05,33.17150275460585,
2025-03-10 13:21:16.717,-1.1229014206979111e-05,21.41566433172377,
2025-03-10 13:21:16.737,-3.731170558435089e-05,9.22246967862079,
2025-03-10 13:21:16.756,-6.16627981610335e-05,-2.7413444040687303,
2025-03-10 13:21:16.776,-8.47385590451916e-05,-13.84167349303054,
2025-03-10 13:21:16.795,-0.0001065969637901,-23.566789864835755,
2025-03-10 13:21:16.815,-0.000126275600419,-31.59658022076571,
2025-03-10 13:21:16.834,-0.0001415803282224,-37.83957897745988,
2025-03-10 13:21:16.854,-0.0001495523979145,-42.43202163281736,
2025-03-10 13:21:16.873,-0.0001475114798626,-45.699477412839066,
2025-03-10 13:21:16.893,-0.0001342108776481,-48.087384319884514,
2025-03-10 13:21:16.912,-0.0001105821638132,-50.07137212196219,
2025-03-10 13:21:16.932,-7.980980280550817e-05,-52.061302407428485,
2025-03-10 13:21:16.951,-4.679686657077407e-05,-54.31429734320531,
2025-03-10 13:21:16.971,-1.7201837775306167e-05,-56.871481123032574,
2025-03-10 13:21:16.990,3.826319455594348e-06,-59.530536349085175,
2025-03-10 13:21:17.010,1.3056021725390584e-05,-61.861439226695495,
2025-03-10 13:21:17.029,1.0333749586731005e-05,-63.26613976635382,
2025-03-10 13:21:17.049,-1.079102120449786e-06,-63.07518296196525,
2025-03-10 13:21:17.069,-1.5363870642141615e-05,-60.66652823253854,
2025-03-10 13:21:17.088,-2.5971841833047068e-05,-55.58580079916796,
2025-03-10 13:21:17.108,-2.7644059018591838e-05,-47.644750739564216,
2025-03-10 13:21:17.127,-1.7783114722437607e-05,-36.97719465822194,
2025-03-10 13:21:17.147,3.2167469667302376e-06,-24.03938649412071,
2025-03-10 13:21:17.166,3.2510156276476154e-05,-9.553245311356902,
2025-03-10 13:21:17.186,6.577941233282189e-05,5.596565375355962,
2025-03-10 13:21:17.205,9.833823862114974e-05,20.49034252726894,
2025-03-10 13:21:17.225,0.0001262525217568,34.299087393405536,
2025-03-10 13:21:17.244,0.0001473505049391,46.38259307829656,
2025-03-10 13:21:17.264,0.0001617884914186,56.34138529617122,
2025-03-10 13:21:17.283,0.0001717819003392,64.0155389305217,
2025-03-10 13:21:17.303,0.0001804366894686,69.43631892049054,
2025-03-10 13:21:17.322,0.0001901538175444,72.74769274108306,
2025-03-10 13:21:17.342,0.000201387402571,74.12122331019262,
2025-03-10 13:21:17.362,0.0002123266001117,73.6880165191215,
2025-03-10 13:21:17.381,0.0002195036831135,71.50525574559416,
2025-03-10 13:21:17.401,0.0002188671880666,67.5641388977219,
2025-03-10 13:21:17.420,0.0002068203099802,61.83380411482607,
2025-03-10 13:21:17.440,0.0001810193263187,54.325599402656,
2025-03-10 13:21:17.459,0.0001409896216419,45.1566798009282,
2025-03-10 13:21:17.479,8.859420318503066e-05,34.592708463114334,
2025-03-10 13:21:17.498,2.817919203775345e-05,23.0558037005271,
2025-03-10 13:21:17.518,-3.386193449706784e-05,11.093653192495536,
2025-03-10 13:21:17.537,-9.014221224280762e-05,-0.6840106583313639,
2025-03-10 13:21:17.557,-0.0001336388350153,-11.687358431488583,
2025-03-10 13:21:17.576,-0.00015890689426,-21.428679713678367,
2025-03-10 13:21:17.596,-0.0001629086995455,-29.58742383792077,
2025-03-10 13:21:17.615,-0.0001455148075438,-36.045333487054414,
2025-03-10 13:21:17.635,-0.0001097876200318,-40.8861190058135,
2025-03-10 13:21:17.655,-6.193603920079251e-05,-44.36182455464228,
2025-03-10 13:21:17.674,-1.0623406608336192e-05,-46.834408413971005,
2025-03-10 13:21:17.694,3.457099135388595e-05,-48.70477865414932,
2025-03-10 13:21:17.713,6.528881574121807e-05,-50.34210906182827,
2025-03-10 13:21:17.733,7.642437231151336e-05,-52.02412906073037,
2025-03-10 13:21:17.752,6.726037175711331e-05,-53.89534875543834,
2025-03-10 13:21:17.772,4.130448861805671e-05,-55.94621374887438,
2025-03-10 13:21:17.791,5.02074706871013e-06,-58.01308901664437,
2025-03-10 13:21:17.811,-3.395877887085041e-05,-59.79720353173066,
2025-03-10 13:21:17.830,-6.857444475761238e-05,-60.89996953284547,
2025-03-10 13:21:17.850,-9.372395015402276e-05,-60.87166092440543,
2025-03-10 13:21:17.869,-0.0001071636641316,-59.26952395084165,
2025-03-10 13:21:17.889,-0.0001097812216065,-55.719698471199344,
2025-03-10 13:21:17.908,-0.0001050681567544,-49.97526979938608,
2025-03-10 13:21:17.928,-9.781925819461936e-05,-41.9613783632722,
2025-03-10 13:21:17.947,-9.24692822418554e-05,-31.79875764530012,
2025-03-10 13:21:17.967,-9.17235697251206e-05,-19.8000247223895,
2025-03-10 13:21:17.987,-9.59725574449998e-05,-6.438212122621078,
2025-03-10 13:21:18.006,-0.000103512518519,7.706899152448477,
2025-03-10 13:21:18.026,-0.0001112327818689,22.013945208052878,
2025-03-10 13:21:18.045,-0.0001154306680156,35.883382809063335,
2025-03-10 13:21:18.065,-0.0001126425469254,48.78674441958746,
2025-03-10 13:21:18.084,-0.0001005127492909,60.29348078194098,
2025-03-10 13:21:18.104,-7.860403378087638e-05,70.07339742578354,
2025-03-10 13:21:18.123,-4.882592773288876e-05,77.87944210115387,
2025-03-10 13:21:18.143,-1.5126194574741416e-05,83.52100553226838,
2025-03-10 13:21:18.162,1.7583203569143832e-05,86.84038119021042,
2025-03-10 13:21:18.182,4.4811449686957696e-05,87.70367538763612,
2025-03-10 13:21:18.201,6.35107465031291e-05,86.01239230398731,
2025-03-10 13:21:18.221,7.233120488149722e-05,81.73447784697527,
2025-03-10 13:21:18.240,7.125746577335745e-05,74.94608431797026,
2025-03-10 13:21:18.260,6.113990444722954e-05,65.87022991124216,
2025-03-10 13:21:18.280,4.351826491582174e-05,54.89766955443585,
2025-03-10 13:21:18.299,2.0696447957406405e-05,42.57903998576481,
2025-03-10 13:21:18.319,-4.286683199144158e-06,29.584528068958058,
2025-03-10 13:21:18.338,-2.8038264044319742e-05,16.63574172585497,
2025-03-10 13:21:18.358,-4.742470741629959e-05,4.421730501519753,
2025-03-10 13:21:18.377,-6.0091562134591714e-05,-6.484686962762927,
2025-03-10 13:21:18.397,-6.471198993075221e-05,-15.693940021996768,
2025-03-10 13:21:18.416,-6.106284452040724e-05,-23.03743155877093,
2025-03-10 13:21:18.436,-5.00955315178884e-05,-28.569844891276485,
2025-03-10 13:21:18.455,-3.397087725999048e-05,-32.53743863168701,
2025-03-10 13:21:18.475,-1.5828303554341807e-05,-35.320366691377295,
2025-03-10 13:21:18.494,8.600340434982537e-07,-37.361235604059736,
2025-03-10 13:21:18.514,1.3161297003866687e-05,-39.09305381207294,
2025-03-10 13:21:18.533,1.932478410907282e-05,-40.87761768185175,
2025-03-10 13:21:18.553,1.885093836762437e-05,-42.961253535756775,
2025-03-10 13:21:18.573,1.2070401749692116e-05,-45.4502037329793,
2025-03-10 13:21:18.592,-3.282619285241755e-07,-48.304245282312266,
2025-03-10 13:21:18.612,-1.7433178230523846e-05,-51.34523051223647,
2025-03-10 13:21:18.631,-3.790993586116571e-05,-54.277188910377866,
2025-03-10 13:21:18.651,-5.98150204384136e-05,-56.71573448721952,
2025-03-10 13:21:18.670,-8.072800870864117e-05,-58.22570745914862,
2025-03-10 13:21:18.690,-9.816064336815244e-05,-58.366253208030976,
2025-03-10 13:21:18.709,-0.0001099425400194,-56.74140985654335,
2025-03-10 13:21:18.729,-0.0001143792842814,-53.05196305915242,
2025-03-10 13:21:18.748,-0.0001102740656779,-47.14175781945158,
2025-03-10 13:21:18.768,-9.703266734702744e-05,-39.03015608597531,
2025-03-10 13:21:18.787,-7.488490208418233e-05,-28.923074725327595,
2025-03-10 13:21:18.807,-4.497794403243548e-05,-17.198467293770218,
2025-03-10 13:21:18.826,-9.06819700776079e-06,-4.367562496975804,
2025-03-10 13:21:18.846,3.1149180804580376e-05,8.980987192009298,
2025-03-10 13:21:18.865,7.464182519676616e-05,22.24264015429589,
2025-03-10 13:21:18.885,0.0001210616161496,34.851626124326444,
2025-03-10 13:21:18.905,0.0001700552611567,46.31858840254807,
2025-03-10 13:21:18.924,0.0002202821738298,56.246336666171175,
2025-03-10 13:21:18.944,0.0002687880192406,64.32540781805487,
2025-03-10 13:21:18.963,0.0003111057346746,70.31706077734471,
2025-03-10 13:21:18.983,0.0003419755150748,74.03481857882277,
2025-03-10 13:21:19.002,0.0003563366682281,75.33553097412289,
2025-03-10 13:21:19.022,0.0003503536276286,74.12700091192647,
2025-03-10 13:21:19.041,0.0003224069301248,70.39257003101574,
2025-03-10 13:21:19.061,0.0002739214352258,64.22581737981366,
2025-03-10 13:21:19.080,0.0002096796030908,55.86321648953819,
2025-03-10 13:21:19.100,0.0001372061953516,45.70118965039753,
2025-03-10 13:21:19.119,6.514601593263996e-05,34.287104205938974,
2025-03-10 13:21:19.139,1.1440063865181091e-06,22.280382194190807,
2025-03-10 13:21:19.158,-4.988157432226576e-05,10.387888151564685,
2025-03-10 13:21:19.178,-8.636831374440475e-05,-0.7153354439998466,
2025-03-10 13:21:19.198,-0.0001095740814646,-10.46501133881672,
2025-03-10 13:21:19.217,-0.0001223951712229,-18.471235461916415,
2025-03-10 13:21:19.237,-0.0001281827373886,-24.555290369789347,
2025-03-10 13:21:19.256,-0.0001299088033035,-28.754176529889232,
2025-03-10 13:21:19.276,-0.0001296914970625,-31.294084124777275,
2025-03-10 13:21:19.295,-0.0001285942258522,-32.539784066710844,
2025-03-10 13:21:19.315,-0.0001267200816716,-32.93046419602044,
2025-03-10 13:21:19.334,-0.0001236617276696,-32.913349128169685,
2025-03-10 13:21:19.354,-0.0001191799272514,-32.88476938948591,
2025-03-10 13:21:19.373,-0.0001137237479205,-33.14503974151307,
2025-03-10 13:21:19.393,-0.0001083926950855,-33.86972255939449,
2025-03-10 13:21:19.412,-0.0001043012205427,-35.09670934127501,
2025-03-10 13:21:19.432,-0.0001017752310674,-36.72682821352702,
2025-03-10 13:21:19.451,-9.99642403485804e-05,-38.53558490721476,
2025-03-10 13:21:19.471,-9.714357444606435e-05,-40.19472085221372,
2025-03-10 13:21:19.490,-9.148673192687804e-05,-41.30354799591346,
2025-03-10 13:21:19.510,-8.181828956962125e-05,-41.43037359531436,
2025-03-10 13:21:19.530,-6.797513650505032e-05,-40.16302889163409,
2025-03-10 13:21:19.549,-5.073441040312261e-05,-37.164657957830606,
2025-03-10 13:21:19.569,-3.1501832530052454e-05,-32.22751505784694,
2025-03-10 13:21:19.588,-1.193384033955866e-05,-25.315139124746292,
2025-03-10 13:21:19.608,6.484868309080245e-06,-16.583393592615963,
2025-03-10 13:21:19.627,2.291788250842659e-05,-6.374102916876852,
2025-03-10 13:21:19.647,3.755751083253648e-05,4.819251434877814,
2025-03-10 13:21:19.666,5.161776317495468e-05,16.407803865981332,
2025-03-10 13:21:19.686,6.676906229481272e-05,27.77437854614516,
2025-03-10 13:21:19.705,8.420312493778442e-05,38.33795646213104,
2025-03-10 13:21:19.725,0.000103813704274,47.603485990863874,
2025-03-10 13:21:19.744,0.0001239264111562,55.18947421421099,
2025-03-10 13:21:19.764,0.0001416346651926,60.832084912006415,
2025-03-10 13:21:19.783,0.0001534395537445,64.37079324694847,
2025-03-10 13:21:19.803,0.0001558708305705,65.72522793927462,
2025-03-10 13:21:19.823,0.0001460449706478,64.8742947765518,
2025-03-10 13:21:19.842,0.0001223299263101,61.84647736033152,
2025-03-10 13:21:19.862,8.514777129754337e-05,56.7249699637599,
2025-03-10 13:21:19.881,3.7575879617892805e-05,49.66477096930255,
2025-03-10 13:21:19.901,-1.4773417650691176e-05,40.91340302078285,
2025-03-10 13:21:19.920,-6.483033396858614e-05,30.824537184296105,
2025-03-10 13:21:19.940,-0.0001057767083534,19.855287227484368,
2025-03-10 13:21:19.959,-0.0001326931469453,8.542590980415612,
2025-03-10 13:21:19.979,-0.0001435512265588,-2.539911048667627,
2025-03-10 13:21:19.998,-0.0001393732426569,-12.837801724758998,
2025-03-10 13:21:20.018,-0.0001237379801198,-21.87479617409729,
2025-03-10 13:21:20.037,-0.0001018855081521,-29.30434934328254,
2025-03-10 13:21:20.057,-7.957207705088155e-05,-34.94551730438157,
2025-03-10 13:21:20.076,-6.18068318082e-05,-38.79791334419144,
2025-03-10 13:21:20.096,-5.17491307214499e-05,-41.03435838574849,
2025-03-10 13:21:20.116,-5.016167705372672e-05,-41.97321972068639,
2025-03-10 13:21:20.135,-5.566458793812871e-05,-42.03489130009837,
2025-03-10 13:21:20.155,-6.564277263498651e-05,-41.688141405064925,
2025-03-10 13:21:20.174,-7.732038718280535e-05,-41.39222637508117,
2025-03-10 13:21:20.194,-8.851679552097352e-05,-41.54013165417591,
2025-03-10 13:21:20.213,-9.792587598662438e-05,-42.407607502705886,
2025-03-10 13:21:20.233,-0.0001051091643596,-44.112289873393074,
2025-03-10 13:21:20.252,-0.0001104589069862,-46.58726767483183,
2025-03-10 13:21:20.272,-0.0001151590138643,-49.573636321489886,
2025-03-10 13:21:20.291,-0.0001209335896421,-52.636163124003744,
2025-03-10 13:21:20.311,-0.0001294102367084,-55.20442445085765,
2025-03-10 13:21:20.330,-0.0001412355239509,-56.638230219427385,
2025-03-10 13:21:20.350,-0.0001553696676319,-56.311106818110346,
2025-03-10 13:21:20.369,-0.0001689638593154,-53.700257284184325,
2025-03-10 13:21:20.389,-0.0001778862486768,-48.46765573981345,
2025-03-10 13:21:20.408,-0.0001776048102156,-40.516638642515765,
2025-03-10 13:21:20.428,-0.000164056039271,-30.01241891571569,
2025-03-10 13:21:20.448,-0.0001343424289706,-17.36262315375535,
2025-03-10 13:21:20.467,-8.733916471107332e-05,-3.1629533792726487,
2025-03-10 13:21:20.487,-2.428473522952684e-05,11.879512001951234,
2025-03-10 13:21:20.506,5.079983078276689e-05,27.02928407348471,
2025-03-10 13:21:20.526,0.0001311881359272,41.59646411391742,
2025-03-10 13:21:20.545,0.0002082190250828,54.99079018746735,
2025-03-10 13:21:20.565,0.0002726109319133,66.75048487658529,
2025-03-10 13:21:20.584,0.000315923075872,76.54624394490004,
2025-03-10 13:21:20.604,0.0003318333486124,84.16524018487688,
2025-03-10 13:21:20.623,0.0003171592779106,89.48323400148028,
2025-03-10 13:21:20.643,0.0002726706093949,92.43459683046166,
2025-03-10 13:21:20.662,0.0002035818460579,92.98983518488316,
2025-03-10 13:21:20.682,0.000119382740794,91.14764933330464,
2025-03-10 13:21:20.701,3.2697066370361635e-05,86.94388973666008,
2025-03-10 13:21:20.721,-4.2768864932027904e-05,80.47411837372206,
2025-03-10 13:21:20.741,-9.468345229589108e-05,71.92157328094558,
2025-03-10 13:21:20.760,-0.0001142822477308,61.57979604410709,
2025-03-10 13:21:20.780,-9.784028530455304e-05,49.85985476106888,
2025-03-10 13:21:20.799,-4.732962745304243e-05,37.27573910697642,
2025-03-10 13:21:20.819,2.9670413641665576e-05,24.406965499433408,
2025-03-10 13:21:20.838,0.0001208635779386,11.843129780275008,
2025-03-10 13:21:20.858,0.0002111006940908,0.1196195977546227,
2025-03-10 13:21:20.877,0.0002851783583111,-10.344023650707513,
2025-03-10 13:21:20.897,0.0003310120834978,-19.29186104170411,
2025-03-10 13:21:20.916,0.0003422022193092,-26.6567273932472,
2025-03-10 13:21:20.936,0.0003191064798473,-32.55819359762809,
2025-03-10 13:21:20.955,0.0002681554070335,-37.27335924940723,
2025-03-10 13:21:20.975,0.0001998544173801,-41.18480233378337,
2025-03-10 13:21:20.994,0.0001262313239724,-44.713216131141465,
2025-03-10 13:21:21.014,5.834741146834257e-05,-48.244081171213146,
2025-03-10 13:21:21.034,4.224426167336813e-06,-52.05823272122088,
2025-03-10 13:21:21.053,-3.254210306517263e-05,-56.275666917723214,
2025-03-10 13:21:21.073,-5.314786062449153e-05,-60.82063244080811,
2025-03-10 13:21:21.092,-6.266881050849518e-05,-65.4140706373763,
2025-03-10 13:21:21.112,-6.802980598984955e-05,-69.59670491068651,
2025-03-10 13:21:21.131,-7.556099342884925e-05,-72.78238176546265,
2025-03-10 13:21:21.151,-8.911292283523059e-05,-74.33665678195376,
2025-03-10 13:21:21.170,-0.0001094034338751,-73.67060424107518,
2025-03-10 13:21:21.190,-0.0001345930324927,-70.33552840164764,
2025-03-10 13:21:21.209,-0.0001615127187377,-64.10216812254667,
2025-03-10 13:21:21.229,-0.0001868509721133,-55.009375774517245,
2025-03-10 13:21:21.248,-0.0002078976934949,-43.372413310746815,
2025-03-10 13:21:21.268,-0.0002228077457882,-29.748908995458144,
2025-03-10 13:21:21.287,-0.0002305112451583,-14.869080858844706,
2025-03-10 13:21:21.307,-0.0002303867429707,0.4562357701258702,
2025-03-10 13:21:21.326,-0.0002218321676826,15.43253416521319,
2025-03-10 13:21:21.346,-0.0002039844450489,29.366380992887088,
2025-03-10 13:21:21.366,-0.0001758806326248,41.7241150721925,
2025-03-10 13:21:21.385,-0.0001371500773512,52.15639647346877,
2025-03-10 13:21:21.405,-8.895736882389061e-05,60.48768145746969,
2025-03-10 13:21:21.424,-3.4659984120146406e-05,66.67715842206796,
2025-03-10 13:21:21.444,2.027764685971508e-05,70.76392989783808,
2025-03-10 13:21:21.463,6.919827469861719e-05,72.81262009217802,
2025-03-10 13:21:21.483,0.0001056769453833,72.87487466941693,
2025-03-10 13:21:21.502,0.0001249763781394,70.97718232874726,
2025-03-10 13:21:21.522,0.0001251591802726,67.13727261006503,
2025-03-10 13:21:21.541,0.0001076705061316,61.40243319496368,
2025-03-10 13:21:21.561,7.729876149464896e-05,53.89626181276351,
2025-03-10 13:21:21.580,4.144946695870558e-05,44.85775917083967,
2025-03-10 13:21:21.600,8.772758468009273e-06,34.658901000105544,
2025-03-10 13:21:21.619,-1.2588023867739608e-05,23.792877780498333,
2025-03-10 13:21:21.639,-1.6651345597236088e-05,12.832970400012949,
2025-03-10 13:21:21.659,-6.792555037759595e-07,2.3692625501875177,
2025-03-10 13:21:21.678,3.4542865970462976e-05,-7.064654740303339,
2025-03-10 13:21:21.698,8.511089166512003e-05,-15.060994965779686,
2025-03-10 13:21:21.717,0.0001447580084693,-21.39036478822397,
2025-03-10 13:21:21.737,0.0002056751376513,-26.028546488032703,
2025-03-10 13:21:21.756,0.0002593354199642,-29.153386097917263,
2025-03-10 13:21:21.776,0.0002974429719688,-31.112852931878425,
2025-03-10 13:21:21.795,0.0003130900603452,-32.36963458140723,
2025-03-10 13:21:21.815,0.0003019954648802,-33.430464203558905,
2025-03-10 13:21:21.834,0.0002635042886652,-34.76963872191976,
2025-03-10 13:21:21.854,0.0002010116383429,-36.75618280938858,
2025-03-10 13:21:21.873,0.0001216297857216,-39.5933220344365,
2025-03-10 13:21:21.893,3.51311629803937e-05,-43.27772735522744,
2025-03-10 13:21:21.912,-4.7649862736044406e-05,-47.58446766997385,
2025-03-10 13:21:21.932,-0.0001166981498588,-52.0815274713098,
2025-03-10 13:21:21.951,-0.0001646533523403,-56.17474625698249,
2025-03-10 13:21:21.971,-0.0001881890001083,-59.17993119694693,
2025-03-10 13:21:21.991,-0.0001885307434751,-60.41400416695862,
2025-03-10 13:21:22.010,-0.0001709082430279,-59.29234459964063,
2025-03-10 13:21:22.030,-0.0001430806675101,-55.4164530481602,
2025-03-10 13:21:22.049,-0.0001133837224624,-48.63614467841925,
2025-03-10 13:21:22.069,-8.885706934014943e-05,-39.0744308208234,
2025-03-10 13:21:22.088,-7.391253671037758e-05,-27.11055517973282,
2025-03-10 13:21:22.108,-6.979182716487929e-05,-13.325538387747152,
2025-03-10 13:21:22.127,-7.483617834459316e-05,1.577441051566077,
2025-03-10 13:21:22.147,-8.54044227354454e-05,16.86072368845216,
2025-03-10 13:21:22.166,-9.715182986955385e-05,31.83045403369973,
2025-03-10 13:21:22.186,-0.0001063248715574,45.89193424618883,
2025-03-10 13:21:22.205,-0.0001107351493674,58.57530724725514,
2025-03-10 13:21:22.225,-0.0001101565197909,69.53257358954474,
2025-03-10 13:21:22.244,-0.0001060608868597,78.51371765277513,
2025-03-10 13:21:22.264,-0.0001008476031298,85.33400757304815,
2025-03-10 13:21:22.284,-9.691335048366372e-05,89.84542117485776,
2025-03-10 13:21:22.303,-9.592214975661276e-05,91.92246786634378,
2025-03-10 13:21:22.323,-9.847265354294996e-05,91.46716993749044,
2025-03-10 13:21:22.342,-0.0001041591194379,88.43128202262986,
2025-03-10 13:21:22.362,-0.0001118980366654,82.84809226297988,
2025-03-10 13:21:22.381,-0.0001203575021052,74.86318404549039,
2025-03-10 13:21:22.401,-0.0001283461994594,64.75407128401032,
2025-03-10 13:21:22.420,-0.0001350651850126,52.93198429434394,
2025-03-10 13:21:22.440,-0.0001401820644908,39.9236390762582,
2025-03-10 13:21:22.459,-0.0001437408457781,26.33491229958115,
2025-03-10 13:21:22.479,-0.000145961981445,12.801133747379705,
2025-03-10 13:21:22.498,-0.000147009895663,-0.0696797277932085,
2025-03-10 13:21:22.518,-0.0001468075689175,-11.753388487067207,
2025-03-10 13:21:22.537,-0.0001449610125065,-21.85838597147598,
2025-03-10 13:21:22.557,-0.0001408250932316,-30.159047425226184,
2025-03-10 13:21:22.577,-0.0001337027659031,-36.60849818817833,
2025-03-10 13:21:22.596,-0.0001231304016875,-41.32858831337606,
2025-03-10 13:21:22.616,-0.0001091712284504,-44.57914211488833,
2025-03-10 13:21:22.635,-9.262508802919148e-05,-46.71226849943783,
2025-03-10 13:21:22.655,-7.507202947943001e-05,-48.11960045034829,
2025-03-10 13:21:22.674,-5.870245191660863e-05,-49.18029937817569,
2025-03-10 13:21:22.694,-4.594526832607967e-05,-50.21586145526432,
2025-03-10 13:21:22.713,-3.8976637694050174e-05,-51.45513539181111,
2025-03-10 13:21:22.733,-3.92445639425521e-05,-53.01059222079607,
2025-03-10 13:21:22.752,-4.713172694981836e-05,-54.86556886518224,
2025-03-10 13:21:22.772,-6.179109250015175e-05,-56.8721382050288,
2025-03-10 13:21:22.791,-8.111077633436467e-05,-58.76000792231193,
2025-03-10 13:21:22.811,-0.0001017982913245,-60.157577578375616,
2025-03-10 13:21:22.830,-0.0001196807600331,-60.62612731912288,
2025-03-10 13:21:22.850,-0.0001303249161065,-59.70660122518255,
2025-03-10 13:21:22.869,-0.0001298978543204,-56.97576731451431,
2025-03-10 13:21:22.889,-0.0001159527967651,-52.10551741813129,
2025-03-10 13:21:22.909,-8.777656563390069e-05,-44.9168892441678,
2025-03-10 13:21:22.928,-4.617167712624918e-05,-35.42006160161283,
2025-03-10 13:21:22.948,7.099718775786526e-06,-23.83345382358802,
2025-03-10 13:21:22.967,6.979664683279092e-05,-10.578661253872188,
2025-03-10 13:21:22.987,0.0001393243996236,3.747844774185024,
2025-03-10 13:21:23.006,0.000212554249217,18.421771283250692,
2025-03-10 13:21:23.026,0.0002856380258372,32.65025626413292,
2025-03-10 13:21:23.045,0.0003541052840056,45.63633379062405,
2025-03-10 13:21:23.065,0.0004133118588465,56.64241175021074,
2025-03-10 13:21:23.084,0.0004590919256889,65.04784219997566,
2025-03-10 13:21:23.104,0.0004884133901632,70.39679252729863,
2025-03-10 13:21:23.123,0.0004999292936881,72.43330825158674,
2025-03-10 13:21:23.143,0.0004943972557436,71.1208481473585,
2025-03-10 13:21:23.162,0.0004748932724364,66.64414240044088,
2025-03-10 13:21:23.182,0.0004466464918973,59.39244155232981,
2025-03-10 13:21:23.202,0.000416338645608,49.92517484481668,
2025-03-10 13:21:23.221,0.0003909064610638,38.92327305809956,
2025-03-10 13:21:23.241,0.0003761262457188,27.13117938206636,
2025-03-10 13:21:23.260,0.00037536024503,15.295302231062012,
2025-03-10 13:21:23.280,0.0003887490833709,4.104370164776332,
2025-03-10 13:21:23.299,0.0004129561920758,-5.863589920854252,
2025-03-10 13:21:23.319,0.0004414592209141,-14.183463039531873,
2025-03-10 13:21:23.338,0.0004653787609828,-20.61045583080149,
2025-03-10 13:21:23.358,0.0004748377931397,-25.089133260000143,
2025-03-10 13:21:23.377,0.0004607382132209,-27.741918005671792,
2025-03-10 13:21:23.397,0.0004166360331928,-28.83762088523753,
2025-03-10 13:21:23.416,0.000340255882777,-28.74416474934967,
2025-03-10 13:21:23.436,0.0002342562897738,-27.873017818746668,
2025-03-10 13:21:23.455,0.0001061035253109,-26.624733059216165,
2025-03-10 13:21:23.475,-3.2861010977831473e-05,-25.344587721854147,
2025-03-10 13:21:23.495,-0.0001690125029841,-24.29458651137401,
2025-03-10 13:21:23.514,-0.0002885759303474,-23.643779403430216,
2025-03-10 13:21:23.534,-0.0003800895808928,-23.47422455057624,
2025-03-10 13:21:23.553,-0.0004366949400817,-23.796358754260392,
2025-03-10 13:21:23.573,-0.0004574947126791,-24.56602643257813,
2025-03-10 13:21:23.592,-0.0004473585545448,-25.696323735995996,
2025-03-10 13:21:23.612,-0.0004151486166013,-27.060396157389988,
2025-03-10 13:21:23.631,-0.0003710121085059,-28.485474255733788,
2025-03-10 13:21:23.651,-0.0003236780341111,-29.74251078783539,
2025-03-10 13:21:23.670,-0.0002784812380876,-30.538551464819967,
2025-03-10 13:21:23.690,-0.0002363980459284,-30.519515444479534,
2025-03-10 13:21:23.709,-0.0001940663853644,-29.289094579099853,
2025-03-10 13:21:23.729,-0.0001447031812024,-26.44549672930084,
2025-03-10 13:21:23.748,-7.987582097320739e-05,-21.63291951082705,
2025-03-10 13:21:23.768,7.998393231542642e-06,-14.60039302866934,
2025-03-10 13:21:23.787,0.0001228280110428,-5.258187507144111,
2025-03-10 13:21:23.807,0.0002623933648737,6.278110699294723,
2025-03-10 13:21:23.827,0.0004170050948424,19.66376838463232,
2025-03-10 13:21:23.846,0.0005697367612979,34.32605566734841,
2025-03-10 13:21:23.866,0.0006982628926179,49.49176039215463,
2025-03-10 13:21:23.885,0.0007780245884143,64.23962406165613,
2025-03-10 13:21:23.905,0.0007863438172671,77.57410187216486,
2025-03-10 13:21:23.924,0.0007070323177889,88.51502987606251,
2025-03-10 13:21:23.944,0.000534767706695,96.19580527448012,
2025-03-10 13:21:23.963,0.0002781068598863,99.96032992172351,
2025-03-10 13:21:23.983,-4.010054207348266e-05,99.4466223754856,
2025-03-10 13:21:24.002,-0.0003855283574944,94.64371875068063,
2025-03-10 13:21:24.022,-0.0007178400956294,85.90958411529891,
2025-03-10 13:21:24.041,-0.0009971969870665,73.94214205082874,
2025-03-10 13:21:24.061,-0.0011901887080628,59.70299712989881,
2025-03-10 13:21:24.080,-0.0012745001074003,44.30245174259338,
2025-03-10 13:21:24.100,-0.0012424490950006,28.86260966789221,
2025-03-10 13:21:24.120,-0.0011033694719497,14.380382379475405,
2025-03-10 13:21:24.139,-0.0008840069847973,1.612716339272822,
2025-03-10 13:21:24.159,-0.0006257773667016,-8.997658893895272,
2025-03-10 13:21:24.178,-0.0003785403203253,-17.34509947623081,
2025-03-10 13:21:24.198,-0.0001919718257428,-23.63087297224195,
2025-03-10 13:21:24.217,-0.0001065649459027,-28.28750445380733,
2025-03-10 13:21:24.237,-0.0001461365591322,-31.872871075257784,
2025-03-10 13:21:24.256,-0.0003128934946995,-34.95408951618809,
2025-03-10 13:21:24.276,-0.0005855454506328,-38.00234364317606,
2025-03-10 13:21:24.295,-0.0009210137576744,-41.31692867496164,
2025-03-10 13:21:24.315,-0.0012604188208426,-44.99044772527122,
2025-03-10 13:21:24.334,-0.0015394010211795,-48.91857290562222,
2025-03-10 13:21:24.354,-0.0017012560435338,-52.84891486115171,
2025-03-10 13:21:24.373,-0.0017096646573074,-56.45625527712495,
2025-03-10 13:21:24.393,-0.001557203454438,-59.42714267663523,
2025-03-10 13:21:24.412,-0.0012669400416773,-61.53623037722154,
2025-03-10 13:21:24.432,-0.0008867238034468,-62.69943255006268,
2025-03-10 13:21:24.452,-0.0004780906392747,-62.99403262150349,
2025-03-10 13:21:24.471,-0.0001029643082823,-62.64211925171941,
2025-03-10 13:21:24.491,0.000188741692485,-61.96011340199623,
2025-03-10 13:21:24.510,0.0003683796834574,-61.28294028297508,
2025-03-10 13:21:24.530,0.000433252385826,-60.87605014847084,
2025-03-10 13:21:24.549,0.0004058629384144,-60.85149051625123,
2025-03-10 13:21:24.569,0.0003276840459665,-61.105021658613786,
2025-03-10 13:21:24.588,0.000248730689604,-61.28933245792839,
2025-03-10 13:21:24.608,0.0002154916671408,-60.83350530558038,
2025-03-10 13:21:24.627,0.0002601753148833,-59.01128637853228,
2025-03-10 13:21:24.647,0.0003936117865751,-55.05147530670551,
2025-03-10 13:21:24.666,0.000603098344206,-48.27461278272088,
2025-03-10 13:21:24.686,0.0008555361181845,-38.233237935072125,
2025-03-10 13:21:24.705,0.0011054217021524,-24.830156049749192,
2025-03-10 13:21:24.725,0.0013063231193028,-8.39131960387987,
2025-03-10 13:21:24.745,0.0014233072910062,10.323244548559856,
2025-03-10 13:21:24.764,0.0014428788586858,30.17691208550524,
2025-03-10 13:21:24.784,0.001377132515534,49.77729496091084,
2025-03-10 13:21:24.803,0.0012603998278639,67.64443292721948,
2025-03-10 13:21:24.823,0.0011391871319911,82.40164290852735,
2025-03-10 13:21:24.842,0.0010585489161989,92.95932389340987,
2025-03-10 13:21:24.862,0.0010492051074877,98.66181828876216,
2025-03-10 13:21:24.881,0.0011192564264959,99.3725304986222,
2025-03-10 13:21:24.901,0.001252589859548,95.48242394055984,
2025-03-10 13:21:24.920,0.0014138690061354,87.84015611586007,
2025-03-10 13:21:24.940,0.0015582275566053,77.61594970005106,
2025-03-10 13:21:24.959,0.0016427814903374,66.1229756366149,
2025-03-10 13:21:24.979,0.0016368393810568,54.62709450155351,
2025-03-10 13:21:24.998,0.0015282289888885,44.17688208701306,
2025-03-10 13:21:25.018,0.0013244500036984,35.48093026169004,
2025-03-10 13:21:25.038,0.0010490440745357,28.84968355579308,
2025-03-10 13:21:25.057,0.0007349408786937,24.206629296367872,
2025-03-10 13:21:25.077,0.0004169942161506,21.16098848787485,
2025-03-10 13:21:25.096,0.0001254469022215,19.12357424859428,
2025-03-10 13:21:25.116,-0.0001187632603221,17.441111194208325,
2025-03-10 13:21:25.135,-0.0003064663346719,15.523097301542682,
2025-03-10 13:21:25.155,-0.0004401916212976,12.939212555846568,
2025-03-10 13:21:25.174,-0.0005313899851484,9.473215437844214,
2025-03-10 13:21:25.194,-0.0005953812427032,5.129247472580115,
2025-03-10 13:21:25.213,-0.0006454006480345,0.0961526503192789,
2025-03-10 13:21:25.233,-0.0006877166540856,-5.317271027384813,
2025-03-10 13:21:25.252,-0.0007195291148064,-10.759530755453609,
2025-03-10 13:21:25.272,-0.0007303252025512,-15.909915405629157,
2025-03-10 13:21:25.291,-0.0007061494154869,-20.53530409697031,
2025-03-10 13:21:25.311,-0.0006354311846986,-24.522584722769288,
2025-03-10 13:21:25.330,-0.0005148129554336,-27.884367588690274,
2025-03-10 13:21:25.350,-0.0003535469834091,-30.740172269034264,
2025-03-10 13:21:25.370,-0.0001750684498529,-33.27829965831047,
2025-03-10 13:21:25.389,-1.4402843106244482e-05,-35.70522721227135,
2025-03-10 13:21:25.409,8.917181807515566e-05,-38.19000596918851,
2025-03-10 13:21:25.428,0.0001029186835046,-40.81129515260204,
2025-03-10 13:21:25.448,1.1457169020064064e-05,-43.51467246702577,
2025-03-10 13:21:25.467,-0.0001766580082762,-46.08769871177082,
2025-03-10 13:21:25.487,-0.0004294777278303,-48.15951909003139,
2025-03-10 13:21:25.506,-0.0006993225632123,-49.22993814631331,
2025-03-10 13:21:25.526,-0.0009348242321438,-48.7293565043388,
2025-03-10 13:21:25.545,-0.0010933268809595,-46.10559918753821,
2025-03-10 13:21:25.565,-0.0011501142102975,-40.92716569764619,
2025-03-10 13:21:25.584,-0.0011024645979372,-32.98630355999078,
2025-03-10 13:21:25.604,-0.0009681857686736,-22.38157654362757,
2025-03-10 13:21:25.623,-0.0007795820823308,-9.560107192188005,
2025-03-10 13:21:25.643,-0.0005747918018086,4.69473884141017,
2025-03-10 13:21:25.663,-0.0003890871995798,19.33449181792085,
2025-03-10 13:21:25.682,-0.0002487044418768,33.16766383608584,
2025-03-10 13:21:25.702,-0.0001687186046268,45.01366032002765,
2025-03-10 13:21:25.721,-0.0001546822914539,53.86199994957548,
2025-03-10 13:21:25.741,-0.0002061914979292,59.00868055306707,
2025-03-10 13:21:25.760,-0.0003201547407519,60.14594708828554,
2025-03-10 13:21:25.780,-0.0004923506148238,57.39095524513288,
2025-03-10 13:21:25.799,-0.0007170809724528,51.25059809661354,
2025-03-10 13:21:25.819,-0.0009855667730932,42.53146740983522,
2025-03-10 13:21:25.838,-0.0012839589297894,32.21321366142343,
2025-03-10 13:21:25.858,-0.0015917210844675,21.308744117487308,
2025-03-10 13:21:25.877,-0.001881043863964,10.7349473653509,
2025-03-10 13:21:25.897,-0.0021179332651787,1.2132398866335148,
2025-03-10 13:21:25.916,-0.0022654257375244,-6.788417195088555,
2025-03-10 13:21:25.936,-0.0022888020097643,-13.06915417020073,
2025-03-10 13:21:25.956,-0.0021618613943091,-17.66933596986783,
2025-03-10 13:21:25.975,-0.0018727596500635,-20.815309262712493,
2025-03-10 13:21:25.995,-0.0014279807740026,-22.84723600471271,
2025-03-10 13:21:26.014,-0.0008535960833237,-24.142550045175035,
2025-03-10 13:21:26.034,-0.0001935618654692,-25.0461481252848,
2025-03-10 13:21:26.053,0.0004949294431092,-25.816168928522305,
2025-03-10 13:21:26.073,0.001148884270159,-26.591390985026468,
2025-03-10 13:21:26.092,0.0017090400025251,-27.38297767446902,
2025-03-10 13:21:26.112,0.0021298189124899,-28.08972243788529,
2025-03-10 13:21:26.131,0.0023872104249913,-28.532563947628525,
2025-03-10 13:21:26.151,0.0024822320230819,-28.50155194524968,
2025-03-10 13:21:26.170,0.0024389225208868,-27.807111898421255,
2025-03-10 13:21:26.190,0.0022976325670314,-26.32745926864761,
2025-03-10 13:21:26.209,0.0021056874644925,-24.04502689986669,
2025-03-10 13:21:26.229,0.0019077577088421,-21.06630320779855,
2025-03-10 13:21:26.248,0.001737764474808,-17.621215113786317,
2025-03-10 13:21:26.268,0.0016135388469604,-14.040156282707526,
2025-03-10 13:21:26.288,0.0015350547847015,-10.70922968034001,
2025-03-10 13:21:26.307,0.0014866064051956,-8.007448688915188,
2025-03-10 13:21:26.327,0.0014424578537052,-6.233362478108397,
2025-03-10 13:21:26.346,0.001374403594925,-5.532214073916427,
2025-03-10 13:21:26.366,0.0012590044453469,-5.837343212217404,
2025-03-10 13:21:26.385,0.0010826190082235,-6.84007310055156,
2025-03-10 13:21:26.405,0.0008435814260025,-7.9999500966883055,
2025-03-10 13:21:26.424,0.0005520591468946,-8.601621161060708,
2025-03-10 13:21:26.444,0.0002284309515087,-7.856264669302248,
2025-03-10 13:21:26.463,-9.946419678365143e-05,-5.035644507578561,
2025-03-10 13:21:26.483,-0.000400329290889,0.3823506372909909,
2025-03-10 13:21:26.502,-0.000644564983045,8.583868284352935,
2025-03-10 13:21:26.522,-0.0008096834386525,19.33282176468073,
2025-03-10 13:21:26.541,-0.0008844776229137,31.950327525208102,
2025-03-10 13:21:26.561,-0.0008706830303877,45.370511227705336,
2025-03-10 13:21:26.581,-0.0007818329339808,58.26845743575963,
2025-03-10 13:21:26.600,-0.0006399501574408,69.24118137346721,
2025-03-10 13:21:26.620,-0.0004710683247036,77.01111044170969,
2025-03-10 13:21:26.639,-0.0003004536568642,80.61636823570731,
2025-03-10 13:21:26.659,-0.0001483070805734,79.5543251499921,
2025-03-10 13:21:26.678,-2.687281801961912e-05,73.8538023594033,
2025-03-10 13:21:26.698,6.009342967612058e-05,64.06483610530731,
2025-03-10 13:21:26.717,0.0001151497354652,51.16999368336549,
2025-03-10 13:21:26.737,0.000143169408513,36.4347814657511,
2025-03-10 13:21:26.756,0.0001474969689112,21.2242235440368,
2025-03-10 13:21:26.776,0.0001282715611765,6.81678337581382,
2025-03-10 13:21:26.795,8.367962525010178e-05,-5.754822754947423,
2025-03-10 13:21:26.815,1.3140139093580937e-05,-15.812944733463157,
2025-03-10 13:21:26.834,-7.9630278863529e-05,-23.08145479327321,
2025-03-10 13:21:26.854,-0.0001854170681669,-27.66774817257983,
2025-03-10 13:21:26.873,-0.0002906690483882,-29.98944468268365,
2025-03-10 13:21:26.893,-0.000380380176098,-30.66322627000149,
2025-03-10 13:21:26.913,-0.0004416659767631,-30.377803057637504,
2025-03-10 13:21:26.932,-0.0004671389576761,-29.773363028674456,
2025-03-10 13:21:26.952,-0.0004572715587083,-29.346376476212782,
2025-03-10 13:21:26.971,-0.0004208899250624,-29.39231264761154,
2025-03-10 13:21:26.991,-0.0003731955555755,-29.991086250885587,
2025-03-10 13:21:27.010,-0.0003315518263261,-31.0323723488119,
2025-03-10 13:21:27.030,-0.000310369186826,-32.271607867399425,
2025-03-10 13:21:27.049,-0.000317026188458,-33.403425653373446,
2025-03-10 13:21:27.069,-0.0003503325378579,-34.1378078607331,
2025-03-10 13:21:27.088,-0.0004017762777963,-34.2652726964253,
2025-03-10 13:21:27.108,-0.0004585725170656,-33.70043434302381,
2025-03-10 13:21:27.127,-0.0005071389115614,-32.497596905750264,
2025-03-10 13:21:27.147,-0.0005360553406975,-30.836878214718418,
2025-03-10 13:21:27.166,-0.0005381486134303,-28.98399260175475,
2025-03-10 13:21:27.186,-0.0005115491586242,-27.230724764922734,
2025-03-10 13:21:27.206,-0.0004595096912565,-25.82599301693629,
2025-03-10 13:21:27.225,-0.0003889193627804,-24.909074271133317,
2025-03-10 13:21:27.245,-0.0003079768356313,-24.4569228976384,
2025-03-10 13:21:27.264,-0.0002240215365689,-24.2563965679084,
2025-03-10 13:21:27.284,-0.0001424606298381,-23.909424701090064,
2025-03-10 13:21:27.303,-6.693289518670416e-05,-22.87466347384822,
2025-03-10 13:21:27.323,5.677897813873808e-08,-20.54325306895776,
2025-03-10 13:21:27.342,5.697297888426666e-05,-16.33971516757597,
2025-03-10 13:21:27.362,0.0001037550853537,-9.83309543576718,
2025-03-10 13:21:27.381,0.0001422766487141,-0.8396789493214822,
2025-03-10 13:21:27.401,0.0001758957709068,10.50180555333695,
2025-03-10 13:21:27.420,0.0002080152813091,23.69822965613539,
2025-03-10 13:21:27.440,0.0002404961283621,37.92259081637607,
2025-03-10 13:21:27.459,0.0002729268126219,52.08791325357217,
2025-03-10 13:21:27.479,0.0003030255280376,64.9667472845177,
2025-03-10 13:21:27.499,0.0003275837348644,75.34077438459897,
2025-03-10 13:21:27.518,0.0003431796296656,82.15928478077127,
2025-03-10 13:21:27.538,0.0003464751089738,84.68245248581051,
2025-03-10 13:21:27.557,0.0003345424738776,82.58623989121479,
2025-03-10 13:21:27.577,0.0003056283335023,76.01087913367076,
2025-03-10 13:21:27.596,0.0002601108761686,65.54379073751167,
2025-03-10 13:21:27.616,0.0002009101913141,52.13900361600658,
2025-03-10 13:21:27.635,0.000132898762123,36.986302900193735,
2025-03-10 13:21:27.655,6.170504772646447e-05,21.351988669870867,
2025-03-10 13:21:27.674,-7.1592619209937375e-06,6.417445287801997,
2025-03-10 13:21:27.694,-6.827698357280328e-05,-6.859015923702788,
2025-03-10 13:21:27.713,-0.0001157858661828,-17.836894332282682,
2025-03-10 13:21:27.733,-0.0001433325995099,-26.23319778862919,
2025-03-10 13:21:27.752,-0.0001452185404771,-32.105419660663,
2025-03-10 13:21:27.772,-0.0001184368485192,-35.78567314169445,
2025-03-10 13:21:27.791,-6.452065144869273e-05,-37.78149964585387,
2025-03-10 13:21:27.811,9.786633580929348e-06,-38.66340709905048,
2025-03-10 13:21:27.831,9.327301345460815e-05,-38.95992333156004,
2025-03-10 13:21:27.850,0.0001719937200039,-39.07780258110528,
2025-03-10 13:21:27.870,0.0002315247136015,-39.25870665258854,
2025-03-10 13:21:27.889,0.0002595522117459,-39.57561238122353,
2025-03-10 13:21:27.909,0.0002486528287359,-39.96417180684078,
2025-03-10 13:21:27.928,0.0001986626300941,-40.27795493197763,
2025-03-10 13:21:27.948,0.0001175549387182,-40.35304915939712,
2025-03-10 13:21:27.967,1.9969265236821352e-05,-40.06719526607221,
2025-03-10 13:21:27.987,-7.638664772710566e-05,-39.38111226008921,
2025-03-10 13:21:28.006,-0.0001550496835779,-38.35406453048064,
2025-03-10 13:21:28.026,-0.0002041277665875,-37.131088689514975,
2025-03-10 13:21:28.045,-0.0002177911476428,-35.90475895233792,
2025-03-10 13:21:28.065,-0.000196263157096,-34.859229056834195,
2025-03-10 13:21:28.084,-0.000145118158067,-34.10794716590412,
2025-03-10 13:21:28.104,-7.423703999960801e-05,-33.63833360981236,
2025-03-10 13:21:28.124,3.860662620862881e-06,-33.27635152881365,
2025-03-10 13:21:28.143,7.653470269591144e-05,-32.68103625006666,
2025-03-10 13:21:28.163,0.0001338596652549,-31.37387226148733,
2025-03-10 13:21:28.182,0.0001706166048536,-28.80119958313649,
2025-03-10 13:21:28.202,0.0001865597499029,-24.42094489097204,
2025-03-10 13:21:28.221,0.0001851258197495,-17.79954012961031,
2025-03-10 13:21:28.241,0.0001716281092857,-8.702310591219886,
2025-03-10 13:21:28.260,0.0001519190807757,2.838484687306197,
2025-03-10 13:21:28.280,0.0001316985457165,16.48978770901632,
2025-03-10 13:21:28.299,0.00011597457783,31.62402847155201,
2025-03-10 13:21:28.319,0.0001083034100544,47.36535076175876,
2025-03-10 13:21:28.338,0.0001100999343509,62.6702406275665,
2025-03-10 13:21:28.358,0.0001206694646553,76.43310250735409,
2025-03-10 13:21:28.377,0.0001381525223444,87.60472640556462,
2025-03-10 13:21:28.397,0.0001607117400247,95.30997124495885,
2025-03-10 13:21:28.417,0.0001869371204929,98.95023435580552,
2025-03-10 13:21:28.436,0.000215049178719,98.2767366175704,
2025-03-10 13:21:28.456,0.0002415388081368,93.42301206394494,
2025-03-10 13:21:28.475,0.0002604408682623,84.88976643089018,
2025-03-10 13:21:28.495,0.0002640127744194,73.48224008424458,
2025-03-10 13:21:28.514,0.0002446051496705,60.20817788256179,
2025-03-10 13:21:28.534,0.0001968412587331,46.15159781453736,
2025-03-10 13:21:28.553,0.0001193115403744,32.34191656760997,
2025-03-10 13:21:28.573,1.547804110669126e-05,19.638521601640115,
2025-03-10 13:21:28.592,-0.0001062630382659,8.647541624354062,
2025-03-10 13:21:28.612,-0.00023351303924,-0.3187066953614075,
2025-03-10 13:21:28.631,-0.0003519578997941,-7.236841319862083,
2025-03-10 13:21:28.651,-0.0004483397342409,-12.32695870823284,
2025-03-10 13:21:28.670,-0.0005133932184544,-15.977644363974711,
2025-03-10 13:21:28.690,-0.0005435579333701,-18.65639830406939,
2025-03-10 13:21:28.709,-0.0005407788735684,-20.82157807363181,
2025-03-10 13:21:28.729,-0.0005107424059053,-22.85031206480529,
2025-03-10 13:21:28.749,-0.0004607083796179,-24.992751694815247,
2025-03-10 13:21:28.768,-0.0003980381193233,-27.35730568199133,
2025-03-10 13:21:28.788,-0.0003296650984271,-29.925243074489696,
2025-03-10 13:21:28.807,-0.000261909156853,-32.587490770957785,
2025-03-10 13:21:28.827,-0.0001999597537831,-35.19268485129216,
2025-03-10 13:21:28.846,-0.0001470245386981,-37.59427982981352,
2025-03-10 13:21:28.866,-0.0001037881138462,-39.68591793597787,
2025-03-10 13:21:28.885,-6.875294701301298e-05,-41.417845764423255,
2025-03-10 13:21:28.905,-3.933742505899137e-05,-42.792025641599786,
2025-03-10 13:21:28.924,-1.303409621561206e-05,-43.83864156515111,
2025-03-10 13:21:28.944,1.195226519155475e-05,-44.58094718171114,
2025-03-10 13:21:28.963,3.655896447233288e-05,-44.99807990835305,
2025-03-10 13:21:28.983,6.077188068891315e-05,-44.99609582712658,
2025-03-10 13:21:29.002,8.33586482448638e-05,-44.39592478607548,
2025-03-10 13:21:29.022,0.000101772327943,-42.94345442079275,
2025-03-10 13:21:29.042,0.0001127977655968,-40.34218730223652,
2025-03-10 13:21:29.061,0.0001140237295582,-36.30388055491845,
2025-03-10 13:21:29.081,0.0001054078421953,-30.60841970377791,
2025-03-10 13:21:29.100,8.986974305915536e-05,-23.161883306674262,
2025-03-10 13:21:29.120,7.241110083693001e-05,-14.041832082935564,
2025-03-10 13:21:29.139,5.8274070214123e-05,-3.521174134586902,
2025-03-10 13:21:29.159,5.122751395992616e-05,7.934184386125874,
2025-03-10 13:21:29.178,5.276001158694512e-05,19.694294993470944,
2025-03-10 13:21:29.198,6.215700292523308e-05,31.017142617377672,
2025-03-10 13:21:29.217,7.694210557863524e-05,41.117154672819645,
2025-03-10 13:21:29.237,9.334704099298388e-05,49.24215498537365,
2025-03-10 13:21:29.256,0.0001069609553155,54.75018450928357,
2025-03-10 13:21:29.276,0.0001138264804591,57.17784356090031,
2025-03-10 13:21:29.295,0.0001117885125785,56.29249121674864,
2025-03-10 13:21:29.315,0.0001013602364687,52.12183754780576,
2025-03-10 13:21:29.335,8.54236570381508e-05,44.956517489097386,
2025-03-10 13:21:29.354,6.782882041032392e-05,35.324356680987634,
2025-03-10 13:21:29.374,5.175867539509788e-05,23.93894220636101,
2025-03-10 13:21:29.393,3.883668854165225e-05,11.628950745471789,
2025-03-10 13:21:29.413,2.9281862894543528e-05,-0.7425823723164348,
2025-03-10 13:21:29.432,2.2620112934924857e-05,-12.358965592014624,
2025-03-10 13:21:29.452,1.8263324342944952e-05,-22.5214074997491,
2025-03-10 13:21:29.471,1.572135548468157e-05,-30.70458342183349,
2025-03-10 13:21:29.491,1.471525003168586e-05,-36.59212188899776,
2025-03-10 13:21:29.510,1.545799597985859e-05,-40.090476351424655,
2025-03-10 13:21:29.530,1.8941919239408368e-05,-41.321688638535846,
2025-03-10 13:21:29.549,2.6785078415545743e-05,-40.59709536877735,
2025-03-10 13:21:29.569,4.0444041512462e-05,-38.37524395211906,
2025-03-10 13:21:29.588,6.0192629724122486e-05,-35.20827434903525,
2025-03-10 13:21:29.608,8.458817817380217e-05,-31.681729342266568,
2025-03-10 13:21:29.627,0.0001108202235132,-28.3530361954466,
2025-03-10 13:21:29.647,0.0001356298419044,-25.69368446202998,
2025-03-10 13:21:29.667,0.0001560750324105,-24.039509055220933,
2025-03-10 13:21:29.686,0.0001697027055794,-23.55272120395892,
2025-03-10 13:21:29.706,0.000174376641742,-24.198680918834885,
2025-03-10 13:21:29.725,0.0001683862542088,-25.740004292993845,
2025-03-10 13:21:29.745,0.0001511213494711,-27.750312134233223,
2025-03-10 13:21:29.764,0.0001238921653836,-29.64932594999206,
2025-03-10 13:21:29.784,9.014364057405287e-05,-30.759530066067864,
2025-03-10 13:21:29.803,5.471219175344641e-05,-30.381840182731025,
2025-03-10 13:21:29.823,2.250846818488594e-05,-27.883775105461478,
2025-03-10 13:21:29.842,-2.6298128875636543e-06,-22.789373685228995,
2025-03-10 13:21:29.862,-1.847883182014262e-05,-14.856966120918472,
2025-03-10 13:21:29.881,-2.451241702545882e-05,-4.130405002778491,
2025-03-10 13:21:29.901,-2.1906121355585533e-05,9.04759227474125,
2025-03-10 13:21:29.920,-1.3520448276740338e-05,24.064918112471023,
2025-03-10 13:21:29.940,-3.504277555740876e-06,40.10888083682025,
2025-03-10 13:21:29.960,3.787701013755805e-06,56.26263834173968,
2025-03-10 13:21:29.979,5.306610335857209e-06,71.61176124767255,
2025-03-10 13:21:29.999,4.6984133959370134e-07,85.34155628839186,
2025-03-10 13:21:30.018,-8.728803879549165e-06,96.80824641546742,
2025-03-10 13:21:30.038,-1.8683904040883705e-05,105.57335206913774,
2025-03-10 13:21:30.057,-2.556449160340922e-05,111.39933953045652,
2025-03-10 13:21:30.077,-2.637507489879765e-05,114.21383219552756,
2025-03-10 13:21:30.096,-1.9448419750934725e-05,114.0570197379385,
2025-03-10 13:21:30.116,-4.66104423696969e-06,111.03013333153356,
2025-03-10 13:21:30.135,1.632153323940202e-05,105.26081237093084,
2025-03-10 13:21:30.155,3.99186323883023e-05,96.89437851159992,
2025-03-10 13:21:30.174,6.111229250840841e-05,86.11063533237567,
2025-03-10 13:21:30.194,7.474320154685891e-05,73.15692634853913,
2025-03-10 13:21:30.213,7.713808087121687e-05,58.38265020866627,
2025-03-10 13:21:30.233,6.714952287665517e-05,42.259783289907446,
2025-03-10 13:21:30.252,4.6022889161670135e-05,25.378000226930894,
2025-03-10 13:21:30.272,1.6354906405036893e-05,8.410098058392666,
2025-03-10 13:21:30.292,-1.899947436287689e-05,-7.948640203428358,
2025-03-10 13:21:30.311,-5.740440165713506e-05,-23.056858129431365,
2025-03-10 13:21:30.331,-9.635843094195832e-05,-36.40505819465704,
2025-03-10 13:21:30.350,-0.0001334002509827,-47.68003102822819,
2025-03-10 13:21:30.370,-0.0001663552708671,-56.80299432217137,
2025-03-10 13:21:30.389,-0.0001936752104697,-63.9332145139201,
2025-03-10 13:21:30.409,-0.0002143713632826,-69.43483777429188,
2025-03-10 13:21:30.428,-0.0002274674416513,-73.8109569521378,
2025-03-10 13:21:30.448,-0.0002315286546666,-77.6145490262592,
2025-03-10 13:21:30.467,-0.0002249195766998,-81.34995069949646,
2025-03-10 13:21:30.487,-0.0002068254832873,-85.38041421854834,
2025-03-10 13:21:30.506,-0.0001783230689598,-89.85677990563305,
2025-03-10 13:21:30.526,-0.000142648211964,-94.67950955362016,
2025-03-10 13:21:30.545,-0.0001044375110227,-99.50154906479824,
2025-03-10 13:21:30.565,-6.852949061871087e-05,-103.7731942900036,
2025-03-10 13:21:30.585,-3.913552703767551e-05,-106.82302443361344,
2025-03-10 13:21:30.604,-1.965382073001131e-05,-107.96211466517772,
2025-03-10 13:21:30.624,-1.270262299122327e-05,-106.5935795250982,
2025-03-10 13:21:30.643,-1.983045751153612e-05,-102.30755154513272,
2025-03-10 13:21:30.663,-4.090892830115218e-05,-94.94404897656972,
2025-03-10 13:21:30.682,-7.378212853303436e-05,-84.61289749383509,
2025-03-10 13:21:30.702,-0.0001146617073609,-71.66959554700294,
2025-03-10 13:21:30.721,-0.0001590671864899,-56.65608287253458,
2025-03-10 13:21:30.741,-0.0002025724020534,-40.2226099587775,
2025-03-10 13:21:30.760,-0.0002408670818594,-23.04900467799453,
2025-03-10 13:21:30.780,-0.0002694559821172,-5.780313822786791,
2025-03-10 13:21:30.799,-0.00028382648847,11.015101499297728,
2025-03-10 13:21:30.819,-0.0002805349401797,26.8645120435138,
2025-03-10 13:21:30.838,-0.0002587278981282,41.39194298704911,
2025-03-10 13:21:30.858,-0.0002210465436817,54.30891278718491,
2025-03-10 13:21:30.878,-0.0001732216078295,65.4013078684434,
2025-03-10 13:21:30.897,-0.0001225992330477,74.5161676263439,
2025-03-10 13:21:30.917,-7.64673529157717e-05,81.54957788876675,
2025-03-10 13:21:30.936,-4.086929199382685e-05,86.43596978497797,
2025-03-10 13:21:30.956,-1.9921977948779592e-05,89.13999872907574,
2025-03-10 13:21:30.975,-1.5256121985538008e-05,89.65353884397695,
2025-03-10 13:21:30.995,-2.5447019415809508e-05,88.00049963633644,
2025-03-10 13:21:31.014,-4.584758749486841e-05,84.25032222198121,
2025-03-10 13:21:31.034,-6.937706001077496e-05,78.53764961829076,
2025-03-10 13:21:31.053,-8.828578033424081e-05,71.08224606533767,
2025-03-10 13:21:31.073,-9.617582139912952e-05,62.2013352299991,
2025-03-10 13:21:31.092,-8.934365435601206e-05,52.30708254672261,
2025-03-10 13:21:31.112,-6.705019502577792e-05,41.88495814157223,
2025-03-10 13:21:31.131,-3.10889611722809e-05,31.45334928855091,
2025-03-10 13:21:31.151,1.472076670869883e-05,21.50975433649641,
2025-03-10 13:21:31.170,6.492657407277346e-05,12.472835316237,
2025-03-10 13:21:31.190,0.0001131050761184,4.631467169943573,
2025-03-10 13:21:31.210,0.0001531856931937,-1.888810604891134,
2025-03-10 13:21:31.229,0.0001811973627275,-7.134663971251193,
2025-03-10 13:21:31.249,0.0001965759706399,-11.306595059421705,
2025-03-10 13:21:31.268,0.000202244712822,-14.715930687465615,
2025-03-10 13:21:31.288,0.0002034536806859,-17.724234886582448,
2025-03-10 13:21:31.307,0.000206127349014,-20.67513712340692,
2025-03-10 13:21:31.327,0.0002155258443033,-23.829535586887943,
2025-03-10 13:21:31.346,0.0002354233268232,-27.31421351199385,
2025-03-10 13:21:31.366,0.0002674580524091,-31.09154582163037,
2025-03-10 13:21:31.385,0.0003104081090648,-34.95478030398706,
2025-03-10 13:21:31.405,0.0003597292587234,-38.54987065628096,
2025-03-10 13:21:31.424,0.0004080364996818,-41.42131439475308,
2025-03-10 13:21:31.444,0.0004468429772443,-43.07604729285373,
2025-03-10 13:21:31.463,0.0004690601833642,-43.05638352297825,
2025-03-10 13:21:31.483,0.0004712391760779,-41.01077813477127,
2025-03-10 13:21:31.503,0.0004547472566571,-36.75062198835418,
2025-03-10 13:21:31.522,0.0004257714554631,-30.283101789151964,
2025-03-10 13:21:31.542,0.0003945290823557,-21.81451837965734,
2025-03-10 13:21:31.561,0.0003739495925114,-11.724499427274486,
2025-03-10 13:21:31.581,0.000377682952117,-0.5175277680115278,
2025-03-10 13:21:31.600,0.000417241354652,11.23770327626669,
2025-03-10 13:21:31.620,0.0004986394677991,22.969347443429243,
2025-03-10 13:21:31.639,0.0006195941373914,34.15341662464,
2025-03-10 13:21:31.659,0.0007684585557462,44.34720604474576,
2025-03-10 13:21:31.678,0.0009253823494816,53.20142760021818,
2025-03-10 13:21:31.698,0.0010652423409504,60.45184324784938,
2025-03-10 13:21:31.717,0.0011614230547993,65.8960296139002,
2025-03-10 13:21:31.737,0.0011897425112879,69.36510184952003,
2025-03-10 13:21:31.756,0.0011322290147917,70.70222030757334,
2025-03-10 13:21:31.776,0.0009804782941301,69.75816919844277,
2025-03-10 13:21:31.796,0.0007379554335641,66.40906404525221,
2025-03-10 13:21:31.815,0.0004204194766179,60.59369841313745,
2025-03-10 13:21:31.835,5.408779001571554e-05,52.360688837973065,
2025-03-10 13:21:31.854,-0.0003280112255613,41.91102742445101,
2025-03-10 13:21:31.874,-0.0006905088355943,29.62152253555418,
2025-03-10 13:21:31.893,-0.0010001583693732,16.038907052081488,
2025-03-10 13:21:31.913,-0.0012300206002788,1.8416222663667683,
2025-03-10 13:21:31.932,-0.0013633802606684,-12.2258324854558,
2025-03-10 13:21:31.952,-0.0013969987739867,-25.43469948467525,
2025-03-10 13:21:31.971,-0.0013425995892471,-37.15513709598759,
2025-03-10 13:21:31.991,-0.0012253288201247,-46.92597357788304,
2025-03-10 13:21:32.010,-0.0010788230648688,-54.499444829050326,
2025-03-10 13:21:32.030,-0.0009380115328097,-59.85474485672837,
2025-03-10 13:21:32.049,-0.0008318704294,-63.18035493929743,
2025-03-10 13:21:32.069,-0.0007783017170467,-64.83041546828922,
2025-03-10 13:21:32.088,-0.0007822307794083,-65.26376057173857,
2025-03-10 13:21:32.108,-0.0008367092741212,-64.97527395357834,
2025-03-10 13:21:32.128,-0.0009260599738661,-64.42829951304707,
2025-03-10 13:21:32.147,-0.0010300410337673,-63.99480828989463,
2025-03-10 13:21:32.167,-0.0011281799096414,-63.9078718672362,
2025-03-10 13:21:32.186,-0.0012034450500462,-64.2294654245622,
2025-03-10 13:21:32.206,-0.0012444102800226,-64.83596699159592,
2025-03-10 13:21:32.225,-0.0012453966109627,-65.42361802076103,
2025-03-10 13:21:32.245,-0.0012048157947899,-65.53592983525182,
2025-03-10 13:21:32.264,-0.0011226912667975,-64.61372395873559,
2025-03-10 13:21:32.284,-0.0009986036279894,-62.06565629787506,
2025-03-10 13:21:32.303,-0.0008309580801363,-57.35285691407425,
2025-03-10 13:21:32.323,-0.0006178052294943,-50.07672719192527,
2025-03-10 13:21:32.342,-0.0003589196861233,-40.05562162071092,
2025-03-10 13:21:32.362,-5.863659121987244e-05,-27.375780550594804,
2025-03-10 13:21:32.381,0.0002711772174305,-12.405373831541503,
2025-03-10 13:21:32.401,0.00060901512427,4.232611450087005,
2025-03-10 13:21:32.421,0.0009239772118399,21.724488872934643,
2025-03-10 13:21:32.440,0.0011797729947586,39.15538858183128,
2025-03-10 13:21:32.460,0.0013425942263372,55.60820973708006,
2025-03-10 13:21:32.479,0.0013908190664211,70.25575240107479,
2025-03-10 13:21:32.499,0.001322869446217,82.43305422736086,
2025-03-10 13:21:32.518,0.0011598005008993,91.68229518806622,
2025-03-10 13:21:32.538,0.0009414002360967,97.76822630050088,
2025-03-10 13:21:32.557,0.0007172641241062,100.6665800189516,
2025-03-10 13:21:32.577,0.0005358608783308,100.53081728852564,
2025-03-10 13:21:32.596,0.0004345561456044,97.64411251877236,
2025-03-10 13:21:32.616,0.0004325940296104,92.36430909023328,
2025-03-10 13:21:32.635,0.0005280417213779,85.0702086365045,
2025-03-10 13:21:32.655,0.0006990098588959,76.11793401213905,
2025-03-10 13:21:32.674,0.0009088295489773,65.81545046394281,
2025-03-10 13:21:32.694,0.0011140422964993,54.42054702478442,
2025-03-10 13:21:32.713,0.0012732521013085,42.16221029273528,
2025-03-10 13:21:32.733,0.0013546679419455,29.278375580601523,
2025-03-10 13:21:32.753,0.0013408531596149,16.05688212371808,
2025-03-10 13:21:32.772,0.001230385747757,2.8637021844719546,
2025-03-10 13:21:32.792,0.0010369424084285,-9.855266983649832,
2025-03-10 13:21:32.811,0.0007863071196781,-21.605526067763545,
2025-03-10 13:21:32.831,0.0005114814008111,-31.9051231800552,
2025-03-10 13:21:32.850,0.0002462898401568,-40.36250017510806,
2025-03-10 13:21:32.870,1.872854619752872e-05,-46.75145771255727,
2025-03-10 13:21:32.889,-0.0001540735513395,-51.062846819690456,
2025-03-10 13:21:32.909,-0.0002678553406495,-53.51765435684936,
2025-03-10 13:21:32.928,-0.0003300922145103,-54.535295085291935,
2025-03-10 13:21:32.948,-0.0003568559594582,-54.66130953448322,
2025-03-10 13:21:32.967,-0.0003690605415859,-54.46760838787095,
2025-03-10 13:21:32.987,-0.000388842581751,-54.444098716276415,
2025-03-10 13:21:33.006,-0.0004360441371166,-54.90220488647369,
2025-03-10 13:21:33.026,-0.0005246492408047,-55.90856057962376,
2025-03-10 13:21:33.046,-0.0006596184036823,-57.26170747341993,
2025-03-10 13:21:33.065,-0.0008351248939942,-58.51703556272477,
2025-03-10 13:21:33.085,-0.0010350248197606,-59.0566494199044,
2025-03-10 13:21:33.104,-0.0012355762644026,-58.192667129056574,
2025-03-10 13:21:33.124,-0.0014096231310538,-55.286051864284445,
2025-03-10 13:21:33.143,-0.0015311650689475,-49.85976786306145,
2025-03-10 13:21:33.163,-0.0015794297916873,-41.68580921886273,
2025-03-10 13:21:33.182,-0.0015419364292568,-30.830688551334497,
2025-03-10 13:21:33.202,-0.0014162723369493,-17.652451477005897,
2025-03-10 13:21:33.221,-0.0012103278904906,-2.752316890920239,
2025-03-10 13:21:33.241,-0.0009408230041958,13.106832956628374,
2025-03-10 13:21:33.260,-0.0006304295073586,29.09695733888451,
2025-03-10 13:21:33.280,-0.0003044628432234,44.41683931575404,
2025-03-10 13:21:33.299,1.1702506633586118e-05,58.36332526575854,
2025-03-10 13:21:33.319,0.0002940755447667,70.37242811793894,
2025-03-10 13:21:33.339,0.0005210489968337,80.02930626231536,
2025-03-10 13:21:33.358,0.0006750576038813,87.0538998115322,
2025-03-10 13:21:33.378,0.0007452213305601,91.27420388301776,
2025-03-10 13:21:33.397,0.0007300699522414,92.60056015705032,
2025-03-10 13:21:33.417,0.0006388811873514,91.01172485046438,
2025-03-10 13:21:33.436,0.0004907145024847,86.55770749749192,
2025-03-10 13:21:33.456,0.0003113541402687,79.3773245784515,
2025-03-10 13:21:33.475,0.0001291540451986,69.72238413990192,
2025-03-10 13:21:33.495,-2.9248088024827534e-05,57.97733985629833,
2025-03-10 13:21:33.514,-0.0001428011401481,44.66386751958041,
2025-03-10 13:21:33.534,-0.0001990563885933,30.423435857835617,
2025-03-10 13:21:33.553,-0.0001955971209088,15.976034116172473,
2025-03-10 13:21:33.573,-0.0001391136630527,2.0583927815801566,
2025-03-10 13:21:33.592,-4.21011135232557e-05,-10.650433637440848,
2025-03-10 13:21:33.612,8.165662588106299e-05,-21.60474977951143,
2025-03-10 13:21:33.631,0.0002209460320149,-30.455959519319592,
2025-03-10 13:21:33.651,0.0003688409085297,-37.09189019235543,
2025-03-10 13:21:33.671,0.0005220195317952,-41.643055261445895,
2025-03-10 13:21:33.690,0.0006786045154007,-44.45355997984982,
2025-03-10 13:21:33.710,0.0008358299402165,-46.02153309531423,
2025-03-10 13:21:33.729,0.0009884351555406,-46.91983962875191,
2025-03-10 13:21:33.749,0.0011281000488447,-47.710754073503175,
2025-03-10 13:21:33.768,0.001243953032399,-48.86774678483484,
2025-03-10 13:21:33.788,0.0013241175556574,-50.714286073413184,
2025-03-10 13:21:33.807,0.001358045603871,-53.38510918313471,
2025-03-10 13:21:33.827,0.0013389150032829,-56.811370763033736,
2025-03-10 13:21:33.846,0.0012650059980795,-60.72846241272747,
2025-03-10 13:21:33.866,0.0011392427676693,-64.70423745443607,
2025-03-10 13:21:33.885,0.0009671165562444,-68.18519571904632,
2025-03-10 13:21:33.905,0.0007543963404975,-70.55782521962271,
2025-03-10 13:21:33.924,0.0005063673926987,-71.22089734802208,
2025-03-10 13:21:33.944,0.0002293195519205,-69.66193436193026,
2025-03-10 13:21:33.964,-6.670210768731764e-05,-65.52813897480378,
2025-03-10 13:21:33.983,-0.0003659230878897,-58.68031417615651,
2025-03-10 13:21:34.003,-0.0006472644012848,-49.21919036573511,
2025-03-10 13:21:34.022,-0.000887338635802,-37.47774200568815,
2025-03-10 13:21:34.042,-0.0010648846103034,-23.979830083592187,
2025-03-10 13:21:34.061,-0.0011651663171994,-9.37301463814624,
2025-03-10 13:21:34.081,-0.0011833109114803,5.650654000107881,
2025-03-10 13:21:34.100,-0.0011260359373365,20.429533119017595,
2025-03-10 13:21:34.120,-0.0010113038689303,34.38839322826065,
2025-03-10 13:21:34.139,-0.0008655015665537,47.0665083446942,
2025-03-10 13:21:34.159,-0.0007183243489875,58.11661915532559,
2025-03-10 13:21:34.178,-0.0005965671097586,67.28148221458608,
2025-03-10 13:21:34.198,-0.0005187229433346,74.36061820676713,
2025-03-10 13:21:34.217,-0.0004919804299981,79.18211532905644,
2025-03-10 13:21:34.237,-0.0005120472199573,81.59218620461644,
2025-03-10 13:21:34.257,-0.0005651209202873,81.4690155449746,
2025-03-10 13:21:34.276,-0.0006310480971802,78.75887026414978,
2025-03-10 13:21:34.296,-0.0006871304096575,73.52399985835919,
2025-03-10 13:21:34.315,-0.0007123659113372,65.98628447361111,
2025-03-10 13:21:34.335,-0.0006916297335225,56.54989506382116,
2025-03-10 13:21:34.354,-0.0006187175264681,45.79084408709488,
2025-03-10 13:21:34.374,-0.0004971031497061,34.409851550870094,
2025-03-10 13:21:34.393,-0.0003381169299113,23.1547630131996,
2025-03-10 13:21:34.413,-0.000157547126321,12.726875552252938,
2025-03-10 13:21:34.432,2.761965810650424e-05,3.6897327296543527,
2025-03-10 13:21:34.452,0.0002011009212445,-3.6016071137070425,
2025-03-10 13:21:34.471,0.0003479450339726,-9.037560459442536,
2025-03-10 13:21:34.491,0.0004549487988574,-12.751338126102771,
2025-03-10 13:21:34.510,0.0005117986110981,-15.078676276952102,
2025-03-10 13:21:34.530,0.0005128445900215,-16.488955465740528,
2025-03-10 13:21:34.549,0.0004585182685039,-17.50114494053203,
2025-03-10 13:21:34.569,0.0003554729199762,-18.599362113864117,
2025-03-10 13:21:34.589,0.0002154268616735,-20.16115536796137,
2025-03-10 13:21:34.608,5.345467233339152e-05,-22.407682361673047,
2025-03-10 13:21:34.628,-0.0001136504164905,-25.38000776552297,
2025-03-10 13:21:34.647,-0.0002690074107475,-28.94108954145084,
2025-03-10 13:21:34.667,-0.0003976113064249,-32.79963382991763,
2025-03-10 13:21:34.686,-0.0004884245710985,-36.55027247393652,
2025-03-10 13:21:34.706,-0.0005357105275393,-39.72424783962804,
2025-03-10 13:21:34.725,-0.00053883461271,-41.84532150361607,
2025-03-10 13:21:34.745,-0.0005007160729436,-42.48614987466224,
2025-03-10 13:21:34.764,-0.0004260390545417,-41.32032254925357,
2025-03-10 13:21:34.784,-0.0003203602196098,-38.16464863961298,
2025-03-10 13:21:34.803,-0.0001903522717718,-33.00577394253796,
2025-03-10 13:21:34.823,-4.439640812528725e-05,-26.00584702389918,
2025-03-10 13:21:34.842,0.0001075499631693,-17.484506634552783,
2025-03-10 13:21:34.862,0.0002552482106023,-7.878865428134194,
2025-03-10 13:21:34.882,0.0003901130482217,2.311719163049669,
2025-03-10 13:21:34.901,0.0005067796945702,12.585260848098088,
2025-03-10 13:21:34.921,0.000603599211245,22.488971434815053,
2025-03-10 13:21:34.940,0.0006820490048555,31.653102006984746,
2025-03-10 13:21:34.960,0.0007454807427786,39.80136735189663,
2025-03-10 13:21:34.979,0.0007975755833099,46.73870215907897,
2025-03-10 13:21:34.999,0.0008406844809131,52.32304299977792,
2025-03-10 13:21:35.018,0.0008743348157509,56.43203381250134,
2025-03-10 13:21:35.038,0.0008945282920486,58.93688405962462,
2025-03-10 13:21:35.057,0.0008945147889722,59.69353046929021,
2025-03-10 13:21:35.077,0.0008671336862673,58.55607599408528,
2025-03-10 13:21:35.096,0.0008078587039317,55.41050048034767,
2025-03-10 13:21:35.116,0.0007171172182914,50.21991498470523,
2025-03-10 13:21:35.135,0.0006008038297494,43.0683228955098,
2025-03-10 13:21:35.155,0.0004689526966922,34.18937280239675,
2025-03-10 13:21:35.174,0.0003334605442378,23.970049346907576,
2025-03-10 13:21:35.194,0.0002058801182864,12.92545699539866,
2025-03-10 13:21:35.214,9.572401492968964e-05,1.6478546410586334,
2025-03-10 13:21:35.233,9.161083985200792e-06,-9.26105631881933,
2025-03-10 13:21:35.253,-5.19816823988299e-05,-19.26223132574692,
2025-03-10 13:21:35.272,-9.056059396615332e-05,-27.942984005101508,
2025-03-10 13:21:35.292,-0.0001132761149679,-35.06165296105801,
2025-03-10 13:21:35.311,-0.0001286088726303,-40.56647441780444,
2025-03-10 13:21:35.331,-0.0001442606025097,-44.5865104831052,
2025-03-10 13:21:35.350,-0.000165156958269,-47.39693203580002,
2025-03-10 13:21:35.370,-0.0001926347249391,-49.36457266106338,
2025-03-10 13:21:35.389,-0.0002246901962812,-50.882042694224,
2025-03-10 13:21:35.409,-0.0002567994222813,-52.29969114862942,
2025-03-10 13:21:35.428,-0.0002830255001852,-53.86448235325744,
2025-03-10 13:21:35.448,-0.0002974636424496,-55.67375847221761,
2025-03-10 13:21:35.467,-0.0002960191401168,-57.650230964612064,
2025-03-10 13:21:35.487,-0.0002780562688927,-59.54252302387359,
2025-03-10 13:21:35.507,-0.00024710758472,-60.95303938359852,
2025-03-10 13:21:35.526,-0.0002100563423263,-61.39162021712578,
2025-03-10 13:21:35.546,-0.0001749239078365,-60.3493135035144,
2025-03-10 13:21:35.565,-0.0001480869626669,-57.38219433143523,
2025-03-10 13:21:35.585,-0.0001319573819725,-52.19159820582623,
2025-03-10 13:21:35.604,-0.0001238643869664,-44.685824192677885,
2025-03-10 13:21:35.624,-0.0001164274439048,-35.01037179164074,
2025-03-10 13:21:35.643,-9.940374113538464e-05,-23.539237190526784,
2025-03-10 13:21:35.663,-6.281186035814351e-05,-10.82766332539909,
2025-03-10 13:21:35.682,-8.252336872309065e-07,2.4649384260865883,
2025-03-10 13:21:35.702,8.460116904812829e-05,15.666584260915592,
2025-03-10 13:21:35.721,0.0001818459138814,28.180352824303714,
2025-03-10 13:21:35.741,0.0002707515289632,39.55058913142537,
2025-03-10 13:21:35.760,0.0003269660998011,49.495126274154615,
2025-03-10 13:21:35.780,0.0003282182519599,57.89869220528589,
2025-03-10 13:21:35.800,0.0002603296596733,64.7715193773887,
2025-03-10 13:21:35.819,0.0001210420117103,70.18523923220134,
2025-03-10 13:21:35.839,-7.907922124855064e-05,74.2035747447672,
2025-03-10 13:21:35.858,-0.0003182661286,76.82671790973818,
2025-03-10 13:21:35.878,-0.0005669509860107,77.96496936077472,
2025-03-10 13:21:35.897,-0.0007924855227166,77.44971840859078,
2025-03-10 13:21:35.917,-0.000964832170261,75.07986602008187,
2025-03-10 13:21:35.936,-0.0010623981192978,70.69196927182463,
2025-03-10 13:21:35.956,-0.0010765271213969,64.23551860725802,
2025-03-10 13:21:35.975,-0.001013163098344,55.83287395785861,
2025-03-10 13:21:35.995,-0.0008911483524053,45.80698426168736,
2025-03-10 13:21:36.014,-0.0007379298048683,34.66792172775633,
2025-03-10 13:21:36.034,-0.0005841974557495,23.05912107932205,
2025-03-10 13:21:36.053,-0.0004587773485734,11.67336129652514,
2025-03-10 13:21:36.073,-0.0003843925486745,1.1548423148426838,
2025-03-10 13:21:36.092,-0.000374443220331,-7.993877838218266,
2025-03-10 13:21:36.112,-0.0004310280620014,-15.482782256850664,
2025-03-10 13:21:36.132,-0.000544643284357,-21.270353138468906,
2025-03-10 13:21:36.151,-0.0006958028020887,-25.55822373473851,
2025-03-10 13:21:36.171,-0.0008581909779934,-28.74524135026084,
2025-03-10 13:21:36.190,-0.0010024465200868,-31.348313670120195,
2025-03-10 13:21:36.210,-0.0010998000588251,-33.902734252012614,
2025-03-10 13:21:36.229,-0.0011253968690071,-36.85800921577805,
2025-03-10 13:21:36.249,-0.0010615288676945,-40.48615171571621,
2025-03-10 13:21:36.268,-0.0009006822861027,-44.81788201672755,
2025-03-10 13:21:36.288,-0.0006475723829626,-49.61834814799728,
2025-03-10 13:21:36.307,-0.0003190266060716,-54.40828374387673,
2025-03-10 13:21:36.327,5.8774160404831816e-05,-58.52957348155984,
2025-03-10 13:21:36.346,0.0004549621021534,-61.24681499915381,
2025-03-10 13:21:36.366,0.0008389981165506,-61.86965011940071,
2025-03-10 13:21:36.385,0.0011846684636879,-59.87559587022926,
2025-03-10 13:21:36.405,0.0014725721275124,-55.01116414414504,
2025-03-10 13:21:36.425,0.0016913122905962,-47.35131259625672,
2025-03-10 13:21:36.444,0.0018376514201748,-37.30401453153731,
2025-03-10 13:21:36.464,0.0019155863608614,-25.557018384388392,
2025-03-10 13:21:36.483,0.0019342870489966,-12.975524265372114,
2025-03-10 13:21:36.503,0.0019053282504133,-0.4697732832612712,
2025-03-10 13:21:36.522,0.001840162398564,11.142051228953852,
2025-03-10 13:21:36.542,0.0017487001081442,21.24914024724506,
2025-03-10 13:21:36.561,0.0016390964833483,29.519558262557126,
2025-03-10 13:21:36.581,0.0015180174818988,35.91485040257942,
2025-03-10 13:21:36.600,0.0013905428696333,40.64637025342751,
2025-03-10 13:21:36.620,0.0012595554142377,44.08407734495442,
2025-03-10 13:21:36.639,0.0011252712040059,46.63868968489695,
2025-03-10 13:21:36.659,0.0009856776943289,48.64397506199667,
2025-03-10 13:21:36.678,0.000837961534135,50.26606928214866,
2025-03-10 13:21:36.698,0.0006802091196057,51.46061869897007,
2025-03-10 13:21:36.718,0.0005125169286518,51.98732960316184,
2025-03-10 13:21:36.737,0.0003372391407408,51.477690266203645,
2025-03-10 13:21:36.757,0.0001587616711009,49.53867557418429,
2025-03-10 13:21:36.776,-1.6754191189622743e-05,45.86659372393953,
2025-03-10 13:21:36.796,-0.0001817231718696,40.34321047301594,
2025-03-10 13:21:36.815,-0.0003280340191291,33.091294236612114,
2025-03-10 13:21:36.835,-0.000448680718152,24.47714177791922,
2025-03-10 13:21:36.854,-0.0005396092984538,15.06044478420458,
2025-03-10 13:21:36.874,-0.0006008386894938,5.503684739376313,
2025-03-10 13:21:36.893,-0.0006362308042995,-3.53857877526454,
2025-03-10 13:21:36.913,-0.0006520869593813,-11.52705462680559,
2025-03-10 13:21:36.932,-0.0006553442632245,-18.12029662095165,
2025-03-10 13:21:36.952,-0.0006520935715723,-23.217380723602705,
2025-03-10 13:21:36.971,-0.0006466451883545,-26.95436607604902,
2025-03-10 13:21:36.991,-0.0006410081128452,-29.657568625592923,
2025-03-10 13:21:37.010,-0.0006347410730886,-31.764618314358277,
2025-03-10 13:21:37.030,-0.0006254322158706,-33.72934151659098,
2025-03-10 13:21:37.050,-0.0006100525817353,-35.92803118174307,
2025-03-10 13:21:37.069,-0.0005868943074299,-38.58285102332071,
2025-03-10 13:21:37.089,-0.000557156991264,-41.71389083316626,
2025-03-10 13:21:37.108,-0.0005251855178347,-45.12599692719933,
2025-03-10 13:21:37.128,-0.0004971311952711,-48.43109975252074,
2025-03-10 13:21:37.147,-0.0004788329045936,-51.10209437621539,
2025-03-10 13:21:37.167,-0.0004741240431108,-52.55061094989399,
2025-03-10 13:21:37.186,-0.0004842558714549,-52.21807499261536,
2025-03-10 13:21:37.206,-0.0005082343697671,-49.66717315600479,
2025-03-10 13:21:37.225,-0.0005434194416123,-44.659539072703495,
2025-03-10 13:21:37.245,-0.0005860117186849,-37.20599345461329,
2025-03-10 13:21:37.264,-0.0006315708226327,-27.578902651952703,
2025-03-10 13:21:37.284,-0.00067580020956,-16.282406158366996,
2025-03-10 13:21:37.303,-0.0007153844102936,-3.984526559504257,
2025-03-10 13:21:37.323,-0.000748239836794,8.576423532808835,
2025-03-10 13:21:37.343,-0.0007727489675882,20.69256663055989,
2025-03-10 13:21:37.362,-0.0007863470559456,31.773798802348185,
2025-03-10 13:21:37.382,-0.0007845235853225,41.40430703721477,
2025-03-10 13:21:37.401,-0.000761201972613,49.35832766884569,
2025-03-10 13:21:37.421,-0.0007105622545055,55.575240276203296,
2025-03-10 13:21:37.440,-0.0006293884364588,60.10407686403096,
2025-03-10 13:21:37.460,-0.0005187545697907,63.03485460990235,
2025-03-10 13:21:37.479,-0.0003844439490191,64.43682072307313,
2025-03-10 13:21:37.499,-0.000236286331321,64.32090637143625,
2025-03-10 13:21:37.518,-8.688300249769251e-05,62.63611607365104,
2025-03-10 13:21:37.538,5.007808155780405e-05,59.29938735076369,
2025-03-10 13:21:37.557,0.0001619549834485,54.24867811650793,
2025-03-10 13:21:37.577,0.0002395245924708,47.50258879471045,
2025-03-10 13:21:37.596,0.0002788789585146,39.20847158813234,
2025-03-10 13:21:37.616,0.0002820136702273,29.6647669420696,
2025-03-10 13:21:37.635,0.0002558886871959,19.31068134999031,
2025-03-10 13:21:37.655,0.0002106433651012,8.684842634123294,
2025-03-10 13:21:37.675,0.0001580165999951,-1.6381544784008788,
2025-03-10 13:21:37.694,0.0001104978947935,-11.12000265208294,
2025-03-10 13:21:37.714,8.081613291034867e-05,-19.32550932206068,
2025-03-10 13:21:37.733,8.09499511362458e-05,-25.972018155741093,
2025-03-10 13:21:37.753,0.0001203094999034,-30.953933216608693,
2025-03-10 13:21:37.772,0.0002035888398484,-34.34035157389562,
2025-03-10 13:21:37.792,0.0003291612968249,-36.349024662140295,
2025-03-10 13:21:37.811,0.0004884938211616,-37.30367295825496,
2025-03-10 13:21:37.831,0.0006664362919169,-37.58334841226989,
2025-03-10 13:21:37.850,0.0008421282745186,-37.57195533515972,
2025-03-10 13:21:37.870,0.0009907455695007,-37.61374299582109,
2025-03-10 13:21:37.889,0.0010867063242139,-37.97759854125412,
2025-03-10 13:21:37.909,0.0011085549459343,-38.83044296781427,
2025-03-10 13:21:37.928,0.0010445990527508,-40.21881383418847,
2025-03-10 13:21:37.948,0.0008973619329179,-42.05806068206208,
2025-03-10 13:21:37.968,0.000684918822102,-44.130070006130126,
2025-03-10 13:21:37.987,0.0004382903866137,-46.0921460639215,
2025-03-10 13:21:38.007,0.0001955138454805,-47.50047395889297,
2025-03-10 13:21:38.026,-6.0475589030512514e-06,-47.85057835238403,
2025-03-10 13:21:38.046,-0.0001373837529614,-46.63410722047869,
2025-03-10 13:21:38.065,-0.0001838701409505,-43.40676335306002,
2025-03-10 13:21:38.085,-0.0001481890278201,-37.85775169387998,
2025-03-10 13:21:38.104,-4.909198737835719e-05,-29.8685143703021,
2025-03-10 13:21:38.124,8.399542804778085e-05,-19.549140730683742,
2025-03-10 13:21:38.143,0.0002189961095336,-7.244856671346016,
2025-03-10 13:21:38.163,0.0003291307784801,6.4887643882723065,
2025-03-10 13:21:38.182,0.0003981465834835,20.93683725097185,
2025-03-10 13:21:38.202,0.0004215564039318,35.29291287712866,
2025-03-10 13:21:38.221,0.0004044919785773,48.73244114883369,
2025-03-10 13:21:38.241,0.0003579587308527,60.4824334514913,
2025-03-10 13:21:38.261,0.0002951809938027,69.88110540110348,
2025-03-10 13:21:38.280,0.0002287873529694,76.42480612821745,
2025-03-10 13:21:38.300,0.0001688056681811,79.80192820203955,
2025-03-10 13:21:38.319,0.0001213753658043,79.91408673091341,
2025-03-10 13:21:38.339,8.84018382684438e-05,76.88392457428526,
2025-03-10 13:21:38.358,6.838317616639056e-05,71.04748325208524,
2025-03-10 13:21:38.378,5.812910052126435e-05,62.92849974092987,
2025-03-10 13:21:38.397,5.453175931655744e-05,53.19319614895098,
2025-03-10 13:21:38.417,5.553509283174708e-05,42.58718968232802,
2025-03-10 13:21:38.436,6.008275235172778e-05,31.860191900262716,
2025-03-10 13:21:38.456,6.756362437126128e-05,21.687799868860484,
2025-03-10 13:21:38.475,7.74378056737478e-05,12.601639040251207,
2025-03-10 13:21:38.495,8.91979554622252e-05,4.93873198936708,
2025-03-10 13:21:38.514,0.0001022101724975,-1.1817112188620529,
2025-03-10 13:21:38.534,0.0001149901457924,-5.850283175425922,
2025-03-10 13:21:38.553,0.0001241358637328,-9.32964340719335,
2025-03-10 13:21:38.573,0.0001237576357355,-11.993810859882142,
2025-03-10 13:21:38.593,0.0001061283375196,-14.255491554372345,
2025-03-10 13:21:38.612,6.347902028368668e-05,-16.494747416933457,
2025-03-10 13:21:38.632,-9.868994285723038e-06,-19.00194705497249,
2025-03-10 13:21:38.651,-0.0001158717309315,-21.94471538654485,
2025-03-10 13:21:38.671,-0.000251894951969,-25.36305208295081,
2025-03-10 13:21:38.690,-0.0004103893299259,-29.19017708209033,
2025-03-10 13:21:38.710,-0.0005789750924893,-33.29066582364235,
2025-03-10 13:21:38.729,-0.0007412614063419,-37.50365671114903,
2025-03-10 13:21:38.749,-0.0008788949263639,-41.67837012797983,
2025-03-10 13:21:38.768,-0.0009748117904241,-45.69202382703754,
2025-03-10 13:21:38.788,-0.0010167939663662,-49.4457339489542,
2025-03-10 13:21:38.807,-0.001000005884943,-52.8407588591404,
2025-03-10 13:21:38.827,-0.0009276691121422,-55.743747932618845,
2025-03-10 13:21:38.846,-0.0008100244256304,-57.953817336972655,
2025-03-10 13:21:38.866,-0.0006623615879849,-59.18503553330716,
2025-03-10 13:21:38.886,-0.0005027282062898,-59.074787618152975,
2025-03-10 13:21:38.905,-0.0003493821824412,-57.22204170041287,
2025-03-10 13:21:38.925,-0.0002178946751024,-53.25132965031805,
2025-03-10 13:21:38.944,-0.0001183057713145,-46.89054791311144,
2025-03-10 13:21:38.964,-5.336060897673697e-05,-38.04579775149868,
2025-03-10 13:21:38.983,-1.881945705737022e-05,-26.855981808118564,
2025-03-10 13:21:39.003,-5.9085600110514746e-06,-13.71395710626222,
2025-03-10 13:21:39.022,-4.813020563561611e-06,0.751554681200762,
2025-03-10 13:21:39.042,-7.653921638208559e-06,15.730642092848573,
2025-03-10 13:21:39.061,-9.939135662131882e-06,30.313699879797667,
2025-03-10 13:21:39.081,-1.0454263953676965e-05,43.58594251635893,
2025-03-10 13:21:39.100,-1.0180321558693585e-05,54.72068890791301,
2025-03-10 13:21:39.120,-1.0833717645351896e-05,63.05964701088861,
2025-03-10 13:21:39.139,-1.338496821341304e-05,68.17234889917978,
2025-03-10 13:21:39.159,-1.6881871746263293e-05,69.89069505936145,
2025-03-10 13:21:39.179,-1.808079233647598e-05,68.3173019075891,
2025-03-10 13:21:39.198,-1.2330958501255083e-05,63.80797975237624,
2025-03-10 13:21:39.218,4.430613338531085e-06,56.92989680641235,
2025-03-10 13:21:39.237,3.3494979066138365e-05,48.39863947081951,
2025-03-10 13:21:39.257,7.221433041263388e-05,38.999815852360975,
2025-03-10 13:21:39.276,0.0001145200643957,29.50367169191696,
2025-03-10 13:21:39.296,0.000152795724955,20.58342492199274,
2025-03-10 13:21:39.315,0.0001800695537921,12.74862694659787,
2025-03-10 13:21:39.335,0.0001915748322928,6.303213996050143,
2025-03-10 13:21:39.354,0.0001854030158892,1.3341194493557205,
2025-03-10 13:21:39.374,0.0001625654615307,-2.268874815753947,
2025-03-10 13:21:39.393,0.0001267962928858,-4.766845256364124,
2025-03-10 13:21:39.413,8.403079973685337e-05,-6.508368882876653,
2025-03-10 13:21:39.432,4.12715467320914e-05,-7.861176331554005,
2025-03-10 13:21:39.452,4.874970093517114e-06,-9.15111305499463,
2025-03-10 13:21:39.471,-2.111976654222196e-05,-10.618401308448234,
2025-03-10 13:21:39.491,-3.5775535556150977e-05,-12.396903591754072,
2025-03-10 13:21:39.511,-4.076894411977237e-05,-14.516814631780736,
2025-03-10 13:21:39.530,-3.902771345079196e-05,-16.926170117958712,
2025-03-10 13:21:39.550,-3.3327959824082486e-05,-19.52288533936608,
2025-03-10 13:21:39.569,-2.54316084982651e-05,-22.187511058847605,
2025-03-10 13:21:39.589,-1.573539580802853e-05,-24.807792672686624,
2025-03-10 13:21:39.608,-3.096810537357016e-06,-27.289157435504578,
2025-03-10 13:21:39.628,1.5223725887542796e-05,-29.5496608622854,
2025-03-10 13:21:39.647,4.311396300930911e-05,-31.502611769924712,
2025-03-10 13:21:39.667,8.427284142741888e-05,-33.03390569208197,
2025-03-10 13:21:39.686,0.0001402261244292,-33.98304526420732,
2025-03-10 13:21:39.706,0.0002086290582901,-34.13633034796382,
2025-03-10 13:21:39.725,0.0002828627913822,-33.23775046439173,
2025-03-10 13:21:39.745,0.0003532477605498,-31.01836361408076,
2025-03-10 13:21:39.764,0.0004093166682345,-27.23966280153509,
2025-03-10 13:21:39.784,0.0004422084098628,-21.742196134904724,
2025-03-10 13:21:39.804,0.0004465278500492,-14.488894224347574,
2025-03-10 13:21:39.823,0.0004215058491809,-5.593770487052951,
2025-03-10 13:21:39.843,0.0003714646687055,4.669580361633843,
2025-03-10 13:21:39.862,0.0003054172012873,15.880334964499404,
2025-03-10 13:21:39.882,0.0002355348695572,27.499918433401835,
2025-03-10 13:21:39.901,0.0001745643467678,38.91240524867791,
2025-03-10 13:21:39.921,0.0001328988582141,49.46955262421999,
2025-03-10 13:21:39.940,0.0001163550542414,58.53596128139291,
2025-03-10 13:21:39.960,0.0001253805296394,65.532328434897,
2025-03-10 13:21:39.979,0.0001556435401129,69.97657786188772,
2025-03-10 13:21:39.999,0.0001993858240848,71.52289322985723,
2025-03-10 13:21:40.018,0.0002469731230703,69.99718718053424,
2025-03-10 13:21:40.038,0.0002885264943704,65.42503039245416,
2025-03-10 13:21:40.057,0.0003157531923717,58.045903691384936,
2025-03-10 13:21:40.077,0.0003238007578239,48.3072457898852,
2025-03-10 13:21:40.097,0.0003124577333417,36.83392403907234,
2025-03-10 13:21:40.116,0.0002859561510058,24.373141196340363,
2025-03-10 13:21:40.136,0.0002512520803333,11.720128736653852,
2025-03-10 13:21:40.155,0.0002155297318,-0.3653790104137772,
2025-03-10 13:21:40.175,0.0001840674302917,-11.23928851747022,
2025-03-10 13:21:40.194,0.000159218520018,-20.437384250781573,
2025-03-10 13:21:40.214,0.0001404811789094,-27.71380049215736,
2025-03-10 13:21:40.233,0.0001251324505902,-33.04845240717713,
2025-03-10 13:21:40.253,0.0001090102072767,-36.62364851592898,
2025-03-10 13:21:40.272,8.744029394177214e-05,-38.77539832145261,
2025-03-10 13:21:40.292,5.6445162168672194e-05,-39.92896169114773,
2025-03-10 13:21:40.311,1.4026318332167447e-05,-40.53016398164216,
2025-03-10 13:21:40.331,-3.909837818581224e-05,-40.98357482384343,
2025-03-10 13:21:40.350,-9.981913106064082e-05,-41.6060287819676,
2025-03-10 13:21:40.370,-0.0001638661961804,-42.599876241824894,
2025-03-10 13:21:40.389,-0.0002271571460489,-44.04585155723928,
2025-03-10 13:21:40.409,-0.0002864946283517,-45.91166391983744,
2025-03-10 13:21:40.429,-0.0003395206470973,-48.07025604547065,
2025-03-10 13:21:40.448,-0.0003844816009385,-50.32154580817399,
2025-03-10 13:21:40.468,-0.000420355888389,-52.413160779043054,
2025-03-10 13:21:40.487,-0.0004472882098846,-54.05844361602797,
2025-03-10 13:21:40.507,-0.0004667350356863,-54.95278861378568,
2025-03-10 13:21:40.526,-0.0004808614783974,-54.79112977209096,
2025-03-10 13:21:40.546,-0.0004914341016785,-53.28944261310876,
2025-03-10 13:21:40.565,-0.0004989974323461,-50.21132568056513,
2025-03-10 13:21:40.585,-0.0005029190112938,-45.39765521096307,
2025-03-10 13:21:40.604,-0.0005021251729385,-38.79411851743712,
2025-03-10 13:21:40.624,-0.0004957883099191,-30.46955389846681,
2025-03-10 13:21:40.643,-0.000483405405329,-20.618598367116828,
2025-03-10 13:21:40.663,-0.0004644047095875,-9.545456866420317,
2025-03-10 13:21:40.682,-0.0004379004439935,2.3691901836263884,
2025-03-10 13:21:40.702,-0.0004030061678275,14.710791736685117,
2025-03-10 13:21:40.722,-0.0003594803202166,27.072242368230285,
2025-03-10 13:21:40.741,-0.0003081138422508,39.08300937852168,
2025-03-10 13:21:40.761,-0.0002505552402303,50.41878950563746,
2025-03-10 13:21:40.780,-0.0001888671037936,60.79084067130895,
2025-03-10 13:21:40.800,-0.000125354559759,69.9214103370596,
2025-03-10 13:21:40.819,-6.282869793425969e-05,77.5173717802449,
2025-03-10 13:21:40.839,-4.882912937106362e-06,83.25614538685042,
2025-03-10 13:21:40.858,4.438254726875285e-05,86.79515927964681,
2025-03-10 13:21:40.878,8.12708054154307e-05,87.80899689282005,
2025-03-10 13:21:40.897,0.000103491931209,86.04903927449463,
2025-03-10 13:21:40.917,0.0001106022343628,81.41182812027378,
2025-03-10 13:21:40.936,0.0001037497671867,73.99747255486339,
2025-03-10 13:21:40.956,8.521688592500654e-05,64.1399940090008,
2025-03-10 13:21:40.975,5.829678126968716e-05,52.39754275441136,
2025-03-10 13:21:40.995,2.7467501912963803e-05,39.50012962905626,
2025-03-10 13:21:41.014,-1.7232268972041526e-06,26.26300918838293,
2025-03-10 13:21:41.034,-2.354174549054417e-05,13.48218078478442,
2025-03-10 13:21:41.054,-3.350324973413945e-05,1.8325329441213825,
2025-03-10 13:21:41.073,-2.9552769769954085e-05,-8.211850688827862,
2025-03-10 13:21:41.093,-1.2296308043554991e-05,-16.421196096657713,
2025-03-10 13:21:41.112,1.5720346342219686e-05,-22.811600304891723,
2025-03-10 13:21:41.132,5.106746550592528e-05,-27.607662165984888,
2025-03-10 13:21:41.151,9.020006603227092e-05,-31.176277120260284,
2025-03-10 13:21:41.171,0.0001298382905809,-33.94566628591332,
2025-03-10 13:21:41.190,0.0001672959225809,-36.324236240982586,
2025-03-10 13:21:41.210,0.0002009779713284,-38.63157712158053,
2025-03-10 13:21:41.229,0.0002307753333523,-41.05000890942175,
2025-03-10 13:21:41.249,0.0002578357828355,-43.60084904689775,
2025-03-10 13:21:41.268,0.0002835675834126,-46.14592208126565,
2025-03-10 13:21:41.288,0.0003084330928444,-48.41213974915334,
2025-03-10 13:21:41.307,0.0003314004313565,-50.03510963669425,
2025-03-10 13:21:41.327,0.0003504531196687,-50.616261771643806,
2025-03-10 13:21:41.347,0.0003636956909081,-49.7865553063185,
2025-03-10 13:21:41.366,0.0003701506339654,-47.26844553010063,
2025-03-10 13:21:41.386,0.0003697388741926,-42.92692062989863,
2025-03-10 13:21:41.405,0.0003627505360003,-36.80080250739789,
2025-03-10 13:21:41.425,0.000349510469282,-29.10776878099771,
2025-03-10 13:21:41.444,0.0003305597722625,-20.22076932246168,
2025-03-10 13:21:41.464,0.000306988887245,-10.619003117109951,
2025-03-10 13:21:41.483,0.0002803412618232,-0.8221056697220638,
2025-03-10 13:21:41.503,0.0002519827035475,8.679795420621536,
2025-03-10 13:21:41.522,0.0002224666707794,17.486138497755388,
2025-03-10 13:21:41.542,0.0001915224783822,25.323889854448865,
2025-03-10 13:21:41.561,0.0001587219452595,32.05592268430302,
2025-03-10 13:21:41.581,0.0001242167650003,37.65899645069168,
2025-03-10 13:21:41.600,8.888091263994605e-05,42.17766935299018,
2025-03-10 13:21:41.620,5.3816248554048153e-05,45.666435370508005,
2025-03-10 13:21:41.640,1.9834711974937834e-05,48.13563115260397,
2025-03-10 13:21:41.659,-1.2474030085470688e-05,49.51620802653865,
2025-03-10 13:21:41.679,-4.213956231479527e-05,49.6541400027681,
2025-03-10 13:21:41.698,-6.734380889046434e-05,48.337867120801405,
2025-03-10 13:21:41.718,-8.56964704840221e-05,45.3534982274039,
2025-03-10 13:21:41.737,-9.517907217542116e-05,40.554790458776594,
2025-03-10 13:21:41.757,-9.509098751925907e-05,33.93034453652961,
2025-03-10 13:21:41.776,-8.639802719828836e-05,25.650354250658797,
2025-03-10 13:21:41.796,-7.147118991730991e-05,16.07969608278612,
2025-03-10 13:21:41.815,-5.366119323130572e-05,5.7519164516403,
2025-03-10 13:21:41.835,-3.70423627426313e-05,-4.692321843671695,
2025-03-10 13:21:41.854,-2.618603265512944e-05,-14.590815883106629,
2025-03-10 13:21:41.874,-2.557943548549827e-05,-23.35280591534427,
2025-03-10 13:21:41.893,-3.861215954926958e-05,-30.541446673498704,
2025-03-10 13:21:41.913,-6.661247033553069e-05,-35.930324931500245,
2025-03-10 13:21:41.932,-0.0001086109824765,-39.524047545324464,
2025-03-10 13:21:41.952,-0.0001620446517697,-41.54006786751974,
2025-03-10 13:21:41.972,-0.0002238732830234,-42.35618479889641,
2025-03-10 13:21:41.991,-0.0002912731799254,-42.43405782695858,
2025-03-10 13:21:42.011,-0.0003615069258405,-42.23257966995851,
2025-03-10 13:21:42.030,-0.0004313291344363,-42.1256661442424,
2025-03-10 13:21:42.050,-0.0004966498894128,-42.33728384491555,
2025-03-10 13:21:42.069,-0.0005528272531724,-42.903099975616506,
2025-03-10 13:21:42.089,-0.000595308453247,-43.66384220394728,
2025-03-10 13:21:42.108,-0.0006200828309824,-44.29094659619516,
2025-03-10 13:21:42.128,-0.0006237813820524,-44.34072453225754,
2025-03-10 13:21:42.147,-0.0006037864770263,-43.3293056275292,
2025-03-10 13:21:42.167,-0.0005587565426101,-40.81727632443958,
2025-03-10 13:21:42.186,-0.0004894262095659,-36.49072057231874,
2025-03-10 13:21:42.206,-0.0003989977133475,-30.224951934082743,
2025-03-10 13:21:42.225,-0.0002925468110858,-22.11918614863156,
2025-03-10 13:21:42.245,-0.0001756220986246,-12.49486328447018,
2025-03-10 13:21:42.265,-5.29222797974487e-05,-1.856712691760904,
2025-03-10 13:21:42.284,7.209933664836175e-05,9.17727293952334,
2025-03-10 13:21:42.304,0.000196615563282,19.964577953625543,
2025-03-10 13:21:42.323,0.000317483940958,29.929297652796954,
2025-03-10 13:21:42.343,0.0004307707708759,38.63856518350825,
2025-03-10 13:21:42.362,0.0005319309620661,45.84980258513587,
2025-03-10 13:21:42.382,0.0006162259470822,51.51996152822771,
2025-03-10 13:21:42.401,0.0006789780055102,55.77555867803664,
2025-03-10 13:21:42.421,0.0007157924945259,58.85049576072224,
2025-03-10 13:21:42.440,0.0007232153158123,61.00568255564053,
2025-03-10 13:21:42.460,0.0006999449791778,62.44873639155189,
2025-03-10 13:21:42.479,0.0006480024835707,63.27236888061343,
2025-03-10 13:21:42.499,0.0005729629328396,63.426133043600295,
2025-03-10 13:21:42.518,0.0004828687325077,62.728598609629614,
2025-03-10 13:21:42.538,0.0003863473277902,60.91732349704635,
2025-03-10 13:21:42.558,0.00029093317894,57.72450963085028,
2025-03-10 13:21:42.577,0.0002022592328769,52.95950410889479,
2025-03-10 13:21:42.597,0.0001240193523879,46.57732194696675,
2025-03-10 13:21:42.616,5.814775602429843e-05,38.715833393801326,
2025-03-10 13:21:42.636,4.878669451093841e-06,29.69226056579558,
2025-03-10 13:21:42.655,-3.71209435993312e-05,19.959895562428255,
2025-03-10 13:21:42.675,-7.018264625970611e-05,10.03564071581507,
2025-03-10 13:21:42.694,-9.668493753862938e-05,0.4155675070737263,
2025-03-10 13:21:42.714,-0.0001183002129718,-8.50230707211243,
2025-03-10 13:21:42.733,-0.0001360137014868,-16.4716012229943,
2025-03-10 13:21:42.753,-0.0001508437749038,-23.417557567124767,
2025-03-10 13:21:42.772,-0.0001645141205096,-29.42172726061431,
2025-03-10 13:21:42.792,-0.0001793206622164,-34.67740666445447,
2025-03-10 13:21:42.811,-0.0001971648494731,-39.42734378049579,
2025-03-10 13:21:42.831,-0.0002185062613538,-43.89739183689295,
2025-03-10 13:21:42.850,-0.0002420645072402,-48.23868763415342,
2025-03-10 13:21:42.870,-0.0002654165093645,-52.48746865101848,
2025-03-10 13:21:42.890,-0.0002858887332041,-56.54716474286091,
2025-03-10 13:21:42.909,-0.0003010589646532,-60.193215883413465,
2025-03-10 13:21:42.929,-0.0003087722214343,-63.09801610698406,
2025-03-10 13:21:42.948,-0.0003071622722582,-64.87163588888963,
2025-03-10 13:21:42.968,-0.0002951154846167,-65.11314336270529,
2025-03-10 13:21:42.987,-0.0002729944863138,-63.46682998955713,
2025-03-10 13:21:43.007,-0.0002429549179453,-59.67703263825433,
2025-03-10 13:21:43.026,-0.0002083977081927,-53.63457074427623,
2025-03-10 13:21:43.046,-0.0001728203382898,-45.40761223178116,
2025-03-10 13:21:43.065,-0.0001388364501835,-35.25079920129774,
2025-03-10 13:21:43.085,-0.0001079113867449,-23.589206036000142,
2025-03-10 13:21:43.104,-8.065369103723346e-05,-10.977993261932555,
2025-03-10 13:21:43.124,-5.7055559525013495e-05,1.9564743009285663,
2025-03-10 13:21:43.143,-3.634269609134458e-05,14.584125762720056,
2025-03-10 13:21:43.163,-1.6746932521706496e-05,26.33525929450552,
2025-03-10 13:21:43.183,4.2038541235068e-06,36.74979760769013,
2025-03-10 13:21:43.202,2.8729736395803516e-05,45.50370788235608,
2025-03-10 13:21:43.222,5.774553492189179e-05,52.40993411757306,
2025-03-10 13:21:43.241,9.04865856278138e-05,57.39724257668871,
2025-03-10 13:21:43.261,0.000125029705403,60.47556778478677,
2025-03-10 13:21:43.280,0.0001591517994235,61.69931015456956,
2025-03-10 13:21:43.300,0.0001907650996321,61.139645915982015,
2025-03-10 13:21:43.319,0.0002177266535751,58.87325420029349,
2025-03-10 13:21:43.339,0.0002375395882468,54.989003628722095,
2025-03-10 13:21:43.358,0.0002475946166328,49.60794274387545,
2025-03-10 13:21:43.378,0.0002460271442538,42.90744395306682,
2025-03-10 13:21:43.397,0.0002325952194925,35.13898792415644,
2025-03-10 13:21:43.417,0.0002088992677182,26.631130931503385,
2025-03-10 13:21:43.436,0.0001778388870979,17.773790540422905,
2025-03-10 13:21:43.456,0.0001428360501341,8.985508040416585,
2025-03-10 13:21:43.475,0.0001073976234948,0.670098309859423,
2025-03-10 13:21:43.495,7.50288158581251e-05,-6.828178675751762,
2025-03-10 13:21:43.515,4.89904267737261e-05,-13.261626063774152,
2025-03-10 13:21:43.534,3.153203550816973e-05,-18.501180051401874,
2025-03-10 13:21:43.554,2.2925031083416455e-05,-22.54016736053312,
2025-03-10 13:21:43.573,2.11160269535915e-05,-25.480596431431582,
2025-03-10 13:21:43.593,2.252631070945065e-05,-27.50640630653351,
2025-03-10 13:21:43.612,2.3641103068203308e-05,-28.85014942634972,
2025-03-10 13:21:43.632,2.2382559295806263e-05,-29.759705631479623,
2025-03-10 13:21:43.651,1.8463918130946934e-05,-30.470004349758423,
2025-03-10 13:21:43.671,1.2780734349007043e-05,-31.18206479436196,
2025-03-10 13:21:43.690,6.580289680368819e-06,-32.048896034179776,
2025-03-10 13:21:43.710,1.0419234497285044e-06,-33.165834989314135,
2025-03-10 13:21:43.729,-2.781009855762725e-06,-34.56235453625063,
2025-03-10 13:21:43.749,-4.161881385988e-06,-36.19340133521301,
2025-03-10 13:21:43.768,-3.2767450405648785e-06,-37.93056974608811,
2025-03-10 13:21:43.788,-1.7351462083721226e-06,-39.5560923930123,
2025-03-10 13:21:43.808,-2.406053654406776e-06,-40.76468109497492,
2025-03-10 13:21:43.827,-8.39656871004574e-06,-41.17867383568262,
2025-03-10 13:21:43.847,-2.180933441510589e-05,-40.38014294837055,
2025-03-10 13:21:43.866,-4.311215263779937e-05,-37.9597563829632,
2025-03-10 13:21:43.886,-7.136371467316241e-05,-33.57725798606659,
2025-03-10 13:21:43.905,-0.0001047507562867,-27.02401982481558,
2025-03-10 13:21:43.925,-0.000140708289722,-18.27580874760913,
2025-03-10 13:21:43.944,-0.0001754949068428,-7.524660630831594,
2025-03-10 13:21:43.964,-0.000203861638806,4.817526085507743,
2025-03-10 13:21:43.983,-0.0002196013275479,18.145506291784063,
2025-03-10 13:21:44.003,-0.0002171246872072,31.71341106229326,
2025-03-10 13:21:44.022,-0.0001933727693998,44.70540592291839,
2025-03-10 13:21:44.042,-0.0001491002906572,56.313884868650746,
2025-03-10 13:21:44.061,-8.90401745921237e-05,65.81497261286593,
2025-03-10 13:21:44.081,-2.1161774474403228e-05,72.63297474965596,
2025-03-10 13:21:44.101,4.450667573364095e-05,76.3880569161386,
2025-03-10 13:21:44.120,9.73091964388152e-05,76.924013645709,
2025-03-10 13:21:44.140,0.0001277634564805,74.31504546681894,
2025-03-10 13:21:44.159,0.0001296564677023,68.85198188105434,
2025-03-10 13:21:44.179,0.0001018186625789,61.00964378182179,
2025-03-10 13:21:44.198,4.8704661610816696e-05,51.39833923371316,
2025-03-10 13:21:44.218,-2.0648810619373847e-05,40.70393777186052,
2025-03-10 13:21:44.237,-9.485219336318956e-05,29.62239103852296,
2025-03-10 13:21:44.257,-0.0001625777361965,18.795599202669745,
2025-03-10 13:21:44.276,-0.0002143507098562,8.755813358945765,
2025-03-10 13:21:44.296,-0.000243600999394,-0.1148924444859358,
2025-03-10 13:21:44.315,-0.000247340994347,-7.60520056122665,
2025-03-10 13:21:44.335,-0.0002266745675919,-13.67286935415692,
2025-03-10 13:21:44.354,-0.0001868244797062,-18.42171137485131,
2025-03-10 13:21:44.374,-0.0001361796276829,-22.06157013190749,
2025-03-10 13:21:44.393,-8.433942771037357e-05,-24.858586223934942,
2025-03-10 13:21:44.413,-3.986253917546645e-05,-27.084810100123025,
2025-03-10 13:21:44.433,-8.678940572807315e-06,-28.976246680195008,
2025-03-10 13:21:44.452,6.390900489255712e-06,-30.70649559468188,
2025-03-10 13:21:44.472,5.373875324305161e-06,-32.379526447025945,
2025-03-10 13:21:44.491,-9.164775803896132e-06,-34.04052886887099,
2025-03-10 13:21:44.511,-3.2200474360519286e-05,-35.699294510441554,
2025-03-10 13:21:44.530,-5.6494850998592414e-05,-37.35740132412816,
2025-03-10 13:21:44.550,-7.358579769318991e-05,-39.02949256157231,
2025-03-10 13:21:44.569,-7.557409004849524e-05,-40.75053910314996,
2025-03-10 13:21:44.589,-5.7060152056484e-05,-42.56484712581993,
2025-03-10 13:21:44.608,-1.6415731017998218e-05,-44.49783613241055,
2025-03-10 13:21:44.628,4.394083613209453e-05,-46.51700201321011,
2025-03-10 13:21:44.647,0.000118002800892,-48.49264091018036,
2025-03-10 13:21:44.667,0.0001969829763445,-50.17068690725405,
2025-03-10 13:21:44.686,0.0002704472081451,-51.168731109679335,
2025-03-10 13:21:44.706,0.0003280400306196,-51.00196879791628,
2025-03-10 13:21:44.726,0.0003618047688077,-49.13930429220673,
2025-03-10 13:21:44.745,0.0003684228540197,-45.08266441794012,
2025-03-10 13:21:44.765,0.0003502921630396,-38.45657703257923,
2025-03-10 13:21:44.784,0.0003147686048361,-29.09185075528401,
2025-03-10 13:21:44.804,0.0002718944779623,-17.087543284110502,
2025-03-10 13:21:44.823,0.0002317155733498,-2.8390814392080754,
2025-03-10 13:21:44.843,0.0002022259814871,12.973728032963011,
2025-03-10 13:21:44.862,0.0001882559104374,29.43848530823342,
2025-03-10 13:21:44.882,0.0001909911881467,45.495524087287,
2025-03-10 13:21:44.901,0.0002078286244734,60.04599658602303,
2025-03-10 13:21:44.921,0.0002327337274394,72.06909648118803,
2025-03-10 13:21:44.940,0.000257495327225,80.73361727259105,
2025-03-10 13:21:44.960,0.0002738594014201,85.48947960039415,
2025-03-10 13:21:44.979,0.0002758024181403,86.12697602288543,
2025-03-10 13:21:44.999,0.0002609072022076,82.79533191660168,
2025-03-10 13:21:45.019,0.0002303002114546,75.9775831194344,
2025-03-10 13:21:45.038,0.0001875048228541,66.42509310832622,
2025-03-10 13:21:45.058,0.0001370872243724,55.061190887018704,
2025-03-10 13:21:45.077,8.373187382684308e-05,42.868139590889385,
2025-03-10 13:21:45.097,3.1744112056249736e-05,30.773920317781112,
2025-03-10 13:21:45.116,-1.5368145689729475e-05,19.554701599984583,
2025-03-10 13:21:45.136,-5.535741854067924e-05,9.76562704493312,
2025-03-10 13:21:45.155,-8.746807202022283e-05,1.7074939130411344,
2025-03-10 13:21:45.175,-0.0001121498193928,-4.568966303628474,
2025-03-10 13:21:45.194,-0.0001304295829611,-9.225201890640514,
2025-03-10 13:21:45.214,-0.0001435500221252,-12.572121749346282,
2025-03-10 13:21:45.233,-0.0001533281723857,-14.994545631250508,
2025-03-10 13:21:45.253,-0.000162966230165,-16.876059695861244,
2025-03-10 13:21:45.272,-0.0001774194813314,-18.53653868099725,
2025-03-10 13:21:45.292,-0.0002025543935837,-20.191553486352085,
2025-03-10 13:21:45.311,-0.0002431749032137,-21.938311809263947,
2025-03-10 13:21:45.331,-0.0003008280794917,-23.767546292965648,
2025-03-10 13:21:45.351,-0.0003724241857274,-25.59588017417465,
2025-03-10 13:21:45.370,-0.0004501342249924,-27.309589294493996,
2025-03-10 13:21:45.390,-0.0005223973169364,-28.80898480916432,
2025-03-10 13:21:45.409,-0.0005757050746181,-30.043108017659748,
2025-03-10 13:21:45.429,-0.0005970174776654,-31.0268732508505,
2025-03-10 13:21:45.448,-0.000576691180497,-31.836666794467927,
2025-03-10 13:21:45.468,-0.000511400066295,-32.58494689351229,
2025-03-10 13:21:45.487,-0.0004060217556823,-33.37879804012168,
2025-03-10 13:21:45.507,-0.0002734670297426,-34.27097348702954,
2025-03-10 13:21:45.526,-0.0001322015434793,-35.21415809258388,
2025-03-10 13:21:45.546,-2.303022410576114e-06,-36.02959464349007,
2025-03-10 13:21:45.565,9.851395146631423e-05,-36.39960222004745,
2025-03-10 13:21:45.585,0.0001578306541876,-35.88986715896828,
2025-03-10 13:21:45.604,0.0001702282615014,-34.00205842363378,
2025-03-10 13:21:45.624,0.0001381130776527,-30.25114522848282,
2025-03-10 13:21:45.644,7.176460672712445e-05,-24.25604853009948,
2025-03-10 13:21:45.663,-1.1853129825676432e-05,-15.828338847355212,
2025-03-10 13:21:45.683,-9.20168845744294e-05,-5.042652753469799,
2025-03-10 13:21:45.702,-0.0001486497804664,7.725342706752306,
2025-03-10 13:21:45.722,-0.00016697832659,21.80275192534689,
2025-03-10 13:21:45.741,-0.0001408555902008,36.26782987274324,
2025-03-10 13:21:45.761,-7.371237708838549e-05,50.038787288509646,
2025-03-10 13:21:45.780,2.2890492082476996e-05,61.99246540943504,
2025-03-10 13:21:45.800,0.0001323494626479,71.09725826412355,
2025-03-10 13:21:45.819,0.0002367825650126,76.54158545894583,
2025-03-10 13:21:45.839,0.0003207075887941,77.83872340837546,
2025-03-10 13:21:45.858,0.0003740404929651,74.89133084770562,
2025-03-10 13:21:45.878,0.0003937856607113,68.00459972290284,
2025-03-10 13:21:45.897,0.0003838363064177,57.84499018134378,
2025-03-10 13:21:45.917,0.0003528105084141,45.35057155654274,
2025-03-10 13:21:45.936,0.0003107258715608,31.607210479133997,
2025-03-10 13:21:45.956,0.0002659244419857,17.710428790841657,
2025-03-10 13:21:45.976,0.0002234173097843,4.634560180200174,
2025-03-10 13:21:45.995,0.0001848650567654,-6.871326522599698,
2025-03-10 13:21:46.015,0.0001495365488923,-16.34671666761559,
2025-03-10 13:21:46.034,0.0001154535330353,-23.63562295396497,
2025-03-10 13:21:46.054,8.041520580573271e-05,-28.856809126188462,
2025-03-10 13:21:46.073,4.30120256385676e-05,-32.337162536242744,
2025-03-10 13:21:46.093,3.606559197632616e-06,-34.52254789126605,
2025-03-10 13:21:46.112,-3.517887007324136e-05,-35.88321180865503,
2025-03-10 13:21:46.132,-6.902375244874405e-05,-36.83048156360981,
2025-03-10 13:21:46.151,-9.351346377448328e-05,-37.65825650568341,
2025-03-10 13:21:46.171,-0.0001059745178599,-38.51728715045877,
2025-03-10 13:21:46.190,-0.0001064604855449,-39.42353903392576,
2025-03-10 13:21:46.210,-9.74077193878796e-05,-40.29530635738346,
2025-03-10 13:21:46.229,-8.243896439664911e-05,-41.00838525703279,
2025-03-10 13:21:46.249,-6.523688359363796e-05,-41.455473534364856,
2025-03-10 13:21:46.269,-4.899549241195218e-05,-41.595533477629225,
2025-03-10 13:21:46.288,-3.62160272600243e-05,-41.48115406396995,
2025-03-10 13:21:46.308,-2.834701271316813e-05,-41.25656418278312,
2025-03-10 13:21:46.327,-2.520000027269547e-05,-41.125117184398704,
2025-03-10 13:21:46.347,-2.466807691635155e-05,-41.29175052234801,
2025-03-10 13:21:46.366,-2.333178704898684e-05,-41.891906155557166,
2025-03-10 13:21:46.386,-1.791378604948743e-05,-42.922453492474354,
2025-03-10 13:21:46.405,-6.816863594005965e-06,-44.19127935938442,
2025-03-10 13:21:46.425,9.141131894108302e-06,-45.29983719349706,
2025-03-10 13:21:46.444,2.7093759274138e-05,-45.667179860316594,
2025-03-10 13:21:46.464,4.317506586761937e-05,-44.595771390386055,
2025-03-10 13:21:46.483,5.361877400625436e-05,-41.37045442724782,
2025-03-10 13:21:46.503,5.561819928884859e-05,-35.37460076068358,
2025-03-10 13:21:46.522,4.804259862811491e-05,-26.2037099799503,
2025-03-10 13:21:46.542,3.2051321440350325e-05,-13.757481912516404,
2025-03-10 13:21:46.562,1.1252817210320266e-05,1.7039901661805683,
2025-03-10 13:21:46.581,-9.101084476510476e-06,19.54780860781416,
2025-03-10 13:21:46.601,-2.391730549042481e-05,38.8015813588125,
2025-03-10 13:21:46.620,-3.0274909491519967e-05,58.23011195471161,
2025-03-10 13:21:46.640,-2.8483714245474496e-05,76.44998799098371,
2025-03-10 13:21:46.659,-2.1558356029206777e-05,92.07303397130642,
2025-03-10 13:21:46.679,-1.3563109501464298e-05,103.8646061042721,
2025-03-10 13:21:46.698,-7.979086558872699e-06,110.89694623497932,
2025-03-10 13:21:46.718,-6.954795121965362e-06,112.6736773724203,
2025-03-10 13:21:46.737,-1.13810619505645e-05,109.2019960467097,
2025-03-10 13:21:46.757,-2.1114468800918686e-05,100.995954362659,
2025-03-10 13:21:46.776,-3.488374194665776e-05,89.0066082149759,
2025-03-10 13:21:46.796,-5.008450672189211e-05,74.48944849936558,
2025-03-10 13:21:46.815,-6.30192239434263e-05,58.83215875582998,
2025-03-10 13:21:46.835,-6.980195641425167e-05,43.372918418659054,
2025-03-10 13:21:46.854,-6.750518370082874e-05,29.23972107253456,
2025-03-10 13:21:46.874,-5.488306505880126e-05,17.23511765685562,
2025-03-10 13:21:46.894,-3.242885097512828e-05,7.780523229159579,
2025-03-10 13:21:46.913,-2.150356327658931e-06,0.9224452531514166,
2025-03-10 13:21:46.933,3.241731774721132e-05,-3.6077676389466906,
2025-03-10 13:21:46.952,6.596340323588346e-05,-6.296944703000423,
2025-03-10 13:21:46.972,9.152976855582597e-05,-7.736225270474264,
2025-03-10 13:21:46.991,0.0001016269189412,-8.510769264813593,
2025-03-10 13:21:47.011,9.025196980914843e-05,-9.110253044635815,
2025-03-10 13:21:47.030,5.495835694190421e-05,-9.871716788262535,
2025-03-10 13:21:47.050,-2.0029946557015787e-06,-10.959515995425113,
2025-03-10 13:21:47.069,-7.385550840203907e-05,-12.380365938164362,
2025-03-10 13:21:47.089,-0.0001504305845797,-14.02581197738343,
2025-03-10 13:21:47.108,-0.0002196881704574,-15.73066119670696,
2025-03-10 13:21:47.128,-0.0002693877495074,-17.334334999165367,
2025-03-10 13:21:47.147,-0.0002890138654827,-18.732725706233296,
2025-03-10 13:21:47.167,-0.0002718975671671,-19.910630246807163,
2025-03-10 13:21:47.187,-0.0002169499324322,-20.948668771725576,
2025-03-10 13:21:47.206,-0.0001291782232138,-22.00319234767708,
2025-03-10 13:21:47.226,-1.861269617954886e-05,-23.262488092580703,
2025-03-10 13:21:47.245,0.0001018562806263,-24.88708963183626,
2025-03-10 13:21:47.265,0.0002186946766562,-26.945658573094228,
2025-03-10 13:21:47.284,0.0003192379817876,-29.360089140335408,
2025-03-10 13:21:47.304,0.0003925555548756,-31.87351710467988,
2025-03-10 13:21:47.323,0.0004302644977392,-34.05223753168719,
2025-03-10 13:21:47.343,0.0004276547717197,-35.32704804094483,
2025-03-10 13:21:47.362,0.0003847770627124,-35.07185656078009,
2025-03-10 13:21:47.382,0.0003067649039074,-32.70897097952225,
2025-03-10 13:21:47.401,0.000203053303037,-27.82336279776384,
2025-03-10 13:21:47.421,8.590254600552747e-05,-20.264415570115737,
2025-03-10 13:21:47.440,-3.108605542367642e-05,-10.214525277520949,
2025-03-10 13:21:47.460,-0.0001342450492469,1.7906140913181958,
2025-03-10 13:21:47.480,-0.0002112852260592,14.896508357022082,
2025-03-10 13:21:47.499,-0.0002532224429352,28.015846541437977,
2025-03-10 13:21:47.519,-0.0002563708116412,39.95394763057765,
2025-03-10 13:21:47.538,-0.0002233941712983,49.55538473421228,
2025-03-10 13:21:47.558,-0.0001626496585744,55.85028421272624,
2025-03-10 13:21:47.577,-8.599799160442865e-05,58.17867704527027,
2025-03-10 13:21:47.597,-6.096547322700928e-06,56.27415086507953,
2025-03-10 13:21:47.616,6.575533070516059e-05,50.29377223993129,
2025-03-10 13:21:47.636,0.0001208370422976,40.7893976690356,
2025-03-10 13:21:47.655,0.0001536333007509,28.625020040749483,
2025-03-10 13:21:47.675,0.0001623068187802,14.853977684598728,
2025-03-10 13:21:47.694,0.0001489709722219,0.5766862538737757,
2025-03-10 13:21:47.714,0.0001192892999478,-13.197569323684457,
2025-03-10 13:21:47.733,8.112619005526946e-05,-25.66299020802678,
2025-03-10 13:21:47.753,4.266270748042573e-05,-36.287858981994766,
2025-03-10 13:21:47.772,1.0850275809604322e-05,-44.83604561982212,
2025-03-10 13:21:47.792,-9.234009820905989e-06,-51.34140632674456,
2025-03-10 13:21:47.812,-1.4373647940929852e-05,-56.04517405849675,
2025-03-10 13:21:47.831,-3.268090883458817e-06,-59.3118940989962,
2025-03-10 13:21:47.851,2.294878382614717e-05,-61.54146949831982,
2025-03-10 13:21:47.870,6.012150451391916e-05,-63.09339742357029,
2025-03-10 13:21:47.890,0.0001012276994247,-64.23490832908307,
2025-03-10 13:21:47.909,0.0001376952401526,-65.11859565686497,
2025-03-10 13:21:47.929,0.0001614679441358,-65.78866733287548,
2025-03-10 13:21:47.948,0.0001668926071822,-66.20955243381532,
2025-03-10 13:21:47.968,0.0001517338668839,-66.30725489061798,
2025-03-10 13:21:47.987,0.0001172974926218,-66.01290299062019,
2025-03-10 13:21:48.007,6.806048930227824e-05,-65.29905999030908,
2025-03-10 13:21:48.026,1.1022865793020616e-05,-64.20176694435226,
2025-03-10 13:21:48.046,-4.542653283921213e-05,-62.82417975581553,
2025-03-10 13:21:48.065,-9.334465619135138e-05,-61.32053369223608,
2025-03-10 13:21:48.085,-0.00012739162473,-59.86192227760962,
2025-03-10 13:21:48.105,-0.0001463134360664,-58.58817290139279,
2025-03-10 13:21:48.124,-0.0001528577824002,-57.55304068797221,
2025-03-10 13:21:48.144,-0.0001521477340247,-56.67276439140363,
2025-03-10 13:21:48.163,-0.0001495225044274,-55.68999366834096,
2025-03-10 13:21:48.183,-0.0001490412945013,-54.16515629753584,
2025-03-10 13:21:48.202,-0.0001531020757347,-51.504546012993785,
2025-03-10 13:21:48.222,-0.0001626907989915,-47.02846363638319,
2025-03-10 13:21:48.241,-0.0001775211750746,-40.074350520648615,
2025-03-10 13:21:48.261,-0.0001958772464282,-30.120810264687023,
2025-03-10 13:21:48.280,-0.0002146247740028,-16.91117405926567,
2025-03-10 13:21:48.300,-0.000229870734578,-0.5521147571118991,
2025-03-10 13:21:48.319,-0.0002381297946284,18.43498074037096,
2025-03-10 13:21:48.339,-0.0002373027421625,39.12483601338745,
2025-03-10 13:21:48.358,-0.000226897246379,60.265359648320754,
2025-03-10 13:21:48.378,-0.0002076063394336,80.41284599166305,
2025-03-10 13:21:48.397,-0.0001808986050149,98.1060808955036,
2025-03-10 13:21:48.417,-0.0001491103994144,112.05213818992884,
2025-03-10 13:21:48.437,-0.0001158278617253,121.29333875781862,
2025-03-10 13:21:48.456,-8.583774330083586e-05,125.32721464286658,
2025-03-10 13:21:48.476,-6.417318751379885e-05,124.15948948835182,
2025-03-10 13:21:48.495,-5.457281803589719e-05,118.28283046130942,
2025-03-10 13:21:48.515,-5.822656680696848e-05,108.58867207788576,
2025-03-10 13:21:48.534,-7.34715580739264e-05,96.23191690690628,
2025-03-10 13:21:48.554,-9.6390732754294e-05,82.47523156359495,
2025-03-10 13:21:48.573,-0.0001217786897979,68.53939209069716,
2025-03-10 13:21:48.593,-0.0001440713909548,55.479879654190725,
2025-03-10 13:21:48.612,-0.0001582908600903,44.10090229784959,
2025-03-10 13:21:48.632,-0.0001612097883825,34.909705135625366,
2025-03-10 13:21:48.651,-0.0001525425141481,28.10857012699204,
2025-03-10 13:21:48.671,-0.000135450452071,23.619419069467043,
2025-03-10 13:21:48.690,-0.000115692140985,21.134990521767087,
2025-03-10 13:21:48.710,-9.951666952250084e-05,20.18948562008149,
2025-03-10 13:21:48.730,-9.129207217917592e-05,20.2397111381812,
2025-03-10 13:21:48.749,-9.207199875724148e-05,20.74578909932448,
2025-03-10 13:21:48.769,-9.963715246218404e-05,21.239828997454214,
2025-03-10 13:21:48.788,-0.0001096154393802,21.372635148596896,
2025-03-10 13:21:48.808,-0.0001168793269107,20.93266476524933,
2025-03-10 13:21:48.827,-0.000116734918285,19.83716841664464,
2025-03-10 13:21:48.847,-0.0001059341427662,18.10120795533951,
2025-03-10 13:21:48.866,-8.362920502091879e-05,15.794485787894796,
2025-03-10 13:21:48.886,-5.198984533129187e-05,12.997565705412187,
2025-03-10 13:21:48.905,-1.5893708362413528e-05,9.767873125616118,
2025-03-10 13:21:48.925,1.8573231937934343e-05,6.12240037314735,
2025-03-10 13:21:48.944,4.625156123017586e-05,2.0394122708568934,
2025-03-10 13:21:48.964,6.456596945866557e-05,-2.5231267236012163,
2025-03-10 13:21:48.983,7.388149560896289e-05,-7.598217476626705,
2025-03-10 13:21:49.003,7.666109090882482e-05,-13.177337697447028,
2025-03-10 13:21:49.023,7.626196816424725e-05,-19.182759565014493,
2025-03-10 13:21:49.042,7.613129394762166e-05,-25.45125318674477,
2025-03-10 13:21:49.062,7.948065737354928e-05,-31.733129978379974,
2025-03-10 13:21:49.081,8.900507238801159e-05,-37.70720690444308,
2025-03-10 13:21:49.101,0.00010636262835,-43.00883882708265,
2025-03-10 13:21:49.120,0.0001316792788634,-47.26554546074616,
2025-03-10 13:21:49.140,0.0001636100216832,-50.13383165567944,
2025-03-10 13:21:49.159,0.0002001259883479,-51.332028107773134,
2025-03-10 13:21:49.179,0.0002395492210389,-50.66693154878224,
2025-03-10 13:21:49.198,0.000281099029279,-48.05523941553415,
2025-03-10 13:21:49.218,0.0003246445969694,-43.54229771732916,
2025-03-10 13:21:49.237,0.0003700542633739,-37.47398589996481,
2025-03-10 13:21:49.257,0.0004167838112835,-31.36770979986015,
2025-03-10 13:21:49.276,0.0004639286452654,-25.69905404747575,
2025-03-10 13:21:49.296,0.0005103690366892,-21.05153456852021,
2025-03-10 13:21:49.315,0.0005545363519027,-18.04253175037277,
2025-03-10 13:21:49.335,0.0005938553632387,-17.227198281860094,
2025-03-10 13:21:49.355,0.0006245019840735,-18.997234279800477,
2025-03-10 13:21:49.374,0.0006420722413605,-23.49516695248237,
2025-03-10 13:21:49.394,0.000643038321841,-30.563599293676702,
2025-03-10 13:21:49.413,0.0006261448541252,-39.742613964704645,
2025-03-10 13:21:49.433,0.0005928883154877,-50.318587388909776,
2025-03-10 13:21:49.452,0.0005469444631634,-61.41671682420753,
2025-03-10 13:21:49.472,0.00049315948419,-72.12045782495133,
2025-03-10 13:21:49.491,0.0004367934403621,-81.59595902792668,
2025-03-10 13:21:49.511,0.0003831094989439,-89.19933668292707,
2025-03-10 13:21:49.530,0.0003368370328474,-94.5488334711011,
2025-03-10 13:21:49.550,0.0003011466308074,-97.55124298878128,
2025-03-10 13:21:49.569,0.0002764637848333,-98.3807731983936,
2025-03-10 13:21:49.589,0.0002599650157588,-97.41711587593392,
2025-03-10 13:21:49.608,0.0002463383138885,-95.15644339855572,
2025-03-10 13:21:49.628,0.0002295351586532,-92.1132267714529,
2025-03-10 13:21:49.648,0.0002045807248563,-88.73144363820741,
2025-03-10 13:21:49.667,0.0001686230571667,-85.3208143244877,
2025-03-10 13:21:49.687,0.0001211001284579,-82.02779168433058,
2025-03-10 13:21:49.706,6.346622952787603e-05,-78.84343575138809,
2025-03-10 13:21:49.726,-1.142518986930366e-06,-75.64272037675343,
2025-03-10 13:21:49.745,-6.83937308400774e-05,-72.24389234092236,
2025-03-10 13:21:49.765,-0.0001337152248536,-68.47339359015575,
2025-03-10 13:21:49.784,-0.00019368109447,-64.2219810475707,
2025-03-10 13:21:49.804,-0.0002472076854025,-59.48071024082501,
2025-03-10 13:21:49.823,-0.000295846941104,-54.3505116062762,
2025-03-10 13:21:49.843,-0.0003430775844511,-49.025005514535074,
2025-03-10 13:21:49.862,-0.0003932556006731,-43.751728119069,
2025-03-10 13:21:49.882,-0.0004510225273935,-38.780973056970986,
2025-03-10 13:21:49.901,-0.0005213163758247,-34.313263681346946,
2025-03-10 13:21:49.921,-0.0006093294572279,-30.4558987426762,
2025-03-10 13:21:49.941,-0.000719617499656,-27.196535554647987,
2025-03-10 13:21:49.960,-0.0008542284276831,-24.39833307058442,
2025-03-10 13:21:49.980,-0.0010105389139041,-21.81782142830204,
2025-03-10 13:21:49.999,-0.0011797197478859,-19.144111089774302,
2025-03-10 13:21:50.019,-0.0013463202264944,-16.05638652320886,
2025-03-10 13:21:50.038,-0.0014889654486959,-12.295300291793032,
2025-03-10 13:21:50.058,-0.001582147672728,-7.742069820009218,
2025-03-10 13:21:50.077,-0.0015994236958634,-2.496242271121281,
2025-03-10 13:21:50.097,-0.0015183211374901,3.060505876498852,
2025-03-10 13:21:50.116,-0.0013264555089562,8.230262242938128,
2025-03-10 13:21:50.136,-0.0010271404540534,12.010780489417458,
2025-03-10 13:21:50.155,-0.0006421057332956,13.16579905635234,
2025-03-10 13:21:50.175,-0.0002095311471808,10.356827648843067,
